name,value,ticks
prediction_position_error_mm,0,100000
prediction_orientation_error_deg,0,100000
prediction_position_error_mm,0,200000
prediction_orientation_error_deg,0,200000
prediction_position_error_mm,0,300000
prediction_orientation_error_deg,0,300000
prediction_position_error_mm,0,400000
prediction_orientation_error_deg,0,400000
prediction_position_error_mm,0,500000
prediction_orientation_error_deg,0,500000
prediction_position_error_mm,0,600000
prediction_orientation_error_deg,0,600000
prediction_position_error_mm,0,700000
prediction_orientation_error_deg,0,700000
prediction_position_error_mm,1300.0091314315796,800000
prediction_orientation_error_deg,0,800000
prediction_position_error_mm,1300.0564575195312,900000
prediction_orientation_error_deg,0,900000
prediction_position_error_mm,1300.0564575195312,1000000
prediction_orientation_error_deg,0,1000000
prediction_position_error_mm,1300.0564575195312,1100000
prediction_orientation_error_deg,0,1100000
prediction_position_error_mm,1300.1103401184082,1200000
prediction_orientation_error_deg,0,1200000
owd_uplink_ms,35.5412,1300000
owd_downlink_ms,35.5413,1300000
correction_magnitude_mm,1300.0564575195312,912555
correction_magnitude_deg,0,912555
prediction_position_error_mm,9.983396157622337,1300000
prediction_orientation_error_deg,0,1300000
prediction_position_error_mm,9.983396157622337,1400000
prediction_orientation_error_deg,0,1400000
owd_uplink_ms,33.1334,1500000
owd_downlink_ms,50.8983,1500000
owd_uplink_ms,47.9585,1500000
owd_downlink_ms,53.2721,1500000
prediction_position_error_mm,19.953932613134384,1500000
prediction_orientation_error_deg,0,1500000
owd_uplink_ms,66.0084,1600000
owd_downlink_ms,62.6565,1600000
owd_uplink_ms,50.8616,1600000
owd_downlink_ms,70.8607,1600000
prediction_position_error_mm,29.90787848830223,1600000
prediction_orientation_error_deg,0,1600000
owd_uplink_ms,83.1254,1700000
owd_downlink_ms,71.595,1700000
owd_uplink_ms,41.374,1700000
owd_downlink_ms,41.9019,1700000
correction_magnitude_mm,9.983396157622337,1248456
correction_magnitude_deg,0,1248456
prediction_position_error_mm,19.924744963645935,1700000
prediction_orientation_error_deg,0,1700000
owd_uplink_ms,55.2764,1800000
owd_downlink_ms,23.6257,1800000
correction_magnitude_mm,9.97062399983406,1508892
correction_magnitude_deg,0,1508892
prediction_position_error_mm,19.888292998075485,1800000
prediction_orientation_error_deg,0,1800000
owd_uplink_ms,47.9671,1900000
owd_downlink_ms,37.4901,1900000
prediction_position_error_mm,24.846632033586502,1900000
prediction_orientation_error_deg,0,1900000
owd_uplink_ms,53.7055,2000000
owd_downlink_ms,65.8333,2000000
prediction_position_error_mm,29.79854680597782,2000000
prediction_orientation_error_deg,0,2000000
prediction_position_error_mm,29.79854680597782,2100000
prediction_orientation_error_deg,0,2100000
owd_uplink_ms,41.6844,2200000
owd_downlink_ms,56.5671,2200000
correction_magnitude_mm,9.954208508133888,1629558
correction_magnitude_deg,0,1629558
prediction_position_error_mm,29.727593064308167,2200000
prediction_orientation_error_deg,0,2200000
owd_uplink_ms,43.7069,2300000
owd_downlink_ms,38.286,2300000
correction_magnitude_mm,9.934172965586185,1822781
correction_magnitude_deg,0,1822781
prediction_position_error_mm,19.793689250946045,2300000
prediction_orientation_error_deg,0,2300000
owd_uplink_ms,53.3754,2400000
owd_downlink_ms,58.2354,2400000
prediction_position_error_mm,19.793689250946045,2400000
prediction_orientation_error_deg,0,2400000
owd_uplink_ms,36.0391,2500000
owd_downlink_ms,46.2024,2500000
prediction_position_error_mm,34.50516611337662,2500000
prediction_orientation_error_deg,0,2500000
owd_uplink_ms,42.642,2600000
owd_downlink_ms,68.2735,2600000
prediction_position_error_mm,34.50516611337662,2600000
prediction_orientation_error_deg,0,2600000
owd_uplink_ms,45.5365,2700000
owd_downlink_ms,52.4608,2700000
prediction_position_error_mm,29.553323984146118,2700000
prediction_orientation_error_deg,0,2700000
owd_uplink_ms,39.9479,2800000
owd_downlink_ms,21.9841,2800000
correction_magnitude_mm,29.553323984146118,2559797
correction_magnitude_deg,0,2559797
owd_uplink_ms,44.0803,2800000
owd_downlink_ms,25.4443,2800000
prediction_position_error_mm,9.780054911971092,2800000
prediction_orientation_error_deg,0,2800000
owd_uplink_ms,43.5685,2900000
owd_downlink_ms,61.6319,2900000
prediction_position_error_mm,9.780054911971092,2900000
prediction_orientation_error_deg,0,2900000
owd_uplink_ms,71.2211,3000000
owd_downlink_ms,35.1166,3000000
owd_uplink_ms,74.7028,3000000
owd_downlink_ms,50.5001,3000000
prediction_position_error_mm,9.780054911971092,3000000
prediction_orientation_error_deg,0,3000000
prediction_position_error_mm,29.211832210421562,3100000
prediction_orientation_error_deg,0,3100000
owd_uplink_ms,29.1729,3200000
owd_downlink_ms,64.1854,3200000
prediction_position_error_mm,29.211832210421562,3200000
prediction_orientation_error_deg,0,3200000
prediction_position_error_mm,29.211832210421562,3300000
prediction_orientation_error_deg,0,3300000
owd_uplink_ms,43.293,3400000
owd_downlink_ms,23.525,3400000
correction_magnitude_mm,29.211832210421562,3102752
correction_magnitude_deg,0,3102752
prediction_position_error_mm,9.645135141909122,3400000
prediction_orientation_error_deg,0,3400000
prediction_position_error_mm,9.645135141909122,3500000
prediction_orientation_error_deg,0,3500000
owd_uplink_ms,40.8435,3600000
owd_downlink_ms,67.2708,3600000
owd_uplink_ms,64.8058,3600000
owd_downlink_ms,54.9823,3600000
owd_uplink_ms,55.9844,3600000
owd_downlink_ms,46.3988,3600000
prediction_position_error_mm,14.44843877106905,3600000
prediction_orientation_error_deg,0,3600000
owd_uplink_ms,39.1909,3700000
owd_downlink_ms,27.208,3700000
correction_magnitude_mm,9.645135141909122,3396545
correction_magnitude_deg,0,3396545
prediction_position_error_mm,4.803340882062912,3700000
prediction_orientation_error_deg,0,3700000
owd_uplink_ms,63.8297,3800000
owd_downlink_ms,36.9626,3800000
prediction_position_error_mm,4.803340882062912,3800000
prediction_orientation_error_deg,0,3800000
owd_uplink_ms,37.6981,3900000
owd_downlink_ms,29.405,3900000
owd_uplink_ms,27.8847,3900000
owd_downlink_ms,77.1009,3900000
prediction_position_error_mm,14.327812008559704,3900000
prediction_orientation_error_deg,0,3900000
prediction_position_error_mm,19.074903801083565,4000000
prediction_orientation_error_deg,0,4000000
prediction_position_error_mm,28.523238375782967,4100000
prediction_orientation_error_deg,0,4100000
owd_uplink_ms,61.8634,4200000
owd_downlink_ms,67.5023,4200000
prediction_position_error_mm,28.523238375782967,4200000
prediction_orientation_error_deg,0,4200000
owd_uplink_ms,64.6043,4300000
owd_downlink_ms,26.5242,4300000
correction_magnitude_mm,19.074903801083565,3973565
correction_magnitude_deg,0,3973565
owd_uplink_ms,42.4378,4300000
owd_downlink_ms,41.152,4300000
prediction_position_error_mm,9.448655880987644,4300000
prediction_orientation_error_deg,0,4300000
prediction_position_error_mm,23.500952869653702,4400000
prediction_orientation_error_deg,0,4400000
prediction_position_error_mm,28.151175007224083,4500000
prediction_orientation_error_deg,0,4500000
owd_uplink_ms,61.2621,4600000
owd_downlink_ms,69.1522,4600000
prediction_position_error_mm,28.151175007224083,4600000
prediction_orientation_error_deg,0,4600000
owd_uplink_ms,70.8767,4700000
owd_downlink_ms,30.0568,4700000
correction_magnitude_mm,23.500952869653702,4330797
correction_magnitude_deg,0,4330797
owd_uplink_ms,24.9054,4700000
owd_downlink_ms,30.4072,4700000
prediction_position_error_mm,18.494682386517525,4700000
prediction_orientation_error_deg,0,4700000
owd_uplink_ms,40.7962,4800000
owd_downlink_ms,75.025,4800000
prediction_position_error_mm,18.494682386517525,4800000
prediction_orientation_error_deg,0,4800000
owd_uplink_ms,38.3997,4900000
owd_downlink_ms,72.8661,4900000
prediction_position_error_mm,18.494682386517525,4900000
prediction_orientation_error_deg,0,4900000
prediction_position_error_mm,18.494682386517525,5000000
prediction_orientation_error_deg,0,5000000
owd_uplink_ms,62.0577,5100000
owd_downlink_ms,41.0014,5100000
prediction_position_error_mm,13.844335451722145,5100000
prediction_orientation_error_deg,0,5100000
owd_uplink_ms,41.2561,5200000
owd_downlink_ms,59.4673,5200000
prediction_position_error_mm,18.422072753310204,5200000
prediction_orientation_error_deg,0,5200000
owd_uplink_ms,79.0985,5300000
owd_downlink_ms,68.7469,5300000
prediction_position_error_mm,41.01474955677986,5300000
prediction_orientation_error_deg,0,5300000
owd_uplink_ms,51.9033,5400000
owd_downlink_ms,64.9554,5400000
correction_magnitude_mm,13.844335451722145,4723362
correction_magnitude_deg,0,4723362
prediction_position_error_mm,27.171671390533447,5400000
prediction_orientation_error_deg,0,5400000
owd_uplink_ms,31.6529,5500000
owd_downlink_ms,69.8279,5500000
prediction_position_error_mm,27.171671390533447,5500000
prediction_orientation_error_deg,0,5500000
owd_uplink_ms,66.0922,5600000
owd_downlink_ms,58.8049,5600000
prediction_position_error_mm,27.171671390533447,5600000
prediction_orientation_error_deg,0,5600000
owd_uplink_ms,29.4649,5700000
owd_downlink_ms,27.7937,5700000
correction_magnitude_mm,27.171671390533447,5359880
correction_magnitude_deg,0,5359880
prediction_position_error_mm,17.698850482702255,5700000
prediction_orientation_error_deg,0,5700000
prediction_position_error_mm,17.698850482702255,5800000
prediction_orientation_error_deg,0,5800000
owd_uplink_ms,71.4158,5900000
owd_downlink_ms,58.9578,5900000
owd_uplink_ms,77.7762,5900000
owd_downlink_ms,36.6582,5900000
prediction_position_error_mm,22.068068385124207,5900000
prediction_orientation_error_deg,0,5900000
owd_uplink_ms,65.673,6000000
owd_downlink_ms,63.2445,6000000
prediction_position_error_mm,30.737213790416718,6000000
prediction_orientation_error_deg,0,6000000
prediction_position_error_mm,30.737213790416718,6100000
prediction_orientation_error_deg,0,6100000
owd_uplink_ms,52.0815,6200000
owd_downlink_ms,66.012,6200000
owd_uplink_ms,36.186,6200000
owd_downlink_ms,45.3149,6200000
correction_magnitude_mm,17.698850482702255,5718698
correction_magnitude_deg,0,5718698
owd_uplink_ms,77.4003,6200000
owd_downlink_ms,60.1618,6200000
prediction_position_error_mm,13.039123266935349,6200000
prediction_orientation_error_deg,0,6200000
prediction_position_error_mm,13.039123266935349,6300000
prediction_orientation_error_deg,0,6300000
owd_uplink_ms,26.1749,6400000
owd_downlink_ms,57.1171,6400000
prediction_position_error_mm,25.865638628602028,6400000
prediction_orientation_error_deg,0,6400000
prediction_position_error_mm,25.865638628602028,6500000
prediction_orientation_error_deg,0,6500000
owd_uplink_ms,41.8018,6600000
owd_downlink_ms,46.917,6600000
correction_magnitude_mm,13.039123266935349,6042222
correction_magnitude_deg,0,6042222
owd_uplink_ms,45.392,6600000
owd_downlink_ms,55.8877,6600000
owd_uplink_ms,74.4613,6600000
owd_downlink_ms,70.0966,6600000
owd_uplink_ms,80.7561,6600000
owd_downlink_ms,55.2754,6600000
prediction_position_error_mm,25.432245805859566,6600000
prediction_orientation_error_deg,0,6600000
owd_uplink_ms,34.088,6700000
owd_downlink_ms,59.9055,6700000
prediction_position_error_mm,25.432245805859566,6700000
prediction_orientation_error_deg,0,6700000
owd_uplink_ms,38.9419,6800000
owd_downlink_ms,34.828,6800000
correction_magnitude_mm,12.827040627598763,6445162
correction_magnitude_deg,0,6445162
prediction_position_error_mm,12.605763040482998,6800000
prediction_orientation_error_deg,0,6800000
prediction_position_error_mm,12.605763040482998,6900000
prediction_orientation_error_deg,0,6900000
owd_uplink_ms,55.5424,7000000
owd_downlink_ms,20.8463,7000000
correction_magnitude_mm,12.605763040482998,6701791
correction_magnitude_deg,0,6701791
prediction_position_error_mm,16.44834131002426,7000000
prediction_orientation_error_deg,0,7000000
prediction_position_error_mm,16.44834131002426,7100000
prediction_orientation_error_deg,0,7100000
owd_uplink_ms,65.2215,7200000
owd_downlink_ms,64.4607,7200000
owd_uplink_ms,45.3689,7200000
owd_downlink_ms,73.9025,7200000
owd_uplink_ms,28.9743,7200000
owd_downlink_ms,52.9448,7200000
prediction_position_error_mm,20.493999123573303,7200000
prediction_orientation_error_deg,0,7200000
prediction_position_error_mm,28.503404930233955,7300000
prediction_orientation_error_deg,0,7300000
prediction_position_error_mm,28.503404930233955,7400000
prediction_orientation_error_deg,0,7400000
owd_uplink_ms,61.6491,7500000
owd_downlink_ms,30.1894,7500000
correction_magnitude_mm,16.44834131002426,7127143
correction_magnitude_deg,0,7127143
owd_uplink_ms,30.7846,7500000
owd_downlink_ms,40.6694,7500000
prediction_position_error_mm,12.056075967848301,7500000
prediction_orientation_error_deg,0,7500000
owd_uplink_ms,38.739,7600000
owd_downlink_ms,51.3482,7600000
owd_uplink_ms,68.8786,7600000
owd_downlink_ms,63.9194,7600000
prediction_position_error_mm,16.019679605960846,7600000
prediction_orientation_error_deg,0,7600000
prediction_position_error_mm,16.019679605960846,7700000
prediction_orientation_error_deg,0,7700000
owd_uplink_ms,31.6284,7800000
owd_downlink_ms,40.7558,7800000
correction_magnitude_mm,12.056075967848301,7360469
correction_magnitude_deg,0,7360469
prediction_position_error_mm,15.686077997088432,7800000
prediction_orientation_error_deg,0,7800000
owd_uplink_ms,70.135,7900000
owd_downlink_ms,70.9306,7900000
prediction_position_error_mm,19.536204636096954,7900000
prediction_orientation_error_deg,0,7900000
owd_uplink_ms,42.6996,8000000
owd_downlink_ms,63.8381,8000000
prediction_position_error_mm,19.536204636096954,8000000
prediction_orientation_error_deg,0,8000000
owd_uplink_ms,70.3025,8100000
owd_downlink_ms,36.7701,8100000
prediction_position_error_mm,19.393857568502426,8100000
prediction_orientation_error_deg,0,8100000
owd_uplink_ms,38.3056,8200000
owd_downlink_ms,25.8691,8200000
correction_magnitude_mm,15.572723932564259,7930424
correction_magnitude_deg,0,7930424
prediction_position_error_mm,7.613580673933029,8200000
prediction_orientation_error_deg,0,8200000
owd_uplink_ms,42.4938,8300000
owd_downlink_ms,38.2752,8300000
prediction_position_error_mm,15.108980238437653,8300000
prediction_orientation_error_deg,0,8300000
owd_uplink_ms,49.4546,8400000
owd_downlink_ms,68.3827,8400000
prediction_position_error_mm,15.108980238437653,8400000
prediction_orientation_error_deg,0,8400000
owd_uplink_ms,47.5836,8500000
owd_downlink_ms,27.7166,8500000
prediction_position_error_mm,11.287744157016277,8500000
prediction_orientation_error_deg,0,8500000
owd_uplink_ms,55.9382,8600000
owd_downlink_ms,61.3015,8600000
owd_uplink_ms,34.3491,8600000
owd_downlink_ms,25.214,8600000
correction_magnitude_mm,11.287744157016277,8319261
correction_magnitude_deg,0,8319261
owd_uplink_ms,75.7171,8600000
owd_downlink_ms,57.7666,8600000
prediction_position_error_mm,14.630201272666454,8600000
prediction_orientation_error_deg,0,8600000
prediction_position_error_mm,14.630201272666454,8700000
prediction_orientation_error_deg,0,8700000
prediction_position_error_mm,21.760761737823486,8800000
prediction_orientation_error_deg,0,8800000
owd_uplink_ms,55.8521,8900000
owd_downlink_ms,43.8009,8900000
owd_uplink_ms,35.8143,8900000
owd_downlink_ms,28.6037,8900000
correction_magnitude_mm,14.630201272666454,8572747
correction_magnitude_deg,0,8572747
prediction_position_error_mm,7.131447549909353,8900000
prediction_orientation_error_deg,0,8900000
owd_uplink_ms,45.9723,9000000
owd_downlink_ms,71.1184,9000000
prediction_position_error_mm,7.131447549909353,9000000
prediction_orientation_error_deg,0,9000000
prediction_position_error_mm,7.131447549909353,9100000
prediction_orientation_error_deg,0,9100000
owd_uplink_ms,58.9512,9200000
owd_downlink_ms,45.4101,9200000
prediction_position_error_mm,17.594201490283012,9200000
prediction_orientation_error_deg,0,9200000
owd_uplink_ms,56.9972,9300000
owd_downlink_ms,53.3688,9300000
owd_uplink_ms,25.2639,9300000
owd_downlink_ms,43.5358,9300000
correction_magnitude_mm,7.131447549909353,8805557
correction_magnitude_deg,0,8805557
prediction_position_error_mm,10.46336255967617,9300000
prediction_orientation_error_deg,0,9300000
owd_uplink_ms,27.2544,9400000
owd_downlink_ms,70.9267,9400000
prediction_position_error_mm,10.46336255967617,9400000
prediction_orientation_error_deg,0,9400000
owd_uplink_ms,41.7572,9500000
owd_downlink_ms,58.6341,9500000
owd_uplink_ms,56.4068,9500000
owd_downlink_ms,23.6668,9500000
correction_magnitude_mm,10.46336255967617,9240317
correction_magnitude_deg,0,9240317
prediction_position_error_mm,0,9500000
prediction_orientation_error_deg,0,9500000
prediction_position_error_mm,6.817870307713747,9600000
prediction_orientation_error_deg,0,9600000
prediction_position_error_mm,20.06865106523037,9700000
prediction_orientation_error_deg,0,9700000
prediction_position_error_mm,20.06865106523037,9800000
prediction_orientation_error_deg,0,9800000
prediction_position_error_mm,20.06865106523037,9900000
prediction_orientation_error_deg,0,9900000
owd_uplink_ms,44.9037,10000000
owd_downlink_ms,68.5272,10000000
owd_uplink_ms,73.0695,10000000
owd_downlink_ms,51.6286,10000000
prediction_position_error_mm,23.30019325017929,10000000
prediction_orientation_error_deg,0,10000000
prediction_position_error_mm,26.49894170463085,10100000
prediction_orientation_error_deg,0,10100000
owd_uplink_ms,59.8101,10200000
owd_downlink_ms,47.5359,10200000
correction_magnitude_mm,6.817870307713747,9627701
correction_magnitude_deg,0,9627701
prediction_position_error_mm,25.983819738030434,10200000
prediction_orientation_error_deg,0,10200000
owd_uplink_ms,64.8152,10300000
owd_downlink_ms,40.7305,10300000
correction_magnitude_mm,13.251936994493008,9797596
correction_magnitude_deg,0,9797596
owd_uplink_ms,25.0297,10300000
owd_downlink_ms,49.3649,10300000
owd_uplink_ms,68.2492,10300000
owd_downlink_ms,38.7999,10300000
prediction_position_error_mm,18.906710669398308,10300000
prediction_orientation_error_deg,0,10300000
owd_uplink_ms,64.4867,10400000
owd_downlink_ms,70.9852,10400000
owd_uplink_ms,47.4249,10400000
owd_downlink_ms,40.1742,10400000
prediction_position_error_mm,15.674974769353867,10400000
prediction_orientation_error_deg,0,10400000
owd_uplink_ms,39.6484,10500000
owd_downlink_ms,32.0106,10500000
prediction_position_error_mm,18.516380339860916,10500000
prediction_orientation_error_deg,0,10500000
prediction_position_error_mm,18.516380339860916,10600000
prediction_orientation_error_deg,0,10600000
owd_uplink_ms,31.0286,10700000
owd_downlink_ms,43.7924,10700000
correction_magnitude_mm,6.303031928837299,10196673
correction_magnitude_deg,0,10196673
prediction_position_error_mm,12.214871123433113,10700000
prediction_orientation_error_deg,0,10700000
owd_uplink_ms,45.722,10800000
owd_downlink_ms,50.6664,10800000
prediction_position_error_mm,21.031372249126434,10800000
prediction_orientation_error_deg,0,10800000
owd_uplink_ms,29.3157,10900000
owd_downlink_ms,49.2755,10900000
correction_magnitude_mm,6.172832567244768,10327802
correction_magnitude_deg,0,10327802
owd_uplink_ms,42.4554,10900000
owd_downlink_ms,51.8703,10900000
owd_uplink_ms,78.687,10900000
owd_downlink_ms,74.6591,10900000
prediction_position_error_mm,14.860959723591805,10900000
prediction_orientation_error_deg,0,10900000
owd_uplink_ms,52.3164,11000000
owd_downlink_ms,21.506,11000000
correction_magnitude_mm,6.042571738362312,10696022
correction_magnitude_deg,0,10696022
prediction_position_error_mm,14.535728842020035,11000000
prediction_orientation_error_deg,0,11000000
owd_uplink_ms,35.4271,11100000
owd_downlink_ms,27.1398,11100000
correction_magnitude_mm,8.819477632641792,10785663
correction_magnitude_deg,0,10785663
owd_uplink_ms,27.4181,11100000
owd_downlink_ms,55.0152,11100000
prediction_position_error_mm,5.717437248677015,11100000
prediction_orientation_error_deg,0,11100000
prediction_position_error_mm,8.527442812919617,11200000
prediction_orientation_error_deg,0,11200000
owd_uplink_ms,53.2893,11300000
owd_downlink_ms,32.1491,11300000
prediction_position_error_mm,8.527442812919617,11300000
prediction_orientation_error_deg,0,11300000
prediction_position_error_mm,8.527442812919617,11400000
prediction_orientation_error_deg,0,11400000
owd_uplink_ms,23.6049,11500000
owd_downlink_ms,45.0255,11500000
correction_magnitude_mm,5.717437248677015,11020509
correction_magnitude_deg,0,11020509
prediction_position_error_mm,2.8102612122893333,11500000
prediction_orientation_error_deg,0,11500000
owd_uplink_ms,33.2991,11600000
owd_downlink_ms,64.9785,11600000
owd_uplink_ms,41.2467,11600000
owd_downlink_ms,27.6538,11600000
prediction_position_error_mm,0,11600000
prediction_orientation_error_deg,0,11600000
prediction_position_error_mm,2.7781487442553043,11700000
prediction_orientation_error_deg,0,11700000
owd_uplink_ms,65.4171,11800000
owd_downlink_ms,44.1859,11800000
prediction_position_error_mm,13.569775968790054,11800000
prediction_orientation_error_deg,0,11800000
prediction_position_error_mm,13.569775968790054,11900000
prediction_orientation_error_deg,0,11900000
prediction_position_error_mm,13.569775968790054,12000000
prediction_orientation_error_deg,0,12000000
owd_uplink_ms,75.7772,12100000
owd_downlink_ms,41.0174,12100000
prediction_position_error_mm,13.411125168204308,12100000
prediction_orientation_error_deg,0,12100000
prediction_position_error_mm,15.997903421521187,12200000
prediction_orientation_error_deg,0,12200000
owd_uplink_ms,45.6198,12300000
owd_downlink_ms,45.0342,12300000
correction_magnitude_mm,10.792598128318787,11772396
correction_magnitude_deg,0,11772396
owd_uplink_ms,47.667,12300000
owd_downlink_ms,50.9702,12300000
prediction_position_error_mm,12.786779552698135,12300000
prediction_orientation_error_deg,0,12300000
prediction_position_error_mm,15.251570381224155,12400000
prediction_orientation_error_deg,0,12400000
owd_uplink_ms,60.5958,12500000
owd_downlink_ms,62.6345,12500000
owd_uplink_ms,62.3169,12500000
owd_downlink_ms,37.4315,12500000
owd_uplink_ms,70.0923,12500000
owd_downlink_ms,72.3397,12500000
prediction_position_error_mm,12.633787468075752,12500000
prediction_orientation_error_deg,0,12500000
owd_uplink_ms,35.2511,12600000
owd_downlink_ms,32.1127,12600000
correction_magnitude_mm,10.168381966650486,12246856
correction_magnitude_deg,0,12246856
prediction_position_error_mm,2.4666853714734316,12600000
prediction_orientation_error_deg,0,12600000
owd_uplink_ms,36.3435,12700000
owd_downlink_ms,33.793,12700000
prediction_position_error_mm,9.572706185281277,12700000
prediction_orientation_error_deg,0,12700000
prediction_position_error_mm,9.572706185281277,12800000
prediction_orientation_error_deg,0,12800000
owd_uplink_ms,63.7127,12900000
owd_downlink_ms,73.9154,12900000
prediction_position_error_mm,9.572706185281277,12900000
prediction_orientation_error_deg,0,12900000
owd_uplink_ms,48.9959,13000000
owd_downlink_ms,64.7632,13000000
owd_uplink_ms,28.6738,13000000
owd_downlink_ms,25.9706,13000000
correction_magnitude_mm,9.572706185281277,12672752
correction_magnitude_deg,0,12672752
owd_uplink_ms,68.7469,13000000
owd_downlink_ms,60.0842,13000000
prediction_position_error_mm,2.3224428296089172,13000000
prediction_orientation_error_deg,0,13000000
prediction_position_error_mm,11.339129880070686,13100000
prediction_orientation_error_deg,0,13100000
owd_uplink_ms,45.8663,13200000
owd_downlink_ms,45.487,13200000
owd_uplink_ms,69.3708,13200000
owd_downlink_ms,35.0599,13200000
owd_uplink_ms,64.9792,13200000
owd_downlink_ms,49.4752,13200000
prediction_position_error_mm,11.339129880070686,13200000
prediction_orientation_error_deg,0,13200000
prediction_position_error_mm,15.68855345249176,13300000
prediction_orientation_error_deg,0,13300000
owd_uplink_ms,47.8433,13400000
owd_downlink_ms,49.81,13400000
prediction_position_error_mm,13.36988527327776,13400000
prediction_orientation_error_deg,0,13400000
owd_uplink_ms,51.243,13500000
owd_downlink_ms,38.964,13500000
correction_magnitude_mm,9.018439799547195,13086294
correction_magnitude_deg,0,13086294
prediction_position_error_mm,8.614725433290005,13500000
prediction_orientation_error_deg,0,13500000
owd_uplink_ms,19.439,13600000
owd_downlink_ms,52.0234,13600000
prediction_position_error_mm,8.614725433290005,13600000
prediction_orientation_error_deg,0,13600000
owd_uplink_ms,23.0095,13700000
owd_downlink_ms,39.1099,13700000
prediction_position_error_mm,4.260377027094364,13700000
prediction_orientation_error_deg,0,13700000
owd_uplink_ms,35.901,13800000
owd_downlink_ms,69.8533,13800000
owd_uplink_ms,65.3923,13800000
owd_downlink_ms,52.2622,13800000
prediction_position_error_mm,4.260377027094364,13800000
prediction_orientation_error_deg,0,13800000
prediction_position_error_mm,10.480199940502644,13900000
prediction_orientation_error_deg,0,13900000
prediction_position_error_mm,10.480199940502644,14000000
prediction_orientation_error_deg,0,14000000
prediction_position_error_mm,10.480199940502644,14100000
prediction_orientation_error_deg,0,14100000
owd_uplink_ms,24.5118,14200000
owd_downlink_ms,60.3798,14200000
prediction_position_error_mm,6.223257631063461,14200000
prediction_orientation_error_deg,0,14200000
owd_uplink_ms,59.7522,14300000
owd_downlink_ms,73.1293,14300000
prediction_position_error_mm,10.26732474565506,14300000
prediction_orientation_error_deg,0,14300000
prediction_position_error_mm,18.125778064131737,14400000
prediction_orientation_error_deg,0,14400000
owd_uplink_ms,65.0792,14500000
owd_downlink_ms,58.544,14500000
prediction_position_error_mm,18.125778064131737,14500000
prediction_orientation_error_deg,0,14500000
owd_uplink_ms,64.2157,14600000
owd_downlink_ms,51.3229,14600000
correction_magnitude_mm,6.223257631063461,14010450
correction_magnitude_deg,0,14010450
owd_uplink_ms,49.5493,14600000
owd_downlink_ms,27.632,14600000
owd_uplink_ms,54.7377,14600000
owd_downlink_ms,58.1463,14600000
prediction_position_error_mm,9.812305681407452,14600000
prediction_orientation_error_deg,0,14600000
owd_uplink_ms,62.5169,14700000
owd_downlink_ms,36.6636,14700000
owd_uplink_ms,33.0415,14700000
owd_downlink_ms,71.9872,14700000
prediction_position_error_mm,9.812305681407452,14700000
prediction_orientation_error_deg,0,14700000
prediction_position_error_mm,9.812305681407452,14800000
prediction_orientation_error_deg,0,14800000
owd_uplink_ms,70.1096,14900000
owd_downlink_ms,31.8162,14900000
correction_magnitude_mm,9.812305681407452,14555814
correction_magnitude_deg,0,14555814
owd_uplink_ms,31.0198,14900000
owd_downlink_ms,33.1796,14900000
prediction_position_error_mm,7.609134539961815,14900000
prediction_orientation_error_deg,0,14900000
owd_uplink_ms,57.4661,15000000
owd_downlink_ms,38.2528,15000000
prediction_position_error_mm,7.609134539961815,15000000
prediction_orientation_error_deg,0,15000000
owd_uplink_ms,20.062,15100000
owd_downlink_ms,61.9418,15100000
owd_uplink_ms,66.6178,15100000
owd_downlink_ms,32.7671,15100000
prediction_position_error_mm,7.609134539961815,15100000
prediction_orientation_error_deg,0,15100000
prediction_position_error_mm,7.609134539961815,15200000
prediction_orientation_error_deg,0,15200000
owd_uplink_ms,41.3185,15300000
owd_downlink_ms,43.5536,15300000
correction_magnitude_mm,7.609134539961815,14847329
correction_magnitude_deg,0,14847329
prediction_position_error_mm,0,15300000
prediction_orientation_error_deg,0,15300000
prediction_position_error_mm,9.326309897005558,15400000
prediction_orientation_error_deg,0,15400000
prediction_position_error_mm,9.326309897005558,15500000
prediction_orientation_error_deg,0,15500000
prediction_position_error_mm,9.326309897005558,15600000
prediction_orientation_error_deg,0,15600000
owd_uplink_ms,28.7015,15700000
owd_downlink_ms,71.5944,15700000
owd_uplink_ms,75.2514,15700000
owd_downlink_ms,56.7144,15700000
prediction_position_error_mm,14.866507612168789,15700000
prediction_orientation_error_deg,0,15700000
prediction_position_error_mm,14.866507612168789,15800000
prediction_orientation_error_deg,0,15800000
owd_uplink_ms,70.8506,15900000
owd_downlink_ms,54.876,15900000
owd_uplink_ms,63.6419,15900000
owd_downlink_ms,55.1526,15900000
correction_magnitude_mm,9.326309897005558,15347195
correction_magnitude_deg,0,15347195
prediction_position_error_mm,9.268512018024921,15900000
prediction_orientation_error_deg,0,15900000
owd_uplink_ms,26.0875,16000000
owd_downlink_ms,59.8451,16000000
prediction_position_error_mm,9.268512018024921,16000000
prediction_orientation_error_deg,0,16000000
owd_uplink_ms,54.4439,16100000
owd_downlink_ms,64.6156,16100000
owd_uplink_ms,48.2485,16100000
owd_downlink_ms,40.2162,16100000
correction_magnitude_mm,5.560609046369791,15692066
correction_magnitude_deg,0,15692066
prediction_position_error_mm,3.7130459677428007,16100000
prediction_orientation_error_deg,0,16100000
owd_uplink_ms,55.1776,16200000
owd_downlink_ms,67.471,16200000
owd_uplink_ms,38.4211,16200000
owd_downlink_ms,29.7099,16200000
prediction_position_error_mm,5.602200049906969,16200000
prediction_orientation_error_deg,0,16200000
owd_uplink_ms,62.3784,16300000
owd_downlink_ms,54.4496,16300000
prediction_position_error_mm,5.602200049906969,16300000
prediction_orientation_error_deg,0,16300000
owd_uplink_ms,31.1781,16400000
owd_downlink_ms,63.1433,16400000
prediction_position_error_mm,9.369605220854282,16400000
prediction_orientation_error_deg,0,16400000
owd_uplink_ms,47.1608,16500000
owd_downlink_ms,24.3553,16500000
correction_magnitude_mm,5.602200049906969,16198083
correction_magnitude_deg,0,16198083
owd_uplink_ms,41.5132,16500000
owd_downlink_ms,71.7779,16500000
prediction_position_error_mm,3.772380296140909,16500000
prediction_orientation_error_deg,0,16500000
prediction_position_error_mm,5.6725176982581615,16600000
prediction_orientation_error_deg,0,16600000
owd_uplink_ms,30.5498,16700000
owd_downlink_ms,37.1821,16700000
owd_uplink_ms,34.0523,16700000
owd_downlink_ms,69.8709,16700000
prediction_position_error_mm,5.6725176982581615,16700000
prediction_orientation_error_deg,0,16700000
owd_uplink_ms,52.7017,16800000
owd_downlink_ms,42.1258,16800000
prediction_position_error_mm,5.6725176982581615,16800000
prediction_orientation_error_deg,0,16800000
prediction_position_error_mm,5.6725176982581615,16900000
prediction_orientation_error_deg,0,16900000
prediction_position_error_mm,13.386331498622894,17000000
prediction_orientation_error_deg,0,17000000
owd_uplink_ms,56.9763,17100000
owd_downlink_ms,35.4586,17100000
correction_magnitude_mm,5.6725176982581615,16648857
correction_magnitude_deg,0,16648857
owd_uplink_ms,34.8339,17100000
owd_downlink_ms,56.5875,17100000
owd_uplink_ms,45.967,17100000
owd_downlink_ms,40.7361,17100000
prediction_position_error_mm,7.726974319666624,17100000
prediction_orientation_error_deg,0,17100000
prediction_position_error_mm,9.693467989563942,17200000
prediction_orientation_error_deg,0,17200000
owd_uplink_ms,39.4974,17300000
owd_downlink_ms,18.4218,17300000
correction_magnitude_mm,7.726974319666624,17043165
correction_magnitude_deg,0,17043165
prediction_position_error_mm,1.9694545771926641,17300000
prediction_orientation_error_deg,0,17300000
owd_uplink_ms,74.7012,17400000
owd_downlink_ms,26.6073,17400000
prediction_position_error_mm,3.95542336627841,17400000
prediction_orientation_error_deg,0,17400000
owd_uplink_ms,55.2093,17500000
owd_downlink_ms,44.3162,17500000
prediction_position_error_mm,12.080552987754345,17500000
prediction_orientation_error_deg,0,17500000
owd_uplink_ms,39.5586,17600000
owd_downlink_ms,37.5413,17600000
prediction_position_error_mm,10.115171782672405,17600000
prediction_orientation_error_deg,0,17600000
prediction_position_error_mm,14.29941225796938,17700000
prediction_orientation_error_deg,0,17700000
owd_uplink_ms,50.4747,17800000
owd_downlink_ms,68.6141,17800000
prediction_position_error_mm,16.42361469566822,17800000
prediction_orientation_error_deg,0,17800000
prediction_position_error_mm,16.42361469566822,17900000
prediction_orientation_error_deg,0,17900000
owd_uplink_ms,25.6073,18000000
owd_downlink_ms,26.2034,18000000
correction_magnitude_mm,14.29941225796938,17690332
correction_magnitude_deg,0,17690332
owd_uplink_ms,50.4229,18000000
owd_downlink_ms,57.615,18000000
owd_uplink_ms,63.0157,18000000
owd_downlink_ms,31.7509,18000000
prediction_position_error_mm,4.285967443138361,18000000
prediction_orientation_error_deg,0,18000000
prediction_position_error_mm,4.285967443138361,18100000
prediction_orientation_error_deg,0,18100000
owd_uplink_ms,47.1206,18200000
owd_downlink_ms,48.731,18200000
owd_uplink_ms,29.2357,18200000
owd_downlink_ms,67.0388,18200000
prediction_position_error_mm,4.285967443138361,18200000
prediction_orientation_error_deg,0,18200000
owd_uplink_ms,65.0315,18300000
owd_downlink_ms,60.9923,18300000
prediction_position_error_mm,6.465198937803507,18300000
prediction_orientation_error_deg,0,18300000
prediction_position_error_mm,13.153957203030586,18400000
prediction_orientation_error_deg,0,18400000
owd_uplink_ms,69.4751,18500000
owd_downlink_ms,35.0541,18500000
prediction_position_error_mm,8.872940205037594,18500000
prediction_orientation_error_deg,0,18500000
owd_uplink_ms,25.0253,18600000
owd_downlink_ms,76.2446,18600000
prediction_position_error_mm,8.872940205037594,18600000
prediction_orientation_error_deg,0,18600000
prediction_position_error_mm,15.805987641215324,18700000
prediction_orientation_error_deg,0,18700000
owd_uplink_ms,36.753,18800000
owd_downlink_ms,67.7026,18800000
owd_uplink_ms,62.4843,18800000
owd_downlink_ms,31.7896,18800000
correction_magnitude_mm,8.872940205037594,18425773
correction_magnitude_deg,0,18425773
prediction_position_error_mm,11.70999277383089,18800000
prediction_orientation_error_deg,0,18800000
owd_uplink_ms,60.1038,18900000
owd_downlink_ms,56.5857,18900000
prediction_position_error_mm,11.70999277383089,18900000
prediction_orientation_error_deg,0,18900000
owd_uplink_ms,55.8904,19000000
owd_downlink_ms,45.8023,19000000
prediction_position_error_mm,11.70999277383089,19000000
prediction_orientation_error_deg,0,19000000
owd_uplink_ms,44.5144,19100000
owd_downlink_ms,33.2054,19100000
correction_magnitude_mm,6.940784398466349,18694628
correction_magnitude_deg,0,18694628
prediction_position_error_mm,4.771666135638952,19100000
prediction_orientation_error_deg,0,19100000
owd_uplink_ms,41.9438,19200000
owd_downlink_ms,69.727,19200000
prediction_position_error_mm,14.673139899969101,19200000
prediction_orientation_error_deg,0,19200000
owd_uplink_ms,73.0649,19300000
owd_downlink_ms,32.8914,19300000
owd_uplink_ms,36.2783,19300000
owd_downlink_ms,57.8587,19300000
prediction_position_error_mm,12.458032928407192,19300000
prediction_orientation_error_deg,0,19300000
prediction_position_error_mm,12.458032928407192,19400000
prediction_orientation_error_deg,0,19400000
owd_uplink_ms,27.2228,19500000
owd_downlink_ms,61.9316,19500000
prediction_position_error_mm,17.658239230513573,19500000
prediction_orientation_error_deg,0,19500000
owd_uplink_ms,31.5706,19600000
owd_downlink_ms,26.4211,19600000
correction_magnitude_mm,9.904962964355946,19243064
correction_magnitude_deg,0,19243064
prediction_position_error_mm,7.758684456348419,19600000
prediction_orientation_error_deg,0,19600000
owd_uplink_ms,57.8198,19700000
owd_downlink_ms,59.2475,19700000
prediction_position_error_mm,10.408833622932434,19700000
prediction_orientation_error_deg,0,19700000
owd_uplink_ms,66.4132,19800000
owd_downlink_ms,23.7342,19800000
correction_magnitude_mm,7.758684456348419,19491500
correction_magnitude_deg,0,19491500
owd_uplink_ms,30.4031,19800000
owd_downlink_ms,42.7744,19800000
prediction_position_error_mm,2.650841372087598,19800000
prediction_orientation_error_deg,0,19800000
prediction_position_error_mm,2.650841372087598,19900000
prediction_orientation_error_deg,0,19900000
owd_uplink_ms,48.0182,20000000
owd_downlink_ms,67.4809,20000000
owd_uplink_ms,29.5793,20000000
owd_downlink_ms,44.1286,20000000
prediction_position_error_mm,2.650841372087598,20000000
prediction_orientation_error_deg,0,20000000
owd_uplink_ms,67.8334,20100000
owd_downlink_ms,70.22,20100000
prediction_position_error_mm,13.58102634549141,20100000
prediction_orientation_error_deg,0,20100000
prediction_position_error_mm,13.58102634549141,20200000
prediction_orientation_error_deg,0,20200000
owd_uplink_ms,40.3476,20300000
owd_downlink_ms,48.1602,20300000
prediction_position_error_mm,10.931221768260002,20300000
prediction_orientation_error_deg,0,20300000
owd_uplink_ms,57.2044,20400000
owd_downlink_ms,19.8954,20400000
correction_magnitude_mm,10.931221768260002,20115589
correction_magnitude_deg,0,20115589
owd_uplink_ms,44.1763,20400000
owd_downlink_ms,23.3842,20400000
owd_uplink_ms,50.0067,20400000
owd_downlink_ms,72.1892,20400000
prediction_position_error_mm,0,20400000
prediction_orientation_error_deg,0,20400000
owd_uplink_ms,60.1231,20500000
owd_downlink_ms,33.8605,20500000
prediction_position_error_mm,14.417692087590694,20500000
prediction_orientation_error_deg,0,20500000
prediction_position_error_mm,14.417692087590694,20600000
prediction_orientation_error_deg,0,20600000
owd_uplink_ms,32.7047,20700000
owd_downlink_ms,58.2865,20700000
prediction_position_error_mm,14.417692087590694,20700000
prediction_orientation_error_deg,0,20700000
owd_uplink_ms,29.9304,20800000
owd_downlink_ms,22.3292,20800000
correction_magnitude_mm,14.417692087590694,20506975
correction_magnitude_deg,0,20506975
prediction_position_error_mm,6.005449220538139,20800000
prediction_orientation_error_deg,0,20800000
owd_uplink_ms,68.3416,20900000
owd_downlink_ms,33.4895,20900000
prediction_position_error_mm,6.005449220538139,20900000
prediction_orientation_error_deg,0,20900000
owd_uplink_ms,47.4735,21000000
owd_downlink_ms,48.6314,21000000
prediction_position_error_mm,12.147283181548119,21000000
prediction_orientation_error_deg,0,21000000
prediction_position_error_mm,15.269187279045582,21100000
prediction_orientation_error_deg,0,21100000
prediction_position_error_mm,15.269187279045582,21200000
prediction_orientation_error_deg,0,21200000
owd_uplink_ms,66.3113,21300000
owd_downlink_ms,51.2242,21300000
correction_magnitude_mm,6.005449220538139,20746000
correction_magnitude_deg,0,20746000
prediction_position_error_mm,15.611779876053333,21300000
prediction_orientation_error_deg,0,21300000
owd_uplink_ms,52.0026,21400000
owd_downlink_ms,69.0156,21400000
prediction_position_error_mm,15.611779876053333,21400000
prediction_orientation_error_deg,0,21400000
owd_uplink_ms,31.6756,21500000
owd_downlink_ms,45.662,21500000
correction_magnitude_mm,6.1423880979418755,20984750
correction_magnitude_deg,0,20984750
owd_uplink_ms,40.5645,21500000
owd_downlink_ms,66.4141,21500000
prediction_position_error_mm,9.470343589782715,21500000
prediction_orientation_error_deg,0,21500000
owd_uplink_ms,71.4845,21600000
owd_downlink_ms,45.1683,21600000
prediction_position_error_mm,12.832463718950748,21600000
prediction_orientation_error_deg,0,21600000
owd_uplink_ms,32.6929,21700000
owd_downlink_ms,58.1041,21700000
prediction_position_error_mm,12.832463718950748,21700000
prediction_orientation_error_deg,0,21700000
prediction_position_error_mm,12.832463718950748,21800000
prediction_orientation_error_deg,0,21800000
prediction_position_error_mm,19.452892243862152,21900000
prediction_orientation_error_deg,0,21900000
prediction_position_error_mm,33.098116517066956,22000000
prediction_orientation_error_deg,0,22000000
owd_uplink_ms,76.4708,22100000
owd_downlink_ms,75.2884,22100000
correction_magnitude_mm,6.347954273223877,21314452
correction_magnitude_deg,0,21314452
owd_uplink_ms,44.35,22100000
owd_downlink_ms,71.9049,22100000
owd_uplink_ms,50.741,22100000
owd_downlink_ms,44.1211,22100000
correction_magnitude_mm,6.48496812209487,21640619
correction_magnitude_deg,0,21640619
prediction_position_error_mm,20.271874964237213,22100000
prediction_orientation_error_deg,0,22100000
owd_uplink_ms,70.0057,22200000
owd_downlink_ms,40.5747,22200000
prediction_position_error_mm,20.271874964237213,22200000
prediction_orientation_error_deg,0,22200000
owd_uplink_ms,69.5802,22300000
owd_downlink_ms,62.9674,22300000
prediction_position_error_mm,20.271874964237213,22300000
prediction_orientation_error_deg,0,22300000
owd_uplink_ms,65.1204,22400000
owd_downlink_ms,43.2969,22400000
correction_magnitude_mm,6.621736101806164,21868286
correction_magnitude_deg,0,21868286
owd_uplink_ms,53.7736,22400000
owd_downlink_ms,52.2287,22400000
prediction_position_error_mm,20.678739994764328,22400000
prediction_orientation_error_deg,0,22400000
owd_uplink_ms,51.0412,22500000
owd_downlink_ms,42.3467,22500000
correction_magnitude_mm,13.651292771100998,22055488
correction_magnitude_deg,0,22055488
prediction_position_error_mm,7.028493564575911,22500000
prediction_orientation_error_deg,0,22500000
owd_uplink_ms,50.6979,22600000
owd_downlink_ms,37.7501,22600000
prediction_position_error_mm,7.028493564575911,22600000
prediction_orientation_error_deg,0,22600000
owd_uplink_ms,26.2774,22700000
owd_downlink_ms,63.8524,22700000
prediction_position_error_mm,25.18060989677906,22700000
prediction_orientation_error_deg,0,22700000
owd_uplink_ms,68.9232,22800000
owd_downlink_ms,60.9245,22800000
owd_uplink_ms,61.3056,22800000
owd_downlink_ms,34.3161,22800000
correction_magnitude_mm,7.028493564575911,22442539
correction_magnitude_deg,0,22442539
prediction_position_error_mm,18.15345697104931,22800000
prediction_orientation_error_deg,0,22800000
prediction_position_error_mm,18.15345697104931,22900000
prediction_orientation_error_deg,0,22900000
owd_uplink_ms,39.967,23000000
owd_downlink_ms,55.3502,23000000
owd_uplink_ms,39.7568,23000000
owd_downlink_ms,28.829,23000000
correction_magnitude_mm,18.15345697104931,22648110
correction_magnitude_deg,0,22648110
prediction_position_error_mm,11.285792104899883,23000000
prediction_orientation_error_deg,0,23000000
owd_uplink_ms,21.1693,23100000
owd_downlink_ms,34.1718,23100000
prediction_position_error_mm,11.285792104899883,23100000
prediction_orientation_error_deg,0,23100000
owd_uplink_ms,66.5362,23200000
owd_downlink_ms,29.2858,23200000
owd_uplink_ms,62.5746,23200000
owd_downlink_ms,41.9199,23200000
prediction_position_error_mm,11.285792104899883,23200000
prediction_orientation_error_deg,0,23200000
prediction_position_error_mm,15.112051740288734,23300000
prediction_orientation_error_deg,0,23300000
prediction_position_error_mm,22.859668359160423,23400000
prediction_orientation_error_deg,0,23400000
prediction_position_error_mm,22.859668359160423,23500000
prediction_orientation_error_deg,0,23500000
owd_uplink_ms,50.9002,23600000
owd_downlink_ms,63.5027,23600000
correction_magnitude_mm,11.285792104899883,22907736
correction_magnitude_deg,0,22907736
owd_uplink_ms,54.2736,23600000
owd_downlink_ms,48.1599,23600000
prediction_position_error_mm,15.49606304615736,23600000
prediction_orientation_error_deg,0,23600000
owd_uplink_ms,18.0059,23700000
owd_downlink_ms,67.6506,23700000
prediction_position_error_mm,23.43190461397171,23700000
prediction_orientation_error_deg,0,23700000
prediction_position_error_mm,23.43190461397171,23800000
prediction_orientation_error_deg,0,23800000
owd_uplink_ms,41.3264,23900000
owd_downlink_ms,29.9726,23900000
correction_magnitude_mm,15.49606304615736,23547958
correction_magnitude_deg,0,23547958
owd_uplink_ms,67.9063,23900000
owd_downlink_ms,54.8472,23900000
owd_uplink_ms,31.1472,23900000
owd_downlink_ms,52.2449,23900000
owd_uplink_ms,44.1748,23900000
owd_downlink_ms,61.8487,23900000
prediction_position_error_mm,20.070869475603104,23900000
prediction_orientation_error_deg,0,23900000
prediction_position_error_mm,20.070869475603104,24000000
prediction_orientation_error_deg,0,24000000
prediction_position_error_mm,20.070869475603104,24100000
prediction_orientation_error_deg,0,24100000
owd_uplink_ms,52.5006,24200000
owd_downlink_ms,35.3009,24200000
correction_magnitude_mm,7.936485111713409,23758601
correction_magnitude_deg,0,23758601
owd_uplink_ms,61.2442,24200000
owd_downlink_ms,61.5992,24200000
prediction_position_error_mm,12.134751304984093,24200000
prediction_orientation_error_deg,0,24200000
prediction_position_error_mm,24.53884482383728,24300000
prediction_orientation_error_deg,0,24300000
owd_uplink_ms,30.493,24400000
owd_downlink_ms,63.7873,24400000
prediction_position_error_mm,32.954003661870956,24400000
prediction_orientation_error_deg,0,24400000
owd_uplink_ms,28.7025,24500000
owd_downlink_ms,55.2801,24500000
correction_magnitude_mm,12.134751304984093,23933883
correction_magnitude_deg,0,23933883
prediction_position_error_mm,25.071443989872932,24500000
prediction_orientation_error_deg,0,24500000
owd_uplink_ms,40.1227,24600000
owd_downlink_ms,57.0043,24600000
prediction_position_error_mm,25.071443989872932,24600000
prediction_orientation_error_deg,0,24600000
prediction_position_error_mm,29.35050055384636,24700000
prediction_orientation_error_deg,0,24700000
owd_uplink_ms,65.9735,24800000
owd_downlink_ms,55.8976,24800000
owd_uplink_ms,38.765,24800000
owd_downlink_ms,41.8119,24800000
correction_magnitude_mm,12.404698878526688,24346198
correction_magnitude_deg,0,24346198
prediction_position_error_mm,25.588776916265488,24800000
prediction_orientation_error_deg,0,24800000
owd_uplink_ms,48.6624,24900000
owd_downlink_ms,34.2953,24900000
correction_magnitude_mm,12.667296454310417,24528239
correction_magnitude_deg,0,24528239
owd_uplink_ms,60.4783,24900000
owd_downlink_ms,48.3224,24900000
prediction_position_error_mm,12.921985238790512,24900000
prediction_orientation_error_deg,0,24900000
owd_uplink_ms,26.5157,25000000
owd_downlink_ms,43.3082,25000000
prediction_position_error_mm,12.921985238790512,25000000
prediction_orientation_error_deg,0,25000000
owd_uplink_ms,30.4312,25100000
owd_downlink_ms,54.1342,25100000
owd_uplink_ms,39.3415,25100000
owd_downlink_ms,27.066,25100000
owd_uplink_ms,73.5468,25100000
owd_downlink_ms,64.2814,25100000
prediction_position_error_mm,8.642570115625858,25100000
prediction_orientation_error_deg,0,25100000
prediction_position_error_mm,21.81066945195198,25200000
prediction_orientation_error_deg,0,25200000
prediction_position_error_mm,26.25313587486744,25300000
prediction_orientation_error_deg,0,25300000
prediction_position_error_mm,26.25313587486744,25400000
prediction_orientation_error_deg,0,25400000
prediction_position_error_mm,30.72160854935646,25500000
prediction_orientation_error_deg,0,25500000
owd_uplink_ms,29.5637,25600000
owd_downlink_ms,62.7449,25600000
correction_magnitude_mm,8.642570115625858,24878211
correction_magnitude_deg,0,24878211
prediction_position_error_mm,35.63809022307396,25600000
prediction_orientation_error_deg,0,25600000
owd_uplink_ms,45.0405,25700000
owd_downlink_ms,34.6452,25700000
correction_magnitude_mm,13.168352656066418,25265216
correction_magnitude_deg,0,25265216
owd_uplink_ms,63.4634,25700000
owd_downlink_ms,31.1249,25700000
prediction_position_error_mm,18.02809350192547,25700000
prediction_orientation_error_deg,0,25700000
prediction_position_error_mm,18.02809350192547,25800000
prediction_orientation_error_deg,0,25800000
owd_uplink_ms,59.0807,25900000
owd_downlink_ms,52.2966,25900000
owd_uplink_ms,38.1633,25900000
owd_downlink_ms,51.3721,25900000
prediction_position_error_mm,31.809132546186447,25900000
prediction_orientation_error_deg,0,25900000
owd_uplink_ms,73.6136,26000000
owd_downlink_ms,69.6527,26000000
owd_uplink_ms,30.6143,26000000
owd_downlink_ms,35.908,26000000
correction_magnitude_mm,18.02809350192547,25634486
correction_magnitude_deg,0,25634486
owd_uplink_ms,48.2742,26000000
owd_downlink_ms,46.5625,26000000
prediction_position_error_mm,13.781610876321793,26000000
prediction_orientation_error_deg,0,26000000
prediction_position_error_mm,13.781610876321793,26100000
prediction_orientation_error_deg,0,26100000
owd_uplink_ms,50.9376,26200000
owd_downlink_ms,40.4639,26200000
owd_uplink_ms,58.3873,26200000
owd_downlink_ms,46.6763,26200000
prediction_position_error_mm,18.42309907078743,26200000
prediction_orientation_error_deg,0,26200000
prediction_position_error_mm,18.42309907078743,26300000
prediction_orientation_error_deg,0,26300000
prediction_position_error_mm,23.087790235877037,26400000
prediction_orientation_error_deg,0,26400000
prediction_position_error_mm,41.97082668542862,26500000
prediction_orientation_error_deg,0,26500000
owd_uplink_ms,67.0675,26600000
owd_downlink_ms,37.5069,26600000
correction_magnitude_mm,18.42309907078743,26167664
correction_magnitude_deg,0,26167664
owd_uplink_ms,55.9216,26600000
owd_downlink_ms,41.2457,26600000
prediction_position_error_mm,23.548806086182594,26600000
prediction_orientation_error_deg,0,26600000
owd_uplink_ms,28.3087,26700000
owd_downlink_ms,77.3895,26700000
prediction_position_error_mm,33.12009572982788,26700000
prediction_orientation_error_deg,0,26700000
owd_uplink_ms,22.9889,26800000
owd_downlink_ms,26.2762,26800000
correction_magnitude_mm,23.548806086182594,26514780
correction_magnitude_deg,0,26514780
prediction_position_error_mm,9.571671485900879,26800000
prediction_orientation_error_deg,0,26800000
prediction_position_error_mm,14.388500712811947,26900000
prediction_orientation_error_deg,0,26900000
owd_uplink_ms,52.6421,27000000
owd_downlink_ms,52.1185,27000000
owd_uplink_ms,49.8008,27000000
owd_downlink_ms,73.8425,27000000
prediction_position_error_mm,14.388500712811947,27000000
prediction_orientation_error_deg,0,27000000
prediction_position_error_mm,14.388500712811947,27100000
prediction_orientation_error_deg,0,27100000
owd_uplink_ms,68.9984,27200000
owd_downlink_ms,56.856,27200000
prediction_position_error_mm,14.388500712811947,27200000
prediction_orientation_error_deg,0,27200000
owd_uplink_ms,32.769,27300000
owd_downlink_ms,46.1271,27300000
correction_magnitude_mm,9.571671485900879,26745695
correction_magnitude_deg,0,26745695
owd_uplink_ms,49.5172,27300000
owd_downlink_ms,61.5396,27300000
prediction_position_error_mm,9.653856977820396,27300000
prediction_orientation_error_deg,0,27300000
prediction_position_error_mm,29.19500321149826,27400000
prediction_orientation_error_deg,0,27400000
prediction_position_error_mm,29.19500321149826,27500000
prediction_orientation_error_deg,0,27500000
owd_uplink_ms,42.265,27600000
owd_downlink_ms,54.6122,27600000
owd_uplink_ms,80.8707,27600000
owd_downlink_ms,67.8451,27600000
prediction_position_error_mm,34.25900638103485,27600000
prediction_orientation_error_deg,0,27600000
owd_uplink_ms,71.9072,27700000
owd_downlink_ms,57.317,27700000
owd_uplink_ms,45.2512,27700000
owd_downlink_ms,26.3522,27700000
correction_magnitude_mm,24.378284811973572,27434294
correction_magnitude_deg,0,27434294
prediction_position_error_mm,19.83105204999447,27700000
prediction_orientation_error_deg,0,27700000
owd_uplink_ms,68.5864,27800000
owd_downlink_ms,33.2526,27800000
owd_uplink_ms,59.5327,27800000
owd_downlink_ms,50.6414,27800000
prediction_position_error_mm,19.83105204999447,27800000
prediction_orientation_error_deg,0,27800000
owd_uplink_ms,38.7059,27900000
owd_downlink_ms,47.6166,27900000
prediction_position_error_mm,19.83105204999447,27900000
prediction_orientation_error_deg,0,27900000
owd_uplink_ms,32.6483,28000000
owd_downlink_ms,34.1339,28000000
correction_magnitude_mm,9.881028905510902,27592012
correction_magnitude_deg,0,27592012
prediction_position_error_mm,9.950087405741215,28000000
prediction_orientation_error_deg,0,28000000
prediction_position_error_mm,14.949937351047993,28100000
prediction_orientation_error_deg,0,28100000
owd_uplink_ms,71.7597,28200000
owd_downlink_ms,53.4069,28200000
prediction_position_error_mm,14.949937351047993,28200000
prediction_orientation_error_deg,0,28200000
prediction_position_error_mm,40.17995670437813,28300000
prediction_orientation_error_deg,0,28300000
owd_uplink_ms,50.1642,28400000
owd_downlink_ms,64.0412,28400000
correction_magnitude_mm,9.950087405741215,27686418
correction_magnitude_deg,0,27686418
prediction_position_error_mm,30.23023158311844,28400000
prediction_orientation_error_deg,0,28400000
owd_uplink_ms,29.1287,28500000
owd_downlink_ms,68.1854,28500000
prediction_position_error_mm,30.23023158311844,28500000
prediction_orientation_error_deg,0,28500000
prediction_position_error_mm,30.23023158311844,28600000
prediction_orientation_error_deg,0,28600000
prediction_position_error_mm,35.31935065984726,28700000
prediction_orientation_error_deg,0,28700000
owd_uplink_ms,41.4243,28800000
owd_downlink_ms,38.5149,28800000
correction_magnitude_mm,30.23023158311844,28331601
correction_magnitude_deg,0,28331601
owd_uplink_ms,73.2482,28800000
owd_downlink_ms,60.7201,28800000
owd_uplink_ms,60.8504,28800000
owd_downlink_ms,45.1036,28800000
prediction_position_error_mm,5.089266691356897,28800000
prediction_orientation_error_deg,0,28800000
owd_uplink_ms,65.0989,28900000
owd_downlink_ms,37.7218,28900000
owd_uplink_ms,53.9331,28900000
owd_downlink_ms,77.2088,28900000
prediction_position_error_mm,30.72686493396759,28900000
prediction_orientation_error_deg,0,28900000
owd_uplink_ms,25.542,29000000
owd_downlink_ms,64.2396,29000000
prediction_position_error_mm,30.72686493396759,29000000
prediction_orientation_error_deg,0,29000000
prediction_position_error_mm,30.72686493396759,29100000
prediction_orientation_error_deg,0,29100000
owd_uplink_ms,62.1326,29200000
owd_downlink_ms,23.0936,29200000
correction_magnitude_mm,30.72686493396759,28890706
correction_magnitude_deg,0,28890706
owd_uplink_ms,67.6534,29200000
owd_downlink_ms,77.7701,29200000
prediction_position_error_mm,15.519515611231327,29200000
prediction_orientation_error_deg,0,29200000
owd_uplink_ms,56.6336,29300000
owd_downlink_ms,57.376,29300000
prediction_position_error_mm,15.519515611231327,29300000
prediction_orientation_error_deg,0,29300000
owd_uplink_ms,32.2781,29400000
owd_downlink_ms,44.5345,29400000
prediction_position_error_mm,15.519515611231327,29400000
prediction_orientation_error_deg,0,29400000
owd_uplink_ms,26.7661,29500000
owd_downlink_ms,50.2157,29500000
owd_uplink_ms,64.2533,29500000
owd_downlink_ms,34.5699,29500000
owd_uplink_ms,61.4024,29500000
owd_downlink_ms,47.1916,29500000
owd_uplink_ms,38.7543,29500000
owd_downlink_ms,31.312,29500000
correction_magnitude_mm,15.519515611231327,29184740
correction_magnitude_deg,0,29184740
prediction_position_error_mm,0,29500000
prediction_orientation_error_deg,0,29500000
prediction_position_error_mm,0,29600000
prediction_orientation_error_deg,0,29600000
prediction_position_error_mm,26.054052636027336,29700000
prediction_orientation_error_deg,0,29700000
prediction_position_error_mm,26.054052636027336,29800000
prediction_orientation_error_deg,0,29800000
owd_uplink_ms,50.5627,29900000
owd_downlink_ms,45.7538,29900000
prediction_position_error_mm,26.054052636027336,29900000
prediction_orientation_error_deg,0,29900000
owd_uplink_ms,25.8267,30000000
owd_downlink_ms,73.2714,30000000
prediction_position_error_mm,31.288858503103256,30000000
prediction_orientation_error_deg,0,30000000
prediction_position_error_mm,36.530572921037674,30100000
prediction_orientation_error_deg,0,30100000
prediction_position_error_mm,52.29230970144272,30200000
prediction_orientation_error_deg,0,30200000
owd_uplink_ms,43.827,30300000
owd_downlink_ms,48.0975,30300000
correction_magnitude_mm,26.054052636027336,29743372
correction_magnitude_deg,0,29743372
prediction_position_error_mm,26.23886615037918,30300000
prediction_orientation_error_deg,0,30300000
owd_uplink_ms,60.2482,30400000
owd_downlink_ms,57.2372,30400000
owd_uplink_ms,48.5261,30400000
owd_downlink_ms,35.6981,30400000
correction_magnitude_mm,5.234880838543177,30023573
correction_magnitude_deg,0,30023573
owd_uplink_ms,28.5051,30400000
owd_downlink_ms,62.4963,30400000
prediction_position_error_mm,26.268763467669487,30400000
prediction_orientation_error_deg,0,30400000
owd_uplink_ms,52.9029,30500000
owd_downlink_ms,28.347,30500000
correction_magnitude_mm,5.241816863417625,30135366
correction_magnitude_deg,0,30135366
owd_uplink_ms,75.0375,30500000
owd_downlink_ms,60.4639,30500000
prediction_position_error_mm,21.026993170380592,30500000
prediction_orientation_error_deg,0,30500000
owd_uplink_ms,28.0055,30600000
owd_downlink_ms,31.9487,30600000
correction_magnitude_mm,15.762241557240486,30222077
correction_magnitude_deg,0,30222077
owd_uplink_ms,61.1509,30600000
owd_downlink_ms,73.9974,30600000
prediction_position_error_mm,5.26477862149477,30600000
prediction_orientation_error_deg,0,30600000
prediction_position_error_mm,26.364540681242943,30700000
prediction_orientation_error_deg,0,30700000
prediction_position_error_mm,26.364540681242943,30800000
prediction_orientation_error_deg,0,30800000
owd_uplink_ms,62.3309,30900000
owd_downlink_ms,50.7034,30900000
prediction_position_error_mm,36.93204000592232,30900000
prediction_orientation_error_deg,0,30900000
prediction_position_error_mm,42.21850261092186,31000000
prediction_orientation_error_deg,0,31000000
owd_uplink_ms,56.0282,31100000
owd_downlink_ms,61.9553,31100000
correction_magnitude_mm,5.26477862149477,30431008
correction_magnitude_deg,0,30431008
prediction_position_error_mm,36.95384040474892,31100000
prediction_orientation_error_deg,0,31100000
owd_uplink_ms,41.3258,31200000
owd_downlink_ms,64.5728,31200000
owd_uplink_ms,41.5097,31200000
owd_downlink_ms,37.8205,31200000
correction_magnitude_mm,21.09980583190918,30755454
correction_magnitude_deg,0,30755454
owd_uplink_ms,27.4545,31200000
owd_downlink_ms,20.425,31200000
correction_magnitude_mm,10.567637160420418,30946666
correction_magnitude_deg,0,30946666
prediction_position_error_mm,5.286572966724634,31200000
prediction_orientation_error_deg,0,31200000
prediction_position_error_mm,5.286572966724634,31300000
prediction_orientation_error_deg,0,31300000
owd_uplink_ms,76.7459,31400000
owd_downlink_ms,41.2247,31400000
owd_uplink_ms,28.2015,31400000
owd_downlink_ms,58.0434,31400000
prediction_position_error_mm,5.286572966724634,31400000
prediction_orientation_error_deg,0,31400000
owd_uplink_ms,59.553,31500000
owd_downlink_ms,59.2962,31500000
prediction_position_error_mm,15.862751752138138,31500000
prediction_orientation_error_deg,0,31500000
owd_uplink_ms,54.2584,31600000
owd_downlink_ms,39.8827,31600000
correction_magnitude_mm,5.286572966724634,31121275
correction_magnitude_deg,0,31121275
owd_uplink_ms,26.8801,31600000
owd_downlink_ms,51.1982,31600000
prediction_position_error_mm,10.576191358268261,31600000
prediction_orientation_error_deg,0,31600000
prediction_position_error_mm,31.72719106078148,31700000
prediction_orientation_error_deg,0,31700000
prediction_position_error_mm,37.01179847121239,31800000
prediction_orientation_error_deg,0,31800000
prediction_position_error_mm,37.01179847121239,31900000
prediction_orientation_error_deg,0,31900000
owd_uplink_ms,64.6649,32000000
owd_downlink_ms,38.8107,32000000
correction_magnitude_mm,10.576191358268261,31519354
correction_magnitude_deg,0,31519354
prediction_position_error_mm,31.718149781227112,32000000
prediction_orientation_error_deg,0,32000000
owd_uplink_ms,57.0919,32100000
owd_downlink_ms,53.8266,32100000
prediction_position_error_mm,31.718149781227112,32100000
prediction_orientation_error_deg,0,32100000
owd_uplink_ms,67.7627,32200000
owd_downlink_ms,24.9505,32200000
correction_magnitude_mm,26.43572725355625,31861757
correction_magnitude_deg,0,31861757
prediction_position_error_mm,15.838773921132088,32200000
prediction_orientation_error_deg,0,32200000
owd_uplink_ms,29.457,32300000
owd_downlink_ms,49.1307,32300000
prediction_position_error_mm,15.838773921132088,32300000
prediction_orientation_error_deg,0,32300000
owd_uplink_ms,40.2448,32400000
owd_downlink_ms,59.597,32400000
owd_uplink_ms,75.993,32400000
owd_downlink_ms,56.1235,32400000
prediction_position_error_mm,36.90324351191521,32400000
prediction_orientation_error_deg,0,32400000
owd_uplink_ms,59.1383,32500000
owd_downlink_ms,68.6798,32500000
prediction_position_error_mm,36.90324351191521,32500000
prediction_orientation_error_deg,0,32500000
prediction_position_error_mm,36.90324351191521,32600000
prediction_orientation_error_deg,0,32600000
owd_uplink_ms,49.0968,32700000
owd_downlink_ms,66.7881,32700000
correction_magnitude_mm,5.282469093799591,32019744
correction_magnitude_deg,0,32019744
prediction_position_error_mm,47.36166074872017,32700000
prediction_orientation_error_deg,0,32700000
owd_uplink_ms,42.8287,32800000
owd_downlink_ms,30.2639,32800000
correction_magnitude_mm,31.62083402276039,32404037
correction_magnitude_deg,0,32404037
owd_uplink_ms,32.1969,32800000
owd_downlink_ms,35.071,32800000
owd_uplink_ms,30.309,32800000
owd_downlink_ms,34.7429,32800000
prediction_position_error_mm,15.741059556603432,32800000
prediction_orientation_error_deg,0,32800000
owd_uplink_ms,45.5285,32900000
owd_downlink_ms,62.3921,32900000
prediction_position_error_mm,15.741059556603432,32900000
prediction_orientation_error_deg,0,32900000
owd_uplink_ms,66.6904,33000000
owd_downlink_ms,64.0327,33000000
prediction_position_error_mm,20.974526181817055,33000000
prediction_orientation_error_deg,0,33000000
owd_uplink_ms,56.6154,33100000
owd_downlink_ms,62.3756,33100000
prediction_position_error_mm,20.974526181817055,33100000
prediction_orientation_error_deg,0,33100000
owd_uplink_ms,28.8339,33200000
owd_downlink_ms,37.0879,33200000
correction_magnitude_mm,15.741059556603432,32748444
correction_magnitude_deg,0,32748444
prediction_position_error_mm,5.233482923358679,33200000
prediction_orientation_error_deg,0,33200000
prediction_position_error_mm,5.233482923358679,33300000
prediction_orientation_error_deg,0,33300000
prediction_position_error_mm,10.459388606250286,33400000
prediction_orientation_error_deg,0,33400000
owd_uplink_ms,58.1681,33500000
owd_downlink_ms,57.9162,33500000
prediction_position_error_mm,20.886506885290146,33500000
prediction_orientation_error_deg,0,33500000
owd_uplink_ms,50.9724,33600000
owd_downlink_ms,46.8013,33600000
correction_magnitude_mm,5.233482923358679,33042913
correction_magnitude_deg,0,33042913
prediction_position_error_mm,36.39483079314232,33600000
prediction_orientation_error_deg,0,33600000
prediction_position_error_mm,36.39483079314232,33700000
prediction_orientation_error_deg,0,33700000
owd_uplink_ms,76.082,33800000
owd_downlink_ms,62.6917,33800000
owd_uplink_ms,65.1618,33800000
owd_downlink_ms,30.6126,33800000
correction_magnitude_mm,15.653038397431374,33482989
correction_magnitude_deg,0,33482989
prediction_position_error_mm,20.741896703839302,33800000
prediction_orientation_error_deg,0,33800000
owd_uplink_ms,72.566,33900000
owd_downlink_ms,48.9747,33900000
prediction_position_error_mm,20.741896703839302,33900000
prediction_orientation_error_deg,0,33900000
prediction_position_error_mm,46.4184507727623,34000000
prediction_orientation_error_deg,0,34000000
owd_uplink_ms,63.7002,34100000
owd_downlink_ms,37.7621,34100000
correction_magnitude_mm,20.741896703839302,33721079
correction_magnitude_deg,0,33721079
prediction_position_error_mm,25.676768273115158,34100000
prediction_orientation_error_deg,0,34100000
prediction_position_error_mm,25.676768273115158,34200000
prediction_orientation_error_deg,0,34200000
owd_uplink_ms,65.5399,34300000
owd_downlink_ms,79.4356,34300000
owd_uplink_ms,18.6266,34300000
owd_downlink_ms,34.7426,34300000
correction_magnitude_mm,25.676768273115158,33941225
correction_magnitude_deg,0,33941225
prediction_position_error_mm,5.097123794257641,34300000
prediction_orientation_error_deg,0,34300000
owd_uplink_ms,35.8371,34400000
owd_downlink_ms,74.2954,34400000
owd_uplink_ms,63.6968,34400000
owd_downlink_ms,56.1041,34400000
owd_uplink_ms,67.2523,34400000
owd_downlink_ms,79.7185,34400000
prediction_position_error_mm,20.30338905751705,34400000
prediction_orientation_error_deg,0,34400000
prediction_position_error_mm,25.342164561152458,34500000
prediction_orientation_error_deg,0,34500000
prediction_position_error_mm,25.342164561152458,34600000
prediction_orientation_error_deg,0,34600000
owd_uplink_ms,68.14,34700000
owd_downlink_ms,45.9184,34700000
owd_uplink_ms,66.1049,34700000
owd_downlink_ms,57.9716,34700000
owd_uplink_ms,17.3573,34700000
owd_downlink_ms,28.56,34700000
correction_magnitude_mm,20.30338905751705,34355869
correction_magnitude_deg,0,34355869
prediction_position_error_mm,5.038795527070761,34700000
prediction_orientation_error_deg,0,34700000
owd_uplink_ms,53.1838,34800000
owd_downlink_ms,66.1264,34800000
owd_uplink_ms,56.4579,34800000
owd_downlink_ms,57.0931,34800000
prediction_position_error_mm,10.061844252049923,34800000
prediction_orientation_error_deg,0,34800000
prediction_position_error_mm,25.03158524632454,34900000
prediction_orientation_error_deg,0,34900000
owd_uplink_ms,26.3265,35000000
owd_downlink_ms,41.6973,35000000
correction_magnitude_mm,5.038795527070761,34492057
correction_magnitude_deg,0,34492057
prediction_position_error_mm,19.992809742689133,35000000
prediction_orientation_error_deg,0,35000000
owd_uplink_ms,47.4603,35100000
owd_downlink_ms,75.7652,35100000
prediction_position_error_mm,24.94804933667183,35100000
prediction_orientation_error_deg,0,35100000
owd_uplink_ms,28.9098,35200000
owd_downlink_ms,22.2081,35200000
correction_magnitude_mm,19.992809742689133,34919059
correction_magnitude_deg,0,34919059
owd_uplink_ms,47.6368,35200000
owd_downlink_ms,71.6956,35200000
prediction_position_error_mm,4.955258686095476,35200000
prediction_orientation_error_deg,0,35200000
owd_uplink_ms,50.8704,35300000
owd_downlink_ms,26.3156,35300000
owd_uplink_ms,60.9764,35300000
owd_downlink_ms,66.0894,35300000
owd_uplink_ms,44.1504,35300000
owd_downlink_ms,47.088,35300000
prediction_position_error_mm,9.892391972243786,35300000
prediction_orientation_error_deg,0,35300000
owd_uplink_ms,38.7724,35400000
owd_downlink_ms,21.4971,35400000
prediction_position_error_mm,9.85566433519125,35400000
prediction_orientation_error_deg,0,35400000
prediction_position_error_mm,19.635116681456566,35500000
prediction_orientation_error_deg,0,35500000
prediction_position_error_mm,19.635116681456566,35600000
prediction_orientation_error_deg,0,35600000
prediction_position_error_mm,24.495083838701248,35700000
prediction_orientation_error_deg,0,35700000
owd_uplink_ms,70.0227,35800000
owd_downlink_ms,53.818,35800000
prediction_position_error_mm,34.153252840042114,35800000
prediction_orientation_error_deg,0,35800000
owd_uplink_ms,32.2424,35900000
owd_downlink_ms,33.9112,35900000
correction_magnitude_mm,19.635116681456566,35488737
correction_magnitude_deg,0,35488737
prediction_position_error_mm,14.518216252326965,35900000
prediction_orientation_error_deg,0,35900000
prediction_position_error_mm,24.091016501188278,36000000
prediction_orientation_error_deg,0,36000000
owd_uplink_ms,48.7024,36100000
owd_downlink_ms,75.7512,36100000
prediction_position_error_mm,24.091016501188278,36100000
prediction_orientation_error_deg,0,36100000
owd_uplink_ms,71.5729,36200000
owd_downlink_ms,34.3238,36200000
correction_magnitude_mm,14.518216252326965,35775986
correction_magnitude_deg,0,35775986
owd_uplink_ms,43.2146,36200000
owd_downlink_ms,46.6881,36200000
owd_uplink_ms,48.9023,36200000
owd_downlink_ms,77.071,36200000
prediction_position_error_mm,9.572827257215977,36200000
prediction_orientation_error_deg,0,36200000
prediction_position_error_mm,9.572827257215977,36300000
prediction_orientation_error_deg,0,36300000
prediction_position_error_mm,33.107440918684006,36400000
prediction_orientation_error_deg,0,36400000
owd_uplink_ms,40.7245,36500000
owd_downlink_ms,40.562,36500000
correction_magnitude_mm,9.572827257215977,36015334
correction_magnitude_deg,0,36015334
owd_uplink_ms,37.8358,36500000
owd_downlink_ms,59.5382,36500000
prediction_position_error_mm,28.169894590973854,36500000
prediction_orientation_error_deg,0,36500000
owd_uplink_ms,56.9513,36600000
owd_downlink_ms,58.6322,36600000
owd_uplink_ms,54.0856,36600000
owd_downlink_ms,44.2683,36600000
prediction_position_error_mm,32.780177891254425,36600000
prediction_orientation_error_deg,0,36600000
prediction_position_error_mm,32.780177891254425,36700000
prediction_orientation_error_deg,0,36700000
owd_uplink_ms,73.2492,36800000
owd_downlink_ms,30.3557,36800000
correction_magnitude_mm,28.169894590973854,36478675
correction_magnitude_deg,0,36478675
prediction_position_error_mm,4.610318690538406,36800000
prediction_orientation_error_deg,0,36800000
owd_uplink_ms,24.5511,36900000
owd_downlink_ms,36.6027,36900000
prediction_position_error_mm,13.754396699368954,36900000
prediction_orientation_error_deg,0,36900000
owd_uplink_ms,26.9391,37000000
owd_downlink_ms,48.901,37000000
prediction_position_error_mm,22.793510928750038,37000000
prediction_orientation_error_deg,0,37000000
owd_uplink_ms,29.3201,37100000
owd_downlink_ms,44.3165,37100000
prediction_position_error_mm,18.183209002017975,37100000
prediction_orientation_error_deg,0,37100000
prediction_position_error_mm,27.11390145123005,37200000
prediction_orientation_error_deg,0,37200000
owd_uplink_ms,75.1856,37300000
owd_downlink_ms,62.0383,37300000
prediction_position_error_mm,27.11390145123005,37300000
prediction_orientation_error_deg,0,37300000
owd_uplink_ms,62.8468,37400000
owd_downlink_ms,76.06,37400000
prediction_position_error_mm,31.537547707557678,37400000
prediction_orientation_error_deg,0,37400000
owd_uplink_ms,44.4739,37500000
owd_downlink_ms,51.7894,37500000
correction_magnitude_mm,9.14408266544342,36932647
correction_magnitude_deg,0,36932647
owd_uplink_ms,50.5888,37500000
owd_downlink_ms,35.5728,37500000
correction_magnitude_mm,9.039141237735748,37113876
correction_magnitude_deg,0,37113876
owd_uplink_ms,66.1348,37500000
owd_downlink_ms,76.9118,37500000
prediction_position_error_mm,17.74967648088932,37500000
prediction_orientation_error_deg,0,37500000
prediction_position_error_mm,17.74967648088932,37600000
prediction_orientation_error_deg,0,37600000
owd_uplink_ms,44.0956,37700000
owd_downlink_ms,67.1006,37700000
prediction_position_error_mm,17.74967648088932,37700000
prediction_orientation_error_deg,0,37700000
owd_uplink_ms,37.2045,37800000
owd_downlink_ms,63.8837,37800000
owd_uplink_ms,40.7783,37800000
owd_downlink_ms,44.595,37800000
correction_magnitude_mm,8.930732496082783,37280750
correction_magnitude_deg,0,37280750
prediction_position_error_mm,26.108097285032272,37800000
prediction_orientation_error_deg,0,37800000
owd_uplink_ms,36.4658,37900000
owd_downlink_ms,56.8548,37900000
prediction_position_error_mm,30.355287715792656,37900000
prediction_orientation_error_deg,0,37900000
prediction_position_error_mm,30.355287715792656,38000000
prediction_orientation_error_deg,0,38000000
owd_uplink_ms,45.317,38100000
owd_downlink_ms,42.829,38100000
correction_magnitude_mm,8.818957954645157,37603125
correction_magnitude_deg,0,37603125
prediction_position_error_mm,21.536389365792274,38100000
prediction_orientation_error_deg,0,38100000
owd_uplink_ms,48.6119,38200000
owd_downlink_ms,64.8263,38200000
prediction_position_error_mm,21.536389365792274,38200000
prediction_orientation_error_deg,0,38200000
prediction_position_error_mm,21.536389365792274,38300000
prediction_orientation_error_deg,0,38300000
owd_uplink_ms,39.6081,38400000
owd_downlink_ms,40.4058,38400000
correction_magnitude_mm,17.2891803085804,37924388
correction_magnitude_deg,0,37924388
prediction_position_error_mm,25.012724101543427,38400000
prediction_orientation_error_deg,0,38400000
prediction_position_error_mm,25.012724101543427,38500000
prediction_orientation_error_deg,0,38500000
owd_uplink_ms,38.7064,38600000
owd_downlink_ms,48.5921,38600000
prediction_position_error_mm,28.844717890024185,38600000
prediction_orientation_error_deg,0,38600000
owd_uplink_ms,39.3099,38700000
owd_downlink_ms,13.2101,38700000
correction_magnitude_mm,20.765524357557297,38504119
correction_magnitude_deg,0,38504119
owd_uplink_ms,80.8578,38700000
owd_downlink_ms,57.0505,38700000
owd_uplink_ms,54.132,38700000
owd_downlink_ms,65.8857,38700000
prediction_position_error_mm,8.079255931079388,38700000
prediction_orientation_error_deg,0,38700000
owd_uplink_ms,84.0926,38800000
owd_downlink_ms,61.3605,38800000
prediction_position_error_mm,16.024133190512657,38800000
prediction_orientation_error_deg,0,38800000
prediction_position_error_mm,16.024133190512657,38900000
prediction_orientation_error_deg,0,38900000
prediction_position_error_mm,19.945213571190834,39000000
prediction_orientation_error_deg,0,39000000
owd_uplink_ms,44.1146,39100000
owd_downlink_ms,60.3985,39100000
prediction_position_error_mm,19.945213571190834,39100000
prediction_orientation_error_deg,0,39100000
owd_uplink_ms,36.352,39200000
owd_downlink_ms,23.9165,39200000
correction_magnitude_mm,16.024133190512657,38865443
correction_magnitude_deg,0,38865443
owd_uplink_ms,36.3423,39200000
owd_downlink_ms,44.5415,39200000
owd_uplink_ms,81.0519,39200000
owd_downlink_ms,58.0724,39200000
owd_uplink_ms,65.4014,39200000
owd_downlink_ms,59.0315,39200000
prediction_position_error_mm,15.474640764296055,39200000
prediction_orientation_error_deg,0,39200000
prediction_position_error_mm,15.474640764296055,39300000
prediction_orientation_error_deg,0,39300000
owd_uplink_ms,53.9467,39400000
owd_downlink_ms,49.8059,39400000
owd_uplink_ms,72.6726,39400000
owd_downlink_ms,63.7482,39400000
prediction_position_error_mm,22.998427972197533,39400000
prediction_orientation_error_deg,0,39400000
owd_uplink_ms,61.6785,39500000
owd_downlink_ms,34.1328,39500000
prediction_position_error_mm,22.78464287519455,39500000
prediction_orientation_error_deg,0,39500000
prediction_position_error_mm,22.78464287519455,39600000
prediction_orientation_error_deg,0,39600000
owd_uplink_ms,34.6759,39700000
owd_downlink_ms,60.2578,39700000
prediction_position_error_mm,22.78464287519455,39700000
prediction_orientation_error_deg,0,39700000
owd_uplink_ms,73.8044,39800000
owd_downlink_ms,28.9847,39800000
correction_magnitude_mm,22.78464287519455,39464193
correction_magnitude_deg,0,39464193
prediction_position_error_mm,0,39800000
prediction_orientation_error_deg,0,39800000
prediction_position_error_mm,3.6704016383737326,39900000
prediction_orientation_error_deg,0,39900000
owd_uplink_ms,27.1474,40000000
owd_downlink_ms,51.0549,40000000
owd_uplink_ms,23.7249,40000000
owd_downlink_ms,42.3085,40000000
owd_uplink_ms,35.7605,40000000
owd_downlink_ms,69.8026,40000000
prediction_position_error_mm,10.899130254983902,40000000
prediction_orientation_error_deg,0,40000000
owd_uplink_ms,47.176,40100000
owd_downlink_ms,52.4971,40100000
prediction_position_error_mm,21.456802263855934,40100000
prediction_orientation_error_deg,0,40100000
prediction_position_error_mm,21.456802263855934,40200000
prediction_orientation_error_deg,0,40200000
owd_uplink_ms,76.7787,40300000
owd_downlink_ms,59.4608,40300000
prediction_position_error_mm,21.456802263855934,40300000
prediction_orientation_error_deg,0,40300000
prediction_position_error_mm,31.663987785577774,40400000
prediction_orientation_error_deg,0,40400000
owd_uplink_ms,61.8731,40500000
owd_downlink_ms,55.8603,40500000
prediction_position_error_mm,27.993660420179367,40500000
prediction_orientation_error_deg,0,40500000
owd_uplink_ms,30.6176,40600000
owd_downlink_ms,44.0001,40600000
correction_magnitude_mm,17.786430194973946,40154073
correction_magnitude_deg,0,40154073
prediction_position_error_mm,13.53039313107729,40600000
prediction_orientation_error_deg,0,40600000
owd_uplink_ms,64.5169,40700000
owd_downlink_ms,32.2446,40700000
owd_uplink_ms,61.6266,40700000
owd_downlink_ms,56.1039,40700000
prediction_position_error_mm,13.53039313107729,40700000
prediction_orientation_error_deg,0,40700000
owd_uplink_ms,46.6479,40800000
owd_downlink_ms,70.3167,40800000
owd_uplink_ms,61.2652,40800000
owd_downlink_ms,37.6109,40800000
correction_magnitude_mm,10.207358747720718,40406846
correction_magnitude_deg,0,40406846
prediction_position_error_mm,3.3230483531951904,40800000
prediction_orientation_error_deg,0,40800000
prediction_position_error_mm,16.209974884986877,40900000
prediction_orientation_error_deg,0,40900000
owd_uplink_ms,29.2987,41000000
owd_downlink_ms,48.949,41000000
owd_uplink_ms,36.0299,41000000
owd_downlink_ms,36.6704,41000000
prediction_position_error_mm,12.886951677501202,41000000
prediction_orientation_error_deg,0,41000000
prediction_position_error_mm,12.886951677501202,41100000
prediction_orientation_error_deg,0,41100000
owd_uplink_ms,59.6735,41200000
owd_downlink_ms,51.9963,41200000
owd_uplink_ms,49.2122,41200000
owd_downlink_ms,69.9266,41200000
prediction_position_error_mm,16.00579172372818,41200000
prediction_orientation_error_deg,0,41200000
prediction_position_error_mm,16.00579172372818,41300000
prediction_orientation_error_deg,0,41300000
owd_uplink_ms,69.4339,41400000
owd_downlink_ms,31.4921,41400000
correction_magnitude_mm,12.886951677501202,41001076
correction_magnitude_deg,0,41001076
owd_uplink_ms,24.1575,41400000
owd_downlink_ms,44.3401,41400000
prediction_position_error_mm,9.231100790202618,41400000
prediction_orientation_error_deg,0,41400000
owd_uplink_ms,42.3011,41500000
owd_downlink_ms,28.3779,41500000
prediction_position_error_mm,9.105045348405838,41500000
prediction_orientation_error_deg,0,41500000
owd_uplink_ms,55.079,41600000
owd_downlink_ms,55.6585,41600000
prediction_position_error_mm,9.105045348405838,41600000
prediction_orientation_error_deg,0,41600000
owd_uplink_ms,51.8834,41700000
owd_downlink_ms,63.9172,41700000
prediction_position_error_mm,20.64734138548374,41700000
prediction_orientation_error_deg,0,41700000
owd_uplink_ms,56.0224,41800000
owd_downlink_ms,33.7807,41800000
correction_magnitude_mm,6.112242583185434,41396864
correction_magnitude_deg,0,41396864
prediction_position_error_mm,14.535203576087952,41800000
prediction_orientation_error_deg,0,41800000
prediction_position_error_mm,14.535203576087952,41900000
prediction_orientation_error_deg,0,41900000
owd_uplink_ms,30.3192,42000000
owd_downlink_ms,26.7931,42000000
correction_magnitude_mm,14.535203576087952,41692457
correction_magnitude_deg,0,41692457
prediction_position_error_mm,8.19921214133501,42000000
prediction_orientation_error_deg,0,42000000
prediction_position_error_mm,8.19921214133501,42100000
prediction_orientation_error_deg,0,42100000
owd_uplink_ms,50.7736,42200000
owd_downlink_ms,71.317,42200000
prediction_position_error_mm,8.19921214133501,42200000
prediction_orientation_error_deg,0,42200000
owd_uplink_ms,50.0466,42300000
owd_downlink_ms,66.7518,42300000
owd_uplink_ms,69.9173,42300000
owd_downlink_ms,43.2364,42300000
prediction_position_error_mm,13.443504460155964,42300000
prediction_orientation_error_deg,0,42300000
owd_uplink_ms,45.1435,42400000
owd_downlink_ms,64.6875,42400000
owd_uplink_ms,31.7003,42400000
owd_downlink_ms,61.638,42400000
owd_uplink_ms,35.3836,42400000
owd_downlink_ms,32.4892,42400000
correction_magnitude_mm,8.19921214133501,42063899
correction_magnitude_deg,0,42063899
prediction_position_error_mm,10.308999568223953,42400000
prediction_orientation_error_deg,0,42400000
prediction_position_error_mm,10.308999568223953,42500000
prediction_orientation_error_deg,0,42500000
prediction_position_error_mm,10.308999568223953,42600000
prediction_orientation_error_deg,0,42600000
owd_uplink_ms,71.5879,42700000
owd_downlink_ms,30.6381,42700000
correction_magnitude_mm,5.244349129498005,42312711
correction_magnitude_deg,0,42312711
owd_uplink_ms,38.6355,42700000
owd_downlink_ms,33.0614,42700000
owd_uplink_ms,23.7205,42700000
owd_downlink_ms,25.7723,42700000
correction_magnitude_mm,5.064684431999922,42408307
correction_magnitude_deg,0,42408307
prediction_position_error_mm,0,42700000
prediction_orientation_error_deg,0,42700000
prediction_position_error_mm,9.582909755408764,42800000
prediction_orientation_error_deg,0,42800000
owd_uplink_ms,73.8759,42900000
owd_downlink_ms,30.7446,42900000
prediction_position_error_mm,9.582909755408764,42900000
prediction_orientation_error_deg,0,42900000
owd_uplink_ms,52.4346,43000000
owd_downlink_ms,78.1386,43000000
prediction_position_error_mm,9.582909755408764,43000000
prediction_orientation_error_deg,0,43000000
owd_uplink_ms,42.273,43100000
owd_downlink_ms,26.7065,43100000
correction_magnitude_mm,9.582909755408764,42767067
correction_magnitude_deg,0,42767067
prediction_position_error_mm,4.514855798333883,43100000
prediction_orientation_error_deg,0,43100000
owd_uplink_ms,55.9574,43200000
owd_downlink_ms,61.8974,43200000
prediction_position_error_mm,6.70238584280014,43200000
prediction_orientation_error_deg,0,43200000
prediction_position_error_mm,10.936682112514973,43300000
prediction_orientation_error_deg,0,43300000
owd_uplink_ms,68.0919,43400000
owd_downlink_ms,41.6745,43400000
owd_uplink_ms,30.464,43400000
owd_downlink_ms,34.2245,43400000
prediction_position_error_mm,6.421925500035286,43400000
prediction_orientation_error_deg,0,43400000
prediction_position_error_mm,10.46745851635933,43500000
prediction_orientation_error_deg,0,43500000
owd_uplink_ms,27.1279,43600000
owd_downlink_ms,37.5711,43600000
owd_uplink_ms,57.9678,43600000
owd_downlink_ms,50.2537,43600000
owd_uplink_ms,23.407,43600000
owd_downlink_ms,75.1638,43600000
prediction_position_error_mm,8.279982954263687,43600000
prediction_orientation_error_deg,0,43600000
prediction_position_error_mm,12.13530171662569,43700000
prediction_orientation_error_deg,0,43700000
owd_uplink_ms,47.7692,43800000
owd_downlink_ms,63.1199,43800000
prediction_position_error_mm,13.991194777190685,43800000
prediction_orientation_error_deg,0,43800000
owd_uplink_ms,34.971,43900000
owd_downlink_ms,51.263,43900000
prediction_position_error_mm,9.75708942860365,43900000
prediction_orientation_error_deg,0,43900000
prediction_position_error_mm,9.75708942860365,44000000
prediction_orientation_error_deg,0,44000000
prediction_position_error_mm,9.75708942860365,44100000
prediction_orientation_error_deg,0,44100000
owd_uplink_ms,49.3433,44200000
owd_downlink_ms,64.7339,44200000
owd_uplink_ms,36.5433,44200000
owd_downlink_ms,59.7384,44200000
prediction_position_error_mm,5.711578764021397,44200000
prediction_orientation_error_deg,0,44200000
owd_uplink_ms,36.776,44300000
owd_downlink_ms,47.2332,44300000
prediction_position_error_mm,7.135835476219654,44300000
prediction_orientation_error_deg,0,44300000
prediction_position_error_mm,8.799128234386444,44400000
prediction_orientation_error_deg,0,44400000
prediction_position_error_mm,11.979973874986172,44500000
prediction_orientation_error_deg,0,44500000
owd_uplink_ms,37.3857,44600000
owd_downlink_ms,59.522,44600000
prediction_position_error_mm,13.110144063830376,44600000
prediction_orientation_error_deg,0,44600000
owd_uplink_ms,90.2075,44700000
owd_downlink_ms,59.7519,44700000
owd_uplink_ms,50.6317,44700000
owd_downlink_ms,14.8772,44700000
correction_magnitude_mm,6.943162530660629,44498109
correction_magnitude_deg,0,44498109
prediction_position_error_mm,6.167963612824678,44700000
prediction_orientation_error_deg,0,44700000
owd_uplink_ms,71.183,44800000
owd_downlink_ms,68.2118,44800000
owd_uplink_ms,57.4605,44800000
owd_downlink_ms,42.3461,44800000
prediction_position_error_mm,6.167963612824678,44800000
prediction_orientation_error_deg,0,44800000
prediction_position_error_mm,10.281197726726532,44900000
prediction_orientation_error_deg,0,44900000
owd_uplink_ms,78.252,45000000
owd_downlink_ms,51.3708,45000000
owd_uplink_ms,58.8785,45000000
owd_downlink_ms,34.9012,45000000
correction_magnitude_mm,6.167963612824678,44611926
correction_magnitude_deg,0,44611926
prediction_position_error_mm,4.114141687750816,45000000
prediction_orientation_error_deg,0,45000000
owd_uplink_ms,40.1172,45100000
owd_downlink_ms,51.674,45100000
owd_uplink_ms,31.217,45100000
owd_downlink_ms,40.6851,45100000
prediction_position_error_mm,4.114141687750816,45100000
prediction_orientation_error_deg,0,45100000
owd_uplink_ms,69.2753,45200000
owd_downlink_ms,67.8762,45200000
owd_uplink_ms,26.175,45200000
owd_downlink_ms,21.3799,45200000
prediction_position_error_mm,2.498492831364274,45200000
prediction_orientation_error_deg,0,45200000
prediction_position_error_mm,2.498492831364274,45300000
prediction_orientation_error_deg,0,45300000
owd_uplink_ms,71.9989,45400000
owd_downlink_ms,40.0852,45400000
prediction_position_error_mm,2.498492831364274,45400000
prediction_orientation_error_deg,0,45400000
owd_uplink_ms,63.0945,45500000
owd_downlink_ms,40.5312,45500000
prediction_position_error_mm,4.801306873559952,45500000
prediction_orientation_error_deg,0,45500000
prediction_position_error_mm,5.8793132193386555,45600000
prediction_orientation_error_deg,0,45600000
owd_uplink_ms,31.4906,45700000
owd_downlink_ms,72.9489,45700000
owd_uplink_ms,35.1773,45700000
owd_downlink_ms,46.7552,45700000
prediction_position_error_mm,3.3814269118010998,45700000
prediction_orientation_error_deg,0,45700000
owd_uplink_ms,47.1872,45800000
owd_downlink_ms,24.5048,45800000
prediction_position_error_mm,2.108214655891061,45800000
prediction_orientation_error_deg,0,45800000
prediction_position_error_mm,4.02199849486351,45900000
prediction_orientation_error_deg,0,45900000
owd_uplink_ms,54.2499,46000000
owd_downlink_ms,59.7378,46000000
prediction_position_error_mm,4.906232934445143,46000000
prediction_orientation_error_deg,0,46000000
owd_uplink_ms,61.0524,46100000
owd_downlink_ms,50.4115,46100000
prediction_position_error_mm,5.453160032629967,46100000
prediction_orientation_error_deg,0,46100000
owd_uplink_ms,41.5028,46200000
owd_downlink_ms,57.8439,46200000
prediction_position_error_mm,5.453160032629967,46200000
prediction_orientation_error_deg,0,46200000
owd_uplink_ms,44.5544,46300000
owd_downlink_ms,25.6295,46300000
prediction_position_error_mm,2.369501395151019,46300000
prediction_orientation_error_deg,0,46300000
owd_uplink_ms,52.9265,46400000
owd_downlink_ms,50.4451,46400000
prediction_position_error_mm,3.7143523804843426,46400000
prediction_orientation_error_deg,0,46400000
owd_uplink_ms,54.0226,46500000
owd_downlink_ms,63.1662,46500000
owd_uplink_ms,37.2144,46500000
owd_downlink_ms,38.9399,46500000
prediction_position_error_mm,2.0897635258734226,46500000
prediction_orientation_error_deg,0,46500000
owd_uplink_ms,49.7111,46600000
owd_downlink_ms,64.7199,46600000
prediction_position_error_mm,3.2547295559197664,46600000
prediction_orientation_error_deg,0,46600000
prediction_position_error_mm,4.243410192430019,46700000
prediction_orientation_error_deg,0,46700000
owd_uplink_ms,45.2516,46800000
owd_downlink_ms,42.3715,46800000
prediction_position_error_mm,3.938712179660797,46800000
prediction_orientation_error_deg,0,46800000
owd_uplink_ms,38.775,46900000
owd_downlink_ms,27.494,46900000
prediction_position_error_mm,1.4414344914257526,46900000
prediction_orientation_error_deg,0,46900000
owd_uplink_ms,38.3483,47000000
owd_downlink_ms,51.3875,47000000
prediction_position_error_mm,1.4414344914257526,47000000
prediction_orientation_error_deg,0,47000000
owd_uplink_ms,74.4921,47100000
owd_downlink_ms,61.4024,47100000
prediction_position_error_mm,2.213180996477604,47100000
prediction_orientation_error_deg,0,47100000
owd_uplink_ms,67.1944,47200000
owd_downlink_ms,31.5249,47200000
prediction_position_error_mm,1.4542123535647988,47200000
prediction_orientation_error_deg,0,47200000
prediction_position_error_mm,1.756724203005433,47300000
prediction_orientation_error_deg,0,47300000
owd_uplink_ms,59.0154,47400000
owd_downlink_ms,39.117,47400000
owd_uplink_ms,27.8071,47400000
owd_downlink_ms,30.5901,47400000
owd_uplink_ms,61.5893,47400000
owd_downlink_ms,78.7253,47400000
prediction_position_error_mm,1.2986311921849847,47400000
prediction_orientation_error_deg,0,47400000
owd_uplink_ms,24.5859,47500000
owd_downlink_ms,64.8105,47500000
owd_uplink_ms,34.2293,47500000
owd_downlink_ms,72.8623,47500000
prediction_position_error_mm,1.5974933048710227,47500000
prediction_orientation_error_deg,0,47500000
owd_uplink_ms,31.5181,47600000
owd_downlink_ms,29.6876,47600000
owd_uplink_ms,47.3133,47600000
owd_downlink_ms,44.2846,47600000
prediction_position_error_mm,0.9463326423428953,47600000
prediction_orientation_error_deg,0,47600000
owd_uplink_ms,42.2917,47700000
owd_downlink_ms,35.9745,47700000
prediction_position_error_mm,0.9463326423428953,47700000
prediction_orientation_error_deg,0,47700000
owd_uplink_ms,28.6977,47800000
owd_downlink_ms,28.9799,47800000
prediction_position_error_mm,0.9976566070690751,47800000
prediction_orientation_error_deg,0,47800000
owd_uplink_ms,28.8743,47900000
owd_downlink_ms,32.9916,47900000
prediction_position_error_mm,0.6833873339928687,47900000
prediction_orientation_error_deg,0,47900000
owd_uplink_ms,34.7788,48000000
owd_downlink_ms,55.2278,48000000
prediction_position_error_mm,0.6833873339928687,48000000
prediction_orientation_error_deg,0,48000000
owd_uplink_ms,43.1837,48100000
owd_downlink_ms,21.551,48100000
prediction_position_error_mm,0.7870718836784363,48100000
prediction_orientation_error_deg,0,48100000
prediction_position_error_mm,0.7870718836784363,48200000
prediction_orientation_error_deg,0,48200000
prediction_position_error_mm,1.2287606950849295,48300000
prediction_orientation_error_deg,0,48300000
prediction_position_error_mm,2.779153408482671,48400000
prediction_orientation_error_deg,0,48400000
owd_uplink_ms,55.8083,48500000
owd_downlink_ms,47.281,48500000
prediction_position_error_mm,2.779153408482671,48500000
prediction_orientation_error_deg,0,48500000
prediction_position_error_mm,2.779153408482671,48600000
prediction_orientation_error_deg,0,48600000
owd_uplink_ms,45.1938,48700000
owd_downlink_ms,47.5991,48700000
prediction_position_error_mm,2.614635741338134,48700000
prediction_orientation_error_deg,0,48700000
owd_uplink_ms,35.7423,48800000
owd_downlink_ms,33.1935,48800000
prediction_position_error_mm,1.2623934308066964,48800000
prediction_orientation_error_deg,0,48800000
owd_uplink_ms,66.2181,48900000
owd_downlink_ms,62.0318,48900000
prediction_position_error_mm,4.3358164839446545,48900000
prediction_orientation_error_deg,0,48900000
owd_uplink_ms,58.2851,49000000
owd_downlink_ms,57.2451,49000000
prediction_position_error_mm,4.3358164839446545,49000000
prediction_orientation_error_deg,0,49000000
owd_uplink_ms,52.0476,49100000
owd_downlink_ms,28.4903,49100000
prediction_position_error_mm,4.900718107819557,49100000
prediction_orientation_error_deg,0,49100000
owd_uplink_ms,53.8572,49200000
owd_downlink_ms,70.3372,49200000
prediction_position_error_mm,4.900718107819557,49200000
prediction_orientation_error_deg,0,49200000
owd_uplink_ms,45.3367,49300000
owd_downlink_ms,29.6743,49300000
owd_uplink_ms,55.0583,49300000
owd_downlink_ms,59.3464,49300000
prediction_position_error_mm,2.8106882236897945,49300000
prediction_orientation_error_deg,0,49300000
owd_uplink_ms,23.1546,49400000
owd_downlink_ms,24.9321,49400000
owd_uplink_ms,30.1395,49400000
owd_downlink_ms,44.3343,49400000
owd_uplink_ms,72.4558,49400000
owd_downlink_ms,30.2872,49400000
owd_uplink_ms,72.2363,49400000
owd_downlink_ms,70.7971,49400000
prediction_position_error_mm,2.0194780081510544,49400000
prediction_orientation_error_deg,0,49400000
prediction_position_error_mm,2.0194780081510544,49500000
prediction_orientation_error_deg,0,49500000
prediction_position_error_mm,2.0194780081510544,49600000
prediction_orientation_error_deg,0,49600000
owd_uplink_ms,34.8903,49700000
owd_downlink_ms,35.1785,49700000
owd_uplink_ms,39.9947,49700000
owd_downlink_ms,45.4106,49700000
owd_uplink_ms,72.813,49700000
owd_downlink_ms,51.6892,49700000
owd_uplink_ms,32.7731,49700000
owd_downlink_ms,32.5746,49700000
prediction_position_error_mm,0,49700000
prediction_orientation_error_deg,0,49700000
prediction_position_error_mm,1.0829836828634143,49800000
prediction_orientation_error_deg,0,49800000
prediction_position_error_mm,7.232272066175938,49900000
prediction_orientation_error_deg,0,49900000
prediction_position_error_mm,7.232272066175938,50000000
prediction_orientation_error_deg,0,50000000
prediction_position_error_mm,0,100000
prediction_orientation_error_deg,0,100000
prediction_position_error_mm,0,200000
prediction_orientation_error_deg,0,200000
prediction_position_error_mm,0,300000
prediction_orientation_error_deg,0,300000
prediction_position_error_mm,0,400000
prediction_orientation_error_deg,0,400000
prediction_position_error_mm,0,500000
prediction_orientation_error_deg,0,500000
prediction_position_error_mm,1300.0091314315796,600000
prediction_orientation_error_deg,0,600000
prediction_position_error_mm,1300.0091314315796,700000
prediction_orientation_error_deg,0,700000
prediction_position_error_mm,1300.0091314315796,800000
prediction_orientation_error_deg,0,800000
prediction_position_error_mm,1300.0091314315796,900000
prediction_orientation_error_deg,0,900000
owd_uplink_ms,30.0563,1000000
owd_downlink_ms,30.0563,1000000
correction_magnitude_mm,1300.0091314315796,615151
correction_magnitude_deg,0,615151
prediction_position_error_mm,4.998552147299051,1000000
prediction_orientation_error_deg,0,1000000
prediction_position_error_mm,4.998552147299051,1100000
prediction_orientation_error_deg,0,1100000
owd_uplink_ms,55.9465,1200000
owd_downlink_ms,32.4825,1200000
prediction_position_error_mm,29.96126003563404,1200000
prediction_orientation_error_deg,0,1200000
prediction_position_error_mm,29.96126003563404,1300000
prediction_orientation_error_deg,0,1300000
owd_uplink_ms,72.3537,1400000
owd_downlink_ms,45.8727,1400000
prediction_position_error_mm,34.944526851177216,1400000
prediction_orientation_error_deg,0,1400000
prediction_position_error_mm,34.944526851177216,1500000
prediction_orientation_error_deg,0,1500000
owd_uplink_ms,48.6789,1600000
owd_downlink_ms,40.9383,1600000
correction_magnitude_mm,29.96126003563404,1143045
correction_magnitude_deg,0,1143045
prediction_position_error_mm,4.98349079862237,1600000
prediction_orientation_error_deg,0,1600000
owd_uplink_ms,53.1522,1700000
owd_downlink_ms,64.6349,1700000
owd_uplink_ms,42.819,1700000
owd_downlink_ms,45.4714,1700000
prediction_position_error_mm,9.962867945432663,1700000
prediction_orientation_error_deg,0,1700000
owd_uplink_ms,71.0794,1800000
owd_downlink_ms,48.3922,1800000
owd_uplink_ms,31.5682,1800000
owd_downlink_ms,41.6709,1800000
prediction_position_error_mm,4.979388322681189,1800000
prediction_orientation_error_deg,0,1800000
prediction_position_error_mm,9.954208508133888,1900000
prediction_orientation_error_deg,0,1900000
owd_uplink_ms,27.7372,2000000
owd_downlink_ms,70.4946,2000000
owd_uplink_ms,64.651,2000000
owd_downlink_ms,47.6821,2000000
prediction_position_error_mm,9.954208508133888,2000000
prediction_orientation_error_deg,0,2000000
prediction_position_error_mm,24.846632033586502,2100000
prediction_orientation_error_deg,0,2100000
prediction_position_error_mm,44.61115971207619,2200000
prediction_orientation_error_deg,0,2200000
prediction_position_error_mm,44.61115971207619,2300000
prediction_orientation_error_deg,0,2300000
owd_uplink_ms,58.5705,2400000
owd_downlink_ms,69.1735,2400000
prediction_position_error_mm,39.632171392440796,2400000
prediction_orientation_error_deg,0,2400000
owd_uplink_ms,48.4414,2500000
owd_downlink_ms,40.7262,2500000
correction_magnitude_mm,19.86735500395298,2080832
correction_magnitude_deg,0,2080832
prediction_position_error_mm,19.76553350687027,2500000
prediction_orientation_error_deg,0,2500000
owd_uplink_ms,67.2107,2600000
owd_downlink_ms,46.0868,2600000
owd_uplink_ms,68.3654,2600000
owd_downlink_ms,46.6798,2600000
correction_magnitude_mm,19.76553350687027,2127322
correction_magnitude_deg,0,2127322
owd_uplink_ms,51.7452,2600000
owd_downlink_ms,38.3609,2600000
prediction_position_error_mm,14.74011316895485,2600000
prediction_orientation_error_deg,0,2600000
owd_uplink_ms,55.447,2700000
owd_downlink_ms,81.5821,2700000
prediction_position_error_mm,14.74011316895485,2700000
prediction_orientation_error_deg,0,2700000
prediction_position_error_mm,14.74011316895485,2800000
prediction_orientation_error_deg,0,2800000
owd_uplink_ms,28.564,2900000
owd_downlink_ms,69.7106,2900000
prediction_position_error_mm,14.74011316895485,2900000
prediction_orientation_error_deg,0,2900000
owd_uplink_ms,35.616,3000000
owd_downlink_ms,32.6944,3000000
correction_magnitude_mm,14.74011316895485,2591044
correction_magnitude_deg,0,2591044
prediction_position_error_mm,9.780054911971092,3000000
prediction_orientation_error_deg,0,3000000
owd_uplink_ms,66.1015,3100000
owd_downlink_ms,61.758,3100000
owd_uplink_ms,62.8344,3100000
owd_downlink_ms,39.8816,3100000
prediction_position_error_mm,19.5185374468565,3100000
prediction_orientation_error_deg,0,3100000
prediction_position_error_mm,34.040432423353195,3200000
prediction_orientation_error_deg,0,3200000
owd_uplink_ms,72.9864,3300000
owd_downlink_ms,66.5857,3300000
prediction_position_error_mm,34.040432423353195,3300000
prediction_orientation_error_deg,0,3300000
owd_uplink_ms,42.1203,3400000
owd_downlink_ms,29.4866,3400000
correction_magnitude_mm,19.5185374468565,3033133
correction_magnitude_deg,0,3033133
prediction_position_error_mm,24.141835048794746,3400000
prediction_orientation_error_deg,0,3400000
owd_uplink_ms,61.7739,3500000
owd_downlink_ms,74.0054,3500000
owd_uplink_ms,52.4126,3500000
owd_downlink_ms,54.3117,3500000
prediction_position_error_mm,28.93155813217163,3500000
prediction_orientation_error_deg,0,3500000
owd_uplink_ms,64.0179,3600000
owd_downlink_ms,48.7274,3600000
prediction_position_error_mm,28.93155813217163,3600000
prediction_orientation_error_deg,0,3600000
prediction_position_error_mm,38.46888616681099,3700000
prediction_orientation_error_deg,0,3700000
owd_uplink_ms,20.1346,3800000
owd_downlink_ms,38.5458,3800000
correction_magnitude_mm,24.141835048794746,3354700
correction_magnitude_deg,0,3354700
prediction_position_error_mm,19.074903801083565,3800000
prediction_orientation_error_deg,0,3800000
owd_uplink_ms,70.8217,3900000
owd_downlink_ms,45.5344,3900000
prediction_position_error_mm,14.285070821642876,3900000
prediction_orientation_error_deg,0,3900000
owd_uplink_ms,25.166,4000000
owd_downlink_ms,73.1198,4000000
owd_uplink_ms,35.0807,4000000
owd_downlink_ms,69.8944,4000000
owd_uplink_ms,72.1221,4000000
owd_downlink_ms,66.3397,4000000
prediction_position_error_mm,23.73352460563183,4000000
prediction_orientation_error_deg,0,4000000
prediction_position_error_mm,28.433969244360924,4100000
prediction_orientation_error_deg,0,4100000
owd_uplink_ms,28.7927,4200000
owd_downlink_ms,59.2079,4200000
owd_uplink_ms,71.8879,4200000
owd_downlink_ms,44.1677,4200000
correction_magnitude_mm,9.537939913570881,3722692
correction_magnitude_deg,0,3722692
prediction_position_error_mm,18.896348774433136,4200000
prediction_orientation_error_deg,0,4200000
owd_uplink_ms,27.3811,4300000
owd_downlink_ms,37.2308,4300000
prediction_position_error_mm,14.149260707199574,4300000
prediction_orientation_error_deg,0,4300000
owd_uplink_ms,44.278,4400000
owd_downlink_ms,63.7168,4400000
prediction_position_error_mm,14.149260707199574,4400000
prediction_orientation_error_deg,0,4400000
owd_uplink_ms,36.5605,4500000
owd_downlink_ms,62.4764,4500000
prediction_position_error_mm,32.783761620521545,4500000
prediction_orientation_error_deg,0,4500000
prediction_position_error_mm,32.783761620521545,4600000
prediction_orientation_error_deg,0,4600000
owd_uplink_ms,38.1792,4700000
owd_downlink_ms,56.9189,4700000
correction_magnitude_mm,9.448655880987644,4115120
correction_magnitude_deg,0,4115120
prediction_position_error_mm,23.335594683885574,4700000
prediction_orientation_error_deg,0,4700000
owd_uplink_ms,36.2471,4800000
owd_downlink_ms,49.036,4800000
owd_uplink_ms,81.9835,4800000
owd_downlink_ms,31.2027,4800000
prediction_position_error_mm,18.635090440511703,4800000
prediction_orientation_error_deg,0,4800000
owd_uplink_ms,62.9999,4900000
owd_downlink_ms,21.1669,4900000
correction_magnitude_mm,18.635090440511703,4615338
correction_magnitude_deg,0,4615338
owd_uplink_ms,31.1664,4900000
owd_downlink_ms,33.2735,4900000
prediction_position_error_mm,0,4900000
prediction_orientation_error_deg,0,4900000
prediction_position_error_mm,4.614921752363443,5000000
prediction_orientation_error_deg,0,5000000
owd_uplink_ms,66.6718,5100000
owd_downlink_ms,37.1478,5100000
prediction_position_error_mm,9.211495518684387,5100000
prediction_orientation_error_deg,0,5100000
prediction_position_error_mm,13.789278455078602,5200000
prediction_orientation_error_deg,0,5200000
owd_uplink_ms,65.6972,5300000
owd_downlink_ms,50.8084,5300000
prediction_position_error_mm,31.904567033052444,5300000
prediction_orientation_error_deg,0,5300000
owd_uplink_ms,57.6554,5400000
owd_downlink_ms,28.9191,5400000
correction_magnitude_mm,9.211495518684387,5026535
correction_magnitude_deg,0,5026535
prediction_position_error_mm,22.693613544106483,5400000
prediction_orientation_error_deg,0,5400000
owd_uplink_ms,59.4739,5500000
owd_downlink_ms,55.7041,5500000
prediction_position_error_mm,22.693613544106483,5500000
prediction_orientation_error_deg,0,5500000
owd_uplink_ms,53.9251,5600000
owd_downlink_ms,40.759,5600000
prediction_position_error_mm,22.594083100557327,5600000
prediction_orientation_error_deg,0,5600000
prediction_position_error_mm,31.486570835113525,5700000
prediction_orientation_error_deg,0,5700000
prediction_position_error_mm,44.66003552079201,5800000
prediction_orientation_error_deg,0,5800000
owd_uplink_ms,30.2908,5900000
owd_downlink_ms,60.73,5900000
correction_magnitude_mm,18.115943297743797,5243416
correction_magnitude_deg,0,5243416
owd_uplink_ms,52.2666,5900000
owd_downlink_ms,36.6506,5900000
prediction_position_error_mm,26.414301246404648,5900000
prediction_orientation_error_deg,0,5900000
owd_uplink_ms,45.2268,6000000
owd_downlink_ms,31.8628,6000000
correction_magnitude_mm,8.893068879842758,5607192
correction_magnitude_deg,0,5607192
owd_uplink_ms,54.5935,6000000
owd_downlink_ms,73.1004,6000000
prediction_position_error_mm,17.521658912301064,6000000
prediction_orientation_error_deg,0,6000000
owd_uplink_ms,57.1617,6100000
owd_downlink_ms,72.3386,6100000
prediction_position_error_mm,17.521658912301064,6100000
prediction_orientation_error_deg,0,6100000
owd_uplink_ms,42.6524,6200000
owd_downlink_ms,46.9561,6200000
owd_uplink_ms,68.438,6200000
owd_downlink_ms,64.144,6200000
prediction_position_error_mm,17.521658912301064,6200000
prediction_orientation_error_deg,0,6200000
owd_uplink_ms,20.7317,6300000
owd_downlink_ms,34.1406,6300000
correction_magnitude_mm,17.521658912301064,5866071
correction_magnitude_deg,0,5866071
prediction_position_error_mm,12.898770160973072,6300000
prediction_orientation_error_deg,0,6300000
owd_uplink_ms,55.3621,6400000
owd_downlink_ms,34.0272,6400000
prediction_position_error_mm,12.898770160973072,6400000
prediction_orientation_error_deg,0,6400000
prediction_position_error_mm,25.578755885362625,6500000
prediction_orientation_error_deg,0,6500000
owd_uplink_ms,32.8028,6600000
owd_downlink_ms,28.949,6600000
correction_magnitude_mm,12.898770160973072,6234586
correction_magnitude_deg,0,6234586
owd_uplink_ms,27.5868,6600000
owd_downlink_ms,75.6962,6600000
prediction_position_error_mm,12.680531479418278,6600000
prediction_orientation_error_deg,0,6600000
owd_uplink_ms,72.8434,6700000
owd_downlink_ms,59.131,6700000
prediction_position_error_mm,21.008282899856567,6700000
prediction_orientation_error_deg,0,6700000
owd_uplink_ms,60.0394,6800000
owd_downlink_ms,38.7998,6800000
owd_uplink_ms,17.5413,6800000
owd_downlink_ms,28.8407,6800000
correction_magnitude_mm,12.680531479418278,6465159
correction_magnitude_deg,0,6465159
prediction_position_error_mm,8.328071795403957,6800000
prediction_orientation_error_deg,0,6800000
prediction_position_error_mm,8.328071795403957,6900000
prediction_orientation_error_deg,0,6900000
prediction_position_error_mm,16.55244082212448,7000000
prediction_orientation_error_deg,0,7000000
prediction_position_error_mm,20.62491700053215,7100000
prediction_orientation_error_deg,0,7100000
owd_uplink_ms,55.3787,7200000
owd_downlink_ms,49.5474,7200000
correction_magnitude_mm,8.328071795403957,6657871
correction_magnitude_deg,0,6657871
owd_uplink_ms,67.7447,7200000
owd_downlink_ms,63.9394,7200000
prediction_position_error_mm,12.297187931835651,7200000
prediction_orientation_error_deg,0,7200000
owd_uplink_ms,27.2186,7300000
owd_downlink_ms,26.9237,7300000
correction_magnitude_mm,8.224548771977425,6952747
correction_magnitude_deg,0,6952747
owd_uplink_ms,23.3728,7300000
owd_downlink_ms,54.1967,7300000
prediction_position_error_mm,4.07270947471261,7300000
prediction_orientation_error_deg,0,7300000
owd_uplink_ms,63.4883,7400000
owd_downlink_ms,62.016,7400000
prediction_position_error_mm,16.12863689661026,7400000
prediction_orientation_error_deg,0,7400000
prediction_position_error_mm,16.12863689661026,7500000
prediction_orientation_error_deg,0,7500000
owd_uplink_ms,66.9363,7600000
owd_downlink_ms,60.2734,7600000
prediction_position_error_mm,20.092139020562172,7600000
prediction_orientation_error_deg,0,7600000
owd_uplink_ms,45.1272,7700000
owd_downlink_ms,64.3032,7700000
prediction_position_error_mm,31.813036650419235,7700000
prediction_orientation_error_deg,0,7700000
owd_uplink_ms,36.3132,7800000
owd_downlink_ms,59.5264,7800000
owd_uplink_ms,34.0159,7800000
owd_downlink_ms,35.0844,7800000
correction_magnitude_mm,12.056075967848301,7435430
correction_magnitude_deg,0,7435430
prediction_position_error_mm,15.686077997088432,7800000
prediction_orientation_error_deg,0,7800000
owd_uplink_ms,49.7978,7900000
owd_downlink_ms,45.4149,7900000
prediction_position_error_mm,15.686077997088432,7900000
prediction_orientation_error_deg,0,7900000
owd_uplink_ms,43.082,8000000
owd_downlink_ms,32.8403,8000000
prediction_position_error_mm,19.393857568502426,8000000
prediction_orientation_error_deg,0,8000000
prediction_position_error_mm,26.947660371661186,8100000
prediction_orientation_error_deg,0,8100000
owd_uplink_ms,31.4088,8200000
owd_downlink_ms,37.6683,8200000
correction_magnitude_mm,11.722484603524208,7724973
correction_magnitude_deg,0,7724973
prediction_position_error_mm,15.226412564516068,8200000
prediction_orientation_error_deg,0,8200000
owd_uplink_ms,43.8066,8300000
owd_downlink_ms,47.9595,8300000
owd_uplink_ms,31.6766,8300000
owd_downlink_ms,20.0448,8300000
correction_magnitude_mm,7.671806029975414,8015624
correction_magnitude_deg,0,8015624
prediction_position_error_mm,7.554852869361639,8300000
prediction_orientation_error_deg,0,8300000
owd_uplink_ms,57.9858,8400000
owd_downlink_ms,40.8426,8400000
owd_uplink_ms,72.0462,8400000
owd_downlink_ms,75.9498,8400000
prediction_position_error_mm,18.663208931684494,8400000
prediction_orientation_error_deg,0,8400000
owd_uplink_ms,27.1378,8500000
owd_downlink_ms,31.7628,8500000
correction_magnitude_mm,7.554852869361639,8099977
correction_magnitude_deg,0,8099977
prediction_position_error_mm,11.10884826630354,8500000
prediction_orientation_error_deg,0,8500000
prediction_position_error_mm,11.10884826630354,8600000
prediction_orientation_error_deg,0,8600000
owd_uplink_ms,57.1267,8700000
owd_downlink_ms,54.5667,8700000
owd_uplink_ms,31.7014,8700000
owd_downlink_ms,29.8734,8700000
correction_magnitude_mm,11.10884826630354,8394492
correction_magnitude_deg,0,8394492
owd_uplink_ms,25.8481,8700000
owd_downlink_ms,30.0122,8700000
prediction_position_error_mm,0,8700000
prediction_orientation_error_deg,0,8700000
prediction_position_error_mm,10.835625231266022,8800000
prediction_orientation_error_deg,0,8800000
prediction_position_error_mm,10.835625231266022,8900000
prediction_orientation_error_deg,0,8900000
prediction_position_error_mm,14.385666698217392,9000000
prediction_orientation_error_deg,0,9000000
owd_uplink_ms,44.2339,9100000
owd_downlink_ms,62.5327,9100000
prediction_position_error_mm,14.385666698217392,9100000
prediction_orientation_error_deg,0,9100000
owd_uplink_ms,34.8945,9200000
owd_downlink_ms,31.4897,9200000
correction_magnitude_mm,10.835625231266022,8818313
correction_magnitude_deg,0,8818313
owd_uplink_ms,55.4253,9200000
owd_downlink_ms,35.8653,9200000
prediction_position_error_mm,3.550270339474082,9200000
prediction_orientation_error_deg,0,9200000
owd_uplink_ms,49.5677,9300000
owd_downlink_ms,37.8935,9300000
owd_uplink_ms,69.4634,9300000
owd_downlink_ms,78.1665,9300000
prediction_position_error_mm,7.069431245326996,9300000
prediction_orientation_error_deg,0,9300000
prediction_position_error_mm,14.013387262821198,9400000
prediction_orientation_error_deg,0,9400000
prediction_position_error_mm,14.013387262821198,9500000
prediction_orientation_error_deg,0,9500000
prediction_position_error_mm,20.830221474170685,9600000
prediction_orientation_error_deg,0,9600000
owd_uplink_ms,45.0238,9700000
owd_downlink_ms,69.0654,9700000
prediction_position_error_mm,27.265138924121857,9700000
prediction_orientation_error_deg,0,9700000
owd_uplink_ms,60.0676,9800000
owd_downlink_ms,48.3452,9800000
prediction_position_error_mm,27.010727673768997,9800000
prediction_orientation_error_deg,0,9800000
prediction_position_error_mm,27.010727673768997,9900000
prediction_orientation_error_deg,0,9900000
owd_uplink_ms,71.7118,10000000
owd_downlink_ms,45.5742,10000000
correction_magnitude_mm,6.9442871026694775,9462000
correction_magnitude_deg,0,9462000
prediction_position_error_mm,20.06865106523037,10000000
prediction_orientation_error_deg,0,10000000
owd_uplink_ms,53.9855,10100000
owd_downlink_ms,68.8047,10100000
prediction_position_error_mm,23.30019325017929,10100000
prediction_orientation_error_deg,0,10100000
owd_uplink_ms,37.1185,10200000
owd_downlink_ms,46.2837,10200000
correction_magnitude_mm,16.80448092520237,9691982
correction_magnitude_deg,0,9691982
owd_uplink_ms,50.2503,10200000
owd_downlink_ms,56.2185,10200000
owd_uplink_ms,38.8613,10200000
owd_downlink_ms,36.5913,10200000
prediction_position_error_mm,3.2326120417565107,10200000
prediction_orientation_error_deg,0,10200000
prediction_position_error_mm,15.83748310804367,10300000
prediction_orientation_error_deg,0,10300000
owd_uplink_ms,42.4506,10400000
owd_downlink_ms,60.85,10400000
owd_uplink_ms,54.8021,10400000
owd_downlink_ms,60.2038,10400000
prediction_position_error_mm,15.83748310804367,10400000
prediction_orientation_error_deg,0,10400000
owd_uplink_ms,72.886,10500000
owd_downlink_ms,68.2322,10500000
prediction_position_error_mm,24.94623325765133,10500000
prediction_orientation_error_deg,0,10500000
prediction_position_error_mm,24.94623325765133,10600000
prediction_orientation_error_deg,0,10600000
owd_uplink_ms,57.2005,10700000
owd_downlink_ms,51.3408,10700000
prediction_position_error_mm,21.715296432375908,10700000
prediction_orientation_error_deg,0,10700000
owd_uplink_ms,74.6537,10800000
owd_downlink_ms,36.4112,10800000
correction_magnitude_mm,12.605450116097927,10365411
correction_magnitude_deg,0,10365411
prediction_position_error_mm,9.11251362413168,10800000
prediction_orientation_error_deg,0,10800000
prediction_position_error_mm,17.930055037140846,10900000
prediction_orientation_error_deg,0,10900000
owd_uplink_ms,38.0823,11000000
owd_downlink_ms,61.1359,11000000
owd_uplink_ms,51.262,11000000
owd_downlink_ms,58.3624,11000000
prediction_position_error_mm,17.930055037140846,11000000
prediction_orientation_error_deg,0,11000000
owd_uplink_ms,60.4896,11100000
owd_downlink_ms,68.8256,11100000
owd_uplink_ms,55.4853,11100000
owd_downlink_ms,32.3001,11100000
correction_magnitude_mm,9.11251362413168,10684542
correction_magnitude_deg,0,10684542
owd_uplink_ms,22.9257,11100000
owd_downlink_ms,49.8325,11100000
prediction_position_error_mm,14.535728842020035,11100000
prediction_orientation_error_deg,0,11100000
prediction_position_error_mm,14.535728842020035,11200000
prediction_orientation_error_deg,0,11200000
owd_uplink_ms,58.1916,11300000
owd_downlink_ms,62.5663,11300000
prediction_position_error_mm,20.1211366802454,11300000
prediction_orientation_error_deg,0,11300000
owd_uplink_ms,34.7463,11400000
owd_downlink_ms,41.6231,11400000
correction_magnitude_mm,8.819477632641792,10932238
correction_magnitude_deg,0,10932238
prediction_position_error_mm,11.30506582558155,11400000
prediction_orientation_error_deg,0,11400000
owd_uplink_ms,48.1266,11500000
owd_downlink_ms,30.7378,11500000
correction_magnitude_mm,5.717437248677015,11110502
correction_magnitude_deg,0,11110502
prediction_position_error_mm,5.588320083916187,11500000
prediction_orientation_error_deg,0,11500000
owd_uplink_ms,75.2419,11600000
owd_downlink_ms,43.0937,11600000
prediction_position_error_mm,11.047753505408764,11600000
prediction_orientation_error_deg,0,11600000
owd_uplink_ms,66.2092,11700000
owd_downlink_ms,51.7142,11700000
prediction_position_error_mm,11.047753505408764,11700000
prediction_orientation_error_deg,0,11700000
prediction_position_error_mm,18.996041268110275,11800000
prediction_orientation_error_deg,0,11800000
owd_uplink_ms,43.0048,11900000
owd_downlink_ms,58.5353,11900000
correction_magnitude_mm,5.588320083916187,11271612
correction_magnitude_deg,0,11271612
owd_uplink_ms,34.1139,11900000
owd_downlink_ms,74.0121,11900000
prediction_position_error_mm,13.411125168204308,11900000
prediction_orientation_error_deg,0,11900000
owd_uplink_ms,56.1929,12000000
owd_downlink_ms,32.4048,12000000
correction_magnitude_mm,5.460182670503855,11591749
correction_magnitude_deg,0,11591749
owd_uplink_ms,47.0173,12000000
owd_downlink_ms,40.7732,12000000
prediction_position_error_mm,7.952474988996983,12000000
prediction_orientation_error_deg,0,12000000
owd_uplink_ms,40.3942,12100000
owd_downlink_ms,69.7504,12100000
owd_uplink_ms,42.0154,12100000
owd_downlink_ms,23.4355,12100000
correction_magnitude_mm,7.952474988996983,11797416
correction_magnitude_deg,0,11797416
prediction_position_error_mm,0,12100000
prediction_orientation_error_deg,0,12100000
prediction_position_error_mm,5.145829636603594,12200000
prediction_orientation_error_deg,0,12200000
prediction_position_error_mm,5.145829636603594,12300000
prediction_orientation_error_deg,0,12300000
prediction_position_error_mm,15.06882905960083,12400000
prediction_orientation_error_deg,0,12400000
owd_uplink_ms,52.8303,12500000
owd_downlink_ms,24.8925,12500000
correction_magnitude_mm,5.145829636603594,12162494
correction_magnitude_deg,0,12162494
prediction_position_error_mm,9.926031343638897,12500000
prediction_orientation_error_deg,0,12500000
owd_uplink_ms,33.1243,12600000
owd_downlink_ms,70.2969,12600000
owd_uplink_ms,68.2337,12600000
owd_downlink_ms,63.4644,12600000
prediction_position_error_mm,17.056642100214958,12600000
prediction_orientation_error_deg,0,12600000
prediction_position_error_mm,17.056642100214958,12700000
prediction_orientation_error_deg,0,12700000
owd_uplink_ms,34.1114,12800000
owd_downlink_ms,33.5031,12800000
correction_magnitude_mm,9.926031343638897,12402236
correction_magnitude_deg,0,12402236
owd_uplink_ms,57.4184,12800000
owd_downlink_ms,30.1486,12800000
prediction_position_error_mm,9.458081796765327,12800000
prediction_orientation_error_deg,0,12800000
owd_uplink_ms,66.5146,12900000
owd_downlink_ms,67.6508,12900000
prediction_position_error_mm,9.458081796765327,12900000
prediction_orientation_error_deg,0,12900000
owd_uplink_ms,36.2044,13000000
owd_downlink_ms,35.0347,13000000
correction_magnitude_mm,7.136584725230932,12568109
correction_magnitude_deg,0,12568109
prediction_position_error_mm,9.125249460339546,13000000
prediction_orientation_error_deg,0,13000000
owd_uplink_ms,59.9455,13100000
owd_downlink_ms,66.0116,13100000
owd_uplink_ms,54.433,13100000
owd_downlink_ms,59.1304,13100000
prediction_position_error_mm,9.125249460339546,13100000
prediction_orientation_error_deg,0,13100000
owd_uplink_ms,28.3017,13200000
owd_downlink_ms,54.1345,13200000
prediction_position_error_mm,9.125249460339546,13200000
prediction_orientation_error_deg,0,13200000
owd_uplink_ms,44.7252,13300000
owd_downlink_ms,58.3861,13300000
owd_uplink_ms,43.317,13300000
owd_downlink_ms,45.3154,13300000
prediction_position_error_mm,13.36988527327776,13300000
prediction_orientation_error_deg,0,13300000
owd_uplink_ms,30.6443,13400000
owd_downlink_ms,28.3091,13400000
correction_magnitude_mm,6.803844589740038,13030509
correction_magnitude_deg,0,13030509
prediction_position_error_mm,6.571142002940178,13400000
prediction_orientation_error_deg,0,13400000
prediction_position_error_mm,6.571142002940178,13500000
prediction_orientation_error_deg,0,13500000
owd_uplink_ms,66.7575,13600000
owd_downlink_ms,34.202,13600000
prediction_position_error_mm,6.571142002940178,13600000
prediction_orientation_error_deg,0,13600000
prediction_position_error_mm,6.571142002940178,13700000
prediction_orientation_error_deg,0,13700000
owd_uplink_ms,33.9221,13800000
owd_downlink_ms,42.8469,13800000
correction_magnitude_mm,6.571142002940178,13300971
correction_magnitude_deg,0,13300971
prediction_position_error_mm,0,13800000
prediction_orientation_error_deg,0,13800000
owd_uplink_ms,67.3027,13900000
owd_downlink_ms,54.4475,13900000
prediction_position_error_mm,8.42901412397623,13900000
prediction_orientation_error_deg,0,13900000
owd_uplink_ms,43.7402,14000000
owd_downlink_ms,65.3964,14000000
prediction_position_error_mm,8.42901412397623,14000000
prediction_orientation_error_deg,0,14000000
owd_uplink_ms,31.3523,14100000
owd_downlink_ms,71.1861,14100000
prediction_position_error_mm,14.519504271447659,14100000
prediction_orientation_error_deg,0,14100000
owd_uplink_ms,76.3604,14200000
owd_downlink_ms,25.0083,14200000
correction_magnitude_mm,8.42901412397623,13897575
correction_magnitude_deg,0,13897575
prediction_position_error_mm,10.071334429085255,14200000
prediction_orientation_error_deg,0,14200000
owd_uplink_ms,48.2158,14300000
owd_downlink_ms,36.7827,14300000
prediction_position_error_mm,10.071334429085255,14300000
prediction_orientation_error_deg,0,14300000
owd_uplink_ms,30.4983,14400000
owd_downlink_ms,30.5492,14400000
correction_magnitude_mm,6.100545171648264,14083348
correction_magnitude_deg,0,14083348
prediction_position_error_mm,7.882119156420231,14400000
prediction_orientation_error_deg,0,14400000
owd_uplink_ms,59.3503,14500000
owd_downlink_ms,57.8686,14500000
prediction_position_error_mm,9.812305681407452,14500000
prediction_orientation_error_deg,0,14500000
owd_uplink_ms,23.2358,14600000
owd_downlink_ms,33.5987,14600000
prediction_position_error_mm,7.7599575743079185,14600000
prediction_orientation_error_deg,0,14600000
prediction_position_error_mm,7.7599575743079185,14700000
prediction_orientation_error_deg,0,14700000
owd_uplink_ms,56.6108,14800000
owd_downlink_ms,28.9242,14800000
correction_magnitude_mm,5.841823294758797,14459842
correction_magnitude_deg,0,14459842
owd_uplink_ms,54.7364,14800000
owd_downlink_ms,69.7311,14800000
owd_uplink_ms,65.3571,14800000
owd_downlink_ms,43.3729,14800000
prediction_position_error_mm,1.9199206726625562,14800000
prediction_orientation_error_deg,0,14800000
owd_uplink_ms,69.0723,14900000
owd_downlink_ms,81.9235,14900000
prediction_position_error_mm,1.9199206726625562,14900000
prediction_orientation_error_deg,0,14900000
prediction_position_error_mm,1.9199206726625562,15000000
prediction_orientation_error_deg,0,15000000
prediction_position_error_mm,5.72369946166873,15100000
prediction_orientation_error_deg,0,15100000
owd_uplink_ms,27.8802,15200000
owd_downlink_ms,59.4213,15200000
owd_uplink_ms,33.6643,15200000
owd_downlink_ms,65.4547,15200000
prediction_position_error_mm,7.609134539961815,15200000
prediction_orientation_error_deg,0,15200000
owd_uplink_ms,34.9541,15300000
owd_downlink_ms,61.6091,15300000
owd_uplink_ms,64.9413,15300000
owd_downlink_ms,62.3453,15300000
prediction_position_error_mm,5.691090598702431,15300000
prediction_orientation_error_deg,0,15300000
prediction_position_error_mm,11.296607553958893,15400000
prediction_orientation_error_deg,0,15400000
owd_uplink_ms,54.4625,15500000
owd_downlink_ms,23.7853,15500000
correction_magnitude_mm,5.691090598702431,15238059
correction_magnitude_deg,0,15238059
prediction_position_error_mm,5.614298861473799,15500000
prediction_orientation_error_deg,0,15500000
owd_uplink_ms,70.975,15600000
owd_downlink_ms,34.8159,15600000
prediction_position_error_mm,9.326309897005558,15600000
prediction_orientation_error_deg,0,15600000
owd_uplink_ms,54.3515,15700000
owd_downlink_ms,58.9403,15700000
prediction_position_error_mm,13.022244907915592,15700000
prediction_orientation_error_deg,0,15700000
prediction_position_error_mm,16.709519550204277,15800000
prediction_orientation_error_deg,0,15800000
owd_uplink_ms,58.8983,15900000
owd_downlink_ms,43.2702,15900000
correction_magnitude_mm,5.614298861473799,15379062
correction_magnitude_deg,0,15379062
prediction_position_error_mm,12.973572127521038,15900000
prediction_orientation_error_deg,0,15900000
owd_uplink_ms,56.3107,16000000
owd_downlink_ms,59.868,16000000
prediction_position_error_mm,12.973572127521038,16000000
prediction_orientation_error_deg,0,16000000
owd_uplink_ms,34.2528,16100000
owd_downlink_ms,38.209,16100000
correction_magnitude_mm,7.422135211527348,15688455
correction_magnitude_deg,0,15688455
prediction_position_error_mm,9.289970621466637,16100000
prediction_orientation_error_deg,0,16100000
owd_uplink_ms,42.8132,16200000
owd_downlink_ms,55.1385,16200000
owd_uplink_ms,52.785,16200000
owd_downlink_ms,73,16200000
owd_uplink_ms,53.9339,16200000
owd_downlink_ms,37.1991,16200000
prediction_position_error_mm,5.586286075413227,16200000
prediction_orientation_error_deg,0,16200000
owd_uplink_ms,30.173,16300000
owd_downlink_ms,30.0758,16300000
prediction_position_error_mm,3.7292379420250654,16300000
prediction_orientation_error_deg,0,16300000
owd_uplink_ms,68.6102,16400000
owd_downlink_ms,65.3079,16400000
owd_uplink_ms,31.0454,16400000
owd_downlink_ms,53.1912,16400000
prediction_position_error_mm,5.602200049906969,16400000
prediction_orientation_error_deg,0,16400000
owd_uplink_ms,44.1625,16500000
owd_downlink_ms,56.7666,16500000
owd_uplink_ms,29.4106,16500000
owd_downlink_ms,33.4697,16500000
prediction_position_error_mm,1.8739689840003848,16500000
prediction_orientation_error_deg,0,16500000
prediction_position_error_mm,9.453839622437954,16600000
prediction_orientation_error_deg,0,16600000
prediction_position_error_mm,9.453839622437954,16700000
prediction_orientation_error_deg,0,16700000
owd_uplink_ms,64.1659,16800000
owd_downlink_ms,32.1412,16800000
prediction_position_error_mm,7.583128288388252,16800000
prediction_orientation_error_deg,0,16800000
prediction_position_error_mm,13.386331498622894,16900000
prediction_orientation_error_deg,0,16900000
prediction_position_error_mm,13.386331498622894,17000000
prediction_orientation_error_deg,0,17000000
owd_uplink_ms,46.9179,17100000
owd_downlink_ms,30.8122,17100000
correction_magnitude_mm,7.583128288388252,16692308
correction_magnitude_deg,0,16692308
owd_uplink_ms,50.5326,17100000
owd_downlink_ms,63.3367,17100000
prediction_position_error_mm,7.783970795571804,17100000
prediction_orientation_error_deg,0,17100000
prediction_position_error_mm,7.783970795571804,17200000
prediction_orientation_error_deg,0,17200000
owd_uplink_ms,27.3945,17300000
owd_downlink_ms,59.9505,17300000
owd_uplink_ms,50.4274,17300000
owd_downlink_ms,62.2059,17300000
owd_uplink_ms,68.8247,17300000
owd_downlink_ms,54.8993,17300000
prediction_position_error_mm,7.783970795571804,17300000
prediction_orientation_error_deg,0,17300000
prediction_position_error_mm,9.767329320311546,17400000
prediction_orientation_error_deg,0,17400000
prediction_position_error_mm,9.767329320311546,17500000
prediction_orientation_error_deg,0,17500000
owd_uplink_ms,32.9957,17600000
owd_downlink_ms,60.6063,17600000
correction_magnitude_mm,5.816278979182243,16980836
correction_magnitude_deg,0,16980836
prediction_position_error_mm,14.160535298287868,17600000
prediction_orientation_error_deg,0,17600000
owd_uplink_ms,51.4277,17700000
owd_downlink_ms,68.1054,17700000
prediction_position_error_mm,14.160535298287868,17700000
prediction_orientation_error_deg,0,17700000
prediction_position_error_mm,14.160535298287868,17800000
prediction_orientation_error_deg,0,17800000
owd_uplink_ms,71.5293,17900000
owd_downlink_ms,18.5002,17900000
correction_magnitude_mm,14.160535298287868,17635396
correction_magnitude_deg,0,17635396
owd_uplink_ms,40.8697,17900000
owd_downlink_ms,65.6518,17900000
owd_uplink_ms,80.8891,17900000
owd_downlink_ms,52.3186,17900000
prediction_position_error_mm,0,17900000
prediction_orientation_error_deg,0,17900000
owd_uplink_ms,57.2271,18000000
owd_downlink_ms,23.635,18000000
owd_uplink_ms,28.0144,18000000
owd_downlink_ms,38.9937,18000000
prediction_position_error_mm,6.393180228769779,18000000
prediction_orientation_error_deg,0,18000000
prediction_position_error_mm,6.393180228769779,18100000
prediction_orientation_error_deg,0,18100000
owd_uplink_ms,59.0891,18200000
owd_downlink_ms,69.5099,18200000
prediction_position_error_mm,6.393180228769779,18200000
prediction_orientation_error_deg,0,18200000
prediction_position_error_mm,13.003360480070114,18300000
prediction_orientation_error_deg,0,18300000
owd_uplink_ms,48.6177,18400000
owd_downlink_ms,62.3,18400000
owd_uplink_ms,64.6923,18400000
owd_downlink_ms,64.7091,18400000
prediction_position_error_mm,13.003360480070114,18400000
prediction_orientation_error_deg,0,18400000
prediction_position_error_mm,15.257349237799644,18500000
prediction_orientation_error_deg,0,18500000
owd_uplink_ms,76.7204,18600000
owd_downlink_ms,34.1285,18600000
correction_magnitude_mm,6.393180228769779,18179302
correction_magnitude_deg,0,18179302
prediction_position_error_mm,8.872940205037594,18600000
prediction_orientation_error_deg,0,18600000
owd_uplink_ms,39.8919,18700000
owd_downlink_ms,37.6516,18700000
correction_magnitude_mm,6.615886464715004,18276502
correction_magnitude_deg,0,18276502
owd_uplink_ms,32.9436,18700000
owd_downlink_ms,65.7122,18700000
prediction_position_error_mm,4.543799441307783,18700000
prediction_orientation_error_deg,0,18700000
owd_uplink_ms,58.9974,18800000
owd_downlink_ms,47.2216,18800000
owd_uplink_ms,71.859,18800000
owd_downlink_ms,51.6029,18800000
prediction_position_error_mm,11.567426845431328,18800000
prediction_orientation_error_deg,0,18800000
prediction_position_error_mm,11.567426845431328,18900000
prediction_orientation_error_deg,0,18900000
owd_uplink_ms,45.1381,19000000
owd_downlink_ms,50.875,19000000
owd_uplink_ms,36.6713,19000000
owd_downlink_ms,67.4314,19000000
prediction_position_error_mm,14.138194732367992,19000000
prediction_orientation_error_deg,0,19000000
owd_uplink_ms,32.303,19100000
owd_downlink_ms,25.848,19100000
correction_magnitude_mm,9.310957975685596,18814975
correction_magnitude_deg,0,18814975
prediction_position_error_mm,7.291628513485193,19100000
prediction_orientation_error_deg,0,19100000
owd_uplink_ms,58.8338,19200000
owd_downlink_ms,46.2785,19200000
owd_uplink_ms,56.224,19200000
owd_downlink_ms,38.8279,19200000
prediction_position_error_mm,7.291628513485193,19200000
prediction_orientation_error_deg,0,19200000
prediction_position_error_mm,7.291628513485193,19300000
prediction_orientation_error_deg,0,19300000
prediction_position_error_mm,17.440106719732285,19400000
prediction_orientation_error_deg,0,19400000
owd_uplink_ms,37.6673,19500000
owd_downlink_ms,43.5194,19500000
owd_uplink_ms,63.6518,19500000
owd_downlink_ms,49.93,19500000
prediction_position_error_mm,12.61385902762413,19500000
prediction_orientation_error_deg,0,19500000
owd_uplink_ms,58.0094,19600000
owd_downlink_ms,38.0654,19600000
prediction_position_error_mm,10.154184885323048,19600000
prediction_orientation_error_deg,0,19600000
prediction_position_error_mm,10.154184885323048,19700000
prediction_orientation_error_deg,0,19700000
owd_uplink_ms,37.6433,19800000
owd_downlink_ms,36.8064,19800000
correction_magnitude_mm,10.154184885323048,19341725
correction_magnitude_deg,0,19341725
prediction_position_error_mm,0,19800000
prediction_orientation_error_deg,0,19800000
owd_uplink_ms,30.2663,19900000
owd_downlink_ms,73.1963,19900000
owd_uplink_ms,24.9542,19900000
owd_downlink_ms,45.204,19900000
prediction_position_error_mm,7.952318526804447,19900000
prediction_orientation_error_deg,0,19900000
owd_uplink_ms,72.0128,20000000
owd_downlink_ms,37.9502,20000000
prediction_position_error_mm,16.19791053235531,20000000
prediction_orientation_error_deg,0,20000000
prediction_position_error_mm,16.19791053235531,20100000
prediction_orientation_error_deg,0,20100000
owd_uplink_ms,49.6773,20200000
owd_downlink_ms,29.5352,20200000
correction_magnitude_mm,7.952318526804447,19852945
correction_magnitude_deg,0,19852945
owd_uplink_ms,62.82,20200000
owd_downlink_ms,54.4125,20200000
prediction_position_error_mm,13.913213275372982,20200000
prediction_orientation_error_deg,0,20200000
prediction_position_error_mm,16.795681789517403,20300000
prediction_orientation_error_deg,0,20300000
prediction_position_error_mm,16.795681789517403,20400000
prediction_orientation_error_deg,0,20400000
prediction_position_error_mm,16.795681789517403,20500000
prediction_orientation_error_deg,0,20500000
owd_uplink_ms,19.8491,20600000
owd_downlink_ms,53.0586,20600000
correction_magnitude_mm,8.248388767242432,19983948
correction_magnitude_deg,0,19983948
owd_uplink_ms,57.2809,20600000
owd_downlink_ms,48.8959,20600000
owd_uplink_ms,31.7584,20600000
owd_downlink_ms,57.8,20600000
prediction_position_error_mm,8.549768477678299,20600000
prediction_orientation_error_deg,0,20600000
owd_uplink_ms,73.0145,20700000
owd_downlink_ms,60.9395,20700000
owd_uplink_ms,47.7915,20700000
owd_downlink_ms,71.6577,20700000
owd_uplink_ms,27.0497,20700000
owd_downlink_ms,42.6276,20700000
correction_magnitude_mm,5.6662182323634624,20240230
correction_magnitude_deg,0,20240230
prediction_position_error_mm,2.8838077560067177,20700000
prediction_orientation_error_deg,0,20700000
owd_uplink_ms,34.6895,20800000
owd_downlink_ms,41.3777,20800000
prediction_position_error_mm,14.927365817129612,20800000
prediction_orientation_error_deg,0,20800000
owd_uplink_ms,44.7329,20900000
owd_downlink_ms,56.7114,20900000
prediction_position_error_mm,14.927365817129612,20900000
prediction_orientation_error_deg,0,20900000
prediction_position_error_mm,14.927365817129612,21000000
prediction_orientation_error_deg,0,21000000
prediction_position_error_mm,18.014688044786453,21100000
prediction_orientation_error_deg,0,21100000
prediction_position_error_mm,18.014688044786453,21200000
prediction_orientation_error_deg,0,21200000
owd_uplink_ms,47.8663,21300000
owd_downlink_ms,26.8519,21300000
correction_magnitude_mm,14.927365817129612,20937293
correction_magnitude_deg,0,20937293
owd_uplink_ms,31.9496,21300000
owd_downlink_ms,44.4792,21300000
prediction_position_error_mm,3.0883746221661568,21300000
prediction_orientation_error_deg,0,21300000
prediction_position_error_mm,12.558341957628727,21400000
prediction_orientation_error_deg,0,21400000
owd_uplink_ms,77.3968,21500000
owd_downlink_ms,42.954,21500000
owd_uplink_ms,66.6108,21500000
owd_downlink_ms,65.6389,21500000
prediction_position_error_mm,15.783147886395454,21500000
prediction_orientation_error_deg,0,21500000
owd_uplink_ms,67.2865,21600000
owd_downlink_ms,53.6672,21600000
prediction_position_error_mm,22.334564477205276,21600000
prediction_orientation_error_deg,0,21600000
owd_uplink_ms,44.2828,21700000
owd_downlink_ms,56.536,21700000
prediction_position_error_mm,19.247455522418022,21700000
prediction_orientation_error_deg,0,21700000
prediction_position_error_mm,22.574245929718018,21800000
prediction_orientation_error_deg,0,21800000
owd_uplink_ms,67.6175,21900000
owd_downlink_ms,38.9364,21900000
correction_magnitude_mm,12.695392593741417,21471127
correction_magnitude_deg,0,21471127
prediction_position_error_mm,16.63849502801895,21900000
prediction_orientation_error_deg,0,21900000
prediction_position_error_mm,20.067740231752396,22000000
prediction_orientation_error_deg,0,22000000
owd_uplink_ms,46.8326,22100000
owd_downlink_ms,59.1278,22100000
owd_uplink_ms,45.8855,22100000
owd_downlink_ms,66.8127,22100000
prediction_position_error_mm,23.530447855591774,22100000
prediction_orientation_error_deg,0,22100000
owd_uplink_ms,42.9361,22200000
owd_downlink_ms,48.641,22200000
correction_magnitude_mm,6.5534221939742565,21619784
correction_magnitude_deg,0,21619784
owd_uplink_ms,76.1068,22200000
owd_downlink_ms,54.778,22200000
owd_uplink_ms,40.4863,22200000
owd_downlink_ms,57.1588,22200000
prediction_position_error_mm,24.005701765418053,22200000
prediction_orientation_error_deg,0,22200000
owd_uplink_ms,31.37,22300000
owd_downlink_ms,21.3638,22300000
correction_magnitude_mm,13.515515252947807,22001456
correction_magnitude_deg,0,22001456
owd_uplink_ms,37.5561,22300000
owd_downlink_ms,33.6761,22300000
prediction_position_error_mm,10.492064990103245,22300000
prediction_orientation_error_deg,0,22300000
prediction_position_error_mm,17.653759568929672,22400000
prediction_orientation_error_deg,0,22400000
owd_uplink_ms,31.4362,22500000
owd_downlink_ms,32.1965,22500000
owd_uplink_ms,42.6266,22500000
owd_downlink_ms,64.5905,22500000
prediction_position_error_mm,14.190473593771458,22500000
prediction_orientation_error_deg,0,22500000
prediction_position_error_mm,21.48454263806343,22600000
prediction_orientation_error_deg,0,22600000
owd_uplink_ms,31.8639,22700000
owd_downlink_ms,38.2072,22700000
correction_magnitude_mm,7.028493564575911,22232939
correction_magnitude_deg,0,22232939
owd_uplink_ms,64.6619,22700000
owd_downlink_ms,55.7685,22700000
prediction_position_error_mm,18.15345697104931,22700000
prediction_orientation_error_deg,0,22700000
owd_uplink_ms,26.487,22800000
owd_downlink_ms,31.8059,22800000
correction_magnitude_mm,7.162296678870916,22428470
correction_magnitude_deg,0,22428470
prediction_position_error_mm,10.991709306836128,22800000
prediction_orientation_error_deg,0,22800000
owd_uplink_ms,32.9405,22900000
owd_downlink_ms,24.744,22900000
correction_magnitude_mm,7.294976618140936,22618224
correction_magnitude_deg,0,22618224
owd_uplink_ms,52.5735,22900000
owd_downlink_ms,46.3661,22900000
prediction_position_error_mm,3.6968374624848366,22900000
prediction_orientation_error_deg,0,22900000
owd_uplink_ms,23.389,23000000
owd_downlink_ms,33.6043,23000000
prediction_position_error_mm,11.188287287950516,23000000
prediction_orientation_error_deg,0,23000000
prediction_position_error_mm,11.188287287950516,23100000
prediction_orientation_error_deg,0,23100000
prediction_position_error_mm,11.188287287950516,23200000
prediction_orientation_error_deg,0,23200000
prediction_position_error_mm,14.982434920966625,23300000
prediction_orientation_error_deg,0,23300000
owd_uplink_ms,34.3007,23400000
owd_downlink_ms,57.4776,23400000
owd_uplink_ms,41.8353,23400000
owd_downlink_ms,29.4018,23400000
correction_magnitude_mm,7.491547614336014,23036660
correction_magnitude_deg,0,23036660
prediction_position_error_mm,19.29011195898056,23400000
prediction_orientation_error_deg,0,23400000
owd_uplink_ms,65.5683,23500000
owd_downlink_ms,67.3254,23500000
owd_uplink_ms,62.7913,23500000
owd_downlink_ms,23.1112,23500000
prediction_position_error_mm,19.29011195898056,23500000
prediction_orientation_error_deg,0,23500000
prediction_position_error_mm,19.29011195898056,23600000
prediction_orientation_error_deg,0,23600000
owd_uplink_ms,23.8197,23700000
owd_downlink_ms,24.8239,23700000
correction_magnitude_mm,19.29011195898056,23390513
correction_magnitude_deg,0,23390513
prediction_position_error_mm,7.936485111713409,23700000
prediction_orientation_error_deg,0,23700000
owd_uplink_ms,57.8701,23800000
owd_downlink_ms,49.5506,23800000
prediction_position_error_mm,7.936485111713409,23800000
prediction_orientation_error_deg,0,23800000
owd_uplink_ms,46.2147,23900000
owd_downlink_ms,47.476,23900000
prediction_position_error_mm,7.936485111713409,23900000
prediction_orientation_error_deg,0,23900000
owd_uplink_ms,52.8087,24000000
owd_downlink_ms,58.0687,24000000
prediction_position_error_mm,11.9509007781744,24000000
prediction_orientation_error_deg,0,24000000
prediction_position_error_mm,15.99581353366375,24100000
prediction_orientation_error_deg,0,24100000
prediction_position_error_mm,24.175776168704033,24200000
prediction_orientation_error_deg,0,24200000
prediction_position_error_mm,32.47419372200966,24300000
prediction_orientation_error_deg,0,24300000
owd_uplink_ms,71.4484,24400000
owd_downlink_ms,56.4529,24400000
correction_magnitude_mm,7.936485111713409,23769522
correction_magnitude_deg,0,23769522
owd_uplink_ms,47.5614,24400000
owd_downlink_ms,38.0772,24400000
prediction_position_error_mm,28.940141201019287,24400000
prediction_orientation_error_deg,0,24400000
owd_uplink_ms,31.9229,24500000
owd_downlink_ms,71.8853,24500000
prediction_position_error_mm,28.940141201019287,24500000
prediction_orientation_error_deg,0,24500000
owd_uplink_ms,37.6255,24600000
owd_downlink_ms,23.5445,24600000
correction_magnitude_mm,20.52469737827778,24290018
correction_magnitude_deg,0,24290018
owd_uplink_ms,63.1581,24600000
owd_downlink_ms,65.5802,24600000
prediction_position_error_mm,12.667296454310417,24600000
prediction_orientation_error_deg,0,24600000
owd_uplink_ms,45.9088,24700000
owd_downlink_ms,47.288,24700000
prediction_position_error_mm,16.94664917886257,24700000
prediction_orientation_error_deg,0,24700000
owd_uplink_ms,22.8804,24800000
owd_downlink_ms,36.0107,24800000
correction_magnitude_mm,8.416181430220604,24411183
correction_magnitude_deg,0,24411183
prediction_position_error_mm,8.530622348189354,24800000
prediction_orientation_error_deg,0,24800000
owd_uplink_ms,61.0605,24900000
owd_downlink_ms,71.2518,24900000
owd_uplink_ms,61.5151,24900000
owd_downlink_ms,53.4069,24900000
prediction_position_error_mm,8.530622348189354,24900000
prediction_orientation_error_deg,0,24900000
owd_uplink_ms,69.1287,25000000
owd_downlink_ms,36.4095,25000000
owd_uplink_ms,29.1099,25000000
owd_downlink_ms,28.4972,25000000
owd_uplink_ms,61.7415,25000000
owd_downlink_ms,34.3361,25000000
prediction_position_error_mm,0,25000000
prediction_orientation_error_deg,0,25000000
prediction_position_error_mm,13.005039654672146,25100000
prediction_orientation_error_deg,0,25100000
prediction_position_error_mm,13.005039654672146,25200000
prediction_orientation_error_deg,0,25200000
owd_uplink_ms,34.742,25300000
owd_downlink_ms,65.4311,25300000
prediction_position_error_mm,21.81066945195198,25300000
prediction_orientation_error_deg,0,25300000
prediction_position_error_mm,21.81066945195198,25400000
prediction_orientation_error_deg,0,25400000
prediction_position_error_mm,39.735082536935806,25500000
prediction_orientation_error_deg,0,25500000
prediction_position_error_mm,39.735082536935806,25600000
prediction_orientation_error_deg,0,25600000
owd_uplink_ms,62.1918,25700000
owd_downlink_ms,47.2143,25700000
correction_magnitude_mm,13.005039654672146,25157507
correction_magnitude_deg,0,25157507
owd_uplink_ms,37.2507,25700000
owd_downlink_ms,43.3351,25700000
correction_magnitude_mm,8.805881254374981,25265113
correction_magnitude_deg,0,25265113
prediction_position_error_mm,17.925826832652092,25700000
prediction_orientation_error_deg,0,25700000
owd_uplink_ms,40.8223,25800000
owd_downlink_ms,65.9751,25800000
owd_uplink_ms,65.5757,25800000
owd_downlink_ms,39.3485,25800000
owd_uplink_ms,44.5963,25800000
owd_downlink_ms,31.9731,25800000
correction_magnitude_mm,17.925826832652092,25447992
correction_magnitude_deg,0,25447992
prediction_position_error_mm,4.544971510767937,25800000
prediction_orientation_error_deg,0,25800000
owd_uplink_ms,65.625,25900000
owd_downlink_ms,67.7033,25900000
prediction_position_error_mm,4.544971510767937,25900000
prediction_orientation_error_deg,0,25900000
prediction_position_error_mm,4.544971510767937,26000000
prediction_orientation_error_deg,0,26000000
owd_uplink_ms,50.157,26100000
owd_downlink_ms,59.5186,26100000
owd_uplink_ms,22.2872,26100000
owd_downlink_ms,56.1309,26100000
owd_uplink_ms,41.4568,26100000
owd_downlink_ms,30.3191,26100000
prediction_position_error_mm,13.781610876321793,26100000
prediction_orientation_error_deg,0,26100000
owd_uplink_ms,41.3542,26200000
owd_downlink_ms,64.7946,26200000
prediction_position_error_mm,27.775326743721962,26200000
prediction_orientation_error_deg,0,26200000
prediction_position_error_mm,27.775326743721962,26300000
prediction_orientation_error_deg,0,26300000
prediction_position_error_mm,27.775326743721962,26400000
prediction_orientation_error_deg,0,26400000
owd_uplink_ms,50.7891,26500000
owd_downlink_ms,32.4053,26500000
correction_magnitude_mm,13.781610876321793,26096997
correction_magnitude_deg,0,26096997
owd_uplink_ms,27.3632,26500000
owd_downlink_ms,26.6375,26500000
correction_magnitude_mm,13.994051143527031,26196090
correction_magnitude_deg,0,26196090
prediction_position_error_mm,4.710183944553137,26500000
prediction_orientation_error_deg,0,26500000
owd_uplink_ms,73.6637,26600000
owd_downlink_ms,38.4481,26600000
prediction_position_error_mm,4.710183944553137,26600000
prediction_orientation_error_deg,0,26600000
owd_uplink_ms,46.5551,26700000
owd_downlink_ms,57.5583,26700000
prediction_position_error_mm,9.44246631115675,26700000
prediction_orientation_error_deg,0,26700000
owd_uplink_ms,49.1748,26800000
owd_downlink_ms,41.6642,26800000
prediction_position_error_mm,14.196451753377914,26800000
prediction_orientation_error_deg,0,26800000
prediction_position_error_mm,14.196451753377914,26900000
prediction_orientation_error_deg,0,26900000
prediction_position_error_mm,38.277942687273026,27000000
prediction_orientation_error_deg,0,27000000
owd_uplink_ms,45.5614,27100000
owd_downlink_ms,60.0814,27100000
prediction_position_error_mm,33.56805443763733,27100000
prediction_orientation_error_deg,0,27100000
owd_uplink_ms,75.137,27200000
owd_downlink_ms,70.4818,27200000
prediction_position_error_mm,33.56805443763733,27200000
prediction_orientation_error_deg,0,27200000
owd_uplink_ms,57.0607,27300000
owd_downlink_ms,60.4845,27300000
prediction_position_error_mm,28.835978358983994,27300000
prediction_orientation_error_deg,0,27300000
owd_uplink_ms,27.4606,27400000
owd_downlink_ms,36.9818,27400000
correction_magnitude_mm,28.835978358983994,26984951
correction_magnitude_deg,0,26984951
prediction_position_error_mm,14.684662222862244,27400000
prediction_orientation_error_deg,0,27400000
owd_uplink_ms,50.9478,27500000
owd_downlink_ms,64.9969,27500000
prediction_position_error_mm,14.684662222862244,27500000
prediction_orientation_error_deg,0,27500000
owd_uplink_ms,47.9403,27600000
owd_downlink_ms,41.109,27600000
owd_uplink_ms,60.0803,27600000
owd_downlink_ms,47.7209,27600000
prediction_position_error_mm,14.684662222862244,27600000
prediction_orientation_error_deg,0,27600000
owd_uplink_ms,59.1431,27700000
owd_downlink_ms,44.5969,27700000
prediction_position_error_mm,24.56556260585785,27700000
prediction_orientation_error_deg,0,27700000
owd_uplink_ms,42.3518,27800000
owd_downlink_ms,39.8353,27800000
correction_magnitude_mm,14.684662222862244,27357198
correction_magnitude_deg,0,27357198
owd_uplink_ms,71.1723,27800000
owd_downlink_ms,71.1066,27800000
prediction_position_error_mm,9.881028905510902,27800000
prediction_orientation_error_deg,0,27800000
prediction_position_error_mm,19.83105204999447,27900000
prediction_orientation_error_deg,0,27900000
prediction_position_error_mm,19.83105204999447,28000000
prediction_orientation_error_deg,0,28000000
owd_uplink_ms,62.9914,28100000
owd_downlink_ms,59.1399,28100000
owd_uplink_ms,29.7597,28100000
owd_downlink_ms,64.9957,28100000
prediction_position_error_mm,19.83105204999447,28100000
prediction_orientation_error_deg,0,28100000
prediction_position_error_mm,19.83105204999447,28200000
prediction_orientation_error_deg,0,28200000
prediction_position_error_mm,39.92423787713051,28300000
prediction_orientation_error_deg,0,28300000
owd_uplink_ms,45.8702,28400000
owd_downlink_ms,41.8878,28400000
correction_magnitude_mm,19.83105204999447,27891370
correction_magnitude_deg,0,27891370
prediction_position_error_mm,30.23023158311844,28400000
prediction_orientation_error_deg,0,28400000
owd_uplink_ms,43.9969,28500000
owd_downlink_ms,70.7254,28500000
owd_uplink_ms,69.9791,28500000
owd_downlink_ms,36.3136,28500000
owd_uplink_ms,51.5464,28500000
owd_downlink_ms,75.2465,28500000
prediction_position_error_mm,30.23023158311844,28500000
prediction_orientation_error_deg,0,28500000
owd_uplink_ms,40.8833,28600000
owd_downlink_ms,24.6904,28600000
correction_magnitude_mm,20.093683153390884,28292083
correction_magnitude_deg,0,28292083
prediction_position_error_mm,10.136718861758709,28600000
prediction_orientation_error_deg,0,28600000
owd_uplink_ms,59.2489,28700000
owd_downlink_ms,27.7926,28700000
correction_magnitude_mm,10.136718861758709,28352763
correction_magnitude_deg,0,28352763
prediction_position_error_mm,20.43541893362999,28700000
prediction_orientation_error_deg,0,28700000
prediction_position_error_mm,20.43541893362999,28800000
prediction_orientation_error_deg,0,28800000
prediction_position_error_mm,20.43541893362999,28900000
prediction_orientation_error_deg,0,28900000
owd_uplink_ms,18.2922,29000000
owd_downlink_ms,25.1049,29000000
correction_magnitude_mm,20.43541893362999,28661280
correction_magnitude_deg,0,28661280
owd_uplink_ms,32.6205,29000000
owd_downlink_ms,53.1561,29000000
owd_uplink_ms,75.017,29000000
owd_downlink_ms,64.112,29000000
owd_uplink_ms,71.5472,29000000
owd_downlink_ms,60.2,29000000
prediction_position_error_mm,10.29159501194954,29000000
prediction_orientation_error_deg,0,29000000
prediction_position_error_mm,15.454274602234364,29100000
prediction_orientation_error_deg,0,29100000
prediction_position_error_mm,15.454274602234364,29200000
prediction_orientation_error_deg,0,29200000
owd_uplink_ms,56.2144,29300000
owd_downlink_ms,53.9392,29300000
prediction_position_error_mm,15.454274602234364,29300000
prediction_orientation_error_deg,0,29300000
owd_uplink_ms,34.0092,29400000
owd_downlink_ms,32.7948,29400000
correction_magnitude_mm,10.29159501194954,28982588
correction_magnitude_deg,0,28982588
owd_uplink_ms,28.9888,29400000
owd_downlink_ms,23.7311,29400000
correction_magnitude_mm,5.1626963540911674,29076017
correction_magnitude_deg,0,29076017
prediction_position_error_mm,10.356836020946503,29400000
prediction_orientation_error_deg,0,29400000
owd_uplink_ms,63.6148,29500000
owd_downlink_ms,52.6199,29500000
owd_uplink_ms,74.3326,29500000
owd_downlink_ms,82.623,29500000
prediction_position_error_mm,20.752515643835068,29500000
prediction_orientation_error_deg,0,29500000
owd_uplink_ms,44.3023,29600000
owd_downlink_ms,56.1352,29600000
prediction_position_error_mm,31.183313578367233,29600000
prediction_orientation_error_deg,0,29600000
owd_uplink_ms,74.4073,29700000
owd_downlink_ms,66.0512,29700000
prediction_position_error_mm,31.183313578367233,29700000
prediction_orientation_error_deg,0,29700000
owd_uplink_ms,33.8083,29800000
owd_downlink_ms,29.8542,29800000
correction_magnitude_mm,20.752515643835068,29472123
correction_magnitude_deg,0,29472123
prediction_position_error_mm,10.430923663079739,29800000
prediction_orientation_error_deg,0,29800000
prediction_position_error_mm,20.89325711131096,29900000
prediction_orientation_error_deg,0,29900000
owd_uplink_ms,42.479,30000000
owd_downlink_ms,55.5975,30000000
prediction_position_error_mm,26.135025545954704,30000000
prediction_orientation_error_deg,0,30000000
owd_uplink_ms,73.2221,30100000
owd_downlink_ms,51.582,30100000
correction_magnitude_mm,10.430923663079739,29561472
correction_magnitude_deg,0,29561472
prediction_position_error_mm,20.95242403447628,30100000
prediction_orientation_error_deg,0,30100000
prediction_position_error_mm,20.95242403447628,30200000
prediction_orientation_error_deg,0,30200000
owd_uplink_ms,27.0496,30300000
owd_downlink_ms,63.9285,30300000
prediction_position_error_mm,20.95242403447628,30300000
prediction_orientation_error_deg,0,30300000
owd_uplink_ms,32.5932,30400000
owd_downlink_ms,32.2148,30400000
correction_magnitude_mm,15.70417545735836,30007096
correction_magnitude_deg,0,30007096
prediction_position_error_mm,26.29629150032997,30400000
prediction_orientation_error_deg,0,30400000
owd_uplink_ms,53.952,30500000
owd_downlink_ms,60.414,30500000
owd_uplink_ms,72.5714,30500000
owd_downlink_ms,62.4402,30500000
prediction_position_error_mm,26.29629150032997,30500000
prediction_orientation_error_deg,0,30500000
owd_uplink_ms,36.0846,30600000
owd_downlink_ms,39.3721,30600000
correction_magnitude_mm,5.248276982456446,30119282
correction_magnitude_deg,0,30119282
prediction_position_error_mm,21.048059687018394,30600000
prediction_orientation_error_deg,0,30600000
owd_uplink_ms,43.2768,30700000
owd_downlink_ms,69.6231,30700000
prediction_position_error_mm,26.32141299545765,30700000
prediction_orientation_error_deg,0,30700000
prediction_position_error_mm,36.87836974859238,30800000
prediction_orientation_error_deg,0,30800000
prediction_position_error_mm,36.87836974859238,30900000
prediction_orientation_error_deg,0,30900000
owd_uplink_ms,83.0323,31000000
owd_downlink_ms,69.8002,31000000
prediction_position_error_mm,42.1610064804554,31000000
prediction_orientation_error_deg,0,31000000
owd_uplink_ms,32.3716,31100000
owd_downlink_ms,52.4456,31100000
correction_magnitude_mm,21.048059687018394,30477306
correction_magnitude_deg,0,30477306
owd_uplink_ms,56.8327,31100000
owd_downlink_ms,55.1589,31100000
owd_uplink_ms,48.5181,31100000
owd_downlink_ms,29.5654,31100000
correction_magnitude_mm,5.273397546261549,30751522
correction_magnitude_deg,0,30751522
owd_uplink_ms,70.1843,31100000
owd_downlink_ms,25.8051,31100000
correction_magnitude_mm,10.557103902101517,30796049
correction_magnitude_deg,0,30796049
prediction_position_error_mm,5.28274942189455,31100000
prediction_orientation_error_deg,0,31100000
owd_uplink_ms,54.7152,31200000
owd_downlink_ms,71.0905,31200000
prediction_position_error_mm,21.14192582666874,31200000
prediction_orientation_error_deg,0,31200000
owd_uplink_ms,61.0584,31300000
owd_downlink_ms,30.5452,31300000
correction_magnitude_mm,5.28274942189455,30978377
correction_magnitude_deg,0,30978377
prediction_position_error_mm,15.859199687838554,31300000
prediction_orientation_error_deg,0,31300000
owd_uplink_ms,31.8485,31400000
owd_downlink_ms,58.6265,31400000
prediction_position_error_mm,15.859199687838554,31400000
prediction_orientation_error_deg,0,31400000
prediction_position_error_mm,21.147621795535088,31500000
prediction_orientation_error_deg,0,31500000
owd_uplink_ms,54.785,31600000
owd_downlink_ms,32.6624,31600000
correction_magnitude_mm,15.859199687838554,31184196
correction_magnitude_deg,0,31184196
owd_uplink_ms,39.886,31600000
owd_downlink_ms,35.535,31600000
prediction_position_error_mm,21.153122186660767,31600000
prediction_orientation_error_deg,0,31600000
prediction_position_error_mm,31.724121421575546,31700000
prediction_orientation_error_deg,0,31700000
owd_uplink_ms,42.77,31800000
owd_downlink_ms,70.3154,31800000
owd_uplink_ms,36.7485,31800000
owd_downlink_ms,52.5513,31800000
prediction_position_error_mm,31.724121421575546,31800000
prediction_orientation_error_deg,0,31800000
prediction_position_error_mm,31.724121421575546,31900000
prediction_orientation_error_deg,0,31900000
owd_uplink_ms,23.8741,32000000
owd_downlink_ms,19.5038,32000000
correction_magnitude_mm,31.724121421575546,31727479
correction_magnitude_deg,0,31727479
prediction_position_error_mm,0,32000000
prediction_orientation_error_deg,0,32000000
owd_uplink_ms,36.3269,32100000
owd_downlink_ms,38.0685,32100000
owd_uplink_ms,60.5223,32100000
owd_downlink_ms,35.7679,32100000
owd_uplink_ms,50.6321,32100000
owd_downlink_ms,38.8806,32100000
prediction_position_error_mm,0,32100000
prediction_orientation_error_deg,0,32100000
owd_uplink_ms,55.3394,32200000
owd_downlink_ms,68.0043,32200000
prediction_position_error_mm,5.282469093799591,32200000
prediction_orientation_error_deg,0,32200000
owd_uplink_ms,64.454,32300000
owd_downlink_ms,32.6576,32300000
prediction_position_error_mm,26.380350813269615,32300000
prediction_orientation_error_deg,0,32300000
prediction_position_error_mm,31.64438158273697,32400000
prediction_orientation_error_deg,0,32400000
prediction_position_error_mm,36.90324351191521,32500000
prediction_orientation_error_deg,0,32500000
prediction_position_error_mm,36.90324351191521,32600000
prediction_orientation_error_deg,0,32600000
owd_uplink_ms,32.1864,32700000
owd_downlink_ms,34.9175,32700000
correction_magnitude_mm,26.380350813269615,32263525
correction_magnitude_deg,0,32263525
prediction_position_error_mm,15.776297077536583,32700000
prediction_orientation_error_deg,0,32700000
owd_uplink_ms,54.3643,32800000
owd_downlink_ms,39.1554,32800000
correction_magnitude_mm,5.2640726789832115,32344515
correction_magnitude_deg,0,32344515
owd_uplink_ms,30.5958,32800000
owd_downlink_ms,31.2698,32800000
correction_magnitude_mm,5.258924327790737,32445358
correction_magnitude_deg,0,32445358
owd_uplink_ms,63.1005,32800000
owd_downlink_ms,61.5178,32800000
prediction_position_error_mm,5.253311712294817,32800000
prediction_orientation_error_deg,0,32800000
owd_uplink_ms,60.1205,32900000
owd_downlink_ms,59.8437,32900000
prediction_position_error_mm,5.253311712294817,32900000
prediction_orientation_error_deg,0,32900000
prediction_position_error_mm,15.741059556603432,33000000
prediction_orientation_error_deg,0,33000000
owd_uplink_ms,61.9172,33100000
owd_downlink_ms,65.8242,33100000
prediction_position_error_mm,36.627452820539474,33100000
prediction_orientation_error_deg,0,33100000
owd_uplink_ms,36.4683,33200000
owd_downlink_ms,72.7419,33200000
prediction_position_error_mm,41.82763025164604,33200000
prediction_orientation_error_deg,0,33200000
owd_uplink_ms,58.3183,33300000
owd_downlink_ms,28.4238,33300000
correction_magnitude_mm,15.741059556603432,32955893
correction_magnitude_deg,0,32955893
prediction_position_error_mm,26.086732745170593,33300000
prediction_orientation_error_deg,0,33300000
owd_uplink_ms,40.5753,33400000
owd_downlink_ms,65.005,33400000
prediction_position_error_mm,26.086732745170593,33400000
prediction_orientation_error_deg,0,33400000
prediction_position_error_mm,26.086732745170593,33500000
prediction_orientation_error_deg,0,33500000
owd_uplink_ms,50.0773,33600000
owd_downlink_ms,52.8105,33600000
owd_uplink_ms,61.3917,33600000
owd_downlink_ms,38.1741,33600000
correction_magnitude_mm,26.086732745170593,33160825
correction_magnitude_deg,0,33160825
prediction_position_error_mm,20.70089615881443,33600000
prediction_orientation_error_deg,0,33600000
owd_uplink_ms,42.1354,33700000
owd_downlink_ms,55.9595,33700000
owd_uplink_ms,21.8815,33700000
owd_downlink_ms,44.6871,33700000
prediction_position_error_mm,20.70089615881443,33700000
prediction_orientation_error_deg,0,33700000
prediction_position_error_mm,20.70089615881443,33800000
prediction_orientation_error_deg,0,33800000
owd_uplink_ms,33.9265,33900000
owd_downlink_ms,68.7565,33900000
prediction_position_error_mm,25.848649442195892,33900000
prediction_orientation_error_deg,0,33900000
owd_uplink_ms,59.6138,34000000
owd_downlink_ms,58.5852,34000000
prediction_position_error_mm,25.848649442195892,34000000
prediction_orientation_error_deg,0,34000000
owd_uplink_ms,54.975,34100000
owd_downlink_ms,23.0051,34100000
correction_magnitude_mm,20.70089615881443,33808901
correction_magnitude_deg,0,33808901
prediction_position_error_mm,5.1477765664458275,34100000
prediction_orientation_error_deg,0,34100000
prediction_position_error_mm,10.283630341291428,34200000
prediction_orientation_error_deg,0,34200000
owd_uplink_ms,32.9104,34300000
owd_downlink_ms,58.152,34300000
prediction_position_error_mm,30.697861686348915,34300000
prediction_orientation_error_deg,0,34300000
prediction_position_error_mm,30.697861686348915,34400000
prediction_orientation_error_deg,0,34400000
owd_uplink_ms,65.5809,34500000
owd_downlink_ms,60.0579,34500000
prediction_position_error_mm,30.697861686348915,34500000
prediction_orientation_error_deg,0,34500000
owd_uplink_ms,53.8375,34600000
owd_downlink_ms,22.6784,34600000
correction_magnitude_mm,30.697861686348915,34294601
correction_magnitude_deg,0,34294601
owd_uplink_ms,77.1594,34600000
owd_downlink_ms,74.7616,34600000
owd_uplink_ms,60.3186,34600000
owd_downlink_ms,40.5363,34600000
prediction_position_error_mm,10.123031213879585,34600000
prediction_orientation_error_deg,0,34600000
owd_uplink_ms,44.6597,34700000
owd_downlink_ms,73.4957,34700000
prediction_position_error_mm,25.19163303077221,34700000
prediction_orientation_error_deg,0,34700000
prediction_position_error_mm,30.18168918788433,34800000
prediction_orientation_error_deg,0,34800000
owd_uplink_ms,62.6258,34900000
owd_downlink_ms,57.6602,34900000
owd_uplink_ms,73.4143,34900000
owd_downlink_ms,32.8882,34900000
correction_magnitude_mm,10.123031213879585,34549054
correction_magnitude_deg,0,34549054
prediction_position_error_mm,25.03158524632454,34900000
prediction_orientation_error_deg,0,34900000
owd_uplink_ms,35.0473,35000000
owd_downlink_ms,63.7299,35000000
prediction_position_error_mm,25.03158524632454,35000000
prediction_orientation_error_deg,0,35000000
owd_uplink_ms,23.8903,35100000
owd_downlink_ms,34.1744,35100000
correction_magnitude_mm,15.06863348186016,34697763
correction_magnitude_deg,0,34697763
prediction_position_error_mm,9.962981566786766,35100000
prediction_orientation_error_deg,0,35100000
prediction_position_error_mm,9.962981566786766,35200000
prediction_orientation_error_deg,0,35200000
owd_uplink_ms,43.5222,35300000
owd_downlink_ms,66.2655,35300000
prediction_position_error_mm,14.918235130608082,35300000
prediction_orientation_error_deg,0,35300000
owd_uplink_ms,33.0914,35400000
owd_downlink_ms,51.5947,35400000
prediction_position_error_mm,24.6832724660635,35400000
prediction_orientation_error_deg,0,35400000
owd_uplink_ms,79.7635,35500000
owd_downlink_ms,65.5454,35500000
prediction_position_error_mm,24.6832724660635,35500000
prediction_orientation_error_deg,0,35500000
owd_uplink_ms,55.0622,35600000
owd_downlink_ms,70.8189,35600000
prediction_position_error_mm,29.56322208046913,35600000
prediction_orientation_error_deg,0,35600000
owd_uplink_ms,54.3406,35700000
owd_downlink_ms,28.2079,35700000
correction_magnitude_mm,9.928153827786446,35318576
correction_magnitude_deg,0,35318576
owd_uplink_ms,29.1197,35700000
owd_downlink_ms,69.7164,35700000
owd_uplink_ms,75.0063,35700000
owd_downlink_ms,71.0224,35700000
prediction_position_error_mm,29.33463081717491,35700000
prediction_orientation_error_deg,0,35700000
prediction_position_error_mm,29.33463081717491,35800000
prediction_orientation_error_deg,0,35800000
prediction_position_error_mm,29.33463081717491,35900000
prediction_orientation_error_deg,0,35900000
owd_uplink_ms,40.1226,36000000
owd_downlink_ms,47.3522,36000000
correction_magnitude_mm,14.755146577954292,35473377
correction_magnitude_deg,0,35473377
prediction_position_error_mm,24.195492267608643,36000000
prediction_orientation_error_deg,0,36000000
owd_uplink_ms,80.2653,36100000
owd_downlink_ms,34.6882,36100000
correction_magnitude_mm,14.579535461962223,35716405
correction_magnitude_deg,0,35716405
prediction_position_error_mm,14.391484670341015,36100000
prediction_orientation_error_deg,0,36100000
prediction_position_error_mm,28.582604601979256,36200000
prediction_orientation_error_deg,0,36200000
owd_uplink_ms,41.7692,36300000
owd_downlink_ms,26.0348,36300000
correction_magnitude_mm,9.615984745323658,35996738
correction_magnitude_deg,0,35996738
prediction_position_error_mm,18.966663628816605,36300000
prediction_orientation_error_deg,0,36300000
owd_uplink_ms,34.618,36400000
owd_downlink_ms,58.7927,36400000
owd_uplink_ms,61.3625,36400000
owd_downlink_ms,25.989,36400000
owd_uplink_ms,46.5695,36400000
owd_downlink_ms,75.1669,36400000
owd_uplink_ms,79.5581,36400000
owd_downlink_ms,77.1875,36400000
prediction_position_error_mm,18.874965608119965,36400000
prediction_orientation_error_deg,0,36400000
owd_uplink_ms,66.3319,36500000
owd_downlink_ms,51.8399,36500000
owd_uplink_ms,27.6227,36500000
owd_downlink_ms,24.8918,36500000
correction_magnitude_mm,14.191169291734695,36193995
correction_magnitude_deg,0,36193995
prediction_position_error_mm,9.343534708023071,36500000
prediction_orientation_error_deg,0,36500000
prediction_position_error_mm,9.343534708023071,36600000
prediction_orientation_error_deg,0,36600000
owd_uplink_ms,47.5734,36700000
owd_downlink_ms,52.9861,36700000
prediction_position_error_mm,23.174000903964043,36700000
prediction_orientation_error_deg,0,36700000
owd_uplink_ms,40.7546,36800000
owd_downlink_ms,53.6347,36800000
owd_uplink_ms,35.2394,36800000
owd_downlink_ms,25.4537,36800000
correction_magnitude_mm,9.343534708023071,36504627
correction_magnitude_deg,0,36504627
owd_uplink_ms,50.9835,36800000
owd_downlink_ms,46.9876,36800000
prediction_position_error_mm,13.830493204295635,36800000
prediction_orientation_error_deg,0,36800000
prediction_position_error_mm,13.830493204295635,36900000
prediction_orientation_error_deg,0,36900000
owd_uplink_ms,46.3476,37000000
owd_downlink_ms,30.9397,37000000
correction_magnitude_mm,13.830493204295635,36680374
correction_magnitude_deg,0,36680374
prediction_position_error_mm,0,37000000
prediction_orientation_error_deg,0,37000000
owd_uplink_ms,34.8023,37100000
owd_downlink_ms,60.5942,37100000
prediction_position_error_mm,13.59828282147646,37100000
prediction_orientation_error_deg,0,37100000
prediction_position_error_mm,13.59828282147646,37200000
prediction_orientation_error_deg,0,37200000
owd_uplink_ms,32.694,37300000
owd_downlink_ms,51.6572,37300000
prediction_position_error_mm,18.07740144431591,37300000
prediction_orientation_error_deg,0,37300000
prediction_position_error_mm,18.07740144431591,37400000
prediction_orientation_error_deg,0,37400000
prediction_position_error_mm,18.07740144431591,37500000
prediction_orientation_error_deg,0,37500000
prediction_position_error_mm,22.528989240527153,37600000
prediction_orientation_error_deg,0,37600000
prediction_position_error_mm,31.347885727882385,37700000
prediction_orientation_error_deg,0,37700000
owd_uplink_ms,79.8298,37800000
owd_downlink_ms,63.0195,37800000
correction_magnitude_mm,13.59828282147646,37115304
correction_magnitude_deg,0,37115304
prediction_position_error_mm,22.116176784038544,37800000
prediction_orientation_error_deg,0,37800000
owd_uplink_ms,41.5426,37900000
owd_downlink_ms,65.9576,37900000
prediction_position_error_mm,22.116176784038544,37900000
prediction_orientation_error_deg,0,37900000
owd_uplink_ms,73.0864,38000000
owd_downlink_ms,49.2665,38000000
prediction_position_error_mm,17.637064680457115,38000000
prediction_orientation_error_deg,0,38000000
owd_uplink_ms,46.9162,38100000
owd_downlink_ms,69.6986,38100000
owd_uplink_ms,75.4094,38100000
owd_downlink_ms,72.1548,38100000
owd_uplink_ms,53.6923,38100000
owd_downlink_ms,28.1099,38100000
correction_magnitude_mm,17.637064680457115,37808477
correction_magnitude_deg,0,37808477
prediction_position_error_mm,25.571394711732864,38100000
prediction_orientation_error_deg,0,38100000
owd_uplink_ms,74.0023,38200000
owd_downlink_ms,41.9145,38200000
prediction_position_error_mm,25.571394711732864,38200000
prediction_orientation_error_deg,0,38200000
owd_uplink_ms,64.6313,38300000
owd_downlink_ms,67.1594,38300000
prediction_position_error_mm,25.571394711732864,38300000
prediction_orientation_error_deg,0,38300000
owd_uplink_ms,52.0526,38400000
owd_downlink_ms,66.1175,38400000
owd_uplink_ms,67.4829,38400000
owd_downlink_ms,31.776,38400000
correction_magnitude_mm,25.571394711732864,38044478
correction_magnitude_deg,0,38044478
prediction_position_error_mm,0,38400000
prediction_orientation_error_deg,0,38400000
owd_uplink_ms,20.4038,38500000
owd_downlink_ms,39.0756,38500000
prediction_position_error_mm,4.1534979827702045,38500000
prediction_orientation_error_deg,0,38500000
owd_uplink_ms,60.2483,38600000
owd_downlink_ms,28.5888,38600000
owd_uplink_ms,50.1987,38600000
owd_downlink_ms,35.9604,38600000
prediction_position_error_mm,20.443232730031013,38600000
prediction_orientation_error_deg,0,38600000
prediction_position_error_mm,20.443232730031013,38700000
prediction_orientation_error_deg,0,38700000
prediction_position_error_mm,24.432625621557236,38800000
prediction_orientation_error_deg,0,38800000
owd_uplink_ms,56.894,38900000
owd_downlink_ms,67.7971,38900000
prediction_position_error_mm,24.432625621557236,38900000
prediction_orientation_error_deg,0,38900000
owd_uplink_ms,44.3255,39000000
owd_downlink_ms,52.2836,39000000
owd_uplink_ms,69.7462,39000000
owd_downlink_ms,82.1708,39000000
prediction_position_error_mm,28.15566398203373,39000000
prediction_orientation_error_deg,0,39000000
owd_uplink_ms,46.3959,39100000
owd_downlink_ms,41.0327,39100000
correction_magnitude_mm,16.28975197672844,38642852
correction_magnitude_deg,0,38642852
prediction_position_error_mm,11.86598464846611,39100000
prediction_orientation_error_deg,0,39100000
owd_uplink_ms,55.9774,39200000
owd_downlink_ms,47.3616,39200000
prediction_position_error_mm,11.86598464846611,39200000
prediction_orientation_error_deg,0,39200000
owd_uplink_ms,20.8753,39300000
owd_downlink_ms,63.5078,39300000
owd_uplink_ms,61.7339,39300000
owd_downlink_ms,39.182,39300000
prediction_position_error_mm,19.430095329880714,39300000
prediction_orientation_error_deg,0,39300000
prediction_position_error_mm,26.953862980008125,39400000
prediction_orientation_error_deg,0,39400000
prediction_position_error_mm,26.953862980008125,39500000
prediction_orientation_error_deg,0,39500000
owd_uplink_ms,31.0325,39600000
owd_downlink_ms,69.8583,39600000
prediction_position_error_mm,26.953862980008125,39600000
prediction_orientation_error_deg,0,39600000
prediction_position_error_mm,26.953862980008125,39700000
prediction_orientation_error_deg,0,39700000
owd_uplink_ms,37.2576,39800000
owd_downlink_ms,67.0907,39800000
correction_magnitude_mm,7.8765712678432465,39043008
correction_magnitude_deg,0,39043008
owd_uplink_ms,44.1813,39800000
owd_downlink_ms,45.1905,39800000
correction_magnitude_mm,11.553552001714706,39344269
correction_magnitude_deg,0,39344269
prediction_position_error_mm,7.523831445723772,39800000
prediction_orientation_error_deg,0,39800000
prediction_position_error_mm,14.901530928909779,39900000
prediction_orientation_error_deg,0,39900000
owd_uplink_ms,66.8729,40000000
owd_downlink_ms,68.2049,40000000
owd_uplink_ms,54.7038,40000000
owd_downlink_ms,51.8855,40000000
correction_magnitude_mm,7.523831445723772,39442411
correction_magnitude_deg,0,39442411
prediction_position_error_mm,7.377714850008488,40000000
prediction_orientation_error_deg,0,40000000
owd_uplink_ms,32.4865,40100000
owd_downlink_ms,55.2183,40100000
prediction_position_error_mm,21.683376282453537,40100000
prediction_orientation_error_deg,0,40100000
owd_uplink_ms,61.7139,40200000
owd_downlink_ms,45.0355,40200000
prediction_position_error_mm,25.164075195789337,40200000
prediction_orientation_error_deg,0,40200000
owd_uplink_ms,79.2826,40300000
owd_downlink_ms,67.2537,40300000
prediction_position_error_mm,25.164075195789337,40300000
prediction_orientation_error_deg,0,40300000
owd_uplink_ms,60.8388,40400000
owd_downlink_ms,42.8377,40400000
correction_magnitude_mm,7.377714850008488,39912439
correction_magnitude_deg,0,39912439
prediction_position_error_mm,17.786430194973946,40400000
prediction_orientation_error_deg,0,40400000
owd_uplink_ms,49.2911,40500000
owd_downlink_ms,38.4093,40500000
correction_magnitude_mm,14.30570986121893,40098837
correction_magnitude_deg,0,40098837
prediction_position_error_mm,6.922588683664799,40500000
prediction_orientation_error_deg,0,40500000
owd_uplink_ms,63.8987,40600000
owd_downlink_ms,64.4419,40600000
owd_uplink_ms,56.3782,40600000
owd_downlink_ms,45.8637,40600000
owd_uplink_ms,33.6326,40600000
owd_downlink_ms,44.6517,40600000
prediction_position_error_mm,10.325142182409763,40600000
prediction_orientation_error_deg,0,40600000
owd_uplink_ms,40.1217,40700000
owd_downlink_ms,48.7977,40700000
prediction_position_error_mm,6.8444060161709785,40700000
prediction_orientation_error_deg,0,40700000
owd_uplink_ms,72.5923,40800000
owd_downlink_ms,52.8711,40800000
prediction_position_error_mm,20.05550265312195,40800000
prediction_orientation_error_deg,0,40800000
prediction_position_error_mm,23.25693890452385,40900000
prediction_orientation_error_deg,0,40900000
prediction_position_error_mm,29.535969719290733,41000000
prediction_orientation_error_deg,0,41000000
prediction_position_error_mm,29.535969719290733,41100000
prediction_orientation_error_deg,0,41100000
owd_uplink_ms,50.8001,41200000
owd_downlink_ms,34.0672,41200000
correction_magnitude_mm,20.05550265312195,40765427
correction_magnitude_deg,0,40765427
owd_uplink_ms,49.7828,41200000
owd_downlink_ms,58.9853,41200000
owd_uplink_ms,51.4859,41200000
owd_downlink_ms,69.8742,41200000
prediction_position_error_mm,9.480663575232029,41200000
prediction_orientation_error_deg,0,41200000
owd_uplink_ms,36.0372,41300000
owd_downlink_ms,42.516,41300000
owd_uplink_ms,47.3935,41300000
owd_downlink_ms,44.3671,41300000
prediction_position_error_mm,12.5577999278903,41300000
prediction_orientation_error_deg,0,41300000
owd_uplink_ms,30.0614,41400000
owd_downlink_ms,33.0262,41400000
correction_magnitude_mm,9.480663575232029,41007935
correction_magnitude_deg,0,41007935
owd_uplink_ms,33.3111,41400000
owd_downlink_ms,44.4139,41400000
prediction_position_error_mm,3.0771526508033276,41400000
prediction_orientation_error_deg,0,41400000
prediction_position_error_mm,3.0771526508033276,41500000
prediction_orientation_error_deg,0,41500000
owd_uplink_ms,43.3233,41600000
owd_downlink_ms,25.7592,41600000
prediction_position_error_mm,0,41600000
prediction_orientation_error_deg,0,41600000
owd_uplink_ms,76.4187,41700000
owd_downlink_ms,70.9123,41700000
prediction_position_error_mm,3.0350929591804743,41700000
prediction_orientation_error_deg,0,41700000
prediction_position_error_mm,8.978083729743958,41800000
prediction_orientation_error_deg,0,41800000
prediction_position_error_mm,20.347299054265022,41900000
prediction_orientation_error_deg,0,41900000
prediction_position_error_mm,20.347299054265022,42000000
prediction_orientation_error_deg,0,42000000
owd_uplink_ms,66.4878,42100000
owd_downlink_ms,72.9387,42100000
owd_uplink_ms,69.6958,42100000
owd_downlink_ms,41.3848,42100000
prediction_position_error_mm,17.312269657850266,42100000
prediction_orientation_error_deg,0,42100000
owd_uplink_ms,56.6696,42200000
owd_downlink_ms,38.6592,42200000
correction_magnitude_mm,5.942998919636011,41743140
correction_magnitude_deg,0,41743140
prediction_position_error_mm,22.035542875528336,42200000
prediction_orientation_error_deg,0,42200000
owd_uplink_ms,33.5575,42300000
owd_downlink_ms,36.4726,42300000
correction_magnitude_mm,11.369346641004086,41846784
correction_magnitude_deg,0,41846784
owd_uplink_ms,38.6218,42300000
owd_downlink_ms,39.7452,42300000
prediction_position_error_mm,10.66642627120018,42300000
prediction_orientation_error_deg,0,42300000
prediction_position_error_mm,10.66642627120018,42400000
prediction_orientation_error_deg,0,42400000
owd_uplink_ms,37.3767,42500000
owd_downlink_ms,33.5704,42500000
correction_magnitude_mm,10.66642627120018,42143432
correction_magnitude_deg,0,42143432
owd_uplink_ms,66.01,42500000
owd_downlink_ms,74.1157,42500000
owd_uplink_ms,62.7868,42500000
owd_downlink_ms,55.1114,42500000
owd_uplink_ms,55.8971,42500000
owd_downlink_ms,64.3761,42500000
prediction_position_error_mm,0,42500000
prediction_orientation_error_deg,0,42500000
owd_uplink_ms,29.7472,42600000
owd_downlink_ms,34.983,42600000
owd_uplink_ms,24.5534,42600000
owd_downlink_ms,39.2639,42600000
prediction_position_error_mm,9.947783313691616,42600000
prediction_orientation_error_deg,0,42600000
prediction_position_error_mm,9.947783313691616,42700000
prediction_orientation_error_deg,0,42700000
prediction_position_error_mm,12.320682406425476,42800000
prediction_orientation_error_deg,0,42800000
owd_uplink_ms,72.3762,42900000
owd_downlink_ms,53.4538,42900000
prediction_position_error_mm,14.647478237748146,42900000
prediction_orientation_error_deg,0,42900000
owd_uplink_ms,21.2224,43000000
owd_downlink_ms,39.0139,43000000
correction_magnitude_mm,9.947783313691616,42578092
correction_magnitude_deg,0,42578092
prediction_position_error_mm,9.21462569385767,43000000
prediction_orientation_error_deg,0,43000000
prediction_position_error_mm,9.21462569385767,43100000
prediction_orientation_error_deg,0,43100000
prediction_position_error_mm,11.402113363146782,43200000
prediction_orientation_error_deg,0,43200000
owd_uplink_ms,30.6815,43300000
owd_downlink_ms,36.7908,43300000
owd_uplink_ms,57.975,43300000
owd_downlink_ms,58.4186,43300000
owd_uplink_ms,27.7338,43300000
owd_downlink_ms,29.843,43300000
prediction_position_error_mm,2.1875486709177494,43300000
prediction_orientation_error_deg,0,43300000
owd_uplink_ms,53.1036,43400000
owd_downlink_ms,55.9598,43400000
prediction_position_error_mm,2.1875486709177494,43400000
prediction_orientation_error_deg,0,43400000
owd_uplink_ms,72.7419,43500000
owd_downlink_ms,64.2071,43500000
owd_uplink_ms,37.1492,43500000
owd_downlink_ms,62.3114,43500000
prediction_position_error_mm,4.328259266912937,43500000
prediction_orientation_error_deg,0,43500000
owd_uplink_ms,34.5612,43600000
owd_downlink_ms,32.4813,43600000
prediction_position_error_mm,2.1407175809144974,43600000
prediction_orientation_error_deg,0,43600000
prediction_position_error_mm,2.1407175809144974,43700000
prediction_orientation_error_deg,0,43700000
owd_uplink_ms,59.7296,43800000
owd_downlink_ms,48.3676,43800000
prediction_position_error_mm,8.279982954263687,43800000
prediction_orientation_error_deg,0,43800000
owd_uplink_ms,53.8458,43900000
owd_downlink_ms,34.2642,43900000
prediction_position_error_mm,6.139311008155346,43900000
prediction_orientation_error_deg,0,43900000
prediction_position_error_mm,6.139311008155346,44000000
prediction_orientation_error_deg,0,44000000
prediction_position_error_mm,13.658552430570126,44100000
prediction_orientation_error_deg,0,44100000
owd_uplink_ms,64.5078,44200000
owd_downlink_ms,43.4155,44200000
correction_magnitude_mm,6.139311008155346,43745632
correction_magnitude_deg,0,43745632
prediction_position_error_mm,7.519624661654234,44200000
prediction_orientation_error_deg,0,44200000
prediction_position_error_mm,10.99110022187233,44300000
prediction_orientation_error_deg,0,44300000
prediction_position_error_mm,10.99110022187233,44400000
prediction_orientation_error_deg,0,44400000
owd_uplink_ms,44.1253,44500000
owd_downlink_ms,41.453,44500000
correction_magnitude_mm,7.519624661654234,44042292
correction_magnitude_deg,0,44042292
prediction_position_error_mm,3.47174727357924,44500000
prediction_orientation_error_deg,0,44500000
owd_uplink_ms,67.5223,44600000
owd_downlink_ms,77.5402,44600000
owd_uplink_ms,56.704,44600000
owd_downlink_ms,76.5112,44600000
prediction_position_error_mm,9.833727963268757,44600000
prediction_orientation_error_deg,0,44600000
owd_uplink_ms,56.9119,44700000
owd_downlink_ms,32.2045,44700000
owd_uplink_ms,67.3593,44700000
owd_downlink_ms,55.0229,44700000
prediction_position_error_mm,9.251166135072708,44700000
prediction_orientation_error_deg,0,44700000
prediction_position_error_mm,9.251166135072708,44800000
prediction_orientation_error_deg,0,44800000
owd_uplink_ms,68.1288,44900000
owd_downlink_ms,76.1231,44900000
owd_uplink_ms,70.8661,44900000
owd_downlink_ms,61.9724,44900000
prediction_position_error_mm,10.6221754103899,44900000
prediction_orientation_error_deg,0,44900000
owd_uplink_ms,42.5329,45000000
owd_downlink_ms,65.8092,45000000
owd_uplink_ms,64.1467,45000000
owd_downlink_ms,36.149,45000000
correction_magnitude_mm,9.251166135072708,44626248
correction_magnitude_deg,0,44626248
prediction_position_error_mm,2.6939790695905685,45000000
prediction_orientation_error_deg,0,45000000
prediction_position_error_mm,2.6939790695905685,45100000
prediction_orientation_error_deg,0,45100000
owd_uplink_ms,31.9828,45200000
owd_downlink_ms,46.1462,45200000
prediction_position_error_mm,6.367858499288559,45200000
prediction_orientation_error_deg,0,45200000
owd_uplink_ms,51.2871,45300000
owd_downlink_ms,71.9322,45300000
prediction_position_error_mm,7.494491524994373,45300000
prediction_orientation_error_deg,0,45300000
owd_uplink_ms,37.0411,45400000
owd_downlink_ms,44.4225,45400000
owd_uplink_ms,26.6001,45400000
owd_downlink_ms,60.8017,45400000
owd_uplink_ms,62.0319,45400000
owd_downlink_ms,55.835,45400000
owd_uplink_ms,41.3472,45400000
owd_downlink_ms,72.1816,45400000
prediction_position_error_mm,6.1235204339027405,45400000
prediction_orientation_error_deg,0,45400000
owd_uplink_ms,41.4833,45500000
owd_downlink_ms,37.178,45500000
prediction_position_error_mm,4.801306873559952,45500000
prediction_orientation_error_deg,0,45500000
owd_uplink_ms,29.2887,45600000
owd_downlink_ms,29.592,45600000
prediction_position_error_mm,2.2055883891880512,45600000
prediction_orientation_error_deg,0,45600000
prediction_position_error_mm,4.216249566525221,45700000
prediction_orientation_error_deg,0,45700000
owd_uplink_ms,54.283,45800000
owd_downlink_ms,53.5517,45800000
prediction_position_error_mm,6.032521370798349,45800000
prediction_orientation_error_deg,0,45800000
prediction_position_error_mm,6.032521370798349,45900000
prediction_orientation_error_deg,0,45900000
owd_uplink_ms,41.1526,46000000
owd_downlink_ms,22.9156,46000000
prediction_position_error_mm,2.6549051981419325,46000000
prediction_orientation_error_deg,0,46000000
owd_uplink_ms,29.7871,46100000
owd_downlink_ms,69.3313,46100000
prediction_position_error_mm,2.6549051981419325,46100000
prediction_orientation_error_deg,0,46100000
owd_uplink_ms,56.6254,46200000
owd_downlink_ms,52.6453,46200000
prediction_position_error_mm,3.4440807066857815,46200000
prediction_orientation_error_deg,0,46200000
owd_uplink_ms,65.2572,46300000
owd_downlink_ms,28.1948,46300000
owd_uplink_ms,63.2041,46300000
owd_downlink_ms,67.6458,46300000
prediction_position_error_mm,1.6269816551357508,46300000
prediction_orientation_error_deg,0,46300000
owd_uplink_ms,64.6057,46400000
owd_downlink_ms,25.7901,46400000
owd_uplink_ms,26.1383,46400000
owd_downlink_ms,54.5187,46400000
prediction_position_error_mm,3.482709638774395,46400000
prediction_orientation_error_deg,0,46400000
prediction_position_error_mm,3.482709638774395,46500000
prediction_orientation_error_deg,0,46500000
owd_uplink_ms,42.0403,46600000
owd_downlink_ms,54.386,46600000
prediction_position_error_mm,3.482709638774395,46600000
prediction_orientation_error_deg,0,46600000
prediction_position_error_mm,5.026989616453648,46700000
prediction_orientation_error_deg,0,46700000
owd_uplink_ms,47.9443,46800000
owd_downlink_ms,55.5965,46800000
prediction_position_error_mm,4.243410192430019,46800000
prediction_orientation_error_deg,0,46800000
owd_uplink_ms,32.1983,46900000
owd_downlink_ms,36.5324,46900000
owd_uplink_ms,68.9606,46900000
owd_downlink_ms,32.8013,46900000
prediction_position_error_mm,2.0012299064546824,46900000
prediction_orientation_error_deg,0,46900000
owd_uplink_ms,26.7921,47000000
owd_downlink_ms,23.1736,47000000
owd_uplink_ms,36.8373,47000000
owd_downlink_ms,54.8688,47000000
prediction_position_error_mm,1.2237802147865295,47000000
prediction_orientation_error_deg,0,47000000
owd_uplink_ms,54.5278,47100000
owd_downlink_ms,50.7227,47100000
prediction_position_error_mm,1.2237802147865295,47100000
prediction_orientation_error_deg,0,47100000
prediction_position_error_mm,1.2237802147865295,47200000
prediction_orientation_error_deg,0,47200000
prediction_position_error_mm,1.2237802147865295,47300000
prediction_orientation_error_deg,0,47300000
prediction_position_error_mm,1.8856390379369259,47400000
prediction_orientation_error_deg,0,47400000
owd_uplink_ms,64.2736,47500000
owd_downlink_ms,43.3688,47500000
owd_uplink_ms,73.8883,47500000
owd_downlink_ms,47.7584,47500000
owd_uplink_ms,31.3448,47500000
owd_downlink_ms,59.7358,47500000
prediction_position_error_mm,1.2986311921849847,47500000
prediction_orientation_error_deg,0,47500000
owd_uplink_ms,26.6093,47600000
owd_downlink_ms,54.1576,47600000
prediction_position_error_mm,1.8984116613864899,47600000
prediction_orientation_error_deg,0,47600000
prediction_position_error_mm,1.8984116613864899,47700000
prediction_orientation_error_deg,0,47700000
prediction_position_error_mm,1.8984116613864899,47800000
prediction_orientation_error_deg,0,47800000
owd_uplink_ms,35.8246,47900000
owd_downlink_ms,37.3314,47900000
prediction_position_error_mm,0.6504874909296632,47900000
prediction_orientation_error_deg,0,47900000
owd_uplink_ms,43.4267,48000000
owd_downlink_ms,48.5687,48000000
owd_uplink_ms,68.9871,48000000
owd_downlink_ms,46.5805,48000000
prediction_position_error_mm,0.9976566070690751,48000000
prediction_orientation_error_deg,0,48000000
owd_uplink_ms,69.2616,48100000
owd_downlink_ms,71.5791,48100000
owd_uplink_ms,60.6704,48100000
owd_downlink_ms,39.8361,48100000
owd_uplink_ms,37.2762,48100000
owd_downlink_ms,48.4608,48100000
prediction_position_error_mm,0.7296725525520742,48100000
prediction_orientation_error_deg,0,48100000
owd_uplink_ms,28.8531,48200000
owd_downlink_ms,54.1771,48200000
prediction_position_error_mm,0.7296725525520742,48200000
prediction_orientation_error_deg,0,48200000
owd_uplink_ms,50.0551,48300000
owd_downlink_ms,22.3587,48300000
prediction_position_error_mm,2.222655573859811,48300000
prediction_orientation_error_deg,0,48300000
prediction_position_error_mm,2.222655573859811,48400000
prediction_orientation_error_deg,0,48400000
prediction_position_error_mm,4.01934701949358,48500000
prediction_orientation_error_deg,0,48500000
owd_uplink_ms,49.9456,48600000
owd_downlink_ms,44.1198,48600000
prediction_position_error_mm,3.6602651234716177,48600000
prediction_orientation_error_deg,0,48600000
owd_uplink_ms,35.7279,48700000
owd_downlink_ms,39.7807,48700000
prediction_position_error_mm,3.26865678653121,48700000
prediction_orientation_error_deg,0,48700000
owd_uplink_ms,42.8469,48800000
owd_downlink_ms,29.1367,48800000
owd_uplink_ms,55.6903,48800000
owd_downlink_ms,41.9134,48800000
owd_uplink_ms,59.9667,48800000
owd_downlink_ms,54.8434,48800000
prediction_position_error_mm,1.4454553602263331,48800000
prediction_orientation_error_deg,0,48800000
owd_uplink_ms,54.2209,48900000
owd_downlink_ms,40.7169,48900000
prediction_position_error_mm,3.0780083034187555,48900000
prediction_orientation_error_deg,0,48900000
prediction_position_error_mm,3.0780083034187555,49000000
prediction_orientation_error_deg,0,49000000
owd_uplink_ms,24.7483,49100000
owd_downlink_ms,39.1449,49100000
owd_uplink_ms,27.5472,49100000
owd_downlink_ms,60.2271,49100000
prediction_position_error_mm,1.6337322304025292,49100000
prediction_orientation_error_deg,0,49100000
owd_uplink_ms,63.5668,49200000
owd_downlink_ms,35.7987,49200000
prediction_position_error_mm,2.522062975913286,49200000
prediction_orientation_error_deg,0,49200000
prediction_position_error_mm,5.475885700434446,49300000
prediction_orientation_error_deg,0,49300000
prediction_position_error_mm,5.475885700434446,49400000
prediction_orientation_error_deg,0,49400000
owd_uplink_ms,45.4259,49500000
owd_downlink_ms,68.394,49500000
prediction_position_error_mm,6.557369139045477,49500000
prediction_orientation_error_deg,0,49500000
owd_uplink_ms,30.268,49600000
owd_downlink_ms,63.5501,49600000
prediction_position_error_mm,4.9267178401350975,49600000
prediction_orientation_error_deg,0,49600000
owd_uplink_ms,34.4656,49700000
owd_downlink_ms,30.0661,49700000
owd_uplink_ms,50.9809,49700000
owd_downlink_ms,47.3297,49700000
prediction_position_error_mm,1.0829836828634143,49700000
prediction_orientation_error_deg,0,49700000
owd_uplink_ms,47.8865,49800000
owd_downlink_ms,42.5265,49800000
prediction_position_error_mm,1.0829836828634143,49800000
prediction_orientation_error_deg,0,49800000
owd_uplink_ms,65.0613,49900000
owd_downlink_ms,66.5159,49900000
prediction_position_error_mm,3.395732259377837,49900000
prediction_orientation_error_deg,0,49900000
owd_uplink_ms,32.664,50000000
owd_downlink_ms,62.5451,50000000
prediction_position_error_mm,4.625566769391298,50000000
prediction_orientation_error_deg,0,50000000
prediction_position_error_mm,0,100000
prediction_orientation_error_deg,0,100000
prediction_position_error_mm,0,200000
prediction_orientation_error_deg,0,200000
prediction_position_error_mm,0,300000
prediction_orientation_error_deg,0,300000
prediction_position_error_mm,0,400000
prediction_orientation_error_deg,0,400000
prediction_position_error_mm,1299.9999523162842,500000
prediction_orientation_error_deg,0,500000
prediction_position_error_mm,1300.0023365020752,600000
prediction_orientation_error_deg,0,600000
prediction_position_error_mm,1300.0023365020752,700000
prediction_orientation_error_deg,0,700000
prediction_position_error_mm,1300.0091314315796,800000
prediction_orientation_error_deg,0,800000
prediction_position_error_mm,1300.0361919403076,900000
prediction_orientation_error_deg,0,900000
owd_uplink_ms,37.9162,1000000
owd_downlink_ms,37.9163,1000000
correction_magnitude_mm,1299.9999523162842,563448
correction_magnitude_deg,0,563448
prediction_position_error_mm,19.995011389255524,1000000
prediction_orientation_error_deg,0,1000000
owd_uplink_ms,44.2985,1100000
owd_downlink_ms,18.7711,1100000
correction_magnitude_mm,9.99937579035759,831538
correction_magnitude_deg,0,831538
prediction_position_error_mm,9.995723143219948,1100000
prediction_orientation_error_deg,0,1100000
owd_uplink_ms,36.1459,1200000
owd_downlink_ms,51.5662,1200000
prediction_position_error_mm,9.995723143219948,1200000
prediction_orientation_error_deg,0,1200000
prediction_position_error_mm,29.96126003563404,1300000
prediction_orientation_error_deg,0,1300000
prediction_position_error_mm,29.96126003563404,1400000
prediction_orientation_error_deg,0,1400000
owd_uplink_ms,41.4903,1500000
owd_downlink_ms,49.7387,1500000
correction_magnitude_mm,9.995723143219948,961123
correction_magnitude_deg,0,961123
prediction_position_error_mm,24.949179962277412,1500000
prediction_orientation_error_deg,0,1500000
owd_uplink_ms,64.0447,1600000
owd_downlink_ms,44.5058,1600000
prediction_position_error_mm,24.949179962277412,1600000
prediction_orientation_error_deg,0,1600000
prediction_position_error_mm,24.949179962277412,1700000
prediction_orientation_error_deg,0,1700000
prediction_position_error_mm,39.87251967191696,1800000
prediction_orientation_error_deg,0,1800000
owd_uplink_ms,40.8148,1900000
owd_downlink_ms,48.6189,1900000
correction_magnitude_mm,19.965797662734985,1346454
correction_magnitude_deg,0,1346454
prediction_position_error_mm,24.871673434972763,1900000
prediction_orientation_error_deg,0,1900000
prediction_position_error_mm,39.72676023840904,2000000
prediction_orientation_error_deg,0,2000000
owd_uplink_ms,72.3127,2100000
owd_downlink_ms,70.8762,2100000
owd_uplink_ms,48.7878,2100000
owd_downlink_ms,70.342,2100000
prediction_position_error_mm,39.72676023840904,2100000
prediction_orientation_error_deg,0,2100000
owd_uplink_ms,52.941,2200000
owd_downlink_ms,55.9547,2200000
prediction_position_error_mm,34.74358096718788,2200000
prediction_orientation_error_deg,0,2200000
owd_uplink_ms,71.5708,2300000
owd_downlink_ms,38.0749,2300000
correction_magnitude_mm,14.923999086022377,1833497
correction_magnitude_deg,0,1833497
owd_uplink_ms,73.4728,2300000
owd_downlink_ms,27.1918,2300000
correction_magnitude_mm,19.820047542452812,1975646
correction_magnitude_deg,0,1975646
owd_uplink_ms,68.9579,2300000
owd_downlink_ms,77.4012,2300000
prediction_position_error_mm,9.868287481367588,2300000
prediction_orientation_error_deg,0,2300000
prediction_position_error_mm,9.868287481367588,2400000
prediction_orientation_error_deg,0,2400000
owd_uplink_ms,49.9602,2500000
owd_downlink_ms,67.2428,2500000
prediction_position_error_mm,19.703857600688934,2500000
prediction_orientation_error_deg,0,2500000
owd_uplink_ms,44.4503,2600000
owd_downlink_ms,61.5731,2600000
owd_uplink_ms,67.5299,2600000
owd_downlink_ms,30.9618,2600000
correction_magnitude_mm,9.868287481367588,2283498
correction_magnitude_deg,0,2283498
prediction_position_error_mm,9.835661388933659,2600000
prediction_orientation_error_deg,0,2600000
owd_uplink_ms,31.3948,2700000
owd_downlink_ms,60.3945,2700000
prediction_position_error_mm,9.835661388933659,2700000
prediction_orientation_error_deg,0,2700000
prediction_position_error_mm,29.39450927078724,2800000
prediction_orientation_error_deg,0,2800000
prediction_position_error_mm,29.39450927078724,2900000
prediction_orientation_error_deg,0,2900000
owd_uplink_ms,68.9821,3000000
owd_downlink_ms,70.0516,3000000
prediction_position_error_mm,29.39450927078724,3000000
prediction_orientation_error_deg,0,3000000
owd_uplink_ms,43.7268,3100000
owd_downlink_ms,66.1855,3100000
owd_uplink_ms,27.1447,3100000
owd_downlink_ms,22.5791,3100000
correction_magnitude_mm,29.39450927078724,2843448
correction_magnitude_deg,0,2843448
prediction_position_error_mm,4.863897804170847,3100000
prediction_orientation_error_deg,0,3100000
owd_uplink_ms,63.7865,3200000
owd_downlink_ms,56.7645,3200000
owd_uplink_ms,62.398,3200000
owd_downlink_ms,42.021,3200000
owd_uplink_ms,39.7228,3200000
owd_downlink_ms,65.5541,3200000
prediction_position_error_mm,4.863897804170847,3200000
prediction_orientation_error_deg,0,3200000
owd_uplink_ms,69.2595,3300000
owd_downlink_ms,39.3644,3300000
prediction_position_error_mm,24.202395230531693,3300000
prediction_orientation_error_deg,0,3300000
owd_uplink_ms,50.3395,3400000
owd_downlink_ms,54.6306,3400000
prediction_position_error_mm,24.202395230531693,3400000
prediction_orientation_error_deg,0,3400000
prediction_position_error_mm,29.00554984807968,3500000
prediction_orientation_error_deg,0,3500000
owd_uplink_ms,46.6987,3600000
owd_downlink_ms,65.5875,3600000
prediction_position_error_mm,29.00554984807968,3600000
prediction_orientation_error_deg,0,3600000
prediction_position_error_mm,29.00554984807968,3700000
prediction_orientation_error_deg,0,3700000
prediction_position_error_mm,38.57094421982765,3800000
prediction_orientation_error_deg,0,3800000
owd_uplink_ms,53.1251,3900000
owd_downlink_ms,66.447,3900000
prediction_position_error_mm,38.46888616681099,3900000
prediction_orientation_error_deg,0,3900000
owd_uplink_ms,40.9065,4000000
owd_downlink_ms,56.2385,4000000
correction_magnitude_mm,19.338618963956833,3368907
correction_magnitude_deg,0,3368907
owd_uplink_ms,74.4207,4000000
owd_downlink_ms,43.2745,4000000
prediction_position_error_mm,19.074903801083565,4000000
prediction_orientation_error_deg,0,4000000
owd_uplink_ms,29.1036,4100000
owd_downlink_ms,68.0447,4100000
owd_uplink_ms,47.269,4100000
owd_downlink_ms,21.3214,4100000
correction_magnitude_mm,9.565997868776321,3846215
correction_magnitude_deg,0,3846215
prediction_position_error_mm,9.5090102404356,4100000
prediction_orientation_error_deg,0,4100000
owd_uplink_ms,43.8568,4200000
owd_downlink_ms,54.9913,4200000
owd_uplink_ms,49.0653,4200000
owd_downlink_ms,21.9873,4200000
owd_uplink_ms,70.1048,4200000
owd_downlink_ms,63.7395,4200000
prediction_position_error_mm,18.896348774433136,4200000
prediction_orientation_error_deg,0,4200000
prediction_position_error_mm,28.24791707098484,4300000
prediction_orientation_error_deg,0,4300000
owd_uplink_ms,41.5046,4400000
owd_downlink_ms,33.0308,4400000
prediction_position_error_mm,23.500952869653702,4400000
prediction_orientation_error_deg,0,4400000
owd_uplink_ms,74.6368,4500000
owd_downlink_ms,47.6959,4500000
prediction_position_error_mm,28.151175007224083,4500000
prediction_orientation_error_deg,0,4500000
prediction_position_error_mm,28.151175007224083,4600000
prediction_orientation_error_deg,0,4600000
owd_uplink_ms,56.0964,4700000
owd_downlink_ms,28.448,4700000
correction_magnitude_mm,23.500952869653702,4339498
correction_magnitude_deg,0,4339498
owd_uplink_ms,33.9011,4700000
owd_downlink_ms,49.7854,4700000
prediction_position_error_mm,18.494682386517525,4700000
prediction_orientation_error_deg,0,4700000
owd_uplink_ms,21.7589,4800000
owd_downlink_ms,46.741,4800000
prediction_position_error_mm,18.494682386517525,4800000
prediction_orientation_error_deg,0,4800000
owd_uplink_ms,36.3363,4900000
owd_downlink_ms,53.9972,4900000
owd_uplink_ms,68.3154,4900000
owd_downlink_ms,57.2655,4900000
prediction_position_error_mm,23.072360083460808,4900000
prediction_orientation_error_deg,0,4900000
prediction_position_error_mm,23.072360083460808,5000000
prediction_orientation_error_deg,0,5000000
owd_uplink_ms,45.3348,5100000
owd_downlink_ms,25.8456,5100000
correction_magnitude_mm,18.494682386517525,4774484
correction_magnitude_deg,0,4774484
owd_uplink_ms,35.6693,5100000
owd_downlink_ms,59.402,5100000
prediction_position_error_mm,9.136516600847244,5100000
prediction_orientation_error_deg,0,5100000
owd_uplink_ms,47.5614,5200000
owd_downlink_ms,48.3029,5200000
prediction_position_error_mm,9.136516600847244,5200000
prediction_orientation_error_deg,0,5200000
owd_uplink_ms,25.7924,5300000
owd_downlink_ms,55.4917,5300000
prediction_position_error_mm,27.171671390533447,5300000
prediction_orientation_error_deg,0,5300000
owd_uplink_ms,46.527,5400000
owd_downlink_ms,26.6625,5400000
correction_magnitude_mm,9.136516600847244,5117367
correction_magnitude_deg,0,5117367
prediction_position_error_mm,18.035538494586945,5400000
prediction_orientation_error_deg,0,5400000
prediction_position_error_mm,18.035538494586945,5500000
prediction_orientation_error_deg,0,5500000
prediction_position_error_mm,18.035538494586945,5600000
prediction_orientation_error_deg,0,5600000
owd_uplink_ms,36.6484,5700000
owd_downlink_ms,65.5779,5700000
owd_uplink_ms,57.3658,5700000
owd_downlink_ms,32.8971,5700000
correction_magnitude_mm,18.035538494586945,5322942
correction_magnitude_deg,0,5322942
owd_uplink_ms,31.8401,5700000
owd_downlink_ms,35.8853,5700000
prediction_position_error_mm,8.893068879842758,5700000
prediction_orientation_error_deg,0,5700000
prediction_position_error_mm,17.698850482702255,5800000
prediction_orientation_error_deg,0,5800000
owd_uplink_ms,61.5786,5900000
owd_downlink_ms,30.2528,5900000
prediction_position_error_mm,17.698850482702255,5900000
prediction_orientation_error_deg,0,5900000
prediction_position_error_mm,30.737213790416718,6000000
prediction_orientation_error_deg,0,6000000
prediction_position_error_mm,30.737213790416718,6100000
prediction_orientation_error_deg,0,6100000
owd_uplink_ms,30.4014,6200000
owd_downlink_ms,36.558,6200000
correction_magnitude_mm,17.698850482702255,5796537
correction_magnitude_deg,0,5796537
prediction_position_error_mm,21.61436527967453,6200000
prediction_orientation_error_deg,0,6200000
owd_uplink_ms,67.6738,6300000
owd_downlink_ms,73.6886,6300000
prediction_position_error_mm,21.61436527967453,6300000
prediction_orientation_error_deg,0,6300000
owd_uplink_ms,70.8481,6400000
owd_downlink_ms,46.1038,6400000
owd_uplink_ms,42.9404,6400000
owd_downlink_ms,68.5737,6400000
prediction_position_error_mm,21.61436527967453,6400000
prediction_orientation_error_deg,0,6400000
prediction_position_error_mm,30.09219653904438,6500000
prediction_orientation_error_deg,0,6500000
owd_uplink_ms,34.2477,6600000
owd_downlink_ms,32.8714,6600000
correction_magnitude_mm,21.61436527967453,6203445
correction_magnitude_deg,0,6203445
prediction_position_error_mm,8.47852323204279,6600000
prediction_orientation_error_deg,0,6600000
owd_uplink_ms,26.8458,6700000
owd_downlink_ms,59.5958,6700000
owd_uplink_ms,76.7589,6700000
owd_downlink_ms,53.9767,6700000
owd_uplink_ms,57.1272,6700000
owd_downlink_ms,46.308,6700000
prediction_position_error_mm,21.008282899856567,6700000
prediction_orientation_error_deg,0,6700000
prediction_position_error_mm,21.008282899856567,6800000
prediction_orientation_error_deg,0,6800000
owd_uplink_ms,64.3925,6900000
owd_downlink_ms,60.8924,6900000
owd_uplink_ms,29.3128,6900000
owd_downlink_ms,62.5585,6900000
prediction_position_error_mm,25.13333596289158,6900000
prediction_orientation_error_deg,0,6900000
owd_uplink_ms,40.9572,7000000
owd_downlink_ms,43.5252,7000000
correction_magnitude_mm,8.47852323204279,6542772
correction_magnitude_deg,0,6542772
prediction_position_error_mm,16.6553296148777,7000000
prediction_orientation_error_deg,0,7000000
owd_uplink_ms,55.6953,7100000
owd_downlink_ms,21.4386,7100000
correction_magnitude_mm,12.530079111456871,6799952
correction_magnitude_deg,0,6799952
prediction_position_error_mm,4.125383682549,7100000
prediction_orientation_error_deg,0,7100000
prediction_position_error_mm,8.224548771977425,7200000
prediction_orientation_error_deg,0,7200000
owd_uplink_ms,28.8671,7300000
owd_downlink_ms,52.3821,7300000
prediction_position_error_mm,8.224548771977425,7300000
prediction_orientation_error_deg,0,7300000
owd_uplink_ms,48.4464,7400000
owd_downlink_ms,49.8657,7400000
owd_uplink_ms,63.1836,7400000
owd_downlink_ms,69.7501,7400000
prediction_position_error_mm,20.3615203499794,7400000
prediction_orientation_error_deg,0,7400000
owd_uplink_ms,44.0405,7500000
owd_downlink_ms,52.7246,7500000
prediction_position_error_mm,28.126263990998268,7500000
prediction_orientation_error_deg,0,7500000
prediction_position_error_mm,28.126263990998268,7600000
prediction_orientation_error_deg,0,7600000
owd_uplink_ms,61.0357,7700000
owd_downlink_ms,42.1016,7700000
owd_uplink_ms,57.4445,7700000
owd_downlink_ms,28.0508,7700000
correction_magnitude_mm,12.137330137193203,7389773
correction_magnitude_deg,0,7389773
prediction_position_error_mm,11.890954338014126,7700000
prediction_orientation_error_deg,0,7700000
owd_uplink_ms,46.1178,7800000
owd_downlink_ms,35.9612,7800000
prediction_position_error_mm,23.527255281805992,7800000
prediction_orientation_error_deg,0,7800000
prediction_position_error_mm,27.348078787326813,7900000
prediction_orientation_error_deg,0,7900000
prediction_position_error_mm,27.348078787326813,8000000
prediction_orientation_error_deg,0,8000000
owd_uplink_ms,61.1138,8100000
owd_downlink_ms,64.8738,8100000
owd_uplink_ms,20.446,8100000
owd_downlink_ms,25.7329,8100000
correction_magnitude_mm,23.527255281805992,7788388
correction_magnitude_deg,0,7788388
prediction_position_error_mm,3.821424674242735,8100000
prediction_orientation_error_deg,0,8100000
owd_uplink_ms,31.6985,8200000
owd_downlink_ms,66.2132,8200000
prediction_position_error_mm,11.376184411346912,8200000
prediction_orientation_error_deg,0,8200000
prediction_position_error_mm,18.811732530593872,8300000
prediction_orientation_error_deg,0,8300000
owd_uplink_ms,55.1291,8400000
owd_downlink_ms,65.9721,8400000
owd_uplink_ms,76.3993,8400000
owd_downlink_ms,48.5727,8400000
prediction_position_error_mm,14.990624971687794,8400000
prediction_orientation_error_deg,0,8400000
prediction_position_error_mm,14.990624971687794,8500000
prediction_orientation_error_deg,0,8500000
owd_uplink_ms,33.8987,8600000
owd_downlink_ms,33.3118,8600000
correction_magnitude_mm,7.554852869361639,8209566
correction_magnitude_deg,0,8209566
owd_uplink_ms,44.5065,8600000
owd_downlink_ms,71.5815,8600000
owd_uplink_ms,35.0303,8600000
owd_downlink_ms,23.3438,8600000
correction_magnitude_mm,7.436032872647047,8328801
correction_magnitude_deg,0,8328801
owd_uplink_ms,28.8721,8600000
owd_downlink_ms,61.7255,8600000
prediction_position_error_mm,0,8600000
prediction_orientation_error_deg,0,8600000
owd_uplink_ms,49.3278,8700000
owd_downlink_ms,65.9606,8700000
prediction_position_error_mm,10.927331633865833,8700000
prediction_orientation_error_deg,0,8700000
owd_uplink_ms,38.8919,8800000
owd_downlink_ms,37.647,8800000
prediction_position_error_mm,14.508326537907124,8800000
prediction_orientation_error_deg,0,8800000
owd_uplink_ms,61.0174,8900000
owd_downlink_ms,43.9213,8900000
prediction_position_error_mm,14.508326537907124,8900000
prediction_orientation_error_deg,0,8900000
prediction_position_error_mm,14.508326537907124,9000000
prediction_orientation_error_deg,0,9000000
prediction_position_error_mm,21.576842293143272,9100000
prediction_orientation_error_deg,0,9100000
owd_uplink_ms,41.8369,9200000
owd_downlink_ms,40.336,9200000
correction_magnitude_mm,10.927331633865833,8765853
correction_magnitude_deg,0,8765853
prediction_position_error_mm,10.650529526174068,9200000
prediction_orientation_error_deg,0,9200000
prediction_position_error_mm,17.594201490283012,9300000
prediction_orientation_error_deg,0,9300000
owd_uplink_ms,69.6387,9400000
owd_downlink_ms,42.9868,9400000
owd_uplink_ms,48.4303,9400000
owd_downlink_ms,27.3438,9400000
correction_magnitude_mm,7.069431245326996,9106180
correction_magnitude_deg,0,9106180
prediction_position_error_mm,6.9442871026694775,9400000
prediction_orientation_error_deg,0,9400000
owd_uplink_ms,38.7632,9500000
owd_downlink_ms,57.3609,9500000
prediction_position_error_mm,10.368956252932549,9500000
prediction_orientation_error_deg,0,9500000
owd_uplink_ms,68.5891,9600000
owd_downlink_ms,33.779,9600000
prediction_position_error_mm,10.368956252932549,9600000
prediction_orientation_error_deg,0,9600000
owd_uplink_ms,39.5794,9700000
owd_downlink_ms,33.2897,9700000
correction_magnitude_mm,6.9442871026694775,9278052
correction_magnitude_deg,0,9278052
owd_uplink_ms,73.8988,9700000
owd_downlink_ms,77.8091,9700000
prediction_position_error_mm,13.507839292287827,9700000
prediction_orientation_error_deg,0,9700000
prediction_position_error_mm,20.06865106523037,9800000
prediction_orientation_error_deg,0,9800000
prediction_position_error_mm,20.06865106523037,9900000
prediction_orientation_error_deg,0,9900000
owd_uplink_ms,53.6033,10000000
owd_downlink_ms,50.6851,10000000
prediction_position_error_mm,16.644567251205444,10000000
prediction_orientation_error_deg,0,10000000
owd_uplink_ms,64.2761,10100000
owd_downlink_ms,64.1033,10100000
owd_uplink_ms,56.9724,10100000
owd_downlink_ms,30.9158,10100000
correction_magnitude_mm,16.644567251205444,9741619
correction_magnitude_deg,0,9741619
prediction_position_error_mm,6.432761903852224,10100000
prediction_orientation_error_deg,0,10100000
prediction_position_error_mm,6.432761903852224,10200000
prediction_orientation_error_deg,0,10200000
prediction_position_error_mm,15.83748310804367,10300000
prediction_orientation_error_deg,0,10300000
owd_uplink_ms,61.3395,10400000
owd_downlink_ms,71.0896,10400000
owd_uplink_ms,40.3771,10400000
owd_downlink_ms,68.2812,10400000
prediction_position_error_mm,15.83748310804367,10400000
prediction_orientation_error_deg,0,10400000
owd_uplink_ms,41.975,10500000
owd_downlink_ms,33.0258,10500000
correction_magnitude_mm,6.432761903852224,10077501
correction_magnitude_deg,0,10077501
owd_uplink_ms,36.9839,10500000
owd_downlink_ms,60.8391,10500000
owd_uplink_ms,48.2049,10500000
owd_downlink_ms,64.1332,10500000
prediction_position_error_mm,9.405599907040596,10500000
prediction_orientation_error_deg,0,10500000
prediction_position_error_mm,18.516380339860916,10600000
prediction_orientation_error_deg,0,10600000
owd_uplink_ms,35.6163,10700000
owd_downlink_ms,35.1448,10700000
correction_magnitude_mm,9.405599907040596,10326640
correction_magnitude_deg,0,10326640
prediction_position_error_mm,15.023709274828434,10700000
prediction_orientation_error_deg,0,10700000
owd_uplink_ms,54.6328,10800000
owd_downlink_ms,30.937,10800000
prediction_position_error_mm,15.023709274828434,10800000
prediction_orientation_error_deg,0,10800000
owd_uplink_ms,54.4405,10900000
owd_downlink_ms,71.0509,10900000
prediction_position_error_mm,17.930055037140846,10900000
prediction_orientation_error_deg,0,10900000
prediction_position_error_mm,17.930055037140846,11000000
prediction_orientation_error_deg,0,11000000
owd_uplink_ms,26.3267,11100000
owd_downlink_ms,29.8561,11100000
correction_magnitude_mm,15.023709274828434,10722194
correction_magnitude_deg,0,10722194
owd_uplink_ms,34.1063,11100000
owd_downlink_ms,43.1673,11100000
prediction_position_error_mm,5.782310385257006,11100000
prediction_orientation_error_deg,0,11100000
owd_uplink_ms,54.2572,11200000
owd_downlink_ms,48.2993,11200000
owd_uplink_ms,71.742,11200000
owd_downlink_ms,63.3971,11200000
owd_uplink_ms,45.5866,11200000
owd_downlink_ms,38.9923,11200000
prediction_position_error_mm,11.434400454163551,11200000
prediction_orientation_error_deg,0,11200000
owd_uplink_ms,32.8361,11300000
owd_downlink_ms,29.9337,11300000
owd_uplink_ms,62.8909,11300000
owd_downlink_ms,43.5573,11300000
prediction_position_error_mm,14.050252735614777,11300000
prediction_orientation_error_deg,0,11300000
prediction_position_error_mm,14.050252735614777,11400000
prediction_orientation_error_deg,0,11400000
prediction_position_error_mm,16.76306128501892,11500000
prediction_orientation_error_deg,0,11500000
prediction_position_error_mm,22.091681137681007,11600000
prediction_orientation_error_deg,0,11600000
prediction_position_error_mm,22.091681137681007,11700000
prediction_orientation_error_deg,0,11700000
owd_uplink_ms,40.5095,11800000
owd_downlink_ms,59.9001,11800000
owd_uplink_ms,31.197,11800000
owd_downlink_ms,40.9666,11800000
correction_magnitude_mm,11.17617916315794,11316052
correction_magnitude_deg,0,11316052
owd_uplink_ms,48.9732,11800000
owd_downlink_ms,52.4451,11800000
prediction_position_error_mm,8.047107607126236,11800000
prediction_orientation_error_deg,0,11800000
prediction_position_error_mm,8.047107607126236,11900000
prediction_orientation_error_deg,0,11900000
owd_uplink_ms,42.2983,12000000
owd_downlink_ms,67.9191,12000000
owd_uplink_ms,71.7133,12000000
owd_downlink_ms,28.9715,12000000
correction_magnitude_mm,8.047107607126236,11698989
correction_magnitude_deg,0,11698989
prediction_position_error_mm,5.207859445363283,12000000
prediction_orientation_error_deg,0,12000000
owd_uplink_ms,40.6345,12100000
owd_downlink_ms,53.1779,12100000
prediction_position_error_mm,10.291321203112602,12100000
prediction_orientation_error_deg,0,12100000
prediction_position_error_mm,12.786779552698135,12200000
prediction_orientation_error_deg,0,12200000
prediction_position_error_mm,12.786779552698135,12300000
prediction_orientation_error_deg,0,12300000
owd_uplink_ms,29.5334,12400000
owd_downlink_ms,68.6499,12400000
prediction_position_error_mm,12.786779552698135,12400000
prediction_orientation_error_deg,0,12400000
prediction_position_error_mm,12.786779552698135,12500000
prediction_orientation_error_deg,0,12500000
owd_uplink_ms,80.3167,12600000
owd_downlink_ms,48.4392,12600000
correction_magnitude_mm,5.207859445363283,12023716
correction_magnitude_deg,0,12023716
owd_uplink_ms,62.6797,12600000
owd_downlink_ms,28.2818,12600000
correction_magnitude_mm,7.580716162919998,12280719
correction_magnitude_deg,0,12280719
prediction_position_error_mm,7.310944143682718,12600000
prediction_orientation_error_deg,0,12600000
owd_uplink_ms,46.7417,12700000
owd_downlink_ms,60.4625,12700000
prediction_position_error_mm,12.037950567901134,12700000
prediction_orientation_error_deg,0,12700000
owd_uplink_ms,35.8039,12800000
owd_downlink_ms,54.1258,12800000
owd_uplink_ms,36.5411,12800000
owd_downlink_ms,64.0012,12800000
prediction_position_error_mm,12.037950567901134,12800000
prediction_orientation_error_deg,0,12800000
owd_uplink_ms,69.6883,12900000
owd_downlink_ms,73.0058,12900000
prediction_position_error_mm,16.649767756462097,12900000
prediction_orientation_error_deg,0,12900000
prediction_position_error_mm,18.913278356194496,13000000
prediction_orientation_error_deg,0,13000000
prediction_position_error_mm,18.913278356194496,13100000
prediction_orientation_error_deg,0,13100000
owd_uplink_ms,68.3125,13200000
owd_downlink_ms,48.8372,13200000
correction_magnitude_mm,7.310944143682718,12634897
correction_magnitude_deg,0,12634897
owd_uplink_ms,51.8637,13200000
owd_downlink_ms,41.5374,13200000
prediction_position_error_mm,6.884807255119085,13200000
prediction_orientation_error_deg,0,13200000
owd_uplink_ms,59.4166,13300000
owd_downlink_ms,58.8647,13300000
owd_uplink_ms,49.0833,13300000
owd_downlink_ms,60.0687,13300000
prediction_position_error_mm,13.526808470487595,13300000
prediction_orientation_error_deg,0,13300000
owd_uplink_ms,50.7038,13400000
owd_downlink_ms,39.0461,13400000
owd_uplink_ms,34.3013,13400000
owd_downlink_ms,41.4673,13400000
owd_uplink_ms,37.4809,13400000
owd_downlink_ms,59.0337,13400000
prediction_position_error_mm,8.913848549127579,13400000
prediction_orientation_error_deg,0,13400000
owd_uplink_ms,39.2071,13500000
owd_downlink_ms,42.3139,13500000
prediction_position_error_mm,6.646914407610893,13500000
prediction_orientation_error_deg,0,13500000
prediction_position_error_mm,10.951348580420017,13600000
prediction_orientation_error_deg,0,13600000
prediction_position_error_mm,15.15862438827753,13700000
prediction_orientation_error_deg,0,13700000
prediction_position_error_mm,19.272461533546448,13800000
prediction_orientation_error_deg,0,13800000
owd_uplink_ms,68.326,13900000
owd_downlink_ms,33.9966,13900000
correction_magnitude_mm,6.646914407610893,13517324
correction_magnitude_deg,0,13517324
prediction_position_error_mm,12.642639689147472,13900000
prediction_orientation_error_deg,0,13900000
prediction_position_error_mm,12.642639689147472,14000000
prediction_orientation_error_deg,0,14000000
owd_uplink_ms,44.9523,14100000
owd_downlink_ms,72.792,14100000
prediction_position_error_mm,16.67892187833786,14100000
prediction_orientation_error_deg,0,14100000
owd_uplink_ms,80.4303,14200000
owd_downlink_ms,61.8067,14200000
owd_uplink_ms,55.7687,14200000
owd_downlink_ms,55.3424,14200000
owd_uplink_ms,38.6866,14200000
owd_downlink_ms,44.6427,14200000
prediction_position_error_mm,8.173547685146332,14200000
prediction_orientation_error_deg,0,14200000
owd_uplink_ms,31.2146,14300000
owd_downlink_ms,40.3864,14300000
owd_uplink_ms,53.4103,14300000
owd_downlink_ms,62.964,14300000
prediction_position_error_mm,6.043116562068462,14300000
prediction_orientation_error_deg,0,14300000
prediction_position_error_mm,6.043116562068462,14400000
prediction_orientation_error_deg,0,14400000
prediction_position_error_mm,6.043116562068462,14500000
prediction_orientation_error_deg,0,14500000
owd_uplink_ms,38.5806,14600000
owd_downlink_ms,35.5482,14600000
owd_uplink_ms,47.6714,14600000
owd_downlink_ms,20.943,14600000
owd_uplink_ms,44.2724,14600000
owd_downlink_ms,60.6846,14600000
owd_uplink_ms,67.8823,14600000
owd_downlink_ms,64.8023,14600000
prediction_position_error_mm,3.941162023693323,14600000
prediction_orientation_error_deg,0,14600000
prediction_position_error_mm,3.941162023693323,14700000
prediction_orientation_error_deg,0,14700000
prediction_position_error_mm,7.818987593054771,14800000
prediction_orientation_error_deg,0,14800000
owd_uplink_ms,52.4235,14900000
owd_downlink_ms,24.4026,14900000
owd_uplink_ms,66.7496,14900000
owd_downlink_ms,57.1524,14900000
prediction_position_error_mm,3.880131524056196,14900000
prediction_orientation_error_deg,0,14900000
prediction_position_error_mm,11.481909081339836,15000000
prediction_orientation_error_deg,0,15000000
owd_uplink_ms,55.5422,15100000
owd_downlink_ms,25.9532,15100000
owd_uplink_ms,62.6461,15100000
owd_downlink_ms,39.4205,15100000
prediction_position_error_mm,7.609134539961815,15100000
prediction_orientation_error_deg,0,15100000
prediction_position_error_mm,11.351319961249828,15200000
prediction_orientation_error_deg,0,15200000
owd_uplink_ms,46.195,15300000
owd_downlink_ms,54.7963,15300000
prediction_position_error_mm,11.351319961249828,15300000
prediction_orientation_error_deg,0,15300000
prediction_position_error_mm,16.906045377254486,15400000
prediction_orientation_error_deg,0,15400000
owd_uplink_ms,26.1159,15500000
owd_downlink_ms,32.2891,15500000
correction_magnitude_mm,11.351319961249828,15144050
correction_magnitude_deg,0,15144050
owd_uplink_ms,53.1745,15500000
owd_downlink_ms,52.9305,15500000
owd_uplink_ms,30.9533,15500000
owd_downlink_ms,50.7677,15500000
prediction_position_error_mm,5.58142364025116,15500000
prediction_orientation_error_deg,0,15500000
owd_uplink_ms,65.8955,15600000
owd_downlink_ms,58.3617,15600000
prediction_position_error_mm,5.58142364025116,15600000
prediction_orientation_error_deg,0,15600000
prediction_position_error_mm,11.132813058793545,15700000
prediction_orientation_error_deg,0,15700000
prediction_position_error_mm,11.132813058793545,15800000
prediction_orientation_error_deg,0,15800000
owd_uplink_ms,22.8482,15900000
owd_downlink_ms,43.0116,15900000
correction_magnitude_mm,5.58142364025116,15384301
correction_magnitude_deg,0,15384301
owd_uplink_ms,66.5261,15900000
owd_downlink_ms,67.5491,15900000
prediction_position_error_mm,5.560609046369791,15900000
prediction_orientation_error_deg,0,15900000
owd_uplink_ms,62.5154,16000000
owd_downlink_ms,53.3017,16000000
prediction_position_error_mm,9.268512018024921,16000000
prediction_orientation_error_deg,0,16000000
prediction_position_error_mm,11.125437915325165,16100000
prediction_orientation_error_deg,0,16100000
prediction_position_error_mm,11.125437915325165,16200000
prediction_orientation_error_deg,0,16200000
owd_uplink_ms,71.9565,16300000
owd_downlink_ms,61.0542,16300000
correction_magnitude_mm,5.560609046369791,15660436
correction_magnitude_deg,0,15660436
owd_uplink_ms,53.6523,16300000
owd_downlink_ms,70.3243,16300000
prediction_position_error_mm,5.574079696089029,16300000
prediction_orientation_error_deg,0,16300000
owd_uplink_ms,62.096,16400000
owd_downlink_ms,48.2106,16400000
owd_uplink_ms,30.3615,16400000
owd_downlink_ms,66.3826,16400000
prediction_position_error_mm,5.574079696089029,16400000
prediction_orientation_error_deg,0,16400000
owd_uplink_ms,39.5193,16500000
owd_downlink_ms,38.784,16500000
correction_magnitude_mm,5.574079696089029,16108026
correction_magnitude_deg,0,16108026
prediction_position_error_mm,5.6220246478915215,16500000
prediction_orientation_error_deg,0,16500000
owd_uplink_ms,51.4746,16600000
owd_downlink_ms,73.2261,16600000
prediction_position_error_mm,5.6220246478915215,16600000
prediction_orientation_error_deg,0,16600000
prediction_position_error_mm,11.316424235701561,16700000
prediction_orientation_error_deg,0,16700000
owd_uplink_ms,37.7767,16800000
owd_downlink_ms,64.7423,16800000
prediction_position_error_mm,11.316424235701561,16800000
prediction_orientation_error_deg,0,16800000
owd_uplink_ms,67.5348,16900000
owd_downlink_ms,60.6269,16900000
prediction_position_error_mm,11.316424235701561,16900000
prediction_orientation_error_deg,0,16900000
owd_uplink_ms,50.2589,17000000
owd_downlink_ms,42.2814,17000000
correction_magnitude_mm,5.6220246478915215,16550312
correction_magnitude_deg,0,16550312
prediction_position_error_mm,5.703199189156294,17000000
prediction_orientation_error_deg,0,17000000
owd_uplink_ms,68.1512,17100000
owd_downlink_ms,24.4797,17100000
correction_magnitude_mm,5.703199189156294,16795723
correction_magnitude_deg,0,16795723
owd_uplink_ms,30.447,17100000
owd_downlink_ms,37.1012,17100000
prediction_position_error_mm,1.9250704208388925,17100000
prediction_orientation_error_deg,0,17100000
prediction_position_error_mm,3.8636070676147938,17200000
prediction_orientation_error_deg,0,17200000
owd_uplink_ms,71.7812,17300000
owd_downlink_ms,64.7312,17300000
owd_uplink_ms,64.0229,17300000
owd_downlink_ms,66.679,17300000
prediction_position_error_mm,13.78466933965683,17300000
prediction_orientation_error_deg,0,17300000
prediction_position_error_mm,13.78466933965683,17400000
prediction_orientation_error_deg,0,17400000
prediction_position_error_mm,17.87402667105198,17500000
prediction_orientation_error_deg,0,17500000
owd_uplink_ms,64.9432,17600000
owd_downlink_ms,36.1302,17600000
prediction_position_error_mm,16.10643044114113,17600000
prediction_orientation_error_deg,0,17600000
owd_uplink_ms,66.6068,17700000
owd_downlink_ms,73.2672,17700000
prediction_position_error_mm,16.10643044114113,17700000
prediction_orientation_error_deg,0,17700000
owd_uplink_ms,37.6466,17800000
owd_downlink_ms,46.8834,17800000
correction_magnitude_mm,9.931177832186222,17282406
correction_magnitude_deg,0,17282406
owd_uplink_ms,53.1982,17800000
owd_downlink_ms,49.7814,17800000
prediction_position_error_mm,6.191073451191187,17800000
prediction_orientation_error_deg,0,17800000
owd_uplink_ms,64.6966,17900000
owd_downlink_ms,75.26,17900000
prediction_position_error_mm,12.577919289469719,17900000
prediction_orientation_error_deg,0,17900000
owd_uplink_ms,28.1442,18000000
owd_downlink_ms,40.3847,18000000
owd_uplink_ms,26.4897,18000000
owd_downlink_ms,56.777,18000000
prediction_position_error_mm,8.477159775793552,18000000
prediction_orientation_error_deg,0,18000000
owd_uplink_ms,74.645,18100000
owd_downlink_ms,57.8933,18100000
owd_uplink_ms,26.5209,18100000
owd_downlink_ms,39.8249,18100000
prediction_position_error_mm,8.571754209697247,18100000
prediction_orientation_error_deg,0,18100000
owd_uplink_ms,26.5238,18200000
owd_downlink_ms,20.0445,18200000
correction_magnitude_mm,6.393180228769779,17932089
correction_magnitude_deg,0,17932089
owd_uplink_ms,72.3427,18200000
owd_downlink_ms,56.9993,18200000
prediction_position_error_mm,2.1798736415803432,18200000
prediction_orientation_error_deg,0,18200000
owd_uplink_ms,58.4293,18300000
owd_downlink_ms,53.8967,18300000
prediction_position_error_mm,2.1798736415803432,18300000
prediction_orientation_error_deg,0,18300000
owd_uplink_ms,33.5057,18400000
owd_downlink_ms,39.2876,18400000
prediction_position_error_mm,6.615886464715004,18400000
prediction_orientation_error_deg,0,18400000
owd_uplink_ms,36.6498,18500000
owd_downlink_ms,35.8585,18500000
prediction_position_error_mm,11.29062008112669,18500000
prediction_orientation_error_deg,0,18500000
prediction_position_error_mm,11.29062008112669,18600000
prediction_orientation_error_deg,0,18600000
prediction_position_error_mm,13.630133122205734,18700000
prediction_orientation_error_deg,0,18700000
owd_uplink_ms,46.894,18800000
owd_downlink_ms,31.2953,18800000
owd_uplink_ms,24.9768,18800000
owd_downlink_ms,28.6274,18800000
correction_magnitude_mm,6.856802850961685,18498546
correction_magnitude_deg,0,18498546
prediction_position_error_mm,2.3421715013682842,18800000
prediction_orientation_error_deg,0,18800000
owd_uplink_ms,67.313,18900000
owd_downlink_ms,78.8924,18900000
prediction_position_error_mm,2.3421715013682842,18900000
prediction_orientation_error_deg,0,18900000
prediction_position_error_mm,7.113358937203884,19000000
prediction_orientation_error_deg,0,19000000
owd_uplink_ms,67.3809,19100000
owd_downlink_ms,54.597,19100000
owd_uplink_ms,48.3072,19100000
owd_downlink_ms,54.0357,19100000
owd_uplink_ms,35.4827,19100000
owd_downlink_ms,34.9084,19100000
prediction_position_error_mm,9.66188870370388,19100000
prediction_orientation_error_deg,0,19100000
owd_uplink_ms,46.3555,19200000
owd_downlink_ms,56.3374,19200000
prediction_position_error_mm,12.152261100709438,19200000
prediction_orientation_error_deg,0,19200000
prediction_position_error_mm,14.673139899969101,19300000
prediction_orientation_error_deg,0,19300000
owd_uplink_ms,53.1959,19400000
owd_downlink_ms,34.2022,19400000
prediction_position_error_mm,12.458032928407192,19400000
prediction_orientation_error_deg,0,19400000
owd_uplink_ms,40.1074,19500000
owd_downlink_ms,42.7305,19500000
prediction_position_error_mm,12.458032928407192,19500000
prediction_orientation_error_deg,0,19500000
owd_uplink_ms,29.1611,19600000
owd_downlink_ms,33.6673,19600000
correction_magnitude_mm,7.382805924862623,19186660
correction_magnitude_deg,0,19186660
owd_uplink_ms,32.9084,19600000
owd_downlink_ms,48.1077,19600000
prediction_position_error_mm,10.280913673341274,19600000
prediction_orientation_error_deg,0,19600000
owd_uplink_ms,35.2254,19700000
owd_downlink_ms,26.4013,19700000
correction_magnitude_mm,5.0772386603057384,19394630
correction_magnitude_deg,0,19394630
prediction_position_error_mm,5.204649176448584,19700000
prediction_orientation_error_deg,0,19700000
owd_uplink_ms,32.3195,19800000
owd_downlink_ms,47.3405,19800000
prediction_position_error_mm,13.25328927487135,19800000
prediction_orientation_error_deg,0,19800000
prediction_position_error_mm,13.25328927487135,19900000
prediction_orientation_error_deg,0,19900000
prediction_position_error_mm,13.25328927487135,20000000
prediction_orientation_error_deg,0,20000000
owd_uplink_ms,74.0757,20100000
owd_downlink_ms,67.5361,20100000
prediction_position_error_mm,13.25328927487135,20100000
prediction_orientation_error_deg,0,20100000
owd_uplink_ms,36.5448,20200000
owd_downlink_ms,47.3665,20200000
correction_magnitude_mm,5.204649176448584,19626933
correction_magnitude_deg,0,19626933
prediction_position_error_mm,13.58102634549141,20200000
prediction_orientation_error_deg,0,20200000
owd_uplink_ms,30.4894,20300000
owd_downlink_ms,38.7615,20300000
correction_magnitude_mm,8.050303906202316,19837272
correction_magnitude_deg,0,19837272
prediction_position_error_mm,8.348365314304829,20300000
prediction_orientation_error_deg,0,20300000
owd_uplink_ms,36.3374,20400000
owd_downlink_ms,50.4195,20400000
owd_uplink_ms,55.7896,20400000
owd_downlink_ms,68.9587,20400000
prediction_position_error_mm,8.348365314304829,20400000
prediction_orientation_error_deg,0,20400000
owd_uplink_ms,75.7929,20500000
owd_downlink_ms,35.2007,20500000
prediction_position_error_mm,14.080648310482502,20500000
prediction_orientation_error_deg,0,20500000
prediction_position_error_mm,14.080648310482502,20600000
prediction_orientation_error_deg,0,20600000
owd_uplink_ms,48.1924,20700000
owd_downlink_ms,47.3165,20700000
correction_magnitude_mm,5.532235838472843,20219498
correction_magnitude_deg,0,20219498
prediction_position_error_mm,17.402200028300285,20700000
prediction_orientation_error_deg,0,20700000
owd_uplink_ms,50.049,20800000
owd_downlink_ms,45.0054,20800000
prediction_position_error_mm,14.587048441171646,20800000
prediction_orientation_error_deg,0,20800000
prediction_position_error_mm,14.587048441171646,20900000
prediction_orientation_error_deg,0,20900000
prediction_position_error_mm,14.587048441171646,21000000
prediction_orientation_error_deg,0,21000000
owd_uplink_ms,62.7955,21100000
owd_downlink_ms,74.3492,21100000
prediction_position_error_mm,30.01842461526394,21100000
prediction_orientation_error_deg,0,21100000
owd_uplink_ms,50.5804,21200000
owd_downlink_ms,63.2231,21200000
correction_magnitude_mm,5.733623169362545,20543437
correction_magnitude_deg,0,20543437
owd_uplink_ms,75.6383,21200000
owd_downlink_ms,30.8799,21200000
correction_magnitude_mm,8.854629471898079,20887489
correction_magnitude_deg,0,20887489
prediction_position_error_mm,15.440408140420914,21200000
prediction_orientation_error_deg,0,21200000
owd_uplink_ms,31.685,21300000
owd_downlink_ms,50.5249,21300000
prediction_position_error_mm,15.440408140420914,21300000
prediction_orientation_error_deg,0,21300000
owd_uplink_ms,51.807,21400000
owd_downlink_ms,59.2358,21400000
owd_uplink_ms,65.1,21400000
owd_downlink_ms,74.91,21400000
prediction_position_error_mm,15.440408140420914,21400000
prediction_orientation_error_deg,0,21400000
owd_uplink_ms,52.2171,21500000
owd_downlink_ms,31.0272,21500000
correction_magnitude_mm,15.440408140420914,21093837
correction_magnitude_deg,0,21093837
owd_uplink_ms,26.7889,21500000
owd_downlink_ms,37.2395,21500000
prediction_position_error_mm,3.191146533936262,21500000
prediction_orientation_error_deg,0,21500000
owd_uplink_ms,55.7079,21600000
owd_downlink_ms,37.9803,21600000
prediction_position_error_mm,6.41649030148983,21600000
prediction_orientation_error_deg,0,21600000
prediction_position_error_mm,6.41649030148983,21700000
prediction_orientation_error_deg,0,21700000
owd_uplink_ms,67.7843,21800000
owd_downlink_ms,56.7194,21800000
prediction_position_error_mm,23.05312640964985,21800000
prediction_orientation_error_deg,0,21800000
prediction_position_error_mm,23.05312640964985,21900000
prediction_orientation_error_deg,0,21900000
owd_uplink_ms,64.4452,22000000
owd_downlink_ms,58.6528,22000000
prediction_position_error_mm,23.05312640964985,22000000
prediction_orientation_error_deg,0,22000000
owd_uplink_ms,52.1632,22100000
owd_downlink_ms,30.09,22100000
correction_magnitude_mm,23.05312640964985,21736080
correction_magnitude_deg,0,21736080
prediction_position_error_mm,0,22100000
prediction_orientation_error_deg,0,22100000
owd_uplink_ms,52.9714,22200000
owd_downlink_ms,65.6587,22200000
prediction_position_error_mm,0,22200000
prediction_orientation_error_deg,0,22200000
owd_uplink_ms,53.9996,22300000
owd_downlink_ms,69.3318,22300000
owd_uplink_ms,32.5581,22300000
owd_downlink_ms,49.4444,22300000
prediction_position_error_mm,10.39101928472519,22300000
prediction_orientation_error_deg,0,22300000
prediction_position_error_mm,17.485860735177994,22400000
prediction_orientation_error_deg,0,22400000
owd_uplink_ms,65.6057,22500000
owd_downlink_ms,68.7353,22500000
prediction_position_error_mm,24.713236838579178,22500000
prediction_orientation_error_deg,0,22500000
owd_uplink_ms,65.1102,22600000
owd_downlink_ms,52.357,22600000
owd_uplink_ms,25.5192,22600000
owd_downlink_ms,73.4496,22600000
prediction_position_error_mm,24.713236838579178,22600000
prediction_orientation_error_deg,0,22600000
prediction_position_error_mm,24.713236838579178,22700000
prediction_orientation_error_deg,0,22700000
owd_uplink_ms,59.494,22800000
owd_downlink_ms,39.7622,22800000
correction_magnitude_mm,10.39101928472519,22315433
correction_magnitude_deg,0,22315433
prediction_position_error_mm,14.323925599455833,22800000
prediction_orientation_error_deg,0,22800000
prediction_position_error_mm,29.173770919442177,22900000
prediction_orientation_error_deg,0,22900000
owd_uplink_ms,67.7439,23000000
owd_downlink_ms,60.6895,23000000
owd_uplink_ms,44.7395,23000000
owd_downlink_ms,65.3549,23000000
prediction_position_error_mm,29.173770919442177,23000000
prediction_orientation_error_deg,0,23000000
owd_uplink_ms,31.833,23100000
owd_downlink_ms,48.0591,23100000
correction_magnitude_mm,14.323925599455833,22552666
correction_magnitude_deg,0,22552666
prediction_position_error_mm,14.8521289229393,23100000
prediction_orientation_error_deg,0,23100000
owd_uplink_ms,43.2507,23200000
owd_downlink_ms,69.9008,23200000
prediction_position_error_mm,22.472118958830833,23200000
prediction_orientation_error_deg,0,23200000
owd_uplink_ms,62.3019,23300000
owd_downlink_ms,62.3983,23300000
owd_uplink_ms,72.3687,23300000
owd_downlink_ms,23.3607,23300000
correction_magnitude_mm,14.8521289229393,23024837
correction_magnitude_deg,0,23024837
prediction_position_error_mm,7.62075325474143,23300000
prediction_orientation_error_deg,0,23300000
owd_uplink_ms,55.9158,23400000
owd_downlink_ms,61.2064,23400000
prediction_position_error_mm,7.62075325474143,23400000
prediction_orientation_error_deg,0,23400000
owd_uplink_ms,41.1125,23500000
owd_downlink_ms,26.89,23500000
correction_magnitude_mm,7.62075325474143,23213671
correction_magnitude_deg,0,23213671
prediction_position_error_mm,7.748330477625132,23500000
prediction_orientation_error_deg,0,23500000
owd_uplink_ms,27.1797,23600000
owd_downlink_ms,57.3853,23600000
owd_uplink_ms,50.7821,23600000
owd_downlink_ms,35.4013,23600000
prediction_position_error_mm,7.748330477625132,23600000
prediction_orientation_error_deg,0,23600000
owd_uplink_ms,39.3415,23700000
owd_downlink_ms,63.7708,23700000
owd_uplink_ms,67.1713,23700000
owd_downlink_ms,52.7702,23700000
prediction_position_error_mm,7.748330477625132,23700000
prediction_orientation_error_deg,0,23700000
prediction_position_error_mm,23.61997961997986,23800000
prediction_orientation_error_deg,0,23800000
prediction_position_error_mm,23.61997961997986,23900000
prediction_orientation_error_deg,0,23900000
prediction_position_error_mm,23.61997961997986,24000000
prediction_orientation_error_deg,0,24000000
prediction_position_error_mm,39.97748717665672,24100000
prediction_orientation_error_deg,0,24100000
owd_uplink_ms,64.7245,24200000
owd_downlink_ms,52.7236,24200000
correction_magnitude_mm,7.748330477625132,23629733
correction_magnitude_deg,0,23629733
owd_uplink_ms,50.3773,24200000
owd_downlink_ms,64.4493,24200000
prediction_position_error_mm,32.23119676113129,24200000
prediction_orientation_error_deg,0,24200000
prediction_position_error_mm,36.39485687017441,24300000
prediction_orientation_error_deg,0,24300000
owd_uplink_ms,48.0726,24400000
owd_downlink_ms,20.6757,24400000
correction_magnitude_mm,32.23119676113129,24113075
correction_magnitude_deg,0,24113075
prediction_position_error_mm,4.164477344602346,24400000
prediction_orientation_error_deg,0,24400000
owd_uplink_ms,63.5309,24500000
owd_downlink_ms,42.2393,24500000
owd_uplink_ms,70.1755,24500000
owd_downlink_ms,61.2323,24500000
prediction_position_error_mm,4.164477344602346,24500000
prediction_orientation_error_deg,0,24500000
owd_uplink_ms,36.5382,24600000
owd_downlink_ms,43.0353,24600000
owd_uplink_ms,36.4693,24600000
owd_downlink_ms,70.7493,24600000
owd_uplink_ms,57.8587,24600000
owd_downlink_ms,72.4852,24600000
prediction_position_error_mm,21.110929548740387,24600000
prediction_orientation_error_deg,0,24600000
owd_uplink_ms,73.5955,24700000
owd_downlink_ms,37.5791,24700000
owd_uplink_ms,26.1242,24700000
owd_downlink_ms,55.135,24700000
owd_uplink_ms,40.2243,24700000
owd_downlink_ms,36.3643,24700000
prediction_position_error_mm,16.94664917886257,24700000
prediction_orientation_error_deg,0,24700000
prediction_position_error_mm,16.94664917886257,24800000
prediction_orientation_error_deg,0,24800000
owd_uplink_ms,37.9611,24900000
owd_downlink_ms,24.2449,24900000
correction_magnitude_mm,16.94664917886257,24613807
correction_magnitude_deg,0,24613807
prediction_position_error_mm,0,24900000
prediction_orientation_error_deg,0,24900000
owd_uplink_ms,30.3925,25000000
owd_downlink_ms,37.506,25000000
prediction_position_error_mm,0,25000000
prediction_orientation_error_deg,0,25000000
prediction_position_error_mm,17.394501715898514,25100000
prediction_orientation_error_deg,0,25100000
owd_uplink_ms,73.0444,25200000
owd_downlink_ms,34.7157,25200000
prediction_position_error_mm,26.25313587486744,25200000
prediction_orientation_error_deg,0,25200000
prediction_position_error_mm,26.25313587486744,25300000
prediction_orientation_error_deg,0,25300000
owd_uplink_ms,36.0899,25400000
owd_downlink_ms,26.207,25400000
correction_magnitude_mm,17.394501715898514,25062435
correction_magnitude_deg,0,25062435
prediction_position_error_mm,8.859026245772839,25400000
prediction_orientation_error_deg,0,25400000
owd_uplink_ms,60.5828,25500000
owd_downlink_ms,70.8658,25500000
prediction_position_error_mm,22.342007607221603,25500000
prediction_orientation_error_deg,0,25500000
owd_uplink_ms,41.1909,25600000
owd_downlink_ms,46.7664,25600000
prediction_position_error_mm,26.88676305115223,25600000
prediction_orientation_error_deg,0,25600000
prediction_position_error_mm,26.88676305115223,25700000
prediction_orientation_error_deg,0,25700000
owd_uplink_ms,26.0494,25800000
owd_downlink_ms,52.6815,25800000
correction_magnitude_mm,8.859026245772839,25215549
correction_magnitude_deg,0,25215549
owd_uplink_ms,38.8545,25800000
owd_downlink_ms,51.4467,25800000
owd_uplink_ms,29.1764,25800000
owd_downlink_ms,23.3781,25800000
correction_magnitude_mm,13.483205810189247,25524041
correction_magnitude_deg,0,25524041
owd_uplink_ms,75.5165,25800000
owd_downlink_ms,48.0878,25800000
prediction_position_error_mm,4.544971510767937,25800000
prediction_orientation_error_deg,0,25800000
owd_uplink_ms,66.1384,25900000
owd_downlink_ms,78.3962,25900000
prediction_position_error_mm,18.326502293348312,25900000
prediction_orientation_error_deg,0,25900000
owd_uplink_ms,43.6431,26000000
owd_downlink_ms,32.5418,26000000
prediction_position_error_mm,13.781610876321793,26000000
prediction_orientation_error_deg,0,26000000
owd_uplink_ms,30.3091,26100000
owd_downlink_ms,44.7269,26100000
owd_uplink_ms,56.2527,26100000
owd_downlink_ms,46.1703,26100000
prediction_position_error_mm,18.42309907078743,26100000
prediction_orientation_error_deg,0,26100000
prediction_position_error_mm,23.087790235877037,26200000
prediction_orientation_error_deg,0,26200000
owd_uplink_ms,28.048,26300000
owd_downlink_ms,34.4551,26300000
correction_magnitude_mm,13.781610876321793,25904629
correction_magnitude_deg,0,25904629
prediction_position_error_mm,9.306369349360466,26300000
prediction_orientation_error_deg,0,26300000
owd_uplink_ms,32.8569,26400000
owd_downlink_ms,22.7671,26400000
owd_uplink_ms,50.7235,26400000
owd_downlink_ms,29.7702,26400000
owd_uplink_ms,49.6722,26400000
owd_downlink_ms,41.7202,26400000
prediction_position_error_mm,4.664817359298468,26400000
prediction_orientation_error_deg,0,26400000
prediction_position_error_mm,4.664817359298468,26500000
prediction_orientation_error_deg,0,26500000
prediction_position_error_mm,9.35252383351326,26600000
prediction_orientation_error_deg,0,26600000
prediction_position_error_mm,28.324026614427567,26700000
prediction_orientation_error_deg,0,26700000
prediction_position_error_mm,28.324026614427567,26800000
prediction_orientation_error_deg,0,26800000
owd_uplink_ms,36.049,26900000
owd_downlink_ms,61.2672,26900000
owd_uplink_ms,60.8602,26900000
owd_downlink_ms,26.7012,26900000
prediction_position_error_mm,23.76796491444111,26900000
prediction_orientation_error_deg,0,26900000
owd_uplink_ms,58.6627,27000000
owd_downlink_ms,33.3244,27000000
correction_magnitude_mm,18.971771001815796,26613040
correction_magnitude_deg,0,26613040
prediction_position_error_mm,9.613147005438805,27000000
prediction_orientation_error_deg,0,27000000
owd_uplink_ms,28.5358,27100000
owd_downlink_ms,42.5746,27100000
prediction_position_error_mm,14.450124464929104,27100000
prediction_orientation_error_deg,0,27100000
owd_uplink_ms,55.6501,27200000
owd_downlink_ms,34.3948,27200000
prediction_position_error_mm,14.51058965176344,27200000
prediction_orientation_error_deg,0,27200000
owd_uplink_ms,40.6606,27300000
owd_downlink_ms,44.0175,27300000
prediction_position_error_mm,24.281591176986694,27300000
prediction_orientation_error_deg,0,27300000
owd_uplink_ms,31.2954,27400000
owd_downlink_ms,31.0331,27400000
correction_magnitude_mm,9.653856977820396,27007890
correction_magnitude_deg,0,27007890
owd_uplink_ms,34.1006,27400000
owd_downlink_ms,41.0646,27400000
owd_uplink_ms,52.1764,27400000
owd_downlink_ms,73.9955,27400000
prediction_position_error_mm,14.62787576019764,27400000
prediction_orientation_error_deg,0,27400000
prediction_position_error_mm,14.62787576019764,27500000
prediction_orientation_error_deg,0,27500000
owd_uplink_ms,35.2176,27600000
owd_downlink_ms,36.8125,27600000
owd_uplink_ms,30.6291,27600000
owd_downlink_ms,34.529,27600000
correction_magnitude_mm,9.771142154932022,27250740
correction_magnitude_deg,0,27250740
prediction_position_error_mm,4.91354800760746,27600000
prediction_orientation_error_deg,0,27600000
prediction_position_error_mm,9.845209307968616,27700000
prediction_orientation_error_deg,0,27700000
prediction_position_error_mm,24.744516238570213,27800000
prediction_orientation_error_deg,0,27800000
prediction_position_error_mm,24.744516238570213,27900000
prediction_orientation_error_deg,0,27900000
prediction_position_error_mm,24.744516238570213,28000000
prediction_orientation_error_deg,0,28000000
owd_uplink_ms,64.8972,28100000
owd_downlink_ms,49.598,28100000
owd_uplink_ms,34.1306,28100000
owd_downlink_ms,33.6838,28100000
correction_magnitude_mm,19.83105204999447,27731058
correction_magnitude_deg,0,27731058
prediction_position_error_mm,0,28100000
prediction_orientation_error_deg,0,28100000
owd_uplink_ms,47.1029,28200000
owd_downlink_ms,55.492,28200000
prediction_position_error_mm,25.15484020113945,28200000
prediction_orientation_error_deg,0,28200000
owd_uplink_ms,50.9707,28300000
owd_downlink_ms,70.5388,28300000
prediction_position_error_mm,25.15484020113945,28300000
prediction_orientation_error_deg,0,28300000
prediction_position_error_mm,25.15484020113945,28400000
prediction_orientation_error_deg,0,28400000
owd_uplink_ms,59.1608,28500000
owd_downlink_ms,32.4378,28500000
correction_magnitude_mm,25.15484020113945,28132603
correction_magnitude_deg,0,28132603
owd_uplink_ms,32.5646,28500000
owd_downlink_ms,70.3309,28500000
prediction_position_error_mm,0,28500000
prediction_orientation_error_deg,0,28500000
owd_uplink_ms,69.6681,28600000
owd_downlink_ms,57.5364,28600000
owd_uplink_ms,44.7988,28600000
owd_downlink_ms,31.5419,28600000
prediction_position_error_mm,0,28600000
prediction_orientation_error_deg,0,28600000
owd_uplink_ms,55.5418,28700000
owd_downlink_ms,38.9589,28700000
prediction_position_error_mm,20.38288116455078,28700000
prediction_orientation_error_deg,0,28700000
prediction_position_error_mm,25.510849431157112,28800000
prediction_orientation_error_deg,0,28800000
owd_uplink_ms,21.9186,28900000
owd_downlink_ms,70.8376,28900000
prediction_position_error_mm,25.510849431157112,28900000
prediction_orientation_error_deg,0,28900000
prediction_position_error_mm,40.964752435684204,29000000
prediction_orientation_error_deg,0,29000000
owd_uplink_ms,62.9157,29100000
owd_downlink_ms,36.0883,29100000
correction_magnitude_mm,20.38288116455078,28654963
correction_magnitude_deg,0,28654963
owd_uplink_ms,27.2959,29100000
owd_downlink_ms,33.2638,29100000
correction_magnitude_mm,5.128031596541405,28762423
correction_magnitude_deg,0,28762423
prediction_position_error_mm,15.454274602234364,29100000
prediction_orientation_error_deg,0,29100000
owd_uplink_ms,30.5176,29200000
owd_downlink_ms,44.6657,29200000
owd_uplink_ms,68.4263,29200000
owd_downlink_ms,70.124,29200000
prediction_position_error_mm,25.811025872826576,29200000
prediction_orientation_error_deg,0,29200000
prediction_position_error_mm,25.811025872826576,29300000
prediction_orientation_error_deg,0,29300000
prediction_position_error_mm,25.811025872826576,29400000
prediction_orientation_error_deg,0,29400000
owd_uplink_ms,22.6492,29500000
owd_downlink_ms,47.3963,29500000
correction_magnitude_mm,15.454274602234364,29013164
correction_magnitude_deg,0,29013164
prediction_position_error_mm,25.96375346183777,29500000
prediction_orientation_error_deg,0,29500000
owd_uplink_ms,28.7386,29600000
owd_downlink_ms,31.5844,29600000
correction_magnitude_mm,10.356836020946503,29216721
correction_magnitude_deg,0,29216721
owd_uplink_ms,59.5655,29600000
owd_downlink_ms,36.8603,29600000
owd_uplink_ms,67.7797,29600000
owd_downlink_ms,77.2607,29600000
owd_uplink_ms,76.8981,29600000
owd_downlink_ms,61.126,29600000
prediction_position_error_mm,15.606997534632683,29600000
prediction_orientation_error_deg,0,29600000
owd_uplink_ms,47.9209,29700000
owd_downlink_ms,56.1282,29700000
prediction_position_error_mm,15.606997534632683,29700000
prediction_orientation_error_deg,0,29700000
owd_uplink_ms,51.8015,29800000
owd_downlink_ms,38.0265,29800000
prediction_position_error_mm,15.606997534632683,29800000
prediction_orientation_error_deg,0,29800000
owd_uplink_ms,43.8,29900000
owd_downlink_ms,33.5515,29900000
correction_magnitude_mm,15.606997534632683,29560708
correction_magnitude_deg,0,29560708
prediction_position_error_mm,15.681996941566467,29900000
prediction_orientation_error_deg,0,29900000
owd_uplink_ms,42.5854,30000000
owd_downlink_ms,51.0883,30000000
prediction_position_error_mm,15.681996941566467,30000000
prediction_orientation_error_deg,0,30000000
prediction_position_error_mm,20.923784002661705,30100000
prediction_orientation_error_deg,0,30100000
prediction_position_error_mm,20.923784002661705,30200000
prediction_orientation_error_deg,0,30200000
owd_uplink_ms,30.541,30300000
owd_downlink_ms,34.4035,30300000
correction_magnitude_mm,15.681996941566467,29876166
correction_magnitude_deg,0,29876166
owd_uplink_ms,56.4991,30300000
owd_downlink_ms,32.1082,30300000
owd_uplink_ms,28.3984,30300000
owd_downlink_ms,76.4185,30300000
prediction_position_error_mm,15.744313597679138,30300000
prediction_orientation_error_deg,0,30300000
prediction_position_error_mm,15.744313597679138,30400000
prediction_orientation_error_deg,0,30400000
prediction_position_error_mm,31.538039445877075,30500000
prediction_orientation_error_deg,0,30500000
owd_uplink_ms,71.815,30600000
owd_downlink_ms,43.017,30600000
correction_magnitude_mm,5.241816863417625,30169705
correction_magnitude_deg,0,30169705
prediction_position_error_mm,26.29629150032997,30600000
prediction_orientation_error_deg,0,30600000
owd_uplink_ms,40.7587,30700000
owd_downlink_ms,37.302,30700000
correction_magnitude_mm,10.502510704100132,30265385
correction_magnitude_deg,0,30265385
owd_uplink_ms,39.912,30700000
owd_downlink_ms,56.4974,30700000
prediction_position_error_mm,21.067218855023384,30700000
prediction_orientation_error_deg,0,30700000
prediction_position_error_mm,36.9068868458271,30800000
prediction_orientation_error_deg,0,30800000
owd_uplink_ms,70.2604,30900000
owd_downlink_ms,43.277,30900000
correction_magnitude_mm,15.793846920132637,30452388
correction_magnitude_deg,0,30452388
prediction_position_error_mm,26.3980682939291,30900000
prediction_orientation_error_deg,0,30900000
prediction_position_error_mm,26.3980682939291,31000000
prediction_orientation_error_deg,0,31000000
owd_uplink_ms,32.5146,31100000
owd_downlink_ms,52.9801,31100000
owd_uplink_ms,38.7109,31100000
owd_downlink_ms,37.0428,31100000
correction_magnitude_mm,5.273397546261549,30675886
correction_magnitude_deg,0,30675886
prediction_position_error_mm,21.124709397554398,31100000
prediction_orientation_error_deg,0,31100000
owd_uplink_ms,56.7859,31200000
owd_downlink_ms,70.4907,31200000
prediction_position_error_mm,31.698934733867645,31200000
prediction_orientation_error_deg,0,31200000
prediction_position_error_mm,31.698934733867645,31300000
prediction_orientation_error_deg,0,31300000
owd_uplink_ms,30.2856,31400000
owd_downlink_ms,51.0943,31400000
correction_magnitude_mm,15.839841216802597,30819027
correction_magnitude_deg,0,30819027
owd_uplink_ms,64.9068,31400000
owd_downlink_ms,67.4983,31400000
prediction_position_error_mm,31.724609434604645,31400000
prediction_orientation_error_deg,0,31400000
owd_uplink_ms,54.3856,31500000
owd_downlink_ms,45.6911,31500000
correction_magnitude_mm,5.284891929477453,31011398
correction_magnitude_deg,0,31011398
prediction_position_error_mm,26.439771056175232,31500000
prediction_orientation_error_deg,0,31500000
owd_uplink_ms,27.5888,31600000
owd_downlink_ms,58.1375,31600000
prediction_position_error_mm,31.72735497355461,31600000
prediction_orientation_error_deg,0,31600000
owd_uplink_ms,65.4372,31700000
owd_downlink_ms,70.7774,31700000
prediction_position_error_mm,42.298268526792526,31700000
prediction_orientation_error_deg,0,31700000
owd_uplink_ms,38.4399,31800000
owd_downlink_ms,52.2971,31800000
correction_magnitude_mm,10.574317537248135,31273579
correction_magnitude_deg,0,31273579
prediction_position_error_mm,31.724121421575546,31800000
prediction_orientation_error_deg,0,31800000
owd_uplink_ms,57.5895,31900000
owd_downlink_ms,49.1201,31900000
owd_uplink_ms,68.9783,31900000
owd_downlink_ms,26.4918,31900000
correction_magnitude_mm,21.153122186660767,31609884
correction_magnitude_deg,0,31609884
prediction_position_error_mm,10.571081191301346,31900000
prediction_orientation_error_deg,0,31900000
prediction_position_error_mm,21.133262664079666,32000000
prediction_orientation_error_deg,0,32000000
owd_uplink_ms,32.6951,32100000
owd_downlink_ms,59.148,32100000
prediction_position_error_mm,26.409808546304703,32100000
prediction_orientation_error_deg,0,32100000
owd_uplink_ms,33.4022,32200000
owd_downlink_ms,36.9111,32200000
correction_magnitude_mm,10.571081191301346,31747335
correction_magnitude_deg,0,31747335
owd_uplink_ms,47.3031,32200000
owd_downlink_ms,59.5884,32200000
prediction_position_error_mm,15.838773921132088,32200000
prediction_orientation_error_deg,0,32200000
owd_uplink_ms,44.4451,32300000
owd_downlink_ms,51.5894,32300000
prediction_position_error_mm,15.838773921132088,32300000
prediction_orientation_error_deg,0,32300000
owd_uplink_ms,43.0624,32400000
owd_downlink_ms,64.0934,32400000
prediction_position_error_mm,36.90324351191521,32400000
prediction_orientation_error_deg,0,32400000
owd_uplink_ms,47.5712,32500000
owd_downlink_ms,33.136,32500000
correction_magnitude_mm,10.562208481132984,32079865
correction_magnitude_deg,0,32079865
prediction_position_error_mm,26.341140270233154,32500000
prediction_orientation_error_deg,0,32500000
owd_uplink_ms,60.937,32600000
owd_downlink_ms,37.6954,32600000
correction_magnitude_mm,5.27657475322485,32150812
correction_magnitude_deg,0,32150812
owd_uplink_ms,36.7688,32600000
owd_downlink_ms,40.1098,32600000
prediction_position_error_mm,21.064594388008118,32600000
prediction_orientation_error_deg,0,32600000
owd_uplink_ms,29.8866,32700000
owd_downlink_ms,18.5441,32700000
correction_magnitude_mm,21.064594388008118,32440810
correction_magnitude_deg,0,32440810
prediction_position_error_mm,15.741059556603432,32700000
prediction_orientation_error_deg,0,32700000
owd_uplink_ms,54.4126,32800000
owd_downlink_ms,33.3329,32800000
prediction_position_error_mm,15.741059556603432,32800000
prediction_orientation_error_deg,0,32800000
prediction_position_error_mm,15.741059556603432,32900000
prediction_orientation_error_deg,0,32900000
owd_uplink_ms,36.5239,33000000
owd_downlink_ms,48.2927,33000000
prediction_position_error_mm,31.418222934007645,33000000
prediction_orientation_error_deg,0,33000000
prediction_position_error_mm,31.418222934007645,33100000
prediction_orientation_error_deg,0,33100000
owd_uplink_ms,43.9064,33200000
owd_downlink_ms,31.8207,33200000
correction_magnitude_mm,15.741059556603432,32814062
correction_magnitude_deg,0,32814062
prediction_position_error_mm,20.886506885290146,33200000
prediction_orientation_error_deg,0,33200000
owd_uplink_ms,61.7713,33300000
owd_downlink_ms,35.508,33300000
owd_uplink_ms,54.0147,33300000
owd_downlink_ms,75.0214,33300000
owd_uplink_ms,28.1944,33300000
owd_downlink_ms,55.6523,33300000
prediction_position_error_mm,20.886506885290146,33300000
prediction_orientation_error_deg,0,33300000
prediction_position_error_mm,36.458078771829605,33400000
prediction_orientation_error_deg,0,33400000
owd_uplink_ms,28.755,33500000
owd_downlink_ms,42.2542,33500000
correction_magnitude_mm,15.677236020565033,33058687
correction_magnitude_deg,0,33058687
prediction_position_error_mm,20.78094892203808,33500000
prediction_orientation_error_deg,0,33500000
owd_uplink_ms,38.6382,33600000
owd_downlink_ms,26.7421,33600000
correction_magnitude_mm,5.209285765886307,33243816
correction_magnitude_deg,0,33243816
prediction_position_error_mm,15.57167898863554,33600000
prediction_orientation_error_deg,0,33600000
prediction_position_error_mm,15.57167898863554,33700000
prediction_orientation_error_deg,0,33700000
prediction_position_error_mm,15.57167898863554,33800000
prediction_orientation_error_deg,0,33800000
owd_uplink_ms,66.0078,33900000
owd_downlink_ms,59.8857,33900000
owd_uplink_ms,74.0066,33900000
owd_downlink_ms,46.9576,33900000
correction_magnitude_mm,15.57167898863554,33402351
correction_magnitude_deg,0,33402351
prediction_position_error_mm,25.736477226018906,33900000
prediction_orientation_error_deg,0,33900000
prediction_position_error_mm,25.736477226018906,34000000
prediction_orientation_error_deg,0,34000000
owd_uplink_ms,59.2211,34100000
owd_downlink_ms,33.5303,34100000
prediction_position_error_mm,25.736477226018906,34100000
prediction_orientation_error_deg,0,34100000
owd_uplink_ms,26.0578,34200000
owd_downlink_ms,67.807,34200000
prediction_position_error_mm,25.736477226018906,34200000
prediction_orientation_error_deg,0,34200000
owd_uplink_ms,73.7652,34300000
owd_downlink_ms,25.7267,34300000
correction_magnitude_mm,25.736477226018906,33962377
correction_magnitude_deg,0,33962377
prediction_position_error_mm,20.359797403216362,34300000
prediction_orientation_error_deg,0,34300000
owd_uplink_ms,61.3704,34400000
owd_downlink_ms,74.659,34400000
prediction_position_error_mm,20.359797403216362,34400000
prediction_orientation_error_deg,0,34400000
prediction_position_error_mm,25.413889437913895,34500000
prediction_orientation_error_deg,0,34500000
owd_uplink_ms,28.9949,34600000
owd_downlink_ms,60.7983,34600000
prediction_position_error_mm,25.413889437913895,34600000
prediction_orientation_error_deg,0,34600000
owd_uplink_ms,43.0088,34700000
owd_downlink_ms,71.8968,34700000
prediction_position_error_mm,35.475656390190125,34700000
prediction_orientation_error_deg,0,34700000
owd_uplink_ms,33.4226,34800000
owd_downlink_ms,34.5747,34800000
correction_magnitude_mm,20.359797403216362,34356290
correction_magnitude_deg,0,34356290
owd_uplink_ms,78.0933,34800000
owd_downlink_ms,64.0343,34800000
owd_uplink_ms,66.4569,34800000
owd_downlink_ms,38.2224,34800000
owd_uplink_ms,72.8643,34800000
owd_downlink_ms,60.3411,34800000
prediction_position_error_mm,15.115952119231224,34800000
prediction_orientation_error_deg,0,34800000
prediction_position_error_mm,25.112800300121307,34900000
prediction_orientation_error_deg,0,34900000
owd_uplink_ms,44.2332,35000000
owd_downlink_ms,29.0272,35000000
correction_magnitude_mm,15.115952119231224,34668761
correction_magnitude_deg,0,34668761
owd_uplink_ms,32.6801,35000000
owd_downlink_ms,47.506,35000000
owd_uplink_ms,31.4174,35000000
owd_downlink_ms,29.7558,35000000
prediction_position_error_mm,9.996880777180195,35000000
prediction_orientation_error_deg,0,35000000
owd_uplink_ms,60.7831,35100000
owd_downlink_ms,61.1083,35100000
prediction_position_error_mm,19.925018772482872,35100000
prediction_orientation_error_deg,0,35100000
owd_uplink_ms,48.5388,35200000
owd_downlink_ms,74.5773,35200000
prediction_position_error_mm,19.925018772482872,35200000
prediction_orientation_error_deg,0,35200000
prediction_position_error_mm,19.925018772482872,35300000
prediction_orientation_error_deg,0,35300000
prediction_position_error_mm,24.862132966518402,35400000
prediction_orientation_error_deg,0,35400000
prediction_position_error_mm,24.862132966518402,35500000
prediction_orientation_error_deg,0,35500000
owd_uplink_ms,43.6129,35600000
owd_downlink_ms,63.918,35600000
correction_magnitude_mm,9.996880777180195,34943553
correction_magnitude_deg,0,34943553
prediction_position_error_mm,34.42316874861717,35600000
prediction_orientation_error_deg,0,35600000
owd_uplink_ms,76.0384,35700000
owd_downlink_ms,41.9583,35700000
correction_magnitude_mm,9.928153827786446,35200953
correction_magnitude_deg,0,35200953
owd_uplink_ms,52.1282,35700000
owd_downlink_ms,30.8715,35700000
prediction_position_error_mm,29.216159135103226,35700000
prediction_orientation_error_deg,0,35700000
owd_uplink_ms,31.6272,35800000
owd_downlink_ms,64.615,35800000
prediction_position_error_mm,29.216159135103226,35800000
prediction_orientation_error_deg,0,35800000
prediction_position_error_mm,34.01344269514084,35900000
prediction_orientation_error_deg,0,35900000
prediction_position_error_mm,34.01344269514084,36000000
prediction_orientation_error_deg,0,36000000
owd_uplink_ms,38.113,36100000
owd_downlink_ms,39.8946,36100000
correction_magnitude_mm,19.557969644665718,35617843
correction_magnitude_deg,0,35617843
owd_uplink_ms,79.2407,36100000
owd_downlink_ms,67.1348,36100000
prediction_position_error_mm,14.455553144216537,36100000
prediction_orientation_error_deg,0,36100000
owd_uplink_ms,55.7602,36200000
owd_downlink_ms,43.7043,36200000
correction_magnitude_mm,9.65823419392109,35702773
correction_magnitude_deg,0,35702773
prediction_position_error_mm,9.572827257215977,36200000
prediction_orientation_error_deg,0,36200000
owd_uplink_ms,50.3657,36300000
owd_downlink_ms,38.4266,36300000
owd_uplink_ms,74.7154,36300000
owd_downlink_ms,62.1156,36300000
prediction_position_error_mm,4.775505512952805,36300000
prediction_orientation_error_deg,0,36300000
owd_uplink_ms,26.9922,36400000
owd_downlink_ms,59.5806,36400000
prediction_position_error_mm,28.310155496001244,36400000
prediction_orientation_error_deg,0,36400000
owd_uplink_ms,78.1801,36500000
owd_downlink_ms,63.4342,36500000
prediction_position_error_mm,32.94536471366882,36500000
prediction_orientation_error_deg,0,36500000
owd_uplink_ms,39.9489,36600000
owd_downlink_ms,59.6847,36600000
prediction_position_error_mm,32.94536471366882,36600000
prediction_orientation_error_deg,0,36600000
owd_uplink_ms,27.309,36700000
owd_downlink_ms,23.192,36700000
correction_magnitude_mm,28.310155496001244,36413926
correction_magnitude_deg,0,36413926
owd_uplink_ms,46.1427,36700000
owd_downlink_ms,28.5356,36700000
prediction_position_error_mm,13.830493204295635,36700000
prediction_orientation_error_deg,0,36700000
owd_uplink_ms,24.6944,36800000
owd_downlink_ms,22.3448,36800000
prediction_position_error_mm,9.195255115628242,36800000
prediction_orientation_error_deg,0,36800000
owd_uplink_ms,53.0775,36900000
owd_downlink_ms,62.0158,36900000
prediction_position_error_mm,9.195255115628242,36900000
prediction_orientation_error_deg,0,36900000
prediction_position_error_mm,9.195255115628242,37000000
prediction_orientation_error_deg,0,37000000
owd_uplink_ms,56.0132,37100000
owd_downlink_ms,61.4317,37100000
owd_uplink_ms,27.5241,37100000
owd_downlink_ms,34.8312,37100000
correction_magnitude_mm,9.195255115628242,36716059
correction_magnitude_deg,0,36716059
prediction_position_error_mm,9.092059917747974,37100000
prediction_orientation_error_deg,0,37100000
owd_uplink_ms,71.8723,37200000
owd_downlink_ms,62.6172,37200000
owd_uplink_ms,60.9507,37200000
owd_downlink_ms,50.12,37200000
prediction_position_error_mm,9.092059917747974,37200000
prediction_orientation_error_deg,0,37200000
prediction_position_error_mm,9.092059917747974,37300000
prediction_orientation_error_deg,0,37300000
prediction_position_error_mm,18.07740144431591,37400000
prediction_orientation_error_deg,0,37400000
owd_uplink_ms,44.5565,37500000
owd_downlink_ms,34.8405,37500000
correction_magnitude_mm,9.092059917747974,37078808
correction_magnitude_deg,0,37078808
owd_uplink_ms,53.8657,37500000
owd_downlink_ms,59.4329,37500000
prediction_position_error_mm,8.98535456508398,37500000
prediction_orientation_error_deg,0,37500000
prediction_position_error_mm,26.622379198670387,37600000
prediction_orientation_error_deg,0,37600000
owd_uplink_ms,60.9763,37700000
owd_downlink_ms,43.7724,37700000
prediction_position_error_mm,26.622379198670387,37700000
prediction_orientation_error_deg,0,37700000
owd_uplink_ms,66.5051,37800000
owd_downlink_ms,33.9253,37800000
correction_magnitude_mm,8.98535456508398,37423540
correction_magnitude_deg,0,37423540
owd_uplink_ms,43.5696,37800000
owd_downlink_ms,46.3239,37800000
prediction_position_error_mm,26.28200873732567,37800000
prediction_orientation_error_deg,0,37800000
prediction_position_error_mm,26.28200873732567,37900000
prediction_orientation_error_deg,0,37900000
owd_uplink_ms,32.9081,38000000
owd_downlink_ms,44.5745,38000000
correction_magnitude_mm,17.637064680457115,37541568
correction_magnitude_deg,0,37541568
prediction_position_error_mm,8.64498782902956,38000000
prediction_orientation_error_deg,0,38000000
owd_uplink_ms,29.712,38100000
owd_downlink_ms,27.2941,38100000
correction_magnitude_mm,8.64498782902956,37738546
correction_magnitude_deg,0,37738546
owd_uplink_ms,57.199,38100000
owd_downlink_ms,43.725,38100000
prediction_position_error_mm,16.926448792219162,38100000
prediction_orientation_error_deg,0,38100000
owd_uplink_ms,57.4702,38200000
owd_downlink_ms,65.3702,38200000
prediction_position_error_mm,16.926448792219162,38200000
prediction_orientation_error_deg,0,38200000
prediction_position_error_mm,16.926448792219162,38300000
prediction_orientation_error_deg,0,38300000
owd_uplink_ms,52.0954,38400000
owd_downlink_ms,72.8991,38400000
prediction_position_error_mm,21.079929545521736,38400000
prediction_orientation_error_deg,0,38400000
owd_uplink_ms,40.4826,38500000
owd_downlink_ms,62.449,38500000
owd_uplink_ms,45.6494,38500000
owd_downlink_ms,30.8755,38500000
correction_magnitude_mm,16.926448792219162,38166576
correction_magnitude_deg,0,38166576
prediction_position_error_mm,4.1534979827702045,38500000
prediction_orientation_error_deg,0,38500000
owd_uplink_ms,26.5545,38600000
owd_downlink_ms,49.6888,38600000
prediction_position_error_mm,4.1534979827702045,38600000
prediction_orientation_error_deg,0,38600000
prediction_position_error_mm,16.42022654414177,38700000
prediction_orientation_error_deg,0,38700000
prediction_position_error_mm,24.432625621557236,38800000
prediction_orientation_error_deg,0,38800000
owd_uplink_ms,70.6932,38900000
owd_downlink_ms,56.537,38900000
owd_uplink_ms,43.8974,38900000
owd_downlink_ms,47.3489,38900000
prediction_position_error_mm,20.279154181480408,38900000
prediction_orientation_error_deg,0,38900000
owd_uplink_ms,72.9932,39000000
owd_downlink_ms,54.2369,39000000
prediction_position_error_mm,20.279154181480408,39000000
prediction_orientation_error_deg,0,39000000
prediction_position_error_mm,20.279154181480408,39100000
prediction_orientation_error_deg,0,39100000
owd_uplink_ms,37.3394,39200000
owd_downlink_ms,44.5597,39200000
correction_magnitude_mm,12.266738340258598,38667695
correction_magnitude_deg,0,38667695
owd_uplink_ms,54.1983,39200000
owd_downlink_ms,46.4938,39200000
prediction_position_error_mm,19.775396212935448,39200000
prediction_orientation_error_deg,0,39200000
prediction_position_error_mm,19.775396212935448,39300000
prediction_orientation_error_deg,0,39300000
owd_uplink_ms,59.2249,39400000
owd_downlink_ms,70.2103,39400000
prediction_position_error_mm,19.775396212935448,39400000
prediction_orientation_error_deg,0,39400000
owd_uplink_ms,36.0946,39500000
owd_downlink_ms,68.2104,39500000
correction_magnitude_mm,8.012441918253899,38811941
correction_magnitude_deg,0,38811941
prediction_position_error_mm,15.614246018230915,39500000
prediction_orientation_error_deg,0,39500000
owd_uplink_ms,48.828,39600000
owd_downlink_ms,32.9595,39600000
correction_magnitude_mm,11.762981303036213,39192106
correction_magnitude_deg,0,39192106
owd_uplink_ms,67.517,39600000
owd_downlink_ms,50.5277,39600000
prediction_position_error_mm,7.66714196652174,39600000
prediction_orientation_error_deg,0,39600000
owd_uplink_ms,65.8135,39700000
owd_downlink_ms,33.2382,39700000
prediction_position_error_mm,18.8982542604208,39700000
prediction_orientation_error_deg,0,39700000
prediction_position_error_mm,22.568626329302788,39800000
prediction_orientation_error_deg,0,39800000
prediction_position_error_mm,22.568626329302788,39900000
prediction_orientation_error_deg,0,39900000
owd_uplink_ms,60.7923,40000000
owd_downlink_ms,55.6517,40000000
owd_uplink_ms,41.857,40000000
owd_downlink_ms,37.465,40000000
correction_magnitude_mm,15.046997927129269,39618238
correction_magnitude_deg,0,39618238
prediction_position_error_mm,14.456728473305702,40000000
prediction_orientation_error_deg,0,40000000
owd_uplink_ms,53.8259,40100000
owd_downlink_ms,51.436,40100000
owd_uplink_ms,65.2602,40100000
owd_downlink_ms,84.0084,40100000
prediction_position_error_mm,14.456728473305702,40100000
prediction_orientation_error_deg,0,40100000
prediction_position_error_mm,14.456728473305702,40200000
prediction_orientation_error_deg,0,40200000
owd_uplink_ms,32.0088,40300000
owd_downlink_ms,30.785,40300000
correction_magnitude_mm,14.456728473305702,39937158
correction_magnitude_deg,0,39937158
prediction_position_error_mm,7.000122684985399,40300000
prediction_orientation_error_deg,0,40300000
owd_uplink_ms,63.7966,40400000
owd_downlink_ms,58.4598,40400000
prediction_position_error_mm,7.000122684985399,40400000
prediction_orientation_error_deg,0,40400000
owd_uplink_ms,45.4322,40500000
owd_downlink_ms,50.8985,40500000
owd_uplink_ms,47.3616,40500000
owd_downlink_ms,79.7085,40500000
prediction_position_error_mm,7.000122684985399,40500000
prediction_orientation_error_deg,0,40500000
owd_uplink_ms,45.0294,40600000
owd_downlink_ms,70.4074,40600000
prediction_position_error_mm,13.844511471688747,40600000
prediction_orientation_error_deg,0,40600000
prediction_position_error_mm,20.530464127659798,40700000
prediction_orientation_error_deg,0,40700000
prediction_position_error_mm,23.813270032405853,40800000
prediction_orientation_error_deg,0,40800000
owd_uplink_ms,54.7062,40900000
owd_downlink_ms,52.2084,40900000
correction_magnitude_mm,7.000122684985399,40306355
correction_magnitude_deg,0,40306355
owd_uplink_ms,53.9523,40900000
owd_downlink_ms,27.06,40900000
correction_magnitude_mm,6.8444060161709785,40572740
correction_magnitude_deg,0,40572740
owd_uplink_ms,72.7273,40900000
owd_downlink_ms,61.9592,40900000
prediction_position_error_mm,9.968853555619717,40900000
prediction_orientation_error_deg,0,40900000
owd_uplink_ms,47.6795,41000000
owd_downlink_ms,62.5142,41000000
prediction_position_error_mm,22.69171178340912,41000000
prediction_orientation_error_deg,0,41000000
prediction_position_error_mm,22.69171178340912,41100000
prediction_orientation_error_deg,0,41100000
prediction_position_error_mm,22.69171178340912,41200000
prediction_orientation_error_deg,0,41200000
owd_uplink_ms,46.7178,41300000
owd_downlink_ms,53.1092,41300000
correction_magnitude_mm,6.686005741357803,40685815
correction_magnitude_deg,0,40685815
owd_uplink_ms,68.7219,41300000
owd_downlink_ms,70.9183,41300000
prediction_position_error_mm,22.117940708994865,41300000
prediction_orientation_error_deg,0,41300000
owd_uplink_ms,29.2049,41400000
owd_downlink_ms,34.1672,41400000
correction_magnitude_mm,16.00579172372818,40994764
correction_magnitude_deg,0,40994764
owd_uplink_ms,61.8737,41400000
owd_downlink_ms,57.4974,41400000
prediction_position_error_mm,9.105045348405838,41400000
prediction_orientation_error_deg,0,41400000
owd_uplink_ms,34.5687,41500000
owd_downlink_ms,49.1264,41500000
prediction_position_error_mm,12.05521821975708,41500000
prediction_orientation_error_deg,0,41500000
owd_uplink_ms,48.212,41600000
owd_downlink_ms,69.5958,41600000
prediction_position_error_mm,12.05521821975708,41600000
prediction_orientation_error_deg,0,41600000
owd_uplink_ms,69.6393,41700000
owd_downlink_ms,37.6979,41700000
correction_magnitude_mm,6.112242583185434,41294293
correction_magnitude_deg,0,41294293
prediction_position_error_mm,11.714475229382515,41700000
prediction_orientation_error_deg,0,41700000
owd_uplink_ms,32.7046,41800000
owd_downlink_ms,31.1839,41800000
prediction_position_error_mm,11.542423628270626,41800000
prediction_orientation_error_deg,0,41800000
owd_uplink_ms,67.6186,41900000
owd_downlink_ms,30.3109,41900000
owd_uplink_ms,35.7237,41900000
owd_downlink_ms,61.3061,41900000
prediction_position_error_mm,8.592251688241959,41900000
prediction_orientation_error_deg,0,41900000
owd_uplink_ms,74.4085,42000000
owd_downlink_ms,72.7093,42000000
prediction_position_error_mm,11.369346641004086,42000000
prediction_orientation_error_deg,0,42000000
prediction_position_error_mm,11.369346641004086,42100000
prediction_orientation_error_deg,0,42100000
owd_uplink_ms,29.3859,42200000
owd_downlink_ms,34.7737,42200000
correction_magnitude_mm,8.592251688241959,41782349
correction_magnitude_deg,0,41782349
owd_uplink_ms,36.8222,42200000
owd_downlink_ms,44.0052,42200000
owd_uplink_ms,47.9435,42200000
owd_downlink_ms,46.0906,42200000
prediction_position_error_mm,10.84370631724596,42200000
prediction_orientation_error_deg,0,42200000
owd_uplink_ms,36.0942,42300000
owd_downlink_ms,69.8519,42300000
prediction_position_error_mm,10.84370631724596,42300000
prediction_orientation_error_deg,0,42300000
prediction_position_error_mm,15.998372808098793,42400000
prediction_orientation_error_deg,0,42400000
owd_uplink_ms,38.0979,42500000
owd_downlink_ms,20.1995,42500000
correction_magnitude_mm,10.84370631724596,42208836
correction_magnitude_deg,0,42208836
prediction_position_error_mm,5.154759623110294,42500000
prediction_orientation_error_deg,0,42500000
prediction_position_error_mm,5.154759623110294,42600000
prediction_orientation_error_deg,0,42600000
owd_uplink_ms,51.6791,42700000
owd_downlink_ms,61.9752,42700000
prediction_position_error_mm,12.547574937343597,42700000
prediction_orientation_error_deg,0,42700000
owd_uplink_ms,71.1583,42800000
owd_downlink_ms,26.2616,42800000
correction_magnitude_mm,5.154759623110294,42465586
correction_magnitude_deg,0,42465586
prediction_position_error_mm,7.392883766442537,42800000
prediction_orientation_error_deg,0,42800000
owd_uplink_ms,34.5266,42900000
owd_downlink_ms,43.6856,42900000
prediction_position_error_mm,14.373204670846462,42900000
prediction_orientation_error_deg,0,42900000
owd_uplink_ms,48.0527,43000000
owd_downlink_ms,58.5336,43000000
prediction_position_error_mm,14.373204670846462,43000000
prediction_orientation_error_deg,0,43000000
prediction_position_error_mm,16.607288271188736,43100000
prediction_orientation_error_deg,0,43100000
owd_uplink_ms,74.6887,43200000
owd_downlink_ms,71.4279,43200000
owd_uplink_ms,33.168,43200000
owd_downlink_ms,48.1065,43200000
correction_magnitude_mm,7.392883766442537,42704735
correction_magnitude_deg,0,42704735
prediction_position_error_mm,9.21462569385767,43200000
prediction_orientation_error_deg,0,43200000
owd_uplink_ms,35.9893,43300000
owd_downlink_ms,37.2066,43300000
correction_magnitude_mm,6.98046013712883,42906256
correction_magnitude_deg,0,42906256
prediction_position_error_mm,6.562439724802971,43300000
prediction_orientation_error_deg,0,43300000
prediction_position_error_mm,10.702534578740597,43400000
prediction_orientation_error_deg,0,43400000
owd_uplink_ms,58.9582,43500000
owd_downlink_ms,69.2433,43500000
prediction_position_error_mm,10.702534578740597,43500000
prediction_orientation_error_deg,0,43500000
owd_uplink_ms,70.1067,43600000
owd_downlink_ms,65.7691,43600000
owd_uplink_ms,47.2406,43600000
owd_downlink_ms,30.0941,43600000
correction_magnitude_mm,6.562439724802971,43292257
correction_magnitude_deg,0,43292257
prediction_position_error_mm,6.139311008155346,43600000
prediction_orientation_error_deg,0,43600000
owd_uplink_ms,32.5127,43700000
owd_downlink_ms,68.9279,43700000
owd_uplink_ms,65.8497,43700000
owd_downlink_ms,53.3147,43700000
owd_uplink_ms,37.8508,43700000
owd_downlink_ms,54.5817,43700000
prediction_position_error_mm,6.139311008155346,43700000
prediction_orientation_error_deg,0,43700000
owd_uplink_ms,37.7175,43800000
owd_downlink_ms,27.1687,43800000
owd_uplink_ms,35.4633,43800000
owd_downlink_ms,43.5921,43800000
prediction_position_error_mm,5.854629445821047,43800000
prediction_orientation_error_deg,0,43800000
owd_uplink_ms,40.3219,43900000
owd_downlink_ms,27.0722,43900000
prediction_position_error_mm,7.519624661654234,43900000
prediction_orientation_error_deg,0,43900000
prediction_position_error_mm,7.519624661654234,44000000
prediction_orientation_error_deg,0,44000000
prediction_position_error_mm,10.99110022187233,44100000
prediction_orientation_error_deg,0,44100000
owd_uplink_ms,32.1145,44200000
owd_downlink_ms,69.2637,44200000
prediction_position_error_mm,12.654264457523823,44200000
prediction_orientation_error_deg,0,44200000
owd_uplink_ms,32.8589,44300000
owd_downlink_ms,28.7166,44300000
correction_magnitude_mm,7.519624661654234,43964690
correction_magnitude_deg,0,43964690
owd_uplink_ms,60.6206,44300000
owd_downlink_ms,32.298,44300000
prediction_position_error_mm,5.135129205882549,44300000
prediction_orientation_error_deg,0,44300000
owd_uplink_ms,40.2299,44400000
owd_downlink_ms,53.1828,44400000
owd_uplink_ms,51.0141,44400000
owd_downlink_ms,35.9453,44400000
prediction_position_error_mm,5.135129205882549,44400000
prediction_orientation_error_deg,0,44400000
owd_uplink_ms,30.0828,44500000
owd_downlink_ms,32.8444,44500000
prediction_position_error_mm,1.6634231433272362,44500000
prediction_orientation_error_deg,0,44500000
owd_uplink_ms,54.8292,44600000
owd_downlink_ms,27.89,44600000
prediction_position_error_mm,4.699012264609337,44600000
prediction_orientation_error_deg,0,44600000
prediction_position_error_mm,4.699012264609337,44700000
prediction_orientation_error_deg,0,44700000
owd_uplink_ms,28.6192,44800000
owd_downlink_ms,48.6729,44800000
prediction_position_error_mm,6.167963612824678,44800000
prediction_orientation_error_deg,0,44800000
prediction_position_error_mm,6.167963612824678,44900000
prediction_orientation_error_deg,0,44900000
prediction_position_error_mm,8.959125727415085,45000000
prediction_orientation_error_deg,0,45000000
prediction_position_error_mm,11.554226279258728,45100000
prediction_orientation_error_deg,0,45100000
owd_uplink_ms,52.5887,45200000
owd_downlink_ms,44.2022,45200000
prediction_position_error_mm,6.856510881334543,45200000
prediction_orientation_error_deg,0,45200000
owd_uplink_ms,41.5402,45300000
owd_downlink_ms,40.729,45300000
owd_uplink_ms,41.2552,45300000
owd_downlink_ms,24.7369,45300000
prediction_position_error_mm,2.5962491054087877,45300000
prediction_orientation_error_deg,0,45300000
owd_uplink_ms,38.379,45400000
owd_downlink_ms,73.8054,45400000
prediction_position_error_mm,3.820955054834485,45400000
prediction_orientation_error_deg,0,45400000
owd_uplink_ms,39.7616,45500000
owd_downlink_ms,28.8191,45500000
prediction_position_error_mm,5.635303910821676,45500000
prediction_orientation_error_deg,0,45500000
owd_uplink_ms,43.4465,45600000
owd_downlink_ms,39.9182,45600000
owd_uplink_ms,58.1035,45600000
owd_downlink_ms,52.6319,45600000
owd_uplink_ms,77.9017,45600000
owd_downlink_ms,74.6814,45600000
prediction_position_error_mm,5.635303910821676,45600000
prediction_orientation_error_deg,0,45600000
prediction_position_error_mm,5.635303910821676,45700000
prediction_orientation_error_deg,0,45700000
owd_uplink_ms,56.4264,45800000
owd_downlink_ms,38.3981,45800000
prediction_position_error_mm,6.323807407170534,45800000
prediction_orientation_error_deg,0,45800000
prediction_position_error_mm,8.04244726896286,45900000
prediction_orientation_error_deg,0,45900000
owd_uplink_ms,54.7258,46000000
owd_downlink_ms,31.0457,46000000
prediction_position_error_mm,3.635755740106106,46000000
prediction_orientation_error_deg,0,46000000
owd_uplink_ms,24.7566,46100000
owd_downlink_ms,58.4032,46100000
prediction_position_error_mm,5.165708251297474,46100000
prediction_orientation_error_deg,0,46100000
prediction_position_error_mm,5.165708251297474,46200000
prediction_orientation_error_deg,0,46200000
owd_uplink_ms,67.8221,46300000
owd_downlink_ms,51.5623,46300000
prediction_position_error_mm,3.253798931837082,46300000
prediction_orientation_error_deg,0,46300000
owd_uplink_ms,52.4054,46400000
owd_downlink_ms,44.5238,46400000
prediction_position_error_mm,2.8785904869437218,46400000
prediction_orientation_error_deg,0,46400000
owd_uplink_ms,73.4574,46500000
owd_downlink_ms,76.3344,46500000
owd_uplink_ms,31.4286,46500000
owd_downlink_ms,65.3339,46500000
owd_uplink_ms,56.3779,46500000
owd_downlink_ms,40.0917,46500000
prediction_position_error_mm,2.513993764296174,46500000
prediction_orientation_error_deg,0,46500000
owd_uplink_ms,26.6147,46600000
owd_downlink_ms,58.0015,46600000
prediction_position_error_mm,2.513993764296174,46600000
prediction_orientation_error_deg,0,46600000
owd_uplink_ms,34.2791,46700000
owd_downlink_ms,22.6234,46700000
owd_uplink_ms,58.5237,46700000
owd_downlink_ms,38.6235,46700000
owd_uplink_ms,30.34,46700000
owd_downlink_ms,57.2821,46700000
prediction_position_error_mm,1.168769784271717,46700000
prediction_orientation_error_deg,0,46700000
owd_uplink_ms,41.8407,46800000
owd_downlink_ms,29.6151,46800000
prediction_position_error_mm,1.168769784271717,46800000
prediction_orientation_error_deg,0,46800000
owd_uplink_ms,33.9467,46900000
owd_downlink_ms,36.803,46900000
prediction_position_error_mm,0.5206897621974349,46900000
prediction_orientation_error_deg,0,46900000
prediction_position_error_mm,0.5206897621974349,47000000
prediction_orientation_error_deg,0,47000000
owd_uplink_ms,26.9255,47100000
owd_downlink_ms,51.3951,47100000
prediction_position_error_mm,1.8448872724547982,47100000
prediction_orientation_error_deg,0,47100000
prediction_position_error_mm,1.8448872724547982,47200000
prediction_orientation_error_deg,0,47200000
owd_uplink_ms,59.3969,47300000
owd_downlink_ms,31.0881,47300000
prediction_position_error_mm,1.3280105777084827,47300000
prediction_orientation_error_deg,0,47300000
prediction_position_error_mm,2.039546612650156,47400000
prediction_orientation_error_deg,0,47400000
prediction_position_error_mm,2.6396664325147867,47500000
prediction_orientation_error_deg,0,47500000
owd_uplink_ms,43.5432,47600000
owd_downlink_ms,40.9241,47600000
prediction_position_error_mm,1.3628186425194144,47600000
prediction_orientation_error_deg,0,47600000
owd_uplink_ms,73.8532,47700000
owd_downlink_ms,44.279,47700000
prediction_position_error_mm,2.5310467462986708,47700000
prediction_orientation_error_deg,0,47700000
owd_uplink_ms,51.6365,47800000
owd_downlink_ms,69.3996,47800000
prediction_position_error_mm,2.5310467462986708,47800000
prediction_orientation_error_deg,0,47800000
prediction_position_error_mm,2.5310467462986708,47900000
prediction_orientation_error_deg,0,47900000
owd_uplink_ms,20.6942,48000000
owd_downlink_ms,22.433,48000000
prediction_position_error_mm,0.37853611866012216,48000000
prediction_orientation_error_deg,0,48000000
owd_uplink_ms,52.4102,48100000
owd_downlink_ms,64.3479,48100000
prediction_position_error_mm,1.2287606950849295,48100000
prediction_orientation_error_deg,0,48100000
owd_uplink_ms,72.9093,48200000
owd_downlink_ms,59.7777,48200000
owd_uplink_ms,39.5561,48200000
owd_downlink_ms,47.5084,48200000
prediction_position_error_mm,1.7065100837498903,48200000
prediction_orientation_error_deg,0,48200000
owd_uplink_ms,51.3458,48300000
owd_downlink_ms,73.1917,48300000
owd_uplink_ms,52.4616,48300000
owd_downlink_ms,53.6784,48300000
owd_uplink_ms,44.9202,48300000
owd_downlink_ms,27.5152,48300000
prediction_position_error_mm,2.412754576653242,48300000
prediction_orientation_error_deg,0,48300000
owd_uplink_ms,45.5169,48400000
owd_downlink_ms,22.3271,48400000
prediction_position_error_mm,1.5688996063545346,48400000
prediction_orientation_error_deg,0,48400000
owd_uplink_ms,77.8289,48500000
owd_downlink_ms,76.4026,48500000
prediction_position_error_mm,1.5688996063545346,48500000
prediction_orientation_error_deg,0,48500000
owd_uplink_ms,74.8331,48600000
owd_downlink_ms,67.1133,48600000
owd_uplink_ms,36.9214,48600000
owd_downlink_ms,37.2053,48600000
prediction_position_error_mm,2.3475242778658867,48600000
prediction_orientation_error_deg,0,48600000
owd_uplink_ms,26.6717,48700000
owd_downlink_ms,32.4429,48700000
prediction_position_error_mm,1.9612614996731281,48700000
prediction_orientation_error_deg,0,48700000
prediction_position_error_mm,2.7061118744313717,48800000
prediction_orientation_error_deg,0,48800000
owd_uplink_ms,42.2956,48900000
owd_downlink_ms,69.0938,48900000
prediction_position_error_mm,2.7061118744313717,48900000
prediction_orientation_error_deg,0,48900000
prediction_position_error_mm,4.3358164839446545,49000000
prediction_orientation_error_deg,0,49000000
owd_uplink_ms,37.7575,49100000
owd_downlink_ms,38.2563,49100000
prediction_position_error_mm,4.900718107819557,49100000
prediction_orientation_error_deg,0,49100000
owd_uplink_ms,60.5966,49200000
owd_downlink_ms,41.9709,49200000
owd_uplink_ms,57.4066,49200000
owd_downlink_ms,61.5394,49200000
prediction_position_error_mm,4.203242715448141,49200000
prediction_orientation_error_deg,0,49200000
owd_uplink_ms,38.2003,49300000
owd_downlink_ms,22.1387,49300000
owd_uplink_ms,33.0064,49300000
owd_downlink_ms,47.4075,49300000
prediction_position_error_mm,1.8254980677738786,49300000
prediction_orientation_error_deg,0,49300000
prediction_position_error_mm,1.8254980677738786,49400000
prediction_orientation_error_deg,0,49400000
owd_uplink_ms,37.1631,49500000
owd_downlink_ms,72.5893,49500000
prediction_position_error_mm,2.8106882236897945,49500000
prediction_orientation_error_deg,0,49500000
owd_uplink_ms,52.0079,49600000
owd_downlink_ms,28.1471,49600000
prediction_position_error_mm,0.9854267118498683,49600000
prediction_orientation_error_deg,0,49600000
owd_uplink_ms,66.4541,49700000
owd_downlink_ms,44.2096,49700000
prediction_position_error_mm,3.10228718444705,49700000
prediction_orientation_error_deg,0,49700000
owd_uplink_ms,32.2929,49800000
owd_downlink_ms,60.2691,49800000
prediction_position_error_mm,6.643825210630894,49800000
prediction_orientation_error_deg,0,49800000
prediction_position_error_mm,9.249514900147915,49900000
prediction_orientation_error_deg,0,49900000
prediction_position_error_mm,10.625811293721199,50000000
prediction_orientation_error_deg,0,50000000
prediction_position_error_mm,0,100000
prediction_orientation_error_deg,0,100000
prediction_position_error_mm,0,200000
prediction_orientation_error_deg,0,200000
prediction_position_error_mm,0,300000
prediction_orientation_error_deg,0,300000
prediction_position_error_mm,0,400000
prediction_orientation_error_deg,0,400000
prediction_position_error_mm,0,500000
prediction_orientation_error_deg,0,500000
prediction_position_error_mm,1300.0091314315796,600000
prediction_orientation_error_deg,0,600000
prediction_position_error_mm,1300.0091314315796,700000
prediction_orientation_error_deg,0,700000
prediction_position_error_mm,1300.0091314315796,800000
prediction_orientation_error_deg,0,800000
prediction_position_error_mm,1300.0091314315796,900000
prediction_orientation_error_deg,0,900000
prediction_position_error_mm,1300.0564575195312,1000000
prediction_orientation_error_deg,0,1000000
owd_uplink_ms,43.0914,1100000
owd_downlink_ms,43.0914,1100000
correction_magnitude_mm,1300.0091314315796,588303
correction_magnitude_deg,0,588303
owd_uplink_ms,23.3989,1100000
owd_downlink_ms,44.5495,1100000
prediction_position_error_mm,19.984053447842598,1100000
prediction_orientation_error_deg,0,1100000
prediction_position_error_mm,29.96126003563404,1200000
prediction_orientation_error_deg,0,1200000
owd_uplink_ms,47.0134,1300000
owd_downlink_ms,25.9222,1300000
correction_magnitude_mm,14.99104592949152,988377
correction_magnitude_deg,0,988377
owd_uplink_ms,37.4667,1300000
owd_downlink_ms,30.9259,1300000
prediction_position_error_mm,14.970507472753525,1300000
prediction_orientation_error_deg,0,1300000
owd_uplink_ms,54.9782,1400000
owd_downlink_ms,57.4613,1400000
prediction_position_error_mm,14.970507472753525,1400000
prediction_orientation_error_deg,0,1400000
owd_uplink_ms,25.0605,1500000
owd_downlink_ms,26.5604,1500000
correction_magnitude_mm,14.970507472753525,1185182
correction_magnitude_deg,0,1185182
prediction_position_error_mm,9.962867945432663,1500000
prediction_orientation_error_deg,0,1500000
owd_uplink_ms,37.336,1600000
owd_downlink_ms,44.6504,1600000
prediction_position_error_mm,9.962867945432663,1600000
prediction_orientation_error_deg,0,1600000
prediction_position_error_mm,24.871673434972763,1700000
prediction_orientation_error_deg,0,1700000
owd_uplink_ms,57.5929,1800000
owd_downlink_ms,76.0687,1800000
prediction_position_error_mm,24.871673434972763,1800000
prediction_orientation_error_deg,0,1800000
prediction_position_error_mm,24.871673434972763,1900000
prediction_orientation_error_deg,0,1900000
owd_uplink_ms,34.2353,2000000
owd_downlink_ms,41.3017,2000000
correction_magnitude_mm,9.962867945432663,1526252
correction_magnitude_deg,0,1526252
prediction_position_error_mm,14.908970333635807,2000000
prediction_orientation_error_deg,0,2000000
prediction_position_error_mm,34.70218926668167,2100000
prediction_orientation_error_deg,0,2100000
owd_uplink_ms,25.6119,2200000
owd_downlink_ms,39.6383,2200000
correction_magnitude_mm,14.908970333635807,1743785
correction_magnitude_deg,0,1743785
owd_uplink_ms,77.2757,2200000
owd_downlink_ms,57.7178,2200000
prediction_position_error_mm,19.793689250946045,2200000
prediction_orientation_error_deg,0,2200000
prediction_position_error_mm,19.793689250946045,2300000
prediction_orientation_error_deg,0,2300000
owd_uplink_ms,65.4667,2400000
owd_downlink_ms,65.8,2400000
prediction_position_error_mm,19.793689250946045,2400000
prediction_orientation_error_deg,0,2400000
prediction_position_error_mm,39.46330025792122,2500000
prediction_orientation_error_deg,0,2500000
owd_uplink_ms,65.2819,2600000
owd_downlink_ms,55.7846,2600000
prediction_position_error_mm,39.46330025792122,2600000
prediction_orientation_error_deg,0,2600000
owd_uplink_ms,60.7888,2700000
owd_downlink_ms,41.8402,2700000
correction_magnitude_mm,19.793689250946045,2184196
correction_magnitude_deg,0,2184196
owd_uplink_ms,67.5861,2700000
owd_downlink_ms,76.7326,2700000
prediction_position_error_mm,19.670341163873672,2700000
prediction_orientation_error_deg,0,2700000
prediction_position_error_mm,19.670341163873672,2800000
prediction_orientation_error_deg,0,2800000
owd_uplink_ms,61.9971,2900000
owd_downlink_ms,27.0555,2900000
correction_magnitude_mm,19.670341163873672,2551952
correction_magnitude_deg,0,2551952
owd_uplink_ms,37.347,2900000
owd_downlink_ms,31.0344,2900000
owd_uplink_ms,29.552,2900000
owd_downlink_ms,76.2262,2900000
owd_uplink_ms,26.8107,2900000
owd_downlink_ms,38.1787,2900000
prediction_position_error_mm,14.654712751507759,2900000
prediction_orientation_error_deg,0,2900000
owd_uplink_ms,66.9405,3000000
owd_downlink_ms,31.5508,3000000
prediction_position_error_mm,14.654712751507759,3000000
prediction_orientation_error_deg,0,3000000
prediction_position_error_mm,14.654712751507759,3100000
prediction_orientation_error_deg,0,3100000
owd_uplink_ms,70.6175,3200000
owd_downlink_ms,80.3762,3200000
prediction_position_error_mm,34.040432423353195,3200000
prediction_orientation_error_deg,0,3200000
owd_uplink_ms,75.6326,3300000
owd_downlink_ms,73.3693,3300000
prediction_position_error_mm,34.040432423353195,3300000
prediction_orientation_error_deg,0,3300000
owd_uplink_ms,53.2612,3400000
owd_downlink_ms,49.3235,3400000
correction_magnitude_mm,14.654712751507759,2876825
correction_magnitude_deg,0,2876825
prediction_position_error_mm,24.202395230531693,3400000
prediction_orientation_error_deg,0,3400000
owd_uplink_ms,52.8551,3500000
owd_downlink_ms,49.1707,3500000
prediction_position_error_mm,33.79519656300545,3500000
prediction_orientation_error_deg,0,3500000
owd_uplink_ms,21.1314,3600000
owd_downlink_ms,36.6703,3600000
correction_magnitude_mm,19.386226311326027,3191644
correction_magnitude_deg,0,3191644
prediction_position_error_mm,19.185515120625496,3600000
prediction_orientation_error_deg,0,3600000
owd_uplink_ms,66.0977,3700000
owd_downlink_ms,30.1937,3700000
owd_uplink_ms,39.3947,3700000
owd_downlink_ms,78.9316,3700000
prediction_position_error_mm,14.369300566613674,3700000
prediction_orientation_error_deg,0,3700000
owd_uplink_ms,26.0178,3800000
owd_downlink_ms,29.6691,3800000
correction_magnitude_mm,9.593239985406399,3500749
correction_magnitude_deg,0,3500749
prediction_position_error_mm,4.776099231094122,3800000
prediction_orientation_error_deg,0,3800000
owd_uplink_ms,32.3903,3900000
owd_downlink_ms,43.2679,3900000
prediction_position_error_mm,9.537939913570881,3900000
prediction_orientation_error_deg,0,3900000
owd_uplink_ms,46.1804,4000000
owd_downlink_ms,71.8184,4000000
prediction_position_error_mm,14.285070821642876,4000000
prediction_orientation_error_deg,0,4000000
owd_uplink_ms,30.0724,4100000
owd_downlink_ms,36.6121,4100000
owd_uplink_ms,65.6054,4100000
owd_downlink_ms,22.2173,4100000
prediction_position_error_mm,23.658068850636482,4100000
prediction_orientation_error_deg,0,4100000
prediction_position_error_mm,23.658068850636482,4200000
prediction_orientation_error_deg,0,4200000
owd_uplink_ms,41.0941,4300000
owd_downlink_ms,34.3467,4300000
owd_uplink_ms,64.032,4300000
owd_downlink_ms,77.7369,4300000
prediction_position_error_mm,28.24791707098484,4300000
prediction_orientation_error_deg,0,4300000
prediction_position_error_mm,28.24791707098484,4400000
prediction_orientation_error_deg,0,4400000
prediction_position_error_mm,28.24791707098484,4500000
prediction_orientation_error_deg,0,4500000
owd_uplink_ms,46.3326,4600000
owd_downlink_ms,48.9582,4600000
prediction_position_error_mm,23.500952869653702,4600000
prediction_orientation_error_deg,0,4600000
prediction_position_error_mm,41.99434816837311,4700000
prediction_orientation_error_deg,0,4700000
owd_uplink_ms,32.6247,4800000
owd_downlink_ms,62.3592,4800000
correction_magnitude_mm,14.149260707199574,4149477
correction_magnitude_deg,0,4149477
prediction_position_error_mm,27.846233919262886,4800000
prediction_orientation_error_deg,0,4800000
owd_uplink_ms,52.4537,4900000
owd_downlink_ms,66.7362,4900000
prediction_position_error_mm,36.982033401727676,4900000
prediction_orientation_error_deg,0,4900000
owd_uplink_ms,61.1515,5000000
owd_downlink_ms,39.3003,5000000
correction_magnitude_mm,9.351899847388268,4540015
correction_magnitude_deg,0,4540015
owd_uplink_ms,76.6238,5000000
owd_downlink_ms,45.1957,5000000
owd_uplink_ms,26.9096,5000000
owd_downlink_ms,62.4211,5000000
prediction_position_error_mm,27.63083390891552,5000000
prediction_orientation_error_deg,0,5000000
prediction_position_error_mm,27.63083390891552,5100000
prediction_orientation_error_deg,0,5100000
owd_uplink_ms,31.8856,5200000
owd_downlink_ms,23.6827,5200000
correction_magnitude_mm,27.63083390891552,4934864
correction_magnitude_deg,0,4934864
owd_uplink_ms,58.2439,5200000
owd_downlink_ms,38.788,5200000
prediction_position_error_mm,9.058413095772266,5200000
prediction_orientation_error_deg,0,5200000
owd_uplink_ms,26.9206,5300000
owd_downlink_ms,47.4986,5300000
owd_uplink_ms,62.1411,5300000
owd_downlink_ms,51.7222,5300000
prediction_position_error_mm,18.035538494586945,5300000
prediction_orientation_error_deg,0,5300000
owd_uplink_ms,51.3233,5400000
owd_downlink_ms,52.8333,5400000
prediction_position_error_mm,18.035538494586945,5400000
prediction_orientation_error_deg,0,5400000
prediction_position_error_mm,18.035538494586945,5500000
prediction_orientation_error_deg,0,5500000
owd_uplink_ms,40.1648,5600000
owd_downlink_ms,31.8999,5600000
correction_magnitude_mm,9.058413095772266,5214797
correction_magnitude_deg,0,5214797
prediction_position_error_mm,17.870187759399414,5600000
prediction_orientation_error_deg,0,5600000
owd_uplink_ms,46.4796,5700000
owd_downlink_ms,41.5488,5700000
prediction_position_error_mm,17.870187759399414,5700000
prediction_orientation_error_deg,0,5700000
prediction_position_error_mm,22.284051403403282,5800000
prediction_orientation_error_deg,0,5800000
owd_uplink_ms,70.3982,5900000
owd_downlink_ms,59.2317,5900000
correction_magnitude_mm,8.977255783975124,5294675
correction_magnitude_deg,0,5294675
prediction_position_error_mm,26.414301246404648,5900000
prediction_orientation_error_deg,0,5900000
prediction_position_error_mm,26.414301246404648,6000000
prediction_orientation_error_deg,0,6000000
owd_uplink_ms,32.8881,6100000
owd_downlink_ms,67.1577,6100000
owd_uplink_ms,67.8424,6100000
owd_downlink_ms,27.8488,6100000
correction_magnitude_mm,13.307049870491028,5787521
correction_magnitude_deg,0,5787521
prediction_position_error_mm,17.430920153856277,6100000
prediction_orientation_error_deg,0,6100000
prediction_position_error_mm,17.430920153856277,6200000
prediction_orientation_error_deg,0,6200000
owd_uplink_ms,71.4276,6300000
owd_downlink_ms,60.078,6300000
prediction_position_error_mm,21.730437874794006,6300000
prediction_orientation_error_deg,0,6300000
owd_uplink_ms,37.585,6400000
owd_downlink_ms,69.904,6400000
owd_uplink_ms,29.5764,6400000
owd_downlink_ms,39.5796,6400000
correction_magnitude_mm,13.10773566365242,5926237
correction_magnitude_deg,0,5926237
prediction_position_error_mm,12.898770160973072,6400000
prediction_orientation_error_deg,0,6400000
prediction_position_error_mm,17.15022139251232,6500000
prediction_orientation_error_deg,0,6500000
owd_uplink_ms,48.3071,6600000
owd_downlink_ms,66.4448,6600000
owd_uplink_ms,38.2814,6600000
owd_downlink_ms,39.6799,6600000
prediction_position_error_mm,12.827040627598763,6600000
prediction_orientation_error_deg,0,6600000
owd_uplink_ms,46.6287,6700000
owd_downlink_ms,31.2679,6700000
prediction_position_error_mm,25.28381533920765,6700000
prediction_orientation_error_deg,0,6700000
prediction_position_error_mm,25.28381533920765,6800000
prediction_orientation_error_deg,0,6800000
owd_uplink_ms,59.5838,6900000
owd_downlink_ms,66.5543,6900000
owd_uplink_ms,68.674,6900000
owd_downlink_ms,73.6607,6900000
owd_uplink_ms,50.4416,6900000
owd_downlink_ms,44.488,6900000
prediction_position_error_mm,21.008282899856567,6900000
prediction_orientation_error_deg,0,6900000
owd_uplink_ms,50.912,7000000
owd_downlink_ms,44.6236,7000000
prediction_position_error_mm,16.756923869252205,7000000
prediction_orientation_error_deg,0,7000000
prediction_position_error_mm,24.9809380620718,7100000
prediction_orientation_error_deg,0,7100000
prediction_position_error_mm,37.116389721632004,7200000
prediction_orientation_error_deg,0,7200000
owd_uplink_ms,71.8299,7300000
owd_downlink_ms,32.1295,7300000
correction_magnitude_mm,16.756923869252205,6881471
correction_magnitude_deg,0,6881471
owd_uplink_ms,23.0979,7300000
owd_downlink_ms,51.2346,7300000
owd_uplink_ms,55.6885,7300000
owd_downlink_ms,45.3516,7300000
prediction_position_error_mm,20.3615203499794,7300000
prediction_orientation_error_deg,0,7300000
prediction_position_error_mm,20.3615203499794,7400000
prediction_orientation_error_deg,0,7400000
owd_uplink_ms,59.8687,7500000
owd_downlink_ms,43.723,7500000
prediction_position_error_mm,20.3615203499794,7500000
prediction_orientation_error_deg,0,7500000
prediction_position_error_mm,36.15764155983925,7600000
prediction_orientation_error_deg,0,7600000
owd_uplink_ms,55.6841,7700000
owd_downlink_ms,52.3845,7700000
correction_magnitude_mm,8.224548771977425,7079413
correction_magnitude_deg,0,7079413
owd_uplink_ms,44.4465,7700000
owd_downlink_ms,58.4631,7700000
prediction_position_error_mm,27.93464995920658,7700000
prediction_orientation_error_deg,0,7700000
owd_uplink_ms,57.0397,7800000
owd_downlink_ms,27.0228,7800000
correction_magnitude_mm,12.137330137193203,7459415
correction_magnitude_deg,0,7459415
prediction_position_error_mm,23.527255281805992,7800000
prediction_orientation_error_deg,0,7800000
owd_uplink_ms,27.1956,7900000
owd_downlink_ms,61.0039,7900000
prediction_position_error_mm,23.527255281805992,7900000
prediction_orientation_error_deg,0,7900000
prediction_position_error_mm,23.527255281805992,8000000
prediction_orientation_error_deg,0,8000000
owd_uplink_ms,26.348,8100000
owd_downlink_ms,39.2189,8100000
correction_magnitude_mm,15.798401087522507,7617763
correction_magnitude_deg,0,7617763
owd_uplink_ms,67.5853,8100000
owd_downlink_ms,39.1261,8100000
prediction_position_error_mm,15.342863276600838,8100000
prediction_orientation_error_deg,0,8100000
prediction_position_error_mm,22.837771102786064,8200000
prediction_orientation_error_deg,0,8200000
owd_uplink_ms,73.0418,8300000
owd_downlink_ms,73.7842,8300000
prediction_position_error_mm,22.837771102786064,8300000
prediction_orientation_error_deg,0,8300000
prediction_position_error_mm,22.837771102786064,8400000
prediction_orientation_error_deg,0,8400000
owd_uplink_ms,31.0194,8500000
owd_downlink_ms,63.9243,8500000
correction_magnitude_mm,7.729522418230772,7824248
correction_magnitude_deg,0,7824248
owd_uplink_ms,36.4884,8500000
owd_downlink_ms,34.85,8500000
correction_magnitude_mm,7.613580673933029,8122200
correction_magnitude_deg,0,8122200
prediction_position_error_mm,11.19863148778677,8500000
prediction_orientation_error_deg,0,8500000
owd_uplink_ms,68.3568,8600000
owd_downlink_ms,62.9153,8600000
owd_uplink_ms,71.2305,8600000
owd_downlink_ms,64.9122,8600000
owd_uplink_ms,49.8791,8600000
owd_downlink_ms,46.0905,8600000
prediction_position_error_mm,14.871346764266491,8600000
prediction_orientation_error_deg,0,8600000
prediction_position_error_mm,22.125031799077988,8700000
prediction_orientation_error_deg,0,8700000
owd_uplink_ms,44.5475,8800000
owd_downlink_ms,26.2602,8800000
correction_magnitude_mm,11.19863148778677,8479905
correction_magnitude_deg,0,8479905
owd_uplink_ms,29.3719,8800000
owd_downlink_ms,55.3869,8800000
owd_uplink_ms,49.9006,8800000
owd_downlink_ms,47.2296,8800000
owd_uplink_ms,67.4054,8800000
owd_downlink_ms,67.3766,8800000
prediction_position_error_mm,18.05821992456913,8800000
prediction_orientation_error_deg,0,8800000
owd_uplink_ms,45.2487,8900000
owd_downlink_ms,24.6294,8900000
prediction_position_error_mm,14.385666698217392,8900000
prediction_orientation_error_deg,0,8900000
prediction_position_error_mm,17.904479056596756,9000000
prediction_orientation_error_deg,0,9000000
prediction_position_error_mm,21.391745656728745,9100000
prediction_orientation_error_deg,0,9100000
owd_uplink_ms,27.2551,9200000
owd_downlink_ms,34.9818,9200000
correction_magnitude_mm,14.385666698217392,8792933
correction_magnitude_deg,0,8792933
prediction_position_error_mm,7.007021922618151,9200000
prediction_orientation_error_deg,0,9200000
owd_uplink_ms,30.7105,9300000
owd_downlink_ms,23.0846,9300000
owd_uplink_ms,34.8339,9300000
owd_downlink_ms,54.2665,9300000
prediction_position_error_mm,3.487862180918455,9300000
prediction_orientation_error_deg,0,9300000
owd_uplink_ms,46.889,9400000
owd_downlink_ms,45.9235,9400000
prediction_position_error_mm,10.368956252932549,9400000
prediction_orientation_error_deg,0,9400000
owd_uplink_ms,60.4701,9500000
owd_downlink_ms,56.6165,9500000
owd_uplink_ms,32.0056,9500000
owd_downlink_ms,37.9587,9500000
prediction_position_error_mm,6.881223525851965,9500000
prediction_orientation_error_deg,0,9500000
prediction_position_error_mm,6.881223525851965,9600000
prediction_orientation_error_deg,0,9600000
prediction_position_error_mm,6.881223525851965,9700000
prediction_orientation_error_deg,0,9700000
prediction_position_error_mm,13.635113835334778,9800000
prediction_orientation_error_deg,0,9800000
owd_uplink_ms,48.5287,9900000
owd_downlink_ms,44.468,9900000
correction_magnitude_mm,6.881223525851965,9404031
correction_magnitude_deg,0,9404031
prediction_position_error_mm,10.083320550620556,9900000
prediction_orientation_error_deg,0,9900000
prediction_position_error_mm,23.075507953763008,10000000
prediction_orientation_error_deg,0,10000000
prediction_position_error_mm,26.24179981648922,10100000
prediction_orientation_error_deg,0,10100000
owd_uplink_ms,62.6851,10200000
owd_downlink_ms,68.7642,10200000
prediction_position_error_mm,29.37510423362255,10200000
prediction_orientation_error_deg,0,10200000
owd_uplink_ms,65.2178,10300000
owd_downlink_ms,45.8941,10300000
correction_magnitude_mm,6.7542544566094875,9787475
correction_magnitude_deg,0,9787475
owd_uplink_ms,61.3858,10300000
owd_downlink_ms,42.7138,10300000
prediction_position_error_mm,19.296003505587578,10300000
prediction_orientation_error_deg,0,10300000
owd_uplink_ms,28.426,10400000
owd_downlink_ms,38.3184,10400000
correction_magnitude_mm,12.994326651096344,9976501
correction_magnitude_deg,0,9976501
owd_uplink_ms,34.871,10400000
owd_downlink_ms,30.1673,10400000
prediction_position_error_mm,3.135290229693055,10400000
prediction_orientation_error_deg,0,10400000
owd_uplink_ms,73.3889,10500000
owd_downlink_ms,64.5205,10500000
prediction_position_error_mm,3.135290229693055,10500000
prediction_orientation_error_deg,0,10500000
prediction_position_error_mm,15.34951850771904,10600000
prediction_orientation_error_deg,0,10600000
prediction_position_error_mm,15.34951850771904,10700000
prediction_orientation_error_deg,0,10700000
owd_uplink_ms,29.4349,10800000
owd_downlink_ms,52.1709,10800000
owd_uplink_ms,60.752,10800000
owd_downlink_ms,63.832,10800000
owd_uplink_ms,63.5605,10800000
owd_downlink_ms,73.9054,10800000
prediction_position_error_mm,12.214871123433113,10800000
prediction_orientation_error_deg,0,10800000
owd_uplink_ms,56.9505,10900000
owd_downlink_ms,73.1904,10900000
prediction_position_error_mm,21.031372249126434,10900000
prediction_orientation_error_deg,0,10900000
owd_uplink_ms,50.1013,11000000
owd_downlink_ms,23.6285,11000000
correction_magnitude_mm,12.214871123433113,10691948
correction_magnitude_deg,0,10691948
prediction_position_error_mm,14.535728842020035,11000000
prediction_orientation_error_deg,0,11000000
owd_uplink_ms,61.8221,11100000
owd_downlink_ms,43.1509,11100000
owd_uplink_ms,47.9022,11100000
owd_downlink_ms,49.1973,11100000
prediction_position_error_mm,14.535728842020035,11100000
prediction_orientation_error_deg,0,11100000
owd_uplink_ms,31.6682,11200000
owd_downlink_ms,52.2268,11200000
prediction_position_error_mm,14.535728842020035,11200000
prediction_orientation_error_deg,0,11200000
owd_uplink_ms,23.9869,11300000
owd_downlink_ms,24.6911,11300000
correction_magnitude_mm,14.535728842020035,10996808
correction_magnitude_deg,0,10996808
prediction_position_error_mm,0,11300000
prediction_orientation_error_deg,0,11300000
owd_uplink_ms,53.9148,11400000
owd_downlink_ms,45.5267,11400000
prediction_position_error_mm,5.588320083916187,11400000
prediction_orientation_error_deg,0,11400000
owd_uplink_ms,31.6977,11500000
owd_downlink_ms,53.7372,11500000
prediction_position_error_mm,13.729210011661053,11500000
prediction_orientation_error_deg,0,11500000
owd_uplink_ms,44.844,11600000
owd_downlink_ms,60.359,11600000
prediction_position_error_mm,16.37861505150795,11600000
prediction_orientation_error_deg,0,11600000
prediction_position_error_mm,16.37861505150795,11700000
prediction_orientation_error_deg,0,11700000
owd_uplink_ms,30.9503,11800000
owd_downlink_ms,20.9783,11800000
correction_magnitude_mm,13.729210011661053,11520799
correction_magnitude_deg,0,11520799
prediction_position_error_mm,2.6508993469178677,11800000
prediction_orientation_error_deg,0,11800000
owd_uplink_ms,61.7391,11900000
owd_downlink_ms,56.739,11900000
prediction_position_error_mm,2.6508993469178677,11900000
prediction_orientation_error_deg,0,11900000
prediction_position_error_mm,5.27036702260375,12000000
prediction_orientation_error_deg,0,12000000
owd_uplink_ms,71.2024,12100000
owd_downlink_ms,43.8962,12100000
owd_uplink_ms,43.4696,12100000
owd_downlink_ms,66.3189,12100000
prediction_position_error_mm,12.786779552698135,12100000
prediction_orientation_error_deg,0,12100000
owd_uplink_ms,55.5984,12200000
owd_downlink_ms,56.0458,12200000
owd_uplink_ms,31.1129,12200000
owd_downlink_ms,55.2921,12200000
prediction_position_error_mm,12.786779552698135,12200000
prediction_orientation_error_deg,0,12200000
prediction_position_error_mm,12.786779552698135,12300000
prediction_orientation_error_deg,0,12300000
prediction_position_error_mm,12.786779552698135,12400000
prediction_orientation_error_deg,0,12400000
prediction_position_error_mm,15.251570381224155,12500000
prediction_orientation_error_deg,0,12500000
owd_uplink_ms,77.0342,12600000
owd_downlink_ms,61.4501,12600000
owd_uplink_ms,30.3382,12600000
owd_downlink_ms,45.9909,12600000
correction_magnitude_mm,12.786779552698135,12139845
correction_magnitude_deg,0,12139845
prediction_position_error_mm,4.9035572446882725,12600000
prediction_orientation_error_deg,0,12600000
owd_uplink_ms,57.5345,12700000
owd_downlink_ms,36.3111,12700000
prediction_position_error_mm,9.689007885754108,12700000
prediction_orientation_error_deg,0,12700000
owd_uplink_ms,54.1188,12800000
owd_downlink_ms,69.9314,12800000
prediction_position_error_mm,12.037950567901134,12800000
prediction_orientation_error_deg,0,12800000
prediction_position_error_mm,12.037950567901134,12900000
prediction_orientation_error_deg,0,12900000
owd_uplink_ms,72.4684,13000000
owd_downlink_ms,62.4316,13000000
prediction_position_error_mm,16.649767756462097,13000000
prediction_orientation_error_deg,0,13000000
owd_uplink_ms,78.8559,13100000
owd_downlink_ms,61.8352,13100000
owd_uplink_ms,57.1818,13100000
owd_downlink_ms,27.2721,13100000
correction_magnitude_mm,12.037950567901134,12761873
correction_magnitude_deg,0,12761873
prediction_position_error_mm,11.339129880070686,13100000
prediction_orientation_error_deg,0,13100000
owd_uplink_ms,55.5211,13200000
owd_downlink_ms,57.3596,13200000
prediction_position_error_mm,11.339129880070686,13200000
prediction_orientation_error_deg,0,13200000
owd_uplink_ms,47.5393,13300000
owd_downlink_ms,56.5502,13300000
owd_uplink_ms,54.7622,13300000
owd_downlink_ms,77.1047,13300000
prediction_position_error_mm,15.68855345249176,13300000
prediction_orientation_error_deg,0,13300000
owd_uplink_ms,40.2685,13400000
owd_downlink_ms,30.9911,13400000
owd_uplink_ms,44.1099,13400000
owd_downlink_ms,53.6852,13400000
prediction_position_error_mm,11.07764896005392,13400000
prediction_orientation_error_deg,0,13400000
prediction_position_error_mm,11.07764896005392,13500000
prediction_orientation_error_deg,0,13500000
owd_uplink_ms,71.8839,13600000
owd_downlink_ms,41.6535,13600000
correction_magnitude_mm,6.72451825812459,13165948
correction_magnitude_deg,0,13165948
prediction_position_error_mm,4.356036428362131,13600000
prediction_orientation_error_deg,0,13600000
owd_uplink_ms,26.7438,13700000
owd_downlink_ms,51.3811,13700000
prediction_position_error_mm,8.614725433290005,13700000
prediction_orientation_error_deg,0,13700000
owd_uplink_ms,49.5362,13800000
owd_downlink_ms,61.7298,13800000
prediction_position_error_mm,10.708732530474663,13800000
prediction_orientation_error_deg,0,13800000
prediction_position_error_mm,12.77986355125904,13900000
prediction_orientation_error_deg,0,13900000
prediction_position_error_mm,12.77986355125904,14000000
prediction_orientation_error_deg,0,14000000
owd_uplink_ms,43.8734,14100000
owd_downlink_ms,24.4041,14100000
correction_magnitude_mm,10.708732530474663,13787651
correction_magnitude_deg,0,13787651
owd_uplink_ms,32.5705,14100000
owd_downlink_ms,72.8951,14100000
owd_uplink_ms,79.1748,14100000
owd_downlink_ms,58.0946,14100000
prediction_position_error_mm,6.160642020404339,14100000
prediction_orientation_error_deg,0,14100000
owd_uplink_ms,64.6325,14200000
owd_downlink_ms,54.7998,14200000
owd_uplink_ms,48.2019,14200000
owd_downlink_ms,48.5391,14200000
prediction_position_error_mm,12.142032384872437,14200000
prediction_orientation_error_deg,0,14200000
prediction_position_error_mm,12.142032384872437,14300000
prediction_orientation_error_deg,0,14300000
owd_uplink_ms,67.2553,14400000
owd_downlink_ms,54.3881,14400000
prediction_position_error_mm,14.098964631557465,14400000
prediction_orientation_error_deg,0,14400000
prediction_position_error_mm,14.098964631557465,14500000
prediction_orientation_error_deg,0,14500000
owd_uplink_ms,64.003,14600000
owd_downlink_ms,39.7082,14600000
correction_magnitude_mm,12.142032384872437,14153385
correction_magnitude_deg,0,14153385
owd_uplink_ms,22.3761,14600000
owd_downlink_ms,40.5801,14600000
prediction_position_error_mm,1.9625634886324406,14600000
prediction_orientation_error_deg,0,14600000
owd_uplink_ms,43.0412,14700000
owd_downlink_ms,77.1185,14700000
prediction_position_error_mm,5.841823294758797,14700000
prediction_orientation_error_deg,0,14700000
prediction_position_error_mm,5.841823294758797,14800000
prediction_orientation_error_deg,0,14800000
owd_uplink_ms,45.9528,14900000
owd_downlink_ms,69.9065,14900000
prediction_position_error_mm,13.43817450106144,14900000
prediction_orientation_error_deg,0,14900000
prediction_position_error_mm,13.43817450106144,15000000
prediction_orientation_error_deg,0,15000000
owd_uplink_ms,61.3989,15100000
owd_downlink_ms,63.1504,15100000
owd_uplink_ms,77.0933,15100000
owd_downlink_ms,57.0907,15100000
prediction_position_error_mm,11.481909081339836,15100000
prediction_orientation_error_deg,0,15100000
owd_uplink_ms,38.6718,15200000
owd_downlink_ms,71.5287,15200000
prediction_position_error_mm,11.481909081339836,15200000
prediction_orientation_error_deg,0,15200000
owd_uplink_ms,54.8576,15300000
owd_downlink_ms,52.7361,15300000
prediction_position_error_mm,7.609134539961815,15300000
prediction_orientation_error_deg,0,15300000
prediction_position_error_mm,11.351319961249828,15400000
prediction_orientation_error_deg,0,15400000
owd_uplink_ms,53.3829,15500000
owd_downlink_ms,47.968,15500000
correction_magnitude_mm,7.609134539961815,14957511
correction_magnitude_deg,0,14957511
owd_uplink_ms,29.6196,15500000
owd_downlink_ms,51.0565,15500000
prediction_position_error_mm,5.614298861473799,15500000
prediction_orientation_error_deg,0,15500000
owd_uplink_ms,81.1009,15600000
owd_downlink_ms,63.3,15600000
prediction_position_error_mm,5.614298861473799,15600000
prediction_orientation_error_deg,0,15600000
owd_uplink_ms,79.7873,15700000
owd_downlink_ms,49.9897,15700000
owd_uplink_ms,64.1662,15700000
owd_downlink_ms,28.791,15700000
prediction_position_error_mm,5.58142364025116,15700000
prediction_orientation_error_deg,0,15700000
owd_uplink_ms,54.1714,15800000
owd_downlink_ms,68.8991,15800000
prediction_position_error_mm,5.58142364025116,15800000
prediction_orientation_error_deg,0,15800000
prediction_position_error_mm,11.132813058793545,15900000
prediction_orientation_error_deg,0,15900000
owd_uplink_ms,57.8878,16000000
owd_downlink_ms,57.9484,16000000
prediction_position_error_mm,14.829404652118683,16000000
prediction_orientation_error_deg,0,16000000
owd_uplink_ms,51.2111,16100000
owd_downlink_ms,55.9743,16100000
prediction_position_error_mm,12.973572127521038,16100000
prediction_orientation_error_deg,0,16100000
owd_uplink_ms,55.995,16200000
owd_downlink_ms,49.8919,16200000
prediction_position_error_mm,9.268512018024921,16200000
prediction_orientation_error_deg,0,16200000
owd_uplink_ms,67.1629,16300000
owd_downlink_ms,58.9268,16300000
prediction_position_error_mm,14.850253239274025,16300000
prediction_orientation_error_deg,0,16300000
prediction_position_error_mm,14.850253239274025,16400000
prediction_orientation_error_deg,0,16400000
prediction_position_error_mm,20.478427410125732,16500000
prediction_orientation_error_deg,0,16500000
owd_uplink_ms,65.9743,16600000
owd_downlink_ms,65.8638,16600000
correction_magnitude_mm,5.560609046369791,15886971
correction_magnitude_deg,0,15886971
owd_uplink_ms,40.2933,16600000
owd_downlink_ms,56.3704,16600000
prediction_position_error_mm,11.265799403190613,16600000
prediction_orientation_error_deg,0,16600000
owd_uplink_ms,48.5065,16700000
owd_downlink_ms,74.0835,16700000
prediction_position_error_mm,11.265799403190613,16700000
prediction_orientation_error_deg,0,16700000
prediction_position_error_mm,11.265799403190613,16800000
prediction_orientation_error_deg,0,16800000
owd_uplink_ms,27.902,16900000
owd_downlink_ms,27.4723,16900000
correction_magnitude_mm,11.265799403190613,16538500
correction_magnitude_deg,0,16538500
owd_uplink_ms,51.3078,16900000
owd_downlink_ms,52.4701,16900000
owd_uplink_ms,80.0264,16900000
owd_downlink_ms,74.2958,16900000
prediction_position_error_mm,5.775211378931999,16900000
prediction_orientation_error_deg,0,16900000
owd_uplink_ms,43.338,17000000
owd_downlink_ms,57.022,17000000
owd_uplink_ms,42.7444,17000000
owd_downlink_ms,44.7452,17000000
prediction_position_error_mm,9.693467989563942,17000000
prediction_orientation_error_deg,0,17000000
owd_uplink_ms,70.7162,17100000
owd_downlink_ms,61.2893,17100000
owd_uplink_ms,75.4296,17100000
owd_downlink_ms,73.3053,17100000
prediction_position_error_mm,9.693467989563942,17100000
prediction_orientation_error_deg,0,17100000
prediction_position_error_mm,9.693467989563942,17200000
prediction_orientation_error_deg,0,17200000
owd_uplink_ms,67.9608,17300000
owd_downlink_ms,49.0152,17300000
owd_uplink_ms,26.1861,17300000
owd_downlink_ms,23.0394,17300000
correction_magnitude_mm,9.693467989563942,17010335
correction_magnitude_deg,0,17010335
prediction_position_error_mm,1.9862509798258543,17300000
prediction_orientation_error_deg,0,17300000
prediction_position_error_mm,1.9862509798258543,17400000
prediction_orientation_error_deg,0,17400000
prediction_position_error_mm,6.0126325115561485,17500000
prediction_orientation_error_deg,0,17500000
owd_uplink_ms,71.0059,17600000
owd_downlink_ms,35.6322,17600000
owd_uplink_ms,64.9223,17600000
owd_downlink_ms,48.5814,17600000
owd_uplink_ms,31.3387,17600000
owd_downlink_ms,66.4261,17600000
prediction_position_error_mm,8.054020814597607,17600000
prediction_orientation_error_deg,0,17600000
prediction_position_error_mm,14.29941225796938,17700000
prediction_orientation_error_deg,0,17700000
prediction_position_error_mm,16.42361469566822,17800000
prediction_orientation_error_deg,0,17800000
owd_uplink_ms,52.4502,17900000
owd_downlink_ms,65.0887,17900000
owd_uplink_ms,40.9744,17900000
owd_downlink_ms,36.0988,17900000
correction_magnitude_mm,6.0126325115561485,17499256
correction_magnitude_deg,0,17499256
owd_uplink_ms,46.3648,17900000
owd_downlink_ms,56.8866,17900000
prediction_position_error_mm,12.577919289469719,17900000
prediction_orientation_error_deg,0,17900000
prediction_position_error_mm,12.577919289469719,18000000
prediction_orientation_error_deg,0,18000000
owd_uplink_ms,26.8737,18100000
owd_downlink_ms,36.6541,18100000
correction_magnitude_mm,8.297521620988846,17724633
correction_magnitude_deg,0,17724633
prediction_position_error_mm,4.285967443138361,18100000
prediction_orientation_error_deg,0,18100000
owd_uplink_ms,23.0514,18200000
owd_downlink_ms,19.5294,18200000
owd_uplink_ms,53.6192,18200000
owd_downlink_ms,29.42,18200000
prediction_position_error_mm,4.385009873658419,18200000
prediction_orientation_error_deg,0,18200000
owd_uplink_ms,24.7994,18300000
owd_downlink_ms,45.1825,18300000
owd_uplink_ms,50.2397,18300000
owd_downlink_ms,64.1366,18300000
prediction_position_error_mm,4.385009873658419,18300000
prediction_orientation_error_deg,0,18300000
owd_uplink_ms,63.5323,18400000
owd_downlink_ms,73.8677,18400000
prediction_position_error_mm,6.615886464715004,18400000
prediction_orientation_error_deg,0,18400000
owd_uplink_ms,32.5062,18500000
owd_downlink_ms,20.7438,18500000
owd_uplink_ms,48.2869,18500000
owd_downlink_ms,69.3308,18500000
prediction_position_error_mm,2.231472870334983,18500000
prediction_orientation_error_deg,0,18500000
prediction_position_error_mm,2.231472870334983,18600000
prediction_orientation_error_deg,0,18600000
prediction_position_error_mm,11.427592486143112,18700000
prediction_orientation_error_deg,0,18700000
prediction_position_error_mm,11.427592486143112,18800000
prediction_orientation_error_deg,0,18800000
owd_uplink_ms,52.3382,18900000
owd_downlink_ms,43.4748,18900000
prediction_position_error_mm,13.965620659291744,18900000
prediction_orientation_error_deg,0,18900000
owd_uplink_ms,65.93,19000000
owd_downlink_ms,27.5996,19000000
correction_magnitude_mm,9.19793825596571,18685438
correction_magnitude_deg,0,18685438
prediction_position_error_mm,4.771666135638952,19000000
prediction_orientation_error_deg,0,19000000
prediction_position_error_mm,9.66188870370388,19100000
prediction_orientation_error_deg,0,19100000
owd_uplink_ms,51.0882,19200000
owd_downlink_ms,47.3751,19200000
owd_uplink_ms,53.0318,19200000
owd_downlink_ms,40.7588,19200000
owd_uplink_ms,32.6221,19200000
owd_downlink_ms,50.758,19200000
prediction_position_error_mm,9.66188870370388,19200000
prediction_orientation_error_deg,0,19200000
owd_uplink_ms,77.5596,19300000
owd_downlink_ms,71.5978,19300000
prediction_position_error_mm,17.22467690706253,19300000
prediction_orientation_error_deg,0,19300000
owd_uplink_ms,46.2945,19400000
owd_downlink_ms,45.2803,19400000
prediction_position_error_mm,15.042386017739773,19400000
prediction_orientation_error_deg,0,19400000
owd_uplink_ms,45.7624,19500000
owd_downlink_ms,32.9856,19500000
owd_uplink_ms,31.7929,19500000
owd_downlink_ms,53.6101,19500000
prediction_position_error_mm,10.154184885323048,19500000
prediction_orientation_error_deg,0,19500000
owd_uplink_ms,33.4108,19600000
owd_downlink_ms,43.5033,19600000
prediction_position_error_mm,10.154184885323048,19600000
prediction_orientation_error_deg,0,19600000
prediction_position_error_mm,15.420511364936829,19700000
prediction_orientation_error_deg,0,19700000
owd_uplink_ms,28.5405,19800000
owd_downlink_ms,41.3306,19800000
correction_magnitude_mm,7.568652741611004,19326762
correction_magnitude_deg,0,19326762
prediction_position_error_mm,7.855148985981941,19800000
prediction_orientation_error_deg,0,19800000
owd_uplink_ms,37.9671,19900000
owd_downlink_ms,47.2495,19900000
prediction_position_error_mm,13.25328927487135,19900000
prediction_orientation_error_deg,0,19900000
owd_uplink_ms,53.3778,20000000
owd_downlink_ms,60.2605,20000000
prediction_position_error_mm,18.78189668059349,20000000
prediction_orientation_error_deg,0,20000000
owd_uplink_ms,33.9848,20100000
owd_downlink_ms,59.4822,20100000
owd_uplink_ms,38.856,20100000
owd_downlink_ms,31.5666,20100000
correction_magnitude_mm,5.269211251288652,19769726
correction_magnitude_deg,0,19769726
prediction_position_error_mm,10.931221768260002,20100000
prediction_orientation_error_deg,0,20100000
owd_uplink_ms,46.6884,20200000
owd_downlink_ms,24.5052,20200000
correction_magnitude_mm,5.399781744927168,19941997
correction_magnitude_deg,0,19941997
prediction_position_error_mm,5.532235838472843,20200000
prediction_orientation_error_deg,0,20200000
prediction_position_error_mm,8.348365314304829,20300000
prediction_orientation_error_deg,0,20300000
prediction_position_error_mm,8.348365314304829,20400000
prediction_orientation_error_deg,0,20400000
prediction_position_error_mm,8.348365314304829,20500000
prediction_orientation_error_deg,0,20500000
owd_uplink_ms,43.422,20600000
owd_downlink_ms,59.1198,20600000
prediction_position_error_mm,22.930262610316277,20600000
prediction_orientation_error_deg,0,20600000
owd_uplink_ms,54.4199,20700000
owd_downlink_ms,46.3539,20700000
correction_magnitude_mm,5.532235838472843,20151536
correction_magnitude_deg,0,20151536
prediction_position_error_mm,17.402200028300285,20700000
prediction_orientation_error_deg,0,20700000
owd_uplink_ms,35.3216,20800000
owd_downlink_ms,61.8033,20800000
owd_uplink_ms,84.556,20800000
owd_downlink_ms,62.8495,20800000
prediction_position_error_mm,17.402200028300285,20800000
prediction_orientation_error_deg,0,20800000
owd_uplink_ms,70.2458,20900000
owd_downlink_ms,23.9682,20900000
correction_magnitude_mm,17.402200028300285,20626790
correction_magnitude_deg,0,20626790
prediction_position_error_mm,6.073834374547005,20900000
prediction_orientation_error_deg,0,20900000
owd_uplink_ms,50.1653,21000000
owd_downlink_ms,59.4584,21000000
prediction_position_error_mm,6.073834374547005,21000000
prediction_orientation_error_deg,0,21000000
owd_uplink_ms,59.3891,21100000
owd_downlink_ms,23.5991,21100000
prediction_position_error_mm,12.284183874726295,21100000
prediction_orientation_error_deg,0,21100000
owd_uplink_ms,56.84,21200000
owd_downlink_ms,26.479,21200000
correction_magnitude_mm,6.073834374547005,20855718
correction_magnitude_deg,0,20855718
owd_uplink_ms,28.894,21200000
owd_downlink_ms,58.4408,21200000
prediction_position_error_mm,6.210882682353258,21200000
prediction_orientation_error_deg,0,21200000
prediction_position_error_mm,6.210882682353258,21300000
prediction_orientation_error_deg,0,21300000
owd_uplink_ms,57.8635,21400000
owd_downlink_ms,30.2561,21400000
correction_magnitude_mm,6.210882682353258,21058143
correction_magnitude_deg,0,21058143
prediction_position_error_mm,12.832463718950748,21400000
prediction_orientation_error_deg,0,21400000
owd_uplink_ms,71.9615,21500000
owd_downlink_ms,65.5995,21500000
owd_uplink_ms,32.0911,21500000
owd_downlink_ms,37.0319,21500000
owd_uplink_ms,36.1838,21500000
owd_downlink_ms,57.124,21500000
prediction_position_error_mm,12.832463718950748,21500000
prediction_orientation_error_deg,0,21500000
prediction_position_error_mm,12.832463718950748,21600000
prediction_orientation_error_deg,0,21600000
owd_uplink_ms,65.6541,21700000
owd_downlink_ms,31.7123,21700000
correction_magnitude_mm,12.832463718950748,21340116
correction_magnitude_deg,0,21340116
prediction_position_error_mm,9.983639232814312,21700000
prediction_orientation_error_deg,0,21700000
owd_uplink_ms,23.1885,21800000
owd_downlink_ms,35.4918,21800000
prediction_position_error_mm,9.983639232814312,21800000
prediction_orientation_error_deg,0,21800000
prediction_position_error_mm,9.983639232814312,21900000
prediction_orientation_error_deg,0,21900000
owd_uplink_ms,55.165,22000000
owd_downlink_ms,45.2665,22000000
owd_uplink_ms,50.9378,22000000
owd_downlink_ms,63.7821,22000000
prediction_position_error_mm,16.808874905109406,22000000
prediction_orientation_error_deg,0,22000000
prediction_position_error_mm,16.808874905109406,22100000
prediction_orientation_error_deg,0,22100000
prediction_position_error_mm,16.808874905109406,22200000
prediction_orientation_error_deg,0,22200000
owd_uplink_ms,23.2042,22300000
owd_downlink_ms,51.9102,22300000
correction_magnitude_mm,9.983639232814312,21695062
correction_magnitude_deg,0,21695062
owd_uplink_ms,72.3085,22300000
owd_downlink_ms,35.0509,22300000
correction_magnitude_mm,6.825956050306559,21948491
correction_magnitude_deg,0,21948491
prediction_position_error_mm,6.961184088140726,22300000
prediction_orientation_error_deg,0,22300000
owd_uplink_ms,61.9179,22400000
owd_downlink_ms,66.9285,22400000
prediction_position_error_mm,6.961184088140726,22400000
prediction_orientation_error_deg,0,22400000
owd_uplink_ms,60.1722,22500000
owd_downlink_ms,47.5544,22500000
owd_uplink_ms,34.2016,22500000
owd_downlink_ms,48.1184,22500000
prediction_position_error_mm,6.961184088140726,22500000
prediction_orientation_error_deg,0,22500000
prediction_position_error_mm,14.056320302188396,22600000
prediction_orientation_error_deg,0,22600000
prediction_position_error_mm,24.9473974108696,22700000
prediction_orientation_error_deg,0,22700000
owd_uplink_ms,38.4466,22800000
owd_downlink_ms,50.4715,22800000
correction_magnitude_mm,6.961184088140726,22271411
correction_magnitude_deg,0,22271411
prediction_position_error_mm,25.412697345018387,22800000
prediction_orientation_error_deg,0,22800000
owd_uplink_ms,50.7862,22900000
owd_downlink_ms,76.9431,22900000
prediction_position_error_mm,25.412697345018387,22900000
prediction_orientation_error_deg,0,22900000
owd_uplink_ms,70.528,23000000
owd_downlink_ms,44.0381,23000000
owd_uplink_ms,31.2835,23000000
owd_downlink_ms,30.8184,23000000
correction_magnitude_mm,17.987601459026337,22670413
correction_magnitude_deg,0,22670413
prediction_position_error_mm,7.426344323903322,23000000
prediction_orientation_error_deg,0,23000000
owd_uplink_ms,53.5441,23100000
owd_downlink_ms,52.9441,23100000
prediction_position_error_mm,18.80856789648533,23100000
prediction_orientation_error_deg,0,23100000
owd_uplink_ms,23.8868,23200000
owd_downlink_ms,32.4955,23200000
correction_magnitude_mm,7.426344323903322,22780424
correction_magnitude_deg,0,22780424
owd_uplink_ms,73.1804,23200000
owd_downlink_ms,46.2949,23200000
owd_uplink_ms,48.1176,23200000
owd_downlink_ms,48.9982,23200000
prediction_position_error_mm,11.382701806724072,23200000
prediction_orientation_error_deg,0,23200000
prediction_position_error_mm,11.382701806724072,23300000
prediction_orientation_error_deg,0,23300000
owd_uplink_ms,58.3407,23400000
owd_downlink_ms,51.9194,23400000
owd_uplink_ms,23.2366,23400000
owd_downlink_ms,31.158,23400000
correction_magnitude_mm,11.382701806724072,23049795
correction_magnitude_deg,0,23049795
prediction_position_error_mm,0,23400000
prediction_orientation_error_deg,0,23400000
owd_uplink_ms,50.1191,23500000
owd_downlink_ms,33.286,23500000
prediction_position_error_mm,0,23500000
prediction_orientation_error_deg,0,23500000
prediction_position_error_mm,11.669788509607315,23600000
prediction_orientation_error_deg,0,23600000
prediction_position_error_mm,11.669788509607315,23700000
prediction_orientation_error_deg,0,23700000
owd_uplink_ms,62.6793,23800000
owd_downlink_ms,60.7537,23800000
prediction_position_error_mm,11.669788509607315,23800000
prediction_orientation_error_deg,0,23800000
prediction_position_error_mm,23.61997961997986,23900000
prediction_orientation_error_deg,0,23900000
prediction_position_error_mm,23.61997961997986,24000000
prediction_orientation_error_deg,0,24000000
owd_uplink_ms,48.2596,24100000
owd_downlink_ms,47.6821,24100000
correction_magnitude_mm,11.669788509607315,23525627
correction_magnitude_deg,0,23525627
owd_uplink_ms,60.3633,24100000
owd_downlink_ms,49.3156,24100000
owd_uplink_ms,50.4266,24100000
owd_downlink_ms,80.042,24100000
owd_uplink_ms,40.0727,24100000
owd_downlink_ms,49.0358,24100000
prediction_position_error_mm,11.9509007781744,24100000
prediction_orientation_error_deg,0,24100000
prediction_position_error_mm,24.175776168704033,24200000
prediction_orientation_error_deg,0,24200000
prediction_position_error_mm,32.47419372200966,24300000
prediction_orientation_error_deg,0,24300000
owd_uplink_ms,66.695,24400000
owd_downlink_ms,45.2233,24400000
correction_magnitude_mm,11.9509007781744,23933203
correction_magnitude_deg,0,23933203
prediction_position_error_mm,20.52469737827778,24400000
prediction_orientation_error_deg,0,24400000
owd_uplink_ms,52.6842,24500000
owd_downlink_ms,57.5102,24500000
owd_uplink_ms,34.7432,24500000
owd_downlink_ms,30.2936,24500000
correction_magnitude_mm,12.225519865751266,24133674
correction_magnitude_deg,0,24133674
prediction_position_error_mm,16.715524718165398,24500000
prediction_orientation_error_deg,0,24500000
owd_uplink_ms,37.6886,24600000
owd_downlink_ms,65.1747,24600000
owd_uplink_ms,61.6185,24600000
owd_downlink_ms,43.0932,24600000
owd_uplink_ms,41.6709,24600000
owd_downlink_ms,34.106,24600000
correction_magnitude_mm,8.299505338072777,24235420
correction_magnitude_deg,0,24235420
prediction_position_error_mm,12.667296454310417,24600000
prediction_orientation_error_deg,0,24600000
owd_uplink_ms,59.3758,24700000
owd_downlink_ms,43.018,24700000
prediction_position_error_mm,16.94664917886257,24700000
prediction_orientation_error_deg,0,24700000
prediction_position_error_mm,25.588776916265488,24800000
prediction_orientation_error_deg,0,24800000
owd_uplink_ms,30.3842,24900000
owd_downlink_ms,35.4285,24900000
correction_magnitude_mm,12.667296454310417,24521279
correction_magnitude_deg,0,24521279
prediction_position_error_mm,17.284400761127472,24900000
prediction_orientation_error_deg,0,24900000
prediction_position_error_mm,17.284400761127472,25000000
prediction_orientation_error_deg,0,25000000
owd_uplink_ms,46.9595,25100000
owd_downlink_ms,49.9268,25100000
owd_uplink_ms,35.3832,25100000
owd_downlink_ms,60.2508,25100000
owd_uplink_ms,39.6987,25100000
owd_downlink_ms,76.7526,25100000
prediction_position_error_mm,21.673796698451042,25100000
prediction_orientation_error_deg,0,25100000
prediction_position_error_mm,21.673796698451042,25200000
prediction_orientation_error_deg,0,25200000
owd_uplink_ms,34.6711,25300000
owd_downlink_ms,52.5714,25300000
prediction_position_error_mm,30.72160854935646,25300000
prediction_orientation_error_deg,0,25300000
owd_uplink_ms,44.6928,25400000
owd_downlink_ms,43.9487,25400000
correction_magnitude_mm,13.005039654672146,24923835
correction_magnitude_deg,0,24923835
owd_uplink_ms,26.7974,25400000
owd_downlink_ms,42.5055,25400000
owd_uplink_ms,29.5015,25400000
owd_downlink_ms,50.5538,25400000
prediction_position_error_mm,17.717255279421806,25400000
prediction_orientation_error_deg,0,25400000
prediction_position_error_mm,26.7313402146101,25500000
prediction_orientation_error_deg,0,25500000
prediction_position_error_mm,26.7313402146101,25600000
prediction_orientation_error_deg,0,25600000
owd_uplink_ms,42.5954,25700000
owd_downlink_ms,43.8243,25700000
owd_uplink_ms,50.2219,25700000
owd_downlink_ms,18.4345,25700000
correction_magnitude_mm,13.327784836292267,25431585
correction_magnitude_deg,0,25431585
prediction_position_error_mm,9.014444425702095,25700000
prediction_orientation_error_deg,0,25700000
prediction_position_error_mm,18.12896691262722,25800000
prediction_orientation_error_deg,0,25800000
owd_uplink_ms,56.6056,25900000
owd_downlink_ms,47.5783,25900000
prediction_position_error_mm,22.72283472120762,25900000
prediction_orientation_error_deg,0,25900000
owd_uplink_ms,30.9354,26000000
owd_downlink_ms,55.9216,26000000
prediction_position_error_mm,31.98191151022911,26000000
prediction_orientation_error_deg,0,26000000
prediction_position_error_mm,31.98191151022911,26100000
prediction_orientation_error_deg,0,26100000
owd_uplink_ms,48.4238,26200000
owd_downlink_ms,29.3945,26200000
correction_magnitude_mm,18.12896691262722,25827745
correction_magnitude_deg,0,25827745
owd_uplink_ms,35.6935,26200000
owd_downlink_ms,63.3136,26200000
prediction_position_error_mm,23.205842822790146,26200000
prediction_orientation_error_deg,0,26200000
prediction_position_error_mm,23.205842822790146,26300000
prediction_orientation_error_deg,0,26300000
owd_uplink_ms,49.6764,26400000
owd_downlink_ms,66.7857,26400000
owd_uplink_ms,34.227,26400000
owd_downlink_ms,30.2965,26400000
correction_magnitude_mm,13.85350152850151,26078742
correction_magnitude_deg,0,26078742
prediction_position_error_mm,18.794897943735123,26400000
prediction_orientation_error_deg,0,26400000
prediction_position_error_mm,18.794897943735123,26500000
prediction_orientation_error_deg,0,26500000
owd_uplink_ms,46.0082,26600000
owd_downlink_ms,52.6104,26600000
owd_uplink_ms,45.9363,26600000
owd_downlink_ms,64.4877,26600000
prediction_position_error_mm,28.324026614427567,26600000
prediction_orientation_error_deg,0,26600000
prediction_position_error_mm,28.324026614427567,26700000
prediction_orientation_error_deg,0,26700000
prediction_position_error_mm,33.12009572982788,26800000
prediction_orientation_error_deg,0,26800000
owd_uplink_ms,34.3793,26900000
owd_downlink_ms,51.8888,26900000
correction_magnitude_mm,9.35252383351326,26332069
correction_magnitude_deg,0,26332069
owd_uplink_ms,33.2236,26900000
owd_downlink_ms,14.842,26900000
correction_magnitude_mm,18.971771001815796,26709091
correction_magnitude_deg,0,26709091
owd_uplink_ms,45.9605,26900000
owd_downlink_ms,39.5162,26900000
prediction_position_error_mm,14.450124464929104,26900000
prediction_orientation_error_deg,0,26900000
prediction_position_error_mm,14.450124464929104,27000000
prediction_orientation_error_deg,0,27000000
prediction_position_error_mm,24.18283186852932,27100000
prediction_orientation_error_deg,0,27100000
owd_uplink_ms,30.2033,27200000
owd_downlink_ms,16.4251,27200000
correction_magnitude_mm,14.450124464929104,26983812
correction_magnitude_deg,0,26983812
owd_uplink_ms,70.7403,27200000
owd_downlink_ms,22.5533,27200000
owd_uplink_ms,34.4948,27200000
owd_downlink_ms,68.772,27200000
owd_uplink_ms,78.9501,27200000
owd_downlink_ms,72.123,27200000
prediction_position_error_mm,9.732850827276707,27200000
prediction_orientation_error_deg,0,27200000
owd_uplink_ms,66.8244,27300000
owd_downlink_ms,68.2155,27300000
prediction_position_error_mm,14.62787576019764,27300000
prediction_orientation_error_deg,0,27300000
prediction_position_error_mm,14.62787576019764,27400000
prediction_orientation_error_deg,0,27400000
owd_uplink_ms,40.7329,27500000
owd_downlink_ms,50.2732,27500000
prediction_position_error_mm,14.62787576019764,27500000
prediction_orientation_error_deg,0,27500000
owd_uplink_ms,45.2195,27600000
owd_downlink_ms,64.1926,27600000
prediction_position_error_mm,24.472951889038086,27600000
prediction_orientation_error_deg,0,27600000
prediction_position_error_mm,29.42219004034996,27700000
prediction_orientation_error_deg,0,27700000
owd_uplink_ms,41.1095,27800000
owd_downlink_ms,50.12,27800000
correction_magnitude_mm,9.732850827276707,27215065
correction_magnitude_deg,0,27215065
owd_uplink_ms,44.1538,27800000
owd_downlink_ms,54.1414,27800000
prediction_position_error_mm,19.68955248594284,27800000
prediction_orientation_error_deg,0,27800000
owd_uplink_ms,57.5639,27900000
owd_downlink_ms,18.8642,27900000
correction_magnitude_mm,14.740235172212124,27679174
correction_magnitude_deg,0,27679174
prediction_position_error_mm,24.915069341659546,27900000
prediction_orientation_error_deg,0,27900000
prediction_position_error_mm,24.915069341659546,28000000
prediction_orientation_error_deg,0,28000000
owd_uplink_ms,53.9094,28100000
owd_downlink_ms,32.1773,28100000
owd_uplink_ms,46.1542,28100000
owd_downlink_ms,70.3398,28100000
prediction_position_error_mm,30.0435870885849,28100000
prediction_orientation_error_deg,0,28100000
prediction_position_error_mm,30.0435870885849,28200000
prediction_orientation_error_deg,0,28200000
owd_uplink_ms,33.3598,28300000
owd_downlink_ms,28.8617,28300000
correction_magnitude_mm,19.965780898928642,27976617
correction_magnitude_deg,0,27976617
owd_uplink_ms,57.6212,28300000
owd_downlink_ms,25.2892,28300000
prediction_position_error_mm,10.077987797558308,28300000
prediction_orientation_error_deg,0,28300000
prediction_position_error_mm,20.21465077996254,28400000
prediction_orientation_error_deg,0,28400000
owd_uplink_ms,70.7595,28500000
owd_downlink_ms,70.1651,28500000
prediction_position_error_mm,25.303849950432777,28500000
prediction_orientation_error_deg,0,28500000
owd_uplink_ms,30.8812,28600000
owd_downlink_ms,38.1746,28600000
correction_magnitude_mm,10.077987797558308,28145317
correction_magnitude_deg,0,28145317
prediction_position_error_mm,15.225965529680252,28600000
prediction_orientation_error_deg,0,28600000
owd_uplink_ms,36.3108,28700000
owd_downlink_ms,20.5627,28700000
correction_magnitude_mm,10.136718861758709,28425631
correction_magnitude_deg,0,28425631
prediction_position_error_mm,20.43541893362999,28700000
prediction_orientation_error_deg,0,28700000
owd_uplink_ms,70.8751,28800000
owd_downlink_ms,70.7969,28800000
prediction_position_error_mm,20.43541893362999,28800000
prediction_orientation_error_deg,0,28800000
owd_uplink_ms,60.4594,28900000
owd_downlink_ms,73.3938,28900000
prediction_position_error_mm,20.43541893362999,28900000
prediction_orientation_error_deg,0,28900000
owd_uplink_ms,48.5214,29000000
owd_downlink_ms,65.8839,29000000
owd_uplink_ms,38.2491,29000000
owd_downlink_ms,40.7641,29000000
correction_magnitude_mm,5.089266691356897,28566645
correction_magnitude_deg,0,28566645
prediction_position_error_mm,15.346190892159939,29000000
prediction_orientation_error_deg,0,29000000
owd_uplink_ms,49.4526,29100000
owd_downlink_ms,26.4468,29100000
correction_magnitude_mm,15.346190892159939,28737887
correction_magnitude_deg,0,28737887
prediction_position_error_mm,5.140009336173534,29100000
prediction_orientation_error_deg,0,29100000
prediction_position_error_mm,20.62755450606346,29200000
prediction_orientation_error_deg,0,29200000
owd_uplink_ms,29.2966,29300000
owd_downlink_ms,50.9303,29300000
prediction_position_error_mm,25.811025872826576,29300000
prediction_orientation_error_deg,0,29300000
owd_uplink_ms,74.84,29400000
owd_downlink_ms,70.5891,29400000
prediction_position_error_mm,25.811025872826576,29400000
prediction_orientation_error_deg,0,29400000
prediction_position_error_mm,41.417691856622696,29500000
prediction_orientation_error_deg,0,29500000
owd_uplink_ms,38.1832,29600000
owd_downlink_ms,25.6538,29600000
correction_magnitude_mm,20.62755450606346,29249267
correction_magnitude_deg,0,29249267
owd_uplink_ms,61.356,29600000
owd_downlink_ms,39.4007,29600000
prediction_position_error_mm,20.790493115782738,29600000
prediction_orientation_error_deg,0,29600000
owd_uplink_ms,55.5189,29700000
owd_downlink_ms,40.5979,29700000
prediction_position_error_mm,31.23749978840351,29700000
prediction_orientation_error_deg,0,29700000
prediction_position_error_mm,31.23749978840351,29800000
prediction_orientation_error_deg,0,29800000
owd_uplink_ms,77.5969,29900000
owd_downlink_ms,72.808,29900000
owd_uplink_ms,30.4125,29900000
owd_downlink_ms,34.1976,29900000
correction_magnitude_mm,20.790493115782738,29507902
correction_magnitude_deg,0,29507902
prediction_position_error_mm,10.447130538523197,29900000
prediction_orientation_error_deg,0,29900000
owd_uplink_ms,63.3685,30000000
owd_downlink_ms,26.4228,30000000
correction_magnitude_mm,10.447130538523197,29661720
correction_magnitude_deg,0,29661720
owd_uplink_ms,35.1193,30000000
owd_downlink_ms,63.6713,30000000
prediction_position_error_mm,10.476692579686642,30000000
prediction_orientation_error_deg,0,30000000
prediction_position_error_mm,15.72495512664318,30100000
prediction_orientation_error_deg,0,30100000
owd_uplink_ms,33.3008,30200000
owd_downlink_ms,45.6185,30200000
owd_uplink_ms,76.0929,30200000
owd_downlink_ms,68.5796,30200000
prediction_position_error_mm,15.72495512664318,30200000
prediction_orientation_error_deg,0,30200000
prediction_position_error_mm,15.72495512664318,30300000
prediction_orientation_error_deg,0,30300000
owd_uplink_ms,73.8827,30400000
owd_downlink_ms,46.302,30400000
prediction_position_error_mm,15.72495512664318,30400000
prediction_orientation_error_deg,0,30400000
owd_uplink_ms,29.1196,30500000
owd_downlink_ms,73.5171,30500000
owd_uplink_ms,42.6414,30500000
owd_downlink_ms,44.3238,30500000
correction_magnitude_mm,10.476692579686642,30026539
correction_magnitude_deg,0,30026539
prediction_position_error_mm,10.502510704100132,30500000
prediction_orientation_error_deg,0,30500000
prediction_position_error_mm,15.762241557240486,30600000
prediction_orientation_error_deg,0,30600000
prediction_position_error_mm,21.026993170380592,30700000
prediction_orientation_error_deg,0,30700000
prediction_position_error_mm,26.29629150032997,30800000
prediction_orientation_error_deg,0,30800000
owd_uplink_ms,61.5595,30900000
owd_downlink_ms,24.7362,30900000
correction_magnitude_mm,15.762241557240486,30580511
correction_magnitude_deg,0,30580511
owd_uplink_ms,55.5815,30900000
owd_downlink_ms,74.9519,30900000
owd_uplink_ms,38.5618,30900000
owd_downlink_ms,72.5533,30900000
prediction_position_error_mm,21.084466949105263,30900000
prediction_orientation_error_deg,0,30900000
owd_uplink_ms,70.3416,31000000
owd_downlink_ms,44.1012,31000000
owd_uplink_ms,66.6394,31000000
owd_downlink_ms,29.8853,31000000
correction_magnitude_mm,5.26477862149477,30668470
correction_magnitude_deg,0,30668470
prediction_position_error_mm,21.09980583190918,31000000
prediction_orientation_error_deg,0,31000000
prediction_position_error_mm,31.667347997426987,31100000
prediction_orientation_error_deg,0,31100000
prediction_position_error_mm,31.667347997426987,31200000
prediction_orientation_error_deg,0,31200000
prediction_position_error_mm,36.95384040474892,31300000
prediction_orientation_error_deg,0,31300000
owd_uplink_ms,53.3829,31400000
owd_downlink_ms,37.3009,31400000
correction_magnitude_mm,21.09980583190918,30948368
correction_magnitude_deg,0,30948368
prediction_position_error_mm,21.14192582666874,31400000
prediction_orientation_error_deg,0,31400000
owd_uplink_ms,59.8732,31500000
owd_downlink_ms,69.1486,31500000
owd_uplink_ms,50.0605,31500000
owd_downlink_ms,58.5981,31500000
owd_uplink_ms,43.4202,31500000
owd_downlink_ms,39.6258,31500000
correction_magnitude_mm,10.567637160420418,31065893
correction_magnitude_deg,0,31065893
prediction_position_error_mm,31.72735497355461,31500000
prediction_orientation_error_deg,0,31500000
owd_uplink_ms,66.8197,31600000
owd_downlink_ms,70.8632,31600000
prediction_position_error_mm,37.013690918684006,31600000
prediction_orientation_error_deg,0,31600000
prediction_position_error_mm,37.013690918684006,31700000
prediction_orientation_error_deg,0,31700000
owd_uplink_ms,56.2577,31800000
owd_downlink_ms,52.3204,31800000
correction_magnitude_mm,5.286572966724634,31266027
correction_magnitude_deg,0,31266027
prediction_position_error_mm,31.72719106078148,31800000
prediction_orientation_error_deg,0,31800000
prediction_position_error_mm,37.01179847121239,31900000
prediction_orientation_error_deg,0,31900000
owd_uplink_ms,26.13,32000000
owd_downlink_ms,42.5063,32000000
correction_magnitude_mm,26.440836489200592,31486498
correction_magnitude_deg,0,31486498
prediction_position_error_mm,21.133262664079666,32000000
prediction_orientation_error_deg,0,32000000
owd_uplink_ms,75.1109,32100000
owd_downlink_ms,75.5734,32100000
owd_uplink_ms,55.7637,32100000
owd_downlink_ms,68.8579,32100000
prediction_position_error_mm,21.133262664079666,32100000
prediction_orientation_error_deg,0,32100000
prediction_position_error_mm,31.68264776468277,32200000
prediction_orientation_error_deg,0,32200000
owd_uplink_ms,65.2798,32300000
owd_downlink_ms,57.9027,32300000
correction_magnitude_mm,5.286406725645065,31694223
correction_magnitude_deg,0,31694223
owd_uplink_ms,63.5411,32300000
owd_downlink_ms,68.9478,32300000
prediction_position_error_mm,36.928992718458176,32300000
prediction_orientation_error_deg,0,32300000
owd_uplink_ms,29.8449,32400000
owd_downlink_ms,67.3074,32400000
owd_uplink_ms,37.356,32400000
owd_downlink_ms,29.3737,32400000
correction_magnitude_mm,15.846876427531242,32037831
correction_magnitude_deg,0,32037831
owd_uplink_ms,73.2237,32400000
owd_downlink_ms,48.9328,32400000
prediction_position_error_mm,21.08224481344223,32400000
prediction_orientation_error_deg,0,32400000
prediction_position_error_mm,21.08224481344223,32500000
prediction_orientation_error_deg,0,32500000
prediction_position_error_mm,21.08224481344223,32600000
prediction_orientation_error_deg,0,32600000
owd_uplink_ms,45.355,32700000
owd_downlink_ms,69.0654,32700000
owd_uplink_ms,26.776,32700000
owd_downlink_ms,30.3,32700000
correction_magnitude_mm,21.08224481344223,32341509
correction_magnitude_deg,0,32341509
prediction_position_error_mm,15.759408473968506,32700000
prediction_orientation_error_deg,0,32700000
owd_uplink_ms,47.5411,32800000
owd_downlink_ms,65.683,32800000
owd_uplink_ms,45.5694,32800000
owd_downlink_ms,48.1502,32800000
prediction_position_error_mm,20.99996618926525,32800000
prediction_orientation_error_deg,0,32800000
owd_uplink_ms,50.7936,32900000
owd_downlink_ms,61.0007,32900000
prediction_position_error_mm,20.99996618926525,32900000
prediction_orientation_error_deg,0,32900000
owd_uplink_ms,38.5175,33000000
owd_downlink_ms,16.7067,33000000
correction_magnitude_mm,15.759408473968506,32752906
correction_magnitude_deg,0,32752906
prediction_position_error_mm,10.47405507415533,33000000
prediction_orientation_error_deg,0,33000000
prediction_position_error_mm,20.917795598506927,33100000
prediction_orientation_error_deg,0,33100000
prediction_position_error_mm,20.917795598506927,33200000
prediction_orientation_error_deg,0,33200000
owd_uplink_ms,39.2367,33300000
owd_downlink_ms,41.7558,33300000
correction_magnitude_mm,5.240574479103088,32856054
correction_magnitude_deg,0,32856054
prediction_position_error_mm,20.886506885290146,33300000
prediction_orientation_error_deg,0,33300000
owd_uplink_ms,50.9175,33400000
owd_downlink_ms,28.4317,33400000
correction_magnitude_mm,5.233482923358679,33027946
correction_magnitude_deg,0,33027946
owd_uplink_ms,61.4344,33400000
owd_downlink_ms,51.8842,33400000
owd_uplink_ms,69.1221,33400000
owd_downlink_ms,74.8866,33400000
owd_uplink_ms,32.7349,33400000
owd_downlink_ms,27.0542,33400000
correction_magnitude_mm,10.443761013448238,33116112
correction_magnitude_deg,0,33116112
prediction_position_error_mm,5.209285765886307,33400000
prediction_orientation_error_deg,0,33400000
prediction_position_error_mm,20.78094892203808,33500000
prediction_orientation_error_deg,0,33500000
prediction_position_error_mm,20.78094892203808,33600000
prediction_orientation_error_deg,0,33600000
owd_uplink_ms,77.0069,33700000
owd_downlink_ms,74.009,33700000
owd_uplink_ms,52.5088,33700000
owd_downlink_ms,46.5691,33700000
prediction_position_error_mm,36.25809773802757,33700000
prediction_orientation_error_deg,0,33700000
prediction_position_error_mm,36.25809773802757,33800000
prediction_orientation_error_deg,0,33800000
owd_uplink_ms,30.9316,33900000
owd_downlink_ms,30.0007,33900000
correction_magnitude_mm,20.78094892203808,33503775
correction_magnitude_deg,0,33503775
prediction_position_error_mm,15.477249398827553,33900000
prediction_orientation_error_deg,0,33900000
owd_uplink_ms,22.1933,34000000
owd_downlink_ms,21.0052,34000000
correction_magnitude_mm,15.477249398827553,33702289
correction_magnitude_deg,0,33702289
owd_uplink_ms,66.179,34000000
owd_downlink_ms,33.384,34000000
owd_uplink_ms,41.9215,34000000
owd_downlink_ms,70.129,34000000
prediction_position_error_mm,0,34000000
prediction_orientation_error_deg,0,34000000
prediction_position_error_mm,0,34100000
prediction_orientation_error_deg,0,34100000
prediction_position_error_mm,15.36977756768465,34200000
prediction_orientation_error_deg,0,34200000
prediction_position_error_mm,20.466886460781097,34300000
prediction_orientation_error_deg,0,34300000
owd_uplink_ms,57.2101,34400000
owd_downlink_ms,56.8838,34400000
prediction_position_error_mm,20.466886460781097,34400000
prediction_orientation_error_deg,0,34400000
owd_uplink_ms,72.1727,34500000
owd_downlink_ms,60.4134,34500000
owd_uplink_ms,55.401,34500000
owd_downlink_ms,28.7457,34500000
correction_magnitude_mm,15.36977756768465,34162831
correction_magnitude_deg,0,34162831
prediction_position_error_mm,25.342164561152458,34500000
prediction_orientation_error_deg,0,34500000
owd_uplink_ms,61.8874,34600000
owd_downlink_ms,43.4739,34600000
prediction_position_error_mm,30.36518394947052,34600000
prediction_orientation_error_deg,0,34600000
owd_uplink_ms,35.7237,34700000
owd_downlink_ms,36.0018,34700000
correction_magnitude_mm,5.097123794257641,34240163
correction_magnitude_deg,0,34240163
owd_uplink_ms,71.3982,34700000
owd_downlink_ms,61.58,34700000
prediction_position_error_mm,25.26809088885784,34700000
prediction_orientation_error_deg,0,34700000
owd_uplink_ms,36.9521,34800000
owd_downlink_ms,58.8082,34800000
prediction_position_error_mm,25.26809088885784,34800000
prediction_orientation_error_deg,0,34800000
owd_uplink_ms,41.5127,34900000
owd_downlink_ms,29.7431,34900000
correction_magnitude_mm,25.26809088885784,34552773
correction_magnitude_deg,0,34552773
prediction_position_error_mm,0,34900000
prediction_orientation_error_deg,0,34900000
prediction_position_error_mm,0,35000000
prediction_orientation_error_deg,0,35000000
owd_uplink_ms,57.4354,35100000
owd_downlink_ms,45.4384,35100000
prediction_position_error_mm,14.969770796597004,35100000
prediction_orientation_error_deg,0,35100000
prediction_position_error_mm,14.969770796597004,35200000
prediction_orientation_error_deg,0,35200000
owd_uplink_ms,22.3241,35300000
owd_downlink_ms,74.3638,35300000
owd_uplink_ms,30.4564,35300000
owd_downlink_ms,64.6206,35300000
prediction_position_error_mm,19.925018772482872,35300000
prediction_orientation_error_deg,0,35300000
prediction_position_error_mm,34.6800796687603,35400000
prediction_orientation_error_deg,0,35400000
owd_uplink_ms,80.9476,35500000
owd_downlink_ms,69.4883,35500000
prediction_position_error_mm,34.6800796687603,35500000
prediction_orientation_error_deg,0,35500000
prediction_position_error_mm,34.6800796687603,35600000
prediction_orientation_error_deg,0,35600000
owd_uplink_ms,52.7934,35700000
owd_downlink_ms,32.8075,35700000
correction_magnitude_mm,19.925018772482872,35320548
correction_magnitude_deg,0,35320548
prediction_position_error_mm,14.755146577954292,35700000
prediction_orientation_error_deg,0,35700000
owd_uplink_ms,45.9804,35800000
owd_downlink_ms,60.9568,35800000
owd_uplink_ms,44.1511,35800000
owd_downlink_ms,32.5149,35800000
correction_magnitude_mm,14.755146577954292,35424722
correction_magnitude_deg,0,35424722
owd_uplink_ms,70.7455,35800000
owd_downlink_ms,63.4538,35800000
prediction_position_error_mm,9.739967063069344,35800000
prediction_orientation_error_deg,0,35800000
owd_uplink_ms,67.8746,35900000
owd_downlink_ms,61.6803,35900000
owd_uplink_ms,34.9011,35900000
owd_downlink_ms,45.4072,35900000
prediction_position_error_mm,19.39818635582924,35900000
prediction_orientation_error_deg,0,35900000
prediction_position_error_mm,19.39818635582924,36000000
prediction_orientation_error_deg,0,36000000
prediction_position_error_mm,19.39818635582924,36100000
prediction_orientation_error_deg,0,36100000
owd_uplink_ms,58.8079,36200000
owd_downlink_ms,30.5762,36200000
correction_magnitude_mm,9.739967063069344,35794822
correction_magnitude_deg,0,35794822
owd_uplink_ms,68.4013,36200000
owd_downlink_ms,64.5182,36200000
prediction_position_error_mm,33.42214226722717,36200000
prediction_orientation_error_deg,0,36200000
owd_uplink_ms,41.0552,36300000
owd_downlink_ms,33.8575,36300000
correction_magnitude_mm,9.65823419392109,35885825
correction_magnitude_deg,0,35885825
prediction_position_error_mm,23.763971403241158,36300000
prediction_orientation_error_deg,0,36300000
prediction_position_error_mm,33.107440918684006,36400000
prediction_orientation_error_deg,0,36400000
owd_uplink_ms,26.5377,36500000
owd_downlink_ms,28.36,36500000
correction_magnitude_mm,23.763971403241158,36188103
correction_magnitude_deg,0,36188103
prediction_position_error_mm,9.343534708023071,36500000
prediction_orientation_error_deg,0,36500000
owd_uplink_ms,60.88,36600000
owd_downlink_ms,54.4399,36600000
owd_uplink_ms,66.5575,36600000
owd_downlink_ms,80.8395,36600000
owd_uplink_ms,57.8245,36600000
owd_downlink_ms,43.6413,36600000
prediction_position_error_mm,9.343534708023071,36600000
prediction_orientation_error_deg,0,36600000
prediction_position_error_mm,18.58908124268055,36700000
prediction_orientation_error_deg,0,36700000
owd_uplink_ms,35.5441,36800000
owd_downlink_ms,53.3652,36800000
prediction_position_error_mm,18.58908124268055,36800000
prediction_orientation_error_deg,0,36800000
owd_uplink_ms,22.4814,36900000
owd_downlink_ms,44.7077,36900000
correction_magnitude_mm,9.343534708023071,36412384
correction_magnitude_deg,0,36412384
prediction_position_error_mm,18.389631062746048,36900000
prediction_orientation_error_deg,0,36900000
owd_uplink_ms,52.6985,37000000
owd_downlink_ms,59.3841,37000000
prediction_position_error_mm,18.389631062746048,37000000
prediction_orientation_error_deg,0,37000000
owd_uplink_ms,64.1052,37100000
owd_downlink_ms,71.1093,37100000
owd_uplink_ms,38.1265,37100000
owd_downlink_ms,35.0501,37100000
correction_magnitude_mm,9.245561435818672,36716894
correction_magnitude_deg,0,36716894
prediction_position_error_mm,22.662322968244553,37100000
prediction_orientation_error_deg,0,37100000
prediction_position_error_mm,22.662322968244553,37200000
prediction_orientation_error_deg,0,37200000
owd_uplink_ms,56.9901,37300000
owd_downlink_ms,62.2145,37300000
prediction_position_error_mm,22.662322968244553,37300000
prediction_orientation_error_deg,0,37300000
prediction_position_error_mm,31.537547707557678,37400000
prediction_orientation_error_deg,0,37400000
owd_uplink_ms,58.3034,37500000
owd_downlink_ms,41.914,37500000
correction_magnitude_mm,9.14408266544342,37002937
correction_magnitude_deg,0,37002937
owd_uplink_ms,40.0111,37500000
owd_downlink_ms,36.1599,37500000
correction_magnitude_mm,13.518264517188072,37098123
correction_magnitude_deg,0,37098123
owd_uplink_ms,53.2201,37500000
owd_downlink_ms,64.7389,37500000
owd_uplink_ms,39.9564,37500000
owd_downlink_ms,37.4125,37500000
prediction_position_error_mm,8.87528620660305,37500000
prediction_orientation_error_deg,0,37500000
owd_uplink_ms,36.4975,37600000
owd_downlink_ms,59.2347,37600000
owd_uplink_ms,31.19,37600000
owd_downlink_ms,40.2661,37600000
prediction_position_error_mm,8.87528620660305,37600000
prediction_orientation_error_deg,0,37600000
prediction_position_error_mm,26.28200873732567,37700000
prediction_orientation_error_deg,0,37700000
owd_uplink_ms,42.1852,37800000
owd_downlink_ms,30.5314,37800000
correction_magnitude_mm,8.87528620660305,37434539
correction_magnitude_deg,0,37434539
prediction_position_error_mm,17.40676537156105,37800000
prediction_orientation_error_deg,0,37800000
prediction_position_error_mm,25.931641459465027,37900000
prediction_orientation_error_deg,0,37900000
prediction_position_error_mm,25.931641459465027,38000000
prediction_orientation_error_deg,0,38000000
owd_uplink_ms,40.8219,38100000
owd_downlink_ms,31.9998,38100000
correction_magnitude_mm,17.40676537156105,37723511
correction_magnitude_deg,0,37723511
prediction_position_error_mm,16.926448792219162,38100000
prediction_orientation_error_deg,0,38100000
owd_uplink_ms,55.7524,38200000
owd_downlink_ms,63.0905,38200000
prediction_position_error_mm,16.926448792219162,38200000
prediction_orientation_error_deg,0,38200000
owd_uplink_ms,30.7383,38300000
owd_downlink_ms,30.2343,38300000
correction_magnitude_mm,8.52491520345211,37932052
correction_magnitude_deg,0,37932052
prediction_position_error_mm,8.401546627283096,38300000
prediction_orientation_error_deg,0,38300000
owd_uplink_ms,68.7097,38400000
owd_downlink_ms,43.4862,38400000
prediction_position_error_mm,8.401546627283096,38400000
prediction_orientation_error_deg,0,38400000
owd_uplink_ms,26.2234,38500000
owd_downlink_ms,66.4043,38500000
owd_uplink_ms,76.948,38500000
owd_downlink_ms,52.5943,38500000
owd_uplink_ms,31.5286,38500000
owd_downlink_ms,34.7239,38500000
correction_magnitude_mm,8.401546627283096,38124298
correction_magnitude_deg,0,38124298
prediction_position_error_mm,4.1534979827702045,38500000
prediction_orientation_error_deg,0,38500000
prediction_position_error_mm,4.1534979827702045,38600000
prediction_orientation_error_deg,0,38600000
owd_uplink_ms,52.5067,38700000
owd_downlink_ms,59.2165,38700000
prediction_position_error_mm,16.42022654414177,38700000
prediction_orientation_error_deg,0,38700000
prediction_position_error_mm,16.42022654414177,38800000
prediction_orientation_error_deg,0,38800000
prediction_position_error_mm,28.38806062936783,38900000
prediction_orientation_error_deg,0,38900000
owd_uplink_ms,58.1802,39000000
owd_downlink_ms,62.9394,39000000
owd_uplink_ms,53.0941,39000000
owd_downlink_ms,28.3548,39000000
correction_magnitude_mm,16.42022654414177,38707708
correction_magnitude_deg,0,38707708
prediction_position_error_mm,19.775396212935448,39000000
prediction_orientation_error_deg,0,39000000
owd_uplink_ms,42.1807,39100000
owd_downlink_ms,35.0572,39100000
prediction_position_error_mm,19.775396212935448,39100000
prediction_orientation_error_deg,0,39100000
owd_uplink_ms,51.9058,39200000
owd_downlink_ms,67.2786,39200000
prediction_position_error_mm,19.775396212935448,39200000
prediction_orientation_error_deg,0,39200000
owd_uplink_ms,34.2322,39300000
owd_downlink_ms,36.3132,39300000
correction_magnitude_mm,11.967909522354603,38920621
correction_magnitude_deg,0,38920621
owd_uplink_ms,48.36,39300000
owd_downlink_ms,37.8258,39300000
prediction_position_error_mm,11.658784002065659,39300000
prediction_orientation_error_deg,0,39300000
owd_uplink_ms,64.8666,39400000
owd_downlink_ms,64.8498,39400000
prediction_position_error_mm,15.474640764296055,39400000
prediction_orientation_error_deg,0,39400000
prediction_position_error_mm,19.25462670624256,39500000
prediction_orientation_error_deg,0,39500000
prediction_position_error_mm,26.705702766776085,39600000
prediction_orientation_error_deg,0,39600000
owd_uplink_ms,46.9826,39700000
owd_downlink_ms,32.7033,39700000
correction_magnitude_mm,11.658784002065659,39289582
correction_magnitude_deg,0,39289582
owd_uplink_ms,28.9631,39700000
owd_downlink_ms,58.9757,39700000
prediction_position_error_mm,22.350499406456947,39700000
prediction_orientation_error_deg,0,39700000
owd_uplink_ms,71.998,39800000
owd_downlink_ms,71.069,39800000
prediction_position_error_mm,25.94604529440403,39800000
prediction_orientation_error_deg,0,39800000
prediction_position_error_mm,29.503600671887398,39900000
prediction_orientation_error_deg,0,39900000
owd_uplink_ms,36.3856,40000000
owd_downlink_ms,30.4166,40000000
correction_magnitude_mm,15.046997927129269,39618473
correction_magnitude_deg,0,39618473
owd_uplink_ms,24.9773,40000000
owd_downlink_ms,25.1556,40000000
correction_magnitude_mm,7.303549442440271,39718695
correction_magnitude_deg,0,39718695
owd_uplink_ms,77.4643,40000000
owd_downlink_ms,59.2059,40000000
prediction_position_error_mm,7.153195794671774,40000000
prediction_orientation_error_deg,0,40000000
owd_uplink_ms,46.6438,40100000
owd_downlink_ms,54.2098,40100000
prediction_position_error_mm,7.153195794671774,40100000
prediction_orientation_error_deg,0,40100000
owd_uplink_ms,46.401,40200000
owd_downlink_ms,69.6574,40200000
owd_uplink_ms,26.509,40200000
owd_downlink_ms,21.1348,40200000
correction_magnitude_mm,7.153195794671774,39927681
correction_magnitude_deg,0,39927681
prediction_position_error_mm,10.441964492201805,40200000
prediction_orientation_error_deg,0,40200000
prediction_position_error_mm,10.441964492201805,40300000
prediction_orientation_error_deg,0,40300000
prediction_position_error_mm,10.441964492201805,40400000
prediction_orientation_error_deg,0,40400000
owd_uplink_ms,30.311,40500000
owd_downlink_ms,54.6478,40500000
prediction_position_error_mm,10.441964492201805,40500000
prediction_orientation_error_deg,0,40500000
owd_uplink_ms,35.155,40600000
owd_downlink_ms,33.2889,40600000
correction_magnitude_mm,10.441964492201805,40255769
correction_magnitude_deg,0,40255769
prediction_position_error_mm,0,40600000
prediction_orientation_error_deg,0,40600000
owd_uplink_ms,83.061,40700000
owd_downlink_ms,66.6154,40700000
prediction_position_error_mm,10.088559240102768,40700000
prediction_orientation_error_deg,0,40700000
owd_uplink_ms,48.7711,40800000
owd_downlink_ms,49.1978,40800000
prediction_position_error_mm,10.088559240102768,40800000
prediction_orientation_error_deg,0,40800000
owd_uplink_ms,76.9854,40900000
owd_downlink_ms,71.9716,40900000
prediction_position_error_mm,19.81513947248459,40900000
prediction_orientation_error_deg,0,40900000
owd_uplink_ms,53.4008,41000000
owd_downlink_ms,22.0402,41000000
correction_magnitude_mm,10.088559240102768,40717101
correction_magnitude_deg,0,40717101
owd_uplink_ms,66.9616,41000000
owd_downlink_ms,30.7775,41000000
owd_uplink_ms,42.2908,41000000
owd_downlink_ms,33.4025,41000000
prediction_position_error_mm,9.726643562316895,41000000
prediction_orientation_error_deg,0,41000000
owd_uplink_ms,56.1805,41100000
owd_downlink_ms,54.6406,41100000
prediction_position_error_mm,16.00579172372818,41100000
prediction_orientation_error_deg,0,41100000
prediction_position_error_mm,16.00579172372818,41200000
prediction_orientation_error_deg,0,41200000
prediction_position_error_mm,22.117940708994865,41300000
prediction_orientation_error_deg,0,41300000
prediction_position_error_mm,28.06076593697071,41400000
prediction_orientation_error_deg,0,41400000
owd_uplink_ms,35.4757,41500000
owd_downlink_ms,39.1075,41500000
correction_magnitude_mm,16.00579172372818,41063378
correction_magnitude_deg,0,41063378
prediction_position_error_mm,12.05521821975708,41500000
prediction_orientation_error_deg,0,41500000
prediction_position_error_mm,14.962507411837578,41600000
prediction_orientation_error_deg,0,41600000
owd_uplink_ms,52.3495,41700000
owd_downlink_ms,27.804,41700000
correction_magnitude_mm,12.05521821975708,41332697
correction_magnitude_deg,0,41332697
owd_uplink_ms,32.7745,41700000
owd_downlink_ms,79.6642,41700000
prediction_position_error_mm,2.9073189944028854,41700000
prediction_orientation_error_deg,0,41700000
owd_uplink_ms,71.1885,41800000
owd_downlink_ms,63.5077,41800000
owd_uplink_ms,75.1141,41800000
owd_downlink_ms,59.986,41800000
prediction_position_error_mm,8.592251688241959,41800000
prediction_orientation_error_deg,0,41800000
prediction_position_error_mm,14.102444984018803,41900000
prediction_orientation_error_deg,0,41900000
owd_uplink_ms,30.6255,42000000
owd_downlink_ms,62.0047,42000000
owd_uplink_ms,35.8671,42000000
owd_downlink_ms,36.0263,42000000
prediction_position_error_mm,11.195159517228603,42000000
prediction_orientation_error_deg,0,42000000
owd_uplink_ms,69.7757,42100000
owd_downlink_ms,64.0385,42100000
owd_uplink_ms,28.8435,42100000
owd_downlink_ms,64.4575,42100000
prediction_position_error_mm,11.195159517228603,42100000
prediction_orientation_error_deg,0,42100000
prediction_position_error_mm,11.195159517228603,42200000
prediction_orientation_error_deg,0,42200000
owd_uplink_ms,25.9054,42300000
owd_downlink_ms,32.8306,42300000
correction_magnitude_mm,11.195159517228603,41948223
correction_magnitude_deg,0,41948223
prediction_position_error_mm,10.488218627870083,42300000
prediction_orientation_error_deg,0,42300000
prediction_position_error_mm,10.488218627870083,42400000
prediction_orientation_error_deg,0,42400000
owd_uplink_ms,50.5724,42500000
owd_downlink_ms,56.6381,42500000
prediction_position_error_mm,10.488218627870083,42500000
prediction_orientation_error_deg,0,42500000
owd_uplink_ms,41.1868,42600000
owd_downlink_ms,61.969,42600000
owd_uplink_ms,81.1511,42600000
owd_downlink_ms,68.2267,42600000
prediction_position_error_mm,10.488218627870083,42600000
prediction_orientation_error_deg,0,42600000
prediction_position_error_mm,10.488218627870083,42700000
prediction_orientation_error_deg,0,42700000
owd_uplink_ms,60.6572,42800000
owd_downlink_ms,20.111,42800000
correction_magnitude_mm,10.488218627870083,42531099
correction_magnitude_deg,0,42531099
owd_uplink_ms,27.4567,42800000
owd_downlink_ms,39.6699,42800000
prediction_position_error_mm,0,42800000
prediction_orientation_error_deg,0,42800000
owd_uplink_ms,57.2151,42900000
owd_downlink_ms,48.2861,42900000
prediction_position_error_mm,9.765801951289177,42900000
prediction_orientation_error_deg,0,42900000
owd_uplink_ms,68.3713,43000000
owd_downlink_ms,74.0132,43000000
prediction_position_error_mm,14.373204670846462,43000000
prediction_orientation_error_deg,0,43000000
prediction_position_error_mm,14.373204670846462,43100000
prediction_orientation_error_deg,0,43100000
prediction_position_error_mm,20.9351759403944,43200000
prediction_orientation_error_deg,0,43200000
owd_uplink_ms,35.4346,43300000
owd_downlink_ms,19.0706,43300000
correction_magnitude_mm,14.373204670846462,43021800
correction_magnitude_deg,0,43021800
owd_uplink_ms,64.5273,43300000
owd_downlink_ms,69.3475,43300000
prediction_position_error_mm,8.656084537506104,43300000
prediction_orientation_error_deg,0,43300000
owd_uplink_ms,74.0844,43400000
owd_downlink_ms,45.5296,43400000
prediction_position_error_mm,8.656084537506104,43400000
prediction_orientation_error_deg,0,43400000
owd_uplink_ms,67.6219,43500000
owd_downlink_ms,45.6554,43500000
owd_uplink_ms,57.9411,43500000
owd_downlink_ms,49.1683,43500000
prediction_position_error_mm,12.701554223895073,43500000
prediction_orientation_error_deg,0,43500000
owd_uplink_ms,60.2072,43600000
owd_downlink_ms,41.7927,43600000
correction_magnitude_mm,6.562439724802971,43130691
correction_magnitude_deg,0,43130691
prediction_position_error_mm,6.139311008155346,43600000
prediction_orientation_error_deg,0,43600000
owd_uplink_ms,42.239,43700000
owd_downlink_ms,80.9966,43700000
prediction_position_error_mm,6.139311008155346,43700000
prediction_orientation_error_deg,0,43700000
owd_uplink_ms,30.2025,43800000
owd_downlink_ms,53.9536,43800000
owd_uplink_ms,55.5597,43800000
owd_downlink_ms,48.7732,43800000
prediction_position_error_mm,7.901099510490894,43800000
prediction_orientation_error_deg,0,43800000
owd_uplink_ms,48.6963,43900000
owd_downlink_ms,52.0679,43900000
owd_uplink_ms,30.2683,43900000
owd_downlink_ms,33.4467,43900000
prediction_position_error_mm,5.711578764021397,43900000
prediction_orientation_error_deg,0,43900000
owd_uplink_ms,28.2786,44000000
owd_downlink_ms,64.569,44000000
prediction_position_error_mm,7.519624661654234,44000000
prediction_orientation_error_deg,0,44000000
prediction_position_error_mm,9.279501624405384,44100000
prediction_orientation_error_deg,0,44100000
prediction_position_error_mm,12.654264457523823,44200000
prediction_orientation_error_deg,0,44200000
prediction_position_error_mm,12.654264457523823,44300000
prediction_orientation_error_deg,0,44300000
owd_uplink_ms,60.4982,44400000
owd_downlink_ms,39.5277,44400000
correction_magnitude_mm,5.711578764021397,43927677
correction_magnitude_deg,0,43927677
owd_uplink_ms,40.2312,44400000
owd_downlink_ms,31.0645,44400000
owd_uplink_ms,37.6004,44400000
owd_downlink_ms,54.7189,44400000
prediction_position_error_mm,5.135129205882549,44400000
prediction_orientation_error_deg,0,44400000
owd_uplink_ms,29.9703,44500000
owd_downlink_ms,19.3862,44500000
correction_magnitude_mm,5.135129205882549,44224384
correction_magnitude_deg,0,44224384
owd_uplink_ms,37.6435,44500000
owd_downlink_ms,32.4563,44500000
owd_uplink_ms,39.0019,44500000
owd_downlink_ms,54.8853,44500000
prediction_position_error_mm,0,44500000
prediction_orientation_error_deg,0,44500000
prediction_position_error_mm,3.181337844580412,44600000
prediction_orientation_error_deg,0,44600000
owd_uplink_ms,80.0258,44700000
owd_downlink_ms,72.0759,44700000
prediction_position_error_mm,3.181337844580412,44700000
prediction_orientation_error_deg,0,44700000
owd_uplink_ms,52.2691,44800000
owd_downlink_ms,33.649,44800000
prediction_position_error_mm,3.181337844580412,44800000
prediction_orientation_error_deg,0,44800000
prediction_position_error_mm,3.181337844580412,44900000
prediction_orientation_error_deg,0,44900000
owd_uplink_ms,45.9287,45000000
owd_downlink_ms,39.3581,45000000
prediction_position_error_mm,1.5177280874922872,45000000
prediction_orientation_error_deg,0,45000000
prediction_position_error_mm,8.373893797397614,45100000
prediction_orientation_error_deg,0,45100000
prediction_position_error_mm,9.598099626600742,45200000
prediction_orientation_error_deg,0,45200000
owd_uplink_ms,74.8618,45300000
owd_downlink_ms,51.4037,45300000
owd_uplink_ms,70.6518,45300000
owd_downlink_ms,36.3637,45300000
prediction_position_error_mm,8.08087270706892,45300000
prediction_orientation_error_deg,0,45300000
owd_uplink_ms,58.8986,45400000
owd_downlink_ms,33.0944,45400000
correction_magnitude_mm,6.856510881334543,45001827
correction_magnitude_deg,0,45001827
prediction_position_error_mm,4.605979658663273,45400000
prediction_orientation_error_deg,0,45400000
owd_uplink_ms,63.7108,45500000
owd_downlink_ms,50.7505,45500000
prediction_position_error_mm,4.605979658663273,45500000
prediction_orientation_error_deg,0,45500000
owd_uplink_ms,43.1267,45600000
owd_downlink_ms,51.6287,45600000
prediction_position_error_mm,5.635303910821676,45600000
prediction_orientation_error_deg,0,45600000
prediction_position_error_mm,7.5476039201021194,45700000
prediction_orientation_error_deg,0,45700000
owd_uplink_ms,25.936,45800000
owd_downlink_ms,69.9121,45800000
prediction_position_error_mm,7.5476039201021194,45800000
prediction_orientation_error_deg,0,45800000
owd_uplink_ms,35.3087,45900000
owd_downlink_ms,63.9074,45900000
prediction_position_error_mm,8.04244726896286,45900000
prediction_orientation_error_deg,0,45900000
owd_uplink_ms,70.468,46000000
owd_downlink_ms,61.2891,46000000
prediction_position_error_mm,4.664816427975893,46000000
prediction_orientation_error_deg,0,46000000
owd_uplink_ms,22.2705,46100000
owd_downlink_ms,33.6299,46100000
owd_uplink_ms,29.6437,46100000
owd_downlink_ms,64.6413,46100000
prediction_position_error_mm,1.7221617745235562,46100000
prediction_orientation_error_deg,0,46100000
owd_uplink_ms,61.2784,46200000
owd_downlink_ms,61.8496,46200000
owd_uplink_ms,66.9416,46200000
owd_downlink_ms,45.8012,46200000
owd_uplink_ms,48.6413,46200000
owd_downlink_ms,39.6716,46200000
prediction_position_error_mm,3.253798931837082,46200000
prediction_orientation_error_deg,0,46200000
prediction_position_error_mm,4.597362130880356,46300000
prediction_orientation_error_deg,0,46300000
owd_uplink_ms,35.9895,46400000
owd_downlink_ms,70.2708,46400000
prediction_position_error_mm,4.597362130880356,46400000
prediction_orientation_error_deg,0,46400000
owd_uplink_ms,44.8091,46500000
owd_downlink_ms,44.0611,46500000
prediction_position_error_mm,3.482709638774395,46500000
prediction_orientation_error_deg,0,46500000
owd_uplink_ms,26.947,46600000
owd_downlink_ms,19.0261,46600000
prediction_position_error_mm,1.168769784271717,46600000
prediction_orientation_error_deg,0,46600000
owd_uplink_ms,33.3091,46700000
owd_downlink_ms,64.4607,46700000
prediction_position_error_mm,1.6882813069969416,46700000
prediction_orientation_error_deg,0,46700000
owd_uplink_ms,44.2725,46800000
owd_downlink_ms,43.6246,46800000
owd_uplink_ms,48.1918,46800000
owd_downlink_ms,29.7854,46800000
prediction_position_error_mm,1.6882813069969416,46800000
prediction_orientation_error_deg,0,46800000
prediction_position_error_mm,1.6882813069969416,46900000
prediction_orientation_error_deg,0,46900000
owd_uplink_ms,41.2567,47000000
owd_downlink_ms,32.5298,47000000
prediction_position_error_mm,1.4414344914257526,47000000
prediction_orientation_error_deg,0,47000000
owd_uplink_ms,63.7995,47100000
owd_downlink_ms,70.939,47100000
prediction_position_error_mm,1.8448872724547982,47100000
prediction_orientation_error_deg,0,47100000
prediction_position_error_mm,1.8448872724547982,47200000
prediction_orientation_error_deg,0,47200000
owd_uplink_ms,38.7798,47300000
owd_downlink_ms,68.7139,47300000
prediction_position_error_mm,1.8448872724547982,47300000
prediction_orientation_error_deg,0,47300000
owd_uplink_ms,46.7279,47400000
owd_downlink_ms,26.9152,47400000
prediction_position_error_mm,2.044153865426779,47400000
prediction_orientation_error_deg,0,47400000
owd_uplink_ms,40.7518,47500000
owd_downlink_ms,69.0123,47500000
prediction_position_error_mm,2.044153865426779,47500000
prediction_orientation_error_deg,0,47500000
owd_uplink_ms,48.3989,47600000
owd_downlink_ms,36.2422,47600000
prediction_position_error_mm,1.6587628051638603,47600000
prediction_orientation_error_deg,0,47600000
prediction_position_error_mm,1.6587628051638603,47700000
prediction_orientation_error_deg,0,47700000
owd_uplink_ms,67.5535,47800000
owd_downlink_ms,28.7992,47800000
owd_uplink_ms,60.0253,47800000
owd_downlink_ms,72.2769,47800000
prediction_position_error_mm,1.3666528975591063,47800000
prediction_orientation_error_deg,0,47800000
owd_uplink_ms,69.3041,47900000
owd_downlink_ms,35.8717,47900000
prediction_position_error_mm,1.3666528975591063,47900000
prediction_orientation_error_deg,0,47900000
prediction_position_error_mm,1.3666528975591063,48000000
prediction_orientation_error_deg,0,48000000
owd_uplink_ms,25.4225,48100000
owd_downlink_ms,56.8114,48100000
owd_uplink_ms,76.6335,48100000
owd_downlink_ms,38.5168,48100000
prediction_position_error_mm,1.7623779131099582,48100000
prediction_orientation_error_deg,0,48100000
prediction_position_error_mm,2.649651374667883,48200000
prediction_orientation_error_deg,0,48200000
owd_uplink_ms,30.2522,48300000
owd_downlink_ms,40.8039,48300000
owd_uplink_ms,53.0523,48300000
owd_downlink_ms,63.6892,48300000
prediction_position_error_mm,1.8528660293668509,48300000
prediction_orientation_error_deg,0,48300000
owd_uplink_ms,48.5332,48400000
owd_downlink_ms,26.5902,48400000
owd_uplink_ms,61.9096,48400000
owd_downlink_ms,32.8792,48400000
prediction_position_error_mm,1.4476684154942632,48400000
prediction_orientation_error_deg,0,48400000
owd_uplink_ms,56.2907,48500000
owd_downlink_ms,56.1946,48500000
prediction_position_error_mm,1.4476684154942632,48500000
prediction_orientation_error_deg,0,48500000
owd_uplink_ms,69.3825,48600000
owd_downlink_ms,54.9463,48600000
prediction_position_error_mm,2.614635741338134,48600000
prediction_orientation_error_deg,0,48600000
owd_uplink_ms,27.3925,48700000
owd_downlink_ms,37.0941,48700000
prediction_position_error_mm,1.826701802201569,48700000
prediction_orientation_error_deg,0,48700000
prediction_position_error_mm,4.058944992721081,48800000
prediction_orientation_error_deg,0,48800000
owd_uplink_ms,35.0972,48900000
owd_downlink_ms,64.406,48900000
prediction_position_error_mm,4.058944992721081,48900000
prediction_orientation_error_deg,0,48900000
prediction_position_error_mm,4.058944992721081,49000000
prediction_orientation_error_deg,0,49000000
owd_uplink_ms,46.1178,49100000
owd_downlink_ms,37.6594,49100000
owd_uplink_ms,68.9218,49100000
owd_downlink_ms,60.2986,49100000
prediction_position_error_mm,2.2381439339369535,49100000
prediction_orientation_error_deg,0,49100000
owd_uplink_ms,58.2905,49200000
owd_downlink_ms,47.6688,49200000
prediction_position_error_mm,4.900718107819557,49200000
prediction_orientation_error_deg,0,49200000
owd_uplink_ms,39.9157,49300000
owd_downlink_ms,64.6888,49300000
owd_uplink_ms,42.121,49300000
owd_downlink_ms,48.6714,49300000
prediction_position_error_mm,2.665901556611061,49300000
prediction_orientation_error_deg,0,49300000
prediction_position_error_mm,4.684196785092354,49400000
prediction_orientation_error_deg,0,49400000
prediction_position_error_mm,4.684196785092354,49500000
prediction_orientation_error_deg,0,49500000
owd_uplink_ms,25.8718,49600000
owd_downlink_ms,66.4641,49600000
prediction_position_error_mm,8.076230995357037,49600000
prediction_orientation_error_deg,0,49600000
owd_uplink_ms,51.7044,49700000
owd_downlink_ms,31.6149,49700000
owd_uplink_ms,52.5572,49700000
owd_downlink_ms,69.5789,49700000
owd_uplink_ms,64.4626,49700000
owd_downlink_ms,39.5171,49700000
prediction_position_error_mm,5.414413288235664,49700000
prediction_orientation_error_deg,0,49700000
owd_uplink_ms,34.046,49800000
owd_downlink_ms,53.4212,49800000
prediction_position_error_mm,5.414413288235664,49800000
prediction_orientation_error_deg,0,49800000
prediction_position_error_mm,6.643825210630894,49900000
prediction_orientation_error_deg,0,49900000
prediction_position_error_mm,6.643825210630894,50000000
prediction_orientation_error_deg,0,50000000
prediction_position_error_mm,0,100000
prediction_orientation_error_deg,0,100000
prediction_position_error_mm,0,200000
prediction_orientation_error_deg,0,200000
prediction_position_error_mm,0,300000
prediction_orientation_error_deg,0,300000
prediction_position_error_mm,0,400000
prediction_orientation_error_deg,0,400000
prediction_position_error_mm,1299.9999523162842,500000
prediction_orientation_error_deg,0,500000
prediction_position_error_mm,1299.9999523162842,600000
prediction_orientation_error_deg,0,600000
prediction_position_error_mm,1300.0023365020752,700000
prediction_orientation_error_deg,0,700000
prediction_position_error_mm,1300.0361919403076,800000
prediction_orientation_error_deg,0,800000
prediction_position_error_mm,1300.0564575195312,900000
prediction_orientation_error_deg,0,900000
prediction_position_error_mm,1300.0564575195312,1000000
prediction_orientation_error_deg,0,1000000
prediction_position_error_mm,1300.1103401184082,1100000
prediction_orientation_error_deg,0,1100000
prediction_position_error_mm,1300.1103401184082,1200000
prediction_orientation_error_deg,0,1200000
owd_uplink_ms,55.1318,1300000
owd_downlink_ms,55.1318,1300000
correction_magnitude_mm,1299.9999523162842,659381
correction_magnitude_deg,0,659381
owd_uplink_ms,66.6298,1300000
owd_downlink_ms,25.828,1300000
correction_magnitude_mm,24.9902606010437,1008378
correction_magnitude_deg,0,1008378
prediction_position_error_mm,9.983396157622337,1300000
prediction_orientation_error_deg,0,1300000
owd_uplink_ms,39.6262,1400000
owd_downlink_ms,39.4911,1400000
owd_uplink_ms,33.6276,1400000
owd_downlink_ms,15.4537,1400000
correction_magnitude_mm,9.983396157622337,1185490
correction_magnitude_deg,0,1185490
owd_uplink_ms,51.5443,1400000
owd_downlink_ms,60.1337,1400000
prediction_position_error_mm,4.987143911421299,1400000
prediction_orientation_error_deg,0,1400000
owd_uplink_ms,49.9552,1500000
owd_downlink_ms,19.953,1500000
owd_uplink_ms,36.4451,1500000
owd_downlink_ms,49.4591,1500000
prediction_position_error_mm,4.987143911421299,1500000
prediction_orientation_error_deg,0,1500000
prediction_position_error_mm,14.94997926056385,1600000
prediction_orientation_error_deg,0,1600000
owd_uplink_ms,64.0161,1700000
owd_downlink_ms,58.8602,1700000
prediction_position_error_mm,14.94997926056385,1700000
prediction_orientation_error_deg,0,1700000
prediction_position_error_mm,14.94997926056385,1800000
prediction_orientation_error_deg,0,1800000
owd_uplink_ms,46.2482,1900000
owd_downlink_ms,22.8866,1900000
correction_magnitude_mm,14.94997926056385,1639342
correction_magnitude_deg,0,1639342
owd_uplink_ms,47.6306,1900000
owd_downlink_ms,45.7867,1900000
prediction_position_error_mm,4.974831361323595,1900000
prediction_orientation_error_deg,0,1900000
prediction_position_error_mm,14.908970333635807,2000000
prediction_orientation_error_deg,0,2000000
prediction_position_error_mm,34.70218926668167,2100000
prediction_orientation_error_deg,0,2100000
prediction_position_error_mm,34.70218926668167,2200000
prediction_orientation_error_deg,0,2200000
prediction_position_error_mm,34.70218926668167,2300000
prediction_orientation_error_deg,0,2300000
owd_uplink_ms,73.9193,2400000
owd_downlink_ms,25.2798,2400000
correction_magnitude_mm,34.70218926668167,2076238
correction_magnitude_deg,0,2076238
owd_uplink_ms,59.1618,2400000
owd_downlink_ms,74.2534,2400000
owd_uplink_ms,38.6324,2400000
owd_downlink_ms,29.5306,2400000
owd_uplink_ms,53.4394,2400000
owd_downlink_ms,41.3914,2400000
prediction_position_error_mm,14.765923842787743,2400000
prediction_orientation_error_deg,0,2400000
owd_uplink_ms,64.0546,2500000
owd_downlink_ms,59.3545,2500000
owd_uplink_ms,25.3339,2500000
owd_downlink_ms,41.4451,2500000
prediction_position_error_mm,19.670341163873672,2500000
prediction_orientation_error_deg,0,2500000
prediction_position_error_mm,19.670341163873672,2600000
prediction_orientation_error_deg,0,2600000
prediction_position_error_mm,19.670341163873672,2700000
prediction_orientation_error_deg,0,2700000
prediction_position_error_mm,24.56521987915039,2800000
prediction_orientation_error_deg,0,2800000
owd_uplink_ms,28.3269,2900000
owd_downlink_ms,38.2878,2900000
correction_magnitude_mm,19.670341163873672,2495384
correction_magnitude_deg,0,2495384
prediction_position_error_mm,19.5185374468565,2900000
prediction_orientation_error_deg,0,2900000
owd_uplink_ms,66.3576,3000000
owd_downlink_ms,28.5584,3000000
owd_uplink_ms,71.0203,3000000
owd_downlink_ms,68.9408,3000000
prediction_position_error_mm,19.5185374468565,3000000
prediction_orientation_error_deg,0,3000000
owd_uplink_ms,35.3252,3100000
owd_downlink_ms,64.2772,3100000
prediction_position_error_mm,29.211832210421562,3100000
prediction_orientation_error_deg,0,3100000
owd_uplink_ms,26.1175,3200000
owd_downlink_ms,71.6708,3200000
prediction_position_error_mm,34.040432423353195,3200000
prediction_orientation_error_deg,0,3200000
owd_uplink_ms,32.0565,3300000
owd_downlink_ms,27.437,3300000
correction_magnitude_mm,19.5185374468565,2932893
correction_magnitude_deg,0,2932893
owd_uplink_ms,82.1231,3300000
owd_downlink_ms,69.7176,3300000
prediction_position_error_mm,14.522402547299862,3300000
prediction_orientation_error_deg,0,3300000
prediction_position_error_mm,24.141835048794746,3400000
prediction_orientation_error_deg,0,3400000
owd_uplink_ms,75.9703,3500000
owd_downlink_ms,29.0173,3500000
correction_magnitude_mm,14.522402547299862,3174202
correction_magnitude_deg,0,3174202
prediction_position_error_mm,9.619619697332382,3500000
prediction_orientation_error_deg,0,3500000
owd_uplink_ms,48.1513,3600000
owd_downlink_ms,72.5706,3600000
prediction_position_error_mm,19.185515120625496,3600000
prediction_orientation_error_deg,0,3600000
prediction_position_error_mm,19.185515120625496,3700000
prediction_orientation_error_deg,0,3700000
owd_uplink_ms,49.3415,3800000
owd_downlink_ms,69.1526,3800000
owd_uplink_ms,30.2059,3800000
owd_downlink_ms,49.3025,3800000
owd_uplink_ms,43.0854,3800000
owd_downlink_ms,58.4054,3800000
prediction_position_error_mm,23.94724078476429,3800000
prediction_orientation_error_deg,0,3800000
owd_uplink_ms,36.9671,3900000
owd_downlink_ms,36.7469,3900000
correction_magnitude_mm,9.619619697332382,3472231
correction_magnitude_deg,0,3472231
owd_uplink_ms,37.3351,3900000
owd_downlink_ms,67.397,3900000
prediction_position_error_mm,14.327812008559704,3900000
prediction_orientation_error_deg,0,3900000
owd_uplink_ms,32.5328,4000000
owd_downlink_ms,26.9457,4000000
correction_magnitude_mm,9.565997868776321,3702823
correction_magnitude_deg,0,3702823
owd_uplink_ms,49.5868,4000000
owd_downlink_ms,49.4477,4000000
prediction_position_error_mm,14.241051860153675,4000000
prediction_orientation_error_deg,0,4000000
owd_uplink_ms,49.6794,4100000
owd_downlink_ms,28.4458,4100000
prediction_position_error_mm,14.241051860153675,4100000
prediction_orientation_error_deg,0,4100000
prediction_position_error_mm,14.241051860153675,4200000
prediction_orientation_error_deg,0,4200000
prediction_position_error_mm,14.241051860153675,4300000
prediction_orientation_error_deg,0,4300000
prediction_position_error_mm,18.957557156682014,4400000
prediction_orientation_error_deg,0,4400000
owd_uplink_ms,40.1726,4500000
owd_downlink_ms,41.2306,4500000
correction_magnitude_mm,14.241051860153675,4077428
correction_magnitude_deg,0,4077428
prediction_position_error_mm,23.419301956892014,4500000
prediction_orientation_error_deg,0,4500000
owd_uplink_ms,43.9919,4600000
owd_downlink_ms,65.6934,4600000
owd_uplink_ms,58.4246,4600000
owd_downlink_ms,40.6662,4600000
prediction_position_error_mm,23.419301956892014,4600000
prediction_orientation_error_deg,0,4600000
prediction_position_error_mm,23.419301956892014,4700000
prediction_orientation_error_deg,0,4700000
owd_uplink_ms,70.2059,4800000
owd_downlink_ms,27.5141,4800000
prediction_position_error_mm,37.123993039131165,4800000
prediction_orientation_error_deg,0,4800000
owd_uplink_ms,45.2641,4900000
owd_downlink_ms,37.7709,4900000
correction_magnitude_mm,18.702853471040726,4519623
correction_magnitude_deg,0,4519623
prediction_position_error_mm,18.422072753310204,4900000
prediction_orientation_error_deg,0,4900000
owd_uplink_ms,66.3898,5000000
owd_downlink_ms,46.346,5000000
prediction_position_error_mm,18.422072753310204,5000000
prediction_orientation_error_deg,0,5000000
prediction_position_error_mm,32.03849494457245,5100000
prediction_orientation_error_deg,0,5100000
owd_uplink_ms,40.2809,5200000
owd_downlink_ms,60.8396,5200000
owd_uplink_ms,29.9419,5200000
owd_downlink_ms,35.911,5200000
correction_magnitude_mm,18.422072753310204,4827728
correction_magnitude_deg,0,4827728
prediction_position_error_mm,13.617070391774178,5200000
prediction_orientation_error_deg,0,5200000
owd_uplink_ms,71.4029,5300000
owd_downlink_ms,61.729,5300000
owd_uplink_ms,54.7383,5300000
owd_downlink_ms,47.7657,5300000
prediction_position_error_mm,13.617070391774178,5300000
prediction_orientation_error_deg,0,5300000
owd_uplink_ms,33.4113,5400000
owd_downlink_ms,28.1296,5400000
correction_magnitude_mm,13.617070391774178,5100317
correction_magnitude_deg,0,5100317
prediction_position_error_mm,0,5400000
prediction_orientation_error_deg,0,5400000
owd_uplink_ms,53.9658,5500000
owd_downlink_ms,42.6688,5500000
prediction_position_error_mm,0,5500000
prediction_orientation_error_deg,0,5500000
owd_uplink_ms,29.2412,5600000
owd_downlink_ms,43.05,5600000
prediction_position_error_mm,22.284051403403282,5600000
prediction_orientation_error_deg,0,5600000
owd_uplink_ms,62.7658,5700000
owd_downlink_ms,34.7977,5700000
prediction_position_error_mm,22.284051403403282,5700000
prediction_orientation_error_deg,0,5700000
owd_uplink_ms,68.1519,5800000
owd_downlink_ms,67.2634,5800000
prediction_position_error_mm,22.284051403403282,5800000
prediction_orientation_error_deg,0,5800000
prediction_position_error_mm,26.675697416067123,5900000
prediction_orientation_error_deg,0,5900000
owd_uplink_ms,51.3962,6000000
owd_downlink_ms,29.3638,6000000
correction_magnitude_mm,22.284051403403282,5639847
correction_magnitude_deg,0,5639847
owd_uplink_ms,23.1104,6000000
owd_downlink_ms,43.3082,6000000
prediction_position_error_mm,8.761286735534668,6000000
prediction_orientation_error_deg,0,6000000
owd_uplink_ms,64.247,6100000
owd_downlink_ms,35.928,6100000
prediction_position_error_mm,8.761286735534668,6100000
prediction_orientation_error_deg,0,6100000
prediction_position_error_mm,21.730437874794006,6200000
prediction_orientation_error_deg,0,6200000
owd_uplink_ms,35.4653,6300000
owd_downlink_ms,37.8034,6300000
prediction_position_error_mm,17.338715493679047,6300000
prediction_orientation_error_deg,0,6300000
prediction_position_error_mm,21.61436527967453,6400000
prediction_orientation_error_deg,0,6400000
owd_uplink_ms,65.5197,6500000
owd_downlink_ms,76.3097,6500000
owd_uplink_ms,36.5592,6500000
owd_downlink_ms,45.7878,6500000
prediction_position_error_mm,21.49653062224388,6500000
prediction_orientation_error_deg,0,6500000
prediction_position_error_mm,21.49653062224388,6600000
prediction_orientation_error_deg,0,6600000
owd_uplink_ms,42.3255,6700000
owd_downlink_ms,27.7442,6700000
correction_magnitude_mm,17.245156690478325,6339418
correction_magnitude_deg,0,6339418
owd_uplink_ms,70.0765,6700000
owd_downlink_ms,75.0469,6700000
prediction_position_error_mm,16.85720682144165,6700000
prediction_orientation_error_deg,0,6700000
owd_uplink_ms,31.8109,6800000
owd_downlink_ms,54.486,6800000
owd_uplink_ms,43.2384,6800000
owd_downlink_ms,28.0991,6800000
prediction_position_error_mm,12.605763040482998,6800000
prediction_orientation_error_deg,0,6800000
owd_uplink_ms,49.9096,6900000
owd_downlink_ms,66.7896,6900000
prediction_position_error_mm,16.756923869252205,6900000
prediction_orientation_error_deg,0,6900000
owd_uplink_ms,27.8515,7000000
owd_downlink_ms,27.5291,7000000
correction_magnitude_mm,12.605763040482998,6675749
correction_magnitude_deg,0,6675749
owd_uplink_ms,48.5617,7000000
owd_downlink_ms,33.2662,7000000
prediction_position_error_mm,4.151292145252228,7000000
prediction_orientation_error_deg,0,7000000
owd_uplink_ms,65.6018,7100000
owd_downlink_ms,60.5442,7100000
prediction_position_error_mm,4.151292145252228,7100000
prediction_orientation_error_deg,0,7100000
prediction_position_error_mm,12.375772930681705,7200000
prediction_orientation_error_deg,0,7200000
owd_uplink_ms,42.2611,7300000
owd_downlink_ms,54.315,7300000
owd_uplink_ms,38.8816,7300000
owd_downlink_ms,41.0197,7300000
prediction_position_error_mm,8.224548771977425,7300000
prediction_orientation_error_deg,0,7300000
prediction_position_error_mm,16.34293794631958,7400000
prediction_orientation_error_deg,0,7400000
prediction_position_error_mm,28.315836563706398,7500000
prediction_orientation_error_deg,0,7500000
prediction_position_error_mm,28.315836563706398,7600000
prediction_orientation_error_deg,0,7600000
owd_uplink_ms,68.5437,7700000
owd_downlink_ms,40.6171,7700000
correction_magnitude_mm,8.224548771977425,7233141
correction_magnitude_deg,0,7233141
prediction_position_error_mm,20.092139020562172,7700000
prediction_orientation_error_deg,0,7700000
owd_uplink_ms,45.7257,7800000
owd_downlink_ms,62.4119,7800000
prediction_position_error_mm,20.092139020562172,7800000
prediction_orientation_error_deg,0,7800000
owd_uplink_ms,56.0086,7900000
owd_downlink_ms,51.5065,7900000
correction_magnitude_mm,8.118578232824802,7348372
correction_magnitude_deg,0,7348372
owd_uplink_ms,50.3608,7900000
owd_downlink_ms,52.5278,7900000
prediction_position_error_mm,19.816966727375984,7900000
prediction_orientation_error_deg,0,7900000
prediction_position_error_mm,31.366154551506042,8000000
prediction_orientation_error_deg,0,8000000
owd_uplink_ms,38.7681,8100000
owd_downlink_ms,60.0861,8100000
correction_magnitude_mm,11.973938904702663,7477729
correction_magnitude_deg,0,7477729
prediction_position_error_mm,19.393857568502426,8100000
prediction_orientation_error_deg,0,8100000
owd_uplink_ms,38.2448,8200000
owd_downlink_ms,63.2599,8200000
prediction_position_error_mm,23.185597732663155,8200000
prediction_orientation_error_deg,0,8200000
prediction_position_error_mm,34.38173606991768,8300000
prediction_orientation_error_deg,0,8300000
owd_uplink_ms,71.899,8400000
owd_downlink_ms,63.1252,8400000
owd_uplink_ms,51.3018,8400000
owd_downlink_ms,47.8753,8400000
correction_magnitude_mm,7.843428291380405,7893748
correction_magnitude_deg,0,7893748
prediction_position_error_mm,30.21218441426754,8400000
prediction_orientation_error_deg,0,8400000
owd_uplink_ms,35.0631,8500000
owd_downlink_ms,43.7453,8500000
correction_magnitude_mm,11.550857685506344,8004600
correction_magnitude_deg,0,8004600
owd_uplink_ms,52.6694,8500000
owd_downlink_ms,38.2539,8500000
prediction_position_error_mm,18.663208931684494,8500000
prediction_orientation_error_deg,0,8500000
prediction_position_error_mm,18.663208931684494,8600000
prediction_orientation_error_deg,0,8600000
owd_uplink_ms,45.1167,8700000
owd_downlink_ms,45.8503,8700000
owd_uplink_ms,66.5353,8700000
owd_downlink_ms,78.0267,8700000
owd_uplink_ms,64.0974,8700000
owd_downlink_ms,59.7457,8700000
prediction_position_error_mm,22.125031799077988,8700000
prediction_orientation_error_deg,0,8700000
owd_uplink_ms,24.0228,8800000
owd_downlink_ms,35.4124,8800000
correction_magnitude_mm,14.871346764266491,8410660
correction_magnitude_deg,0,8410660
owd_uplink_ms,27.5487,8800000
owd_downlink_ms,45.4051,8800000
prediction_position_error_mm,10.835625231266022,8800000
prediction_orientation_error_deg,0,8800000
owd_uplink_ms,50.0228,8900000
owd_downlink_ms,38.7173,8900000
owd_uplink_ms,57.3152,8900000
owd_downlink_ms,47.7248,8900000
prediction_position_error_mm,17.904479056596756,8900000
prediction_orientation_error_deg,0,8900000
prediction_position_error_mm,17.904479056596756,9000000
prediction_orientation_error_deg,0,9000000
owd_uplink_ms,34.7046,9100000
owd_downlink_ms,32.6528,9100000
correction_magnitude_mm,7.254521362483501,8704295
correction_magnitude_deg,0,8704295
prediction_position_error_mm,14.138148166239262,9100000
prediction_orientation_error_deg,0,9100000
prediction_position_error_mm,14.138148166239262,9200000
prediction_orientation_error_deg,0,9200000
owd_uplink_ms,35.1959,9300000
owd_downlink_ms,46.9011,9300000
prediction_position_error_mm,14.013387262821198,9300000
prediction_orientation_error_deg,0,9300000
prediction_position_error_mm,14.013387262821198,9400000
prediction_orientation_error_deg,0,9400000
owd_uplink_ms,47.4971,9500000
owd_downlink_ms,39.7584,9500000
correction_magnitude_mm,7.069431245326996,9009252
correction_magnitude_deg,0,9009252
prediction_position_error_mm,13.761804439127445,9500000
prediction_orientation_error_deg,0,9500000
owd_uplink_ms,57.3033,9600000
owd_downlink_ms,68.0436,9600000
owd_uplink_ms,41.2406,9600000
owd_downlink_ms,42.0693,9600000
owd_uplink_ms,27.8635,9600000
owd_downlink_ms,60.405,9600000
prediction_position_error_mm,20.26025764644146,9600000
prediction_orientation_error_deg,0,9600000
owd_uplink_ms,49.4228,9700000
owd_downlink_ms,34.326,9700000
prediction_position_error_mm,16.80448092520237,9700000
prediction_orientation_error_deg,0,9700000
owd_uplink_ms,43.1647,9800000
owd_downlink_ms,22.5251,9800000
correction_magnitude_mm,6.817870307713747,9519717
correction_magnitude_deg,0,9519717
prediction_position_error_mm,9.98732540756464,9800000
prediction_orientation_error_deg,0,9800000
owd_uplink_ms,24.8486,9900000
owd_downlink_ms,26.119,9900000
correction_magnitude_mm,9.98732540756464,9621304
correction_magnitude_deg,0,9621304
prediction_position_error_mm,9.697514586150646,9900000
prediction_orientation_error_deg,0,9900000
owd_uplink_ms,68.489,10000000
owd_downlink_ms,39.9406,10000000
prediction_position_error_mm,12.86497712135315,10000000
prediction_orientation_error_deg,0,10000000
owd_uplink_ms,38.2274,10100000
owd_downlink_ms,42.5329,10100000
prediction_position_error_mm,12.86497712135315,10100000
prediction_orientation_error_deg,0,10100000
prediction_position_error_mm,19.10155452787876,10200000
prediction_orientation_error_deg,0,10200000
owd_uplink_ms,58.0437,10300000
owd_downlink_ms,45.7983,10300000
owd_uplink_ms,35.921,10300000
owd_downlink_ms,37.889,10300000
correction_magnitude_mm,9.697514586150646,9878155
correction_magnitude_deg,0,9878155
prediction_position_error_mm,9.405599907040596,10300000
prediction_orientation_error_deg,0,10300000
prediction_position_error_mm,9.405599907040596,10400000
prediction_orientation_error_deg,0,10400000
owd_uplink_ms,24.0927,10500000
owd_downlink_ms,54.6174,10500000
prediction_position_error_mm,18.516380339860916,10500000
prediction_orientation_error_deg,0,10500000
owd_uplink_ms,31.2408,10600000
owd_downlink_ms,50.2835,10600000
owd_uplink_ms,74.0223,10600000
owd_downlink_ms,39.0758,10600000
correction_magnitude_mm,6.237979978322983,10196430
correction_magnitude_deg,0,10196430
prediction_position_error_mm,9.11251362413168,10600000
prediction_orientation_error_deg,0,10600000
prediction_position_error_mm,9.11251362413168,10700000
prediction_orientation_error_deg,0,10700000
prediction_position_error_mm,9.11251362413168,10800000
prediction_orientation_error_deg,0,10800000
owd_uplink_ms,38.7167,10900000
owd_downlink_ms,31.211,10900000
correction_magnitude_mm,9.11251362413168,10587049
correction_magnitude_deg,0,10587049
prediction_position_error_mm,11.693949811160564,10900000
prediction_orientation_error_deg,0,10900000
owd_uplink_ms,28.7071,11000000
owd_downlink_ms,72.7465,11000000
prediction_position_error_mm,11.693949811160564,11000000
prediction_orientation_error_deg,0,11000000
owd_uplink_ms,29.2996,11100000
owd_downlink_ms,47.4321,11100000
owd_uplink_ms,57.6746,11100000
owd_downlink_ms,59.5281,11100000
owd_uplink_ms,51.3939,11100000
owd_downlink_ms,50.5585,11100000
prediction_position_error_mm,11.693949811160564,11100000
prediction_orientation_error_deg,0,11100000
prediction_position_error_mm,20.1211366802454,11200000
prediction_orientation_error_deg,0,11200000
prediction_position_error_mm,20.1211366802454,11300000
prediction_orientation_error_deg,0,11300000
owd_uplink_ms,77.2052,11400000
owd_downlink_ms,26.0212,11400000
correction_magnitude_mm,11.693949811160564,11102053
correction_magnitude_deg,0,11102053
owd_uplink_ms,26.7315,11400000
owd_downlink_ms,43.9659,11400000
prediction_position_error_mm,8.430639281868935,11400000
prediction_orientation_error_deg,0,11400000
prediction_position_error_mm,8.430639281868935,11500000
prediction_orientation_error_deg,0,11500000
owd_uplink_ms,66.9477,11600000
owd_downlink_ms,41.2891,11600000
prediction_position_error_mm,8.430639281868935,11600000
prediction_orientation_error_deg,0,11600000
owd_uplink_ms,45.7255,11700000
owd_downlink_ms,65.0396,11700000
prediction_position_error_mm,11.17617916315794,11700000
prediction_orientation_error_deg,0,11700000
owd_uplink_ms,27.9759,11800000
owd_downlink_ms,54.786,11800000
correction_magnitude_mm,8.430639281868935,11249177
correction_magnitude_deg,0,11249177
prediction_position_error_mm,8.142312057316303,11800000
prediction_orientation_error_deg,0,11800000
prediction_position_error_mm,18.553132191300392,11900000
prediction_orientation_error_deg,0,11900000
owd_uplink_ms,65.4364,12000000
owd_downlink_ms,23.8852,12000000
owd_uplink_ms,65.1192,12000000
owd_downlink_ms,50.5488,12000000
prediction_position_error_mm,15.80922119319439,12000000
prediction_orientation_error_deg,0,12000000
owd_uplink_ms,58.5252,12100000
owd_downlink_ms,77.9558,12100000
prediction_position_error_mm,18.33377778530121,12100000
prediction_orientation_error_deg,0,12100000
prediction_position_error_mm,18.33377778530121,12200000
prediction_orientation_error_deg,0,12200000
owd_uplink_ms,57.8825,12300000
owd_downlink_ms,44.1459,12300000
correction_magnitude_mm,5.39651932194829,11786143
correction_magnitude_deg,0,11786143
owd_uplink_ms,58.7986,12300000
owd_downlink_ms,32.4478,12300000
correction_magnitude_mm,10.415288619697094,11953205
correction_magnitude_deg,0,11953205
prediction_position_error_mm,2.526976866647601,12300000
prediction_orientation_error_deg,0,12300000
prediction_position_error_mm,2.526976866647601,12400000
prediction_orientation_error_deg,0,12400000
owd_uplink_ms,64.6327,12500000
owd_downlink_ms,33.2146,12500000
owd_uplink_ms,65.7828,12500000
owd_downlink_ms,65.501,12500000
prediction_position_error_mm,2.4966890923678875,12500000
prediction_orientation_error_deg,0,12500000
owd_uplink_ms,43.6135,12600000
owd_downlink_ms,61.8527,12600000
owd_uplink_ms,25.5652,12600000
owd_downlink_ms,70.0036,12600000
prediction_position_error_mm,7.399842608720064,12600000
prediction_orientation_error_deg,0,12600000
owd_uplink_ms,38.5273,12700000
owd_downlink_ms,52.0618,12700000
prediction_position_error_mm,9.806813672184944,12700000
prediction_orientation_error_deg,0,12700000
prediction_position_error_mm,16.851790249347687,12800000
prediction_orientation_error_deg,0,12800000
prediction_position_error_mm,16.851790249347687,12900000
prediction_orientation_error_deg,0,12900000
owd_uplink_ms,51.9517,13000000
owd_downlink_ms,27.7364,13000000
correction_magnitude_mm,9.806813672184944,12678579
correction_magnitude_deg,0,12678579
owd_uplink_ms,50.2773,13000000
owd_downlink_ms,39.4181,13000000
prediction_position_error_mm,9.345200844109058,13000000
prediction_orientation_error_deg,0,13000000
prediction_position_error_mm,13.850480318069458,13100000
prediction_orientation_error_deg,0,13100000
prediction_position_error_mm,13.850480318069458,13200000
prediction_orientation_error_deg,0,13200000
owd_uplink_ms,57.2114,13300000
owd_downlink_ms,36.9555,13300000
correction_magnitude_mm,7.0511880330741405,12839686
correction_magnitude_deg,0,12839686
owd_uplink_ms,70.1782,13300000
owd_downlink_ms,60.3257,13300000
owd_uplink_ms,57.4464,13300000
owd_downlink_ms,81.0317,13300000
prediction_position_error_mm,6.803844589740038,13300000
prediction_orientation_error_deg,0,13300000
owd_uplink_ms,29.3179,13400000
owd_downlink_ms,57.0348,13400000
owd_uplink_ms,52.7206,13400000
owd_downlink_ms,48.8144,13400000
prediction_position_error_mm,6.803844589740038,13400000
prediction_orientation_error_deg,0,13400000
prediction_position_error_mm,11.207028292119503,13500000
prediction_orientation_error_deg,0,13500000
owd_uplink_ms,37.7707,13600000
owd_downlink_ms,44.6556,13600000
correction_magnitude_mm,6.803844589740038,13095224
correction_magnitude_deg,0,13095224
prediction_position_error_mm,10.828390717506409,13600000
prediction_orientation_error_deg,0,13600000
owd_uplink_ms,49.589,13700000
owd_downlink_ms,60.963,13700000
prediction_position_error_mm,10.828390717506409,13700000
prediction_orientation_error_deg,0,13700000
prediction_position_error_mm,10.828390717506409,13800000
prediction_orientation_error_deg,0,13800000
owd_uplink_ms,63.3863,13900000
owd_downlink_ms,59.496,13900000
prediction_position_error_mm,12.921343557536602,13900000
prediction_orientation_error_deg,0,13900000
prediction_position_error_mm,12.921343557536602,14000000
prediction_orientation_error_deg,0,14000000
prediction_position_error_mm,21.067416295409203,14100000
prediction_orientation_error_deg,0,14100000
owd_uplink_ms,60.0505,14200000
owd_downlink_ms,62.672,14200000
owd_uplink_ms,55.3329,14200000
owd_downlink_ms,53.7827,14200000
correction_magnitude_mm,6.425495259463787,13605916
correction_magnitude_deg,0,13605916
prediction_position_error_mm,12.259624898433685,14200000
prediction_orientation_error_deg,0,14200000
owd_uplink_ms,51.2281,14300000
owd_downlink_ms,34.2124,14300000
owd_uplink_ms,33.1684,14300000
owd_downlink_ms,61.9195,14300000
owd_uplink_ms,51.7532,14300000
owd_downlink_ms,61.1288,14300000
owd_uplink_ms,78.472,14300000
owd_downlink_ms,66.7993,14300000
prediction_position_error_mm,10.167096741497517,14300000
prediction_orientation_error_deg,0,14300000
prediction_position_error_mm,10.167096741497517,14400000
prediction_orientation_error_deg,0,14400000
prediction_position_error_mm,10.167096741497517,14500000
prediction_orientation_error_deg,0,14500000
owd_uplink_ms,37.5457,14600000
owd_downlink_ms,43.3676,14600000
correction_magnitude_mm,8.173547685146332,14124990
correction_magnitude_deg,0,14124990
prediction_position_error_mm,5.936461966484785,14600000
prediction_orientation_error_deg,0,14600000
prediction_position_error_mm,11.727831326425076,14700000
prediction_orientation_error_deg,0,14700000
owd_uplink_ms,37.7177,14800000
owd_downlink_ms,50.8897,14800000
prediction_position_error_mm,9.735953994095325,14800000
prediction_orientation_error_deg,0,14800000
owd_uplink_ms,66.8965,14900000
owd_downlink_ms,56.2204,14900000
prediction_position_error_mm,9.735953994095325,14900000
prediction_orientation_error_deg,0,14900000
owd_uplink_ms,80.925,15000000
owd_downlink_ms,73.9012,15000000
prediction_position_error_mm,17.276335507631302,15000000
prediction_orientation_error_deg,0,15000000
owd_uplink_ms,59.8224,15100000
owd_downlink_ms,45.524,15100000
owd_uplink_ms,75.2018,15100000
owd_downlink_ms,77.4593,15100000
prediction_position_error_mm,13.354062102735043,15100000
prediction_orientation_error_deg,0,15100000
prediction_position_error_mm,13.354062102735043,15200000
prediction_orientation_error_deg,0,15200000
owd_uplink_ms,36.9692,15300000
owd_downlink_ms,50.8237,15300000
correction_magnitude_mm,5.799151957035065,14721593
correction_magnitude_deg,0,14721593
owd_uplink_ms,60.8889,15300000
owd_downlink_ms,57.413,15300000
prediction_position_error_mm,13.150213286280632,15300000
prediction_orientation_error_deg,0,15300000
owd_uplink_ms,70.2926,15400000
owd_downlink_ms,72.9397,15400000
prediction_position_error_mm,13.150213286280632,15400000
prediction_orientation_error_deg,0,15400000
owd_uplink_ms,65.5996,15500000
owd_downlink_ms,51.4029,15500000
owd_uplink_ms,23.8653,15500000
owd_downlink_ms,40.1374,15500000
correction_magnitude_mm,7.567957974970341,15023149
correction_magnitude_deg,0,15023149
owd_uplink_ms,51.5545,15500000
owd_downlink_ms,25.7065,15500000
prediction_position_error_mm,5.596044007688761,15500000
prediction_orientation_error_deg,0,15500000
owd_uplink_ms,65.695,15600000
owd_downlink_ms,27.7556,15600000
correction_magnitude_mm,5.596044007688761,15243415
correction_magnitude_deg,0,15243415
prediction_position_error_mm,0,15600000
prediction_orientation_error_deg,0,15600000
owd_uplink_ms,49.7,15700000
owd_downlink_ms,29.7186,15700000
owd_uplink_ms,48.1845,15700000
owd_downlink_ms,69.156,15700000
prediction_position_error_mm,1.8568314844742417,15700000
prediction_orientation_error_deg,0,15700000
prediction_position_error_mm,1.8568314844742417,15800000
prediction_orientation_error_deg,0,15800000
prediction_position_error_mm,11.120200157165527,15900000
prediction_orientation_error_deg,0,15900000
owd_uplink_ms,50.2068,16000000
owd_downlink_ms,35.0355,16000000
prediction_position_error_mm,9.268512018024921,16000000
prediction_orientation_error_deg,0,16000000
owd_uplink_ms,21.7745,16100000
owd_downlink_ms,77.5482,16100000
prediction_position_error_mm,9.268512018024921,16100000
prediction_orientation_error_deg,0,16100000
prediction_position_error_mm,9.268512018024921,16200000
prediction_orientation_error_deg,0,16200000
owd_uplink_ms,58.2307,16300000
owd_downlink_ms,75.9303,16300000
prediction_position_error_mm,9.268512018024921,16300000
prediction_orientation_error_deg,0,16300000
owd_uplink_ms,29.8003,16400000
owd_downlink_ms,42.372,16400000
correction_magnitude_mm,9.268512018024921,15933247
correction_magnitude_deg,0,15933247
owd_uplink_ms,64.4493,16400000
owd_downlink_ms,36.9581,16400000
owd_uplink_ms,72.218,16400000
owd_downlink_ms,41.8401,16400000
prediction_position_error_mm,0,16400000
prediction_orientation_error_deg,0,16400000
prediction_position_error_mm,3.7292379420250654,16500000
prediction_orientation_error_deg,0,16500000
prediction_position_error_mm,9.369605220854282,16600000
prediction_orientation_error_deg,0,16600000
prediction_position_error_mm,15.087607316672802,16700000
prediction_orientation_error_deg,0,16700000
owd_uplink_ms,71.3055,16800000
owd_downlink_ms,52.4226,16800000
owd_uplink_ms,53.9857,16800000
owd_downlink_ms,79.4069,16800000
owd_uplink_ms,56.1853,16800000
owd_downlink_ms,34.3092,16800000
prediction_position_error_mm,11.374152265489101,16800000
prediction_orientation_error_deg,0,16800000
owd_uplink_ms,42.7822,16900000
owd_downlink_ms,31.7713,16900000
correction_magnitude_mm,5.645363125950098,16527978
correction_magnitude_deg,0,16527978
owd_uplink_ms,45.2819,16900000
owd_downlink_ms,35.0567,16900000
prediction_position_error_mm,5.737451370805502,16900000
prediction_orientation_error_deg,0,16900000
prediction_position_error_mm,7.674447726458311,17000000
prediction_orientation_error_deg,0,17000000
prediction_position_error_mm,11.589964851737022,17100000
prediction_orientation_error_deg,0,17100000
owd_uplink_ms,57.207,17200000
owd_downlink_ms,59.9041,17200000
prediction_position_error_mm,11.589964851737022,17200000
prediction_orientation_error_deg,0,17200000
owd_uplink_ms,66.268,17300000
owd_downlink_ms,83.2697,17300000
prediction_position_error_mm,15.566321089863777,17300000
prediction_orientation_error_deg,0,17300000
owd_uplink_ms,45.7911,17400000
owd_downlink_ms,56.7247,17400000
correction_magnitude_mm,5.737451370805502,16753490
correction_magnitude_deg,0,16753490
owd_uplink_ms,38.7387,17400000
owd_downlink_ms,40.6511,17400000
prediction_position_error_mm,7.910819724202156,17400000
prediction_orientation_error_deg,0,17400000
owd_uplink_ms,25.6878,17500000
owd_downlink_ms,73.9029,17500000
prediction_position_error_mm,7.910819724202156,17500000
prediction_orientation_error_deg,0,17500000
prediction_position_error_mm,14.028312638401985,17600000
prediction_orientation_error_deg,0,17600000
owd_uplink_ms,67.1069,17700000
owd_downlink_ms,67.9929,17700000
prediction_position_error_mm,16.10643044114113,17700000
prediction_orientation_error_deg,0,17700000
owd_uplink_ms,56.9494,17800000
owd_downlink_ms,33.7202,17800000
correction_magnitude_mm,7.910819724202156,17388220
correction_magnitude_deg,0,17388220
owd_uplink_ms,65.103,17800000
owd_downlink_ms,50.5199,17800000
prediction_position_error_mm,8.21265485137701,17800000
prediction_orientation_error_deg,0,17800000
owd_uplink_ms,28.7559,17900000
owd_downlink_ms,29.1781,17900000
correction_magnitude_mm,6.128788460046053,17570520
correction_magnitude_deg,0,17570520
owd_uplink_ms,34.3113,17900000
owd_downlink_ms,74.4338,17900000
prediction_position_error_mm,8.477159775793552,17900000
prediction_orientation_error_deg,0,17900000
prediction_position_error_mm,10.654842481017113,18000000
prediction_orientation_error_deg,0,18000000
owd_uplink_ms,41.8928,18100000
owd_downlink_ms,72.3017,18100000
owd_uplink_ms,60.2974,18100000
owd_downlink_ms,45.099,18100000
prediction_position_error_mm,10.654842481017113,18100000
prediction_orientation_error_deg,0,18100000
owd_uplink_ms,67.5104,18200000
owd_downlink_ms,36.488,18200000
prediction_position_error_mm,8.571754209697247,18200000
prediction_orientation_error_deg,0,18200000
owd_uplink_ms,40.9343,18300000
owd_downlink_ms,54.7444,18300000
prediction_position_error_mm,10.77498123049736,18300000
prediction_orientation_error_deg,0,18300000
owd_uplink_ms,25.2325,18400000
owd_downlink_ms,32.1056,18400000
correction_magnitude_mm,8.571754209697247,18026760
correction_magnitude_deg,0,18026760
owd_uplink_ms,48.9891,18400000
owd_downlink_ms,45.6663,18400000
prediction_position_error_mm,2.2053399588912725,18400000
prediction_orientation_error_deg,0,18400000
owd_uplink_ms,63.6382,18500000
owd_downlink_ms,27.7349,18500000
prediction_position_error_mm,11.29062008112669,18500000
prediction_orientation_error_deg,0,18500000
owd_uplink_ms,30.709,18600000
owd_downlink_ms,66.8542,18600000
prediction_position_error_mm,11.29062008112669,18600000
prediction_orientation_error_deg,0,18600000
prediction_position_error_mm,13.630133122205734,18700000
prediction_orientation_error_deg,0,18700000
prediction_position_error_mm,15.99767617881298,18800000
prediction_orientation_error_deg,0,18800000
prediction_position_error_mm,15.99767617881298,18900000
prediction_orientation_error_deg,0,18900000
prediction_position_error_mm,18.393617123365402,19000000
prediction_orientation_error_deg,0,19000000
owd_uplink_ms,51.2121,19100000
owd_downlink_ms,68.1037,19100000
owd_uplink_ms,41.0136,19100000
owd_downlink_ms,35.4703,19100000
correction_magnitude_mm,11.427592486143112,18737092
correction_magnitude_deg,0,18737092
prediction_position_error_mm,9.66188870370388,19100000
prediction_orientation_error_deg,0,19100000
owd_uplink_ms,33.4774,19200000
owd_downlink_ms,62.4766,19200000
prediction_position_error_mm,9.66188870370388,19200000
prediction_orientation_error_deg,0,19200000
owd_uplink_ms,60.1106,19300000
owd_downlink_ms,56.9595,19300000
prediction_position_error_mm,9.66188870370388,19300000
prediction_orientation_error_deg,0,19300000
owd_uplink_ms,44.0019,19400000
owd_downlink_ms,45.5684,19400000
owd_uplink_ms,75.5813,19400000
owd_downlink_ms,59.8613,19400000
prediction_position_error_mm,9.782586246728897,19400000
prediction_orientation_error_deg,0,19400000
owd_uplink_ms,48.5858,19500000
owd_downlink_ms,44.1759,19500000
prediction_position_error_mm,7.382805924862623,19500000
prediction_orientation_error_deg,0,19500000
owd_uplink_ms,72.1486,19600000
owd_downlink_ms,66.9235,19600000
prediction_position_error_mm,17.658239230513573,19600000
prediction_orientation_error_deg,0,19600000
prediction_position_error_mm,17.658239230513573,19700000
prediction_orientation_error_deg,0,19700000
owd_uplink_ms,50.857,19800000
owd_downlink_ms,56.7629,19800000
owd_uplink_ms,36.9847,19800000
owd_downlink_ms,54.6309,19800000
prediction_position_error_mm,20.814822986721992,19800000
prediction_orientation_error_deg,0,19800000
prediction_position_error_mm,20.814822986721992,19900000
prediction_orientation_error_deg,0,19900000
owd_uplink_ms,58.5753,20000000
owd_downlink_ms,51.0024,20000000
prediction_position_error_mm,18.32643151283264,20000000
prediction_orientation_error_deg,0,20000000
prediction_position_error_mm,18.32643151283264,20100000
prediction_orientation_error_deg,0,20100000
owd_uplink_ms,44.474,20200000
owd_downlink_ms,44.2438,20200000
correction_magnitude_mm,10.280913673341274,19659348
correction_magnitude_deg,0,19659348
owd_uplink_ms,31.6288,20200000
owd_downlink_ms,25.3189,20200000
correction_magnitude_mm,8.050303906202316,19851460
correction_magnitude_deg,0,19851460
owd_uplink_ms,67.105,20200000
owd_downlink_ms,43.1199,20200000
prediction_position_error_mm,0,20200000
prediction_orientation_error_deg,0,20200000
owd_uplink_ms,70.4279,20300000
owd_downlink_ms,61.2762,20300000
prediction_position_error_mm,5.532235838472843,20300000
prediction_orientation_error_deg,0,20300000
prediction_position_error_mm,5.532235838472843,20400000
prediction_orientation_error_deg,0,20400000
owd_uplink_ms,67.5964,20500000
owd_downlink_ms,61.41,20500000
owd_uplink_ms,62.3635,20500000
owd_downlink_ms,37.1743,20500000
prediction_position_error_mm,8.348365314304829,20500000
prediction_orientation_error_deg,0,20500000
owd_uplink_ms,47.7623,20600000
owd_downlink_ms,77.5416,20600000
prediction_position_error_mm,14.080648310482502,20600000
prediction_orientation_error_deg,0,20600000
owd_uplink_ms,50.4053,20700000
owd_downlink_ms,35.1543,20700000
correction_magnitude_mm,5.532235838472843,20288978
correction_magnitude_deg,0,20288978
prediction_position_error_mm,8.549768477678299,20700000
prediction_orientation_error_deg,0,20700000
prediction_position_error_mm,8.549768477678299,20800000
prediction_orientation_error_deg,0,20800000
prediction_position_error_mm,14.417692087590694,20900000
prediction_orientation_error_deg,0,20900000
owd_uplink_ms,59.3,21000000
owd_downlink_ms,40.1105,21000000
correction_magnitude_mm,8.549768477678299,20564992
correction_magnitude_deg,0,20564992
owd_uplink_ms,66.4004,21000000
owd_downlink_ms,63.473,21000000
prediction_position_error_mm,18.014688044786453,21000000
prediction_orientation_error_deg,0,21000000
owd_uplink_ms,59.1858,21100000
owd_downlink_ms,57.2138,21100000
prediction_position_error_mm,21.13581821322441,21100000
prediction_orientation_error_deg,0,21100000
owd_uplink_ms,53.6682,21200000
owd_downlink_ms,30.9698,21200000
correction_magnitude_mm,5.8691599406301975,20830496
correction_magnitude_deg,0,20830496
prediction_position_error_mm,15.269187279045582,21200000
prediction_orientation_error_deg,0,21200000
owd_uplink_ms,46.4902,21300000
owd_downlink_ms,30.9877,21300000
correction_magnitude_mm,12.147283181548119,20911119
correction_magnitude_deg,0,20911119
owd_uplink_ms,64.422,21300000
owd_downlink_ms,50.2378,21300000
prediction_position_error_mm,9.470343589782715,21300000
prediction_orientation_error_deg,0,21300000
owd_uplink_ms,51.0515,21400000
owd_downlink_ms,83.1035,21400000
prediction_position_error_mm,12.695392593741417,21400000
prediction_orientation_error_deg,0,21400000
owd_uplink_ms,28.7673,21500000
owd_downlink_ms,50.7921,21500000
prediction_position_error_mm,12.695392593741417,21500000
prediction_orientation_error_deg,0,21500000
owd_uplink_ms,26.9279,21600000
owd_downlink_ms,25.2298,21600000
correction_magnitude_mm,9.470343589782715,21258865
correction_magnitude_deg,0,21258865
owd_uplink_ms,32.5278,21600000
owd_downlink_ms,45.3092,21600000
prediction_position_error_mm,3.2254010438919067,21600000
prediction_orientation_error_deg,0,21600000
owd_uplink_ms,71.4428,21700000
owd_downlink_ms,38.9123,21700000
prediction_position_error_mm,3.2254010438919067,21700000
prediction_orientation_error_deg,0,21700000
prediction_position_error_mm,3.2254010438919067,21800000
prediction_orientation_error_deg,0,21800000
owd_uplink_ms,69.432,21900000
owd_downlink_ms,80.1917,21900000
prediction_position_error_mm,16.46782085299492,21900000
prediction_orientation_error_deg,0,21900000
owd_uplink_ms,44.6829,22000000
owd_downlink_ms,67.1187,22000000
prediction_position_error_mm,19.863110035657883,22000000
prediction_orientation_error_deg,0,22000000
owd_uplink_ms,40.4219,22100000
owd_downlink_ms,66.6277,22100000
prediction_position_error_mm,16.63849502801895,22100000
prediction_orientation_error_deg,0,22100000
owd_uplink_ms,41.1346,22200000
owd_downlink_ms,29.0079,22200000
correction_magnitude_mm,13.242950662970543,21893273
correction_magnitude_deg,0,21893273
prediction_position_error_mm,10.289518162608147,22200000
prediction_orientation_error_deg,0,22200000
prediction_position_error_mm,13.78678623586893,22300000
prediction_orientation_error_deg,0,22300000
owd_uplink_ms,59.6703,22400000
owd_downlink_ms,43.1821,22400000
owd_uplink_ms,72.2098,22400000
owd_downlink_ms,48.4173,22400000
prediction_position_error_mm,17.31736585497856,22400000
prediction_orientation_error_deg,0,22400000
owd_uplink_ms,52.4334,22500000
owd_downlink_ms,55.7766,22500000
owd_uplink_ms,40.8396,22500000
owd_downlink_ms,28.9737,22500000
correction_magnitude_mm,10.289518162608147,22132270
correction_magnitude_deg,0,22132270
prediction_position_error_mm,10.592872276902199,22500000
prediction_orientation_error_deg,0,22500000
prediction_position_error_mm,14.190473593771458,22600000
prediction_orientation_error_deg,0,22600000
owd_uplink_ms,40.3807,22700000
owd_downlink_ms,67.5584,22700000
prediction_position_error_mm,21.48454263806343,22700000
prediction_orientation_error_deg,0,22700000
owd_uplink_ms,39.2606,22800000
owd_downlink_ms,51.2508,22800000
prediction_position_error_mm,25.412697345018387,22800000
prediction_orientation_error_deg,0,22800000
prediction_position_error_mm,29.173770919442177,22900000
prediction_orientation_error_deg,0,22900000
owd_uplink_ms,44.0563,23000000
owd_downlink_ms,46.676,23000000
correction_magnitude_mm,7.09546497091651,22484506
correction_magnitude_deg,0,22484506
prediction_position_error_mm,25.873705744743347,23000000
prediction_orientation_error_deg,0,23000000
owd_uplink_ms,38.6893,23100000
owd_downlink_ms,32.7845,23100000
correction_magnitude_mm,10.89270319789648,22677126
correction_magnitude_deg,0,22677126
owd_uplink_ms,29.3479,23100000
owd_downlink_ms,38.127,23100000
owd_uplink_ms,50.7271,23100000
owd_downlink_ms,66.7816,23100000
prediction_position_error_mm,14.982434920966625,23100000
prediction_orientation_error_deg,0,23100000
owd_uplink_ms,77.4806,23200000
owd_downlink_ms,71.9624,23200000
owd_uplink_ms,27.0169,23200000
owd_downlink_ms,33.0369,23200000
correction_magnitude_mm,7.426344323903322,22808794
correction_magnitude_deg,0,22808794
prediction_position_error_mm,7.556348107755184,23200000
prediction_orientation_error_deg,0,23200000
owd_uplink_ms,49.7336,23300000
owd_downlink_ms,60.5969,23300000
prediction_position_error_mm,19.130591303110123,23300000
prediction_orientation_error_deg,0,23300000
prediction_position_error_mm,19.130591303110123,23400000
prediction_orientation_error_deg,0,23400000
owd_uplink_ms,48.4963,23500000
owd_downlink_ms,51.3002,23500000
prediction_position_error_mm,15.368851833045483,23500000
prediction_orientation_error_deg,0,23500000
prediction_position_error_mm,19.29011195898056,23600000
prediction_orientation_error_deg,0,23600000
owd_uplink_ms,28.7938,23700000
owd_downlink_ms,66.886,23700000
prediction_position_error_mm,19.29011195898056,23700000
prediction_orientation_error_deg,0,23700000
owd_uplink_ms,36.5738,23800000
owd_downlink_ms,61.0809,23800000
prediction_position_error_mm,27.445847168564796,23800000
prediction_orientation_error_deg,0,23800000
prediction_position_error_mm,27.445847168564796,23900000
prediction_orientation_error_deg,0,23900000
prediction_position_error_mm,35.564590245485306,24000000
prediction_orientation_error_deg,0,24000000
owd_uplink_ms,39.5946,24100000
owd_downlink_ms,58.1933,24100000
correction_magnitude_mm,11.57468929886818,23427372
correction_magnitude_deg,0,23427372
owd_uplink_ms,66.9069,24100000
owd_downlink_ms,46.346,24100000
prediction_position_error_mm,32.23119676113129,24100000
prediction_orientation_error_deg,0,24100000
prediction_position_error_mm,32.23119676113129,24200000
prediction_orientation_error_deg,0,24200000
owd_uplink_ms,82.169,24300000
owd_downlink_ms,58.7784,24300000
prediction_position_error_mm,28.310343623161316,24300000
prediction_orientation_error_deg,0,24300000
owd_uplink_ms,49.4971,24400000
owd_downlink_ms,63.5493,24400000
owd_uplink_ms,58.3118,24400000
owd_downlink_ms,41.3384,24400000
correction_magnitude_mm,11.9509007781744,23968780
correction_magnitude_deg,0,23968780
prediction_position_error_mm,28.940141201019287,24400000
prediction_orientation_error_deg,0,24400000
owd_uplink_ms,46.6042,24500000
owd_downlink_ms,56.0653,24500000
prediction_position_error_mm,33.19074213504791,24500000
prediction_orientation_error_deg,0,24500000
owd_uplink_ms,62.4364,24600000
owd_downlink_ms,63.6866,24600000
prediction_position_error_mm,33.19074213504791,24600000
prediction_orientation_error_deg,0,24600000
owd_uplink_ms,46.5506,24700000
owd_downlink_ms,52.5747,24700000
correction_magnitude_mm,8.120331913232803,24089698
correction_magnitude_deg,0,24089698
owd_uplink_ms,58.1472,24700000
owd_downlink_ms,57.8515,24700000
prediction_position_error_mm,25.071443989872932,24700000
prediction_orientation_error_deg,0,24700000
owd_uplink_ms,36.967,24800000
owd_downlink_ms,57.7678,24800000
correction_magnitude_mm,8.240284398198128,24215328
correction_magnitude_deg,0,24215328
prediction_position_error_mm,16.83165319263935,24800000
prediction_orientation_error_deg,0,24800000
prediction_position_error_mm,21.110929548740387,24900000
prediction_orientation_error_deg,0,24900000
owd_uplink_ms,35.7165,25000000
owd_downlink_ms,39.2537,25000000
correction_magnitude_mm,12.580597773194313,24519749
correction_magnitude_deg,0,24519749
owd_uplink_ms,68.3084,25000000
owd_downlink_ms,54.6449,25000000
prediction_position_error_mm,17.173048108816147,25000000
prediction_orientation_error_deg,0,25000000
owd_uplink_ms,63.1327,25100000
owd_downlink_ms,39.194,25100000
prediction_position_error_mm,17.284400761127472,25100000
prediction_orientation_error_deg,0,25100000
owd_uplink_ms,36.6284,25200000
owd_downlink_ms,51.0092,25200000
prediction_position_error_mm,17.284400761127472,25200000
prediction_orientation_error_deg,0,25200000
owd_uplink_ms,49.9113,25300000
owd_downlink_ms,18.6393,25300000
correction_magnitude_mm,12.921985238790512,25051629
correction_magnitude_deg,0,25051629
owd_uplink_ms,57.5058,25300000
owd_downlink_ms,35.8654,25300000
prediction_position_error_mm,22.07961492240429,25300000
prediction_orientation_error_deg,0,25300000
owd_uplink_ms,77.544,25400000
owd_downlink_ms,62.3,25400000
prediction_position_error_mm,22.07961492240429,25400000
prediction_orientation_error_deg,0,25400000
prediction_position_error_mm,22.07961492240429,25500000
prediction_orientation_error_deg,0,25500000
owd_uplink_ms,22.1266,25600000
owd_downlink_ms,21.9774,25600000
correction_magnitude_mm,22.07961492240429,25305336
correction_magnitude_deg,0,25305336
prediction_position_error_mm,13.559374026954174,25600000
prediction_orientation_error_deg,0,25600000
owd_uplink_ms,47.8284,25700000
owd_downlink_ms,51.3682,25700000
owd_uplink_ms,59.0852,25700000
owd_downlink_ms,63.7019,25700000
prediction_position_error_mm,13.559374026954174,25700000
prediction_orientation_error_deg,0,25700000
prediction_position_error_mm,18.12896691262722,25800000
prediction_orientation_error_deg,0,25800000
owd_uplink_ms,52.1963,25900000
owd_downlink_ms,49.6931,25900000
owd_uplink_ms,59.5285,25900000
owd_downlink_ms,37.2373,25900000
prediction_position_error_mm,18.12896691262722,25900000
prediction_orientation_error_deg,0,25900000
prediction_position_error_mm,27.340620756149292,26000000
prediction_orientation_error_deg,0,26000000
owd_uplink_ms,51.1496,26100000
owd_downlink_ms,55.6074,26100000
prediction_position_error_mm,27.340620756149292,26100000
prediction_orientation_error_deg,0,26100000
owd_uplink_ms,31.307,26200000
owd_downlink_ms,55.1578,26200000
correction_magnitude_mm,13.559374026954174,25619923
correction_magnitude_deg,0,25619923
prediction_position_error_mm,13.781610876321793,26200000
prediction_orientation_error_deg,0,26200000
prediction_position_error_mm,13.781610876321793,26300000
prediction_orientation_error_deg,0,26300000
prediction_position_error_mm,18.42309907078743,26400000
prediction_orientation_error_deg,0,26400000
owd_uplink_ms,40.3305,26500000
owd_downlink_ms,41.671,26500000
correction_magnitude_mm,13.781610876321793,26021598
correction_magnitude_deg,0,26021598
owd_uplink_ms,74.1405,26500000
owd_downlink_ms,48.7748,26500000
owd_uplink_ms,68.5298,26500000
owd_downlink_ms,68.8038,26500000
owd_uplink_ms,35.1079,26500000
owd_downlink_ms,66.7057,26500000
prediction_position_error_mm,28.190195560455322,26500000
prediction_orientation_error_deg,0,26500000
owd_uplink_ms,61.5231,26600000
owd_downlink_ms,39.7183,26600000
prediction_position_error_mm,28.190195560455322,26600000
prediction_orientation_error_deg,0,26600000
prediction_position_error_mm,28.190195560455322,26700000
prediction_orientation_error_deg,0,26700000
owd_uplink_ms,61.8158,26800000
owd_downlink_ms,33.8698,26800000
prediction_position_error_mm,23.548806086182594,26800000
prediction_orientation_error_deg,0,26800000
owd_uplink_ms,62.1123,26900000
owd_downlink_ms,44.7231,26900000
correction_magnitude_mm,23.548806086182594,26445465
correction_magnitude_deg,0,26445465
prediction_position_error_mm,19.22544836997986,26900000
prediction_orientation_error_deg,0,26900000
prediction_position_error_mm,19.22544836997986,27000000
prediction_orientation_error_deg,0,27000000
owd_uplink_ms,62.9444,27100000
owd_downlink_ms,43.0217,27100000
prediction_position_error_mm,19.22544836997986,27100000
prediction_orientation_error_deg,0,27100000
owd_uplink_ms,18.2663,27200000
owd_downlink_ms,28.6579,27200000
correction_magnitude_mm,19.22544836997986,26833552
correction_magnitude_deg,0,26833552
owd_uplink_ms,24.5675,27200000
owd_downlink_ms,68.2572,27200000
prediction_position_error_mm,4.856762010604143,27200000
prediction_orientation_error_deg,0,27200000
prediction_position_error_mm,19.541369751095772,27300000
prediction_orientation_error_deg,0,27300000
owd_uplink_ms,72.2808,27400000
owd_downlink_ms,56.6805,27400000
prediction_position_error_mm,19.541369751095772,27400000
prediction_orientation_error_deg,0,27400000
owd_uplink_ms,70.2534,27500000
owd_downlink_ms,57.0955,27500000
prediction_position_error_mm,19.541369751095772,27500000
prediction_orientation_error_deg,0,27500000
prediction_position_error_mm,29.42219004034996,27600000
prediction_orientation_error_deg,0,27600000
owd_uplink_ms,53.3897,27700000
owd_downlink_ms,69.4349,27700000
prediction_position_error_mm,34.38863158226013,27700000
prediction_orientation_error_deg,0,27700000
prediction_position_error_mm,34.38863158226013,27800000
prediction_orientation_error_deg,0,27800000
owd_uplink_ms,71.8003,27900000
owd_downlink_ms,76.3746,27900000
owd_uplink_ms,27.2782,27900000
owd_downlink_ms,53.4327,27900000
correction_magnitude_mm,19.541369751095772,27304966
correction_magnitude_deg,0,27304966
owd_uplink_ms,59.7387,27900000
owd_downlink_ms,40.6627,27900000
prediction_position_error_mm,14.847622253000736,27900000
prediction_orientation_error_deg,0,27900000
owd_uplink_ms,45.5214,28000000
owd_downlink_ms,69.9752,28000000
owd_uplink_ms,71.5318,28000000
owd_downlink_ms,68.3149,28000000
prediction_position_error_mm,14.847622253000736,28000000
prediction_orientation_error_deg,0,28000000
owd_uplink_ms,37.2063,28100000
owd_downlink_ms,33.319,28100000
correction_magnitude_mm,14.847622253000736,27706829
correction_magnitude_deg,0,27706829
prediction_position_error_mm,4.983477294445038,28100000
prediction_orientation_error_deg,0,28100000
owd_uplink_ms,39.5295,28200000
owd_downlink_ms,51.2776,28200000
prediction_position_error_mm,30.138205736875534,28200000
prediction_orientation_error_deg,0,28200000
owd_uplink_ms,57.8053,28300000
owd_downlink_ms,51.4369,28300000
prediction_position_error_mm,30.138205736875534,28300000
prediction_orientation_error_deg,0,28300000
owd_uplink_ms,79.919,28400000
owd_downlink_ms,67.3929,28400000
prediction_position_error_mm,30.138205736875534,28400000
prediction_orientation_error_deg,0,28400000
prediction_position_error_mm,35.21355241537094,28500000
prediction_orientation_error_deg,0,28500000
owd_uplink_ms,25.0502,28600000
owd_downlink_ms,29.6043,28600000
correction_magnitude_mm,30.138205736875534,28219244
correction_magnitude_deg,0,28219244
prediction_position_error_mm,5.075496155768633,28600000
prediction_orientation_error_deg,0,28600000
owd_uplink_ms,44.0716,28700000
owd_downlink_ms,39.5989,28700000
prediction_position_error_mm,20.38288116455078,28700000
prediction_orientation_error_deg,0,28700000
prediction_position_error_mm,20.38288116455078,28800000
prediction_orientation_error_deg,0,28800000
owd_uplink_ms,46.7883,28900000
owd_downlink_ms,30.7434,28900000
correction_magnitude_mm,5.075496155768633,28493597
correction_magnitude_deg,0,28493597
owd_uplink_ms,61.9925,28900000
owd_downlink_ms,79.4434,28900000
prediction_position_error_mm,15.30742458999157,28900000
prediction_orientation_error_deg,0,28900000
owd_uplink_ms,72.1683,29000000
owd_downlink_ms,67.7565,29000000
prediction_position_error_mm,25.575365871191025,29000000
prediction_orientation_error_deg,0,29000000
owd_uplink_ms,61.482,29100000
owd_downlink_ms,77.6407,29100000
prediction_position_error_mm,30.72686493396759,29100000
prediction_orientation_error_deg,0,29100000
owd_uplink_ms,32.3505,29200000
owd_downlink_ms,42.6462,29200000
correction_magnitude_mm,15.30742458999157,28721150
correction_magnitude_deg,0,28721150
prediction_position_error_mm,20.58226987719536,29200000
prediction_orientation_error_deg,0,29200000
owd_uplink_ms,60.5005,29300000
owd_downlink_ms,34.9,29300000
prediction_position_error_mm,20.58226987719536,29300000
prediction_orientation_error_deg,0,29300000
owd_uplink_ms,71.1491,29400000
owd_downlink_ms,71.1443,29400000
owd_uplink_ms,44.1517,29400000
owd_downlink_ms,29.3469,29400000
correction_magnitude_mm,15.419608913362026,29070645
correction_magnitude_deg,0,29070645
prediction_position_error_mm,20.712707191705704,29400000
prediction_orientation_error_deg,0,29400000
prediction_position_error_mm,20.712707191705704,29500000
prediction_orientation_error_deg,0,29500000
owd_uplink_ms,38.1908,29600000
owd_downlink_ms,39.8808,29600000
correction_magnitude_mm,5.1626963540911674,29172758
correction_magnitude_deg,0,29172758
prediction_position_error_mm,31.183313578367233,29600000
prediction_orientation_error_deg,0,29600000
owd_uplink_ms,74.3578,29700000
owd_downlink_ms,79.6598,29700000
owd_uplink_ms,41.9445,29700000
owd_downlink_ms,66.6308,29700000
prediction_position_error_mm,31.183313578367233,29700000
prediction_orientation_error_deg,0,29700000
owd_uplink_ms,34.8102,29800000
owd_downlink_ms,30.4969,29800000
correction_magnitude_mm,15.550043433904648,29398224
correction_magnitude_deg,0,29398224
owd_uplink_ms,59.0695,29800000
owd_downlink_ms,25.7479,29800000
prediction_position_error_mm,15.633413568139076,29800000
prediction_orientation_error_deg,0,29800000
owd_uplink_ms,58.1635,29900000
owd_downlink_ms,75.0251,29900000
prediction_position_error_mm,31.337454915046692,29900000
prediction_orientation_error_deg,0,29900000
owd_uplink_ms,48.2817,30000000
owd_downlink_ms,26.6693,30000000
correction_magnitude_mm,15.633413568139076,29650635
correction_magnitude_deg,0,29650635
prediction_position_error_mm,15.70417545735836,30000000
prediction_orientation_error_deg,0,30000000
owd_uplink_ms,20.6979,30100000
owd_downlink_ms,45.0141,30100000
prediction_position_error_mm,15.70417545735836,30100000
prediction_orientation_error_deg,0,30100000
prediction_position_error_mm,31.4662903547287,30200000
prediction_orientation_error_deg,0,30200000
prediction_position_error_mm,36.73097491264343,30300000
prediction_orientation_error_deg,0,30300000
owd_uplink_ms,41.7173,30400000
owd_downlink_ms,45.0628,30400000
correction_magnitude_mm,15.70417545735836,29885213
correction_magnitude_deg,0,29885213
owd_uplink_ms,64.0153,30400000
owd_downlink_ms,76.5793,30400000
owd_uplink_ms,65.3888,30400000
owd_downlink_ms,49.6963,30400000
prediction_position_error_mm,21.026993170380592,30400000
prediction_orientation_error_deg,0,30400000
owd_uplink_ms,45.0877,30500000
owd_downlink_ms,44.9253,30500000
prediction_position_error_mm,21.026993170380592,30500000
prediction_orientation_error_deg,0,30500000
owd_uplink_ms,28.1029,30600000
owd_downlink_ms,59.9167,30600000
prediction_position_error_mm,21.026993170380592,30600000
prediction_orientation_error_deg,0,30600000
owd_uplink_ms,26.4573,30700000
owd_downlink_ms,39.1245,30700000
correction_magnitude_mm,15.762241557240486,30236700
correction_magnitude_deg,0,30236700
owd_uplink_ms,30.8381,30700000
owd_downlink_ms,34.325,30700000
correction_magnitude_mm,5.26477862149477,30341058
correction_magnitude_deg,0,30341058
prediction_position_error_mm,0,30700000
prediction_orientation_error_deg,0,30700000
prediction_position_error_mm,21.09980583190918,30800000
prediction_orientation_error_deg,0,30800000
prediction_position_error_mm,26.38251520693302,30900000
prediction_orientation_error_deg,0,30900000
owd_uplink_ms,50.9003,31000000
owd_downlink_ms,60.918,31000000
prediction_position_error_mm,26.38251520693302,31000000
prediction_orientation_error_deg,0,31000000
prediction_position_error_mm,26.38251520693302,31100000
prediction_orientation_error_deg,0,31100000
prediction_position_error_mm,36.95384040474892,31200000
prediction_orientation_error_deg,0,31200000
owd_uplink_ms,37.5342,31300000
owd_downlink_ms,37.8432,31300000
correction_magnitude_mm,21.09980583190918,30853965
correction_magnitude_deg,0,30853965
owd_uplink_ms,79.8356,31300000
owd_downlink_ms,71.9543,31300000
owd_uplink_ms,39.801,31300000
owd_downlink_ms,33.1983,31300000
correction_magnitude_mm,5.28274942189455,30935859
correction_magnitude_deg,0,30935859
owd_uplink_ms,55.0298,31300000
owd_downlink_ms,44.8692,31300000
prediction_position_error_mm,10.571461170911789,31300000
prediction_orientation_error_deg,0,31300000
prediction_position_error_mm,26.436252519488335,31400000
prediction_orientation_error_deg,0,31400000
owd_uplink_ms,66.7839,31500000
owd_downlink_ms,61.3694,31500000
prediction_position_error_mm,26.436252519488335,31500000
prediction_orientation_error_deg,0,31500000
prediction_position_error_mm,26.436252519488335,31600000
prediction_orientation_error_deg,0,31600000
owd_uplink_ms,68.5825,31700000
owd_downlink_ms,60.4666,31700000
prediction_position_error_mm,26.436252519488335,31700000
prediction_orientation_error_deg,0,31700000
owd_uplink_ms,50.084,31800000
owd_downlink_ms,54.3755,31800000
correction_magnitude_mm,10.571461170911789,31211609
correction_magnitude_deg,0,31211609
owd_uplink_ms,53.5158,31800000
owd_downlink_ms,54.9567,31800000
owd_uplink_ms,41.9144,31800000
owd_downlink_ms,37.253,31800000
correction_magnitude_mm,15.864845365285873,31407583
correction_magnitude_deg,0,31407583
prediction_position_error_mm,15.862438827753067,31800000
prediction_orientation_error_deg,0,31800000
prediction_position_error_mm,26.42953395843506,31900000
prediction_orientation_error_deg,0,31900000
prediction_position_error_mm,31.709227710962296,32000000
prediction_orientation_error_deg,0,32000000
owd_uplink_ms,41.1329,32100000
owd_downlink_ms,63.9101,32100000
prediction_position_error_mm,31.709227710962296,32100000
prediction_orientation_error_deg,0,32100000
owd_uplink_ms,71.9451,32200000
owd_downlink_ms,65.0444,32200000
prediction_position_error_mm,36.98573634028435,32200000
prediction_orientation_error_deg,0,32200000
owd_uplink_ms,34.8225,32300000
owd_downlink_ms,29.7236,32300000
correction_magnitude_mm,26.42953395843506,31921054
correction_magnitude_deg,0,31921054
prediction_position_error_mm,21.09791524708271,32300000
prediction_orientation_error_deg,0,32300000
prediction_position_error_mm,31.62083402276039,32400000
prediction_orientation_error_deg,0,32400000
owd_uplink_ms,51.5493,32500000
owd_downlink_ms,49.6645,32500000
prediction_position_error_mm,31.62083402276039,32500000
prediction_orientation_error_deg,0,32500000
owd_uplink_ms,60.1741,32600000
owd_downlink_ms,68.0094,32600000
owd_uplink_ms,73.7558,32600000
owd_downlink_ms,64.3037,32600000
owd_uplink_ms,46.7058,32600000
owd_downlink_ms,72.2928,32600000
prediction_position_error_mm,31.62083402276039,32600000
prediction_orientation_error_deg,0,32600000
owd_uplink_ms,45.3766,32700000
owd_downlink_ms,36.8015,32700000
correction_magnitude_mm,10.556314140558243,32237939
correction_magnitude_deg,0,32237939
owd_uplink_ms,39.4263,32700000
owd_downlink_ms,59.2319,32700000
prediction_position_error_mm,26.31787769496441,32700000
prediction_orientation_error_deg,0,32700000
prediction_position_error_mm,26.31787769496441,32800000
prediction_orientation_error_deg,0,32800000
prediction_position_error_mm,47.26474732160568,32900000
prediction_orientation_error_deg,0,32900000
prediction_position_error_mm,47.26474732160568,33000000
prediction_orientation_error_deg,0,33000000
owd_uplink_ms,43.3727,33100000
owd_downlink_ms,64.5918,33100000
correction_magnitude_mm,10.541624389588833,32389218
correction_magnitude_deg,0,32389218
owd_uplink_ms,33.8981,33100000
owd_downlink_ms,57.7304,33100000
correction_magnitude_mm,10.522994212806225,32519008
correction_magnitude_deg,0,32519008
prediction_position_error_mm,26.20040811598301,33100000
prediction_orientation_error_deg,0,33100000
owd_uplink_ms,66.3979,33200000
owd_downlink_ms,63.2437,33200000
prediction_position_error_mm,31.418222934007645,33200000
prediction_orientation_error_deg,0,33200000
owd_uplink_ms,60.5301,33300000
owd_downlink_ms,24.8393,33300000
correction_magnitude_mm,26.20040811598301,32970451
correction_magnitude_deg,0,32970451
owd_uplink_ms,47.6307,33300000
owd_downlink_ms,48.5312,33300000
owd_uplink_ms,80.0742,33300000
owd_downlink_ms,45.7438,33300000
prediction_position_error_mm,15.627382323145866,33300000
prediction_orientation_error_deg,0,33300000
owd_uplink_ms,33.0236,33400000
owd_downlink_ms,44.9593,33400000
owd_uplink_ms,36.5791,33400000
owd_downlink_ms,44.5366,33400000
prediction_position_error_mm,25.998778641223907,33400000
prediction_orientation_error_deg,0,33400000
owd_uplink_ms,74.9077,33500000
owd_downlink_ms,29.3829,33500000
correction_magnitude_mm,5.217855330556631,33196623
correction_magnitude_deg,0,33196623
prediction_position_error_mm,20.78094892203808,33500000
prediction_orientation_error_deg,0,33500000
prediction_position_error_mm,20.78094892203808,33600000
prediction_orientation_error_deg,0,33600000
owd_uplink_ms,21.8032,33700000
owd_downlink_ms,29.0579,33700000
correction_magnitude_mm,20.78094892203808,33405691
correction_magnitude_deg,0,33405691
prediction_position_error_mm,0,33700000
prediction_orientation_error_deg,0,33700000
owd_uplink_ms,47.9192,33800000
owd_downlink_ms,50.2163,33800000
prediction_position_error_mm,5.170232616364956,33800000
prediction_orientation_error_deg,0,33800000
owd_uplink_ms,33.6531,33900000
owd_downlink_ms,53.0029,33900000
prediction_position_error_mm,20.613092929124832,33900000
prediction_orientation_error_deg,0,33900000
owd_uplink_ms,70.3066,34000000
owd_downlink_ms,48.2837,34000000
prediction_position_error_mm,30.846964567899704,34000000
prediction_orientation_error_deg,0,34000000
prediction_position_error_mm,30.846964567899704,34100000
prediction_orientation_error_deg,0,34100000
prediction_position_error_mm,35.94404086470604,34200000
prediction_orientation_error_deg,0,34200000
prediction_position_error_mm,35.94404086470604,34300000
prediction_orientation_error_deg,0,34300000
owd_uplink_ms,75.5136,34400000
owd_downlink_ms,52.5442,34400000
correction_magnitude_mm,5.170232616364956,33776509
correction_magnitude_deg,0,33776509
owd_uplink_ms,54.0398,34400000
owd_downlink_ms,53.9917,34400000
prediction_position_error_mm,45.979954302310944,34400000
prediction_orientation_error_deg,0,34400000
owd_uplink_ms,54.5741,34500000
owd_downlink_ms,58.0176,34500000
correction_magnitude_mm,15.44287335127592,33880754
correction_magnitude_deg,0,33880754
prediction_position_error_mm,30.537264421582222,34500000
prediction_orientation_error_deg,0,34500000
owd_uplink_ms,53.7403,34600000
owd_downlink_ms,54.2886,34600000
correction_magnitude_mm,10.233927518129349,33981440
correction_magnitude_deg,0,33981440
owd_uplink_ms,34.3127,34600000
owd_downlink_ms,61.8583,34600000
prediction_position_error_mm,20.30338905751705,34600000
prediction_orientation_error_deg,0,34600000
owd_uplink_ms,30,34700000
owd_downlink_ms,57.0721,34700000
prediction_position_error_mm,20.30338905751705,34700000
prediction_orientation_error_deg,0,34700000
owd_uplink_ms,36.3354,34800000
owd_downlink_ms,47.1049,34800000
correction_magnitude_mm,5.097123794257641,34263173
correction_magnitude_deg,0,34263173
prediction_position_error_mm,15.20627923309803,34800000
prediction_orientation_error_deg,0,34800000
prediction_position_error_mm,15.20627923309803,34900000
prediction_orientation_error_deg,0,34900000
owd_uplink_ms,81.6078,35000000
owd_downlink_ms,54.6984,35000000
correction_magnitude_mm,15.20627923309803,34429536
correction_magnitude_deg,0,34429536
prediction_position_error_mm,5.038795527070761,35000000
prediction_orientation_error_deg,0,35000000
owd_uplink_ms,31.3721,35100000
owd_downlink_ms,58.557,35100000
prediction_position_error_mm,29.98681366443634,35100000
prediction_orientation_error_deg,0,35100000
owd_uplink_ms,76.5131,35200000
owd_downlink_ms,40.6331,35200000
owd_uplink_ms,74.5319,35200000
owd_downlink_ms,40.3392,35200000
prediction_position_error_mm,29.98681366443634,35200000
prediction_orientation_error_deg,0,35200000
prediction_position_error_mm,29.98681366443634,35300000
prediction_orientation_error_deg,0,35300000
prediction_position_error_mm,39.842382073402405,35400000
prediction_orientation_error_deg,0,35400000
prediction_position_error_mm,39.842382073402405,35500000
prediction_orientation_error_deg,0,35500000
owd_uplink_ms,33.7068,35600000
owd_downlink_ms,43.7213,35600000
correction_magnitude_mm,29.98681366443634,35088445
correction_magnitude_deg,0,35088445
owd_uplink_ms,58.6042,35600000
owd_downlink_ms,29.6554,35600000
owd_uplink_ms,67.3952,35600000
owd_downlink_ms,52.4174,35600000
prediction_position_error_mm,24.495083838701248,35600000
prediction_orientation_error_deg,0,35600000
owd_uplink_ms,65.419,35700000
owd_downlink_ms,69.6606,35700000
prediction_position_error_mm,29.33463081717491,35700000
prediction_orientation_error_deg,0,35700000
owd_uplink_ms,59.9365,35800000
owd_downlink_ms,60.9474,35800000
owd_uplink_ms,71.2448,35800000
owd_downlink_ms,65.3212,35800000
prediction_position_error_mm,29.33463081717491,35800000
prediction_orientation_error_deg,0,35800000
prediction_position_error_mm,29.33463081717491,35900000
prediction_orientation_error_deg,0,35900000
owd_uplink_ms,26.2618,36000000
owd_downlink_ms,30.6748,36000000
correction_magnitude_mm,29.33463081717491,35638218
correction_magnitude_deg,0,35638218
prediction_position_error_mm,19.14471946656704,36000000
prediction_orientation_error_deg,0,36000000
owd_uplink_ms,44.6728,36100000
owd_downlink_ms,64.1339,36100000
prediction_position_error_mm,19.14471946656704,36100000
prediction_orientation_error_deg,0,36100000
owd_uplink_ms,58.7466,36200000
owd_downlink_ms,46.68,36200000
prediction_position_error_mm,23.875266313552856,36200000
prediction_orientation_error_deg,0,36200000
owd_uplink_ms,65.6099,36300000
owd_downlink_ms,65.7497,36300000
owd_uplink_ms,38.3962,36300000
owd_downlink_ms,32.8893,36300000
correction_magnitude_mm,19.14471946656704,35940754
correction_magnitude_deg,0,35940754
owd_uplink_ms,50.8147,36300000
owd_downlink_ms,63.4627,36300000
prediction_position_error_mm,4.730564076453447,36300000
prediction_orientation_error_deg,0,36300000
owd_uplink_ms,24.2309,36400000
owd_downlink_ms,35.4632,36400000
owd_uplink_ms,32.0182,36400000
owd_downlink_ms,71.2127,36400000
prediction_position_error_mm,4.730564076453447,36400000
prediction_orientation_error_deg,0,36400000
prediction_position_error_mm,14.121729880571365,36500000
prediction_orientation_error_deg,0,36500000
owd_uplink_ms,53.7938,36600000
owd_downlink_ms,48.9036,36600000
prediction_position_error_mm,23.416675627231598,36600000
prediction_orientation_error_deg,0,36600000
prediction_position_error_mm,23.416675627231598,36700000
prediction_orientation_error_deg,0,36700000
prediction_position_error_mm,23.416675627231598,36800000
prediction_orientation_error_deg,0,36800000
owd_uplink_ms,69.9917,36900000
owd_downlink_ms,43.8146,36900000
owd_uplink_ms,32.8429,36900000
owd_downlink_ms,64.2324,36900000
prediction_position_error_mm,18.68613064289093,36900000
prediction_orientation_error_deg,0,36900000
owd_uplink_ms,38.028,37000000
owd_downlink_ms,32.3359,37000000
correction_magnitude_mm,18.68613064289093,36612885
correction_magnitude_deg,0,36612885
prediction_position_error_mm,22.793510928750038,37000000
prediction_orientation_error_deg,0,37000000
owd_uplink_ms,48.2435,37100000
owd_downlink_ms,56.3155,37100000
prediction_position_error_mm,22.793510928750038,37100000
prediction_orientation_error_deg,0,37100000
prediction_position_error_mm,27.27261558175087,37200000
prediction_orientation_error_deg,0,37200000
owd_uplink_ms,64.0921,37300000
owd_downlink_ms,41.994,37300000
prediction_position_error_mm,31.72418475151062,37300000
prediction_orientation_error_deg,0,37300000
owd_uplink_ms,40.9194,37400000
owd_downlink_ms,34.3313,37400000
correction_magnitude_mm,22.793510928750038,36987117
correction_magnitude_deg,0,36987117
prediction_position_error_mm,8.930732496082783,37400000
prediction_orientation_error_deg,0,37400000
owd_uplink_ms,71.984,37500000
owd_downlink_ms,72.6957,37500000
owd_uplink_ms,62.6829,37500000
owd_downlink_ms,45.8122,37500000
owd_uplink_ms,57.3199,37500000
owd_downlink_ms,38.2566,37500000
owd_uplink_ms,23.6353,37500000
owd_downlink_ms,46.9749,37500000
owd_uplink_ms,44.9702,37500000
owd_downlink_ms,40.0916,37500000
prediction_position_error_mm,8.930732496082783,37500000
prediction_orientation_error_deg,0,37500000
owd_uplink_ms,30.5223,37600000
owd_downlink_ms,29.8838,37600000
correction_magnitude_mm,8.930732496082783,37265370
correction_magnitude_deg,0,37265370
prediction_position_error_mm,13.185468502342701,37600000
prediction_orientation_error_deg,0,37600000
owd_uplink_ms,35.8686,37700000
owd_downlink_ms,43.7478,37700000
prediction_position_error_mm,13.185468502342701,37700000
prediction_orientation_error_deg,0,37700000
prediction_position_error_mm,17.522774636745453,37800000
prediction_orientation_error_deg,0,37800000
owd_uplink_ms,31.255,37900000
owd_downlink_ms,26.3116,37900000
correction_magnitude_mm,13.185468502342701,37569041
correction_magnitude_deg,0,37569041
prediction_position_error_mm,4.337315447628498,37900000
prediction_orientation_error_deg,0,37900000
prediction_position_error_mm,12.922674417495728,38000000
prediction_orientation_error_deg,0,38000000
prediction_position_error_mm,21.386248990893364,38100000
prediction_orientation_error_deg,0,38100000
owd_uplink_ms,46.1028,38200000
owd_downlink_ms,40.7263,38200000
prediction_position_error_mm,17.048951238393784,38200000
prediction_orientation_error_deg,0,38200000
prediction_position_error_mm,29.50902469456196,38300000
prediction_orientation_error_deg,0,38300000
owd_uplink_ms,63.1477,38400000
owd_downlink_ms,67.602,38400000
owd_uplink_ms,40.0567,38400000
owd_downlink_ms,37.8914,38400000
correction_magnitude_mm,8.585363626480103,37965183
correction_magnitude_deg,0,37965183
prediction_position_error_mm,20.92372067272663,38400000
prediction_orientation_error_deg,0,38400000
owd_uplink_ms,63.4785,38500000
owd_downlink_ms,44.8689,38500000
correction_magnitude_mm,8.463599719107151,38041921
correction_magnitude_deg,0,38041921
prediction_position_error_mm,12.46014703065157,38500000
prediction_orientation_error_deg,0,38500000
owd_uplink_ms,63.794,38600000
owd_downlink_ms,81.6865,38600000
prediction_position_error_mm,12.46014703065157,38600000
prediction_orientation_error_deg,0,38600000
owd_uplink_ms,36.484,38700000
owd_downlink_ms,59.696,38700000
prediction_position_error_mm,24.628378450870514,38700000
prediction_orientation_error_deg,0,38700000
owd_uplink_ms,60.1628,38800000
owd_downlink_ms,46.9423,38800000
correction_magnitude_mm,12.46014703065157,38276778
correction_magnitude_deg,0,38276778
prediction_position_error_mm,16.157688573002815,38800000
prediction_orientation_error_deg,0,38800000
prediction_position_error_mm,16.157688573002815,38900000
prediction_orientation_error_deg,0,38900000
owd_uplink_ms,63.563,39000000
owd_downlink_ms,37.9996,39000000
owd_uplink_ms,23.294,39000000
owd_downlink_ms,65.1041,39000000
prediction_position_error_mm,16.157688573002815,39000000
prediction_orientation_error_deg,0,39000000
owd_uplink_ms,32.0557,39100000
owd_downlink_ms,33.4021,39100000
correction_magnitude_mm,12.16827891767025,38698770
correction_magnitude_deg,0,38698770
owd_uplink_ms,65.3852,39100000
owd_downlink_ms,55.0285,39100000
prediction_position_error_mm,19.60364729166031,39100000
prediction_orientation_error_deg,0,39100000
prediction_position_error_mm,19.60364729166031,39200000
prediction_orientation_error_deg,0,39200000
owd_uplink_ms,51.0183,39300000
owd_downlink_ms,55.8909,39300000
prediction_position_error_mm,19.60364729166031,39300000
prediction_orientation_error_deg,0,39300000
prediction_position_error_mm,19.60364729166031,39400000
prediction_orientation_error_deg,0,39400000
owd_uplink_ms,40.248,39500000
owd_downlink_ms,60.1304,39500000
owd_uplink_ms,33.8026,39500000
owd_downlink_ms,37.5168,39500000
correction_magnitude_mm,15.614246018230915,39121411
correction_magnitude_deg,0,39121411
prediction_position_error_mm,15.046997927129269,39500000
prediction_orientation_error_deg,0,39500000
owd_uplink_ms,67.2323,39600000
owd_downlink_ms,63.2189,39600000
prediction_position_error_mm,15.046997927129269,39600000
prediction_orientation_error_deg,0,39600000
prediction_position_error_mm,15.046997927129269,39700000
prediction_orientation_error_deg,0,39700000
owd_uplink_ms,56.2437,39800000
owd_downlink_ms,58.9562,39800000
owd_uplink_ms,35.1108,39800000
owd_downlink_ms,61.5328,39800000
prediction_position_error_mm,15.046997927129269,39800000
prediction_orientation_error_deg,0,39800000
prediction_position_error_mm,15.046997927129269,39900000
prediction_orientation_error_deg,0,39900000
owd_uplink_ms,57.165,40000000
owd_downlink_ms,34.2946,40000000
correction_magnitude_mm,15.046997927129269,39624223
correction_magnitude_deg,0,39624223
owd_uplink_ms,35.9249,40000000
owd_downlink_ms,45.8347,40000000
prediction_position_error_mm,3.6704016383737326,40000000
prediction_orientation_error_deg,0,40000000
owd_uplink_ms,32.8477,40100000
owd_downlink_ms,50.1407,40100000
prediction_position_error_mm,3.6704016383737326,40100000
prediction_orientation_error_deg,0,40100000
owd_uplink_ms,77.959,40200000
owd_downlink_ms,65.7507,40200000
prediction_position_error_mm,21.456802263855934,40200000
prediction_orientation_error_deg,0,40200000
owd_uplink_ms,64.1645,40300000
owd_downlink_ms,72.764,40300000
prediction_position_error_mm,21.456802263855934,40300000
prediction_orientation_error_deg,0,40300000
prediction_position_error_mm,31.663987785577774,40400000
prediction_orientation_error_deg,0,40400000
prediction_position_error_mm,34.986939281225204,40500000
prediction_orientation_error_deg,0,40500000
owd_uplink_ms,71.8746,40600000
owd_downlink_ms,26.3618,40600000
correction_magnitude_mm,21.456802263855934,40296823
correction_magnitude_deg,0,40296823
prediction_position_error_mm,13.53039313107729,40600000
prediction_orientation_error_deg,0,40600000
owd_uplink_ms,60.292,40700000
owd_downlink_ms,61.5056,40700000
owd_uplink_ms,39.1953,40700000
owd_downlink_ms,43.16,40700000
owd_uplink_ms,36.643,40700000
owd_downlink_ms,24.8708,40700000
correction_magnitude_mm,10.207358747720718,40388580
correction_magnitude_deg,0,40388580
prediction_position_error_mm,3.3230483531951904,40700000
prediction_orientation_error_deg,0,40700000
owd_uplink_ms,72.65,40800000
owd_downlink_ms,42.1708,40800000
prediction_position_error_mm,3.3230483531951904,40800000
prediction_orientation_error_deg,0,40800000
owd_uplink_ms,19.9285,40900000
owd_downlink_ms,48.3681,40900000
owd_uplink_ms,27.882,40900000
owd_downlink_ms,38.3945,40900000
prediction_position_error_mm,9.726643562316895,40900000
prediction_orientation_error_deg,0,40900000
owd_uplink_ms,77.7615,41000000
owd_downlink_ms,71.3119,41000000
prediction_position_error_mm,9.726643562316895,41000000
prediction_orientation_error_deg,0,41000000
owd_uplink_ms,56.6809,41100000
owd_downlink_ms,71.6522,41100000
prediction_position_error_mm,19.08290386199951,41100000
prediction_orientation_error_deg,0,41100000
prediction_position_error_mm,19.08290386199951,41200000
prediction_orientation_error_deg,0,41200000
owd_uplink_ms,53.8776,41300000
owd_downlink_ms,72.8436,41300000
prediction_position_error_mm,25.110676884651184,41300000
prediction_orientation_error_deg,0,41300000
prediction_position_error_mm,25.110676884651184,41400000
prediction_orientation_error_deg,0,41400000
owd_uplink_ms,40.5197,41500000
owd_downlink_ms,54.2902,41500000
correction_magnitude_mm,9.726643562316895,40950744
correction_magnitude_deg,0,40950744
prediction_position_error_mm,21.241595968604088,41500000
prediction_orientation_error_deg,0,41500000
owd_uplink_ms,25.8639,41600000
owd_downlink_ms,23.5909,41600000
correction_magnitude_mm,15.3841907158494,41347902
correction_magnitude_deg,0,41347902
prediction_position_error_mm,5.857506766915321,41600000
prediction_orientation_error_deg,0,41600000
owd_uplink_ms,33.0822,41700000
owd_downlink_ms,48.1262,41700000
prediction_position_error_mm,5.857506766915321,41700000
prediction_orientation_error_deg,0,41700000
prediction_position_error_mm,5.857506766915321,41800000
prediction_orientation_error_deg,0,41800000
owd_uplink_ms,28.396,41900000
owd_downlink_ms,24.0816,41900000
correction_magnitude_mm,5.857506766915321,41561312
correction_magnitude_deg,0,41561312
owd_uplink_ms,84.9263,41900000
owd_downlink_ms,65.649,41900000
owd_uplink_ms,73.4158,41900000
owd_downlink_ms,69.443,41900000
prediction_position_error_mm,8.462048135697842,41900000
prediction_orientation_error_deg,0,41900000
owd_uplink_ms,62.1566,42000000
owd_downlink_ms,64.2055,42000000
owd_uplink_ms,66.2855,42000000
owd_downlink_ms,51.7881,42000000
prediction_position_error_mm,8.462048135697842,42000000
prediction_orientation_error_deg,0,42000000
owd_uplink_ms,65.4948,42100000
owd_downlink_ms,41.1463,42100000
owd_uplink_ms,39.2098,42100000
owd_downlink_ms,54.6219,42100000
prediction_position_error_mm,8.462048135697842,42100000
prediction_orientation_error_deg,0,42100000
prediction_position_error_mm,13.884101994335651,42200000
prediction_orientation_error_deg,0,42200000
owd_uplink_ms,39.9606,42300000
owd_downlink_ms,34.7314,42300000
correction_magnitude_mm,8.462048135697842,41923077
correction_magnitude_deg,0,41923077
prediction_position_error_mm,13.221312314271927,42300000
prediction_orientation_error_deg,0,42300000
owd_uplink_ms,53.3068,42400000
owd_downlink_ms,43.2661,42400000
prediction_position_error_mm,13.221312314271927,42400000
prediction_orientation_error_deg,0,42400000
prediction_position_error_mm,13.221312314271927,42500000
prediction_orientation_error_deg,0,42500000
owd_uplink_ms,61.3708,42600000
owd_downlink_ms,46.1673,42600000
prediction_position_error_mm,13.221312314271927,42600000
prediction_orientation_error_deg,0,42600000
owd_uplink_ms,47.1646,42700000
owd_downlink_ms,47.3088,42700000
correction_magnitude_mm,5.4221078753471375,42191703
correction_magnitude_deg,0,42191703
prediction_position_error_mm,12.773334048688412,42700000
prediction_orientation_error_deg,0,42700000
owd_uplink_ms,24.8703,42800000
owd_downlink_ms,44.7031,42800000
correction_magnitude_mm,7.799264043569565,42316494
correction_magnitude_deg,0,42316494
prediction_position_error_mm,12.092622928321362,42800000
prediction_orientation_error_deg,0,42800000
owd_uplink_ms,75.8231,42900000
owd_downlink_ms,43.3027,42900000
prediction_position_error_mm,14.373204670846462,42900000
prediction_orientation_error_deg,0,42900000
prediction_position_error_mm,14.373204670846462,43000000
prediction_orientation_error_deg,0,43000000
owd_uplink_ms,54.2651,43100000
owd_downlink_ms,37.1826,43100000
owd_uplink_ms,49.7031,43100000
owd_downlink_ms,69.2835,43100000
prediction_position_error_mm,9.399189613759518,43100000
prediction_orientation_error_deg,0,43100000
owd_uplink_ms,27.4719,43200000
owd_downlink_ms,30.8654,43200000
correction_magnitude_mm,9.399189613759518,42883209
correction_magnitude_deg,0,42883209
prediction_position_error_mm,0,43200000
prediction_orientation_error_deg,0,43200000
prediction_position_error_mm,4.421742167323828,43300000
prediction_orientation_error_deg,0,43300000
owd_uplink_ms,67.6113,43400000
owd_downlink_ms,71.8517,43400000
owd_uplink_ms,45.8295,43400000
owd_downlink_ms,63.7156,43400000
prediction_position_error_mm,4.421742167323828,43400000
prediction_orientation_error_deg,0,43400000
prediction_position_error_mm,10.702534578740597,43500000
prediction_orientation_error_deg,0,43500000
owd_uplink_ms,26.9984,43600000
owd_downlink_ms,64.2874,43600000
prediction_position_error_mm,10.702534578740597,43600000
prediction_orientation_error_deg,0,43600000
owd_uplink_ms,50.9785,43700000
owd_downlink_ms,29.8578,43700000
prediction_position_error_mm,12.13530171662569,43700000
prediction_orientation_error_deg,0,43700000
owd_uplink_ms,55.8791,43800000
owd_downlink_ms,39.3604,43800000
prediction_position_error_mm,12.13530171662569,43800000
prediction_orientation_error_deg,0,43800000
owd_uplink_ms,34.7211,43900000
owd_downlink_ms,29.7514,43900000
correction_magnitude_mm,6.280897185206413,43504215
correction_magnitude_deg,0,43504215
owd_uplink_ms,72.3429,43900000
owd_downlink_ms,77.9868,43900000
owd_uplink_ms,71.7574,43900000
owd_downlink_ms,68.548,43900000
prediction_position_error_mm,5.854629445821047,43900000
prediction_orientation_error_deg,0,43900000
owd_uplink_ms,25.8606,44000000
owd_downlink_ms,26.2515,44000000
correction_magnitude_mm,5.854629445821047,43700691
correction_magnitude_deg,0,43700691
prediction_position_error_mm,3.664183197543025,44000000
prediction_orientation_error_deg,0,44000000
prediction_position_error_mm,7.135835476219654,44100000
prediction_orientation_error_deg,0,44100000
owd_uplink_ms,75.1042,44200000
owd_downlink_ms,45.4601,44200000
prediction_position_error_mm,7.135835476219654,44200000
prediction_orientation_error_deg,0,44200000
owd_uplink_ms,50.8446,44300000
owd_downlink_ms,66.5038,44300000
prediction_position_error_mm,8.799128234386444,44300000
prediction_orientation_error_deg,0,44300000
owd_uplink_ms,31.8856,44400000
owd_downlink_ms,38.9116,44400000
owd_uplink_ms,57.8365,44400000
owd_downlink_ms,59.0903,44400000
prediction_position_error_mm,6.749978754669428,44400000
prediction_orientation_error_deg,0,44400000
owd_uplink_ms,35.1238,44500000
owd_downlink_ms,66.7885,44500000
owd_uplink_ms,45.7017,44500000
owd_downlink_ms,46.4393,44500000
prediction_position_error_mm,9.833727963268757,44500000
prediction_orientation_error_deg,0,44500000
prediction_position_error_mm,9.833727963268757,44600000
prediction_orientation_error_deg,0,44600000
prediction_position_error_mm,9.833727963268757,44700000
prediction_orientation_error_deg,0,44700000
owd_uplink_ms,28.4871,44800000
owd_downlink_ms,54.5369,44800000
prediction_position_error_mm,6.362338550388813,44800000
prediction_orientation_error_deg,0,44800000
owd_uplink_ms,52.0218,44900000
owd_downlink_ms,22.114,44900000
correction_magnitude_mm,6.362338550388813,44629240
correction_magnitude_deg,0,44629240
owd_uplink_ms,40.8459,44900000
owd_downlink_ms,70.2517,44900000
prediction_position_error_mm,5.583062767982483,44900000
prediction_orientation_error_deg,0,44900000
owd_uplink_ms,36.161,45000000
owd_downlink_ms,34.4762,45000000
prediction_position_error_mm,5.583062767982483,45000000
prediction_orientation_error_deg,0,45000000
owd_uplink_ms,43.8653,45100000
owd_downlink_ms,62.9015,45100000
owd_uplink_ms,49.7799,45100000
owd_downlink_ms,57.9957,45100000
prediction_position_error_mm,5.583062767982483,45100000
prediction_orientation_error_deg,0,45100000
owd_uplink_ms,31.1271,45200000
owd_downlink_ms,15.5635,45200000
correction_magnitude_mm,5.583062767982483,44978500
correction_magnitude_deg,0,44978500
prediction_position_error_mm,0,45200000
prediction_orientation_error_deg,0,45200000
prediction_position_error_mm,0,45300000
prediction_orientation_error_deg,0,45300000
prediction_position_error_mm,2.498492831364274,45400000
prediction_orientation_error_deg,0,45400000
owd_uplink_ms,55.5398,45500000
owd_downlink_ms,27.4457,45500000
prediction_position_error_mm,2.498492831364274,45500000
prediction_orientation_error_deg,0,45500000
prediction_position_error_mm,3.674356499686837,45600000
prediction_orientation_error_deg,0,45600000
owd_uplink_ms,62.1202,45700000
owd_downlink_ms,23.5372,45700000
owd_uplink_ms,67.7379,45700000
owd_downlink_ms,64.5863,45700000
prediction_position_error_mm,4.410938359797001,45700000
prediction_orientation_error_deg,0,45700000
prediction_position_error_mm,6.323807407170534,45800000
prediction_orientation_error_deg,0,45800000
owd_uplink_ms,64.1561,45900000
owd_downlink_ms,75.9526,45900000
prediction_position_error_mm,6.323807407170534,45900000
prediction_orientation_error_deg,0,45900000
owd_uplink_ms,50.6394,46000000
owd_downlink_ms,54.638,46000000
prediction_position_error_mm,6.323807407170534,46000000
prediction_orientation_error_deg,0,46000000
owd_uplink_ms,46.8491,46100000
owd_downlink_ms,33.9727,46100000
prediction_position_error_mm,5.165708251297474,46100000
prediction_orientation_error_deg,0,46100000
prediction_position_error_mm,5.165708251297474,46200000
prediction_orientation_error_deg,0,46200000
owd_uplink_ms,62.1627,46300000
owd_downlink_ms,53.2438,46300000
prediction_position_error_mm,5.165708251297474,46300000
prediction_orientation_error_deg,0,46300000
owd_uplink_ms,26.029,46400000
owd_downlink_ms,24.8117,46400000
correction_magnitude_mm,5.165708251297474,46067450
correction_magnitude_deg,0,46067450
owd_uplink_ms,65.7452,46400000
owd_downlink_ms,73.8581,46400000
prediction_position_error_mm,1.347396639175713,46400000
prediction_orientation_error_deg,0,46400000
owd_uplink_ms,39.7028,46500000
owd_downlink_ms,60.6619,46500000
owd_uplink_ms,72.2866,46500000
owd_downlink_ms,53.8826,46500000
prediction_position_error_mm,1.347396639175713,46500000
prediction_orientation_error_deg,0,46500000
owd_uplink_ms,48.0756,46600000
owd_downlink_ms,75.4559,46600000
prediction_position_error_mm,2.513993764296174,46600000
prediction_orientation_error_deg,0,46600000
owd_uplink_ms,49.5751,46700000
owd_downlink_ms,31.8382,46700000
prediction_position_error_mm,2.513993764296174,46700000
prediction_orientation_error_deg,0,46700000
owd_uplink_ms,67.5563,46800000
owd_downlink_ms,44.0687,46800000
owd_uplink_ms,46.3452,46800000
owd_downlink_ms,63.0837,46800000
prediction_position_error_mm,3.5058348439633846,46800000
prediction_orientation_error_deg,0,46800000
prediction_position_error_mm,3.5058348439633846,46900000
prediction_orientation_error_deg,0,46900000
owd_uplink_ms,35.0232,47000000
owd_downlink_ms,54.4777,47000000
prediction_position_error_mm,2.166022313758731,47000000
prediction_orientation_error_deg,0,47000000
owd_uplink_ms,32.996,47100000
owd_downlink_ms,27.328,47100000
prediction_position_error_mm,0.8497461094520986,47100000
prediction_orientation_error_deg,0,47100000
prediction_position_error_mm,1.5678891213610768,47200000
prediction_orientation_error_deg,0,47200000
owd_uplink_ms,38.962,47300000
owd_downlink_ms,62.9133,47300000
prediction_position_error_mm,1.8856390379369259,47300000
prediction_orientation_error_deg,0,47300000
prediction_position_error_mm,1.8856390379369259,47400000
prediction_orientation_error_deg,0,47400000
owd_uplink_ms,78.2636,47500000
owd_downlink_ms,73.8538,47500000
prediction_position_error_mm,2.4592478293925524,47500000
prediction_orientation_error_deg,0,47500000
owd_uplink_ms,36.9079,47600000
owd_downlink_ms,20.3133,47600000
prediction_position_error_mm,0.6328445742838085,47600000
prediction_orientation_error_deg,0,47600000
owd_uplink_ms,76.5465,47700000
owd_downlink_ms,56.4368,47700000
owd_uplink_ms,43.7328,47700000
owd_downlink_ms,55.5423,47700000
owd_uplink_ms,76.6683,47700000
owd_downlink_ms,77.7437,47700000
prediction_position_error_mm,1.5995192807167768,47700000
prediction_orientation_error_deg,0,47700000
prediction_position_error_mm,1.5995192807167768,47800000
prediction_orientation_error_deg,0,47800000
owd_uplink_ms,34.354,47900000
owd_downlink_ms,57.622,47900000
owd_uplink_ms,76.9655,47900000
owd_downlink_ms,57.7853,47900000
prediction_position_error_mm,2.3276866413652897,47900000
prediction_orientation_error_deg,0,47900000
prediction_position_error_mm,2.3276866413652897,48000000
prediction_orientation_error_deg,0,48000000
owd_uplink_ms,52.9779,48100000
owd_downlink_ms,67.9187,48100000
owd_uplink_ms,41.3481,48100000
owd_downlink_ms,51.7085,48100000
prediction_position_error_mm,1.7623779131099582,48100000
prediction_orientation_error_deg,0,48100000
owd_uplink_ms,52.0071,48200000
owd_downlink_ms,25.7366,48200000
owd_uplink_ms,63.986,48200000
owd_downlink_ms,48.7925,48200000
prediction_position_error_mm,0.9264150867238641,48200000
prediction_orientation_error_deg,0,48200000
prediction_position_error_mm,0.9264150867238641,48300000
prediction_orientation_error_deg,0,48300000
owd_uplink_ms,31.4517,48400000
owd_downlink_ms,61.7118,48400000
owd_uplink_ms,45.3642,48400000
owd_downlink_ms,36.0832,48400000
owd_uplink_ms,45.0198,48400000
owd_downlink_ms,66.0308,48400000
prediction_position_error_mm,0.9264150867238641,48400000
prediction_orientation_error_deg,0,48400000
prediction_position_error_mm,1.4476684154942632,48500000
prediction_orientation_error_deg,0,48500000
owd_uplink_ms,32.1492,48600000
owd_downlink_ms,54.2009,48600000
prediction_position_error_mm,3.262951737269759,48600000
prediction_orientation_error_deg,0,48600000
prediction_position_error_mm,3.262951737269759,48700000
prediction_orientation_error_deg,0,48700000
owd_uplink_ms,59.1429,48800000
owd_downlink_ms,27.0543,48800000
prediction_position_error_mm,1.826701802201569,48800000
prediction_orientation_error_deg,0,48800000
owd_uplink_ms,35.9431,48900000
owd_downlink_ms,22.8362,48900000
owd_uplink_ms,36.3529,48900000
owd_downlink_ms,65.0066,48900000
prediction_position_error_mm,1.4454553602263331,48900000
prediction_orientation_error_deg,0,48900000
prediction_position_error_mm,3.9654355496168137,49000000
prediction_orientation_error_deg,0,49000000
owd_uplink_ms,56.2926,49100000
owd_downlink_ms,37.2629,49100000
prediction_position_error_mm,3.9654355496168137,49100000
prediction_orientation_error_deg,0,49100000
owd_uplink_ms,46.7702,49200000
owd_downlink_ms,23.5856,49200000
owd_uplink_ms,63.4937,49200000
owd_downlink_ms,75.0295,49200000
prediction_position_error_mm,3.458406077697873,49200000
prediction_orientation_error_deg,0,49200000
owd_uplink_ms,62.2069,49300000
owd_downlink_ms,52.5772,49300000
prediction_position_error_mm,3.458406077697873,49300000
prediction_orientation_error_deg,0,49300000
owd_uplink_ms,29.5699,49400000
owd_downlink_ms,37.8787,49400000
prediction_position_error_mm,0.9369273320771754,49400000
prediction_orientation_error_deg,0,49400000
owd_uplink_ms,38.9722,49500000
owd_downlink_ms,27.0292,49500000
prediction_position_error_mm,2.0194780081510544,49500000
prediction_orientation_error_deg,0,49500000
prediction_position_error_mm,2.0194780081510544,49600000
prediction_orientation_error_deg,0,49600000
owd_uplink_ms,55.3158,49700000
owd_downlink_ms,76.2672,49700000
owd_uplink_ms,56.8484,49700000
owd_downlink_ms,48.2999,49700000
prediction_position_error_mm,5.414413288235664,49700000
prediction_orientation_error_deg,0,49700000
owd_uplink_ms,47.2236,49800000
owd_downlink_ms,30.524,49800000
prediction_position_error_mm,4.625566769391298,49800000
prediction_orientation_error_deg,0,49800000
owd_uplink_ms,69.6605,49900000
owd_downlink_ms,54.0229,49900000
prediction_position_error_mm,5.904410500079393,49900000
prediction_orientation_error_deg,0,49900000
prediction_position_error_mm,5.904410500079393,50000000
prediction_orientation_error_deg,0,50000000
