name,value,ticks
prediction_position_error_mm,0,100000
prediction_orientation_error_deg,0,100000
prediction_position_error_mm,0,200000
prediction_orientation_error_deg,0,200000
prediction_position_error_mm,0,300000
prediction_orientation_error_deg,0,300000
prediction_position_error_mm,0,400000
prediction_orientation_error_deg,0,400000
prediction_position_error_mm,0,500000
prediction_orientation_error_deg,0,500000
prediction_position_error_mm,0,600000
prediction_orientation_error_deg,0,600000
prediction_position_error_mm,1300.0023365020752,700000
prediction_orientation_error_deg,0,700000
prediction_position_error_mm,1300.0091314315796,800000
prediction_orientation_error_deg,0,800000
prediction_position_error_mm,1300.0091314315796,900000
prediction_orientation_error_deg,0,900000
prediction_position_error_mm,1300.020456314087,1000000
prediction_orientation_error_deg,0,1000000
prediction_position_error_mm,1300.0361919403076,1100000
prediction_orientation_error_deg,0,1100000
prediction_position_error_mm,1300.0812530517578,1200000
prediction_orientation_error_deg,0,1200000
owd_uplink_ms,50.3511,1300000
owd_downlink_ms,50.3512,1300000
correction_magnitude_mm,1300.0023365020752,704241
correction_magnitude_deg,0,704241
owd_uplink_ms,50.4335,1300000
owd_downlink_ms,50.3759,1300000
prediction_position_error_mm,29.973581433296204,1300000
prediction_orientation_error_deg,0,1300000
owd_uplink_ms,49.4839,1400000
owd_downlink_ms,49.7847,1400000
prediction_position_error_mm,27.583422139286995,1400000
prediction_orientation_error_deg,0,1400000
owd_uplink_ms,50.2956,1500000
owd_downlink_ms,48.8437,1500000
correction_magnitude_mm,8.201821707189083,1002729
correction_magnitude_deg,0,1002729
prediction_position_error_mm,34.326277673244476,1500000
prediction_orientation_error_deg,0,1500000
prediction_position_error_mm,34.05261039733887,1600000
prediction_orientation_error_deg,0,1600000
owd_uplink_ms,51.0887,1700000
owd_downlink_ms,49.9534,1700000
correction_magnitude_mm,10.468635708093643,1101309
correction_magnitude_deg,0,1101309
prediction_position_error_mm,38.68493437767029,1700000
prediction_orientation_error_deg,0,1700000
owd_uplink_ms,49.8528,1800000
owd_downlink_ms,50.1502,1800000
correction_magnitude_mm,16.72191545367241,1201680
correction_magnitude_deg,0,1201680
owd_uplink_ms,50.5787,1800000
owd_downlink_ms,50.2655,1800000
prediction_position_error_mm,35.055723041296005,1800000
prediction_orientation_error_deg,0,1800000
owd_uplink_ms,49.418,1900000
owd_downlink_ms,50.3356,1900000
correction_magnitude_mm,15.595304779708385,1302434
correction_magnitude_deg,0,1302434
prediction_position_error_mm,26.510929688811302,1900000
prediction_orientation_error_deg,0,1900000
owd_uplink_ms,50.543,2000000
owd_downlink_ms,49.0093,2000000
correction_magnitude_mm,17.804257571697235,1500516
correction_magnitude_deg,0,1500516
owd_uplink_ms,49.172,2000000
owd_downlink_ms,49.2784,2000000
correction_magnitude_mm,12.460572645068169,1500648
correction_magnitude_deg,0,1500648
prediction_position_error_mm,465.7854735851288,2000000
prediction_orientation_error_deg,0,2000000
prediction_position_error_mm,565.7854080200195,2100000
prediction_orientation_error_deg,0,2100000
owd_uplink_ms,49.6916,2200000
owd_downlink_ms,49.1765,2200000
correction_magnitude_mm,180.67985773086548,1700004
correction_magnitude_deg,0,1700004
owd_uplink_ms,50.1035,2200000
owd_downlink_ms,49.5275,2200000
prediction_position_error_mm,588.092565536499,2200000
prediction_orientation_error_deg,0,2200000
prediction_position_error_mm,680.4378032684326,2300000
prediction_orientation_error_deg,0,2300000
owd_uplink_ms,49.5469,2400000
owd_downlink_ms,50.3054,2400000
correction_magnitude_mm,219.0094292163849,1800232
correction_magnitude_deg,0,1800232
prediction_position_error_mm,667.771577835083,2400000
prediction_orientation_error_deg,0,2400000
owd_uplink_ms,50.7227,2500000
owd_downlink_ms,49.782,2500000
correction_magnitude_mm,323.7709701061249,1999057
correction_magnitude_deg,0,1999057
prediction_position_error_mm,636.8934512138367,2500000
prediction_orientation_error_deg,0,2500000
owd_uplink_ms,49.5975,2600000
owd_downlink_ms,50.4901,2600000
correction_magnitude_mm,227.59677469730377,2000172
correction_magnitude_deg,0,2000172
prediction_position_error_mm,470.09748220443726,2600000
prediction_orientation_error_deg,0,2600000
owd_uplink_ms,50.162,2700000
owd_downlink_ms,49.6273,2700000
correction_magnitude_mm,49.908947199583054,2199504
correction_magnitude_deg,0,2199504
owd_uplink_ms,49.5283,2700000
owd_downlink_ms,49.754,2700000
correction_magnitude_mm,35.21713986992836,2199787
correction_magnitude_deg,0,2199787
prediction_position_error_mm,455.8652937412262,2700000
prediction_orientation_error_deg,0,2700000
prediction_position_error_mm,550.9641766548157,2800000
prediction_orientation_error_deg,0,2800000
owd_uplink_ms,49.3286,2900000
owd_downlink_ms,50.7474,2900000
correction_magnitude_mm,72.18445837497711,2301560
correction_magnitude_deg,0,2301560
prediction_position_error_mm,606.8036556243896,2900000
prediction_orientation_error_deg,0,2900000
owd_uplink_ms,49.8786,3000000
owd_downlink_ms,50.1952,3000000
correction_magnitude_mm,143.85946094989777,2401955
correction_magnitude_deg,0,2401955
prediction_position_error_mm,635.809063911438,3000000
prediction_orientation_error_deg,0,3000000
owd_uplink_ms,49.447,3100000
owd_downlink_ms,48.9769,3100000
correction_magnitude_mm,277.4675786495209,2601367
correction_magnitude_deg,0,2601367
prediction_position_error_mm,615.6006455421448,3100000
prediction_orientation_error_deg,0,3100000
owd_uplink_ms,50.7932,3200000
owd_downlink_ms,50.4812,3200000
prediction_position_error_mm,700.1538276672363,3200000
prediction_orientation_error_deg,0,3200000
owd_uplink_ms,50.3446,3300000
owd_downlink_ms,49.7603,3300000
correction_magnitude_mm,367.122083902359,2800246
correction_magnitude_deg,0,2800246
prediction_position_error_mm,646.9072699546814,3300000
prediction_orientation_error_deg,0,3300000
owd_uplink_ms,50.0663,3400000
owd_downlink_ms,49.261,3400000
correction_magnitude_mm,330.23157715797424,2899240
correction_magnitude_deg,0,2899240
prediction_position_error_mm,576.7645835876465,3400000
prediction_orientation_error_deg,0,3400000
owd_uplink_ms,49.8373,3500000
owd_downlink_ms,50.391,3500000
correction_magnitude_mm,231.67318105697632,2899932
correction_magnitude_deg,0,2899932
prediction_position_error_mm,462.12416887283325,3500000
prediction_orientation_error_deg,0,3500000
owd_uplink_ms,50.6529,3600000
owd_downlink_ms,49.6249,3600000
correction_magnitude_mm,46.27274349331856,3098647
correction_magnitude_deg,0,3098647
prediction_position_error_mm,554.3410778045654,3600000
prediction_orientation_error_deg,0,3600000
owd_uplink_ms,49.1342,3700000
owd_downlink_ms,50.0622,3700000
correction_magnitude_mm,33.54278951883316,3099807
correction_magnitude_deg,0,3099807
prediction_position_error_mm,127.7509480714798,3700000
prediction_orientation_error_deg,0,3700000
owd_uplink_ms,50.0024,3800000
owd_downlink_ms,50.5969,3800000
correction_magnitude_mm,40.975820273160934,3200550
correction_magnitude_deg,0,3200550
prediction_position_error_mm,125.47196447849274,3800000
prediction_orientation_error_deg,0,3800000
owd_uplink_ms,49.258,3900000
owd_downlink_ms,50.0112,3900000
correction_magnitude_mm,44.964853674173355,3301491
correction_magnitude_deg,0,3301491
prediction_position_error_mm,115.33994972705841,3900000
prediction_orientation_error_deg,0,3900000
owd_uplink_ms,49.5173,4000000
owd_downlink_ms,50.4439,4000000
correction_magnitude_mm,46.418458223342896,3402649
correction_magnitude_deg,0,3402649
prediction_position_error_mm,107.94604569673538,4000000
prediction_orientation_error_deg,0,4000000
owd_uplink_ms,50.5415,4100000
owd_downlink_ms,49.8094,4100000
correction_magnitude_mm,59.27427113056183,3601733
correction_magnitude_deg,0,3601733
prediction_position_error_mm,99.07452017068863,4100000
prediction_orientation_error_deg,0,4100000
owd_uplink_ms,49.5436,4200000
owd_downlink_ms,50.0522,4200000
correction_magnitude_mm,41.541196405887604,3602368
correction_magnitude_deg,0,3602368
prediction_position_error_mm,544.8718070983887,4200000
prediction_orientation_error_deg,0,4200000
owd_uplink_ms,49.9008,4300000
owd_downlink_ms,50.5628,4300000
correction_magnitude_mm,66.98055565357208,3703195
correction_magnitude_deg,0,3703195
prediction_position_error_mm,603.5299897193909,4300000
prediction_orientation_error_deg,0,4300000
owd_uplink_ms,49.6368,4400000
owd_downlink_ms,50.5455,4400000
correction_magnitude_mm,141.25347137451172,3804330
correction_magnitude_deg,0,3804330
prediction_position_error_mm,634.200930595398,4400000
prediction_orientation_error_deg,0,4400000
owd_uplink_ms,50.7797,4500000
owd_downlink_ms,49.4024,4500000
correction_magnitude_mm,280.1585793495178,4002608
correction_magnitude_deg,0,4002608
prediction_position_error_mm,613.6059165000916,4500000
prediction_orientation_error_deg,0,4500000
owd_uplink_ms,51.0097,4600000
owd_downlink_ms,49.475,4600000
correction_magnitude_mm,279.24978733062744,4100689
correction_magnitude_deg,0,4100689
prediction_position_error_mm,572.1486210823059,4600000
prediction_orientation_error_deg,0,4600000
prediction_position_error_mm,653.1836986541748,4700000
prediction_orientation_error_deg,0,4700000
owd_uplink_ms,50.2728,4800000
owd_downlink_ms,50.2939,4800000
correction_magnitude_mm,271.82912826538086,4200715
correction_magnitude_deg,0,4200715
owd_uplink_ms,50.5514,4800000
owd_downlink_ms,49.4366,4800000
correction_magnitude_mm,252.7959644794464,4299322
correction_magnitude_deg,0,4299322
owd_uplink_ms,49.7471,4800000
owd_downlink_ms,49.8859,4800000
correction_magnitude_mm,177.07058787345886,4299496
correction_magnitude_deg,0,4299496
prediction_position_error_mm,395.03952860832214,4800000
prediction_orientation_error_deg,0,4800000
prediction_position_error_mm,499.61191415786743,4900000
prediction_orientation_error_deg,0,4900000
prediction_position_error_mm,604.1638851165771,5000000
prediction_orientation_error_deg,0,5000000
owd_uplink_ms,50.0868,5100000
owd_downlink_ms,50.3535,5100000
correction_magnitude_mm,85.66945791244507,4499830
correction_magnitude_deg,0,4499830
owd_uplink_ms,49.7578,5100000
owd_downlink_ms,50.6599,5100000
correction_magnitude_mm,61.08105555176735,4500957
correction_magnitude_deg,0,4500957
prediction_position_error_mm,317.09423661231995,5100000
prediction_orientation_error_deg,0,5100000
owd_uplink_ms,49.3823,5200000
owd_downlink_ms,50.2576,5200000
correction_magnitude_mm,17.227208241820335,4602050
correction_magnitude_deg,0,4602050
prediction_position_error_mm,368.2461082935333,5200000
prediction_orientation_error_deg,0,5200000
prediction_position_error_mm,422.6491451263428,5300000
prediction_orientation_error_deg,0,5300000
owd_uplink_ms,50.4702,5400000
owd_downlink_ms,50.1289,5400000
correction_magnitude_mm,133.9518129825592,4801623
correction_magnitude_deg,0,4801623
owd_uplink_ms,50.7654,5400000
owd_downlink_ms,49.6766,5400000
correction_magnitude_mm,149.7165858745575,4900261
correction_magnitude_deg,0,4900261
prediction_position_error_mm,361.6747260093689,5400000
prediction_orientation_error_deg,0,5400000
prediction_position_error_mm,418.4931814670563,5500000
prediction_orientation_error_deg,0,5500000
owd_uplink_ms,50.2564,5600000
owd_downlink_ms,50.0373,5600000
correction_magnitude_mm,156.8998396396637,4999988
correction_magnitude_deg,0,4999988
owd_uplink_ms,50.4497,5600000
owd_downlink_ms,49.666,5600000
correction_magnitude_mm,156.87412023544312,5099009
correction_magnitude_deg,0,5099009
prediction_position_error_mm,324.6150314807892,5600000
prediction_orientation_error_deg,0,5600000
owd_uplink_ms,50.4266,5700000
owd_downlink_ms,49.8203,5700000
correction_magnitude_mm,152.2762030363083,5198252
correction_magnitude_deg,0,5198252
prediction_position_error_mm,294.3855822086334,5700000
prediction_orientation_error_deg,0,5700000
owd_uplink_ms,49.8036,5800000
owd_downlink_ms,49.7551,5800000
correction_magnitude_mm,140.3304934501648,5298192
correction_magnitude_deg,0,5298192
prediction_position_error_mm,269.52821016311646,5800000
prediction_orientation_error_deg,0,5800000
owd_uplink_ms,50.3188,5900000
owd_downlink_ms,51.023,5900000
correction_magnitude_mm,98.5707938671112,5299073
correction_magnitude_deg,0,5299073
prediction_position_error_mm,558.3074688911438,5900000
prediction_orientation_error_deg,0,5900000
owd_uplink_ms,49.9414,6000000
owd_downlink_ms,50.4776,6000000
correction_magnitude_mm,36.12804412841797,5399744
correction_magnitude_deg,0,5399744
prediction_position_error_mm,645.3184485435486,6000000
prediction_orientation_error_deg,0,6000000
prediction_position_error_mm,744.239866733551,6100000
prediction_orientation_error_deg,0,6100000
owd_uplink_ms,50.1144,6200000
owd_downlink_ms,50.8981,6200000
correction_magnitude_mm,228.53508591651917,5600723
correction_magnitude_deg,0,5600723
owd_uplink_ms,50.065,6200000
owd_downlink_ms,49.9178,6200000
correction_magnitude_mm,264.1061246395111,5700538
correction_magnitude_deg,0,5700538
prediction_position_error_mm,643.8294053077698,6200000
prediction_orientation_error_deg,0,6200000
owd_uplink_ms,50.1174,6300000
owd_downlink_ms,50.6965,6300000
correction_magnitude_mm,185.5074167251587,5701261
correction_magnitude_deg,0,5701261
prediction_position_error_mm,443.0916905403137,6300000
prediction_orientation_error_deg,0,6300000
owd_uplink_ms,50.1773,6400000
owd_downlink_ms,50.6917,6400000
correction_magnitude_mm,33.58173370361328,5801903
correction_magnitude_deg,0,5801903
prediction_position_error_mm,553.1595349311829,6400000
prediction_orientation_error_deg,0,6400000
owd_uplink_ms,49.8652,6500000
owd_downlink_ms,50.4493,6500000
correction_magnitude_mm,72.89162278175354,5902632
correction_magnitude_deg,0,5902632
owd_uplink_ms,50.0207,6500000
owd_downlink_ms,49.0863,6500000
correction_magnitude_mm,143.39619874954224,6001463
correction_magnitude_deg,0,6001463
prediction_position_error_mm,545.2197790145874,6500000
prediction_orientation_error_deg,0,6500000
prediction_position_error_mm,634.5430016517639,6600000
prediction_orientation_error_deg,0,6600000
owd_uplink_ms,50.4922,6700000
owd_downlink_ms,49.4609,6700000
correction_magnitude_mm,277.5767147541046,6200174
correction_magnitude_deg,0,6200174
owd_uplink_ms,49.7266,6700000
owd_downlink_ms,49.7647,6700000
correction_magnitude_mm,194.34566795825958,6200221
correction_magnitude_deg,0,6200221
prediction_position_error_mm,384.6421241760254,6700000
prediction_orientation_error_deg,0,6700000
prediction_position_error_mm,488.73838782310486,6800000
prediction_orientation_error_deg,0,6800000
owd_uplink_ms,49.811,6900000
owd_downlink_ms,50.6833,6900000
correction_magnitude_mm,30.72977252304554,6301311
correction_magnitude_deg,0,6301311
prediction_position_error_mm,602.0184755325317,6900000
prediction_orientation_error_deg,0,6900000
owd_uplink_ms,49.2121,7000000
owd_downlink_ms,48.944,7000000
correction_magnitude_mm,186.55399978160858,6500976
correction_magnitude_deg,0,6500976
owd_uplink_ms,50.5691,7000000
owd_downlink_ms,49.6343,7000000
prediction_position_error_mm,636.103093624115,7000000
prediction_orientation_error_deg,0,7000000
prediction_position_error_mm,733.2969903945923,7100000
prediction_orientation_error_deg,0,7100000
owd_uplink_ms,49.6576,7200000
owd_downlink_ms,50.1503,7200000
correction_magnitude_mm,231.39964044094086,6600423
correction_magnitude_deg,0,6600423
owd_uplink_ms,49.8604,7200000
owd_downlink_ms,49.0683,7200000
correction_magnitude_mm,255.42762875556946,6699433
correction_magnitude_deg,0,6699433
prediction_position_error_mm,611.8412017822266,7200000
prediction_orientation_error_deg,0,7200000
owd_uplink_ms,49.8547,7300000
owd_downlink_ms,50.0131,7300000
correction_magnitude_mm,265.53666591644287,6799632
correction_magnitude_deg,0,6799632
prediction_position_error_mm,574.8738050460815,7300000
prediction_orientation_error_deg,0,7300000
prediction_position_error_mm,653.3486843109131,7400000
prediction_orientation_error_deg,0,7400000
owd_uplink_ms,49.4656,7500000
owd_downlink_ms,50.8304,7500000
correction_magnitude_mm,265.74045419692993,6901337
correction_magnitude_deg,0,6901337
prediction_position_error_mm,609.0332269668579,7500000
prediction_orientation_error_deg,0,7500000
owd_uplink_ms,49.8274,7600000
owd_downlink_ms,50.5901,7600000
correction_magnitude_mm,257.38024711608887,7002290
correction_magnitude_deg,0,7002290
prediction_position_error_mm,556.6461086273193,7600000
prediction_orientation_error_deg,0,7600000
owd_uplink_ms,50.1196,7700000
owd_downlink_ms,49.0131,7700000
correction_magnitude_mm,305.41568994522095,7200906
correction_magnitude_deg,0,7200906
prediction_position_error_mm,501.0340213775635,7700000
prediction_orientation_error_deg,0,7700000
owd_uplink_ms,49.4736,7800000
owd_downlink_ms,50.492,7800000
correction_magnitude_mm,214.48379755020142,7202179
correction_magnitude_deg,0,7202179
prediction_position_error_mm,424.46306347846985,7800000
prediction_orientation_error_deg,0,7800000
owd_uplink_ms,50.9787,7900000
owd_downlink_ms,49.7245,7900000
correction_magnitude_mm,44.344160705804825,7400611
correction_magnitude_deg,0,7400611
prediction_position_error_mm,504.0534734725952,7900000
prediction_orientation_error_deg,0,7900000
prediction_position_error_mm,599.657952785492,8000000
prediction_orientation_error_deg,0,8000000
owd_uplink_ms,49.1938,8100000
owd_downlink_ms,50.0249,8100000
correction_magnitude_mm,123.60406666994095,7501649
correction_magnitude_deg,0,7501649
owd_uplink_ms,51.0291,8100000
owd_downlink_ms,50.5164,8100000
prediction_position_error_mm,636.2565755844116,8100000
prediction_orientation_error_deg,0,8100000
owd_uplink_ms,50.0833,8200000
owd_downlink_ms,50.5659,8200000
correction_magnitude_mm,178.28910052776337,7601611
correction_magnitude_deg,0,7601611
prediction_position_error_mm,642.754316329956,8200000
prediction_orientation_error_deg,0,8200000
owd_uplink_ms,49.5799,8300000
owd_downlink_ms,49.3728,8300000
correction_magnitude_mm,297.57142066955566,7801352
correction_magnitude_deg,0,7801352
prediction_position_error_mm,617.8823709487915,8300000
prediction_orientation_error_deg,0,8300000
owd_uplink_ms,50.2345,8400000
owd_downlink_ms,49.9433,8400000
owd_uplink_ms,49.6984,8400000
owd_downlink_ms,49.7952,8400000
correction_magnitude_mm,290.1710867881775,7901107
correction_magnitude_deg,0,7901107
prediction_position_error_mm,573.1307864189148,8400000
prediction_orientation_error_deg,0,8400000
prediction_position_error_mm,646.655261516571,8500000
prediction_orientation_error_deg,0,8500000
owd_uplink_ms,49.4975,8600000
owd_downlink_ms,50.6458,8600000
correction_magnitude_mm,277.6143550872803,8002542
correction_magnitude_deg,0,8002542
owd_uplink_ms,49.5202,8600000
owd_downlink_ms,49.4163,8600000
correction_magnitude_mm,259.45159792900085,8102412
correction_magnitude_deg,0,8102412
prediction_position_error_mm,471.26010060310364,8600000
prediction_orientation_error_deg,0,8600000
prediction_position_error_mm,525.3722667694092,8700000
prediction_orientation_error_deg,0,8700000
owd_uplink_ms,49.7728,8800000
owd_downlink_ms,50.4568,8800000
correction_magnitude_mm,239.58994448184967,8203267
correction_magnitude_deg,0,8203267
owd_uplink_ms,49.2808,8800000
owd_downlink_ms,48.8526,8800000
correction_magnitude_mm,217.78252720832825,8302731
correction_magnitude_deg,0,8302731
prediction_position_error_mm,374.07386302948,8800000
prediction_orientation_error_deg,0,8800000
prediction_position_error_mm,414.63491320610046,8900000
prediction_orientation_error_deg,0,8900000
owd_uplink_ms,50.8803,9000000
owd_downlink_ms,49.0737,9000000
correction_magnitude_mm,242.61239171028137,8500472
correction_magnitude_deg,0,8500472
prediction_position_error_mm,370.8742558956146,9000000
prediction_orientation_error_deg,0,9000000
prediction_position_error_mm,411.23369336128235,9100000
prediction_orientation_error_deg,0,9100000
owd_uplink_ms,50.5309,9200000
owd_downlink_ms,50.7766,9200000
correction_magnitude_mm,210.14131605625153,8600778
correction_magnitude_deg,0,8600778
owd_uplink_ms,49.2086,9200000
owd_downlink_ms,48.9855,9200000
correction_magnitude_mm,177.44708061218262,8700499
correction_magnitude_deg,0,8700499
prediction_position_error_mm,271.02887630462646,9200000
prediction_orientation_error_deg,0,9200000
owd_uplink_ms,50.2744,9300000
owd_downlink_ms,50.1992,9300000
prediction_position_error_mm,296.5858280658722,9300000
prediction_orientation_error_deg,0,9300000
prediction_position_error_mm,325.4728317260742,9400000
prediction_orientation_error_deg,0,9400000
owd_uplink_ms,49.2096,9500000
owd_downlink_ms,50.3941,9500000
correction_magnitude_mm,182.02076852321625,8901885
correction_magnitude_deg,0,8901885
owd_uplink_ms,50.5784,9500000
owd_downlink_ms,50.5478,9500000
prediction_position_error_mm,286.7510914802551,9500000
prediction_orientation_error_deg,0,9500000
owd_uplink_ms,50.1145,9600000
owd_downlink_ms,48.9789,9600000
correction_magnitude_mm,182.40350484848022,9100426
correction_magnitude_deg,0,9100426
prediction_position_error_mm,241.33893847465515,9600000
prediction_orientation_error_deg,0,9600000
owd_uplink_ms,50.3147,9700000
owd_downlink_ms,49.5443,9700000
correction_magnitude_mm,150.73136985301971,9199463
correction_magnitude_deg,0,9199463
prediction_position_error_mm,199.89857077598572,9700000
prediction_orientation_error_deg,0,9700000
owd_uplink_ms,50.1354,9800000
owd_downlink_ms,49.6073,9800000
correction_magnitude_mm,120.89283019304276,9298803
correction_magnitude_deg,0,9298803
prediction_position_error_mm,164.30357098579407,9800000
prediction_orientation_error_deg,0,9800000
owd_uplink_ms,49.6277,9900000
owd_downlink_ms,50.4235,9900000
correction_magnitude_mm,84.80815589427948,9299798
correction_magnitude_deg,0,9299798
owd_uplink_ms,49.1446,9900000
owd_downlink_ms,49.6173,9900000
correction_magnitude_mm,44.43506896495819,9400388
correction_magnitude_deg,0,9400388
prediction_position_error_mm,536.5320444107056,9900000
prediction_orientation_error_deg,0,9900000
prediction_position_error_mm,638.2192373275757,10000000
prediction_orientation_error_deg,0,10000000
owd_uplink_ms,49.6906,10100000
owd_downlink_ms,49.4571,10100000
correction_magnitude_mm,234.46506261825562,9600096
correction_magnitude_deg,0,9600096
prediction_position_error_mm,654.8587083816528,10100000
prediction_orientation_error_deg,0,10100000
owd_uplink_ms,50.5511,10200000
owd_downlink_ms,50.3687,10200000
prediction_position_error_mm,750.0047087669373,10200000
prediction_orientation_error_deg,0,10200000
prediction_position_error_mm,848.0489253997803,10300000
prediction_orientation_error_deg,0,10300000
owd_uplink_ms,50.0755,10400000
owd_downlink_ms,50.6766,10400000
correction_magnitude_mm,358.0152988433838,9800620
correction_magnitude_deg,0,9800620
prediction_position_error_mm,809.361457824707,10400000
prediction_orientation_error_deg,0,10400000
owd_uplink_ms,50.8287,10500000
owd_downlink_ms,50.809,10500000
correction_magnitude_mm,343.436598777771,9900595
correction_magnitude_deg,0,9900595
owd_uplink_ms,50.517,10500000
owd_downlink_ms,49.6744,10500000
correction_magnitude_mm,322.07179069519043,9999542
correction_magnitude_deg,0,9999542
prediction_position_error_mm,591.6332602500916,10500000
prediction_orientation_error_deg,0,10500000
prediction_position_error_mm,664.085865020752,10600000
prediction_orientation_error_deg,0,10600000
owd_uplink_ms,50.2932,10700000
owd_downlink_ms,50.5598,10700000
correction_magnitude_mm,301.32269859313965,10099876
correction_magnitude_deg,0,10099876
owd_uplink_ms,49.9038,10700000
owd_downlink_ms,50.7207,10700000
correction_magnitude_mm,211.54503524303436,10100896
correction_magnitude_deg,0,10100896
prediction_position_error_mm,434.2643916606903,10700000
prediction_orientation_error_deg,0,10700000
prediction_position_error_mm,531.6155552864075,10800000
prediction_orientation_error_deg,0,10800000
owd_uplink_ms,50.4228,10900000
owd_downlink_ms,50.8306,10900000
correction_magnitude_mm,49.529511481523514,10301405
correction_magnitude_deg,0,10301405
owd_uplink_ms,49.4986,10900000
owd_downlink_ms,49.353,10900000
correction_magnitude_mm,128.09133529663086,10401222
correction_magnitude_deg,0,10401222
prediction_position_error_mm,552.0878434181213,10900000
prediction_orientation_error_deg,0,10900000
owd_uplink_ms,50.4648,11000000
owd_downlink_ms,50.1935,11000000
owd_uplink_ms,49.7488,11000000
owd_downlink_ms,49.0072,11000000
correction_magnitude_mm,181.0889095067978,10499957
correction_magnitude_deg,0,10499957
prediction_position_error_mm,563.0946755409241,11000000
prediction_orientation_error_deg,0,11000000
prediction_position_error_mm,652.9934406280518,11100000
prediction_orientation_error_deg,0,11100000
owd_uplink_ms,49.75,11200000
owd_downlink_ms,50.3256,11200000
correction_magnitude_mm,214.58210051059723,10600676
correction_magnitude_deg,0,10600676
owd_uplink_ms,49.2024,11200000
owd_downlink_ms,49.7831,11200000
correction_magnitude_mm,231.63747787475586,10701401
correction_magnitude_deg,0,10701401
prediction_position_error_mm,531.3425660133362,11200000
prediction_orientation_error_deg,0,11200000
owd_uplink_ms,49.2393,11300000
owd_downlink_ms,49.6498,11300000
correction_magnitude_mm,236.5065962076187,10801913
correction_magnitude_deg,0,10801913
prediction_position_error_mm,501.84035301208496,11300000
prediction_orientation_error_deg,0,11300000
prediction_position_error_mm,566.5827393531799,11400000
prediction_orientation_error_deg,0,11400000
owd_uplink_ms,49.8408,11500000
owd_downlink_ms,50.3972,11500000
correction_magnitude_mm,232.98975825309753,10902608
correction_magnitude_deg,0,10902608
prediction_position_error_mm,524.7690677642822,11500000
prediction_orientation_error_deg,0,11500000
owd_uplink_ms,49.393,11600000
owd_downlink_ms,50.3136,11600000
correction_magnitude_mm,223.8660454750061,11003758
correction_magnitude_deg,0,11003758
prediction_position_error_mm,478.2924950122833,11600000
prediction_orientation_error_deg,0,11600000
owd_uplink_ms,50.7424,11700000
owd_downlink_ms,49.3087,11700000
correction_magnitude_mm,262.66002655029297,11201966
correction_magnitude_deg,0,11201966
owd_uplink_ms,50.029,11700000
owd_downlink_ms,49.3975,11700000
prediction_position_error_mm,431.12125992774963,11700000
prediction_orientation_error_deg,0,11700000
prediction_position_error_mm,483.1155836582184,11800000
prediction_orientation_error_deg,0,11800000
owd_uplink_ms,50.3909,11900000
owd_downlink_ms,49.5412,11900000
correction_magnitude_mm,282.0786237716675,11400113
correction_magnitude_deg,0,11400113
owd_uplink_ms,49.4697,11900000
owd_downlink_ms,49.7585,11900000
correction_magnitude_mm,197.62684404850006,11400473
correction_magnitude_deg,0,11400473
prediction_position_error_mm,370.30598521232605,11900000
prediction_orientation_error_deg,0,11900000
prediction_position_error_mm,472.4731743335724,12000000
prediction_orientation_error_deg,0,12000000
prediction_position_error_mm,574.5953321456909,12100000
prediction_orientation_error_deg,0,12100000
owd_uplink_ms,50.2225,12200000
owd_downlink_ms,50.8174,12200000
correction_magnitude_mm,64.75283205509186,11601216
correction_magnitude_deg,0,11601216
owd_uplink_ms,49.4587,12200000
owd_downlink_ms,49.6873,12200000
correction_magnitude_mm,149.2183953523636,11701501
correction_magnitude_deg,0,11701501
prediction_position_error_mm,586.4816904067993,12200000
prediction_orientation_error_deg,0,12200000
owd_uplink_ms,50.5104,12300000
owd_downlink_ms,50.6384,12300000
correction_magnitude_mm,104.60414737462997,11701661
correction_magnitude_deg,0,11701661
prediction_position_error_mm,512.4198198318481,12300000
prediction_orientation_error_deg,0,12300000
owd_uplink_ms,50.7943,12400000
owd_downlink_ms,49.5753,12400000
correction_magnitude_mm,123.01971763372421,11900137
correction_magnitude_deg,0,11900137
prediction_position_error_mm,564.2619729042053,12400000
prediction_orientation_error_deg,0,12400000
prediction_position_error_mm,662.3903512954712,12500000
prediction_orientation_error_deg,0,12500000
owd_uplink_ms,51.0022,12600000
owd_downlink_ms,50.939,12600000
correction_magnitude_mm,181.9901466369629,12000057
correction_magnitude_deg,0,12000057
prediction_position_error_mm,671.2407469749451,12600000
prediction_orientation_error_deg,0,12600000
owd_uplink_ms,50.5207,12700000
owd_downlink_ms,50.494,12700000
correction_magnitude_mm,217.8976535797119,12100023
correction_magnitude_deg,0,12100023
prediction_position_error_mm,657.4491858482361,12700000
prediction_orientation_error_deg,0,12700000
owd_uplink_ms,50.3763,12800000
owd_downlink_ms,50.1597,12800000
correction_magnitude_mm,234.30348932743073,12199753
correction_magnitude_deg,0,12199753
owd_uplink_ms,49.2003,12800000
owd_downlink_ms,50.4552,12800000
correction_magnitude_mm,165.252223610878,12201321
correction_magnitude_deg,0,12201321
owd_uplink_ms,49.5414,12800000
owd_downlink_ms,49.1492,12800000
correction_magnitude_mm,14.203905127942562,12300830
correction_magnitude_deg,0,12300830
prediction_position_error_mm,498.46693873405457,12800000
prediction_orientation_error_deg,0,12800000
owd_uplink_ms,49.167,12900000
owd_downlink_ms,49.6742,12900000
correction_magnitude_mm,92.64475852251053,12401463
correction_magnitude_deg,0,12401463
prediction_position_error_mm,556.8945407867432,12900000
prediction_orientation_error_deg,0,12900000
prediction_position_error_mm,655.83735704422,13000000
prediction_orientation_error_deg,0,13000000
owd_uplink_ms,50.1995,13100000
owd_downlink_ms,49.773,13100000
correction_magnitude_mm,260.6905698776245,12600930
correction_magnitude_deg,0,12600930
prediction_position_error_mm,658.5819125175476,13100000
prediction_orientation_error_deg,0,13100000
prediction_position_error_mm,753.4628510475159,13200000
prediction_orientation_error_deg,0,13200000
owd_uplink_ms,50.2188,13300000
owd_downlink_ms,50.3966,13300000
correction_magnitude_mm,277.8521478176117,12701152
correction_magnitude_deg,0,12701152
owd_uplink_ms,50.6387,13300000
owd_downlink_ms,49.7674,13300000
correction_magnitude_mm,282.1342349052429,12800063
correction_magnitude_deg,0,12800063
prediction_position_error_mm,586.1862897872925,13300000
prediction_orientation_error_deg,0,13300000
owd_uplink_ms,49.4543,13400000
owd_downlink_ms,50.7206,13400000
correction_magnitude_mm,198.70303571224213,12801645
correction_magnitude_deg,0,12801645
prediction_position_error_mm,451.1331617832184,13400000
prediction_orientation_error_deg,0,13400000
prediction_position_error_mm,549.6507287025452,13500000
prediction_orientation_error_deg,0,13500000
owd_uplink_ms,50.6903,13600000
owd_downlink_ms,50.0659,13600000
correction_magnitude_mm,58.40232968330383,13000864
correction_magnitude_deg,0,13000864
prediction_position_error_mm,624.054491519928,13600000
prediction_orientation_error_deg,0,13600000
owd_uplink_ms,50.82,13700000
owd_downlink_ms,50.1158,13700000
correction_magnitude_mm,135.85297763347626,13099984
correction_magnitude_deg,0,13099984
owd_uplink_ms,49.2389,13700000
owd_downlink_ms,50.0926,13700000
correction_magnitude_mm,96.10950201749802,13101050
correction_magnitude_deg,0,13101050
owd_uplink_ms,49.749,13700000
owd_downlink_ms,49.2544,13700000
correction_magnitude_mm,33.64168852567673,13200431
correction_magnitude_deg,0,13200431
prediction_position_error_mm,523.7044095993042,13700000
prediction_orientation_error_deg,0,13700000
prediction_position_error_mm,623.986005783081,13800000
prediction_orientation_error_deg,0,13800000
prediction_position_error_mm,724.2192625999451,13900000
prediction_orientation_error_deg,0,13900000
owd_uplink_ms,50.2875,14000000
owd_downlink_ms,50.305,14000000
correction_magnitude_mm,223.0205535888672,13400452
correction_magnitude_deg,0,13400452
owd_uplink_ms,50.1225,14000000
owd_downlink_ms,49.851,14000000
correction_magnitude_mm,252.8688609600067,13500112
correction_magnitude_deg,0,13500112
prediction_position_error_mm,623.5336065292358,14000000
prediction_orientation_error_deg,0,14000000
owd_uplink_ms,49.4712,14100000
owd_downlink_ms,49.7083,14100000
correction_magnitude_mm,268.049418926239,13600408
correction_magnitude_deg,0,13600408
prediction_position_error_mm,592.2436714172363,14100000
prediction_orientation_error_deg,0,14100000
owd_uplink_ms,50.2903,14200000
owd_downlink_ms,50.3652,14200000
correction_magnitude_mm,187.70897388458252,13600501
correction_magnitude_deg,0,13600501
prediction_position_error_mm,461.0349237918854,14200000
prediction_orientation_error_deg,0,14200000
owd_uplink_ms,50.292,14300000
owd_downlink_ms,49.3638,14300000
correction_magnitude_mm,66.14615023136139,13799341
correction_magnitude_deg,0,13799341
prediction_position_error_mm,535.1829528808594,14300000
prediction_orientation_error_deg,0,14300000
owd_uplink_ms,50.7316,14400000
owd_downlink_ms,49.55,14400000
correction_magnitude_mm,142.58654415607452,13897864
correction_magnitude_deg,0,13897864
prediction_position_error_mm,568.6452984809875,14400000
prediction_orientation_error_deg,0,14400000
prediction_position_error_mm,662.3925566673279,14500000
prediction_orientation_error_deg,0,14500000
owd_uplink_ms,49.8896,14600000
owd_downlink_ms,50.2285,14600000
correction_magnitude_mm,193.66560876369476,13998288
correction_magnitude_deg,0,13998288
prediction_position_error_mm,664.1243100166321,14600000
prediction_orientation_error_deg,0,14600000
owd_uplink_ms,50.4646,14700000
owd_downlink_ms,50.5432,14700000
correction_magnitude_mm,223.37104380130768,14098387
correction_magnitude_deg,0,14098387
owd_uplink_ms,49.6789,14700000
owd_downlink_ms,49.5672,14700000
correction_magnitude_mm,236.27826571464539,14198248
correction_magnitude_deg,0,14198248
owd_uplink_ms,50.5172,14700000
owd_downlink_ms,50.1032,14700000
prediction_position_error_mm,538.3541584014893,14700000
prediction_orientation_error_deg,0,14700000
prediction_position_error_mm,611.8729114532471,14800000
prediction_orientation_error_deg,0,14800000
owd_uplink_ms,49.6741,14900000
owd_downlink_ms,50.8343,14900000
correction_magnitude_mm,240.16550183296204,14299182
correction_magnitude_deg,0,14299182
prediction_position_error_mm,572.0052123069763,14900000
prediction_orientation_error_deg,0,14900000
owd_uplink_ms,49.929,15000000
owd_downlink_ms,50.3142,15000000
correction_magnitude_mm,235.42466759681702,14399664
correction_magnitude_deg,0,14399664
prediction_position_error_mm,526.4122486114502,15000000
prediction_orientation_error_deg,0,15000000
owd_uplink_ms,49.8385,15100000
owd_downlink_ms,50.8044,15100000
correction_magnitude_mm,225.53464770317078,14500871
correction_magnitude_deg,0,14500871
prediction_position_error_mm,478.34399342536926,15100000
prediction_orientation_error_deg,0,15100000
owd_uplink_ms,50.8327,15200000
owd_downlink_ms,49.887,15200000
correction_magnitude_mm,264.82051610946655,14699689
correction_magnitude_deg,0,14699689
prediction_position_error_mm,432.57197737693787,15200000
prediction_orientation_error_deg,0,15200000
owd_uplink_ms,50.4863,15300000
owd_downlink_ms,49.9991,15300000
correction_magnitude_mm,233.73624682426453,14799081
correction_magnitude_deg,0,14799081
prediction_position_error_mm,376.8295645713806,15300000
prediction_orientation_error_deg,0,15300000
owd_uplink_ms,49.5327,15400000
owd_downlink_ms,50.3048,15400000
correction_magnitude_mm,164.03144598007202,14800045
correction_magnitude_deg,0,14800045
prediction_position_error_mm,488.15611004829407,15400000
prediction_orientation_error_deg,0,15400000
prediction_position_error_mm,588.6126756668091,15500000
prediction_orientation_error_deg,0,15500000
owd_uplink_ms,50.7628,15600000
owd_downlink_ms,50.9143,15600000
correction_magnitude_mm,86.06697618961334,15000234
correction_magnitude_deg,0,15000234
prediction_position_error_mm,655.463695526123,15600000
prediction_orientation_error_deg,0,15600000
owd_uplink_ms,50.0849,15700000
owd_downlink_ms,50.1754,15700000
correction_magnitude_mm,160.3524088859558,15100346
correction_magnitude_deg,0,15100346
owd_uplink_ms,49.4715,15700000
owd_downlink_ms,50.6636,15700000
correction_magnitude_mm,113.64531517028809,15101836
correction_magnitude_deg,0,15101836
prediction_position_error_mm,515.7010555267334,15700000
prediction_orientation_error_deg,0,15700000
owd_uplink_ms,49.5277,15800000
owd_downlink_ms,50.4969,15800000
correction_magnitude_mm,21.050887182354927,15203047
correction_magnitude_deg,0,15203047
prediction_position_error_mm,605.6479811668396,15800000
prediction_orientation_error_deg,0,15800000
owd_uplink_ms,49.5452,15900000
owd_downlink_ms,49.9053,15900000
correction_magnitude_mm,113.99722844362259,15303496
correction_magnitude_deg,0,15303496
prediction_position_error_mm,650.2046585083008,15900000
prediction_orientation_error_deg,0,15900000
prediction_position_error_mm,745.9143996238708,16000000
prediction_orientation_error_deg,0,16000000
owd_uplink_ms,50.4781,16100000
owd_downlink_ms,50.251,16100000
correction_magnitude_mm,270.94849944114685,15503212
correction_magnitude_deg,0,15503212
owd_uplink_ms,50.6803,16100000
owd_downlink_ms,49.0006,16100000
correction_magnitude_mm,279.17343378067017,15601112
correction_magnitude_deg,0,15601112
prediction_position_error_mm,609.671413898468,16100000
prediction_orientation_error_deg,0,16100000
owd_uplink_ms,49.9407,16200000
owd_downlink_ms,49.5008,16200000
correction_magnitude_mm,277.554452419281,15700562
correction_magnitude_deg,0,15700562
prediction_position_error_mm,567.7752494812012,16200000
prediction_orientation_error_deg,0,16200000
owd_uplink_ms,50.7846,16300000
owd_downlink_ms,50.0427,16300000
prediction_position_error_mm,642.5934433937073,16300000
prediction_orientation_error_deg,0,16300000
owd_uplink_ms,50.4616,16400000
owd_downlink_ms,49.9784,16400000
correction_magnitude_mm,342.7613377571106,15899031
correction_magnitude_deg,0,15899031
prediction_position_error_mm,588.7739062309265,16400000
prediction_orientation_error_deg,0,16400000
prediction_position_error_mm,658.6053967475891,16500000
prediction_orientation_error_deg,0,16500000
owd_uplink_ms,49.9444,16600000
owd_downlink_ms,50.1749,16600000
correction_magnitude_mm,309.66541171073914,15999319
correction_magnitude_deg,0,15999319
prediction_position_error_mm,579.9465179443359,16600000
prediction_orientation_error_deg,0,16600000
owd_uplink_ms,50.7877,16700000
owd_downlink_ms,50.6146,16700000
correction_magnitude_mm,276.9533693790436,16099103
correction_magnitude_deg,0,16099103
owd_uplink_ms,50.5531,16700000
owd_downlink_ms,49.8635,16700000
correction_magnitude_mm,245.45975029468536,16198242
correction_magnitude_deg,0,16198242
prediction_position_error_mm,396.4287340641022,16700000
prediction_orientation_error_deg,0,16700000
owd_uplink_ms,50.4802,16800000
owd_downlink_ms,50.058,16800000
correction_magnitude_mm,216.21382236480713,16297715
correction_magnitude_deg,0,16297715
prediction_position_error_mm,343.9384996891022,16800000
prediction_orientation_error_deg,0,16800000
owd_uplink_ms,49.6284,16900000
owd_downlink_ms,50.2615,16900000
correction_magnitude_mm,151.65244042873383,16298507
correction_magnitude_deg,0,16298507
owd_uplink_ms,49.6611,16900000
owd_downlink_ms,49.3507,16900000
correction_magnitude_mm,6.730790715664625,16398120
correction_magnitude_deg,0,16398120
prediction_position_error_mm,496.73303961753845,16900000
prediction_orientation_error_deg,0,16900000
owd_uplink_ms,49.7007,17000000
owd_downlink_ms,49.6799,17000000
correction_magnitude_mm,95.33712267875671,16498094
correction_magnitude_deg,0,16498094
prediction_position_error_mm,553.2200336456299,17000000
prediction_orientation_error_deg,0,17000000
owd_uplink_ms,49.3698,17100000
owd_downlink_ms,49.5399,17100000
correction_magnitude_mm,163.96717727184296,16598307
correction_magnitude_deg,0,16598307
prediction_position_error_mm,576.1822462081909,17100000
prediction_orientation_error_deg,0,17100000
prediction_position_error_mm,668.3971881866455,17200000
prediction_orientation_error_deg,0,17200000
prediction_position_error_mm,759.7718238830566,17300000
prediction_orientation_error_deg,0,17300000
owd_uplink_ms,49.5178,17400000
owd_downlink_ms,50.4315,17400000
correction_magnitude_mm,299.9168038368225,16799449
correction_magnitude_deg,0,16799449
owd_uplink_ms,50.4531,17400000
owd_downlink_ms,50.938,17400000
correction_magnitude_mm,210.47255396842957,16800054
correction_magnitude_deg,0,16800054
prediction_position_error_mm,454.9253582954407,17400000
prediction_orientation_error_deg,0,17400000
owd_uplink_ms,50.3328,17500000
owd_downlink_ms,49.4671,17500000
correction_magnitude_mm,52.23027989268303,16998972
correction_magnitude_deg,0,16998972
prediction_position_error_mm,535.3070497512817,17500000
prediction_orientation_error_deg,0,17500000
owd_uplink_ms,49.5937,17600000
owd_downlink_ms,50.1881,17600000
correction_magnitude_mm,37.29766607284546,16999716
correction_magnitude_deg,0,16999716
prediction_position_error_mm,280.31694889068604,17600000
prediction_orientation_error_deg,0,17600000
owd_uplink_ms,49.1896,17700000
owd_downlink_ms,50.1434,17700000
correction_magnitude_mm,25.883516296744347,17100908
correction_magnitude_deg,0,17100908
prediction_position_error_mm,319.8000490665436,17700000
prediction_orientation_error_deg,0,17700000
owd_uplink_ms,50.089,17800000
owd_downlink_ms,49.9042,17800000
correction_magnitude_mm,118.55621635913849,17300677
correction_magnitude_deg,0,17300677
prediction_position_error_mm,325.42863488197327,17800000
prediction_orientation_error_deg,0,17800000
owd_uplink_ms,49.5536,17900000
owd_downlink_ms,50.5594,17900000
correction_magnitude_mm,83.60857516527176,17301934
correction_magnitude_deg,0,17301934
prediction_position_error_mm,544.09259557724,17900000
prediction_orientation_error_deg,0,17900000
owd_uplink_ms,49.6879,18000000
owd_downlink_ms,50.5074,18000000
correction_magnitude_mm,43.31875592470169,17402958
correction_magnitude_deg,0,17402958
prediction_position_error_mm,624.481201171875,18000000
prediction_orientation_error_deg,0,18000000
owd_uplink_ms,49.9328,18100000
owd_downlink_ms,49.3359,18100000
correction_magnitude_mm,228.78648340702057,17602211
correction_magnitude_deg,0,17602211
prediction_position_error_mm,638.5239362716675,18100000
prediction_orientation_error_deg,0,18100000
owd_uplink_ms,50.7985,18200000
owd_downlink_ms,50.7267,18200000
prediction_position_error_mm,736.1790537834167,18200000
prediction_orientation_error_deg,0,18200000
prediction_position_error_mm,831.4334154129028,18300000
prediction_orientation_error_deg,0,18300000
owd_uplink_ms,51.1387,18400000
owd_downlink_ms,50.5959,18400000
correction_magnitude_mm,350.90556740760803,17801442
correction_magnitude_deg,0,17801442
owd_uplink_ms,50.9009,18400000
owd_downlink_ms,49.872,18400000
correction_magnitude_mm,335.472971200943,17900155
correction_magnitude_deg,0,17900155
prediction_position_error_mm,639.4609212875366,18400000
prediction_orientation_error_deg,0,18400000
prediction_position_error_mm,721.9344973564148,18500000
prediction_orientation_error_deg,0,18500000
owd_uplink_ms,50.3791,18600000
owd_downlink_ms,50.9104,18600000
correction_magnitude_mm,316.21161103248596,18000818
correction_magnitude_deg,0,18000818
owd_uplink_ms,50.7016,18600000
owd_downlink_ms,49.1943,18600000
correction_magnitude_mm,291.50086641311646,18098935
correction_magnitude_deg,0,18098935
prediction_position_error_mm,519.6945667266846,18600000
prediction_orientation_error_deg,0,18600000
owd_uplink_ms,49.4291,18700000
owd_downlink_ms,49.6097,18700000
correction_magnitude_mm,268.034964799881,18199161
correction_magnitude_deg,0,18199161
prediction_position_error_mm,460.53871512413025,18700000
prediction_orientation_error_deg,0,18700000
owd_uplink_ms,50.7041,18800000
owd_downlink_ms,50.2274,18800000
prediction_position_error_mm,515.4245495796204,18800000
prediction_orientation_error_deg,0,18800000
prediction_position_error_mm,571.9285607337952,18900000
prediction_orientation_error_deg,0,18900000
owd_uplink_ms,50.2576,19000000
owd_downlink_ms,50.6633,19000000
correction_magnitude_mm,295.6791818141937,18399073
correction_magnitude_deg,0,18399073
owd_uplink_ms,49.5354,19000000
owd_downlink_ms,49.2168,19000000
correction_magnitude_mm,258.4596574306488,18498675
correction_magnitude_deg,0,18498675
prediction_position_error_mm,395.02888917922974,19000000
prediction_orientation_error_deg,0,19000000
owd_uplink_ms,50.0262,19100000
owd_downlink_ms,50.3691,19100000
correction_magnitude_mm,181.09840154647827,18499104
correction_magnitude_deg,0,18499104
owd_uplink_ms,49.2347,19100000
owd_downlink_ms,49.4291,19100000
correction_magnitude_mm,28.004877269268036,18599347
correction_magnitude_deg,0,18599347
prediction_position_error_mm,473.27542304992676,19100000
prediction_orientation_error_deg,0,19100000
prediction_position_error_mm,573.2572674751282,19200000
prediction_orientation_error_deg,0,19200000
prediction_position_error_mm,671.546459197998,19300000
prediction_orientation_error_deg,0,19300000
owd_uplink_ms,50.01,19400000
owd_downlink_ms,50.3738,19400000
correction_magnitude_mm,179.41999435424805,18799802
correction_magnitude_deg,0,18799802
prediction_position_error_mm,699.8453140258789,19400000
prediction_orientation_error_deg,0,19400000
owd_uplink_ms,49.1679,19500000
owd_downlink_ms,49.99,19500000
correction_magnitude_mm,220.8458036184311,18900829
correction_magnitude_deg,0,18900829
owd_uplink_ms,50.3401,19500000
owd_downlink_ms,50.4509,19500000
correction_magnitude_mm,154.71728146076202,18900967
correction_magnitude_deg,0,18900967
prediction_position_error_mm,499.2140233516693,19500000
prediction_orientation_error_deg,0,19500000
owd_uplink_ms,49.6639,19600000
owd_downlink_ms,49.9436,19600000
correction_magnitude_mm,6.597219035029411,19001316
correction_magnitude_deg,0,19001316
prediction_position_error_mm,602.9500961303711,19600000
prediction_orientation_error_deg,0,19600000
owd_uplink_ms,49.9931,19700000
owd_downlink_ms,50.1076,19700000
correction_magnitude_mm,97.36251085996628,19101459
correction_magnitude_deg,0,19101459
prediction_position_error_mm,660.1239442825317,19700000
prediction_orientation_error_deg,0,19700000
owd_uplink_ms,50.4625,19800000
owd_downlink_ms,49.3877,19800000
correction_magnitude_mm,262.69209384918213,19300115
correction_magnitude_deg,0,19300115
prediction_position_error_mm,660.5508327484131,19800000
prediction_orientation_error_deg,0,19800000
prediction_position_error_mm,755.6950449943542,19900000
prediction_orientation_error_deg,0,19900000
owd_uplink_ms,50.2938,20000000
owd_downlink_ms,50.8323,20000000
correction_magnitude_mm,279.371052980423,19400788
correction_magnitude_deg,0,19400788
owd_uplink_ms,50.3356,20000000
owd_downlink_ms,49.5549,20000000
correction_magnitude_mm,281.31598234176636,19499813
correction_magnitude_deg,0,19499813
prediction_position_error_mm,588.0762934684753,20000000
prediction_orientation_error_deg,0,20000000
owd_uplink_ms,50.2498,20100000
owd_downlink_ms,49.6359,20100000
correction_magnitude_mm,274.44425225257874,19599046
correction_magnitude_deg,0,19599046
prediction_position_error_mm,542.5223708152771,20100000
prediction_orientation_error_deg,0,20100000
owd_uplink_ms,50.4619,20200000
owd_downlink_ms,50.108,20200000
correction_magnitude_mm,263.62287998199463,19698604
correction_magnitude_deg,0,19698604
prediction_position_error_mm,495.8839416503906,20200000
prediction_orientation_error_deg,0,20200000
owd_uplink_ms,49.4659,20300000
owd_downlink_ms,50.6829,20300000
correction_magnitude_mm,185.44860184192657,19700125
correction_magnitude_deg,0,19700125
owd_uplink_ms,49.6967,20300000
owd_downlink_ms,49.4855,20300000
correction_magnitude_mm,32.10359066724777,19799861
correction_magnitude_deg,0,19799861
prediction_position_error_mm,469.19000148773193,20300000
prediction_orientation_error_deg,0,20300000
prediction_position_error_mm,566.9534206390381,20400000
prediction_orientation_error_deg,0,20400000
owd_uplink_ms,49.2044,20500000
owd_downlink_ms,50.5247,20500000
correction_magnitude_mm,77.15253531932831,19901511
correction_magnitude_deg,0,19901511
prediction_position_error_mm,627.9010772705078,20500000
prediction_orientation_error_deg,0,20500000
prediction_position_error_mm,723.296046257019,20600000
prediction_orientation_error_deg,0,20600000
owd_uplink_ms,50.2723,20700000
owd_downlink_ms,50.1124,20700000
correction_magnitude_mm,247.14374542236328,20101311
correction_magnitude_deg,0,20101311
owd_uplink_ms,50.3679,20700000
owd_downlink_ms,49.1895,20700000
correction_magnitude_mm,261.3101303577423,20199839
correction_magnitude_deg,0,20199839
owd_uplink_ms,49.6049,20700000
owd_downlink_ms,49.3704,20700000
prediction_position_error_mm,601.6950011253357,20700000
prediction_orientation_error_deg,0,20700000
prediction_position_error_mm,685.2869391441345,20800000
prediction_orientation_error_deg,0,20800000
owd_uplink_ms,50.1596,20900000
owd_downlink_ms,49.8152,20900000
correction_magnitude_mm,352.1568477153778,20399117
correction_magnitude_deg,0,20399117
prediction_position_error_mm,639.1278505325317,20900000
prediction_orientation_error_deg,0,20900000
owd_uplink_ms,50.2375,21000000
owd_downlink_ms,49.5745,21000000
correction_magnitude_mm,324.3131637573242,20498289
correction_magnitude_deg,0,20498289
prediction_position_error_mm,568.3208703994751,21000000
prediction_orientation_error_deg,0,21000000
owd_uplink_ms,50.3877,21100000
owd_downlink_ms,49.7277,21100000
correction_magnitude_mm,295.05041241645813,20597465
correction_magnitude_deg,0,20597465
prediction_position_error_mm,505.8826804161072,21100000
prediction_orientation_error_deg,0,21100000
owd_uplink_ms,49.6932,21200000
owd_downlink_ms,49.3809,21200000
correction_magnitude_mm,263.5378837585449,20697075
correction_magnitude_deg,0,20697075
prediction_position_error_mm,446.32741808891296,21200000
prediction_orientation_error_deg,0,21200000
owd_uplink_ms,50.5384,21300000
owd_downlink_ms,50.8224,21300000
correction_magnitude_mm,184.66895818710327,20697431
correction_magnitude_deg,0,20697431
owd_uplink_ms,49.1909,21300000
owd_downlink_ms,49.4251,21300000
correction_magnitude_mm,26.582345366477966,20797724
correction_magnitude_deg,0,20797724
prediction_position_error_mm,496.6471493244171,21300000
prediction_orientation_error_deg,0,21300000
prediction_position_error_mm,599.3636846542358,21400000
prediction_orientation_error_deg,0,21400000
prediction_position_error_mm,702.1235823631287,21500000
prediction_orientation_error_deg,0,21500000
owd_uplink_ms,49.0236,21600000
owd_downlink_ms,50.3858,21600000
correction_magnitude_mm,188.1893277168274,20999427
correction_magnitude_deg,0,20999427
owd_uplink_ms,50.7093,21600000
owd_downlink_ms,50.5853,21600000
prediction_position_error_mm,728.8439869880676,21600000
prediction_orientation_error_deg,0,21600000
prediction_position_error_mm,831.708014011383,21700000
prediction_orientation_error_deg,0,21700000
owd_uplink_ms,50.4279,21800000
owd_downlink_ms,50.5925,21800000
correction_magnitude_mm,328.7530243396759,21199478
correction_magnitude_deg,0,21199478
owd_uplink_ms,49.7699,21800000
owd_downlink_ms,49.4074,21800000
correction_magnitude_mm,327.2991180419922,21299026
correction_magnitude_deg,0,21299026
owd_uplink_ms,50.6649,21800000
owd_downlink_ms,49.5689,21800000
prediction_position_error_mm,655.9633016586304,21800000
prediction_orientation_error_deg,0,21800000
owd_uplink_ms,49.186,21900000
owd_downlink_ms,49.819,21900000
correction_magnitude_mm,313.7570917606354,21398448
correction_magnitude_deg,0,21398448
prediction_position_error_mm,599.6907353401184,21900000
prediction_orientation_error_deg,0,21900000
owd_uplink_ms,49.1123,22000000
owd_downlink_ms,49.6164,22000000
correction_magnitude_mm,295.7901060581207,21499079
correction_magnitude_deg,0,21499079
prediction_position_error_mm,539.7120118141174,22000000
prediction_orientation_error_deg,0,22000000
prediction_position_error_mm,609.8319292068481,22100000
prediction_orientation_error_deg,0,22100000
owd_uplink_ms,49.8099,22200000
owd_downlink_ms,49.3054,22200000
correction_magnitude_mm,340.5424654483795,21698449
correction_magnitude_deg,0,21698449
prediction_position_error_mm,549.1464734077454,22200000
prediction_orientation_error_deg,0,22200000
owd_uplink_ms,50.7918,22300000
owd_downlink_ms,50.4549,22300000
prediction_position_error_mm,608.1346273422241,22300000
prediction_orientation_error_deg,0,22300000
owd_uplink_ms,49.4684,22400000
owd_downlink_ms,50.4733,22400000
correction_magnitude_mm,300.7591664791107,21799285
correction_magnitude_deg,0,21799285
prediction_position_error_mm,526.2511968612671,22400000
prediction_orientation_error_deg,0,22400000
owd_uplink_ms,49.9652,22500000
owd_downlink_ms,50.6823,22500000
correction_magnitude_mm,263.96048069000244,21900181
correction_magnitude_deg,0,21900181
prediction_position_error_mm,456.3615322113037,22500000
prediction_orientation_error_deg,0,22500000
prediction_position_error_mm,501.78176164627075,22600000
prediction_orientation_error_deg,0,22600000
owd_uplink_ms,50.5106,22700000
owd_downlink_ms,50.1145,22700000
correction_magnitude_mm,274.9537229537964,22099686
correction_magnitude_deg,0,22099686
owd_uplink_ms,50.0116,22700000
owd_downlink_ms,50.784,22700000
correction_magnitude_mm,192.83486902713776,22100651
correction_magnitude_deg,0,22100651
owd_uplink_ms,49.398,22700000
owd_downlink_ms,49.67,22700000
correction_magnitude_mm,37.735048681497574,22200991
correction_magnitude_deg,0,22200991
prediction_position_error_mm,456.71573281288147,22700000
prediction_orientation_error_deg,0,22700000
prediction_position_error_mm,553.4128546714783,22800000
prediction_orientation_error_deg,0,22800000
owd_uplink_ms,50.8966,22900000
owd_downlink_ms,49.3392,22900000
correction_magnitude_mm,168.55581104755402,22399045
correction_magnitude_deg,0,22399045
prediction_position_error_mm,586.7142677307129,22900000
prediction_orientation_error_deg,0,22900000
owd_uplink_ms,50.578,23000000
owd_downlink_ms,49.5988,23000000
correction_magnitude_mm,207.9371064901352,22497821
correction_magnitude_deg,0,22497821
owd_uplink_ms,49.495,23000000
owd_downlink_ms,49.6215,23000000
correction_magnitude_mm,145.70081233978271,22497980
correction_magnitude_deg,0,22497980
prediction_position_error_mm,416.48992896080017,23000000
prediction_orientation_error_deg,0,23000000
prediction_position_error_mm,519.8959708213806,23100000
prediction_orientation_error_deg,0,23100000
owd_uplink_ms,49.6712,23200000
owd_downlink_ms,50.1713,23200000
prediction_position_error_mm,618.9923286437988,23200000
prediction_orientation_error_deg,0,23200000
owd_uplink_ms,49.2979,23300000
owd_downlink_ms,50.4966,23300000
correction_magnitude_mm,105.99550604820251,22700103
correction_magnitude_deg,0,22700103
prediction_position_error_mm,675.2865314483643,23300000
prediction_orientation_error_deg,0,23300000
owd_uplink_ms,50.0092,23400000
owd_downlink_ms,50.614,23400000
correction_magnitude_mm,175.02690851688385,22800858
correction_magnitude_deg,0,22800858
prediction_position_error_mm,688.3564591407776,23400000
prediction_orientation_error_deg,0,23400000
owd_uplink_ms,49.2544,23500000
owd_downlink_ms,50.0088,23500000
correction_magnitude_mm,218.31047534942627,22901800
correction_magnitude_deg,0,22901800
prediction_position_error_mm,679.1731715202332,23500000
prediction_orientation_error_deg,0,23500000
owd_uplink_ms,49.4587,23600000
owd_downlink_ms,50.4155,23600000
correction_magnitude_mm,242.31436848640442,23002995
correction_magnitude_deg,0,23002995
prediction_position_error_mm,652.2638201713562,23600000
prediction_orientation_error_deg,0,23600000
owd_uplink_ms,49.3639,23700000
owd_downlink_ms,49.8366,23700000
correction_magnitude_mm,251.41513347625732,23103585
correction_magnitude_deg,0,23103585
prediction_position_error_mm,617.2839403152466,23700000
prediction_orientation_error_deg,0,23700000
owd_uplink_ms,50.8376,23800000
owd_downlink_ms,49.4323,23800000
correction_magnitude_mm,322.54257798194885,23301828
correction_magnitude_deg,0,23301828
prediction_position_error_mm,570.3043341636658,23800000
prediction_orientation_error_deg,0,23800000
owd_uplink_ms,49.4724,23900000
owd_downlink_ms,50.2137,23900000
correction_magnitude_mm,226.3866364955902,23302754
correction_magnitude_deg,0,23302754
prediction_position_error_mm,417.0999825000763,23900000
prediction_orientation_error_deg,0,23900000
prediction_position_error_mm,513.3556127548218,24000000
prediction_orientation_error_deg,0,24000000
owd_uplink_ms,50.9571,24100000
owd_downlink_ms,50.0416,24100000
correction_magnitude_mm,36.86731308698654,23501609
correction_magnitude_deg,0,23501609
owd_uplink_ms,50.4904,24100000
owd_downlink_ms,49.8751,24100000
correction_magnitude_mm,120.92302739620209,23600840
correction_magnitude_deg,0,23600840
prediction_position_error_mm,544.4270372390747,24100000
prediction_orientation_error_deg,0,24100000
owd_uplink_ms,49.5778,24200000
owd_downlink_ms,49.7466,24200000
correction_magnitude_mm,173.42539131641388,23701051
correction_magnitude_deg,0,23701051
prediction_position_error_mm,554.7086000442505,24200000
prediction_orientation_error_deg,0,24200000
owd_uplink_ms,50.9584,24300000
owd_downlink_ms,50.5463,24300000
owd_uplink_ms,49.4336,24300000
owd_downlink_ms,49.2713,24300000
correction_magnitude_mm,207.66934752464294,23800333
correction_magnitude_deg,0,23800333
prediction_position_error_mm,547.8023290634155,24300000
prediction_orientation_error_deg,0,24300000
prediction_position_error_mm,632.1132183074951,24400000
prediction_orientation_error_deg,0,24400000
owd_uplink_ms,50.0204,24500000
owd_downlink_ms,50.7231,24500000
correction_magnitude_mm,226.72158479690552,23901211
correction_magnitude_deg,0,23901211
owd_uplink_ms,49.2631,24500000
owd_downlink_ms,49.3659,24500000
correction_magnitude_mm,232.6398491859436,24001339
correction_magnitude_deg,0,24001339
prediction_position_error_mm,499.6163249015808,24500000
prediction_orientation_error_deg,0,24500000
prediction_position_error_mm,562.36732006073,24600000
prediction_orientation_error_deg,0,24600000
owd_uplink_ms,49.2996,24700000
owd_downlink_ms,49.2869,24700000
correction_magnitude_mm,296.46220803260803,24201323
correction_magnitude_deg,0,24201323
prediction_position_error_mm,517.8771615028381,24700000
prediction_orientation_error_deg,0,24700000
owd_uplink_ms,50.3926,24800000
owd_downlink_ms,50.8121,24800000
correction_magnitude_mm,207.87017047405243,24201847
correction_magnitude_deg,0,24201847
prediction_position_error_mm,476.2391746044159,24800000
prediction_orientation_error_deg,0,24800000
owd_uplink_ms,49.9886,24900000
owd_downlink_ms,50.0567,24900000
correction_magnitude_mm,41.611235588788986,24301932
correction_magnitude_deg,0,24301932
prediction_position_error_mm,592.7475094795227,24900000
prediction_orientation_error_deg,0,24900000
owd_uplink_ms,50.1095,25000000
owd_downlink_ms,49.3976,25000000
correction_magnitude_mm,173.88169467449188,24501042
correction_magnitude_deg,0,24501042
prediction_position_error_mm,627.4985074996948,25000000
prediction_orientation_error_deg,0,25000000
owd_uplink_ms,50.4309,25100000
owd_downlink_ms,49.0818,25100000
correction_magnitude_mm,225.33035278320312,24599356
correction_magnitude_deg,0,24599356
owd_uplink_ms,49.2771,25100000
owd_downlink_ms,49.5256,25100000
correction_magnitude_mm,158.01265835762024,24599667
correction_magnitude_deg,0,24599667
prediction_position_error_mm,373.5644519329071,25100000
prediction_orientation_error_deg,0,25100000
owd_uplink_ms,49.3697,25200000
owd_downlink_ms,49.7625,25200000
correction_magnitude_mm,14.17772751301527,24700157
correction_magnitude_deg,0,24700157
prediction_position_error_mm,473.6725091934204,25200000
prediction_orientation_error_deg,0,25200000
owd_uplink_ms,49.3798,25300000
owd_downlink_ms,49.3851,25300000
correction_magnitude_mm,86.11766993999481,24800163
correction_magnitude_deg,0,24800163
prediction_position_error_mm,530.7766199111938,25300000
prediction_orientation_error_deg,0,25300000
owd_uplink_ms,49.3855,25400000
owd_downlink_ms,49.0604,25400000
correction_magnitude_mm,153.24437618255615,24899757
correction_magnitude_deg,0,24899757
prediction_position_error_mm,554.9479126930237,25400000
prediction_orientation_error_deg,0,25400000
prediction_position_error_mm,639.3030881881714,25500000
prediction_orientation_error_deg,0,25500000
owd_uplink_ms,50.1778,25600000
owd_downlink_ms,49.9384,25600000
correction_magnitude_mm,288.49661350250244,25099458
correction_magnitude_deg,0,25099458
prediction_position_error_mm,623.852550983429,25600000
prediction_orientation_error_deg,0,25600000
owd_uplink_ms,49.933,25700000
owd_downlink_ms,49.253,25700000
correction_magnitude_mm,285.5431139469147,25198609
correction_magnitude_deg,0,25198609
prediction_position_error_mm,579.0661573410034,25700000
prediction_orientation_error_deg,0,25700000
prediction_position_error_mm,650.2728462219238,25800000
prediction_orientation_error_deg,0,25800000
owd_uplink_ms,50.4665,25900000
owd_downlink_ms,50.3052,25900000
correction_magnitude_mm,275.3955125808716,25298408
correction_magnitude_deg,0,25298408
owd_uplink_ms,50.6103,25900000
owd_downlink_ms,49.4927,25900000
correction_magnitude_mm,259.1440677642822,25397011
correction_magnitude_deg,0,25397011
prediction_position_error_mm,480.2669286727905,25900000
prediction_orientation_error_deg,0,25900000
owd_uplink_ms,48.8628,26000000
owd_downlink_ms,49.847,26000000
correction_magnitude_mm,237.4071180820465,25498242
correction_magnitude_deg,0,25498242
prediction_position_error_mm,428.67496609687805,26000000
prediction_orientation_error_deg,0,26000000
owd_uplink_ms,50.4447,26100000
owd_downlink_ms,50.8394,26100000
correction_magnitude_mm,166.4646416902542,25498736
correction_magnitude_deg,0,25498736
prediction_position_error_mm,506.33400678634644,26100000
prediction_orientation_error_deg,0,26100000
owd_uplink_ms,50.1937,26200000
owd_downlink_ms,50.0177,26200000
correction_magnitude_mm,87.51551806926727,25698516
correction_magnitude_deg,0,25698516
prediction_position_error_mm,582.3336243629456,26200000
prediction_orientation_error_deg,0,26200000
owd_uplink_ms,49.8278,26300000
owd_downlink_ms,49.6422,26300000
correction_magnitude_mm,168.34500432014465,25798285
correction_magnitude_deg,0,25798285
owd_uplink_ms,50.5492,26300000
owd_downlink_ms,49.8967,26300000
prediction_position_error_mm,605.1108837127686,26300000
prediction_orientation_error_deg,0,26300000
prediction_position_error_mm,703.1917572021484,26400000
prediction_orientation_error_deg,0,26400000
owd_uplink_ms,50.2194,26500000
owd_downlink_ms,49.6585,26500000
correction_magnitude_mm,312.39214539527893,25996770
correction_magnitude_deg,0,25996770
prediction_position_error_mm,683.8214993476868,26500000
prediction_orientation_error_deg,0,26500000
owd_uplink_ms,49.4188,26600000
owd_downlink_ms,50.4597,26600000
correction_magnitude_mm,219.8309451341629,25998071
correction_magnitude_deg,0,25998071
prediction_position_error_mm,421.18245363235474,26600000
prediction_orientation_error_deg,0,26600000
owd_uplink_ms,50.5876,26700000
owd_downlink_ms,49.6796,26700000
correction_magnitude_mm,36.17056459188461,26196936
correction_magnitude_deg,0,26196936
prediction_position_error_mm,507.5867772102356,26700000
prediction_orientation_error_deg,0,26700000
owd_uplink_ms,49.6018,26800000
owd_downlink_ms,51.0861,26800000
correction_magnitude_mm,27.162544429302216,26198792
correction_magnitude_deg,0,26198792
prediction_position_error_mm,326.1276185512543,26800000
prediction_orientation_error_deg,0,26800000
owd_uplink_ms,50.0795,26900000
owd_downlink_ms,49.9715,26900000
correction_magnitude_mm,125.6803572177887,26398658
correction_magnitude_deg,0,26398658
prediction_position_error_mm,329.96127009391785,26900000
prediction_orientation_error_deg,0,26900000
owd_uplink_ms,50.0859,27000000
owd_downlink_ms,49.7573,27000000
correction_magnitude_mm,136.98826730251312,26498248
correction_magnitude_deg,0,26498248
prediction_position_error_mm,321.91699743270874,27000000
prediction_orientation_error_deg,0,27000000
prediction_position_error_mm,366.87642335891724,27100000
prediction_orientation_error_deg,0,27100000
owd_uplink_ms,50.7665,27200000
owd_downlink_ms,50.364,27200000
correction_magnitude_mm,136.1514776945114,26597746
correction_magnitude_deg,0,26597746
owd_uplink_ms,49.0909,27200000
owd_downlink_ms,50.2763,27200000
correction_magnitude_mm,95.98054736852646,26599228
correction_magnitude_deg,0,26599228
prediction_position_error_mm,561.4495277404785,27200000
prediction_orientation_error_deg,0,27200000
owd_uplink_ms,49.6425,27300000
owd_downlink_ms,49.2756,27300000
correction_magnitude_mm,141.54963195323944,26798770
correction_magnitude_deg,0,26798770
owd_uplink_ms,49.9532,27300000
owd_downlink_ms,50.0259,27300000
correction_magnitude_mm,99.17477518320084,26798862
correction_magnitude_deg,0,26798862
prediction_position_error_mm,408.3220660686493,27300000
prediction_orientation_error_deg,0,27300000
owd_uplink_ms,49.6749,27400000
owd_downlink_ms,49.1823,27400000
correction_magnitude_mm,25.34867450594902,26898247
correction_magnitude_deg,0,26898247
prediction_position_error_mm,492.13749170303345,27400000
prediction_orientation_error_deg,0,27400000
prediction_position_error_mm,586.6047739982605,27500000
prediction_orientation_error_deg,0,27500000
owd_uplink_ms,50.2549,27600000
owd_downlink_ms,49.376,27600000
correction_magnitude_mm,210.45076847076416,27097149
correction_magnitude_deg,0,27097149
prediction_position_error_mm,601.9552946090698,27600000
prediction_orientation_error_deg,0,27600000
owd_uplink_ms,50.3898,27700000
owd_downlink_ms,50.1553,27700000
correction_magnitude_mm,233.72118175029755,27196857
correction_magnitude_deg,0,27196857
prediction_position_error_mm,587.7094864845276,27700000
prediction_orientation_error_deg,0,27700000
owd_uplink_ms,49.0588,27800000
owd_downlink_ms,50.4197,27800000
correction_magnitude_mm,165.11988639831543,27198559
correction_magnitude_deg,0,27198559
owd_uplink_ms,49.7865,27800000
owd_downlink_ms,49.9848,27800000
correction_magnitude_mm,10.636082850396633,27298807
correction_magnitude_deg,0,27298807
prediction_position_error_mm,512.8072500228882,27800000
prediction_orientation_error_deg,0,27800000
prediction_position_error_mm,622.4632859230042,27900000
prediction_orientation_error_deg,0,27900000
owd_uplink_ms,49.1607,28000000
owd_downlink_ms,50.7139,28000000
correction_magnitude_mm,99.2380827665329,27400748
correction_magnitude_deg,0,27400748
prediction_position_error_mm,675.1847863197327,28000000
prediction_orientation_error_deg,0,28000000
owd_uplink_ms,49.6689,28100000
owd_downlink_ms,50.733,28100000
correction_magnitude_mm,172.5902259349823,27502077
correction_magnitude_deg,0,27502077
owd_uplink_ms,49.9519,28100000
owd_downlink_ms,49.7327,28100000
correction_magnitude_mm,217.30583906173706,27601803
correction_magnitude_deg,0,27601803
prediction_position_error_mm,597.0292091369629,28100000
prediction_orientation_error_deg,0,28100000
prediction_position_error_mm,692.229151725769,28200000
prediction_orientation_error_deg,0,28200000
owd_uplink_ms,49.5904,28300000
owd_downlink_ms,49.9654,28300000
correction_magnitude_mm,242.74174869060516,27702271
correction_magnitude_deg,0,27702271
prediction_position_error_mm,661.5081429481506,28300000
prediction_orientation_error_deg,0,28300000
owd_uplink_ms,50.1359,28400000
owd_downlink_ms,49.5298,28400000
correction_magnitude_mm,335.3447616100311,27901513
correction_magnitude_deg,0,27901513
prediction_position_error_mm,618.8264489173889,28400000
prediction_orientation_error_deg,0,28400000
owd_uplink_ms,50.2662,28500000
owd_downlink_ms,50.337,28500000
correction_magnitude_mm,234.80568826198578,27901601
correction_magnitude_deg,0,27901601
prediction_position_error_mm,409.59298610687256,28500000
prediction_orientation_error_deg,0,28500000
prediction_position_error_mm,499.7047781944275,28600000
prediction_orientation_error_deg,0,28600000
owd_uplink_ms,50.92,28700000
owd_downlink_ms,50.5687,28700000
correction_magnitude_mm,30.35811334848404,28101162
correction_magnitude_deg,0,28101162
owd_uplink_ms,50.7266,28700000
owd_downlink_ms,49.4615,28700000
correction_magnitude_mm,109.47473347187042,28199582
correction_magnitude_deg,0,28199582
prediction_position_error_mm,533.3573222160339,28700000
prediction_orientation_error_deg,0,28700000
owd_uplink_ms,49.808,28800000
owd_downlink_ms,50.0375,28800000
correction_magnitude_mm,76.90927386283875,28199870
correction_magnitude_deg,0,28199870
prediction_position_error_mm,570.870041847229,28800000
prediction_orientation_error_deg,0,28800000
owd_uplink_ms,50.2178,28900000
owd_downlink_ms,49.7796,28900000
correction_magnitude_mm,150.4957377910614,28399323
correction_magnitude_deg,0,28399323
prediction_position_error_mm,619.3522810935974,28900000
prediction_orientation_error_deg,0,28900000
owd_uplink_ms,50.5693,29000000
owd_downlink_ms,49.5782,29000000
correction_magnitude_mm,206.77293837070465,28498085
correction_magnitude_deg,0,28498085
prediction_position_error_mm,628.5106539726257,29000000
prediction_orientation_error_deg,0,29000000
owd_uplink_ms,49.4033,29100000
owd_downlink_ms,49.5653,29100000
correction_magnitude_mm,246.2407499551773,28598288
correction_magnitude_deg,0,28598288
prediction_position_error_mm,614.1005158424377,29100000
prediction_orientation_error_deg,0,29100000
owd_uplink_ms,50.2778,29200000
owd_downlink_ms,50.839,29200000
correction_magnitude_mm,172.95868694782257,28598990
correction_magnitude_deg,0,28598990
owd_uplink_ms,49.4644,29200000
owd_downlink_ms,49.9303,29200000
correction_magnitude_mm,25.46709030866623,28699573
correction_magnitude_deg,0,28699573
prediction_position_error_mm,457.6191008090973,29200000
prediction_orientation_error_deg,0,29200000
prediction_position_error_mm,557.6110482215881,29300000
prediction_orientation_error_deg,0,29300000
owd_uplink_ms,50.1169,29400000
owd_downlink_ms,50.0121,29400000
correction_magnitude_mm,177.08325386047363,28899442
correction_magnitude_deg,0,28899442
prediction_position_error_mm,586.1404538154602,29400000
prediction_orientation_error_deg,0,29400000
prediction_position_error_mm,673.3719706535339,29500000
prediction_orientation_error_deg,0,29500000
owd_uplink_ms,50.5405,29600000
owd_downlink_ms,50.5671,29600000
correction_magnitude_mm,216.34677052497864,28999476
correction_magnitude_deg,0,28999476
prediction_position_error_mm,666.8388843536377,29600000
prediction_orientation_error_deg,0,29600000
owd_uplink_ms,50.6839,29700000
owd_downlink_ms,50.5171,29700000
correction_magnitude_mm,237.10675537586212,29099268
correction_magnitude_deg,0,29099268
owd_uplink_ms,49.6429,29700000
owd_downlink_ms,49.4387,29700000
correction_magnitude_mm,239.45435881614685,29199013
correction_magnitude_deg,0,29199013
owd_uplink_ms,50.4804,29700000
owd_downlink_ms,49.6556,29700000
prediction_position_error_mm,530.7480096817017,29700000
prediction_orientation_error_deg,0,29700000
prediction_position_error_mm,602.1844744682312,29800000
prediction_orientation_error_deg,0,29800000
prediction_position_error_mm,668.5097217559814,29900000
prediction_orientation_error_deg,0,29900000
owd_uplink_ms,50.5022,30000000
owd_downlink_ms,50.2744,30000000
correction_magnitude_mm,314.6106004714966,29397699
correction_magnitude_deg,0,29397699
owd_uplink_ms,49.4575,30000000
owd_downlink_ms,49.9295,30000000
correction_magnitude_mm,282.3149263858795,29498290
correction_magnitude_deg,0,29498290
owd_uplink_ms,50.1026,30000000
owd_downlink_ms,49.9878,30000000
prediction_position_error_mm,495.09626626968384,30000000
prediction_orientation_error_deg,0,30000000
prediction_position_error_mm,553.333044052124,30100000
prediction_orientation_error_deg,0,30100000
prediction_position_error_mm,606.4323782920837,30200000
prediction_orientation_error_deg,0,30200000
owd_uplink_ms,50.5098,30300000
owd_downlink_ms,51.1018,30300000
correction_magnitude_mm,319.62254643440247,29698887
correction_magnitude_deg,0,29698887
prediction_position_error_mm,545.1599359512329,30300000
prediction_orientation_error_deg,0,30300000
owd_uplink_ms,50.0376,30400000
owd_downlink_ms,50.3519,30400000
correction_magnitude_mm,277.4523198604584,29799280
correction_magnitude_deg,0,29799280
owd_uplink_ms,49.5176,30400000
owd_downlink_ms,49.3559,30400000
correction_magnitude_mm,234.20056700706482,29899079
correction_magnitude_deg,0,29899079
prediction_position_error_mm,360.0258529186249,30400000
prediction_orientation_error_deg,0,30400000
owd_uplink_ms,50.6422,30500000
owd_downlink_ms,50.2874,30500000
prediction_position_error_mm,398.11891317367554,30500000
prediction_orientation_error_deg,0,30500000
prediction_position_error_mm,431.0467839241028,30600000
prediction_orientation_error_deg,0,30600000
owd_uplink_ms,50.1868,30700000
owd_downlink_ms,50.1944,30700000
correction_magnitude_mm,245.11492252349854,30098646
correction_magnitude_deg,0,30098646
prediction_position_error_mm,378.59225273132324,30700000
prediction_orientation_error_deg,0,30700000
owd_uplink_ms,49.5112,30800000
owd_downlink_ms,50.5402,30800000
correction_magnitude_mm,201.3934999704361,30199933
correction_magnitude_deg,0,30199933
owd_uplink_ms,50.4844,30800000
owd_downlink_ms,50.8832,30800000
correction_magnitude_mm,141.14269614219666,30200431
correction_magnitude_deg,0,30200431
prediction_position_error_mm,531.6974520683289,30800000
prediction_orientation_error_deg,0,30800000
owd_uplink_ms,50.4479,30900000
owd_downlink_ms,49.7091,30900000
correction_magnitude_mm,105.41285574436188,30399508
correction_magnitude_deg,0,30399508
prediction_position_error_mm,597.2970128059387,30900000
prediction_orientation_error_deg,0,30900000
prediction_position_error_mm,695.7021951675415,31000000
prediction_orientation_error_deg,0,31000000
owd_uplink_ms,50.6665,31100000
owd_downlink_ms,50.97,31100000
correction_magnitude_mm,177.71892249584198,30499888
correction_magnitude_deg,0,30499888
prediction_position_error_mm,719.2900776863098,31100000
prediction_orientation_error_deg,0,31100000
owd_uplink_ms,49.9541,31200000
owd_downlink_ms,50.1841,31200000
correction_magnitude_mm,228.08745503425598,30600175
correction_magnitude_deg,0,30600175
owd_uplink_ms,50.0624,31200000
owd_downlink_ms,50.3342,31200000
correction_magnitude_mm,159.95366871356964,30600514
correction_magnitude_deg,0,30600514
prediction_position_error_mm,461.6219997406006,31200000
prediction_orientation_error_deg,0,31200000
prediction_position_error_mm,556.4306378364563,31300000
prediction_orientation_error_deg,0,31300000
owd_uplink_ms,50.3116,31400000
owd_downlink_ms,50.17,31400000
correction_magnitude_mm,77.52279937267303,30800336
correction_magnitude_deg,0,30800336
owd_uplink_ms,49.7403,31400000
owd_downlink_ms,50.3028,31400000
correction_magnitude_mm,54.960571229457855,30801039
correction_magnitude_deg,0,30801039
owd_uplink_ms,49.5702,31400000
owd_downlink_ms,49.6751,31400000
correction_magnitude_mm,66.80525839328766,30901170
correction_magnitude_deg,0,30901170
prediction_position_error_mm,556.2266111373901,31400000
prediction_orientation_error_deg,0,31400000
prediction_position_error_mm,659.3881845474243,31500000
prediction_orientation_error_deg,0,31500000
owd_uplink_ms,49.5026,31600000
owd_downlink_ms,49.2191,31600000
correction_magnitude_mm,252.71663069725037,31100815
correction_magnitude_deg,0,31100815
owd_uplink_ms,50.5818,31600000
owd_downlink_ms,49.6935,31600000
prediction_position_error_mm,667.7802801132202,31600000
prediction_orientation_error_deg,0,31600000
prediction_position_error_mm,767.1480178833008,31700000
prediction_orientation_error_deg,0,31700000
owd_uplink_ms,50.8047,31800000
owd_downlink_ms,50.084,31800000
correction_magnitude_mm,368.5634136199951,31298805
correction_magnitude_deg,0,31298805
prediction_position_error_mm,727.9583215713501,31800000
prediction_orientation_error_deg,0,31800000
owd_uplink_ms,50.4077,31900000
owd_downlink_ms,50.137,31900000
correction_magnitude_mm,351.47157311439514,31398467
correction_magnitude_deg,0,31398467
prediction_position_error_mm,663.2399559020996,31900000
prediction_orientation_error_deg,0,31900000
owd_uplink_ms,50.3749,32000000
owd_downlink_ms,49.7396,32000000
correction_magnitude_mm,328.6108672618866,31497674
correction_magnitude_deg,0,31497674
prediction_position_error_mm,597.9447960853577,32000000
prediction_orientation_error_deg,0,32000000
prediction_position_error_mm,671.2120771408081,32100000
prediction_orientation_error_deg,0,32100000
owd_uplink_ms,50.6086,32200000
owd_downlink_ms,51.0688,32200000
correction_magnitude_mm,303.68441343307495,31598250
correction_magnitude_deg,0,31598250
prediction_position_error_mm,604.036808013916,32200000
prediction_orientation_error_deg,0,32200000
owd_uplink_ms,50.5592,32300000
owd_downlink_ms,50.5294,32300000
correction_magnitude_mm,276.76501870155334,31698213
correction_magnitude_deg,0,31698213
owd_uplink_ms,49.9634,32300000
owd_downlink_ms,49.9055,32300000
correction_magnitude_mm,249.601811170578,31798141
correction_magnitude_deg,0,31798141
prediction_position_error_mm,417.5696671009064,32300000
prediction_orientation_error_deg,0,32300000
owd_uplink_ms,49.7952,32400000
owd_downlink_ms,49.4939,32400000
correction_magnitude_mm,222.96862304210663,31897765
correction_magnitude_deg,0,31897765
prediction_position_error_mm,365.36234617233276,32400000
prediction_orientation_error_deg,0,32400000
prediction_position_error_mm,407.0504307746887,32500000
prediction_orientation_error_deg,0,32500000
owd_uplink_ms,50.6693,32600000
owd_downlink_ms,50.3637,32600000
correction_magnitude_mm,197.6345032453537,31997384
correction_magnitude_deg,0,31997384
owd_uplink_ms,50.0121,32600000
owd_downlink_ms,49.6703,32600000
correction_magnitude_mm,173.95702004432678,32096957
correction_magnitude_deg,0,32096957
prediction_position_error_mm,280.1893651485443,32600000
prediction_orientation_error_deg,0,32600000
owd_uplink_ms,49.5299,32700000
owd_downlink_ms,50.1388,32700000
correction_magnitude_mm,157.6395481824875,32197719
correction_magnitude_deg,0,32197719
prediction_position_error_mm,239.8083508014679,32700000
prediction_orientation_error_deg,0,32700000
owd_uplink_ms,50.0762,32800000
owd_downlink_ms,50.5129,32800000
correction_magnitude_mm,110.4603111743927,32198265
correction_magnitude_deg,0,32198265
prediction_position_error_mm,498.5731542110443,32800000
prediction_orientation_error_deg,0,32800000
owd_uplink_ms,50.6174,32900000
owd_downlink_ms,49.8637,32900000
correction_magnitude_mm,116.56028777360916,32397323
correction_magnitude_deg,0,32397323
prediction_position_error_mm,544.4737672805786,32900000
prediction_orientation_error_deg,0,32900000
owd_uplink_ms,50.0623,33000000
owd_downlink_ms,50.1101,33000000
correction_magnitude_mm,174.7233122587204,32497383
correction_magnitude_deg,0,32497383
prediction_position_error_mm,558.8251948356628,33000000
prediction_orientation_error_deg,0,33000000
prediction_position_error_mm,651.8241763114929,33100000
prediction_orientation_error_deg,0,33100000
owd_uplink_ms,49.5059,33200000
owd_downlink_ms,50.8468,33200000
correction_magnitude_mm,206.54436945915222,32599059
correction_magnitude_deg,0,32599059
owd_uplink_ms,50.4255,33200000
owd_downlink_ms,50.9663,33200000
correction_magnitude_mm,145.16936242580414,32599736
correction_magnitude_deg,0,32599736
owd_uplink_ms,49.3796,33200000
owd_downlink_ms,49.3984,33200000
prediction_position_error_mm,522.757887840271,33200000
prediction_orientation_error_deg,0,33200000
prediction_position_error_mm,627.7768015861511,33300000
prediction_orientation_error_deg,0,33300000
owd_uplink_ms,49.7302,33400000
owd_downlink_ms,49.2492,33400000
correction_magnitude_mm,211.9726985692978,32899159
correction_magnitude_deg,0,32899159
prediction_position_error_mm,653.224527835846,33400000
prediction_orientation_error_deg,0,33400000
owd_uplink_ms,50.2822,33500000
owd_downlink_ms,50.1109,33500000
owd_uplink_ms,49.1431,33500000
owd_downlink_ms,49.1651,33500000
correction_magnitude_mm,250.04413723945618,32998974
correction_magnitude_deg,0,32998974
prediction_position_error_mm,647.480309009552,33500000
prediction_orientation_error_deg,0,33500000
prediction_position_error_mm,736.6651892662048,33600000
prediction_orientation_error_deg,0,33600000
owd_uplink_ms,49.9274,33700000
owd_downlink_ms,49.8008,33700000
correction_magnitude_mm,358.39593410491943,33198816
correction_magnitude_deg,0,33198816
prediction_position_error_mm,701.554536819458,33700000
prediction_orientation_error_deg,0,33700000
owd_uplink_ms,49.9348,33800000
owd_downlink_ms,49.7791,33800000
correction_magnitude_mm,339.6487832069397,33298622
correction_magnitude_deg,0,33298622
prediction_position_error_mm,637.3574137687683,33800000
prediction_orientation_error_deg,0,33800000
prediction_position_error_mm,710.9525203704834,33900000
prediction_orientation_error_deg,0,33900000
owd_uplink_ms,50.6298,34000000
owd_downlink_ms,50.3097,34000000
correction_magnitude_mm,316.17844104766846,33398223
correction_magnitude_deg,0,33398223
owd_uplink_ms,49.6297,34000000
owd_downlink_ms,49.7605,34000000
correction_magnitude_mm,295.7249879837036,33498387
correction_magnitude_deg,0,33498387
prediction_position_error_mm,504.30893898010254,34000000
prediction_orientation_error_deg,0,34000000
owd_uplink_ms,50.8425,34100000
owd_downlink_ms,50.9177,34100000
correction_magnitude_mm,207.05938339233398,33498481
correction_magnitude_deg,0,33498481
prediction_position_error_mm,426.15076899528503,34100000
prediction_orientation_error_deg,0,34100000
owd_uplink_ms,49.0799,34200000
owd_downlink_ms,49.3526,34200000
correction_magnitude_mm,45.24155706167221,33698822
correction_magnitude_deg,0,33698822
prediction_position_error_mm,509.18424129486084,34200000
prediction_orientation_error_deg,0,34200000
owd_uplink_ms,50.6427,34300000
owd_downlink_ms,50.2373,34300000
owd_uplink_ms,49.5742,34300000
owd_downlink_ms,49.9785,34300000
correction_magnitude_mm,125.90301036834717,33798822
correction_magnitude_deg,0,33798822
prediction_position_error_mm,546.7730164527893,34300000
prediction_orientation_error_deg,0,34300000
prediction_position_error_mm,632.2892904281616,34400000
prediction_orientation_error_deg,0,34400000
prediction_position_error_mm,727.831244468689,34500000
prediction_orientation_error_deg,0,34500000
owd_uplink_ms,50.2764,34600000
owd_downlink_ms,50.9078,34600000
correction_magnitude_mm,274.9039828777313,33999612
correction_magnitude_deg,0,33999612
owd_uplink_ms,50.3108,34600000
owd_downlink_ms,49.8867,34600000
correction_magnitude_mm,273.2882499694824,34099083
correction_magnitude_deg,0,34099083
prediction_position_error_mm,582.9951167106628,34600000
prediction_orientation_error_deg,0,34600000
owd_uplink_ms,49.3307,34700000
owd_downlink_ms,50.486,34700000
correction_magnitude_mm,192.50217080116272,34100526
correction_magnitude_deg,0,34100526
prediction_position_error_mm,489.74332213401794,34700000
prediction_orientation_error_deg,0,34700000
prediction_position_error_mm,599.6620059013367,34800000
prediction_orientation_error_deg,0,34800000
owd_uplink_ms,50.7716,34900000
owd_downlink_ms,50.592,34900000
correction_magnitude_mm,70.05122303962708,34300301
correction_magnitude_deg,0,34300301
owd_uplink_ms,50.5534,34900000
owd_downlink_ms,49.6659,34900000
correction_magnitude_mm,156.91474080085754,34399192
correction_magnitude_deg,0,34399192
prediction_position_error_mm,601.4211177825928,34900000
prediction_orientation_error_deg,0,34900000
owd_uplink_ms,49.4381,35000000
owd_downlink_ms,50.6056,35000000
correction_magnitude_mm,111.21438443660736,34400651
correction_magnitude_deg,0,34400651
prediction_position_error_mm,496.6142475605011,35000000
prediction_orientation_error_deg,0,35000000
prediction_position_error_mm,586.7688059806824,35100000
prediction_orientation_error_deg,0,35100000
owd_uplink_ms,50.4001,35200000
owd_downlink_ms,50.1498,35200000
correction_magnitude_mm,111.84151470661163,34600338
correction_magnitude_deg,0,34600338
owd_uplink_ms,49.9567,35200000
owd_downlink_ms,50.3211,35200000
correction_magnitude_mm,78.73642444610596,34600793
correction_magnitude_deg,0,34600793
prediction_position_error_mm,568.820595741272,35200000
prediction_orientation_error_deg,0,35200000
owd_uplink_ms,49.6225,35300000
owd_downlink_ms,49.0344,35300000
correction_magnitude_mm,154.08796072006226,34800057
correction_magnitude_deg,0,34800057
owd_uplink_ms,50.1001,35300000
owd_downlink_ms,49.984,35300000
prediction_position_error_mm,615.8950924873352,35300000
prediction_orientation_error_deg,0,35300000
prediction_position_error_mm,723.3232855796814,35400000
prediction_orientation_error_deg,0,35400000
owd_uplink_ms,50.5581,35500000
owd_downlink_ms,50.0677,35500000
correction_magnitude_mm,307.4263632297516,34999300
correction_magnitude_deg,0,34999300
prediction_position_error_mm,705.5959701538086,35500000
prediction_orientation_error_deg,0,35500000
prediction_position_error_mm,808.3235621452332,35600000
prediction_orientation_error_deg,0,35600000
owd_uplink_ms,49.2757,35700000
owd_downlink_ms,50.4291,35700000
correction_magnitude_mm,319.4394111633301,35100741
correction_magnitude_deg,0,35100741
owd_uplink_ms,51.0386,35700000
owd_downlink_ms,50.8952,35700000
prediction_position_error_mm,753.7394165992737,35700000
prediction_orientation_error_deg,0,35700000
owd_uplink_ms,50.0399,35800000
owd_downlink_ms,49.6585,35800000
correction_magnitude_mm,395.1626121997833,35300084
correction_magnitude_deg,0,35300084
prediction_position_error_mm,693.8543319702148,35800000
prediction_orientation_error_deg,0,35800000
owd_uplink_ms,49.6741,35900000
owd_downlink_ms,49.6997,35900000
correction_magnitude_mm,364.04410004615784,35400116
correction_magnitude_deg,0,35400116
owd_uplink_ms,50.809,35900000
owd_downlink_ms,49.9854,35900000
prediction_position_error_mm,612.4913692474365,35900000
prediction_orientation_error_deg,0,35900000
prediction_position_error_mm,683.9799284934998,36000000
prediction_orientation_error_deg,0,36000000
prediction_position_error_mm,755.4475665092468,36100000
prediction_orientation_error_deg,0,36100000
owd_uplink_ms,49.6581,36200000
owd_downlink_ms,50.0862,36200000
correction_magnitude_mm,397.6534903049469,35599622
correction_magnitude_deg,0,35599622
owd_uplink_ms,50.3225,36200000
owd_downlink_ms,50.1838,36200000
prediction_position_error_mm,666.9890284538269,36200000
prediction_orientation_error_deg,0,36200000
owd_uplink_ms,49.5783,36300000
owd_downlink_ms,50.1596,36300000
correction_magnitude_mm,344.26194429397583,35700175
correction_magnitude_deg,0,35700175
prediction_position_error_mm,572.2564458847046,36300000
prediction_orientation_error_deg,0,36300000
owd_uplink_ms,49.432,36400000
owd_downlink_ms,49.9705,36400000
correction_magnitude_mm,296.60120606422424,35800848
correction_magnitude_deg,0,35800848
owd_uplink_ms,49.3882,36400000
owd_downlink_ms,49.2854,36400000
correction_magnitude_mm,253.98677587509155,35900719
correction_magnitude_deg,0,35900719
prediction_position_error_mm,371.18348479270935,36400000
prediction_orientation_error_deg,0,36400000
owd_uplink_ms,49.2957,36500000
owd_downlink_ms,49.7312,36500000
correction_magnitude_mm,216.7457491159439,36001263
correction_magnitude_deg,0,36001263
prediction_position_error_mm,312.5670254230499,36500000
prediction_orientation_error_deg,0,36500000
prediction_position_error_mm,344.73827481269836,36600000
prediction_orientation_error_deg,0,36600000
owd_uplink_ms,49.5662,36700000
owd_downlink_ms,50.4354,36700000
correction_magnitude_mm,184.3031942844391,36102349
correction_magnitude_deg,0,36102349
prediction_position_error_mm,284.31129455566406,36700000
prediction_orientation_error_deg,0,36700000
owd_uplink_ms,51.0317,36800000
owd_downlink_ms,49.4509,36800000
correction_magnitude_mm,182.13611841201782,36300372
correction_magnitude_deg,0,36300372
prediction_position_error_mm,242.56274104118347,36800000
prediction_orientation_error_deg,0,36800000
owd_uplink_ms,49.4297,36900000
owd_downlink_ms,50.5933,36900000
correction_magnitude_mm,127.77623534202576,36301826
correction_magnitude_deg,0,36301826
owd_uplink_ms,50.0945,36900000
owd_downlink_ms,49.6815,36900000
correction_magnitude_mm,5.386051721870899,36401309
correction_magnitude_deg,0,36401309
prediction_position_error_mm,483.2167625427246,36900000
prediction_orientation_error_deg,0,36900000
prediction_position_error_mm,578.5076022148132,37000000
prediction_orientation_error_deg,0,37000000
owd_uplink_ms,49.5916,37100000
owd_downlink_ms,50.4339,37100000
correction_magnitude_mm,100.00964999198914,36502361
correction_magnitude_deg,0,36502361
owd_uplink_ms,49.3693,37100000
owd_downlink_ms,48.9318,37100000
correction_magnitude_mm,161.72684729099274,36601814
correction_magnitude_deg,0,36601814
prediction_position_error_mm,553.2547831535339,37100000
prediction_orientation_error_deg,0,37100000
prediction_position_error_mm,640.7482624053955,37200000
prediction_orientation_error_deg,0,37200000
prediction_position_error_mm,728.2676100730896,37300000
prediction_orientation_error_deg,0,37300000
owd_uplink_ms,50.8919,37400000
owd_downlink_ms,50.6488,37400000
correction_magnitude_mm,292.3131287097931,36801510
correction_magnitude_deg,0,36801510
prediction_position_error_mm,697.4207162857056,37400000
prediction_orientation_error_deg,0,37400000
owd_uplink_ms,50.6403,37500000
owd_downlink_ms,50.2605,37500000
correction_magnitude_mm,287.2307300567627,36901035
correction_magnitude_deg,0,36901035
prediction_position_error_mm,642.6007151603699,37500000
prediction_orientation_error_deg,0,37500000
owd_uplink_ms,50.8068,37600000
owd_downlink_ms,50.2112,37600000
correction_magnitude_mm,274.8674154281616,37000290
correction_magnitude_deg,0,37000290
prediction_position_error_mm,584.8943591117859,37600000
prediction_orientation_error_deg,0,37600000
owd_uplink_ms,50.9438,37700000
owd_downlink_ms,50.6406,37700000
correction_magnitude_mm,258.2504451274872,37099911
correction_magnitude_deg,0,37099911
owd_uplink_ms,50.2898,37700000
owd_downlink_ms,49.7902,37700000
correction_magnitude_mm,238.74235153198242,37199287
correction_magnitude_deg,0,37199287
prediction_position_error_mm,419.3372428417206,37700000
prediction_orientation_error_deg,0,37700000
prediction_position_error_mm,470.6784784793854,37800000
prediction_orientation_error_deg,0,37800000
owd_uplink_ms,50.5146,37900000
owd_downlink_ms,50.8362,37900000
correction_magnitude_mm,218.52107346057892,37299689
correction_magnitude_deg,0,37299689
prediction_position_error_mm,421.5727150440216,37900000
prediction_orientation_error_deg,0,37900000
owd_uplink_ms,49.5779,38000000
owd_downlink_ms,50.0709,38000000
correction_magnitude_mm,193.52595508098602,37400305
correction_magnitude_deg,0,37400305
owd_uplink_ms,50.6488,38000000
owd_downlink_ms,50.2407,38000000
prediction_position_error_mm,373.75232577323914,38000000
prediction_orientation_error_deg,0,38000000
owd_uplink_ms,49.1958,38100000
owd_downlink_ms,50.3711,38100000
correction_magnitude_mm,174.84205961227417,37501265
correction_magnitude_deg,0,37501265
prediction_position_error_mm,325.0742256641388,38100000
prediction_orientation_error_deg,0,38100000
owd_uplink_ms,49.2393,38200000
owd_downlink_ms,49.8364,38200000
correction_magnitude_mm,156.46402537822723,37602011
correction_magnitude_deg,0,37602011
owd_uplink_ms,49.7887,38200000
owd_downlink_ms,49.3175,38200000
correction_magnitude_mm,138.48631083965302,37701422
correction_magnitude_deg,0,37701422
prediction_position_error_mm,221.8555510044098,38200000
prediction_orientation_error_deg,0,38200000
owd_uplink_ms,49.3662,38300000
owd_downlink_ms,49.155,38300000
correction_magnitude_mm,121.87069654464722,37801157
correction_magnitude_deg,0,37801157
prediction_position_error_mm,196.3237226009369,38300000
prediction_orientation_error_deg,0,38300000
prediction_position_error_mm,213.6850655078888,38400000
prediction_orientation_error_deg,0,38400000
owd_uplink_ms,50.2,38500000
owd_downlink_ms,49.5095,38500000
correction_magnitude_mm,132.10873305797577,38000293
correction_magnitude_deg,0,38000293
prediction_position_error_mm,189.75748121738434,38500000
prediction_orientation_error_deg,0,38500000
owd_uplink_ms,49.3427,38600000
owd_downlink_ms,49.6684,38600000
correction_magnitude_mm,107.76228457689285,38100699
correction_magnitude_deg,0,38100699
prediction_position_error_mm,160.9153300523758,38600000
prediction_orientation_error_deg,0,38600000
owd_uplink_ms,50.2726,38700000
owd_downlink_ms,50.4302,38700000
correction_magnitude_mm,75.47362148761749,38100895
correction_magnitude_deg,0,38100895
owd_uplink_ms,49.8512,38700000
owd_downlink_ms,49.7809,38700000
correction_magnitude_mm,51.27108842134476,38200807
correction_magnitude_deg,0,38200807
prediction_position_error_mm,547.8808283805847,38700000
prediction_orientation_error_deg,0,38700000
prediction_position_error_mm,646.3404297828674,38800000
prediction_orientation_error_deg,0,38800000
prediction_position_error_mm,748.8018274307251,38900000
prediction_orientation_error_deg,0,38900000
owd_uplink_ms,49.674,39000000
owd_downlink_ms,50.4577,39000000
correction_magnitude_mm,242.0620173215866,38401786
correction_magnitude_deg,0,38401786
owd_uplink_ms,50.4105,39000000
owd_downlink_ms,50.7654,39000000
correction_magnitude_mm,169.86356675624847,38402229
correction_magnitude_deg,0,38402229
prediction_position_error_mm,458.69913697242737,39000000
prediction_orientation_error_deg,0,39000000
owd_uplink_ms,50.677,39100000
owd_downlink_ms,49.015,39100000
correction_magnitude_mm,74.91988688707352,38600151
correction_magnitude_deg,0,38600151
prediction_position_error_mm,522.7108597755432,39100000
prediction_orientation_error_deg,0,39100000
owd_uplink_ms,49.177,39200000
owd_downlink_ms,49.8003,39200000
correction_magnitude_mm,143.98042857646942,38700930
correction_magnitude_deg,0,38700930
prediction_position_error_mm,553.1234741210938,39200000
prediction_orientation_error_deg,0,39200000
owd_uplink_ms,50.4021,39300000
owd_downlink_ms,50.5687,39300000
correction_magnitude_mm,100.98301619291306,38701138
correction_magnitude_deg,0,38701138
prediction_position_error_mm,547.839879989624,39300000
prediction_orientation_error_deg,0,39300000
owd_uplink_ms,50.2018,39400000
owd_downlink_ms,49.5843,39400000
correction_magnitude_mm,132.539302110672,38900366
correction_magnitude_deg,0,38900366
prediction_position_error_mm,605.7358384132385,39400000
prediction_orientation_error_deg,0,39400000
owd_uplink_ms,50.5084,39500000
owd_downlink_ms,49.9478,39500000
correction_magnitude_mm,194.06256079673767,38999666
correction_magnitude_deg,0,38999666
prediction_position_error_mm,619.9488639831543,39500000
prediction_orientation_error_deg,0,39500000
owd_uplink_ms,49.2252,39600000
owd_downlink_ms,49.1686,39600000
correction_magnitude_mm,235.7553243637085,39099596
correction_magnitude_deg,0,39099596
owd_uplink_ms,49.8885,39600000
owd_downlink_ms,49.289,39600000
prediction_position_error_mm,609.6732020378113,39600000
prediction_orientation_error_deg,0,39600000
owd_uplink_ms,49.1511,39700000
owd_downlink_ms,49.6503,39700000
correction_magnitude_mm,253.85203957557678,39199471
correction_magnitude_deg,0,39199471
prediction_position_error_mm,580.4147720336914,39700000
prediction_orientation_error_deg,0,39700000
prediction_position_error_mm,661.5438461303711,39800000
prediction_orientation_error_deg,0,39800000
owd_uplink_ms,49.257,39900000
owd_downlink_ms,49.4657,39900000
correction_magnitude_mm,340.404212474823,39399732
correction_magnitude_deg,0,39399732
owd_uplink_ms,50.7,39900000
owd_downlink_ms,49.9744,39900000
prediction_position_error_mm,618.6227798461914,39900000
prediction_orientation_error_deg,0,39900000
owd_uplink_ms,49.139,40000000
owd_downlink_ms,49.7903,40000000
correction_magnitude_mm,314.3172562122345,39499640
correction_magnitude_deg,0,39499640
prediction_position_error_mm,549.4413375854492,40000000
prediction_orientation_error_deg,0,40000000
owd_uplink_ms,49.0918,40100000
owd_downlink_ms,49.5195,40100000
correction_magnitude_mm,286.98521852493286,39600174
correction_magnitude_deg,0,39600174
prediction_position_error_mm,487.02332377433777,40100000
prediction_orientation_error_deg,0,40100000
prediction_position_error_mm,544.903814792633,40200000
prediction_orientation_error_deg,0,40200000
prediction_position_error_mm,606.2146425247192,40300000
prediction_orientation_error_deg,0,40300000
owd_uplink_ms,50.1314,40400000
owd_downlink_ms,50.1737,40400000
correction_magnitude_mm,313.28219175338745,39800226
correction_magnitude_deg,0,39800226
prediction_position_error_mm,541.8190956115723,40400000
prediction_orientation_error_deg,0,40400000
owd_uplink_ms,49.8036,40500000
owd_downlink_ms,50.4717,40500000
correction_magnitude_mm,276.62336826324463,39901061
correction_magnitude_deg,0,39901061
owd_uplink_ms,50.7484,40500000
owd_downlink_ms,50.6504,40500000
prediction_position_error_mm,462.5694751739502,40500000
prediction_orientation_error_deg,0,40500000
owd_uplink_ms,50.7342,40600000
owd_downlink_ms,49.481,40600000
correction_magnitude_mm,279.335618019104,40099372
correction_magnitude_deg,0,40099372
prediction_position_error_mm,399.0226686000824,40600000
prediction_orientation_error_deg,0,40600000
prediction_position_error_mm,439.55788016319275,40700000
prediction_orientation_error_deg,0,40700000
owd_uplink_ms,50.8547,40800000
owd_downlink_ms,50.5847,40800000
correction_magnitude_mm,236.13640666007996,40199035
correction_magnitude_deg,0,40199035
owd_uplink_ms,49.9877,40800000
owd_downlink_ms,49.6409,40800000
correction_magnitude_mm,202.21441984176636,40298602
correction_magnitude_deg,0,40298602
owd_uplink_ms,49.7255,40800000
owd_downlink_ms,49.8706,40800000
correction_magnitude_mm,141.59372448921204,40298784
correction_magnitude_deg,0,40298784
prediction_position_error_mm,385.3430151939392,40800000
prediction_orientation_error_deg,0,40800000
owd_uplink_ms,49.3733,40900000
owd_downlink_ms,49.8398,40900000
prediction_position_error_mm,485.9307110309601,40900000
prediction_orientation_error_deg,0,40900000
prediction_position_error_mm,579.505443572998,41000000
prediction_orientation_error_deg,0,41000000
owd_uplink_ms,49.7836,41100000
owd_downlink_ms,50.0669,41100000
correction_magnitude_mm,95.5907329916954,40499722
correction_magnitude_deg,0,40499722
prediction_position_error_mm,630.522608757019,41100000
prediction_orientation_error_deg,0,41100000
owd_uplink_ms,50.6418,41200000
owd_downlink_ms,49.367,41200000
correction_magnitude_mm,256.2984526157379,40698129
correction_magnitude_deg,0,40698129
prediction_position_error_mm,631.325900554657,41200000
prediction_orientation_error_deg,0,41200000
prediction_position_error_mm,721.4817404747009,41300000
prediction_orientation_error_deg,0,41300000
owd_uplink_ms,49.3688,41400000
owd_downlink_ms,50.2084,41400000
correction_magnitude_mm,267.07014441490173,40799179
correction_magnitude_deg,0,40799179
owd_uplink_ms,50.2809,41400000
owd_downlink_ms,50.5808,41400000
correction_magnitude_mm,187.26910650730133,40799554
correction_magnitude_deg,0,40799554
prediction_position_error_mm,488.1434440612793,41400000
prediction_orientation_error_deg,0,41400000
prediction_position_error_mm,588.1431102752686,41500000
prediction_orientation_error_deg,0,41500000
owd_uplink_ms,50.4358,41600000
owd_downlink_ms,50.3084,41600000
correction_magnitude_mm,75.17857849597931,40999395
correction_magnitude_deg,0,40999395
owd_uplink_ms,49.2558,41600000
owd_downlink_ms,50.535,41600000
correction_magnitude_mm,54.20592054724693,41000994
correction_magnitude_deg,0,41000994
owd_uplink_ms,49.8952,41600000
owd_downlink_ms,49.2192,41600000
correction_magnitude_mm,38.29284384846687,41100149
correction_magnitude_deg,0,41100149
prediction_position_error_mm,19.22179013490677,41600000
prediction_orientation_error_deg,0,41600000
prediction_position_error_mm,21.09791897237301,41700000
prediction_orientation_error_deg,0,41700000
prediction_position_error_mm,20.04232443869114,41800000
prediction_orientation_error_deg,0,41800000
owd_uplink_ms,50.5294,41900000
owd_downlink_ms,50.506,41900000
correction_magnitude_mm,21.9748355448246,41300119
correction_magnitude_deg,0,41300119
owd_uplink_ms,49.7115,41900000
owd_downlink_ms,49.2979,41900000
correction_magnitude_mm,17.19420589506626,41399602
correction_magnitude_deg,0,41399602
owd_uplink_ms,50.3879,41900000
owd_downlink_ms,49.5818,41900000
prediction_position_error_mm,2.807165961712599,41900000
prediction_orientation_error_deg,0,41900000
prediction_position_error_mm,4.030762240290642,42000000
prediction_orientation_error_deg,0,42000000
owd_uplink_ms,50.2546,42100000
owd_downlink_ms,49.5129,42100000
correction_magnitude_mm,5.6617967784404755,41597668
correction_magnitude_deg,0,41597668
prediction_position_error_mm,7.234695833176374,42100000
prediction_orientation_error_deg,0,42100000
prediction_position_error_mm,6.90022949129343,42200000
prediction_orientation_error_deg,0,42200000
owd_uplink_ms,50.5587,42300000
owd_downlink_ms,50.4779,42300000
owd_uplink_ms,49.2474,42300000
owd_downlink_ms,50.3503,42300000
prediction_position_error_mm,54.843876510858536,42300000
prediction_orientation_error_deg,0,42300000
owd_uplink_ms,49.1426,42400000
owd_downlink_ms,50.5843,42400000
correction_magnitude_mm,7.2818356566131115,41800749
correction_magnitude_deg,0,41800749
prediction_position_error_mm,63.57407569885254,42400000
prediction_orientation_error_deg,0,42400000
owd_uplink_ms,50.5877,42500000
owd_downlink_ms,49.304,42500000
correction_magnitude_mm,26.12743154168129,41999145
correction_magnitude_deg,0,41999145
prediction_position_error_mm,63.20076435804367,42500000
prediction_orientation_error_deg,0,42500000
prediction_position_error_mm,69.83491778373718,42600000
prediction_orientation_error_deg,0,42600000
owd_uplink_ms,50.3176,42700000
owd_downlink_ms,50.289,42700000
correction_magnitude_mm,27.16248296201229,42099110
correction_magnitude_deg,0,42099110
owd_uplink_ms,49.2077,42700000
owd_downlink_ms,49.1685,42700000
correction_magnitude_mm,24.49112944304943,42199062
correction_magnitude_deg,0,42199062
owd_uplink_ms,50.0965,42700000
owd_downlink_ms,49.4784,42700000
prediction_position_error_mm,54.93640527129173,42700000
prediction_orientation_error_deg,0,42700000
prediction_position_error_mm,64.97526168823242,42800000
prediction_orientation_error_deg,0,42800000
owd_uplink_ms,49.5637,42900000
owd_downlink_ms,50.2182,42900000
correction_magnitude_mm,24.603065103292465,42299109
correction_magnitude_deg,0,42299109
prediction_position_error_mm,58.50422382354736,42900000
prediction_orientation_error_deg,0,42900000
owd_uplink_ms,50.0087,43000000
owd_downlink_ms,49.821,43000000
correction_magnitude_mm,33.26129540801048,42498875
correction_magnitude_deg,0,42498875
prediction_position_error_mm,55.32633140683174,43000000
prediction_orientation_error_deg,0,43000000
owd_uplink_ms,49.7549,43100000
owd_downlink_ms,49.6705,43100000
correction_magnitude_mm,27.120420709252357,42598770
correction_magnitude_deg,0,42598770
prediction_position_error_mm,47.38758131861687,43100000
prediction_orientation_error_deg,0,43100000
owd_uplink_ms,50.0946,43200000
owd_downlink_ms,50.1644,43200000
correction_magnitude_mm,18.99132691323757,42598858
correction_magnitude_deg,0,42598858
owd_uplink_ms,49.2758,43200000
owd_downlink_ms,50.015,43200000
correction_magnitude_mm,90.03900736570358,42699782
correction_magnitude_deg,0,42699782
prediction_position_error_mm,559.0574145317078,43200000
prediction_orientation_error_deg,0,43200000
prediction_position_error_mm,658.5715413093567,43300000
prediction_orientation_error_deg,0,43300000
owd_uplink_ms,49.133,43400000
owd_downlink_ms,49.3491,43400000
correction_magnitude_mm,262.6240849494934,42900051
correction_magnitude_deg,0,42900051
prediction_position_error_mm,661.688506603241,43400000
prediction_orientation_error_deg,0,43400000
owd_uplink_ms,50.583,43500000
owd_downlink_ms,50.6834,43500000
correction_magnitude_mm,183.95361304283142,42900176
correction_magnitude_deg,0,42900176
prediction_position_error_mm,460.1030647754669,43500000
prediction_orientation_error_deg,0,43500000
prediction_position_error_mm,558.045506477356,43600000
prediction_orientation_error_deg,0,43600000
owd_uplink_ms,50.4778,43700000
owd_downlink_ms,50.1458,43700000
correction_magnitude_mm,66.3086473941803,43099762
correction_magnitude_deg,0,43099762
owd_uplink_ms,49.2422,43700000
owd_downlink_ms,50.4319,43700000
correction_magnitude_mm,47.88811132311821,43101249
correction_magnitude_deg,0,43101249
prediction_position_error_mm,37.72963955998421,43700000
prediction_orientation_error_deg,0,43700000
prediction_position_error_mm,38.29476982355118,43800000
prediction_orientation_error_deg,0,43800000
owd_uplink_ms,50.8069,43900000
owd_downlink_ms,50.6345,43900000
correction_magnitude_mm,36.15753725171089,43301033
correction_magnitude_deg,0,43301033
owd_uplink_ms,50.6606,43900000
owd_downlink_ms,49.3039,43900000
correction_magnitude_mm,22.91250228881836,43399338
correction_magnitude_deg,0,43399338
owd_uplink_ms,49.756,43900000
owd_downlink_ms,49.409,43900000
prediction_position_error_mm,13.130029663443565,43900000
prediction_orientation_error_deg,0,43900000
prediction_position_error_mm,14.697208069264889,44000000
prediction_orientation_error_deg,0,44000000
prediction_position_error_mm,14.548499137163162,44100000
prediction_orientation_error_deg,0,44100000
owd_uplink_ms,50.1955,44200000
owd_downlink_ms,50.3078,44200000
correction_magnitude_mm,16.557298600673676,43599046
correction_magnitude_deg,0,43599046
owd_uplink_ms,50.2065,44200000
owd_downlink_ms,50.0138,44200000
correction_magnitude_mm,10.705125518143177,43698806
correction_magnitude_deg,0,43698806
prediction_position_error_mm,5.939456634223461,44200000
prediction_orientation_error_deg,0,44200000
prediction_position_error_mm,6.731291767209768,44300000
prediction_orientation_error_deg,0,44300000
owd_uplink_ms,50.0353,44400000
owd_downlink_ms,50.2196,44400000
correction_magnitude_mm,6.478800438344479,43799037
correction_magnitude_deg,0,43799037
owd_uplink_ms,49.8534,44400000
owd_downlink_ms,49.4517,44400000
owd_uplink_ms,50.7083,44400000
owd_downlink_ms,50.0707,44400000
prediction_position_error_mm,7.845095358788967,44400000
prediction_orientation_error_deg,0,44400000
prediction_position_error_mm,9.214727208018303,44500000
prediction_orientation_error_deg,0,44500000
prediction_position_error_mm,10.5595663189888,44600000
prediction_orientation_error_deg,0,44600000
owd_uplink_ms,50.6903,44700000
owd_downlink_ms,50.7712,44700000
owd_uplink_ms,50.1733,44700000
owd_downlink_ms,50.0548,44700000
prediction_position_error_mm,9.721310809254646,44700000
prediction_orientation_error_deg,0,44700000
prediction_position_error_mm,10.886084288358688,44800000
prediction_orientation_error_deg,0,44800000
owd_uplink_ms,49.0978,44900000
owd_downlink_ms,50.463,44900000
owd_uplink_ms,50.2243,44900000
owd_downlink_ms,50.615,44900000
prediction_position_error_mm,113.01042139530182,44900000
prediction_orientation_error_deg,0,44900000
owd_uplink_ms,49.4741,45000000
owd_downlink_ms,50.1192,45000000
correction_magnitude_mm,16.98337309062481,44400696
correction_magnitude_deg,0,44400696
owd_uplink_ms,49.9255,45000000
owd_downlink_ms,49.7215,45000000
correction_magnitude_mm,30.499018728733063,44500441
correction_magnitude_deg,0,44500441
prediction_position_error_mm,111.63366585969925,45000000
prediction_orientation_error_deg,0,45000000
prediction_position_error_mm,129.54653799533844,45100000
prediction_orientation_error_deg,0,45100000
owd_uplink_ms,49.7769,45200000
owd_downlink_ms,50.3519,45200000
correction_magnitude_mm,39.263587445020676,44601159
correction_magnitude_deg,0,44601159
prediction_position_error_mm,127.63556838035583,45200000
prediction_orientation_error_deg,0,45200000
owd_uplink_ms,49.7444,45300000
owd_downlink_ms,50.6929,45300000
correction_magnitude_mm,44.33799162507057,44702344
correction_magnitude_deg,0,44702344
owd_uplink_ms,49.9765,45300000
owd_downlink_ms,49.2685,45300000
correction_magnitude_mm,46.25069722533226,44801459
correction_magnitude_deg,0,44801459
prediction_position_error_mm,102.47091948986053,45300000
prediction_orientation_error_deg,0,45300000
prediction_position_error_mm,116.63813889026642,45400000
prediction_orientation_error_deg,0,45400000
owd_uplink_ms,49.3956,45500000
owd_downlink_ms,50.5088,45500000
correction_magnitude_mm,46.58123105764389,44902850
correction_magnitude_deg,0,44902850
prediction_position_error_mm,109.61432009935379,45500000
prediction_orientation_error_deg,0,45500000
prediction_position_error_mm,122.43939936161041,45600000
prediction_orientation_error_deg,0,45600000
owd_uplink_ms,50.9151,45700000
owd_downlink_ms,50.5276,45700000
correction_magnitude_mm,58.99077281355858,45102365
correction_magnitude_deg,0,45102365
owd_uplink_ms,50.7792,45700000
owd_downlink_ms,49.5319,45700000
correction_magnitude_mm,51.811087876558304,45200806
correction_magnitude_deg,0,45200806
owd_uplink_ms,49.5205,45700000
owd_downlink_ms,49.6046,45700000
correction_magnitude_mm,36.279648542404175,45200911
correction_magnitude_deg,0,45200911
prediction_position_error_mm,477.6514172554016,45700000
prediction_orientation_error_deg,0,45700000
owd_uplink_ms,49.1586,45800000
owd_downlink_ms,49.2714,45800000
correction_magnitude_mm,75.78776031732559,45301052
correction_magnitude_deg,0,45301052
prediction_position_error_mm,545.3585386276245,45800000
prediction_orientation_error_deg,0,45800000
owd_uplink_ms,49.9653,45900000
owd_downlink_ms,49.1081,45900000
correction_magnitude_mm,150.7415473461151,45399981
correction_magnitude_deg,0,45399981
prediction_position_error_mm,575.0076174736023,45900000
prediction_orientation_error_deg,0,45900000
prediction_position_error_mm,668.9984202384949,46000000
prediction_orientation_error_deg,0,46000000
owd_uplink_ms,50.0367,46100000
owd_downlink_ms,49.623,46100000
correction_magnitude_mm,292.32537746429443,45599464
correction_magnitude_deg,0,45599464
prediction_position_error_mm,653.2517075538635,46100000
prediction_orientation_error_deg,0,46100000
owd_uplink_ms,50.1686,46200000
owd_downlink_ms,50.034,46200000
correction_magnitude_mm,294.178307056427,45699296
correction_magnitude_deg,0,45699296
prediction_position_error_mm,610.2590560913086,46200000
prediction_orientation_error_deg,0,46200000
owd_uplink_ms,50.7721,46300000
owd_downlink_ms,50.0928,46300000
correction_magnitude_mm,286.94063425064087,45798448
correction_magnitude_deg,0,45798448
prediction_position_error_mm,561.2819790840149,46300000
prediction_orientation_error_deg,0,46300000
owd_uplink_ms,49.3979,46400000
owd_downlink_ms,50.3048,46400000
correction_magnitude_mm,201.66629552841187,45799582
correction_magnitude_deg,0,45799582
prediction_position_error_mm,454.77810502052307,46400000
prediction_orientation_error_deg,0,46400000
owd_uplink_ms,50.2258,46500000
owd_downlink_ms,49.3656,46500000
correction_magnitude_mm,56.92456290125847,45998507
correction_magnitude_deg,0,45998507
prediction_position_error_mm,532.7737331390381,46500000
prediction_orientation_error_deg,0,46500000
prediction_position_error_mm,631.9147348403931,46600000
prediction_orientation_error_deg,0,46600000
owd_uplink_ms,49.9692,46700000
owd_downlink_ms,50.6556,46700000
correction_magnitude_mm,139.04166221618652,46099366
correction_magnitude_deg,0,46099366
owd_uplink_ms,50.5516,46700000
owd_downlink_ms,49.5265,46700000
correction_magnitude_mm,190.35446643829346,46198085
correction_magnitude_deg,0,46198085
prediction_position_error_mm,577.7765512466431,46700000
prediction_orientation_error_deg,0,46700000
owd_uplink_ms,50.2115,46800000
owd_downlink_ms,49.7311,46800000
correction_magnitude_mm,221.20581567287445,46297485
correction_magnitude_deg,0,46297485
prediction_position_error_mm,566.536545753479,46800000
prediction_orientation_error_deg,0,46800000
prediction_position_error_mm,648.0884552001953,46900000
prediction_orientation_error_deg,0,46900000
owd_uplink_ms,50.0215,47000000
owd_downlink_ms,50.4668,47000000
correction_magnitude_mm,236.4993840456009,46398042
correction_magnitude_deg,0,46398042
owd_uplink_ms,49.0256,47000000
owd_downlink_ms,50.7704,47000000
correction_magnitude_mm,167.1951860189438,46400222
correction_magnitude_deg,0,46400222
prediction_position_error_mm,485.93148589134216,47000000
prediction_orientation_error_deg,0,47000000
owd_uplink_ms,49.3774,47100000
owd_downlink_ms,50.3182,47100000
correction_magnitude_mm,15.240158885717392,46501398
correction_magnitude_deg,0,46501398
prediction_position_error_mm,590.9103155136108,47100000
prediction_orientation_error_deg,0,47100000
prediction_position_error_mm,691.2813186645508,47200000
prediction_orientation_error_deg,0,47200000
owd_uplink_ms,50.3901,47300000
owd_downlink_ms,50.2567,47300000
correction_magnitude_mm,189.75014984607697,46701231
correction_magnitude_deg,0,46701231
owd_uplink_ms,50.1398,47300000
owd_downlink_ms,49.0328,47300000
correction_magnitude_mm,229.1824221611023,46799848
correction_magnitude_deg,0,46799848
prediction_position_error_mm,613.6749386787415,47300000
prediction_orientation_error_deg,0,47300000
owd_uplink_ms,49.189,47400000
owd_downlink_ms,49.2002,47400000
correction_magnitude_mm,251.61203742027283,46899862
correction_magnitude_deg,0,46899862
owd_uplink_ms,50.5405,47400000
owd_downlink_ms,49.9511,47400000
prediction_position_error_mm,590.9592509269714,47400000
prediction_orientation_error_deg,0,47400000
prediction_position_error_mm,673.8910675048828,47500000
prediction_orientation_error_deg,0,47500000
owd_uplink_ms,49.4021,47600000
owd_downlink_ms,50.0749,47600000
correction_magnitude_mm,259.29075479507446,46999968
correction_magnitude_deg,0,46999968
owd_uplink_ms,49.9461,47600000
owd_downlink_ms,49.7421,47600000
correction_magnitude_mm,256.58196210861206,47099714
correction_magnitude_deg,0,47099714
prediction_position_error_mm,517.0208215713501,47600000
prediction_orientation_error_deg,0,47600000
owd_uplink_ms,49.1264,47700000
owd_downlink_ms,49.2781,47700000
correction_magnitude_mm,247.25066125392914,47199904
correction_magnitude_deg,0,47199904
prediction_position_error_mm,473.15844893455505,47700000
prediction_orientation_error_deg,0,47700000
prediction_position_error_mm,532.8995585441589,47800000
prediction_orientation_error_deg,0,47800000
prediction_position_error_mm,592.7974581718445,47900000
prediction_orientation_error_deg,0,47900000
owd_uplink_ms,50.7242,48000000
owd_downlink_ms,50.8285,48000000
correction_magnitude_mm,292.9708957672119,47400034
correction_magnitude_deg,0,47400034
prediction_position_error_mm,538.5055541992188,48000000
prediction_orientation_error_deg,0,48000000
owd_uplink_ms,50.3746,48100000
owd_downlink_ms,50.2082,48100000
correction_magnitude_mm,260.61367988586426,47499826
correction_magnitude_deg,0,47499826
prediction_position_error_mm,468.64914894104004,48100000
prediction_orientation_error_deg,0,48100000
owd_uplink_ms,49.1478,48200000
owd_downlink_ms,50.2964,48200000
correction_magnitude_mm,231.11847043037415,47601261
correction_magnitude_deg,0,47601261
owd_uplink_ms,50.2622,48200000
owd_downlink_ms,50.3905,48200000
correction_magnitude_mm,161.8480384349823,47601421
correction_magnitude_deg,0,47601421
owd_uplink_ms,49.8152,48200000
owd_downlink_ms,49.3808,48200000
correction_magnitude_mm,14.031599275767803,47700878
correction_magnitude_deg,0,47700878
prediction_position_error_mm,488.87836933135986,48200000
prediction_orientation_error_deg,0,48200000
prediction_position_error_mm,588.9013409614563,48300000
prediction_orientation_error_deg,0,48300000
prediction_position_error_mm,688.9006495475769,48400000
prediction_orientation_error_deg,0,48400000
owd_uplink_ms,50.8695,48500000
owd_downlink_ms,50.756,48500000
correction_magnitude_mm,189.88001346588135,47900735
correction_magnitude_deg,0,47900735
owd_uplink_ms,50.7449,48500000
owd_downlink_ms,49.5857,48500000
correction_magnitude_mm,228.45423221588135,47999287
correction_magnitude_deg,0,47999287
owd_uplink_ms,49.3639,48500000
owd_downlink_ms,49.6123,48500000
correction_magnitude_mm,160.19846498966217,47999598
correction_magnitude_deg,0,47999598
prediction_position_error_mm,388.1497085094452,48500000
prediction_orientation_error_deg,0,48500000
prediction_position_error_mm,488.01958560943604,48600000
prediction_orientation_error_deg,0,48600000
owd_uplink_ms,49.7592,48700000
owd_downlink_ms,49.9677,48700000
correction_magnitude_mm,88.18541467189789,48199859
correction_magnitude_deg,0,48199859
prediction_position_error_mm,554.791271686554,48700000
prediction_orientation_error_deg,0,48700000
owd_uplink_ms,50.5091,48800000
owd_downlink_ms,50.4159,48800000
prediction_position_error_mm,653.2688736915588,48800000
prediction_orientation_error_deg,0,48800000
owd_uplink_ms,49.7718,48900000
owd_downlink_ms,50.3173,48900000
correction_magnitude_mm,160.942941904068,48300424
correction_magnitude_deg,0,48300424
prediction_position_error_mm,674.876868724823,48900000
prediction_orientation_error_deg,0,48900000
owd_uplink_ms,50.7968,49000000
owd_downlink_ms,49.3559,49000000
correction_magnitude_mm,298.57173562049866,48498623
correction_magnitude_deg,0,48498623
owd_uplink_ms,49.7737,49000000
owd_downlink_ms,50.0529,49000000
correction_magnitude_mm,209.31296050548553,48498973
correction_magnitude_deg,0,48498973
prediction_position_error_mm,355.5205762386322,49000000
prediction_orientation_error_deg,0,49000000
prediction_position_error_mm,455.8297097682953,49100000
prediction_orientation_error_deg,0,49100000
owd_uplink_ms,49.3548,49200000
owd_downlink_ms,50.6814,49200000
correction_magnitude_mm,44.73607987165451,48600631
correction_magnitude_deg,0,48600631
prediction_position_error_mm,569.5917010307312,49200000
prediction_orientation_error_deg,0,49200000
owd_uplink_ms,49.6138,49300000
owd_downlink_ms,50.3093,49300000
correction_magnitude_mm,69.7270929813385,48701500
correction_magnitude_deg,0,48701500
owd_uplink_ms,50.0167,49300000
owd_downlink_ms,49.4651,49300000
correction_magnitude_mm,146.26017212867737,48800810
correction_magnitude_deg,0,48800810
prediction_position_error_mm,570.7094073295593,49300000
prediction_orientation_error_deg,0,49300000
prediction_position_error_mm,664.2147302627563,49400000
prediction_orientation_error_deg,0,49400000
owd_uplink_ms,49.9072,49500000
owd_downlink_ms,49.0819,49500000
correction_magnitude_mm,288.94463181495667,48999779
correction_magnitude_deg,0,48999779
prediction_position_error_mm,650.1169800758362,49500000
prediction_orientation_error_deg,0,49500000
owd_uplink_ms,50.0237,49600000
owd_downlink_ms,50.3242,49600000
correction_magnitude_mm,202.59547233581543,49000154
correction_magnitude_deg,0,49000154
owd_uplink_ms,49.1868,49600000
owd_downlink_ms,49.7126,49600000
correction_magnitude_mm,41.47825390100479,49100811
correction_magnitude_deg,0,49100811
prediction_position_error_mm,468.0858254432678,49600000
prediction_orientation_error_deg,0,49600000
prediction_position_error_mm,567.5643682479858,49700000
prediction_orientation_error_deg,0,49700000
owd_uplink_ms,49.909,49800000
owd_downlink_ms,50.4314,49800000
correction_magnitude_mm,71.28488272428513,49201463
correction_magnitude_deg,0,49201463
owd_uplink_ms,50.0923,49800000
owd_downlink_ms,49.8522,49800000
correction_magnitude_mm,147.09916710853577,49301163
correction_magnitude_deg,0,49301163
prediction_position_error_mm,566.6971206665039,49800000
prediction_orientation_error_deg,0,49800000
prediction_position_error_mm,659.5548391342163,49900000
prediction_orientation_error_deg,0,49900000
owd_uplink_ms,49.913,50000000
owd_downlink_ms,49.414,50000000
correction_magnitude_mm,288.4174883365631,49500539
correction_magnitude_deg,0,49500539
owd_uplink_ms,50.7751,50000000
owd_downlink_ms,49.8766,50000000
prediction_position_error_mm,644.1767811775208,50000000
prediction_orientation_error_deg,0,50000000
prediction_position_error_mm,0,100000
prediction_orientation_error_deg,0,100000
prediction_position_error_mm,0,200000
prediction_orientation_error_deg,0,200000
prediction_position_error_mm,0,300000
prediction_orientation_error_deg,0,300000
prediction_position_error_mm,0,400000
prediction_orientation_error_deg,0,400000
prediction_position_error_mm,0,500000
prediction_orientation_error_deg,0,500000
prediction_position_error_mm,0,600000
prediction_orientation_error_deg,0,600000
prediction_position_error_mm,1299.9999523162842,700000
prediction_orientation_error_deg,0,700000
prediction_position_error_mm,1300.0023365020752,800000
prediction_orientation_error_deg,0,800000
prediction_position_error_mm,1300.020456314087,900000
prediction_orientation_error_deg,0,900000
prediction_position_error_mm,1300.020456314087,1000000
prediction_orientation_error_deg,0,1000000
prediction_position_error_mm,1300.0361919403076,1100000
prediction_orientation_error_deg,0,1100000
owd_uplink_ms,50.2253,1200000
owd_downlink_ms,50.2252,1200000
correction_magnitude_mm,1299.9999523162842,695383
correction_magnitude_deg,0,695383
prediction_position_error_mm,24.9902606010437,1200000
prediction_orientation_error_deg,0,1200000
owd_uplink_ms,50.3049,1300000
owd_downlink_ms,50.235,1300000
prediction_position_error_mm,27.72555686533451,1300000
prediction_orientation_error_deg,0,1300000
owd_uplink_ms,49.7968,1400000
owd_downlink_ms,50.0207,1400000
correction_magnitude_mm,13.347377069294453,895577
correction_magnitude_deg,0,895577
owd_uplink_ms,48.8126,1400000
owd_downlink_ms,49.9185,1400000
correction_magnitude_mm,9.335564449429512,896960
correction_magnitude_deg,0,896960
prediction_position_error_mm,78.12342047691345,1400000
prediction_orientation_error_deg,0,1400000
prediction_position_error_mm,88.95527571439743,1500000
prediction_orientation_error_deg,0,1500000
owd_uplink_ms,49.8227,1600000
owd_downlink_ms,50.1616,1600000
correction_magnitude_mm,30.156435444951057,1097384
correction_magnitude_deg,0,1097384
prediction_position_error_mm,93.46213191747665,1600000
prediction_orientation_error_deg,0,1600000
owd_uplink_ms,50.4408,1700000
owd_downlink_ms,50.0899,1700000
correction_magnitude_mm,36.37396916747093,1196946
correction_magnitude_deg,0,1196946
prediction_position_error_mm,92.41261333227158,1700000
prediction_orientation_error_deg,0,1700000
prediction_position_error_mm,111.66497319936752,1800000
prediction_orientation_error_deg,0,1800000
owd_uplink_ms,50.141,1900000
owd_downlink_ms,51.1664,1900000
correction_magnitude_mm,39.96864706277847,1298228
correction_magnitude_deg,0,1298228
owd_uplink_ms,50.3582,1900000
owd_downlink_ms,50.0087,1900000
correction_magnitude_mm,40.97842052578926,1397792
correction_magnitude_deg,0,1397792
prediction_position_error_mm,88.34144473075867,1900000
prediction_orientation_error_deg,0,1900000
owd_uplink_ms,49.1433,2000000
owd_downlink_ms,49.3097,2000000
correction_magnitude_mm,35.58621183037758,1498001
correction_magnitude_deg,0,1498001
prediction_position_error_mm,84.19059962034225,2000000
prediction_orientation_error_deg,0,2000000
owd_uplink_ms,50.5873,2100000
owd_downlink_ms,50.4597,2100000
owd_uplink_ms,49.6627,2100000
owd_downlink_ms,50.0636,2100000
correction_magnitude_mm,35.75560823082924,1598344
correction_magnitude_deg,0,1598344
prediction_position_error_mm,73.96925985813141,2100000
prediction_orientation_error_deg,0,2100000
owd_uplink_ms,49.0437,2200000
owd_downlink_ms,49.3025,2200000
correction_magnitude_mm,34.80377420783043,1698668
correction_magnitude_deg,0,1698668
prediction_position_error_mm,68.07087361812592,2200000
prediction_orientation_error_deg,0,2200000
prediction_position_error_mm,81.72857016324997,2300000
prediction_orientation_error_deg,0,2300000
owd_uplink_ms,50.1854,2400000
owd_downlink_ms,50.1046,2400000
correction_magnitude_mm,46.699438244104385,1898568
correction_magnitude_deg,0,1898568
prediction_position_error_mm,72.93225824832916,2400000
prediction_orientation_error_deg,0,2400000
prediction_position_error_mm,80.96766471862793,2500000
prediction_orientation_error_deg,0,2500000
owd_uplink_ms,49.9971,2600000
owd_downlink_ms,50.728,2600000
correction_magnitude_mm,40.80518335103989,1999482
correction_magnitude_deg,0,1999482
owd_uplink_ms,50.318,2600000
owd_downlink_ms,49.2173,2600000
correction_magnitude_mm,30.247503891587257,2098107
correction_magnitude_deg,0,2098107
prediction_position_error_mm,50.894469022750854,2600000
prediction_orientation_error_deg,0,2600000
owd_uplink_ms,49.4923,2700000
owd_downlink_ms,50.1197,2700000
correction_magnitude_mm,21.25820517539978,2098892
correction_magnitude_deg,0,2098892
prediction_position_error_mm,437.9021227359772,2700000
prediction_orientation_error_deg,0,2700000
owd_uplink_ms,49.7024,2800000
owd_downlink_ms,50.3461,2800000
correction_magnitude_mm,61.04190647602081,2199697
correction_magnitude_deg,0,2199697
prediction_position_error_mm,479.1031777858734,2800000
prediction_orientation_error_deg,0,2800000
prediction_position_error_mm,552.5860786437988,2900000
prediction_orientation_error_deg,0,2900000
owd_uplink_ms,50.8407,3000000
owd_downlink_ms,50.5809,3000000
correction_magnitude_mm,184.64060127735138,2399373
correction_magnitude_deg,0,2399373
prediction_position_error_mm,558.8617920875549,3000000
prediction_orientation_error_deg,0,3000000
owd_uplink_ms,50.3022,3100000
owd_downlink_ms,50.0956,3100000
correction_magnitude_mm,199.82674717903137,2499115
correction_magnitude_deg,0,2499115
owd_uplink_ms,50.418,3100000
owd_downlink_ms,49.6176,3100000
correction_magnitude_mm,208.9107185602188,2598115
correction_magnitude_deg,0,2598115
owd_uplink_ms,49.0141,3100000
owd_downlink_ms,49.7254,3100000
correction_magnitude_mm,146.713525056839,2599005
correction_magnitude_deg,0,2599005
prediction_position_error_mm,378.7959814071655,3100000
prediction_orientation_error_deg,0,3100000
owd_uplink_ms,49.6595,3200000
owd_downlink_ms,49.4515,3200000
correction_magnitude_mm,7.854869589209557,2698746
correction_magnitude_deg,0,2698746
prediction_position_error_mm,476.304829120636,3200000
prediction_orientation_error_deg,0,3200000
prediction_position_error_mm,571.4715123176575,3300000
prediction_orientation_error_deg,0,3300000
prediction_position_error_mm,666.6514277458191,3400000
prediction_orientation_error_deg,0,3400000
owd_uplink_ms,50.5349,3500000
owd_downlink_ms,50.643,3500000
correction_magnitude_mm,189.76017832756042,2898882
correction_magnitude_deg,0,2898882
owd_uplink_ms,49.1134,3500000
owd_downlink_ms,49.2442,3500000
correction_magnitude_mm,220.4204499721527,2999046
correction_magnitude_deg,0,2999046
prediction_position_error_mm,583.8284492492676,3500000
prediction_orientation_error_deg,0,3500000
owd_uplink_ms,50.3444,3600000
owd_downlink_ms,50.7891,3600000
correction_magnitude_mm,154.79779243469238,2999602
correction_magnitude_deg,0,2999602
prediction_position_error_mm,516.1346197128296,3600000
prediction_orientation_error_deg,0,3600000
owd_uplink_ms,49.973,3700000
owd_downlink_ms,49.7319,3700000
correction_magnitude_mm,96.18545323610306,3199301
correction_magnitude_deg,0,3199301
prediction_position_error_mm,584.8216414451599,3700000
prediction_orientation_error_deg,0,3700000
prediction_position_error_mm,688.1393790245056,3800000
prediction_orientation_error_deg,0,3800000
owd_uplink_ms,50.6023,3900000
owd_downlink_ms,50.7642,3900000
correction_magnitude_mm,170.91748118400574,3299504
correction_magnitude_deg,0,3299504
prediction_position_error_mm,714.1708731651306,3900000
prediction_orientation_error_deg,0,3900000
owd_uplink_ms,50.1978,4000000
owd_downlink_ms,50.8953,4000000
correction_magnitude_mm,218.71352195739746,3400375
correction_magnitude_deg,0,3400375
owd_uplink_ms,49.423,4000000
owd_downlink_ms,49.4138,4000000
correction_magnitude_mm,249.6216744184494,3500363
correction_magnitude_deg,0,3500363
owd_uplink_ms,50.6264,4000000
owd_downlink_ms,49.6765,4000000
prediction_position_error_mm,595.3986644744873,4000000
prediction_orientation_error_deg,0,4000000
prediction_position_error_mm,674.8409867286682,4100000
prediction_orientation_error_deg,0,4100000
owd_uplink_ms,50.1365,4200000
owd_downlink_ms,49.5749,4200000
correction_magnitude_mm,336.8988037109375,3698475
correction_magnitude_deg,0,3698475
prediction_position_error_mm,637.00932264328,4200000
prediction_orientation_error_deg,0,4200000
owd_uplink_ms,50.622,4300000
owd_downlink_ms,49.7589,4300000
correction_magnitude_mm,314.13236260414124,3797397
correction_magnitude_deg,0,3797397
prediction_position_error_mm,573.8936066627502,4300000
prediction_orientation_error_deg,0,4300000
owd_uplink_ms,50.6365,4400000
owd_downlink_ms,49.9829,4400000
correction_magnitude_mm,293.6585545539856,3896580
correction_magnitude_deg,0,3896580
prediction_position_error_mm,505.89442253112793,4400000
prediction_orientation_error_deg,0,4400000
owd_uplink_ms,49.4413,4500000
owd_downlink_ms,50.4014,4500000
correction_magnitude_mm,206.2327265739441,3897781
correction_magnitude_deg,0,3897781
prediction_position_error_mm,434.4482123851776,4500000
prediction_orientation_error_deg,0,4500000
owd_uplink_ms,49.4442,4600000
owd_downlink_ms,50.4214,4600000
correction_magnitude_mm,47.85972088575363,3999003
correction_magnitude_deg,0,3999003
prediction_position_error_mm,544.1774129867554,4600000
prediction_orientation_error_deg,0,4600000
prediction_position_error_mm,639.5694017410278,4700000
prediction_orientation_error_deg,0,4700000
owd_uplink_ms,50.255,4800000
owd_downlink_ms,50.1689,4800000
correction_magnitude_mm,157.01310336589813,4198896
correction_magnitude_deg,0,4198896
owd_uplink_ms,49.0546,4800000
owd_downlink_ms,50.2603,4800000
correction_magnitude_mm,111.38059943914413,4200403
correction_magnitude_deg,0,4200403
prediction_position_error_mm,549.2987632751465,4800000
prediction_orientation_error_deg,0,4800000
owd_uplink_ms,49.9489,4900000
owd_downlink_ms,50.5343,4900000
correction_magnitude_mm,27.42335945367813,4301134
correction_magnitude_deg,0,4301134
prediction_position_error_mm,636.1789107322693,4900000
prediction_orientation_error_deg,0,4900000
owd_uplink_ms,50.12,5000000
owd_downlink_ms,49.5634,5000000
correction_magnitude_mm,221.51197493076324,4500438
correction_magnitude_deg,0,4500438
prediction_position_error_mm,661.3166928291321,5000000
prediction_orientation_error_deg,0,5000000
prediction_position_error_mm,761.6649270057678,5100000
prediction_orientation_error_deg,0,5100000
owd_uplink_ms,50.7445,5200000
owd_downlink_ms,50.3044,5200000
correction_magnitude_mm,255.0024390220642,4599889
correction_magnitude_deg,0,4599889
owd_uplink_ms,50.35,5200000
owd_downlink_ms,49.5372,5200000
correction_magnitude_mm,270.3658640384674,4698874
correction_magnitude_deg,0,4698874
prediction_position_error_mm,612.6761436462402,5200000
prediction_orientation_error_deg,0,5200000
owd_uplink_ms,49.579,5300000
owd_downlink_ms,49.4901,5300000
correction_magnitude_mm,278.2774865627289,4798763
correction_magnitude_deg,0,4798763
owd_uplink_ms,50.1058,5300000
owd_downlink_ms,49.6119,5300000
prediction_position_error_mm,576.1989951133728,5300000
prediction_orientation_error_deg,0,5300000
prediction_position_error_mm,647.8012800216675,5400000
prediction_orientation_error_deg,0,5400000
owd_uplink_ms,49.8113,5500000
owd_downlink_ms,49.4957,5500000
correction_magnitude_mm,346.34295105934143,4997752
correction_magnitude_deg,0,4997752
prediction_position_error_mm,593.7104225158691,5500000
prediction_orientation_error_deg,0,5500000
owd_uplink_ms,49.4347,5600000
owd_downlink_ms,50.1747,5600000
correction_magnitude_mm,243.05474758148193,4998678
correction_magnitude_deg,0,4998678
owd_uplink_ms,49.5282,5600000
owd_downlink_ms,49.6471,5600000
correction_magnitude_mm,74.49426501989365,5098827
correction_magnitude_deg,0,5098827
prediction_position_error_mm,426.8701374530792,5600000
prediction_orientation_error_deg,0,5600000
prediction_position_error_mm,526.8663763999939,5700000
prediction_orientation_error_deg,0,5700000
prediction_position_error_mm,622.5048303604126,5800000
prediction_orientation_error_deg,0,5800000
owd_uplink_ms,49.5574,5900000
owd_downlink_ms,50.3601,5900000
correction_magnitude_mm,139.93105292320251,5299831
correction_magnitude_deg,0,5299831
owd_uplink_ms,50.7058,5900000
owd_downlink_ms,50.4617,5900000
prediction_position_error_mm,663.6549234390259,5900000
prediction_orientation_error_deg,0,5900000
owd_uplink_ms,50.2762,6000000
owd_downlink_ms,49.2488,6000000
correction_magnitude_mm,287.78165578842163,5498242
correction_magnitude_deg,0,5498242
prediction_position_error_mm,644.8045969009399,6000000
prediction_orientation_error_deg,0,6000000
prediction_position_error_mm,738.3612990379333,6100000
prediction_orientation_error_deg,0,6100000
owd_uplink_ms,50.7673,6200000
owd_downlink_ms,50.5487,6200000
correction_magnitude_mm,285.9601080417633,5597969
correction_magnitude_deg,0,5597969
owd_uplink_ms,49.3147,6200000
owd_downlink_ms,50.4682,6200000
correction_magnitude_mm,201.3970911502838,5599411
correction_magnitude_deg,0,5599411
prediction_position_error_mm,485.3813946247101,6200000
prediction_orientation_error_deg,0,6200000
owd_uplink_ms,50.6663,6300000
owd_downlink_ms,49.8863,6300000
correction_magnitude_mm,62.404412776231766,5798437
correction_magnitude_deg,0,5798437
prediction_position_error_mm,561.9380474090576,6300000
prediction_orientation_error_deg,0,6300000
prediction_position_error_mm,669.3809032440186,6400000
prediction_orientation_error_deg,0,6400000
owd_uplink_ms,50.6715,6500000
owd_downlink_ms,50.2376,6500000
correction_magnitude_mm,146.53858542442322,5897895
correction_magnitude_deg,0,5897895
owd_uplink_ms,50.3839,6500000
owd_downlink_ms,49.4387,6500000
correction_magnitude_mm,204.69409227371216,5996714
correction_magnitude_deg,0,5996714
prediction_position_error_mm,609.3302369117737,6500000
prediction_orientation_error_deg,0,6500000
owd_uplink_ms,49.1211,6600000
owd_downlink_ms,50.8576,6600000
correction_magnitude_mm,145.20540833473206,5998885
correction_magnitude_deg,0,5998885
prediction_position_error_mm,478.39319705963135,6600000
prediction_orientation_error_deg,0,6600000
owd_uplink_ms,50.4948,6700000
owd_downlink_ms,50.1299,6700000
correction_magnitude_mm,89.38983827829361,6198429
correction_magnitude_deg,0,6198429
prediction_position_error_mm,536.6009473800659,6700000
prediction_orientation_error_deg,0,6700000
owd_uplink_ms,49.7595,6800000
owd_downlink_ms,50.7976,6800000
correction_magnitude_mm,63.853442668914795,6199727
correction_magnitude_deg,0,6199727
prediction_position_error_mm,273.87210726737976,6800000
prediction_orientation_error_deg,0,6800000
prediction_position_error_mm,322.79515266418457,6900000
prediction_orientation_error_deg,0,6900000
owd_uplink_ms,50.712,7000000
owd_downlink_ms,50.1105,7000000
correction_magnitude_mm,61.19222566485405,6398976
correction_magnitude_deg,0,6398976
owd_uplink_ms,49.3216,7000000
owd_downlink_ms,50.0784,7000000
correction_magnitude_mm,43.28862577676773,6399922
correction_magnitude_deg,0,6399922
owd_uplink_ms,49.0583,7000000
owd_downlink_ms,49.2551,7000000
correction_magnitude_mm,55.03049120306969,6500167
correction_magnitude_deg,0,6500167
prediction_position_error_mm,460.160493850708,7000000
prediction_orientation_error_deg,0,7000000
prediction_position_error_mm,539.7741794586182,7100000
prediction_orientation_error_deg,0,7100000
owd_uplink_ms,49.0874,7200000
owd_downlink_ms,49.5608,7200000
correction_magnitude_mm,206.0566246509552,6700758
correction_magnitude_deg,0,6700758
prediction_position_error_mm,550.2076148986816,7200000
prediction_orientation_error_deg,0,7200000
owd_uplink_ms,50.2822,7300000
owd_downlink_ms,50.3932,7300000
correction_magnitude_mm,144.35632526874542,6700896
correction_magnitude_deg,0,6700896
prediction_position_error_mm,522.1423506736755,7300000
prediction_orientation_error_deg,0,7300000
owd_uplink_ms,50.1189,7400000
owd_downlink_ms,50.5435,7400000
prediction_position_error_mm,624.3402361869812,7400000
prediction_orientation_error_deg,0,7400000
prediction_position_error_mm,724.2296934127808,7500000
prediction_orientation_error_deg,0,7500000
owd_uplink_ms,51.0434,7600000
owd_downlink_ms,50.5369,7600000
correction_magnitude_mm,205.70990443229675,7000793
correction_magnitude_deg,0,7000793
owd_uplink_ms,50.7622,7600000
owd_downlink_ms,49.6722,7600000
correction_magnitude_mm,247.50976264476776,7099431
correction_magnitude_deg,0,7099431
prediction_position_error_mm,635.804295539856,7600000
prediction_orientation_error_deg,0,7600000
owd_uplink_ms,49.3354,7700000
owd_downlink_ms,50.3821,7700000
correction_magnitude_mm,174.424409866333,7100739
correction_magnitude_deg,0,7100739
prediction_position_error_mm,453.7855386734009,7700000
prediction_orientation_error_deg,0,7700000
prediction_position_error_mm,550.000250339508,7800000
prediction_orientation_error_deg,0,7800000
owd_uplink_ms,49.8951,7900000
owd_downlink_ms,50.1808,7900000
correction_magnitude_mm,70.34536451101303,7301095
correction_magnitude_deg,0,7301095
owd_uplink_ms,50.8037,7900000
owd_downlink_ms,50.6782,7900000
owd_uplink_ms,49.7942,7900000
owd_downlink_ms,49.6591,7900000
correction_magnitude_mm,143.95149052143097,7400769
correction_magnitude_deg,0,7400769
prediction_position_error_mm,554.0216565132141,7900000
prediction_orientation_error_deg,0,7900000
prediction_position_error_mm,648.6315727233887,8000000
prediction_orientation_error_deg,0,8000000
owd_uplink_ms,50.2297,8100000
owd_downlink_ms,49.934,8100000
correction_magnitude_mm,285.7583463191986,7600399
correction_magnitude_deg,0,7600399
prediction_position_error_mm,628.6640167236328,8100000
prediction_orientation_error_deg,0,8100000
owd_uplink_ms,50.6359,8200000
owd_downlink_ms,49.5871,8200000
correction_magnitude_mm,281.50421380996704,7699089
correction_magnitude_deg,0,7699089
prediction_position_error_mm,591.6640162467957,8200000
prediction_orientation_error_deg,0,8200000
owd_uplink_ms,49.2771,8300000
owd_downlink_ms,50.6016,8300000
correction_magnitude_mm,198.40601086616516,7700744
correction_magnitude_deg,0,7700744
owd_uplink_ms,49.5602,8300000
owd_downlink_ms,49.3831,8300000
correction_magnitude_mm,35.33295542001724,7800522
correction_magnitude_deg,0,7800522
prediction_position_error_mm,493.1505620479584,8300000
prediction_orientation_error_deg,0,8300000
prediction_position_error_mm,596.7277884483337,8400000
prediction_orientation_error_deg,0,8400000
owd_uplink_ms,50.045,8500000
owd_downlink_ms,50.7407,8500000
correction_magnitude_mm,79.89097386598587,7901391
correction_magnitude_deg,0,7901391
prediction_position_error_mm,658.5327386856079,8500000
prediction_orientation_error_deg,0,8500000
owd_uplink_ms,49.7964,8600000
owd_downlink_ms,49.7951,8600000
correction_magnitude_mm,258.5625350475311,8101389
correction_magnitude_deg,0,8101389
prediction_position_error_mm,666.3032174110413,8600000
prediction_orientation_error_deg,0,8600000
owd_uplink_ms,50.9977,8700000
owd_downlink_ms,50.6683,8700000
prediction_position_error_mm,763.5197639465332,8700000
prediction_orientation_error_deg,0,8700000
owd_uplink_ms,49.2112,8800000
owd_downlink_ms,49.1138,8800000
correction_magnitude_mm,375.24211406707764,8300855
correction_magnitude_deg,0,8300855
prediction_position_error_mm,719.9572324752808,8800000
prediction_orientation_error_deg,0,8800000
owd_uplink_ms,50.8416,8900000
owd_downlink_ms,50.6225,8900000
owd_uplink_ms,49.1789,8900000
owd_downlink_ms,49.179,8900000
correction_magnitude_mm,354.10618782043457,8400580
correction_magnitude_deg,0,8400580
prediction_position_error_mm,648.6217975616455,8900000
prediction_orientation_error_deg,0,8900000
prediction_position_error_mm,732.8360080718994,9000000
prediction_orientation_error_deg,0,9000000
owd_uplink_ms,49.5947,9100000
owd_downlink_ms,49.5036,9100000
correction_magnitude_mm,409.73353385925293,8600466
correction_magnitude_deg,0,8600466
prediction_position_error_mm,659.9709987640381,9100000
prediction_orientation_error_deg,0,9100000
owd_uplink_ms,50.8589,9200000
owd_downlink_ms,50.5226,9200000
owd_uplink_ms,49.0521,9200000
owd_downlink_ms,49.1501,9200000
correction_magnitude_mm,361.37109994888306,8700167
correction_magnitude_deg,0,8700167
prediction_position_error_mm,571.7965960502625,9200000
prediction_orientation_error_deg,0,9200000
prediction_position_error_mm,632.217526435852,9300000
prediction_orientation_error_deg,0,9300000
owd_uplink_ms,49.8292,9400000
owd_downlink_ms,50.2648,9400000
correction_magnitude_mm,317.1495497226715,8800711
correction_magnitude_deg,0,8800711
prediction_position_error_mm,547.2540259361267,9400000
prediction_orientation_error_deg,0,9400000
owd_uplink_ms,50.4842,9500000
owd_downlink_ms,49.1275,9500000
correction_magnitude_mm,329.8274278640747,8999016
correction_magnitude_deg,0,8999016
prediction_position_error_mm,477.4443209171295,9500000
prediction_orientation_error_deg,0,9500000
owd_uplink_ms,49.1104,9600000
owd_downlink_ms,50.6089,9600000
correction_magnitude_mm,231.74014687538147,9000889
correction_magnitude_deg,0,9000889
prediction_position_error_mm,417.50428080558777,9600000
prediction_orientation_error_deg,0,9600000
owd_uplink_ms,49.6881,9700000
owd_downlink_ms,50.5578,9700000
correction_magnitude_mm,64.46816772222519,9101975
correction_magnitude_deg,0,9101975
owd_uplink_ms,49.2887,9700000
owd_downlink_ms,49.0568,9700000
correction_magnitude_mm,51.3099767267704,9201685
correction_magnitude_deg,0,9201685
prediction_position_error_mm,513.7481093406677,9700000
prediction_orientation_error_deg,0,9700000
prediction_position_error_mm,609.1065406799316,9800000
prediction_orientation_error_deg,0,9800000
owd_uplink_ms,49.7488,9900000
owd_downlink_ms,49.1426,9900000
correction_magnitude_mm,225.61173141002655,9400927
correction_magnitude_deg,0,9400927
owd_uplink_ms,50.3912,9900000
owd_downlink_ms,49.5526,9900000
prediction_position_error_mm,616.856038570404,9900000
prediction_orientation_error_deg,0,9900000
owd_uplink_ms,49.2112,10000000
owd_downlink_ms,49.1207,10000000
correction_magnitude_mm,248.70803952217102,9499766
correction_magnitude_deg,0,9499766
prediction_position_error_mm,596.5623259544373,10000000
prediction_orientation_error_deg,0,10000000
prediction_position_error_mm,684.0662956237793,10100000
prediction_orientation_error_deg,0,10100000
owd_uplink_ms,49.5525,10200000
owd_downlink_ms,50.4269,10200000
correction_magnitude_mm,259.4245672225952,9600858
correction_magnitude_deg,0,9600858
prediction_position_error_mm,644.6855068206787,10200000
prediction_orientation_error_deg,0,10200000
owd_uplink_ms,50.697,10300000
owd_downlink_ms,49.6773,10300000
correction_magnitude_mm,337.10089325904846,9799584
correction_magnitude_deg,0,9799584
prediction_position_error_mm,592.1544432640076,10300000
prediction_orientation_error_deg,0,10300000
owd_uplink_ms,49.626,10400000
owd_downlink_ms,49.9379,10400000
correction_magnitude_mm,304.914265871048,9899974
correction_magnitude_deg,0,9899974
owd_uplink_ms,50.7777,10400000
owd_downlink_ms,50.0713,10400000
prediction_position_error_mm,527.0258784294128,10400000
prediction_orientation_error_deg,0,10400000
owd_uplink_ms,49.5112,10500000
owd_downlink_ms,49.8821,10500000
correction_magnitude_mm,275.7982015609741,9999556
correction_magnitude_deg,0,9999556
prediction_position_error_mm,465.5434191226959,10500000
prediction_orientation_error_deg,0,10500000
prediction_position_error_mm,522.8390097618103,10600000
prediction_orientation_error_deg,0,10600000
prediction_position_error_mm,574.7261643409729,10700000
prediction_orientation_error_deg,0,10700000
owd_uplink_ms,50.7036,10800000
owd_downlink_ms,50.2052,10800000
correction_magnitude_mm,304.36256527900696,10198933
correction_magnitude_deg,0,10198933
owd_uplink_ms,49.5054,10800000
owd_downlink_ms,49.2062,10800000
correction_magnitude_mm,259.83211398124695,10298559
correction_magnitude_deg,0,10298559
prediction_position_error_mm,393.3629095554352,10800000
prediction_orientation_error_deg,0,10800000
owd_uplink_ms,50.7908,10900000
owd_downlink_ms,50.5007,10900000
prediction_position_error_mm,438.2536709308624,10900000
prediction_orientation_error_deg,0,10900000
owd_uplink_ms,49.4653,11000000
owd_downlink_ms,50.8283,11000000
correction_magnitude_mm,224.5679646730423,10399901
correction_magnitude_deg,0,10399901
prediction_position_error_mm,373.28362464904785,11000000
prediction_orientation_error_deg,0,11000000
owd_uplink_ms,49.1295,11100000
owd_downlink_ms,50.2221,11100000
correction_magnitude_mm,193.19641590118408,10501266
correction_magnitude_deg,0,10501266
prediction_position_error_mm,316.77883863449097,11100000
prediction_orientation_error_deg,0,11100000
prediction_position_error_mm,344.3240523338318,11200000
prediction_orientation_error_deg,0,11200000
owd_uplink_ms,50.0534,11300000
owd_downlink_ms,50.0827,11300000
correction_magnitude_mm,194.89285349845886,10701302
correction_magnitude_deg,0,10701302
owd_uplink_ms,50.5192,11300000
owd_downlink_ms,50.4864,11300000
prediction_position_error_mm,300.882488489151,11300000
prediction_orientation_error_deg,0,11300000
owd_uplink_ms,49.9974,11400000
owd_downlink_ms,50.2398,11400000
correction_magnitude_mm,163.46460580825806,10801563
correction_magnitude_deg,0,10801563
prediction_position_error_mm,247.36972153186798,11400000
prediction_orientation_error_deg,0,11400000
prediction_position_error_mm,272.080659866333,11500000
prediction_orientation_error_deg,0,11500000
owd_uplink_ms,50.7539,11600000
owd_downlink_ms,50.2708,11600000
correction_magnitude_mm,161.10427677631378,11000959
correction_magnitude_deg,0,11000959
prediction_position_error_mm,229.31617498397827,11600000
prediction_orientation_error_deg,0,11600000
owd_uplink_ms,50.698,11700000
owd_downlink_ms,50.0002,11700000
correction_magnitude_mm,132.3101818561554,11100086
correction_magnitude_deg,0,11100086
prediction_position_error_mm,185.6464147567749,11700000
prediction_orientation_error_deg,0,11700000
owd_uplink_ms,50.7957,11800000
owd_downlink_ms,50.6753,11800000
correction_magnitude_mm,105.89726269245148,11199936
correction_magnitude_deg,0,11199936
owd_uplink_ms,49.6524,11800000
owd_downlink_ms,50.8024,11800000
correction_magnitude_mm,74.34486597776413,11201373
correction_magnitude_deg,0,11201373
prediction_position_error_mm,560.3586435317993,11800000
prediction_orientation_error_deg,0,11800000
prediction_position_error_mm,660.3490710258484,11900000
prediction_orientation_error_deg,0,11900000
owd_uplink_ms,50.0008,12000000
owd_downlink_ms,50.4629,12000000
correction_magnitude_mm,153.3040553331375,11401950
correction_magnitude_deg,0,11401950
owd_uplink_ms,50.5566,12000000
owd_downlink_ms,50.5503,12000000
prediction_position_error_mm,702.7839422225952,12000000
prediction_orientation_error_deg,0,12000000
owd_uplink_ms,50.9451,12100000
owd_downlink_ms,49.4411,12100000
correction_magnitude_mm,305.47282099723816,11600061
correction_magnitude_deg,0,11600061
prediction_position_error_mm,687.8169178962708,12100000
prediction_orientation_error_deg,0,12100000
owd_uplink_ms,49.8597,12200000
owd_downlink_ms,50.767,12200000
correction_magnitude_mm,214.8863971233368,11601195
correction_magnitude_deg,0,11601195
owd_uplink_ms,49.89,12200000
owd_downlink_ms,49.3556,12200000
correction_magnitude_mm,53.34276333451271,11700526
correction_magnitude_deg,0,11700526
prediction_position_error_mm,453.6583721637726,12200000
prediction_orientation_error_deg,0,12200000
owd_uplink_ms,49.6065,12300000
owd_downlink_ms,49.3265,12300000
correction_magnitude_mm,60.153741389513016,11800175
correction_magnitude_deg,0,11800175
prediction_position_error_mm,522.6097702980042,12300000
prediction_orientation_error_deg,0,12300000
prediction_position_error_mm,618.8839673995972,12400000
prediction_orientation_error_deg,0,12400000
prediction_position_error_mm,715.2044177055359,12500000
prediction_orientation_error_deg,0,12500000
owd_uplink_ms,50.8825,12600000
owd_downlink_ms,50.2441,12600000
correction_magnitude_mm,235.54033041000366,11999378
correction_magnitude_deg,0,11999378
prediction_position_error_mm,721.4148044586182,12600000
prediction_orientation_error_deg,0,12600000
owd_uplink_ms,50.4157,12700000
owd_downlink_ms,50.268,12700000
correction_magnitude_mm,257.2474181652069,12099194
correction_magnitude_deg,0,12099194
owd_uplink_ms,50.5514,12700000
owd_downlink_ms,49.9113,12700000
correction_magnitude_mm,264.23606276512146,12198395
correction_magnitude_deg,0,12198395
prediction_position_error_mm,569.4931149482727,12700000
prediction_orientation_error_deg,0,12700000
prediction_position_error_mm,648.3989357948303,12800000
prediction_orientation_error_deg,0,12800000
owd_uplink_ms,49.1841,12900000
owd_downlink_ms,50.0829,12900000
correction_magnitude_mm,260.81788539886475,12299519
correction_magnitude_deg,0,12299519
owd_uplink_ms,50.5315,12900000
owd_downlink_ms,50.4692,12900000
prediction_position_error_mm,600.8839011192322,12900000
prediction_orientation_error_deg,0,12900000
owd_uplink_ms,49.8927,13000000
owd_downlink_ms,50.9176,13000000
correction_magnitude_mm,252.69505381584167,12400722
correction_magnitude_deg,0,12400722
prediction_position_error_mm,548.0641722679138,13000000
prediction_orientation_error_deg,0,13000000
owd_uplink_ms,50.0117,13100000
owd_downlink_ms,50.6005,13100000
correction_magnitude_mm,239.17683959007263,12501457
correction_magnitude_deg,0,12501457
prediction_position_error_mm,497.3583221435547,13100000
prediction_orientation_error_deg,0,13100000
owd_uplink_ms,50.513,13200000
owd_downlink_ms,49.357,13200000
correction_magnitude_mm,276.14566683769226,12700012
correction_magnitude_deg,0,12700012
owd_uplink_ms,49.5364,13200000
owd_downlink_ms,49.6022,13200000
correction_magnitude_mm,193.34490597248077,12700094
correction_magnitude_deg,0,12700094
prediction_position_error_mm,372.7504014968872,13200000
prediction_orientation_error_deg,0,13200000
prediction_position_error_mm,472.73173928260803,13300000
prediction_orientation_error_deg,0,13300000
owd_uplink_ms,50.756,13400000
owd_downlink_ms,49.6476,13400000
correction_magnitude_mm,65.00683724880219,12898709
correction_magnitude_deg,0,12898709
prediction_position_error_mm,551.2574315071106,13400000
prediction_orientation_error_deg,0,13400000
owd_uplink_ms,49.9712,13500000
owd_downlink_ms,49.5551,13500000
correction_magnitude_mm,147.34506607055664,12998189
correction_magnitude_deg,0,12998189
prediction_position_error_mm,583.7639570236206,13500000
prediction_orientation_error_deg,0,13500000
owd_uplink_ms,49.4658,13600000
owd_downlink_ms,50.2894,13600000
correction_magnitude_mm,104.11520302295685,12999219
correction_magnitude_deg,0,12999219
prediction_position_error_mm,518.8424587249756,13600000
prediction_orientation_error_deg,0,13600000
prediction_position_error_mm,617.5002455711365,13700000
prediction_orientation_error_deg,0,13700000
owd_uplink_ms,50.1629,13800000
owd_downlink_ms,50.5093,13800000
correction_magnitude_mm,124.34378266334534,13199653
correction_magnitude_deg,0,13199653
owd_uplink_ms,49.4334,13800000
owd_downlink_ms,50.7985,13800000
correction_magnitude_mm,88.71465921401978,13201359
correction_magnitude_deg,0,13201359
prediction_position_error_mm,292.7921414375305,13800000
prediction_orientation_error_deg,0,13800000
prediction_position_error_mm,350.67716240882874,13900000
prediction_orientation_error_deg,0,13900000
owd_uplink_ms,50.5036,14000000
owd_downlink_ms,50.6439,14000000
correction_magnitude_mm,56.752465665340424,13401534
correction_magnitude_deg,0,13401534
owd_uplink_ms,50.0853,14000000
owd_downlink_ms,50.6432,14000000
correction_magnitude_mm,40.12424498796463,13402231
correction_magnitude_deg,0,13402231
prediction_position_error_mm,563.010573387146,14000000
prediction_orientation_error_deg,0,14000000
prediction_position_error_mm,661.8232131004333,14100000
prediction_orientation_error_deg,0,14100000
owd_uplink_ms,50.8194,14200000
owd_downlink_ms,50.0974,14200000
correction_magnitude_mm,168.20164024829865,13601328
correction_magnitude_deg,0,13601328
owd_uplink_ms,49.9436,14200000
owd_downlink_ms,50.4372,14200000
correction_magnitude_mm,118.34239959716797,13601945
correction_magnitude_deg,0,13601945
owd_uplink_ms,49.5016,14200000
owd_downlink_ms,49.5761,14200000
correction_magnitude_mm,18.61523650586605,13702037
correction_magnitude_deg,0,13702037
prediction_position_error_mm,514.1022205352783,14200000
prediction_orientation_error_deg,0,14200000
owd_uplink_ms,49.5237,14300000
owd_downlink_ms,49.3926,14300000
correction_magnitude_mm,113.56894671916962,13801873
correction_magnitude_deg,0,13801873
prediction_position_error_mm,562.4635219573975,14300000
prediction_orientation_error_deg,0,14300000
prediction_position_error_mm,659.528374671936,14400000
prediction_orientation_error_deg,0,14400000
owd_uplink_ms,50.1487,14500000
owd_downlink_ms,49.3818,14500000
correction_magnitude_mm,271.8548774719238,14000914
correction_magnitude_deg,0,14000914
prediction_position_error_mm,654.538631439209,14500000
prediction_orientation_error_deg,0,14500000
owd_uplink_ms,50.3365,14600000
owd_downlink_ms,49.2417,14600000
correction_magnitude_mm,282.1539044380188,14099546
correction_magnitude_deg,0,14099546
prediction_position_error_mm,620.7160949707031,14600000
prediction_orientation_error_deg,0,14600000
owd_uplink_ms,49.3908,14700000
owd_downlink_ms,49.7443,14700000
correction_magnitude_mm,283.4576368331909,14199988
correction_magnitude_deg,0,14199988
prediction_position_error_mm,576.6838192939758,14700000
prediction_orientation_error_deg,0,14700000
owd_uplink_ms,50.0742,14800000
owd_downlink_ms,50.1442,14800000
correction_magnitude_mm,198.48544895648956,14200075
correction_magnitude_deg,0,14200075
prediction_position_error_mm,456.2765955924988,14800000
prediction_orientation_error_deg,0,14800000
owd_uplink_ms,50.6314,14900000
owd_downlink_ms,49.6023,14900000
correction_magnitude_mm,58.742038905620575,14398789
correction_magnitude_deg,0,14398789
prediction_position_error_mm,533.414900302887,14900000
prediction_orientation_error_deg,0,14900000
owd_uplink_ms,50.0584,15000000
owd_downlink_ms,49.2488,15000000
correction_magnitude_mm,138.23699951171875,14497778
correction_magnitude_deg,0,14497778
prediction_position_error_mm,569.2709684371948,15000000
prediction_orientation_error_deg,0,15000000
owd_uplink_ms,50.5407,15100000
owd_downlink_ms,49.5118,15100000
correction_magnitude_mm,188.6579990386963,14596492
correction_magnitude_deg,0,14596492
owd_uplink_ms,49.5612,15100000
owd_downlink_ms,50.01,15100000
correction_magnitude_mm,132.56078958511353,14597053
correction_magnitude_deg,0,14597053
prediction_position_error_mm,413.1236672401428,15100000
prediction_orientation_error_deg,0,15100000
prediction_position_error_mm,513.744056224823,15200000
prediction_orientation_error_deg,0,15200000
prediction_position_error_mm,614.3149137496948,15300000
prediction_orientation_error_deg,0,15300000
owd_uplink_ms,49.8677,15400000
owd_downlink_ms,51.1325,15400000
correction_magnitude_mm,109.60148274898529,14798635
correction_magnitude_deg,0,14798635
owd_uplink_ms,50.1119,15400000
owd_downlink_ms,49.6238,15400000
correction_magnitude_mm,175.25920271873474,14898026
correction_magnitude_deg,0,14898026
prediction_position_error_mm,593.0151343345642,15400000
prediction_orientation_error_deg,0,15400000
prediction_position_error_mm,687.0051622390747,15500000
prediction_orientation_error_deg,0,15500000
owd_uplink_ms,50.754,15600000
owd_downlink_ms,50.8631,15600000
correction_magnitude_mm,216.6072279214859,14998163
correction_magnitude_deg,0,14998163
prediction_position_error_mm,676.4193773269653,15600000
prediction_orientation_error_deg,0,15600000
owd_uplink_ms,49.9586,15700000
owd_downlink_ms,50.6832,15700000
correction_magnitude_mm,239.66987431049347,15099070
correction_magnitude_deg,0,15099070
prediction_position_error_mm,648.6117243766785,15700000
prediction_orientation_error_deg,0,15700000
owd_uplink_ms,50.7798,15800000
owd_downlink_ms,50.984,15800000
correction_magnitude_mm,248.05693328380585,15199326
correction_magnitude_deg,0,15199326
owd_uplink_ms,50.6053,15800000
owd_downlink_ms,49.5733,15800000
correction_magnitude_mm,245.3237920999527,15298037
correction_magnitude_deg,0,15298037
prediction_position_error_mm,498.32382798194885,15800000
prediction_orientation_error_deg,0,15800000
prediction_position_error_mm,562.8890991210938,15900000
prediction_orientation_error_deg,0,15900000
owd_uplink_ms,50.0778,16000000
owd_downlink_ms,50.2312,16000000
correction_magnitude_mm,236.95753514766693,15398229
correction_magnitude_deg,0,15398229
owd_uplink_ms,50.3708,16000000
owd_downlink_ms,50.1762,16000000
correction_magnitude_mm,224.13837909698486,15497986
correction_magnitude_deg,0,15497986
prediction_position_error_mm,412.83729672431946,16000000
prediction_orientation_error_deg,0,16000000
owd_uplink_ms,49.0568,16100000
owd_downlink_ms,50.2277,16100000
correction_magnitude_mm,157.63936936855316,15499450
correction_magnitude_deg,0,15499450
prediction_position_error_mm,488.5505437850952,16100000
prediction_orientation_error_deg,0,16100000
owd_uplink_ms,49.1861,16200000
owd_downlink_ms,50.7417,16200000
correction_magnitude_mm,8.86441022157669,15601394
correction_magnitude_deg,0,15601394
owd_uplink_ms,49.6173,16200000
owd_downlink_ms,48.9852,16200000
correction_magnitude_mm,92.70060807466507,15700603
correction_magnitude_deg,0,15700603
prediction_position_error_mm,549.2764115333557,16200000
prediction_orientation_error_deg,0,16200000
owd_uplink_ms,49.9055,16300000
owd_downlink_ms,49.616,16300000
correction_magnitude_mm,161.4311933517456,15800240
correction_magnitude_deg,0,15800240
prediction_position_error_mm,573.7383365631104,16300000
prediction_orientation_error_deg,0,16300000
prediction_position_error_mm,666.0347580909729,16400000
prediction_orientation_error_deg,0,16400000
owd_uplink_ms,50.09,16500000
owd_downlink_ms,49.7633,16500000
correction_magnitude_mm,297.0324456691742,15999832
correction_magnitude_deg,0,15999832
prediction_position_error_mm,646.9806432723999,16500000
prediction_orientation_error_deg,0,16500000
prediction_position_error_mm,734.9500060081482,16600000
prediction_orientation_error_deg,0,16600000
owd_uplink_ms,50.4626,16700000
owd_downlink_ms,50.0979,16700000
correction_magnitude_mm,295.05547881126404,16099377
correction_magnitude_deg,0,16099377
owd_uplink_ms,49.7241,16700000
owd_downlink_ms,50.5144,16700000
correction_magnitude_mm,207.31808245182037,16100364
correction_magnitude_deg,0,16100364
prediction_position_error_mm,454.4680714607239,16700000
prediction_orientation_error_deg,0,16700000
owd_uplink_ms,49.4499,16800000
owd_downlink_ms,50.0151,16800000
correction_magnitude_mm,44.361479580402374,16201070
correction_magnitude_deg,0,16201070
prediction_position_error_mm,567.598283290863,16800000
prediction_orientation_error_deg,0,16800000
owd_uplink_ms,49.2881,16900000
owd_downlink_ms,49.4359,16900000
correction_magnitude_mm,169.20393705368042,16401254
correction_magnitude_deg,0,16401254
prediction_position_error_mm,603.7431359291077,16900000
prediction_orientation_error_deg,0,16900000
owd_uplink_ms,50.2599,17000000
owd_downlink_ms,50.4392,17000000
correction_magnitude_mm,118.66004765033722,16401477
correction_magnitude_deg,0,16401477
prediction_position_error_mm,516.153872013092,17000000
prediction_orientation_error_deg,0,17000000
owd_uplink_ms,49.735,17100000
owd_downlink_ms,50.5194,17100000
correction_magnitude_mm,18.023330718278885,16502457
correction_magnitude_deg,0,16502457
prediction_position_error_mm,607.8628301620483,17100000
prediction_orientation_error_deg,0,17100000
owd_uplink_ms,49.6773,17200000
owd_downlink_ms,50.1658,17200000
correction_magnitude_mm,112.74498701095581,16603067
correction_magnitude_deg,0,16603067
prediction_position_error_mm,654.1847586631775,17200000
prediction_orientation_error_deg,0,17200000
prediction_position_error_mm,750.2726912498474,17300000
prediction_orientation_error_deg,0,17300000
owd_uplink_ms,50.9546,17400000
owd_downlink_ms,50.5731,17400000
correction_magnitude_mm,270.79373598098755,16802589
correction_magnitude_deg,0,16802589
prediction_position_error_mm,741.253912448883,17400000
prediction_orientation_error_deg,0,17400000
owd_uplink_ms,49.9654,17500000
owd_downlink_ms,50.222,17500000
correction_magnitude_mm,282.32884407043457,16902909
correction_magnitude_deg,0,16902909
owd_uplink_ms,50.671,17500000
owd_downlink_ms,50.7007,17500000
correction_magnitude_mm,197.6611167192459,16902946
correction_magnitude_deg,0,16902946
prediction_position_error_mm,456.7261338233948,17500000
prediction_orientation_error_deg,0,17500000
prediction_position_error_mm,555.6145310401917,17600000
prediction_orientation_error_deg,0,17600000
owd_uplink_ms,50.4075,17700000
owd_downlink_ms,50.0335,17700000
correction_magnitude_mm,60.88508665561676,17102478
correction_magnitude_deg,0,17102478
owd_uplink_ms,49.769,17700000
owd_downlink_ms,49.1631,17700000
correction_magnitude_mm,140.25051891803741,17201720
correction_magnitude_deg,0,17201720
owd_uplink_ms,50.3327,17700000
owd_downlink_ms,49.745,17700000
prediction_position_error_mm,568.66455078125,17700000
prediction_orientation_error_deg,0,17700000
prediction_position_error_mm,662.1958017349243,17800000
prediction_orientation_error_deg,0,17800000
prediction_position_error_mm,757.0216059684753,17900000
prediction_orientation_error_deg,0,17900000
owd_uplink_ms,50.8374,18000000
owd_downlink_ms,50.7267,18000000
correction_magnitude_mm,286.5602970123291,17400846
correction_magnitude_deg,0,17400846
owd_uplink_ms,50.6923,18000000
owd_downlink_ms,49.1281,18000000
correction_magnitude_mm,288.85719180107117,17498891
correction_magnitude_deg,0,17498891
prediction_position_error_mm,607.5735688209534,18000000
prediction_orientation_error_deg,0,18000000
prediction_position_error_mm,688.4236335754395,18100000
prediction_orientation_error_deg,0,18100000
owd_uplink_ms,50.3156,18200000
owd_downlink_ms,50.238,18200000
correction_magnitude_mm,282.69797563552856,17598794
correction_magnitude_deg,0,17598794
owd_uplink_ms,49.5603,18200000
owd_downlink_ms,50.5521,18200000
correction_magnitude_mm,198.7951099872589,17600033
correction_magnitude_deg,0,17600033
prediction_position_error_mm,465.28419852256775,18200000
prediction_orientation_error_deg,0,18200000
prediction_position_error_mm,565.2607083320618,18300000
prediction_orientation_error_deg,0,18300000
owd_uplink_ms,50.6994,18400000
owd_downlink_ms,50.3471,18400000
correction_magnitude_mm,61.73388287425041,17799593
correction_magnitude_deg,0,17799593
owd_uplink_ms,49.8983,18400000
owd_downlink_ms,50.3112,18400000
correction_magnitude_mm,43.72332990169525,17800108
correction_magnitude_deg,0,17800108
prediction_position_error_mm,564.579963684082,18400000
prediction_orientation_error_deg,0,18400000
owd_uplink_ms,49.1295,18500000
owd_downlink_ms,49.3775,18500000
correction_magnitude_mm,167.9760217666626,18000417
correction_magnitude_deg,0,18000417
owd_uplink_ms,50.8868,18500000
owd_downlink_ms,49.7092,18500000
prediction_position_error_mm,599.4111895561218,18500000
prediction_orientation_error_deg,0,18500000
prediction_position_error_mm,695.7108974456787,18600000
prediction_orientation_error_deg,0,18600000
owd_uplink_ms,49.8329,18700000
owd_downlink_ms,50.548,18700000
correction_magnitude_mm,213.56603503227234,18099840
correction_magnitude_deg,0,18099840
prediction_position_error_mm,690.4340982437134,18700000
prediction_orientation_error_deg,0,18700000
owd_uplink_ms,49.5797,18800000
owd_downlink_ms,50.1394,18800000
correction_magnitude_mm,240.18430709838867,18200539
correction_magnitude_deg,0,18200539
prediction_position_error_mm,665.290892124176,18800000
prediction_orientation_error_deg,0,18800000
prediction_position_error_mm,747.8930950164795,18900000
prediction_orientation_error_deg,0,18900000
owd_uplink_ms,50.5666,19000000
owd_downlink_ms,50.1025,19000000
correction_magnitude_mm,334.3622386455536,18399960
correction_magnitude_deg,0,18399960
owd_uplink_ms,49.1472,19000000
owd_downlink_ms,49.6828,19000000
correction_magnitude_mm,311.22887134552,18500629
correction_magnitude_deg,0,18500629
prediction_position_error_mm,560.2739453315735,19000000
prediction_orientation_error_deg,0,19000000
owd_uplink_ms,50.5531,19100000
owd_downlink_ms,50.0619,19100000
prediction_position_error_mm,628.4745931625366,19100000
prediction_orientation_error_deg,0,19100000
owd_uplink_ms,49.4674,19200000
owd_downlink_ms,50.2852,19200000
correction_magnitude_mm,286.53866052627563,18601036
correction_magnitude_deg,0,18601036
prediction_position_error_mm,557.9294562339783,19200000
prediction_orientation_error_deg,0,19200000
owd_uplink_ms,50.3946,19300000
owd_downlink_ms,49.8916,19300000
correction_magnitude_mm,320.9811747074127,18800406
correction_magnitude_deg,0,18800406
prediction_position_error_mm,498.5061585903168,19300000
prediction_orientation_error_deg,0,19300000
prediction_position_error_mm,551.620364189148,19400000
prediction_orientation_error_deg,0,19400000
owd_uplink_ms,50.5086,19500000
owd_downlink_ms,50.0982,19500000
correction_magnitude_mm,279.3045938014984,18899893
correction_magnitude_deg,0,18899893
prediction_position_error_mm,471.8586802482605,19500000
prediction_orientation_error_deg,0,19500000
owd_uplink_ms,50.0663,19600000
owd_downlink_ms,50.0987,19600000
correction_magnitude_mm,241.96818470954895,18999934
correction_magnitude_deg,0,18999934
prediction_position_error_mm,403.47105264663696,19600000
prediction_orientation_error_deg,0,19600000
owd_uplink_ms,50.0822,19700000
owd_downlink_ms,50.1913,19700000
correction_magnitude_mm,208.5638791322708,19100070
correction_magnitude_deg,0,19100070
prediction_position_error_mm,342.2600328922272,19700000
prediction_orientation_error_deg,0,19700000
owd_uplink_ms,49.5107,19800000
owd_downlink_ms,50.347,19800000
correction_magnitude_mm,177.7406632900238,19201115
correction_magnitude_deg,0,19201115
owd_uplink_ms,50.3644,19800000
owd_downlink_ms,50.3603,19800000
prediction_position_error_mm,288.1503701210022,19800000
prediction_orientation_error_deg,0,19800000
owd_uplink_ms,50.8138,19900000
owd_downlink_ms,49.1479,19900000
correction_magnitude_mm,178.68885397911072,19399027
correction_magnitude_deg,0,19399027
owd_uplink_ms,49.4156,19900000
owd_downlink_ms,49.2287,19900000
prediction_position_error_mm,249.93759393692017,19900000
prediction_orientation_error_deg,0,19900000
prediction_position_error_mm,274.405837059021,20000000
prediction_orientation_error_deg,0,20000000
owd_uplink_ms,49.5701,20100000
owd_downlink_ms,50.7721,20100000
correction_magnitude_mm,150.07257461547852,19500296
correction_magnitude_deg,0,19500296
prediction_position_error_mm,227.14786231517792,20100000
prediction_orientation_error_deg,0,20100000
owd_uplink_ms,50.2392,20200000
owd_downlink_ms,49.1911,20200000
correction_magnitude_mm,146.74310386180878,19698986
correction_magnitude_deg,0,19698986
prediction_position_error_mm,190.0293231010437,20200000
prediction_orientation_error_deg,0,20200000
owd_uplink_ms,49.4392,20300000
owd_downlink_ms,49.9905,20300000
correction_magnitude_mm,119.01822686195374,19799676
correction_magnitude_deg,0,19799676
prediction_position_error_mm,154.20305728912354,20300000
prediction_orientation_error_deg,0,20300000
owd_uplink_ms,50.6734,20400000
owd_downlink_ms,50.7561,20400000
correction_magnitude_mm,83.32942426204681,19799780
correction_magnitude_deg,0,19799780
prediction_position_error_mm,553.3192753791809,20400000
prediction_orientation_error_deg,0,20400000
owd_uplink_ms,50.5311,20500000
owd_downlink_ms,49.5491,20500000
correction_magnitude_mm,142.22241938114166,19998553
correction_magnitude_deg,0,19998553
prediction_position_error_mm,601.9555926322937,20500000
prediction_orientation_error_deg,0,20500000
owd_uplink_ms,50.0735,20600000
owd_downlink_ms,49.8702,20600000
correction_magnitude_mm,198.99407029151917,20098300
correction_magnitude_deg,0,20098300
prediction_position_error_mm,610.0633144378662,20600000
prediction_orientation_error_deg,0,20600000
owd_uplink_ms,50.2934,20700000
owd_downlink_ms,49.899,20700000
correction_magnitude_mm,234.54295098781586,20197807
correction_magnitude_deg,0,20197807
prediction_position_error_mm,600.3482341766357,20700000
prediction_orientation_error_deg,0,20700000
owd_uplink_ms,49.2821,20800000
owd_downlink_ms,50.6926,20800000
correction_magnitude_mm,165.67444801330566,20199570
correction_magnitude_deg,0,20199570
prediction_position_error_mm,471.701443195343,20800000
prediction_orientation_error_deg,0,20800000
owd_uplink_ms,49.7926,20900000
owd_downlink_ms,50.6623,20900000
correction_magnitude_mm,16.91240631043911,20300657
correction_magnitude_deg,0,20300657
owd_uplink_ms,49.4336,20900000
owd_downlink_ms,49.1496,20900000
correction_magnitude_mm,85.76223254203796,20400302
correction_magnitude_deg,0,20400302
prediction_position_error_mm,535.8517169952393,20900000
prediction_orientation_error_deg,0,20900000
owd_uplink_ms,49.5116,21000000
owd_downlink_ms,49.5701,21000000
correction_magnitude_mm,155.41663765907288,20500374
correction_magnitude_deg,0,20500374
prediction_position_error_mm,563.3497834205627,21000000
prediction_orientation_error_deg,0,21000000
prediction_position_error_mm,653.7774801254272,21100000
prediction_orientation_error_deg,0,21100000
owd_uplink_ms,50.2597,21200000
owd_downlink_ms,49.1095,21200000
correction_magnitude_mm,288.6309623718262,20698937
correction_magnitude_deg,0,20698937
owd_uplink_ms,48.9988,21200000
owd_downlink_ms,49.1318,21200000
correction_magnitude_mm,202.18926668167114,20699104
correction_magnitude_deg,0,20699104
prediction_position_error_mm,368.59118938446045,21200000
prediction_orientation_error_deg,0,21200000
owd_uplink_ms,49.1099,21300000
owd_downlink_ms,49.1254,21300000
correction_magnitude_mm,39.34086114168167,20799124
correction_magnitude_deg,0,20799124
prediction_position_error_mm,485.25914549827576,21300000
prediction_orientation_error_deg,0,21300000
owd_uplink_ms,49.3876,21400000
owd_downlink_ms,49.5818,21400000
correction_magnitude_mm,75.07218420505524,20899367
correction_magnitude_deg,0,20899367
prediction_position_error_mm,554.0013313293457,21400000
prediction_orientation_error_deg,0,21400000
prediction_position_error_mm,654.3025970458984,21500000
prediction_orientation_error_deg,0,21500000
owd_uplink_ms,50.1971,21600000
owd_downlink_ms,49.6523,21600000
correction_magnitude_mm,249.68551099300385,21098686
correction_magnitude_deg,0,21098686
prediction_position_error_mm,660.9029173851013,21600000
prediction_orientation_error_deg,0,21600000
prediction_position_error_mm,757.5328350067139,21700000
prediction_orientation_error_deg,0,21700000
owd_uplink_ms,50.4024,21800000
owd_downlink_ms,50.3502,21800000
correction_magnitude_mm,271.08585834503174,21198621
correction_magnitude_deg,0,21198621
owd_uplink_ms,50.3275,21800000
owd_downlink_ms,49.2799,21800000
correction_magnitude_mm,279.39310669898987,21297312
correction_magnitude_deg,0,21297312
prediction_position_error_mm,594.7360992431641,21800000
prediction_orientation_error_deg,0,21800000
owd_uplink_ms,49.1763,21900000
owd_downlink_ms,50.2563,21900000
correction_magnitude_mm,196.61995768547058,21298663
correction_magnitude_deg,0,21298663
prediction_position_error_mm,450.6223797798157,21900000
prediction_orientation_error_deg,0,21900000
owd_uplink_ms,49.6409,22000000
owd_downlink_ms,50.5272,22000000
correction_magnitude_mm,39.08177092671394,21399771
correction_magnitude_deg,0,21399771
prediction_position_error_mm,559.5888495445251,22000000
prediction_orientation_error_deg,0,22000000
owd_uplink_ms,49.5966,22100000
owd_downlink_ms,50.3585,22100000
correction_magnitude_mm,71.06012850999832,21500723
correction_magnitude_deg,0,21500723
owd_uplink_ms,49.1014,22100000
owd_downlink_ms,48.9598,22100000
correction_magnitude_mm,144.83633637428284,21600545
correction_magnitude_deg,0,21600545
prediction_position_error_mm,557.6460361480713,22100000
prediction_orientation_error_deg,0,22100000
owd_uplink_ms,49.1839,22200000
owd_downlink_ms,49.0169,22200000
correction_magnitude_mm,192.06638634204865,21700336
correction_magnitude_deg,0,21700336
prediction_position_error_mm,559.0291023254395,22200000
prediction_orientation_error_deg,0,22200000
prediction_position_error_mm,643.8789367675781,22300000
prediction_orientation_error_deg,0,22300000
owd_uplink_ms,50.3497,22400000
owd_downlink_ms,49.6633,22400000
correction_magnitude_mm,306.5017759799957,21899479
correction_magnitude_deg,0,21899479
prediction_position_error_mm,613.6283278465271,22400000
prediction_orientation_error_deg,0,22400000
owd_uplink_ms,50.5727,22500000
owd_downlink_ms,49.9672,22500000
correction_magnitude_mm,294.3224608898163,21998723
correction_magnitude_deg,0,21998723
prediction_position_error_mm,560.8854293823242,22500000
prediction_orientation_error_deg,0,22500000
owd_uplink_ms,49.8672,22600000
owd_downlink_ms,49.6448,22600000
correction_magnitude_mm,277.28089690208435,22098446
correction_magnitude_deg,0,22098446
prediction_position_error_mm,510.09225845336914,22600000
prediction_orientation_error_deg,0,22600000
owd_uplink_ms,49.6158,22700000
owd_downlink_ms,49.6321,22700000
correction_magnitude_mm,254.33966517448425,22198467
correction_magnitude_deg,0,22198467
prediction_position_error_mm,458.404541015625,22700000
prediction_orientation_error_deg,0,22700000
owd_uplink_ms,50.6558,22800000
owd_downlink_ms,50.3352,22800000
prediction_position_error_mm,513.6067867279053,22800000
prediction_orientation_error_deg,0,22800000
owd_uplink_ms,49.1899,22900000
owd_downlink_ms,50.3057,22900000
correction_magnitude_mm,233.98235440254211,22299462
correction_magnitude_deg,0,22299462
prediction_position_error_mm,456.83756470680237,22900000
prediction_orientation_error_deg,0,22900000
owd_uplink_ms,49.1486,23000000
owd_downlink_ms,50.5708,23000000
correction_magnitude_mm,213.0730152130127,22401239
correction_magnitude_deg,0,22401239
prediction_position_error_mm,403.4843444824219,23000000
prediction_orientation_error_deg,0,23000000
owd_uplink_ms,49.6037,23100000
owd_downlink_ms,50.0866,23100000
correction_magnitude_mm,191.4750039577484,22501842
correction_magnitude_deg,0,22501842
prediction_position_error_mm,353.74242067337036,23100000
prediction_orientation_error_deg,0,23100000
owd_uplink_ms,50.1742,23200000
owd_downlink_ms,49.8403,23200000
correction_magnitude_mm,209.49657261371613,22701424
correction_magnitude_deg,0,22701424
prediction_position_error_mm,308.03921818733215,23200000
prediction_orientation_error_deg,0,23200000
owd_uplink_ms,50.4721,23300000
owd_downlink_ms,49.0542,23300000
correction_magnitude_mm,179.1185438632965,22799652
correction_magnitude_deg,0,22799652
prediction_position_error_mm,263.10524344444275,23300000
prediction_orientation_error_deg,0,23300000
prediction_position_error_mm,290.5116081237793,23400000
prediction_orientation_error_deg,0,23400000
owd_uplink_ms,50.6861,23500000
owd_downlink_ms,50.8543,23500000
correction_magnitude_mm,153.04957330226898,22899863
correction_magnitude_deg,0,22899863
owd_uplink_ms,50.0704,23500000
owd_downlink_ms,49.232,23500000
correction_magnitude_mm,129.84153628349304,22998816
correction_magnitude_deg,0,22998816
prediction_position_error_mm,182.4255734682083,23500000
prediction_orientation_error_deg,0,23500000
prediction_position_error_mm,201.1997252702713,23600000
prediction_orientation_error_deg,0,23600000
owd_uplink_ms,50.6074,23700000
owd_downlink_ms,50.693,23700000
correction_magnitude_mm,109.91767793893814,23098924
correction_magnitude_deg,0,23098924
owd_uplink_ms,49.2269,23700000
owd_downlink_ms,49.7742,23700000
correction_magnitude_mm,89.50527757406235,23199609
correction_magnitude_deg,0,23199609
prediction_position_error_mm,126.97172164916992,23700000
prediction_orientation_error_deg,0,23700000
owd_uplink_ms,50.193,23800000
owd_downlink_ms,50.4885,23800000
correction_magnitude_mm,62.71353363990784,23199979
correction_magnitude_deg,0,23199979
prediction_position_error_mm,576.2873888015747,23800000
prediction_orientation_error_deg,0,23800000
prediction_position_error_mm,676.2691736221313,23900000
prediction_orientation_error_deg,0,23900000
owd_uplink_ms,50.4586,24000000
owd_downlink_ms,50.2307,24000000
correction_magnitude_mm,159.07323360443115,23399695
correction_magnitude_deg,0,23399695
prediction_position_error_mm,721.2398648262024,24000000
prediction_orientation_error_deg,0,24000000
owd_uplink_ms,49.9636,24100000
owd_downlink_ms,50.2441,24100000
correction_magnitude_mm,215.96720814704895,23500045
correction_magnitude_deg,0,23500045
owd_uplink_ms,50.2114,24100000
owd_downlink_ms,50.2468,24100000
correction_magnitude_mm,151.21717751026154,23500089
correction_magnitude_deg,0,23500089
owd_uplink_ms,49.8642,24100000
owd_downlink_ms,49.3413,24100000
correction_magnitude_mm,10.096735320985317,23599436
correction_magnitude_deg,0,23599436
prediction_position_error_mm,476.1505126953125,24100000
prediction_orientation_error_deg,0,24100000
owd_uplink_ms,49.7342,24200000
owd_downlink_ms,49.2454,24200000
correction_magnitude_mm,89.06186372041702,23698825
correction_magnitude_deg,0,23698825
prediction_position_error_mm,532.3542356491089,24200000
prediction_orientation_error_deg,0,24200000
owd_uplink_ms,49.2699,24300000
owd_downlink_ms,49.9324,24300000
correction_magnitude_mm,156.99085593223572,23799653
correction_magnitude_deg,0,23799653
prediction_position_error_mm,559.1810345649719,24300000
prediction_orientation_error_deg,0,24300000
prediction_position_error_mm,644.5170640945435,24400000
prediction_orientation_error_deg,0,24400000
owd_uplink_ms,50.7006,24500000
owd_downlink_ms,49.829,24500000
correction_magnitude_mm,287.1273159980774,23998564
correction_magnitude_deg,0,23998564
prediction_position_error_mm,625.5924701690674,24500000
prediction_orientation_error_deg,0,24500000
owd_uplink_ms,49.4804,24600000
owd_downlink_ms,50.474,24600000
correction_magnitude_mm,202.08564400672913,23999806
correction_magnitude_deg,0,23999806
prediction_position_error_mm,480.6247353553772,24600000
prediction_orientation_error_deg,0,24600000
owd_uplink_ms,49.4345,24700000
owd_downlink_ms,50.6076,24700000
correction_magnitude_mm,36.47420182824135,24101272
correction_magnitude_deg,0,24101272
prediction_position_error_mm,595.3100919723511,24700000
prediction_orientation_error_deg,0,24700000
owd_uplink_ms,49.6336,24800000
owd_downlink_ms,50.3315,24800000
correction_magnitude_mm,78.97953689098358,24202144
correction_magnitude_deg,0,24202144
prediction_position_error_mm,661.3755822181702,24800000
prediction_orientation_error_deg,0,24800000
prediction_position_error_mm,762.8580331802368,24900000
prediction_orientation_error_deg,0,24900000
owd_uplink_ms,50.4336,25000000
owd_downlink_ms,50.1886,25000000
correction_magnitude_mm,257.57303833961487,24401837
correction_magnitude_deg,0,24401837
owd_uplink_ms,49.7959,25000000
owd_downlink_ms,50.6799,25000000
correction_magnitude_mm,181.3361793756485,24402941
correction_magnitude_deg,0,24402941
prediction_position_error_mm,447.35005497932434,25000000
prediction_orientation_error_deg,0,25000000
owd_uplink_ms,49.8031,25100000
owd_downlink_ms,50.0151,25100000
correction_magnitude_mm,30.425412580370903,24503205
correction_magnitude_deg,0,24503205
prediction_position_error_mm,552.5419116020203,25100000
prediction_orientation_error_deg,0,25100000
owd_uplink_ms,49.8924,25200000
owd_downlink_ms,50.5301,25200000
correction_magnitude_mm,75.7947564125061,24604001
correction_magnitude_deg,0,24604001
owd_uplink_ms,50.0292,25200000
owd_downlink_ms,48.837,25200000
correction_magnitude_mm,145.5562710762024,24702510
correction_magnitude_deg,0,24702510
prediction_position_error_mm,550.6262183189392,25200000
prediction_orientation_error_deg,0,25200000
prediction_position_error_mm,636.0319256782532,25300000
prediction_orientation_error_deg,0,25300000
owd_uplink_ms,49.7508,25400000
owd_downlink_ms,50.5382,25400000
correction_magnitude_mm,192.30175018310547,24803494
correction_magnitude_deg,0,24803494
owd_uplink_ms,49.3932,25400000
owd_downlink_ms,49.4548,25400000
correction_magnitude_mm,218.42804551124573,24903571
correction_magnitude_deg,0,24903571
prediction_position_error_mm,539.5272374153137,25400000
prediction_orientation_error_deg,0,25400000
owd_uplink_ms,50.1224,25500000
owd_downlink_ms,49.1718,25500000
correction_magnitude_mm,229.10532355308533,25002382
correction_magnitude_deg,0,25002382
prediction_position_error_mm,509.20116901397705,25500000
prediction_orientation_error_deg,0,25500000
owd_uplink_ms,49.3426,25600000
owd_downlink_ms,49.2672,25600000
correction_magnitude_mm,230.48453032970428,25102287
correction_magnitude_deg,0,25102287
prediction_position_error_mm,475.63472390174866,25600000
prediction_orientation_error_deg,0,25600000
prediction_position_error_mm,538.7099981307983,25700000
prediction_orientation_error_deg,0,25700000
owd_uplink_ms,49.3581,25800000
owd_downlink_ms,48.8434,25800000
correction_magnitude_mm,287.3319387435913,25301643
correction_magnitude_deg,0,25301643
owd_uplink_ms,50.2216,25800000
owd_downlink_ms,49.5125,25800000
prediction_position_error_mm,494.0077066421509,25800000
prediction_orientation_error_deg,0,25800000
prediction_position_error_mm,552.7005791664124,25900000
prediction_orientation_error_deg,0,25900000
owd_uplink_ms,50.4706,26000000
owd_downlink_ms,49.1348,26000000
correction_magnitude_mm,317.17970967292786,25499087
correction_magnitude_deg,0,25499087
prediction_position_error_mm,496.2439835071564,26000000
prediction_orientation_error_deg,0,26000000
owd_uplink_ms,49.6911,26100000
owd_downlink_ms,50.5812,26100000
correction_magnitude_mm,222.67091274261475,25500199
correction_magnitude_deg,0,25500199
owd_uplink_ms,49.8517,26100000
owd_downlink_ms,49.5512,26100000
correction_magnitude_mm,52.217498421669006,25599824
correction_magnitude_deg,0,25599824
prediction_position_error_mm,484.41261053085327,26100000
prediction_orientation_error_deg,0,26100000
owd_uplink_ms,49.5749,26200000
owd_downlink_ms,49.2924,26200000
correction_magnitude_mm,67.24394112825394,25699471
correction_magnitude_deg,0,25699471
prediction_position_error_mm,554.0960431098938,26200000
prediction_orientation_error_deg,0,26200000
owd_uplink_ms,49.4642,26300000
owd_downlink_ms,49.8349,26300000
correction_magnitude_mm,149.61253106594086,25799935
correction_magnitude_deg,0,25799935
prediction_position_error_mm,593.3625102043152,26300000
prediction_orientation_error_deg,0,26300000
owd_uplink_ms,49.5496,26400000
owd_downlink_ms,49.8152,26400000
correction_magnitude_mm,202.69633829593658,25900267
correction_magnitude_deg,0,25900267
prediction_position_error_mm,600.0638604164124,26400000
prediction_orientation_error_deg,0,26400000
prediction_position_error_mm,691.8269395828247,26500000
prediction_orientation_error_deg,0,26500000
owd_uplink_ms,50.1639,26600000
owd_downlink_ms,49.1267,26600000
correction_magnitude_mm,324.0351378917694,26098971
correction_magnitude_deg,0,26098971
owd_uplink_ms,49.8975,26600000
owd_downlink_ms,49.9718,26600000
correction_magnitude_mm,226.90217196941376,26099065
correction_magnitude_deg,0,26099065
prediction_position_error_mm,325.0070810317993,26600000
prediction_orientation_error_deg,0,26600000
prediction_position_error_mm,420.6633269786835,26700000
prediction_orientation_error_deg,0,26700000
owd_uplink_ms,50.7635,26800000
owd_downlink_ms,49.8969,26800000
correction_magnitude_mm,31.761247664690018,26297982
correction_magnitude_deg,0,26297982
owd_uplink_ms,49.6903,26800000
owd_downlink_ms,50.1286,26800000
correction_magnitude_mm,22.77468517422676,26298530
correction_magnitude_deg,0,26298530
prediction_position_error_mm,141.3399577140808,26800000
prediction_orientation_error_deg,0,26800000
owd_uplink_ms,49.502,26900000
owd_downlink_ms,50.0369,26900000
correction_magnitude_mm,16.730215400457382,26399199
correction_magnitude_deg,0,26399199
prediction_position_error_mm,165.35882651805878,26900000
prediction_orientation_error_deg,0,26900000
owd_uplink_ms,49.8667,27000000
owd_downlink_ms,49.8371,27000000
correction_magnitude_mm,42.084626853466034,26499163
correction_magnitude_deg,0,26499163
prediction_position_error_mm,177.28856205940247,27000000
prediction_orientation_error_deg,0,27000000
prediction_position_error_mm,203.52475345134735,27100000
prediction_orientation_error_deg,0,27100000
owd_uplink_ms,50.0926,27200000
owd_downlink_ms,49.91,27200000
correction_magnitude_mm,85.15644818544388,26698935
correction_magnitude_deg,0,26698935
prediction_position_error_mm,201.20544731616974,27200000
prediction_orientation_error_deg,0,27200000
prediction_position_error_mm,233.02093148231506,27300000
prediction_orientation_error_deg,0,27300000
owd_uplink_ms,50.6401,27400000
owd_downlink_ms,50.6635,27400000
correction_magnitude_mm,91.0876989364624,26798965
correction_magnitude_deg,0,26798965
owd_uplink_ms,49.2174,27400000
owd_downlink_ms,50.5639,27400000
correction_magnitude_mm,64.13473188877106,26800648
correction_magnitude_deg,0,26800648
owd_uplink_ms,49.0593,27400000
owd_downlink_ms,48.9595,27400000
correction_magnitude_mm,43.759413063526154,26900523
correction_magnitude_deg,0,26900523
prediction_position_error_mm,470.55599093437195,27400000
prediction_orientation_error_deg,0,27400000
owd_uplink_ms,49.1291,27500000
owd_downlink_ms,49.017,27500000
correction_magnitude_mm,117.93307960033417,27000382
correction_magnitude_deg,0,27000382
prediction_position_error_mm,504.8104524612427,27500000
prediction_orientation_error_deg,0,27500000
prediction_position_error_mm,585.0507616996765,27600000
prediction_orientation_error_deg,0,27600000
owd_uplink_ms,50.202,27700000
owd_downlink_ms,49.6267,27700000
correction_magnitude_mm,253.07971239089966,27199664
correction_magnitude_deg,0,27199664
prediction_position_error_mm,577.3448944091797,27700000
prediction_orientation_error_deg,0,27700000
prediction_position_error_mm,653.6982655525208,27800000
prediction_orientation_error_deg,0,27800000
owd_uplink_ms,49.8764,27900000
owd_downlink_ms,50.2331,27900000
correction_magnitude_mm,254.09162044525146,27300109
correction_magnitude_deg,0,27300109
owd_uplink_ms,50.3201,27900000
owd_downlink_ms,50.5891,27900000
correction_magnitude_mm,178.1190186738968,27300445
correction_magnitude_deg,0,27300445
prediction_position_error_mm,496.3337481021881,27900000
prediction_orientation_error_deg,0,27900000
prediction_position_error_mm,596.2621569633484,28000000
prediction_orientation_error_deg,0,28000000
owd_uplink_ms,50.8095,28100000
owd_downlink_ms,50.6198,28100000
correction_magnitude_mm,78.59492301940918,27500208
correction_magnitude_deg,0,27500208
owd_uplink_ms,50.8079,28100000
owd_downlink_ms,49.5788,28100000
correction_magnitude_mm,159.50477123260498,27598672
correction_magnitude_deg,0,27598672
owd_uplink_ms,49.7621,28100000
owd_downlink_ms,49.6173,28100000
prediction_position_error_mm,600.7667183876038,28100000
prediction_orientation_error_deg,0,28100000
prediction_position_error_mm,694.6697235107422,28200000
prediction_orientation_error_deg,0,28200000
prediction_position_error_mm,796.0636615753174,28300000
prediction_orientation_error_deg,0,28300000
owd_uplink_ms,50.1364,28400000
owd_downlink_ms,50.8947,28400000
correction_magnitude_mm,307.4469268321991,27799439
correction_magnitude_deg,0,27799439
owd_uplink_ms,49.5976,28400000
owd_downlink_ms,50.8554,28400000
correction_magnitude_mm,216.61634743213654,27801011
correction_magnitude_deg,0,27801011
prediction_position_error_mm,424.9916076660156,28400000
prediction_orientation_error_deg,0,28400000
owd_uplink_ms,49.8023,28500000
owd_downlink_ms,49.964,28500000
correction_magnitude_mm,55.17599359154701,27901212
correction_magnitude_deg,0,27901212
prediction_position_error_mm,541.4387583732605,28500000
prediction_orientation_error_deg,0,28500000
owd_uplink_ms,50.6212,28600000
owd_downlink_ms,49.141,28600000
correction_magnitude_mm,152.1761417388916,28099363
correction_magnitude_deg,0,28099363
owd_uplink_ms,49.0235,28600000
owd_downlink_ms,49.4621,28600000
correction_magnitude_mm,107.05897212028503,28099912
correction_magnitude_deg,0,28099912
prediction_position_error_mm,443.6698257923126,28600000
prediction_orientation_error_deg,0,28600000
prediction_position_error_mm,547.4234223365784,28700000
prediction_orientation_error_deg,0,28700000
owd_uplink_ms,49.6635,28800000
owd_downlink_ms,49.3465,28800000
correction_magnitude_mm,132.03954696655273,28299516
correction_magnitude_deg,0,28299516
owd_uplink_ms,49.9306,28800000
owd_downlink_ms,49.5661,28800000
prediction_position_error_mm,601.653516292572,28800000
prediction_orientation_error_deg,0,28800000
prediction_position_error_mm,699.6144652366638,28900000
prediction_orientation_error_deg,0,28900000
owd_uplink_ms,49.3923,29000000
owd_downlink_ms,50.1884,29000000
correction_magnitude_mm,194.66759264469147,28400056
correction_magnitude_deg,0,28400056
prediction_position_error_mm,708.1733345985413,29000000
prediction_orientation_error_deg,0,29000000
prediction_position_error_mm,808.0575466156006,29100000
prediction_orientation_error_deg,0,29100000
owd_uplink_ms,50.1247,29200000
owd_downlink_ms,50.0961,29200000
correction_magnitude_mm,328.10166478157043,28600020
correction_magnitude_deg,0,28600020
owd_uplink_ms,49.5232,29200000
owd_downlink_ms,50.5407,29200000
correction_magnitude_mm,230.779767036438,28601291
correction_magnitude_deg,0,28601291
owd_uplink_ms,49.9968,29200000
owd_downlink_ms,49.838,29200000
correction_magnitude_mm,65.61771780252457,28701092
correction_magnitude_deg,0,28701092
prediction_position_error_mm,433.89102816581726,29200000
prediction_orientation_error_deg,0,29200000
owd_uplink_ms,49.9684,29300000
owd_downlink_ms,49.1923,29300000
correction_magnitude_mm,49.48451742529869,28800121
correction_magnitude_deg,0,28800121
prediction_position_error_mm,511.52628660202026,29300000
prediction_orientation_error_deg,0,29300000
prediction_position_error_mm,602.3023724555969,29400000
prediction_orientation_error_deg,0,29400000
prediction_position_error_mm,696.8903541564941,29500000
prediction_orientation_error_deg,0,29500000
owd_uplink_ms,50.5128,29600000
owd_downlink_ms,50.4005,29600000
correction_magnitude_mm,227.5642305612564,28999981
correction_magnitude_deg,0,28999981
owd_uplink_ms,50.3907,29600000
owd_downlink_ms,49.9796,29600000
correction_magnitude_mm,246.26895785331726,29099468
correction_magnitude_deg,0,29099468
prediction_position_error_mm,595.5283045768738,29600000
prediction_orientation_error_deg,0,29600000
owd_uplink_ms,49.4081,29700000
owd_downlink_ms,50.4904,29700000
correction_magnitude_mm,173.5721230506897,29100820
correction_magnitude_deg,0,29100820
owd_uplink_ms,49.4029,29700000
owd_downlink_ms,49.2505,29700000
correction_magnitude_mm,18.039343878626823,29200629
correction_magnitude_deg,0,29200629
prediction_position_error_mm,502.08401679992676,29700000
prediction_orientation_error_deg,0,29700000
prediction_position_error_mm,605.9399843215942,29800000
prediction_orientation_error_deg,0,29800000
owd_uplink_ms,50.0286,29900000
owd_downlink_ms,49.3997,29900000
correction_magnitude_mm,194.31863725185394,29399843
correction_magnitude_deg,0,29399843
prediction_position_error_mm,640.820324420929,29900000
prediction_orientation_error_deg,0,29900000
owd_uplink_ms,49.1808,30000000
owd_downlink_ms,50.589,30000000
correction_magnitude_mm,137.7299427986145,29401603
correction_magnitude_deg,0,29401603
owd_uplink_ms,49.8847,30000000
owd_downlink_ms,49.612,30000000
prediction_position_error_mm,482.2005033493042,30000000
prediction_orientation_error_deg,0,30000000
prediction_position_error_mm,574.1791129112244,30100000
prediction_orientation_error_deg,0,30100000
prediction_position_error_mm,674.1280555725098,30200000
prediction_orientation_error_deg,0,30200000
owd_uplink_ms,51.0379,30300000
owd_downlink_ms,50.4078,30300000
correction_magnitude_mm,194.7016417980194,29700474
correction_magnitude_deg,0,29700474
owd_uplink_ms,50.2044,30300000
owd_downlink_ms,49.2207,30300000
correction_magnitude_mm,228.16799581050873,29799245
correction_magnitude_deg,0,29799245
prediction_position_error_mm,586.9406461715698,30300000
prediction_orientation_error_deg,0,30300000
owd_uplink_ms,50.474,30400000
owd_downlink_ms,49.3979,30400000
correction_magnitude_mm,240.68495631217957,29897901
correction_magnitude_deg,0,29897901
owd_uplink_ms,49.1432,30400000
owd_downlink_ms,49.8574,30400000
correction_magnitude_mm,169.2182421684265,29898794
correction_magnitude_deg,0,29898794
prediction_position_error_mm,398.685485124588,30400000
prediction_orientation_error_deg,0,30400000
prediction_position_error_mm,506.7891478538513,30500000
prediction_orientation_error_deg,0,30500000
owd_uplink_ms,49.9113,30600000
owd_downlink_ms,49.6944,30600000
correction_magnitude_mm,89.31638300418854,30098523
correction_magnitude_deg,0,30098523
prediction_position_error_mm,573.2232928276062,30600000
prediction_orientation_error_deg,0,30600000
owd_uplink_ms,49.0511,30700000
owd_downlink_ms,50.1542,30700000
correction_magnitude_mm,63.87896090745926,30099902
correction_magnitude_deg,0,30099902
prediction_position_error_mm,179.0991872549057,30700000
prediction_orientation_error_deg,0,30700000
owd_uplink_ms,50.3805,30800000
owd_downlink_ms,49.2349,30800000
correction_magnitude_mm,28.20490673184395,30298470
correction_magnitude_deg,0,30298470
owd_uplink_ms,49.4811,30800000
owd_downlink_ms,49.2745,30800000
prediction_position_error_mm,205.02133667469025,30800000
prediction_orientation_error_deg,0,30800000
prediction_position_error_mm,236.51674389839172,30900000
prediction_orientation_error_deg,0,30900000
owd_uplink_ms,50.679,31000000
owd_downlink_ms,49.8704,31000000
correction_magnitude_mm,91.21445566415787,30497202
correction_magnitude_deg,0,30497202
prediction_position_error_mm,242.79658496379852,31000000
prediction_orientation_error_deg,0,31000000
owd_uplink_ms,49.2749,31100000
owd_downlink_ms,50.7284,31100000
correction_magnitude_mm,64.56264853477478,30499019
correction_magnitude_deg,0,30499019
prediction_position_error_mm,387.226939201355,31100000
prediction_orientation_error_deg,0,31100000
owd_uplink_ms,50.0967,31200000
owd_downlink_ms,50.0417,31200000
correction_magnitude_mm,94.07542645931244,30698951
correction_magnitude_deg,0,30698951
prediction_position_error_mm,423.92194271087646,31200000
prediction_orientation_error_deg,0,31200000
prediction_position_error_mm,494.4976270198822,31300000
prediction_orientation_error_deg,0,31300000
owd_uplink_ms,50.4186,31400000
owd_downlink_ms,50.6271,31400000
correction_magnitude_mm,136.55495643615723,30799212
correction_magnitude_deg,0,30799212
owd_uplink_ms,50.2399,31400000
owd_downlink_ms,49.5357,31400000
correction_magnitude_mm,166.1205142736435,30898332
correction_magnitude_deg,0,30898332
prediction_position_error_mm,424.5113432407379,31400000
prediction_orientation_error_deg,0,31400000
owd_uplink_ms,49.7637,31500000
owd_downlink_ms,50.8703,31500000
correction_magnitude_mm,117.07042157649994,30899716
correction_magnitude_deg,0,30899716
prediction_position_error_mm,494.98456716537476,31500000
prediction_orientation_error_deg,0,31500000
prediction_position_error_mm,590.3043150901794,31600000
prediction_orientation_error_deg,0,31600000
owd_uplink_ms,50.4873,31700000
owd_downlink_ms,50.5517,31700000
correction_magnitude_mm,108.82532596588135,31099797
correction_magnitude_deg,0,31099797
owd_uplink_ms,49.4536,31700000
owd_downlink_ms,50.8404,31700000
correction_magnitude_mm,77.88154482841492,31101530
correction_magnitude_deg,0,31101530
owd_uplink_ms,50.0126,31700000
owd_downlink_ms,49.1733,31700000
correction_magnitude_mm,13.792842626571655,31200481
correction_magnitude_deg,0,31200481
prediction_position_error_mm,197.96837866306305,31700000
prediction_orientation_error_deg,0,31700000
prediction_position_error_mm,239.53619599342346,31800000
prediction_orientation_error_deg,0,31800000
owd_uplink_ms,50.1114,31900000
owd_downlink_ms,50.7484,31900000
correction_magnitude_mm,32.20856934785843,31301277
correction_magnitude_deg,0,31301277
owd_uplink_ms,49.6464,31900000
owd_downlink_ms,49.7407,31900000
correction_magnitude_mm,63.18000704050064,31401394
correction_magnitude_deg,0,31401394
prediction_position_error_mm,232.72521793842316,31900000
prediction_orientation_error_deg,0,31900000
prediction_position_error_mm,276.0343551635742,32000000
prediction_orientation_error_deg,0,32000000
owd_uplink_ms,50.871,32100000
owd_downlink_ms,49.5732,32100000
correction_magnitude_mm,116.52538180351257,31599772
correction_magnitude_deg,0,31599772
prediction_position_error_mm,266.39440655708313,32100000
prediction_orientation_error_deg,0,32100000
owd_uplink_ms,49.7092,32200000
owd_downlink_ms,49.8083,32200000
correction_magnitude_mm,123.13332408666611,31699896
correction_magnitude_deg,0,31699896
owd_uplink_ms,50.3009,32200000
owd_downlink_ms,49.9852,32200000
prediction_position_error_mm,252.56973505020142,32200000
prediction_orientation_error_deg,0,32200000
owd_uplink_ms,49.3029,32300000
owd_downlink_ms,49.9618,32300000
correction_magnitude_mm,119.5811927318573,31800325
correction_magnitude_deg,0,31800325
prediction_position_error_mm,232.12005198001862,32300000
prediction_orientation_error_deg,0,32300000
prediction_position_error_mm,261.82159781455994,32400000
prediction_orientation_error_deg,0,32400000
owd_uplink_ms,50.0697,32500000
owd_downlink_ms,49.5499,32500000
correction_magnitude_mm,142.93734729290009,31999676
correction_magnitude_deg,0,31999676
prediction_position_error_mm,237.87961900234222,32500000
prediction_orientation_error_deg,0,32500000
owd_uplink_ms,49.4383,32600000
owd_downlink_ms,50.2759,32600000
correction_magnitude_mm,100.2962589263916,32000723
correction_magnitude_deg,0,32000723
prediction_position_error_mm,506.00647926330566,32600000
prediction_orientation_error_deg,0,32600000
prediction_position_error_mm,596.8245267868042,32700000
prediction_orientation_error_deg,0,32700000
owd_uplink_ms,50.3478,32800000
owd_downlink_ms,50.0565,32800000
correction_magnitude_mm,120.22951990365982,32200359
correction_magnitude_deg,0,32200359
owd_uplink_ms,49.9698,32800000
owd_downlink_ms,50.1555,32800000
correction_magnitude_mm,84.38831567764282,32200591
correction_magnitude_deg,0,32200591
prediction_position_error_mm,567.7869319915771,32800000
prediction_orientation_error_deg,0,32800000
owd_uplink_ms,49.6916,32900000
owd_downlink_ms,49.9843,32900000
correction_magnitude_mm,45.898985117673874,32300956
correction_magnitude_deg,0,32300956
prediction_position_error_mm,650.3739953041077,32900000
prediction_orientation_error_deg,0,32900000
owd_uplink_ms,49.9436,33000000
owd_downlink_ms,49.9406,33000000
correction_magnitude_mm,135.31747460365295,32400952
correction_magnitude_deg,0,32400952
owd_uplink_ms,49.3203,33000000
owd_downlink_ms,49.5796,33000000
correction_magnitude_mm,194.16959583759308,32501276
correction_magnitude_deg,0,32501276
prediction_position_error_mm,601.4460325241089,33000000
prediction_orientation_error_deg,0,33000000
prediction_position_error_mm,694.7707533836365,33100000
prediction_orientation_error_deg,0,33100000
prediction_position_error_mm,788.0916595458984,33200000
prediction_orientation_error_deg,0,33200000
owd_uplink_ms,49.5955,33300000
owd_downlink_ms,50.3436,33300000
correction_magnitude_mm,323.4173357486725,32702211
correction_magnitude_deg,0,32702211
owd_uplink_ms,50.9177,33300000
owd_downlink_ms,50.4689,33300000
owd_uplink_ms,49.2461,33300000
owd_downlink_ms,49.5495,33300000
correction_magnitude_mm,314.74319100379944,32802029
correction_magnitude_deg,0,32802029
prediction_position_error_mm,609.4106435775757,33300000
prediction_orientation_error_deg,0,33300000
prediction_position_error_mm,693.0142045021057,33400000
prediction_orientation_error_deg,0,33400000
owd_uplink_ms,49.4696,33500000
owd_downlink_ms,50.2833,33500000
correction_magnitude_mm,300.11868476867676,32903045
correction_magnitude_deg,0,32903045
prediction_position_error_mm,628.7913918495178,33500000
prediction_orientation_error_deg,0,33500000
owd_uplink_ms,49.4127,33600000
owd_downlink_ms,49.7784,33600000
correction_magnitude_mm,280.5091142654419,33003502
correction_magnitude_deg,0,33003502
prediction_position_error_mm,560.2090954780579,33600000
prediction_orientation_error_deg,0,33600000
owd_uplink_ms,50.0207,33700000
owd_downlink_ms,49.9264,33700000
correction_magnitude_mm,258.034884929657,33103383
correction_magnitude_deg,0,33103383
owd_uplink_ms,49.8809,33700000
owd_downlink_ms,49.0912,33700000
correction_magnitude_mm,234.12947356700897,33202396
correction_magnitude_deg,0,33202396
prediction_position_error_mm,397.3011076450348,33700000
prediction_orientation_error_deg,0,33700000
prediction_position_error_mm,444.16871666908264,33800000
prediction_orientation_error_deg,0,33800000
owd_uplink_ms,50.2196,33900000
owd_downlink_ms,49.0037,33900000
correction_magnitude_mm,257.032573223114,33400876
correction_magnitude_deg,0,33400876
prediction_position_error_mm,389.99074697494507,33900000
prediction_orientation_error_deg,0,33900000
owd_uplink_ms,49.7111,34000000
owd_downlink_ms,50.4905,34000000
correction_magnitude_mm,180.2970916032791,33401850
correction_magnitude_deg,0,33401850
owd_uplink_ms,49.7517,34000000
owd_downlink_ms,49.4917,34000000
correction_magnitude_mm,31.168995425105095,33501525
correction_magnitude_deg,0,33501525
prediction_position_error_mm,458.53886008262634,34000000
prediction_orientation_error_deg,0,34000000
prediction_position_error_mm,554.0148019790649,34100000
prediction_orientation_error_deg,0,34100000
owd_uplink_ms,49.3358,34200000
owd_downlink_ms,48.9238,34200000
correction_magnitude_mm,168.65867376327515,33701010
correction_magnitude_deg,0,33701010
prediction_position_error_mm,586.2494707107544,34200000
prediction_orientation_error_deg,0,34200000
owd_uplink_ms,50.652,34300000
owd_downlink_ms,50.8445,34300000
correction_magnitude_mm,118.29482764005661,33701250
correction_magnitude_deg,0,33701250
owd_uplink_ms,49.9319,34300000
owd_downlink_ms,49.5022,34300000
correction_magnitude_mm,21.258706226944923,33800712
correction_magnitude_deg,0,33800712
prediction_position_error_mm,533.3312153816223,34300000
prediction_orientation_error_deg,0,34300000
prediction_position_error_mm,632.6636672019958,34400000
prediction_orientation_error_deg,0,34400000
owd_uplink_ms,50.7629,34500000
owd_downlink_ms,49.3438,34500000
correction_magnitude_mm,216.25670790672302,33998939
correction_magnitude_deg,0,33998939
prediction_position_error_mm,655.2051305770874,34500000
prediction_orientation_error_deg,0,34500000
owd_uplink_ms,50.4978,34600000
owd_downlink_ms,49.4797,34600000
correction_magnitude_mm,250.73474645614624,34097667
correction_magnitude_deg,0,34097667
prediction_position_error_mm,642.2470808029175,34600000
prediction_orientation_error_deg,0,34600000
owd_uplink_ms,50.2954,34700000
owd_downlink_ms,50.2157,34700000
correction_magnitude_mm,268.3776617050171,34197568
correction_magnitude_deg,0,34197568
prediction_position_error_mm,618.6046004295349,34700000
prediction_orientation_error_deg,0,34700000
owd_uplink_ms,49.593,34800000
owd_downlink_ms,49.8156,34800000
correction_magnitude_mm,277.473509311676,34297847
correction_magnitude_deg,0,34297847
prediction_position_error_mm,578.5050392150879,34800000
prediction_orientation_error_deg,0,34800000
owd_uplink_ms,50.4622,34900000
owd_downlink_ms,50.9053,34900000
correction_magnitude_mm,194.63063776493073,34298401
correction_magnitude_deg,0,34298401
prediction_position_error_mm,438.6636018753052,34900000
prediction_orientation_error_deg,0,34900000
prediction_position_error_mm,534.2442393302917,35000000
prediction_orientation_error_deg,0,35000000
owd_uplink_ms,50.4775,35100000
owd_downlink_ms,50.211,35100000
correction_magnitude_mm,58.94853174686432,34498068
correction_magnitude_deg,0,34498068
owd_uplink_ms,49.9669,35100000
owd_downlink_ms,49.4453,35100000
correction_magnitude_mm,135.26016473770142,34597416
correction_magnitude_deg,0,34597416
prediction_position_error_mm,550.087034702301,35100000
prediction_orientation_error_deg,0,35100000
prediction_position_error_mm,636.3523602485657,35200000
prediction_orientation_error_deg,0,35200000
owd_uplink_ms,49.2589,35300000
owd_downlink_ms,50.6915,35300000
correction_magnitude_mm,182.54901468753815,34699207
correction_magnitude_deg,0,34699207
owd_uplink_ms,50.377,35300000
owd_downlink_ms,50.8235,35300000
correction_magnitude_mm,128.28505039215088,34699766
correction_magnitude_deg,0,34699766
owd_uplink_ms,49.0982,35300000
owd_downlink_ms,49.7505,35300000
correction_magnitude_mm,15.497804619371891,34800581
correction_magnitude_deg,0,34800581
prediction_position_error_mm,525.3397822380066,35300000
prediction_orientation_error_deg,0,35300000
prediction_position_error_mm,633.5528492927551,35400000
prediction_orientation_error_deg,0,35400000
owd_uplink_ms,50.1155,35500000
owd_downlink_ms,50.5939,35500000
correction_magnitude_mm,115.31244218349457,34901178
correction_magnitude_deg,0,34901178
prediction_position_error_mm,682.2117567062378,35500000
prediction_orientation_error_deg,0,35500000
owd_uplink_ms,49.7668,35600000
owd_downlink_ms,50.6269,35600000
correction_magnitude_mm,182.21916258335114,35002253
correction_magnitude_deg,0,35002253
prediction_position_error_mm,691.2974119186401,35600000
prediction_orientation_error_deg,0,35600000
owd_uplink_ms,50.5737,35700000
owd_downlink_ms,49.3356,35700000
correction_magnitude_mm,316.2353038787842,35200705
correction_magnitude_deg,0,35200705
prediction_position_error_mm,667.5410270690918,35700000
prediction_orientation_error_deg,0,35700000
owd_uplink_ms,49.8489,35800000
owd_downlink_ms,50.7411,35800000
correction_magnitude_mm,222.32230007648468,35201820
correction_magnitude_deg,0,35201820
prediction_position_error_mm,420.97753286361694,35800000
prediction_orientation_error_deg,0,35800000
owd_uplink_ms,50.5594,35900000
owd_downlink_ms,49.5052,35900000
correction_magnitude_mm,34.54239293932915,35400502
correction_magnitude_deg,0,35400502
owd_uplink_ms,49.7798,35900000
owd_downlink_ms,49.9271,35900000
correction_magnitude_mm,24.36060830950737,35400685
correction_magnitude_deg,0,35400685
prediction_position_error_mm,502.1602511405945,35900000
prediction_orientation_error_deg,0,35900000
prediction_position_error_mm,606.0981750488281,36000000
prediction_orientation_error_deg,0,36000000
owd_uplink_ms,49.4353,36100000
owd_downlink_ms,50.2099,36100000
correction_magnitude_mm,87.92158961296082,35501653
correction_magnitude_deg,0,35501653
prediction_position_error_mm,664.0594005584717,36100000
prediction_orientation_error_deg,0,36100000
owd_uplink_ms,50.1719,36200000
owd_downlink_ms,49.8374,36200000
correction_magnitude_mm,259.88391041755676,35701235
correction_magnitude_deg,0,35701235
prediction_position_error_mm,671.8665957450867,36200000
prediction_orientation_error_deg,0,36200000
owd_uplink_ms,50.2013,36300000
owd_downlink_ms,49.4077,36300000
correction_magnitude_mm,278.44786643981934,35800242
correction_magnitude_deg,0,35800242
prediction_position_error_mm,639.6138668060303,36300000
prediction_orientation_error_deg,0,36300000
owd_uplink_ms,50.0648,36400000
owd_downlink_ms,49.9475,36400000
correction_magnitude_mm,287.78812289237976,35900095
correction_magnitude_deg,0,35900095
prediction_position_error_mm,602.9059290885925,36400000
prediction_orientation_error_deg,0,36400000
owd_uplink_ms,49.4475,36500000
owd_downlink_ms,50.0932,36500000
correction_magnitude_mm,202.0677924156189,35900902
correction_magnitude_deg,0,35900902
owd_uplink_ms,49.8706,36500000
owd_downlink_ms,49.2538,36500000
correction_magnitude_mm,46.26131057739258,36000131
correction_magnitude_deg,0,36000131
prediction_position_error_mm,451.8139958381653,36500000
prediction_orientation_error_deg,0,36500000
prediction_position_error_mm,544.0925359725952,36600000
prediction_orientation_error_deg,0,36600000
owd_uplink_ms,50.5328,36700000
owd_downlink_ms,49.3272,36700000
correction_magnitude_mm,158.31995010375977,36198625
correction_magnitude_deg,0,36198625
owd_uplink_ms,49.7401,36700000
owd_downlink_ms,49.7984,36700000
correction_magnitude_mm,110.89613288640976,36198699
correction_magnitude_deg,0,36198699
prediction_position_error_mm,439.0806257724762,36700000
prediction_orientation_error_deg,0,36700000
prediction_position_error_mm,542.8928732872009,36800000
prediction_orientation_error_deg,0,36800000
owd_uplink_ms,49.6734,36900000
owd_downlink_ms,49.6022,36900000
correction_magnitude_mm,130.06506860256195,36398610
correction_magnitude_deg,0,36398610
prediction_position_error_mm,597.8891253471375,36900000
prediction_orientation_error_deg,0,36900000
owd_uplink_ms,50.5999,37000000
owd_downlink_ms,50.3037,37000000
prediction_position_error_mm,699.7143626213074,37000000
prediction_orientation_error_deg,0,37000000
owd_uplink_ms,50.3645,37100000
owd_downlink_ms,49.3279,37100000
correction_magnitude_mm,293.1782603263855,36596945
correction_magnitude_deg,0,36596945
owd_uplink_ms,48.9526,37100000
owd_downlink_ms,50.1111,37100000
correction_magnitude_mm,206.58057928085327,36598394
correction_magnitude_deg,0,36598394
prediction_position_error_mm,337.96194195747375,37100000
prediction_orientation_error_deg,0,37100000
prediction_position_error_mm,437.919944524765,37200000
prediction_orientation_error_deg,0,37200000
prediction_position_error_mm,534.1619849205017,37300000
prediction_orientation_error_deg,0,37300000
owd_uplink_ms,50.6095,37400000
owd_downlink_ms,50.3713,37400000
correction_magnitude_mm,51.23480409383774,36798097
correction_magnitude_deg,0,36798097
prediction_position_error_mm,610.4201674461365,37400000
prediction_orientation_error_deg,0,37400000
owd_uplink_ms,50.2125,37500000
owd_downlink_ms,50.5226,37500000
correction_magnitude_mm,131.64827227592468,36898485
correction_magnitude_deg,0,36898485
prediction_position_error_mm,642.772376537323,37500000
prediction_orientation_error_deg,0,37500000
owd_uplink_ms,50.1847,37600000
owd_downlink_ms,50.9527,37600000
correction_magnitude_mm,184.550940990448,36999445
correction_magnitude_deg,0,36999445
owd_uplink_ms,49.6066,37600000
owd_downlink_ms,49.1521,37600000
correction_magnitude_mm,210.9641283750534,37098877
correction_magnitude_deg,0,37098877
owd_uplink_ms,50.4021,37600000
owd_downlink_ms,49.4635,37600000
prediction_position_error_mm,550.8930087089539,37600000
prediction_orientation_error_deg,0,37600000
prediction_position_error_mm,627.0362138748169,37700000
prediction_orientation_error_deg,0,37700000
owd_uplink_ms,50.506,37800000
owd_downlink_ms,49.9498,37800000
correction_magnitude_mm,309.21146273612976,37297009
correction_magnitude_deg,0,37297009
prediction_position_error_mm,590.5351042747498,37800000
prediction_orientation_error_deg,0,37800000
prediction_position_error_mm,665.6855940818787,37900000
prediction_orientation_error_deg,0,37900000
owd_uplink_ms,50.1991,38000000
owd_downlink_ms,50.4893,38000000
correction_magnitude_mm,291.7608618736267,37397372
correction_magnitude_deg,0,37397372
owd_uplink_ms,49.8188,38000000
owd_downlink_ms,49.6604,38000000
correction_magnitude_mm,270.4196274280548,37497174
correction_magnitude_deg,0,37497174
prediction_position_error_mm,482.33699798583984,38000000
prediction_orientation_error_deg,0,38000000
owd_uplink_ms,50.1462,38100000
owd_downlink_ms,49.5953,38100000
correction_magnitude_mm,247.08503484725952,37596486
correction_magnitude_deg,0,37596486
prediction_position_error_mm,425.41518807411194,38100000
prediction_orientation_error_deg,0,38100000
owd_uplink_ms,49.6542,38200000
owd_downlink_ms,49.3986,38200000
correction_magnitude_mm,219.9430614709854,37696167
correction_magnitude_deg,0,37696167
owd_uplink_ms,49.1577,38200000
owd_downlink_ms,49.8082,38200000
correction_magnitude_mm,154.34855222702026,37696980
correction_magnitude_deg,0,37696980
prediction_position_error_mm,412.760853767395,38200000
prediction_orientation_error_deg,0,38200000
owd_uplink_ms,49.0113,38300000
owd_downlink_ms,49.3521,38300000
prediction_position_error_mm,517.4369215965271,38300000
prediction_orientation_error_deg,0,38300000
owd_uplink_ms,49.3188,38400000
owd_downlink_ms,49.6333,38400000
correction_magnitude_mm,101.17369145154953,37897800
correction_magnitude_deg,0,37897800
prediction_position_error_mm,571.8799233436584,38400000
prediction_orientation_error_deg,0,38400000
prediction_position_error_mm,675.7771372795105,38500000
prediction_orientation_error_deg,0,38500000
owd_uplink_ms,49.5177,38600000
owd_downlink_ms,49.5123,38600000
correction_magnitude_mm,271.8462646007538,38097794
correction_magnitude_deg,0,38097794
prediction_position_error_mm,670.6984043121338,38600000
prediction_orientation_error_deg,0,38600000
owd_uplink_ms,50.424,38700000
owd_downlink_ms,50.7387,38700000
correction_magnitude_mm,190.65828621387482,38098188
correction_magnitude_deg,0,38098188
prediction_position_error_mm,447.62736558914185,38700000
prediction_orientation_error_deg,0,38700000
owd_uplink_ms,49.7689,38800000
owd_downlink_ms,50.4765,38800000
correction_magnitude_mm,36.177538335323334,38199073
correction_magnitude_deg,0,38199073
owd_uplink_ms,49.8023,38800000
owd_downlink_ms,49.4183,38800000
correction_magnitude_mm,70.80617547035217,38298594
correction_magnitude_deg,0,38298594
prediction_position_error_mm,523.1227874755859,38800000
prediction_orientation_error_deg,0,38800000
prediction_position_error_mm,617.6365613937378,38900000
prediction_orientation_error_deg,0,38900000
owd_uplink_ms,48.9857,39000000
owd_downlink_ms,49.755,39000000
correction_magnitude_mm,239.2972707748413,38499556
correction_magnitude_deg,0,38499556
prediction_position_error_mm,625.8143186569214,39000000
prediction_orientation_error_deg,0,39000000
owd_uplink_ms,50.5563,39100000
owd_downlink_ms,50.2713,39100000
prediction_position_error_mm,713.5035395622253,39100000
prediction_orientation_error_deg,0,39100000
owd_uplink_ms,50.0805,39200000
owd_downlink_ms,49.9086,39200000
correction_magnitude_mm,348.72910380363464,38698986
correction_magnitude_deg,0,38698986
prediction_position_error_mm,673.6218929290771,39200000
prediction_orientation_error_deg,0,39200000
owd_uplink_ms,49.8523,39300000
owd_downlink_ms,50.3352,39300000
correction_magnitude_mm,244.6480542421341,38699590
correction_magnitude_deg,0,38699590
owd_uplink_ms,49.622,39300000
owd_downlink_ms,49.9596,39300000
correction_magnitude_mm,67.51599907875061,38800011
correction_magnitude_deg,0,38800011
prediction_position_error_mm,465.9612476825714,39300000
prediction_orientation_error_deg,0,39300000
owd_uplink_ms,49.9236,39400000
owd_downlink_ms,49.9885,39400000
correction_magnitude_mm,56.26067891716957,38900092
correction_magnitude_deg,0,38900092
prediction_position_error_mm,547.1380949020386,39400000
prediction_orientation_error_deg,0,39400000
prediction_position_error_mm,648.6321687698364,39500000
prediction_orientation_error_deg,0,39500000
owd_uplink_ms,50.2718,39600000
owd_downlink_ms,49.7622,39600000
correction_magnitude_mm,241.9588267803192,39099455
correction_magnitude_deg,0,39099455
prediction_position_error_mm,659.2874526977539,39600000
prediction_orientation_error_deg,0,39600000
owd_uplink_ms,49.2566,39700000
owd_downlink_ms,50.7203,39700000
correction_magnitude_mm,171.10207676887512,39101284
correction_magnitude_deg,0,39101284
prediction_position_error_mm,462.67589926719666,39700000
prediction_orientation_error_deg,0,39700000
owd_uplink_ms,49.8027,39800000
owd_downlink_ms,50.4179,39800000
correction_magnitude_mm,22.316167131066322,39202053
correction_magnitude_deg,0,39202053
prediction_position_error_mm,563.0794763565063,39800000
prediction_orientation_error_deg,0,39800000
owd_uplink_ms,50.9195,39900000
owd_downlink_ms,49.5851,39900000
correction_magnitude_mm,176.1903315782547,39400385
correction_magnitude_deg,0,39400385
prediction_position_error_mm,596.8899130821228,39900000
prediction_orientation_error_deg,0,39900000
owd_uplink_ms,49.604,40000000
owd_downlink_ms,50.6176,40000000
correction_magnitude_mm,124.56513196229935,39401651
correction_magnitude_deg,0,39401651
prediction_position_error_mm,529.8932790756226,40000000
prediction_orientation_error_deg,0,40000000
owd_uplink_ms,49.9577,40100000
owd_downlink_ms,50.2642,40100000
correction_magnitude_mm,16.39927551150322,39502034
correction_magnitude_deg,0,39502034
prediction_position_error_mm,622.0331788063049,40100000
prediction_orientation_error_deg,0,40100000
owd_uplink_ms,49.767,40200000
owd_downlink_ms,49.9814,40200000
correction_magnitude_mm,114.4113764166832,39602301
correction_magnitude_deg,0,39602301
prediction_position_error_mm,669.7821021080017,40200000
prediction_orientation_error_deg,0,40200000
owd_uplink_ms,50.2749,40300000
owd_downlink_ms,49.0636,40300000
correction_magnitude_mm,277.05270051956177,39800786
correction_magnitude_deg,0,39800786
prediction_position_error_mm,667.8171157836914,40300000
prediction_orientation_error_deg,0,40300000
owd_uplink_ms,50.0932,40400000
owd_downlink_ms,50.3292,40400000
correction_magnitude_mm,194.20790672302246,39801081
correction_magnitude_deg,0,39801081
prediction_position_error_mm,444.9341595172882,40400000
prediction_orientation_error_deg,0,40400000
owd_uplink_ms,49.5018,40500000
owd_downlink_ms,49.3058,40500000
correction_magnitude_mm,57.74586275219917,40000836
correction_magnitude_deg,0,40000836
prediction_position_error_mm,523.277759552002,40500000
prediction_orientation_error_deg,0,40500000
owd_uplink_ms,50.6436,40600000
owd_downlink_ms,50.5017,40600000
prediction_position_error_mm,616.6476011276245,40600000
prediction_orientation_error_deg,0,40600000
owd_uplink_ms,50.4023,40700000
owd_downlink_ms,49.1886,40700000
correction_magnitude_mm,233.92663896083832,40199141
correction_magnitude_deg,0,40199141
prediction_position_error_mm,625.0331401824951,40700000
prediction_orientation_error_deg,0,40700000
prediction_position_error_mm,720.6094861030579,40800000
prediction_orientation_error_deg,0,40800000
owd_uplink_ms,49.7078,40900000
owd_downlink_ms,50.065,40900000
correction_magnitude_mm,253.82977724075317,40299588
correction_magnitude_deg,0,40299588
owd_uplink_ms,50.5044,40900000
owd_downlink_ms,50.5733,40900000
correction_magnitude_mm,177.75654792785645,40299674
correction_magnitude_deg,0,40299674
owd_uplink_ms,49.7186,40900000
owd_downlink_ms,49.5147,40900000
correction_magnitude_mm,21.85082621872425,40399420
correction_magnitude_deg,0,40399420
prediction_position_error_mm,499.50483441352844,40900000
prediction_orientation_error_deg,0,40900000
prediction_position_error_mm,599.487841129303,41000000
prediction_orientation_error_deg,0,41000000
owd_uplink_ms,49.1375,41100000
owd_downlink_ms,49.2619,41100000
correction_magnitude_mm,190.69300591945648,40599576
correction_magnitude_deg,0,40599576
owd_uplink_ms,49.936,41100000
owd_downlink_ms,49.4501,41100000
prediction_position_error_mm,633.429229259491,41100000
prediction_orientation_error_deg,0,41100000
owd_uplink_ms,49.3744,41200000
owd_downlink_ms,49.3683,41200000
correction_magnitude_mm,232.85767436027527,40698962
correction_magnitude_deg,0,40698962
prediction_position_error_mm,625.4842281341553,41200000
prediction_orientation_error_deg,0,41200000
prediction_position_error_mm,718.2660102844238,41300000
prediction_orientation_error_deg,0,41300000
owd_uplink_ms,49.0189,41400000
owd_downlink_ms,49.8905,41400000
correction_magnitude_mm,349.76959228515625,40900051
correction_magnitude_deg,0,40900051
prediction_position_error_mm,682.6111674308777,41400000
prediction_orientation_error_deg,0,41400000
owd_uplink_ms,50.1419,41500000
owd_downlink_ms,50.226,41500000
correction_magnitude_mm,244.92783844470978,40900156
correction_magnitude_deg,0,40900156
prediction_position_error_mm,412.4854505062103,41500000
prediction_orientation_error_deg,0,41500000
prediction_position_error_mm,512.4646425247192,41600000
prediction_orientation_error_deg,0,41600000
owd_uplink_ms,49.3367,41700000
owd_downlink_ms,50.0332,41700000
correction_magnitude_mm,24.163084104657173,41101026
correction_magnitude_deg,0,41101026
owd_uplink_ms,50.6731,41700000
owd_downlink_ms,50.162,41700000
prediction_position_error_mm,600.5756855010986,41700000
prediction_orientation_error_deg,0,41700000
owd_uplink_ms,50.4547,41800000
owd_downlink_ms,49.639,41800000
correction_magnitude_mm,211.74439787864685,41299368
correction_magnitude_deg,0,41299368
prediction_position_error_mm,618.1527376174927,41800000
prediction_orientation_error_deg,0,41800000
owd_uplink_ms,49.2591,41900000
owd_downlink_ms,49.7732,41900000
correction_magnitude_mm,240.04961550235748,41400010
correction_magnitude_deg,0,41400010
owd_uplink_ms,50.376,41900000
owd_downlink_ms,49.9973,41900000
prediction_position_error_mm,601.9023060798645,41900000
prediction_orientation_error_deg,0,41900000
owd_uplink_ms,49.218,42000000
owd_downlink_ms,49.094,42000000
correction_magnitude_mm,254.18168306350708,41499383
correction_magnitude_deg,0,41499383
prediction_position_error_mm,576.5077471733093,42000000
prediction_orientation_error_deg,0,42000000
prediction_position_error_mm,655.7132601737976,42100000
prediction_orientation_error_deg,0,42100000
owd_uplink_ms,50.3097,42200000
owd_downlink_ms,49.6396,42200000
correction_magnitude_mm,337.910532951355,41698546
correction_magnitude_deg,0,41698546
prediction_position_error_mm,605.7305932044983,42200000
prediction_orientation_error_deg,0,42200000
owd_uplink_ms,50.0706,42300000
owd_downlink_ms,49.8384,42300000
correction_magnitude_mm,310.32830476760864,41798256
correction_magnitude_deg,0,41798256
prediction_position_error_mm,542.2961711883545,42300000
prediction_orientation_error_deg,0,42300000
owd_uplink_ms,50.3974,42400000
owd_downlink_ms,49.6981,42400000
correction_magnitude_mm,278.9248824119568,41897382
correction_magnitude_deg,0,41897382
owd_uplink_ms,49.0833,42400000
owd_downlink_ms,50.0959,42400000
correction_magnitude_mm,195.99083065986633,41898648
correction_magnitude_deg,0,41898648
prediction_position_error_mm,375.78171491622925,42400000
prediction_orientation_error_deg,0,42400000
prediction_position_error_mm,477.99772024154663,42500000
prediction_orientation_error_deg,0,42500000
owd_uplink_ms,50.0134,42600000
owd_downlink_ms,49.6018,42600000
correction_magnitude_mm,64.68254327774048,42098134
correction_magnitude_deg,0,42098134
prediction_position_error_mm,555.8913946151733,42600000
prediction_orientation_error_deg,0,42600000
owd_uplink_ms,48.9375,42700000
owd_downlink_ms,49.3319,42700000
correction_magnitude_mm,149.49101209640503,42198628
correction_magnitude_deg,0,42198628
owd_uplink_ms,49.9546,42700000
owd_downlink_ms,49.4972,42700000
prediction_position_error_mm,589.842677116394,42700000
prediction_orientation_error_deg,0,42700000
prediction_position_error_mm,684.3992471694946,42800000
prediction_orientation_error_deg,0,42800000
owd_uplink_ms,49.9452,42900000
owd_downlink_ms,50.0282,42900000
correction_magnitude_mm,297.8690266609192,42398161
correction_magnitude_deg,0,42398161
owd_uplink_ms,49.5836,42900000
owd_downlink_ms,50.0549,42900000
correction_magnitude_mm,209.03974771499634,42398751
correction_magnitude_deg,0,42398751
prediction_position_error_mm,344.17852759361267,42900000
prediction_orientation_error_deg,0,42900000
prediction_position_error_mm,442.1359896659851,43000000
prediction_orientation_error_deg,0,43000000
owd_uplink_ms,49.1504,43100000
owd_downlink_ms,50.1651,43100000
correction_magnitude_mm,47.30105772614479,42500019
correction_magnitude_deg,0,42500019
owd_uplink_ms,49.5059,43100000
owd_downlink_ms,49.1572,43100000
correction_magnitude_mm,64.29479271173477,42599584
correction_magnitude_deg,0,42599584
prediction_position_error_mm,527.3287296295166,43100000
prediction_orientation_error_deg,0,43100000
owd_uplink_ms,49.9066,43200000
owd_downlink_ms,49.5463,43200000
correction_magnitude_mm,140.47184586524963,42699134
correction_magnitude_deg,0,42699134
prediction_position_error_mm,560.0444674491882,43200000
prediction_orientation_error_deg,0,43200000
prediction_position_error_mm,651.9069075584412,43300000
prediction_orientation_error_deg,0,43300000
owd_uplink_ms,49.2568,43400000
owd_downlink_ms,49.1699,43400000
correction_magnitude_mm,281.69387578964233,42899026
correction_magnitude_deg,0,42899026
prediction_position_error_mm,636.2320184707642,43400000
prediction_orientation_error_deg,0,43400000
owd_uplink_ms,50.8556,43500000
owd_downlink_ms,50.6558,43500000
prediction_position_error_mm,725.8292436599731,43500000
prediction_orientation_error_deg,0,43500000
owd_uplink_ms,49.6871,43600000
owd_downlink_ms,50.6031,43600000
correction_magnitude_mm,285.54874658584595,42999922
correction_magnitude_deg,0,42999922
prediction_position_error_mm,675.1517057418823,43600000
prediction_orientation_error_deg,0,43600000
owd_uplink_ms,50.4774,43700000
owd_downlink_ms,49.9037,43700000
correction_magnitude_mm,359.5173954963684,43199206
correction_magnitude_deg,0,43199206
prediction_position_error_mm,621.3005781173706,43700000
prediction_orientation_error_deg,0,43700000
owd_uplink_ms,50.5555,43800000
owd_downlink_ms,49.7323,43800000
correction_magnitude_mm,324.6154189109802,43298177
correction_magnitude_deg,0,43298177
prediction_position_error_mm,548.4592914581299,43800000
prediction_orientation_error_deg,0,43800000
prediction_position_error_mm,610.8818650245667,43900000
prediction_orientation_error_deg,0,43900000
owd_uplink_ms,49.2443,44000000
owd_downlink_ms,50.2611,44000000
correction_magnitude_mm,290.1105284690857,43399448
correction_magnitude_deg,0,43399448
owd_uplink_ms,50.1242,44000000
owd_downlink_ms,50.5954,44000000
correction_magnitude_mm,203.41403782367706,43400036
correction_magnitude_deg,0,43400036
prediction_position_error_mm,466.44723415374756,44000000
prediction_orientation_error_deg,0,44000000
owd_uplink_ms,49.8121,44100000
owd_downlink_ms,49.1247,44100000
correction_magnitude_mm,60.43217331171036,43599177
correction_magnitude_deg,0,43599177
prediction_position_error_mm,547.045111656189,44100000
prediction_orientation_error_deg,0,44100000
owd_uplink_ms,50.127,44200000
owd_downlink_ms,50.1019,44200000
prediction_position_error_mm,647.7150917053223,44200000
prediction_orientation_error_deg,0,44200000
prediction_position_error_mm,746.8008995056152,44300000
prediction_orientation_error_deg,0,44300000
owd_uplink_ms,50.0901,44400000
owd_downlink_ms,50.5076,44400000
correction_magnitude_mm,242.73061752319336,43799668
correction_magnitude_deg,0,43799668
prediction_position_error_mm,752.8082728385925,44400000
prediction_orientation_error_deg,0,44400000
owd_uplink_ms,49.3825,44500000
owd_downlink_ms,50.2667,44500000
correction_magnitude_mm,269.86271142959595,43900773
correction_magnitude_deg,0,43900773
owd_uplink_ms,50.9416,44500000
owd_downlink_ms,50.8665,44500000
prediction_position_error_mm,722.2923636436462,44500000
prediction_orientation_error_deg,0,44500000
owd_uplink_ms,49.8143,44600000
owd_downlink_ms,49.1925,44600000
correction_magnitude_mm,366.3196861743927,44099901
correction_magnitude_deg,0,44099901
owd_uplink_ms,50.4372,44600000
owd_downlink_ms,49.5716,44600000
prediction_position_error_mm,672.2447872161865,44600000
prediction_orientation_error_deg,0,44600000
owd_uplink_ms,49.4691,44700000
owd_downlink_ms,49.7687,44700000
correction_magnitude_mm,339.35630321502686,44199194
correction_magnitude_deg,0,44199194
prediction_position_error_mm,602.4439334869385,44700000
prediction_orientation_error_deg,0,44700000
prediction_position_error_mm,676.8490076065063,44800000
prediction_orientation_error_deg,0,44800000
prediction_position_error_mm,748.5257387161255,44900000
prediction_orientation_error_deg,0,44900000
owd_uplink_ms,50.3339,45000000
owd_downlink_ms,50.4243,45000000
correction_magnitude_mm,382.5263977050781,44399308
correction_magnitude_deg,0,44399308
prediction_position_error_mm,672.3012328147888,45000000
prediction_orientation_error_deg,0,45000000
owd_uplink_ms,50.1151,45100000
owd_downlink_ms,50.0782,45100000
correction_magnitude_mm,336.64876222610474,44499263
correction_magnitude_deg,0,44499263
owd_uplink_ms,49.8126,45100000
owd_downlink_ms,50.7789,45100000
correction_magnitude_mm,236.32806539535522,44500470
correction_magnitude_deg,0,44500470
prediction_position_error_mm,426.1570870876312,45100000
prediction_orientation_error_deg,0,45100000
owd_uplink_ms,50.4504,45200000
owd_downlink_ms,49.9346,45200000
correction_magnitude_mm,32.50245004892349,44699826
correction_magnitude_deg,0,44699826
prediction_position_error_mm,512.7766132354736,45200000
prediction_orientation_error_deg,0,45200000
owd_uplink_ms,50.7321,45300000
owd_downlink_ms,49.3092,45300000
correction_magnitude_mm,117.76839941740036,44798048
correction_magnitude_deg,0,44798048
prediction_position_error_mm,557.7601194381714,45300000
prediction_orientation_error_deg,0,45300000
owd_uplink_ms,49.4144,45400000
owd_downlink_ms,50.9767,45400000
correction_magnitude_mm,84.30995792150497,44800000
correction_magnitude_deg,0,44800000
prediction_position_error_mm,150.24536848068237,45400000
prediction_orientation_error_deg,0,45400000
owd_uplink_ms,50.6702,45500000
owd_downlink_ms,49.6806,45500000
correction_magnitude_mm,9.385493583977222,44998764
correction_magnitude_deg,0,44998764
prediction_position_error_mm,181.5061718225479,45500000
prediction_orientation_error_deg,0,45500000
prediction_position_error_mm,216.06166660785675,45600000
prediction_orientation_error_deg,0,45600000
owd_uplink_ms,49.1043,45700000
owd_downlink_ms,50.0685,45700000
correction_magnitude_mm,42.87727177143097,45099970
correction_magnitude_deg,0,45099970
owd_uplink_ms,50.7033,45700000
owd_downlink_ms,50.2404,45700000
prediction_position_error_mm,230.08844256401062,45700000
prediction_orientation_error_deg,0,45700000
owd_uplink_ms,49.6998,45800000
owd_downlink_ms,50.2198,45800000
correction_magnitude_mm,63.479676842689514,45200041
correction_magnitude_deg,0,45200041
owd_uplink_ms,49.4328,45800000
owd_downlink_ms,49.8499,45800000
correction_magnitude_mm,76.09505951404572,45300562
correction_magnitude_deg,0,45300562
prediction_position_error_mm,197.73370027542114,45800000
prediction_orientation_error_deg,0,45800000
owd_uplink_ms,49.1526,45900000
owd_downlink_ms,49.0748,45900000
correction_magnitude_mm,82.42940902709961,45400464
correction_magnitude_deg,0,45400464
prediction_position_error_mm,190.55649638175964,45900000
prediction_orientation_error_deg,0,45900000
prediction_position_error_mm,216.18478000164032,46000000
prediction_orientation_error_deg,0,46000000
owd_uplink_ms,49.7209,46100000
owd_downlink_ms,50.5624,46100000
correction_magnitude_mm,84.6451073884964,45501515
correction_magnitude_deg,0,45501515
prediction_position_error_mm,203.03170382976532,46100000
prediction_orientation_error_deg,0,46100000
owd_uplink_ms,50.1044,46200000
owd_downlink_ms,50.019,46200000
correction_magnitude_mm,83.3490788936615,45601408
correction_magnitude_deg,0,45601408
owd_uplink_ms,49.8917,46200000
owd_downlink_ms,49.4652,46200000
correction_magnitude_mm,79.81345802545547,45700875
correction_magnitude_deg,0,45700875
prediction_position_error_mm,150.96522867679596,46200000
prediction_orientation_error_deg,0,46200000
prediction_position_error_mm,169.17139291763306,46300000
prediction_orientation_error_deg,0,46300000
owd_uplink_ms,50.2343,46400000
owd_downlink_ms,49.304,46400000
correction_magnitude_mm,93.88074278831482,45899713
correction_magnitude_deg,0,45899713
prediction_position_error_mm,152.8516560792923,46400000
prediction_orientation_error_deg,0,46400000
owd_uplink_ms,49.3447,46500000
owd_downlink_ms,50.6015,46500000
correction_magnitude_mm,65.98025560379028,45901284
correction_magnitude_deg,0,45901284
prediction_position_error_mm,548.7026572227478,46500000
prediction_orientation_error_deg,0,46500000
owd_uplink_ms,49.4979,46600000
owd_downlink_ms,49.7745,46600000
correction_magnitude_mm,152.50630676746368,46101629
correction_magnitude_deg,0,46101629
prediction_position_error_mm,590.9261703491211,46600000
prediction_orientation_error_deg,0,46600000
owd_uplink_ms,50.7177,46700000
owd_downlink_ms,50.4184,46700000
prediction_position_error_mm,687.478244304657,46700000
prediction_orientation_error_deg,0,46700000
owd_uplink_ms,49.6601,46800000
owd_downlink_ms,50.1004,46800000
correction_magnitude_mm,203.8773000240326,46201805
correction_magnitude_deg,0,46201805
prediction_position_error_mm,686.987578868866,46800000
prediction_orientation_error_deg,0,46800000
prediction_position_error_mm,778.1186103820801,46900000
prediction_orientation_error_deg,0,46900000
owd_uplink_ms,50.6142,47000000
owd_downlink_ms,50.631,47000000
correction_magnitude_mm,325.2298831939697,46401826
correction_magnitude_deg,0,46401826
prediction_position_error_mm,742.9817914962769,47000000
prediction_orientation_error_deg,0,47000000
owd_uplink_ms,50.9374,47100000
owd_downlink_ms,50.6355,47100000
correction_magnitude_mm,313.38170170783997,46501448
correction_magnitude_deg,0,46501448
owd_uplink_ms,50.5037,47100000
owd_downlink_ms,49.7114,47100000
correction_magnitude_mm,295.2534556388855,46600457
correction_magnitude_deg,0,46600457
prediction_position_error_mm,545.1116561889648,47100000
prediction_orientation_error_deg,0,47100000
prediction_position_error_mm,613.1048798561096,47200000
prediction_orientation_error_deg,0,47200000
owd_uplink_ms,49.1823,47300000
owd_downlink_ms,50.1343,47300000
correction_magnitude_mm,274.67602491378784,46701647
correction_magnitude_deg,0,46701647
owd_uplink_ms,50.507,47300000
owd_downlink_ms,50.2074,47300000
prediction_position_error_mm,550.3255724906921,47300000
prediction_orientation_error_deg,0,47300000
owd_uplink_ms,49.4252,47400000
owd_downlink_ms,50.4684,47400000
correction_magnitude_mm,252.5172233581543,46802575
correction_magnitude_deg,0,46802575
prediction_position_error_mm,489.61982131004333,47400000
prediction_orientation_error_deg,0,47400000
owd_uplink_ms,49.5105,47500000
owd_downlink_ms,50.0436,47500000
correction_magnitude_mm,229.33363914489746,46903241
correction_magnitude_deg,0,46903241
prediction_position_error_mm,432.4612021446228,47500000
prediction_orientation_error_deg,0,47500000
owd_uplink_ms,50.2603,47600000
owd_downlink_ms,49.1762,47600000
correction_magnitude_mm,250.80764293670654,47101886
correction_magnitude_deg,0,47101886
prediction_position_error_mm,383.98516178131104,47600000
prediction_orientation_error_deg,0,47600000
owd_uplink_ms,49.9734,47700000
owd_downlink_ms,50.5445,47700000
correction_magnitude_mm,175.86538195610046,47102599
correction_magnitude_deg,0,47102599
prediction_position_error_mm,475.8153259754181,47700000
prediction_orientation_error_deg,0,47700000
owd_uplink_ms,49.6229,47800000
owd_downlink_ms,50.3795,47800000
correction_magnitude_mm,21.80490642786026,47203544
correction_magnitude_deg,0,47203544
prediction_position_error_mm,582.356333732605,47800000
prediction_orientation_error_deg,0,47800000
prediction_position_error_mm,682.4653744697571,47900000
prediction_orientation_error_deg,0,47900000
owd_uplink_ms,51.0957,48000000
owd_downlink_ms,50.3708,48000000
correction_magnitude_mm,184.1459721326828,47402638
correction_magnitude_deg,0,47402638
owd_uplink_ms,50.333,48000000
owd_downlink_ms,49.3605,48000000
correction_magnitude_mm,225.21908581256866,47501422
correction_magnitude_deg,0,47501422
prediction_position_error_mm,609.0738773345947,48000000
prediction_orientation_error_deg,0,48000000
prediction_position_error_mm,699.4590163230896,48100000
prediction_orientation_error_deg,0,48100000
owd_uplink_ms,50.1511,48200000
owd_downlink_ms,49.9575,48200000
correction_magnitude_mm,248.05276095867157,47601180
correction_magnitude_deg,0,47601180
owd_uplink_ms,50.3955,48200000
owd_downlink_ms,49.2352,48200000
correction_magnitude_mm,255.70255517959595,47699730
correction_magnitude_deg,0,47699730
prediction_position_error_mm,555.0379157066345,48200000
prediction_orientation_error_deg,0,48200000
owd_uplink_ms,49.5394,48300000
owd_downlink_ms,50.3222,48300000
correction_magnitude_mm,179.72669005393982,47700708
correction_magnitude_deg,0,47700708
prediction_position_error_mm,473.3496606349945,48300000
prediction_orientation_error_deg,0,48300000
prediction_position_error_mm,573.4467506408691,48400000
prediction_orientation_error_deg,0,48400000
owd_uplink_ms,50.8643,48500000
owd_downlink_ms,50.577,48500000
correction_magnitude_mm,73.72195273637772,47900348
correction_magnitude_deg,0,47900348
owd_uplink_ms,49.5516,48500000
owd_downlink_ms,49.1086,48500000
correction_magnitude_mm,149.85695481300354,47999795
correction_magnitude_deg,0,47999795
owd_uplink_ms,50.1698,48500000
owd_downlink_ms,49.3466,48500000
prediction_position_error_mm,577.4364471435547,48500000
prediction_orientation_error_deg,0,48500000
prediction_position_error_mm,671.8068718910217,48600000
prediction_orientation_error_deg,0,48600000
prediction_position_error_mm,766.3993239402771,48700000
prediction_orientation_error_deg,0,48700000
owd_uplink_ms,49.8802,48800000
owd_downlink_ms,50.279,48800000
correction_magnitude_mm,293.21393370628357,48199266
correction_magnitude_deg,0,48199266
owd_uplink_ms,50.4887,48800000
owd_downlink_ms,50.8159,48800000
correction_magnitude_mm,205.61856031417847,48199676
correction_magnitude_deg,0,48199676
prediction_position_error_mm,455.19253611564636,48800000
prediction_orientation_error_deg,0,48800000
prediction_position_error_mm,555.1904439926147,48900000
prediction_orientation_error_deg,0,48900000
owd_uplink_ms,50.3755,49000000
owd_downlink_ms,50.7612,49000000
correction_magnitude_mm,56.45212531089783,48400158
correction_magnitude_deg,0,48400158
prediction_position_error_mm,632.4613690376282,49000000
prediction_orientation_error_deg,0,49000000
owd_uplink_ms,50.0323,49100000
owd_downlink_ms,50.5633,49100000
correction_magnitude_mm,139.01348412036896,48500821
correction_magnitude_deg,0,48500821
owd_uplink_ms,50.6317,49100000
owd_downlink_ms,50.7676,49100000
correction_magnitude_mm,97.46997803449631,48500990
correction_magnitude_deg,0,48500990
prediction_position_error_mm,532.7075719833374,49100000
prediction_orientation_error_deg,0,49100000
prediction_position_error_mm,632.7053308486938,49200000
prediction_orientation_error_deg,0,49200000
owd_uplink_ms,50.7499,49300000
owd_downlink_ms,50.001,49300000
correction_magnitude_mm,131.05270266532898,48700054
correction_magnitude_deg,0,48700054
owd_uplink_ms,49.514,49300000
owd_downlink_ms,49.2133,49300000
correction_magnitude_mm,189.95612859725952,48799679
correction_magnitude_deg,0,48799679
prediction_position_error_mm,596.9064831733704,49300000
prediction_orientation_error_deg,0,49300000
owd_uplink_ms,50.3882,49400000
owd_downlink_ms,50.0761,49400000
prediction_position_error_mm,689.7573471069336,49400000
prediction_orientation_error_deg,0,49400000
prediction_position_error_mm,782.6488018035889,49500000
prediction_orientation_error_deg,0,49500000
owd_uplink_ms,49.1413,49600000
owd_downlink_ms,50.3628,49600000
correction_magnitude_mm,319.35128569602966,49000815
correction_magnitude_deg,0,49000815
owd_uplink_ms,50.1209,49600000
owd_downlink_ms,50.3693,49600000
correction_magnitude_mm,223.81730377674103,49001125
correction_magnitude_deg,0,49001125
prediction_position_error_mm,439.05743956565857,49600000
prediction_orientation_error_deg,0,49600000
owd_uplink_ms,49.9923,49700000
owd_downlink_ms,50.6817,49700000
correction_magnitude_mm,56.24151974916458,49101986
correction_magnitude_deg,0,49101986
prediction_position_error_mm,555.9207201004028,49700000
prediction_orientation_error_deg,0,49700000
owd_uplink_ms,50.0836,49800000
owd_downlink_ms,49.4163,49800000
correction_magnitude_mm,158.83545577526093,49301151
correction_magnitude_deg,0,49301151
prediction_position_error_mm,594.964861869812,49800000
prediction_orientation_error_deg,0,49800000
owd_uplink_ms,50.6366,49900000
owd_downlink_ms,50.1873,49900000
prediction_position_error_mm,692.5684809684753,49900000
prediction_orientation_error_deg,0,49900000
owd_uplink_ms,49.9533,50000000
owd_downlink_ms,50.1909,50000000
correction_magnitude_mm,207.98633992671967,49400885
correction_magnitude_deg,0,49400885
owd_uplink_ms,49.5847,50000000
owd_downlink_ms,49.8111,50000000
correction_magnitude_mm,236.61373555660248,49501168
correction_magnitude_deg,0,49501168
prediction_position_error_mm,582.4735164642334,50000000
prediction_orientation_error_deg,0,50000000
prediction_position_error_mm,0,100000
prediction_orientation_error_deg,0,100000
prediction_position_error_mm,0,200000
prediction_orientation_error_deg,0,200000
prediction_position_error_mm,0,300000
prediction_orientation_error_deg,0,300000
prediction_position_error_mm,0,400000
prediction_orientation_error_deg,0,400000
prediction_position_error_mm,0,500000
prediction_orientation_error_deg,0,500000
prediction_position_error_mm,1299.9999523162842,600000
prediction_orientation_error_deg,0,600000
prediction_position_error_mm,1300.0023365020752,700000
prediction_orientation_error_deg,0,700000
prediction_position_error_mm,1300.0091314315796,800000
prediction_orientation_error_deg,0,800000
prediction_position_error_mm,1300.020456314087,900000
prediction_orientation_error_deg,0,900000
prediction_position_error_mm,1300.0361919403076,1000000
prediction_orientation_error_deg,0,1000000
owd_uplink_ms,49.6581,1100000
owd_downlink_ms,49.658,1100000
correction_magnitude_mm,1299.9999523162842,598946
correction_magnitude_deg,0,598946
prediction_position_error_mm,24.9902606010437,1100000
prediction_orientation_error_deg,0,1100000
prediction_position_error_mm,24.9902606010437,1200000
prediction_orientation_error_deg,0,1200000
owd_uplink_ms,49.7119,1300000
owd_downlink_ms,50.1334,1300000
prediction_position_error_mm,32.57734701037407,1300000
prediction_orientation_error_deg,0,1300000
owd_uplink_ms,49.3397,1400000
owd_downlink_ms,50.1317,1400000
correction_magnitude_mm,8.34871456027031,800462
correction_magnitude_deg,0,800462
owd_uplink_ms,49.6572,1400000
owd_downlink_ms,49.6299,1400000
correction_magnitude_mm,10.445550084114075,900427
correction_magnitude_deg,0,900427
prediction_position_error_mm,28.724169358611107,1400000
prediction_orientation_error_deg,0,1400000
owd_uplink_ms,49.8638,1500000
owd_downlink_ms,49.2324,1500000
correction_magnitude_mm,11.603944003582,999638
correction_magnitude_deg,0,999638
prediction_position_error_mm,27.760181576013565,1500000
prediction_orientation_error_deg,0,1500000
prediction_position_error_mm,31.67792037129402,1600000
prediction_orientation_error_deg,0,1600000
owd_uplink_ms,49.8192,1700000
owd_downlink_ms,50.3868,1700000
correction_magnitude_mm,12.048969976603985,1100347
correction_magnitude_deg,0,1100347
prediction_position_error_mm,29.82460707426071,1700000
prediction_orientation_error_deg,0,1700000
owd_uplink_ms,49.7796,1800000
owd_downlink_ms,49.4348,1800000
correction_magnitude_mm,15.582755208015442,1299917
correction_magnitude_deg,0,1299917
prediction_position_error_mm,27.528241276741028,1800000
prediction_orientation_error_deg,0,1800000
owd_uplink_ms,50.9336,1900000
owd_downlink_ms,50.5551,1900000
prediction_position_error_mm,25.87391622364521,1900000
prediction_orientation_error_deg,0,1900000
owd_uplink_ms,49.1279,2000000
owd_downlink_ms,50.199,2000000
correction_magnitude_mm,14.226047322154045,1400782
correction_magnitude_deg,0,1400782
prediction_position_error_mm,27.340060099959373,2000000
prediction_orientation_error_deg,0,2000000
owd_uplink_ms,49.2922,2100000
owd_downlink_ms,50.1262,2100000
correction_magnitude_mm,12.84231897443533,1501824
correction_magnitude_deg,0,1501824
prediction_position_error_mm,19.130799919366837,2100000
prediction_orientation_error_deg,0,2100000
owd_uplink_ms,50.0961,2200000
owd_downlink_ms,50.2217,2200000
correction_magnitude_mm,11.50624267756939,1601981
correction_magnitude_deg,0,1601981
prediction_position_error_mm,16.11408218741417,2200000
prediction_orientation_error_deg,0,2200000
owd_uplink_ms,49.4109,2300000
owd_downlink_ms,49.7594,2300000
correction_magnitude_mm,10.213670320808887,1702416
correction_magnitude_deg,0,1702416
prediction_position_error_mm,13.373253867030144,2300000
prediction_orientation_error_deg,0,2300000
owd_uplink_ms,50.2287,2400000
owd_downlink_ms,50.4347,2400000
correction_magnitude_mm,9.003305807709694,1802673
correction_magnitude_deg,0,1802673
prediction_position_error_mm,10.899566113948822,2400000
prediction_orientation_error_deg,0,2400000
prediction_position_error_mm,17.37675629556179,2500000
prediction_orientation_error_deg,0,2500000
owd_uplink_ms,50.2251,2600000
owd_downlink_ms,50.547,2600000
correction_magnitude_mm,9.457995183765888,2003075
correction_magnitude_deg,0,2003075
owd_uplink_ms,50.9497,2600000
owd_downlink_ms,50.6784,2600000
prediction_position_error_mm,15.238101594150066,2600000
prediction_orientation_error_deg,0,2600000
owd_uplink_ms,50.1396,2700000
owd_downlink_ms,48.9972,2700000
prediction_position_error_mm,14.902242459356785,2700000
prediction_orientation_error_deg,0,2700000
owd_uplink_ms,50.3436,2800000
owd_downlink_ms,49.5207,2800000
prediction_position_error_mm,9.244396351277828,2800000
prediction_orientation_error_deg,0,2800000
owd_uplink_ms,50.4029,2900000
owd_downlink_ms,49.2575,2900000
prediction_position_error_mm,8.386647328734398,2900000
prediction_orientation_error_deg,0,2900000
owd_uplink_ms,49.3677,3000000
owd_downlink_ms,49.5345,3000000
correction_magnitude_mm,9.130873717367649,2499056
correction_magnitude_deg,0,2499056
owd_uplink_ms,49.9239,3000000
owd_downlink_ms,50.0135,3000000
correction_magnitude_mm,6.386990193277597,2499168
correction_magnitude_deg,0,2499168
prediction_position_error_mm,471.89265489578247,3000000
prediction_orientation_error_deg,0,3000000
owd_uplink_ms,49.5923,3100000
owd_downlink_ms,49.9886,3100000
correction_magnitude_mm,91.11307561397552,2599664
correction_magnitude_deg,0,2599664
prediction_position_error_mm,526.0863900184631,3100000
prediction_orientation_error_deg,0,3100000
owd_uplink_ms,49.2793,3200000
owd_downlink_ms,49.1728,3200000
correction_magnitude_mm,156.02746605873108,2699532
correction_magnitude_deg,0,2699532
prediction_position_error_mm,553.1012415885925,3200000
prediction_orientation_error_deg,0,3200000
prediction_position_error_mm,640.8417224884033,3300000
prediction_orientation_error_deg,0,3300000
owd_uplink_ms,50.4258,3400000
owd_downlink_ms,49.957,3400000
correction_magnitude_mm,288.96862268447876,2898946
correction_magnitude_deg,0,2898946
prediction_position_error_mm,620.1211810112,3400000
prediction_orientation_error_deg,0,3400000
owd_uplink_ms,50.6045,3500000
owd_downlink_ms,49.3166,3500000
correction_magnitude_mm,279.34515476226807,2997337
correction_magnitude_deg,0,2997337
prediction_position_error_mm,572.1045136451721,3500000
prediction_orientation_error_deg,0,3500000
owd_uplink_ms,49.0219,3600000
owd_downlink_ms,50.1366,3600000
correction_magnitude_mm,196.65299355983734,2998731
correction_magnitude_deg,0,2998731
prediction_position_error_mm,492.6174581050873,3600000
prediction_orientation_error_deg,0,3600000
owd_uplink_ms,49.6753,3700000
owd_downlink_ms,50.7975,3700000
correction_magnitude_mm,31.39142319560051,3100133
correction_magnitude_deg,0,3100133
prediction_position_error_mm,606.8244576454163,3700000
prediction_orientation_error_deg,0,3700000
prediction_position_error_mm,711.6003036499023,3800000
prediction_orientation_error_deg,0,3800000
owd_uplink_ms,50.6806,3900000
owd_downlink_ms,50.3016,3900000
correction_magnitude_mm,182.40554630756378,3299660
correction_magnitude_deg,0,3299660
prediction_position_error_mm,740.4137253761292,3900000
prediction_orientation_error_deg,0,3900000
owd_uplink_ms,50.8957,4000000
owd_downlink_ms,50.87,4000000
correction_magnitude_mm,229.7520786523819,3399629
correction_magnitude_deg,0,3399629
owd_uplink_ms,50.4098,4000000
owd_downlink_ms,49.7276,4000000
correction_magnitude_mm,260.06442308425903,3498777
correction_magnitude_deg,0,3498777
prediction_position_error_mm,614.6526336669922,4000000
prediction_orientation_error_deg,0,4000000
owd_uplink_ms,49.4302,4100000
owd_downlink_ms,50.2492,4100000
correction_magnitude_mm,182.88983404636383,3499801
correction_magnitude_deg,0,3499801
owd_uplink_ms,49.4128,4100000
owd_downlink_ms,49.4951,4100000
correction_magnitude_mm,32.72312879562378,3599904
correction_magnitude_deg,0,3599904
prediction_position_error_mm,458.1170678138733,4100000
prediction_orientation_error_deg,0,4100000
prediction_position_error_mm,553.3862709999084,4200000
prediction_orientation_error_deg,0,4200000
owd_uplink_ms,49.621,4300000
owd_downlink_ms,50.6775,4300000
correction_magnitude_mm,73.6241489648819,3701224
correction_magnitude_deg,0,3701224
owd_uplink_ms,49.3882,4300000
owd_downlink_ms,49.3291,4300000
correction_magnitude_mm,144.5089429616928,3801150
correction_magnitude_deg,0,3801150
prediction_position_error_mm,548.5360026359558,4300000
prediction_orientation_error_deg,0,4300000
prediction_position_error_mm,632.6375603675842,4400000
prediction_orientation_error_deg,0,4400000
owd_uplink_ms,50.2179,4500000
owd_downlink_ms,49.6057,4500000
correction_magnitude_mm,282.642126083374,4000384
correction_magnitude_deg,0,4000384
prediction_position_error_mm,620.063066482544,4500000
prediction_orientation_error_deg,0,4500000
prediction_position_error_mm,699.9780535697937,4600000
prediction_orientation_error_deg,0,4600000
owd_uplink_ms,50.4047,4700000
owd_downlink_ms,50.7617,4700000
correction_magnitude_mm,282.72682428359985,4100830
correction_magnitude_deg,0,4100830
owd_uplink_ms,50.559,4700000
owd_downlink_ms,49.6798,4700000
correction_magnitude_mm,273.0717360973358,4199731
correction_magnitude_deg,0,4199731
prediction_position_error_mm,530.4310321807861,4700000
prediction_orientation_error_deg,0,4700000
owd_uplink_ms,50.1608,4800000
owd_downlink_ms,49.257,4800000
correction_magnitude_mm,258.11514258384705,4298602
correction_magnitude_deg,0,4298602
prediction_position_error_mm,476.98843479156494,4800000
prediction_orientation_error_deg,0,4800000
owd_uplink_ms,49.5134,4900000
owd_downlink_ms,49.8807,4900000
correction_magnitude_mm,236.26451194286346,4399062
correction_magnitude_deg,0,4399062
prediction_position_error_mm,435.43171882629395,4900000
prediction_orientation_error_deg,0,4900000
owd_uplink_ms,50.5833,5000000
owd_downlink_ms,50.8185,5000000
correction_magnitude_mm,165.55452346801758,4399356
correction_magnitude_deg,0,4399356
prediction_position_error_mm,507.8946352005005,5000000
prediction_orientation_error_deg,0,5000000
prediction_position_error_mm,617.0164942741394,5100000
prediction_orientation_error_deg,0,5100000
owd_uplink_ms,49.4519,5200000
owd_downlink_ms,50.186,5200000
correction_magnitude_mm,94.33984756469727,4600273
correction_magnitude_deg,0,4600273
owd_uplink_ms,50.3338,5200000
owd_downlink_ms,50.4396,5200000
correction_magnitude_mm,66.16804003715515,4600405
correction_magnitude_deg,0,4600405
prediction_position_error_mm,525.7949829101562,5200000
prediction_orientation_error_deg,0,5200000
owd_uplink_ms,49.3824,5300000
owd_downlink_ms,49.187,5300000
correction_magnitude_mm,144.19883489608765,4800160
correction_magnitude_deg,0,4800160
prediction_position_error_mm,571.7102885246277,5300000
prediction_orientation_error_deg,0,5300000
owd_uplink_ms,50.1704,5400000
owd_downlink_ms,50.2101,5400000
correction_magnitude_mm,100.98713636398315,4800209
correction_magnitude_deg,0,4800209
prediction_position_error_mm,556.3420057296753,5400000
prediction_orientation_error_deg,0,5400000
prediction_position_error_mm,660.8085632324219,5500000
prediction_orientation_error_deg,0,5500000
owd_uplink_ms,50.4217,5600000
owd_downlink_ms,50.4816,5600000
correction_magnitude_mm,133.97365808486938,5000283
correction_magnitude_deg,0,5000283
owd_uplink_ms,49.9747,5600000
owd_downlink_ms,49.2051,5600000
correction_magnitude_mm,199.95366036891937,5099322
correction_magnitude_deg,0,5099322
prediction_position_error_mm,618.2573437690735,5600000
prediction_orientation_error_deg,0,5600000
owd_uplink_ms,49.5247,5700000
owd_downlink_ms,50.0255,5700000
correction_magnitude_mm,140.54399728775024,5099949
correction_magnitude_deg,0,5099949
prediction_position_error_mm,474.80782866477966,5700000
prediction_orientation_error_deg,0,5700000
owd_uplink_ms,49.8718,5800000
owd_downlink_ms,50.2617,5800000
prediction_position_error_mm,575.5345821380615,5800000
prediction_orientation_error_deg,0,5800000
owd_uplink_ms,49.1596,5900000
owd_downlink_ms,49.5041,5900000
correction_magnitude_mm,189.73420560359955,5400866
correction_magnitude_deg,0,5400866
prediction_position_error_mm,595.6662893295288,5900000
prediction_orientation_error_deg,0,5900000
owd_uplink_ms,50.3913,6000000
owd_downlink_ms,50.0832,6000000
prediction_position_error_mm,692.8258538246155,6000000
prediction_orientation_error_deg,0,6000000
owd_uplink_ms,49.8679,6100000
owd_downlink_ms,50.1933,6100000
correction_magnitude_mm,225.52761435508728,5500887
correction_magnitude_deg,0,5500887
prediction_position_error_mm,677.4501800537109,6100000
prediction_orientation_error_deg,0,6100000
owd_uplink_ms,49.764,6200000
owd_downlink_ms,49.3264,6200000
correction_magnitude_mm,329.2999565601349,5700340
correction_magnitude_deg,0,5700340
prediction_position_error_mm,639.9809718132019,6200000
prediction_orientation_error_deg,0,6200000
owd_uplink_ms,50.3974,6300000
owd_downlink_ms,50.0297,6300000
prediction_position_error_mm,716.8467044830322,6300000
prediction_orientation_error_deg,0,6300000
owd_uplink_ms,49.9649,6400000
owd_downlink_ms,49.5618,6400000
correction_magnitude_mm,391.7996883392334,5899378
correction_magnitude_deg,0,5899378
prediction_position_error_mm,655.184805393219,6400000
prediction_orientation_error_deg,0,6400000
owd_uplink_ms,49.9659,6500000
owd_downlink_ms,50.8375,6500000
correction_magnitude_mm,275.1258909702301,5900467
correction_magnitude_deg,0,5900467
prediction_position_error_mm,432.6768219470978,6500000
prediction_orientation_error_deg,0,6500000
prediction_position_error_mm,536.8746519088745,6600000
prediction_orientation_error_deg,0,6600000
owd_uplink_ms,50.7366,6700000
owd_downlink_ms,50.2868,6700000
correction_magnitude_mm,11.204118840396404,6099905
correction_magnitude_deg,0,6099905
prediction_position_error_mm,636.6739273071289,6700000
prediction_orientation_error_deg,0,6700000
owd_uplink_ms,50.8354,6800000
owd_downlink_ms,50.8852,6800000
correction_magnitude_mm,112.06168681383133,6199968
correction_magnitude_deg,0,6199968
owd_uplink_ms,50.6594,6800000
owd_downlink_ms,49.7974,6800000
correction_magnitude_mm,182.45534598827362,6298891
correction_magnitude_deg,0,6298891
owd_uplink_ms,49.183,6800000
owd_downlink_ms,49.8671,6800000
correction_magnitude_mm,128.4971684217453,6299747
correction_magnitude_deg,0,6299747
prediction_position_error_mm,393.4519588947296,6800000
prediction_orientation_error_deg,0,6800000
prediction_position_error_mm,489.3062710762024,6900000
prediction_orientation_error_deg,0,6900000
prediction_position_error_mm,585.1883888244629,7000000
prediction_orientation_error_deg,0,7000000
owd_uplink_ms,49.3724,7100000
owd_downlink_ms,50.3801,7100000
correction_magnitude_mm,102.83228009939194,6501006
correction_magnitude_deg,0,6501006
owd_uplink_ms,50.2174,7100000
owd_downlink_ms,50.5872,7100000
correction_magnitude_mm,72.43750244379044,6501468
correction_magnitude_deg,0,6501468
prediction_position_error_mm,568.5420632362366,7100000
prediction_orientation_error_deg,0,7100000
owd_uplink_ms,49.4807,7200000
owd_downlink_ms,50.4944,7200000
correction_magnitude_mm,54.75931987166405,6602735
correction_magnitude_deg,0,6602735
owd_uplink_ms,49.8295,7200000
owd_downlink_ms,49.1852,7200000
correction_magnitude_mm,140.0875300168991,6701929
correction_magnitude_deg,0,6701929
prediction_position_error_mm,587.3880386352539,7200000
prediction_orientation_error_deg,0,7200000
prediction_position_error_mm,681.5277338027954,7300000
prediction_orientation_error_deg,0,7300000
prediction_position_error_mm,783.6421728134155,7400000
prediction_orientation_error_deg,0,7400000
owd_uplink_ms,50.7739,7500000
owd_downlink_ms,49.933,7500000
correction_magnitude_mm,289.4967794418335,6900878
correction_magnitude_deg,0,6900878
prediction_position_error_mm,768.7216997146606,7500000
prediction_orientation_error_deg,0,7500000
owd_uplink_ms,50.6386,7600000
owd_downlink_ms,50.1157,7600000
correction_magnitude_mm,295.9522604942322,7000224
correction_magnitude_deg,0,7000224
prediction_position_error_mm,716.107964515686,7600000
prediction_orientation_error_deg,0,7600000
owd_uplink_ms,50.6544,7700000
owd_downlink_ms,50.5476,7700000
correction_magnitude_mm,291.9847369194031,7100090
correction_magnitude_deg,0,7100090
prediction_position_error_mm,660.6419086456299,7700000
prediction_orientation_error_deg,0,7700000
owd_uplink_ms,50.4548,7800000
owd_downlink_ms,50.3723,7800000
correction_magnitude_mm,284.47458148002625,7199988
correction_magnitude_deg,0,7199988
owd_uplink_ms,49.61,7800000
owd_downlink_ms,50.3133,7800000
correction_magnitude_mm,199.690580368042,7200867
correction_magnitude_deg,0,7200867
prediction_position_error_mm,435.7944130897522,7800000
prediction_orientation_error_deg,0,7800000
prediction_position_error_mm,535.7915759086609,7900000
prediction_orientation_error_deg,0,7900000
owd_uplink_ms,50.3831,8000000
owd_downlink_ms,50.4323,8000000
correction_magnitude_mm,52.30977013707161,7400928
correction_magnitude_deg,0,7400928
owd_uplink_ms,49.9041,8000000
owd_downlink_ms,50.5071,8000000
correction_magnitude_mm,37.363775074481964,7401681
correction_magnitude_deg,0,7401681
owd_uplink_ms,50.0462,8000000
owd_downlink_ms,49.2799,8000000
correction_magnitude_mm,26.992222294211388,7500723
correction_magnitude_deg,0,7500723
prediction_position_error_mm,282.01955556869507,8000000
prediction_orientation_error_deg,0,8000000
prediction_position_error_mm,334.618479013443,8100000
prediction_orientation_error_deg,0,8100000
owd_uplink_ms,50.0393,8200000
owd_downlink_ms,49.3209,8200000
correction_magnitude_mm,120.0946494936943,7699826
correction_magnitude_deg,0,7699826
prediction_position_error_mm,342.10726618766785,8200000
prediction_orientation_error_deg,0,8200000
owd_uplink_ms,49.4062,8300000
owd_downlink_ms,49.312,8300000
correction_magnitude_mm,138.74652981758118,7799709
correction_magnitude_deg,0,7799709
owd_uplink_ms,50.5189,8300000
owd_downlink_ms,49.4949,8300000
prediction_position_error_mm,330.35728335380554,8300000
prediction_orientation_error_deg,0,8300000
prediction_position_error_mm,376.8783509731293,8400000
prediction_orientation_error_deg,0,8400000
prediction_position_error_mm,423.3649969100952,8500000
prediction_orientation_error_deg,0,8500000
owd_uplink_ms,49.4437,8600000
owd_downlink_ms,50.2034,8600000
correction_magnitude_mm,190.32441079616547,7999379
correction_magnitude_deg,0,7999379
owd_uplink_ms,50.8303,8600000
owd_downlink_ms,50.9305,8600000
correction_magnitude_mm,133.2775354385376,7999505
correction_magnitude_deg,0,7999505
prediction_position_error_mm,485.40064692497253,8600000
prediction_orientation_error_deg,0,8600000
owd_uplink_ms,49.9261,8700000
owd_downlink_ms,50.259,8700000
prediction_position_error_mm,580.2550911903381,8700000
prediction_orientation_error_deg,0,8700000
owd_uplink_ms,49.3426,8800000
owd_downlink_ms,50.6527,8800000
correction_magnitude_mm,100.23360699415207,8201558
correction_magnitude_deg,0,8201558
prediction_position_error_mm,632.3742270469666,8800000
prediction_orientation_error_deg,0,8800000
owd_uplink_ms,49.4589,8900000
owd_downlink_ms,50.2893,8900000
correction_magnitude_mm,164.4570529460907,8302596
correction_magnitude_deg,0,8302596
prediction_position_error_mm,643.8918709754944,8900000
prediction_orientation_error_deg,0,8900000
owd_uplink_ms,49.605,9000000
owd_downlink_ms,50.4727,9000000
correction_magnitude_mm,204.55686748027802,8403680
correction_magnitude_deg,0,8403680
owd_uplink_ms,49.6808,9000000
owd_downlink_ms,48.7595,9000000
correction_magnitude_mm,224.60223734378815,8502528
correction_magnitude_deg,0,8502528
prediction_position_error_mm,537.0845198631287,9000000
prediction_orientation_error_deg,0,9000000
owd_uplink_ms,49.731,9100000
owd_downlink_ms,49.1556,9100000
correction_magnitude_mm,232.2729378938675,8601808
correction_magnitude_deg,0,8601808
prediction_position_error_mm,508.2007646560669,9100000
prediction_orientation_error_deg,0,9100000
owd_uplink_ms,49.341,9200000
owd_downlink_ms,49.2885,9200000
correction_magnitude_mm,231.18138313293457,8701742
correction_magnitude_deg,0,8701742
prediction_position_error_mm,469.7226881980896,9200000
prediction_orientation_error_deg,0,9200000
prediction_position_error_mm,534.9293351173401,9300000
prediction_orientation_error_deg,0,9300000
prediction_position_error_mm,593.5946106910706,9400000
prediction_orientation_error_deg,0,9400000
owd_uplink_ms,50.4784,9500000
owd_downlink_ms,50.2255,9500000
correction_magnitude_mm,285.12340784072876,8901425
correction_magnitude_deg,0,8901425
owd_uplink_ms,49.3324,9500000
owd_downlink_ms,50.4585,9500000
correction_magnitude_mm,200.44361054897308,8902832
correction_magnitude_deg,0,8902832
prediction_position_error_mm,476.7214059829712,9500000
prediction_orientation_error_deg,0,9500000
prediction_position_error_mm,576.7148733139038,9600000
prediction_orientation_error_deg,0,9600000
owd_uplink_ms,50.8923,9700000
owd_downlink_ms,50.1826,9700000
correction_magnitude_mm,62.203604727983475,9101945
correction_magnitude_deg,0,9101945
owd_uplink_ms,49.369,9700000
owd_downlink_ms,48.9629,9700000
correction_magnitude_mm,148.80546927452087,9201437
correction_magnitude_deg,0,9201437
owd_uplink_ms,50.7299,9700000
owd_downlink_ms,49.3764,9700000
prediction_position_error_mm,591.7612314224243,9700000
prediction_orientation_error_deg,0,9700000
prediction_position_error_mm,686.3315105438232,9800000
prediction_orientation_error_deg,0,9800000
owd_uplink_ms,49.2336,9900000
owd_downlink_ms,49.4233,9900000
correction_magnitude_mm,298.48453402519226,9399983
correction_magnitude_deg,0,9399983
owd_uplink_ms,50.12,9900000
owd_downlink_ms,49.7368,9900000
prediction_position_error_mm,674.9784350395203,9900000
prediction_orientation_error_deg,0,9900000
prediction_position_error_mm,768.0661082267761,10000000
prediction_orientation_error_deg,0,10000000
owd_uplink_ms,49.2125,10100000
owd_downlink_ms,50.5304,10100000
correction_magnitude_mm,303.2737374305725,9501152
correction_magnitude_deg,0,9501152
prediction_position_error_mm,713.289737701416,10100000
prediction_orientation_error_deg,0,10100000
owd_uplink_ms,49.7621,10200000
owd_downlink_ms,49.8517,10200000
correction_magnitude_mm,380.84498047828674,9701264
correction_magnitude_deg,0,9701264
prediction_position_error_mm,657.5630307197571,10200000
prediction_orientation_error_deg,0,10200000
owd_uplink_ms,50.6501,10300000
owd_downlink_ms,50.739,10300000
correction_magnitude_mm,266.67433977127075,9701374
correction_magnitude_deg,0,9701374
prediction_position_error_mm,393.96488666534424,10300000
prediction_orientation_error_deg,0,10300000
owd_uplink_ms,49.9692,10400000
owd_downlink_ms,49.1417,10400000
correction_magnitude_mm,6.499053444713354,9900339
correction_magnitude_deg,0,9900339
owd_uplink_ms,50.5,10400000
owd_downlink_ms,49.336,10400000
prediction_position_error_mm,491.6461110115051,10400000
prediction_orientation_error_deg,0,10400000
prediction_position_error_mm,588.6932611465454,10500000
prediction_orientation_error_deg,0,10500000
owd_uplink_ms,49.8641,10600000
owd_downlink_ms,50.9674,10600000
correction_magnitude_mm,101.12176835536957,10000264
correction_magnitude_deg,0,10000264
prediction_position_error_mm,634.4718933105469,10600000
prediction_orientation_error_deg,0,10600000
prediction_position_error_mm,731.3364148139954,10700000
prediction_orientation_error_deg,0,10700000
owd_uplink_ms,50.1107,10800000
owd_downlink_ms,49.9977,10800000
correction_magnitude_mm,258.46225023269653,10200122
correction_magnitude_deg,0,10200122
owd_uplink_ms,49.3013,10800000
owd_downlink_ms,50.1044,10800000
correction_magnitude_mm,181.85614049434662,10201125
correction_magnitude_deg,0,10201125
prediction_position_error_mm,485.6285750865936,10800000
prediction_orientation_error_deg,0,10800000
owd_uplink_ms,49.2625,10900000
owd_downlink_ms,49.9659,10900000
correction_magnitude_mm,23.546721786260605,10302004
correction_magnitude_deg,0,10302004
prediction_position_error_mm,595.3705906867981,10900000
prediction_orientation_error_deg,0,10900000
prediction_position_error_mm,698.0148553848267,11000000
prediction_orientation_error_deg,0,11000000
owd_uplink_ms,50.9923,11100000
owd_downlink_ms,50.7806,11100000
correction_magnitude_mm,186.11440062522888,10501739
correction_magnitude_deg,0,10501739
owd_uplink_ms,50.3563,11100000
owd_downlink_ms,49.0265,11100000
correction_magnitude_mm,231.45797848701477,10600076
correction_magnitude_deg,0,10600076
prediction_position_error_mm,623.3219504356384,11100000
prediction_orientation_error_deg,0,11100000
owd_uplink_ms,49.3135,11200000
owd_downlink_ms,50.2591,11200000
correction_magnitude_mm,163.08501362800598,10601257
correction_magnitude_deg,0,10601257
prediction_position_error_mm,471.30662202835083,11200000
prediction_orientation_error_deg,0,11200000
prediction_position_error_mm,566.3052797317505,11300000
prediction_orientation_error_deg,0,11300000
owd_uplink_ms,50.2945,11400000
owd_downlink_ms,49.9424,11400000
correction_magnitude_mm,82.65705406665802,10800816
correction_magnitude_deg,0,10800816
prediction_position_error_mm,634.0541243553162,11400000
prediction_orientation_error_deg,0,11400000
owd_uplink_ms,50.5148,11500000
owd_downlink_ms,50.8123,11500000
correction_magnitude_mm,154.2864441871643,10901187
correction_magnitude_deg,0,10901187
prediction_position_error_mm,656.471312046051,11500000
prediction_orientation_error_deg,0,11500000
owd_uplink_ms,50.4297,11600000
owd_downlink_ms,49.9841,11600000
correction_magnitude_mm,198.96724820137024,11000630
correction_magnitude_deg,0,11000630
owd_uplink_ms,50.0272,11600000
owd_downlink_ms,49.6708,11600000
correction_magnitude_mm,224.41506385803223,11100184
correction_magnitude_deg,0,11100184
prediction_position_error_mm,551.4287352561951,11600000
prediction_orientation_error_deg,0,11600000
owd_uplink_ms,50.285,11700000
owd_downlink_ms,49.8846,11700000
correction_magnitude_mm,235.494926571846,11199684
correction_magnitude_deg,0,11199684
prediction_position_error_mm,521.9869613647461,11700000
prediction_orientation_error_deg,0,11700000
owd_uplink_ms,50.7322,11800000
owd_downlink_ms,49.3242,11800000
correction_magnitude_mm,232.82262682914734,11297925
correction_magnitude_deg,0,11297925
owd_uplink_ms,49.2588,11800000
owd_downlink_ms,49.8053,11800000
correction_magnitude_mm,163.435161113739,11298609
correction_magnitude_deg,0,11298609
prediction_position_error_mm,398.70381355285645,11800000
prediction_orientation_error_deg,0,11800000
prediction_position_error_mm,498.6927807331085,11900000
prediction_orientation_error_deg,0,11900000
prediction_position_error_mm,600.9019613265991,12000000
prediction_orientation_error_deg,0,12000000
owd_uplink_ms,50.5347,12100000
owd_downlink_ms,50.6616,12100000
correction_magnitude_mm,88.1815254688263,11498768
correction_magnitude_deg,0,11498768
owd_uplink_ms,50.5036,12100000
owd_downlink_ms,49.616,12100000
correction_magnitude_mm,161.6969108581543,11597659
correction_magnitude_deg,0,11597659
prediction_position_error_mm,597.64564037323,12100000
prediction_orientation_error_deg,0,12100000
owd_uplink_ms,49.2076,12200000
owd_downlink_ms,49.4756,12200000
correction_magnitude_mm,211.928129196167,11697994
correction_magnitude_deg,0,11697994
owd_uplink_ms,50.6282,12200000
owd_downlink_ms,50.1661,12200000
prediction_position_error_mm,596.0209369659424,12200000
prediction_orientation_error_deg,0,12200000
prediction_position_error_mm,685.5317950248718,12300000
prediction_orientation_error_deg,0,12300000
owd_uplink_ms,49.26,12400000
owd_downlink_ms,50.6538,12400000
correction_magnitude_mm,239.05815184116364,11799160
correction_magnitude_deg,0,11799160
prediction_position_error_mm,660.6869101524353,12400000
prediction_orientation_error_deg,0,12400000
owd_uplink_ms,50.0047,12500000
owd_downlink_ms,49.2587,12500000
correction_magnitude_mm,329.4866681098938,11998228
correction_magnitude_deg,0,11998228
prediction_position_error_mm,619.2566156387329,12500000
prediction_orientation_error_deg,0,12500000
owd_uplink_ms,50.0128,12600000
owd_downlink_ms,50.0331,12600000
correction_magnitude_mm,310.3359043598175,12098254
correction_magnitude_deg,0,12098254
prediction_position_error_mm,558.6764812469482,12600000
prediction_orientation_error_deg,0,12600000
owd_uplink_ms,49.7139,12700000
owd_downlink_ms,50.8149,12700000
correction_magnitude_mm,218.14478933811188,12099631
correction_magnitude_deg,0,12099631
prediction_position_error_mm,435.8696639537811,12700000
prediction_orientation_error_deg,0,12700000
owd_uplink_ms,50.4689,12800000
owd_downlink_ms,49.7478,12800000
correction_magnitude_mm,44.313475489616394,12298730
correction_magnitude_deg,0,12298730
prediction_position_error_mm,517.4211859703064,12800000
prediction_orientation_error_deg,0,12800000
owd_uplink_ms,49.9186,12900000
owd_downlink_ms,50.0044,12900000
correction_magnitude_mm,128.42167913913727,12398838
correction_magnitude_deg,0,12398838
prediction_position_error_mm,558.9264631271362,12900000
prediction_orientation_error_deg,0,12900000
prediction_position_error_mm,652.6498794555664,13000000
prediction_orientation_error_deg,0,13000000
owd_uplink_ms,50.8229,13100000
owd_downlink_ms,50.4165,13100000
correction_magnitude_mm,182.90342390537262,12498331
correction_magnitude_deg,0,12498331
owd_uplink_ms,49.587,13100000
owd_downlink_ms,49.3396,13100000
correction_magnitude_mm,213.89426290988922,12598022
correction_magnitude_deg,0,12598022
prediction_position_error_mm,561.8899464607239,13100000
prediction_orientation_error_deg,0,13100000
owd_uplink_ms,50.5794,13200000
owd_downlink_ms,50.8266,13200000
correction_magnitude_mm,149.98482167720795,12598332
correction_magnitude_deg,0,12598332
owd_uplink_ms,49.4815,13200000
owd_downlink_ms,49.7745,13200000
prediction_position_error_mm,506.2440037727356,13200000
prediction_orientation_error_deg,0,13200000
owd_uplink_ms,49.3769,13300000
owd_downlink_ms,49.2849,13300000
correction_magnitude_mm,99.74266588687897,12798584
correction_magnitude_deg,0,12798584
prediction_position_error_mm,562.9094243049622,13300000
prediction_orientation_error_deg,0,13300000
prediction_position_error_mm,661.4732146263123,13400000
prediction_orientation_error_deg,0,13400000
prediction_position_error_mm,759.9896192550659,13500000
prediction_orientation_error_deg,0,13500000
owd_uplink_ms,50.4595,13600000
owd_downlink_ms,50.4845,13600000
correction_magnitude_mm,265.59367775917053,12998616
correction_magnitude_deg,0,12998616
owd_uplink_ms,50.0187,13600000
owd_downlink_ms,49.5842,13600000
correction_magnitude_mm,280.13280034065247,13098074
correction_magnitude_deg,0,13098074
prediction_position_error_mm,628.3747553825378,13600000
prediction_orientation_error_deg,0,13600000
owd_uplink_ms,49.8772,13700000
owd_downlink_ms,50.018,13700000
correction_magnitude_mm,282.46667981147766,13198250
correction_magnitude_deg,0,13198250
prediction_position_error_mm,588.5627865791321,13700000
prediction_orientation_error_deg,0,13700000
prediction_position_error_mm,665.9964919090271,13800000
prediction_orientation_error_deg,0,13800000
owd_uplink_ms,50.7038,13900000
owd_downlink_ms,50.2581,13900000
correction_magnitude_mm,275.02235770225525,13297694
correction_magnitude_deg,0,13297694
prediction_position_error_mm,610.904335975647,13900000
prediction_orientation_error_deg,0,13900000
owd_uplink_ms,50.6509,14000000
owd_downlink_ms,50.2857,14000000
correction_magnitude_mm,261.5814208984375,13397238
correction_magnitude_deg,0,13397238
owd_uplink_ms,50.4877,14000000
owd_downlink_ms,49.6678,14000000
correction_magnitude_mm,243.9376711845398,13496214
correction_magnitude_deg,0,13496214
prediction_position_error_mm,443.524032831192,14000000
prediction_orientation_error_deg,0,14000000
owd_uplink_ms,49.7186,14100000
owd_downlink_ms,50.1833,14100000
correction_magnitude_mm,225.0644713640213,13596795
correction_magnitude_deg,0,13596795
prediction_position_error_mm,394.7468101978302,14100000
prediction_orientation_error_deg,0,14100000
owd_uplink_ms,49.532,14200000
owd_downlink_ms,50.1129,14200000
correction_magnitude_mm,206.50896430015564,13697522
correction_magnitude_deg,0,13697522
prediction_position_error_mm,350.0380516052246,14200000
prediction_orientation_error_deg,0,14200000
owd_uplink_ms,50.424,14300000
owd_downlink_ms,50.7439,14300000
correction_magnitude_mm,144.71524953842163,13697923
correction_magnitude_deg,0,13697923
prediction_position_error_mm,493.49403381347656,14300000
prediction_orientation_error_deg,0,14300000
owd_uplink_ms,49.499,14400000
owd_downlink_ms,50.5132,14400000
owd_uplink_ms,49.376,14400000
owd_downlink_ms,49.2454,14400000
correction_magnitude_mm,97.60171175003052,13899028
correction_magnitude_deg,0,13899028
prediction_position_error_mm,548.8780736923218,14400000
prediction_orientation_error_deg,0,14400000
owd_uplink_ms,49.1846,14500000
owd_downlink_ms,49.8678,14500000
correction_magnitude_mm,164.97516632080078,13999883
correction_magnitude_deg,0,13999883
prediction_position_error_mm,571.8988180160522,14500000
prediction_orientation_error_deg,0,14500000
prediction_position_error_mm,662.1235013008118,14600000
prediction_orientation_error_deg,0,14600000
prediction_position_error_mm,754.2710900306702,14700000
prediction_orientation_error_deg,0,14700000
owd_uplink_ms,49.7703,14800000
owd_downlink_ms,50.0815,14800000
correction_magnitude_mm,297.8239059448242,14200272
correction_magnitude_deg,0,14200272
owd_uplink_ms,50.1306,14800000
owd_downlink_ms,50.7062,14800000
correction_magnitude_mm,209.1072052717209,14200991
correction_magnitude_deg,0,14200991
owd_uplink_ms,49.5385,14800000
owd_downlink_ms,49.2049,14800000
correction_magnitude_mm,45.73643580079079,14300573
correction_magnitude_deg,0,14300573
prediction_position_error_mm,472.1645414829254,14800000
prediction_orientation_error_deg,0,14800000
prediction_position_error_mm,572.1478462219238,14900000
prediction_orientation_error_deg,0,14900000
owd_uplink_ms,49.2135,15000000
owd_downlink_ms,50.2506,15000000
correction_magnitude_mm,70.36938518285751,14401869
correction_magnitude_deg,0,14401869
prediction_position_error_mm,639.3758058547974,15000000
prediction_orientation_error_deg,0,15000000
prediction_position_error_mm,738.0398511886597,15100000
prediction_orientation_error_deg,0,15100000
owd_uplink_ms,49.9054,15200000
owd_downlink_ms,49.9317,15200000
correction_magnitude_mm,247.04979360103607,14601901
correction_magnitude_deg,0,14601901
owd_uplink_ms,50.5917,15200000
owd_downlink_ms,50.4377,15200000
prediction_position_error_mm,741.0433888435364,15200000
prediction_orientation_error_deg,0,15200000
owd_uplink_ms,49.5404,15300000
owd_downlink_ms,49.0868,15300000
correction_magnitude_mm,362.38011717796326,14801140
correction_magnitude_deg,0,14801140
prediction_position_error_mm,699.3074417114258,15300000
prediction_orientation_error_deg,0,15300000
owd_uplink_ms,51.078,15400000
owd_downlink_ms,50.8226,15400000
prediction_position_error_mm,788.6621356010437,15400000
prediction_orientation_error_deg,0,15400000
prediction_position_error_mm,877.9674768447876,15500000
prediction_orientation_error_deg,0,15500000
owd_uplink_ms,50.7741,15600000
owd_downlink_ms,50.8757,15600000
correction_magnitude_mm,431.7886531352997,15000947
correction_magnitude_deg,0,15000947
prediction_position_error_mm,798.8501787185669,15600000
prediction_orientation_error_deg,0,15600000
owd_uplink_ms,50.6408,15700000
owd_downlink_ms,50.288,15700000
correction_magnitude_mm,384.90837812423706,15100506
correction_magnitude_deg,0,15100506
owd_uplink_ms,49.4796,15700000
owd_downlink_ms,49.8964,15700000
correction_magnitude_mm,341.83984994888306,15201026
correction_magnitude_deg,0,15201026
prediction_position_error_mm,543.5304045677185,15700000
prediction_orientation_error_deg,0,15700000
owd_uplink_ms,50.9327,15800000
owd_downlink_ms,50.2409,15800000
prediction_position_error_mm,604.354739189148,15800000
prediction_orientation_error_deg,0,15800000
owd_uplink_ms,50.0169,15900000
owd_downlink_ms,49.59,15900000
correction_magnitude_mm,359.9708676338196,15399628
correction_magnitude_deg,0,15399628
prediction_position_error_mm,529.9317836761475,15900000
prediction_orientation_error_deg,0,15900000
prediction_position_error_mm,584.9488973617554,16000000
prediction_orientation_error_deg,0,16000000
owd_uplink_ms,50.1228,16100000
owd_downlink_ms,50.2531,16100000
correction_magnitude_mm,307.653546333313,15499791
correction_magnitude_deg,0,15499791
prediction_position_error_mm,492.6340878009796,16100000
prediction_orientation_error_deg,0,16100000
owd_uplink_ms,50.1822,16200000
owd_downlink_ms,50.4254,16200000
correction_magnitude_mm,261.8171274662018,15600095
correction_magnitude_deg,0,15600095
prediction_position_error_mm,413.13597559928894,16200000
prediction_orientation_error_deg,0,16200000
owd_uplink_ms,50.8118,16300000
owd_downlink_ms,50.1807,16300000
correction_magnitude_mm,221.83623909950256,15699307
correction_magnitude_deg,0,15699307
owd_uplink_ms,49.1044,16300000
owd_downlink_ms,50.13,16300000
correction_magnitude_mm,155.68602085113525,15700589
correction_magnitude_deg,0,15700589
prediction_position_error_mm,489.0430271625519,16300000
prediction_orientation_error_deg,0,16300000
owd_uplink_ms,49.7374,16400000
owd_downlink_ms,50.0456,16400000
correction_magnitude_mm,9.059800766408443,15800974
correction_magnitude_deg,0,15800974
owd_uplink_ms,49.7611,16400000
owd_downlink_ms,49.0988,16400000
correction_magnitude_mm,92.57695078849792,15900146
correction_magnitude_deg,0,15900146
prediction_position_error_mm,549.7705936431885,16400000
prediction_orientation_error_deg,0,16400000
prediction_position_error_mm,646.9541788101196,16500000
prediction_orientation_error_deg,0,16500000
prediction_position_error_mm,744.1251277923584,16600000
prediction_orientation_error_deg,0,16600000
owd_uplink_ms,50.3757,16700000
owd_downlink_ms,50.577,16700000
correction_magnitude_mm,259.15324687957764,16100397
correction_magnitude_deg,0,16100397
prediction_position_error_mm,740.3215765953064,16700000
prediction_orientation_error_deg,0,16700000
owd_uplink_ms,50.6078,16800000
owd_downlink_ms,50.7465,16800000
correction_magnitude_mm,274.6582627296448,16200570
correction_magnitude_deg,0,16200570
prediction_position_error_mm,702.1456956863403,16800000
prediction_orientation_error_deg,0,16800000
owd_uplink_ms,50.2373,16900000
owd_downlink_ms,50.703,16900000
correction_magnitude_mm,277.6699364185333,16301152
correction_magnitude_deg,0,16301152
owd_uplink_ms,49.6453,16900000
owd_downlink_ms,49.3964,16900000
correction_magnitude_mm,270.754337310791,16400840
correction_magnitude_deg,0,16400840
owd_uplink_ms,50.7417,16900000
owd_downlink_ms,49.6792,16900000
prediction_position_error_mm,532.426118850708,16900000
prediction_orientation_error_deg,0,16900000
prediction_position_error_mm,601.2582182884216,17000000
prediction_orientation_error_deg,0,17000000
owd_uplink_ms,50.6332,17100000
owd_downlink_ms,49.9674,17100000
correction_magnitude_mm,325.3224194049835,16598681
correction_magnitude_deg,0,16598681
prediction_position_error_mm,548.1018424034119,17100000
prediction_orientation_error_deg,0,17100000
prediction_position_error_mm,612.149715423584,17200000
prediction_orientation_error_deg,0,17200000
owd_uplink_ms,50.3737,17300000
owd_downlink_ms,50.638,17300000
correction_magnitude_mm,291.68665409088135,16699012
correction_magnitude_deg,0,16699012
prediction_position_error_mm,535.9365940093994,17300000
prediction_orientation_error_deg,0,17300000
owd_uplink_ms,50.714,17400000
owd_downlink_ms,50.5601,17400000
correction_magnitude_mm,259.295791387558,16798820
correction_magnitude_deg,0,16798820
owd_uplink_ms,49.6445,17400000
owd_downlink_ms,50.8551,17400000
correction_magnitude_mm,182.22098052501678,16800333
correction_magnitude_deg,0,16800333
prediction_position_error_mm,470.2186584472656,17400000
prediction_orientation_error_deg,0,17400000
owd_uplink_ms,50.3986,17500000
owd_downlink_ms,49.2174,17500000
correction_magnitude_mm,70.76755166053772,16998857
correction_magnitude_deg,0,16998857
prediction_position_error_mm,543.138861656189,17500000
prediction_orientation_error_deg,0,17500000
owd_uplink_ms,49.7808,17600000
owd_downlink_ms,49.3808,17600000
correction_magnitude_mm,147.4648118019104,17098357
correction_magnitude_deg,0,17098357
owd_uplink_ms,50.0768,17600000
owd_downlink_ms,49.7545,17600000
prediction_position_error_mm,575.5096077919006,17600000
prediction_orientation_error_deg,0,17600000
prediction_position_error_mm,668.8838601112366,17700000
prediction_orientation_error_deg,0,17700000
owd_uplink_ms,49.3055,17800000
owd_downlink_ms,50.7045,17800000
correction_magnitude_mm,198.63636791706085,17199704
correction_magnitude_deg,0,17199704
prediction_position_error_mm,668.4646010398865,17800000
prediction_orientation_error_deg,0,17800000
owd_uplink_ms,49.0213,17900000
owd_downlink_ms,49.2911,17900000
correction_magnitude_mm,315.71897864341736,17400041
correction_magnitude_deg,0,17400041
owd_uplink_ms,50.7061,17900000
owd_downlink_ms,49.8314,17900000
prediction_position_error_mm,638.0791664123535,17900000
prediction_orientation_error_deg,0,17900000
prediction_position_error_mm,720.5485701560974,18000000
prediction_orientation_error_deg,0,18000000
owd_uplink_ms,49.194,18100000
owd_downlink_ms,50.4569,18100000
correction_magnitude_mm,304.7961890697479,17500526
correction_magnitude_deg,0,17500526
prediction_position_error_mm,658.4204435348511,18100000
prediction_orientation_error_deg,0,18100000
owd_uplink_ms,49.7092,18200000
owd_downlink_ms,49.0433,18200000
correction_magnitude_mm,361.1606955528259,17699694
correction_magnitude_deg,0,17699694
owd_uplink_ms,50.4739,18200000
owd_downlink_ms,50.0663,18200000
prediction_position_error_mm,596.8478322029114,18200000
prediction_orientation_error_deg,0,18200000
prediction_position_error_mm,665.3503775596619,18300000
prediction_orientation_error_deg,0,18300000
owd_uplink_ms,50.2106,18400000
owd_downlink_ms,49.9706,18400000
correction_magnitude_mm,390.27464389801025,17898886
correction_magnitude_deg,0,17898886
prediction_position_error_mm,586.3528251647949,18400000
prediction_orientation_error_deg,0,18400000
owd_uplink_ms,50.4204,18500000
owd_downlink_ms,49.7902,18500000
correction_magnitude_mm,334.74427461624146,17998099
correction_magnitude_deg,0,17998099
prediction_position_error_mm,497.60621786117554,18500000
prediction_orientation_error_deg,0,18500000
owd_uplink_ms,49.3872,18600000
owd_downlink_ms,50.6512,18600000
correction_magnitude_mm,235.16391217708588,17999680
correction_magnitude_deg,0,17999680
prediction_position_error_mm,440.05465507507324,18600000
prediction_orientation_error_deg,0,18600000
prediction_position_error_mm,542.1620607376099,18700000
prediction_orientation_error_deg,0,18700000
owd_uplink_ms,50.5412,18800000
owd_downlink_ms,50.8714,18800000
correction_magnitude_mm,36.56938299536705,18200092
correction_magnitude_deg,0,18200092
owd_uplink_ms,50.0847,18800000
owd_downlink_ms,49.1422,18800000
correction_magnitude_mm,124.70036745071411,18298914
correction_magnitude_deg,0,18298914
prediction_position_error_mm,571.5031027793884,18800000
prediction_orientation_error_deg,0,18800000
owd_uplink_ms,49.8372,18900000
owd_downlink_ms,49.4164,18900000
correction_magnitude_mm,184.27734076976776,18398388
correction_magnitude_deg,0,18398388
owd_uplink_ms,49.9337,18900000
owd_downlink_ms,49.9041,18900000
prediction_position_error_mm,585.1297378540039,18900000
prediction_orientation_error_deg,0,18900000
owd_uplink_ms,49.576,19000000
owd_downlink_ms,49.5359,19000000
correction_magnitude_mm,219.9910432100296,18498303
correction_magnitude_deg,0,18498303
prediction_position_error_mm,577.268660068512,19000000
prediction_orientation_error_deg,0,19000000
prediction_position_error_mm,661.9831919670105,19100000
prediction_orientation_error_deg,0,19100000
owd_uplink_ms,50.1353,19200000
owd_downlink_ms,49.4646,19200000
correction_magnitude_mm,322.3826587200165,18697465
correction_magnitude_deg,0,18697465
owd_uplink_ms,49.722,19200000
owd_downlink_ms,50.0684,19200000
correction_magnitude_mm,226.0083109140396,18697898
correction_magnitude_deg,0,18697898
prediction_position_error_mm,339.13135528564453,19200000
prediction_orientation_error_deg,0,19200000
prediction_position_error_mm,436.48847937583923,19300000
prediction_orientation_error_deg,0,19300000
prediction_position_error_mm,535.0785255432129,19400000
prediction_orientation_error_deg,0,19400000
owd_uplink_ms,49.99,19500000
owd_downlink_ms,50.8909,19500000
correction_magnitude_mm,41.81753098964691,18899025
correction_magnitude_deg,0,18899025
prediction_position_error_mm,618.7585592269897,19500000
prediction_orientation_error_deg,0,19500000
owd_uplink_ms,50.1019,19600000
owd_downlink_ms,50.9609,19600000
correction_magnitude_mm,128.53968143463135,19000098
correction_magnitude_deg,0,19000098
owd_uplink_ms,50.18,19600000
owd_downlink_ms,49.9549,19600000
correction_magnitude_mm,184.05254185199738,19099817
correction_magnitude_deg,0,19099817
prediction_position_error_mm,570.8420276641846,19600000
prediction_orientation_error_deg,0,19600000
prediction_position_error_mm,659.3155860900879,19700000
prediction_orientation_error_deg,0,19700000
owd_uplink_ms,50.948,19800000
owd_downlink_ms,50.9784,19800000
correction_magnitude_mm,217.6295667886734,19199855
correction_magnitude_deg,0,19199855
owd_uplink_ms,49.1026,19800000
owd_downlink_ms,49.4767,19800000
correction_magnitude_mm,233.58651995658875,19300322
correction_magnitude_deg,0,19300322
prediction_position_error_mm,538.3595824241638,19800000
prediction_orientation_error_deg,0,19800000
owd_uplink_ms,50.4748,19900000
owd_downlink_ms,50.3479,19900000
owd_uplink_ms,49.1138,19900000
owd_downlink_ms,49.0294,19900000
correction_magnitude_mm,238.41971158981323,19400057
correction_magnitude_deg,0,19400057
prediction_position_error_mm,505.86020946502686,19900000
prediction_orientation_error_deg,0,19900000
prediction_position_error_mm,573.5215544700623,20000000
prediction_orientation_error_deg,0,20000000
owd_uplink_ms,49.0864,20100000
owd_downlink_ms,49.0138,20100000
correction_magnitude_mm,302.5737702846527,19599967
correction_magnitude_deg,0,19599967
owd_uplink_ms,50.6937,20100000
owd_downlink_ms,49.8553,20100000
prediction_position_error_mm,527.6599526405334,20100000
prediction_orientation_error_deg,0,20100000
owd_uplink_ms,49.8382,20200000
owd_downlink_ms,49.8002,20200000
correction_magnitude_mm,274.3535041809082,19698873
correction_magnitude_deg,0,19698873
prediction_position_error_mm,468.44783425331116,20200000
prediction_orientation_error_deg,0,20200000
owd_uplink_ms,49.8475,20300000
owd_downlink_ms,49.8642,20300000
correction_magnitude_mm,246.95158004760742,19798894
correction_magnitude_deg,0,19798894
prediction_position_error_mm,411.95419430732727,20300000
prediction_orientation_error_deg,0,20300000
owd_uplink_ms,49.2819,20400000
owd_downlink_ms,49.1863,20400000
correction_magnitude_mm,220.24644911289215,19898775
correction_magnitude_deg,0,19898775
prediction_position_error_mm,358.1153154373169,20400000
prediction_orientation_error_deg,0,20400000
owd_uplink_ms,49.6073,20500000
owd_downlink_ms,49.8434,20500000
correction_magnitude_mm,195.075124502182,19999071
correction_magnitude_deg,0,19999071
prediction_position_error_mm,310.91058254241943,20500000
prediction_orientation_error_deg,0,20500000
owd_uplink_ms,49.1337,20600000
owd_downlink_ms,49.6929,20600000
correction_magnitude_mm,171.70412838459015,20099770
correction_magnitude_deg,0,20099770
prediction_position_error_mm,268.477201461792,20600000
prediction_orientation_error_deg,0,20600000
prediction_position_error_mm,297.98296093940735,20700000
prediction_orientation_error_deg,0,20700000
owd_uplink_ms,50.4737,20800000
owd_downlink_ms,49.2502,20800000
correction_magnitude_mm,180.9573769569397,20298241
correction_magnitude_deg,0,20298241
prediction_position_error_mm,259.43756103515625,20800000
prediction_orientation_error_deg,0,20800000
prediction_position_error_mm,286.1182689666748,20900000
prediction_orientation_error_deg,0,20900000
owd_uplink_ms,49.1335,21000000
owd_downlink_ms,50.1703,21000000
correction_magnitude_mm,152.13114023208618,20399537
correction_magnitude_deg,0,20399537
owd_uplink_ms,50.6447,21000000
owd_downlink_ms,50.3478,21000000
prediction_position_error_mm,240.06105959415436,21000000
prediction_orientation_error_deg,0,21000000
owd_uplink_ms,49.6635,21100000
owd_downlink_ms,50.7788,21100000
correction_magnitude_mm,129.09559905529022,20500560
correction_magnitude_deg,0,20500560
owd_uplink_ms,49.5043,21100000
owd_downlink_ms,49.2194,21100000
correction_magnitude_mm,108.77088457345963,20600204
correction_magnitude_deg,0,20600204
prediction_position_error_mm,153.6266654729843,21100000
prediction_orientation_error_deg,0,21100000
prediction_position_error_mm,166.37323796749115,21200000
prediction_orientation_error_deg,0,21200000
owd_uplink_ms,49.1778,21300000
owd_downlink_ms,50.0996,21300000
correction_magnitude_mm,91.49382263422012,20701356
correction_magnitude_deg,0,20701356
prediction_position_error_mm,139.84794914722443,21300000
prediction_orientation_error_deg,0,21300000
owd_uplink_ms,49.2847,21400000
owd_downlink_ms,50.1754,21400000
correction_magnitude_mm,76.6044408082962,20802469
correction_magnitude_deg,0,20802469
prediction_position_error_mm,115.46577513217926,21400000
prediction_orientation_error_deg,0,21400000
owd_uplink_ms,49.7837,21500000
owd_downlink_ms,49.9306,21500000
correction_magnitude_mm,63.72581422328949,20902652
correction_magnitude_deg,0,20902652
prediction_position_error_mm,94.8130339384079,21500000
prediction_orientation_error_deg,0,21500000
owd_uplink_ms,49.843,21600000
owd_downlink_ms,50.2982,21600000
correction_magnitude_mm,52.79397964477539,21003221
correction_magnitude_deg,0,21003221
prediction_position_error_mm,75.06711035966873,21600000
prediction_orientation_error_deg,0,21600000
owd_uplink_ms,49.38,21700000
owd_downlink_ms,49.3647,21700000
correction_magnitude_mm,49.926336854696274,21203201
correction_magnitude_deg,0,21203201
prediction_position_error_mm,62.61485815048218,21700000
prediction_orientation_error_deg,0,21700000
owd_uplink_ms,50.5214,21800000
owd_downlink_ms,50.4338,21800000
prediction_position_error_mm,68.06962937116623,21800000
prediction_orientation_error_deg,0,21800000
owd_uplink_ms,50.3263,21900000
owd_downlink_ms,49.4836,21900000
correction_magnitude_mm,48.509854823350906,21402037
correction_magnitude_deg,0,21402037
prediction_position_error_mm,55.31089007854462,21900000
prediction_orientation_error_deg,0,21900000
owd_uplink_ms,50.5367,22000000
owd_downlink_ms,49.1662,22000000
correction_magnitude_mm,38.72261568903923,21500324
correction_magnitude_deg,0,21500324
prediction_position_error_mm,42.4642413854599,22000000
prediction_orientation_error_deg,0,22000000
prediction_position_error_mm,45.881420373916626,22100000
prediction_orientation_error_deg,0,22100000
owd_uplink_ms,50.4695,22200000
owd_downlink_ms,50.5203,22200000
correction_magnitude_mm,28.397852554917336,21600387
correction_magnitude_deg,0,21600387
owd_uplink_ms,49.2053,22200000
owd_downlink_ms,50.4244,22200000
correction_magnitude_mm,19.955720752477646,21601910
correction_magnitude_deg,0,21601910
prediction_position_error_mm,205.45655488967896,22200000
prediction_orientation_error_deg,0,22200000
owd_uplink_ms,49.3193,22300000
owd_downlink_ms,49.9419,22300000
correction_magnitude_mm,22.87175878882408,21702688
correction_magnitude_deg,0,21702688
owd_uplink_ms,49.8027,22300000
owd_downlink_ms,49.185,22300000
correction_magnitude_mm,51.68679356575012,21801915
correction_magnitude_deg,0,21801915
prediction_position_error_mm,205.4908126592636,22300000
prediction_orientation_error_deg,0,22300000
owd_uplink_ms,50.0084,22400000
owd_downlink_ms,49.8278,22400000
correction_magnitude_mm,70.52412629127502,21901689
correction_magnitude_deg,0,21901689
prediction_position_error_mm,208.3488255739212,22400000
prediction_orientation_error_deg,0,22400000
prediction_position_error_mm,240.84988236427307,22500000
prediction_orientation_error_deg,0,22500000
owd_uplink_ms,49.7423,22600000
owd_downlink_ms,50.4144,22600000
correction_magnitude_mm,81.95509016513824,22002529
correction_magnitude_deg,0,22002529
owd_uplink_ms,49.4147,22600000
owd_downlink_ms,49.3027,22600000
correction_magnitude_mm,87.27104216814041,22102389
correction_magnitude_deg,0,22102389
prediction_position_error_mm,197.71049916744232,22600000
prediction_orientation_error_deg,0,22600000
prediction_position_error_mm,225.2749800682068,22700000
prediction_orientation_error_deg,0,22700000
owd_uplink_ms,49.742,22800000
owd_downlink_ms,49.937,22800000
correction_magnitude_mm,88.51069211959839,22202632
correction_magnitude_deg,0,22202632
prediction_position_error_mm,207.72430300712585,22800000
prediction_orientation_error_deg,0,22800000
prediction_position_error_mm,235.4975789785385,22900000
prediction_orientation_error_deg,0,22900000
owd_uplink_ms,50.4868,23000000
owd_downlink_ms,50.2607,23000000
correction_magnitude_mm,108.838751912117,22402349
correction_magnitude_deg,0,22402349
owd_uplink_ms,50.7394,23000000
owd_downlink_ms,49.2181,23000000
correction_magnitude_mm,98.95061701536179,22500447
correction_magnitude_deg,0,22500447
prediction_position_error_mm,170.45468091964722,23000000
prediction_orientation_error_deg,0,23000000
owd_uplink_ms,49.926,23100000
owd_downlink_ms,49.1143,23100000
correction_magnitude_mm,91.97451919317245,22599433
correction_magnitude_deg,0,22599433
owd_uplink_ms,50.1402,23100000
owd_downlink_ms,49.5488,23100000
prediction_position_error_mm,149.2907851934433,23100000
prediction_orientation_error_deg,0,23100000
owd_uplink_ms,48.9915,23200000
owd_downlink_ms,49.8129,23200000
correction_magnitude_mm,81.89186453819275,22699721
correction_magnitude_deg,0,22699721
prediction_position_error_mm,133.04339349269867,23200000
prediction_orientation_error_deg,0,23200000
prediction_position_error_mm,145.3149914741516,23300000
prediction_orientation_error_deg,0,23300000
owd_uplink_ms,49.129,23400000
owd_downlink_ms,49.4759,23400000
correction_magnitude_mm,87.53317594528198,22900154
correction_magnitude_deg,0,22900154
owd_uplink_ms,50.7616,23400000
owd_downlink_ms,50.0061,23400000
prediction_position_error_mm,127.76510417461395,23400000
prediction_orientation_error_deg,0,23400000
prediction_position_error_mm,141.74522459506989,23500000
prediction_orientation_error_deg,0,23500000
owd_uplink_ms,50.4271,23600000
owd_downlink_ms,49.7922,23600000
correction_magnitude_mm,85.88314801454544,23098417
correction_magnitude_deg,0,23098417
prediction_position_error_mm,126.58704817295074,23600000
prediction_orientation_error_deg,0,23600000
owd_uplink_ms,50.5663,23700000
owd_downlink_ms,49.7507,23700000
correction_magnitude_mm,75.53260028362274,23197398
correction_magnitude_deg,0,23197398
prediction_position_error_mm,105.21683096885681,23700000
prediction_orientation_error_deg,0,23700000
owd_uplink_ms,49.5763,23800000
owd_downlink_ms,50.387,23800000
correction_magnitude_mm,52.94713377952576,23198412
correction_magnitude_deg,0,23198412
prediction_position_error_mm,545.7457304000854,23800000
prediction_orientation_error_deg,0,23800000
prediction_position_error_mm,642.4859166145325,23900000
prediction_orientation_error_deg,0,23900000
owd_uplink_ms,50.1459,24000000
owd_downlink_ms,50.9812,24000000
correction_magnitude_mm,160.93306243419647,23399457
correction_magnitude_deg,0,23399457
owd_uplink_ms,50.2423,24000000
owd_downlink_ms,49.8201,24000000
correction_magnitude_mm,206.65909349918365,23498930
correction_magnitude_deg,0,23498930
prediction_position_error_mm,586.536705493927,24000000
prediction_orientation_error_deg,0,24000000
owd_uplink_ms,49.2638,24100000
owd_downlink_ms,49.951,24100000
correction_magnitude_mm,230.58028519153595,23599789
correction_magnitude_deg,0,23599789
prediction_position_error_mm,571.128785610199,24100000
prediction_orientation_error_deg,0,24100000
owd_uplink_ms,50.2679,24200000
owd_downlink_ms,50.5911,24200000
correction_magnitude_mm,161.74742579460144,23600193
correction_magnitude_deg,0,23600193
owd_uplink_ms,49.174,24200000
owd_downlink_ms,49.3886,24200000
correction_magnitude_mm,10.042423382401466,23700461
correction_magnitude_deg,0,23700461
prediction_position_error_mm,505.69814443588257,24200000
prediction_orientation_error_deg,0,24200000
owd_uplink_ms,49.9308,24300000
owd_downlink_ms,49.8275,24300000
correction_magnitude_mm,96.24844789505005,23800331
correction_magnitude_deg,0,23800331
prediction_position_error_mm,565.7301545143127,24300000
prediction_orientation_error_deg,0,24300000
owd_uplink_ms,49.3302,24400000
owd_downlink_ms,49.8232,24400000
correction_magnitude_mm,168.31253468990326,23900947
correction_magnitude_deg,0,23900947
prediction_position_error_mm,590.684175491333,24400000
prediction_orientation_error_deg,0,24400000
prediction_position_error_mm,686.1903667449951,24500000
prediction_orientation_error_deg,0,24500000
prediction_position_error_mm,781.7310094833374,24600000
prediction_orientation_error_deg,0,24600000
owd_uplink_ms,50.5762,24700000
owd_downlink_ms,50.7916,24700000
correction_magnitude_mm,305.4972290992737,24101216
correction_magnitude_deg,0,24101216
owd_uplink_ms,50.7522,24700000
owd_downlink_ms,49.9187,24700000
correction_magnitude_mm,303.7598729133606,24200174
correction_magnitude_deg,0,24200174
prediction_position_error_mm,624.6459484100342,24700000
prediction_orientation_error_deg,0,24700000
owd_uplink_ms,50.4429,24800000
owd_downlink_ms,49.4788,24800000
correction_magnitude_mm,293.34017634391785,24298970
correction_magnitude_deg,0,24298970
prediction_position_error_mm,570.2926516532898,24800000
prediction_orientation_error_deg,0,24800000
owd_uplink_ms,50.4945,24900000
owd_downlink_ms,49.992,24900000
correction_magnitude_mm,277.68200635910034,24398343
correction_magnitude_deg,0,24398343
prediction_position_error_mm,521.4998126029968,24900000
prediction_orientation_error_deg,0,24900000
prediction_position_error_mm,586.1321687698364,25000000
prediction_orientation_error_deg,0,25000000
owd_uplink_ms,50.7735,25100000
owd_downlink_ms,50.4944,25100000
correction_magnitude_mm,258.5960030555725,24497995
correction_magnitude_deg,0,24497995
prediction_position_error_mm,526.3538360595703,25100000
prediction_orientation_error_deg,0,25100000
owd_uplink_ms,50.1918,25200000
owd_downlink_ms,50.6455,25200000
correction_magnitude_mm,237.99927532672882,24598562
correction_magnitude_deg,0,24598562
owd_uplink_ms,50.6306,25200000
owd_downlink_ms,49.3842,25200000
correction_magnitude_mm,219.05317902565002,24697004
correction_magnitude_deg,0,24697004
prediction_position_error_mm,366.1643862724304,25200000
prediction_orientation_error_deg,0,25200000
owd_uplink_ms,48.9774,25300000
owd_downlink_ms,50.4886,25300000
correction_magnitude_mm,154.08194065093994,24698894
correction_magnitude_deg,0,24698894
prediction_position_error_mm,471.1284041404724,25300000
prediction_orientation_error_deg,0,25300000
prediction_position_error_mm,571.1011290550232,25400000
prediction_orientation_error_deg,0,25400000
owd_uplink_ms,49.7443,25500000
owd_downlink_ms,50.0878,25500000
correction_magnitude_mm,85.33897995948792,24899324
correction_magnitude_deg,0,24899324
owd_uplink_ms,50.7774,25500000
owd_downlink_ms,50.4358,25500000
prediction_position_error_mm,634.0311169624329,25500000
prediction_orientation_error_deg,0,25500000
owd_uplink_ms,49.462,25600000
owd_downlink_ms,50.7603,25600000
correction_magnitude_mm,155.96523880958557,25000520
correction_magnitude_deg,0,25000520
owd_uplink_ms,49.5329,25600000
owd_downlink_ms,49.4131,25600000
correction_magnitude_mm,199.42867755889893,25100370
correction_magnitude_deg,0,25100370
prediction_position_error_mm,560.8165264129639,25600000
prediction_orientation_error_deg,0,25600000
prediction_position_error_mm,645.0333595275879,25700000
prediction_orientation_error_deg,0,25700000
owd_uplink_ms,50.8866,25800000
owd_downlink_ms,49.7523,25800000
correction_magnitude_mm,307.062029838562,25298953
correction_magnitude_deg,0,25298953
owd_uplink_ms,49.0119,25800000
owd_downlink_ms,49.8831,25800000
correction_magnitude_mm,215.8520668745041,25300042
correction_magnitude_deg,0,25300042
prediction_position_error_mm,368.1282103061676,25800000
prediction_orientation_error_deg,0,25800000
prediction_position_error_mm,472.0616638660431,25900000
prediction_orientation_error_deg,0,25900000
prediction_position_error_mm,572.0279812812805,26000000
prediction_orientation_error_deg,0,26000000
owd_uplink_ms,50.1814,26100000
owd_downlink_ms,50.0986,26100000
correction_magnitude_mm,52.58647724986076,25499939
correction_magnitude_deg,0,25499939
owd_uplink_ms,50.4438,26100000
owd_downlink_ms,49.2341,26100000
correction_magnitude_mm,142.23375916481018,25598427
correction_magnitude_deg,0,25598427
prediction_position_error_mm,595.1120257377625,26100000
prediction_orientation_error_deg,0,26100000
owd_uplink_ms,49.5178,26200000
owd_downlink_ms,50.6497,26200000
correction_magnitude_mm,100.90497881174088,25599842
correction_magnitude_deg,0,25599842
owd_uplink_ms,49.2296,26200000
owd_downlink_ms,49.2768,26200000
correction_magnitude_mm,25.452788919210434,25699901
correction_magnitude_deg,0,25699901
prediction_position_error_mm,497.80938029289246,26200000
prediction_orientation_error_deg,0,26200000
prediction_position_error_mm,588.761031627655,26300000
prediction_orientation_error_deg,0,26300000
owd_uplink_ms,49.9216,26400000
owd_downlink_ms,50.7464,26400000
correction_magnitude_mm,114.04512822628021,25800932
correction_magnitude_deg,0,25800932
prediction_position_error_mm,629.3063759803772,26400000
prediction_orientation_error_deg,0,26400000
owd_uplink_ms,50.0081,26500000
owd_downlink_ms,50.593,26500000
correction_magnitude_mm,172.32917249202728,25901662
correction_magnitude_deg,0,25901662
prediction_position_error_mm,638.5309100151062,26500000
prediction_orientation_error_deg,0,26500000
prediction_position_error_mm,725.0044941902161,26600000
prediction_orientation_error_deg,0,26600000
owd_uplink_ms,50.3578,26700000
owd_downlink_ms,50.0454,26700000
correction_magnitude_mm,293.52229833602905,26101271
correction_magnitude_deg,0,26101271
owd_uplink_ms,50.042,26700000
owd_downlink_ms,50.3348,26700000
correction_magnitude_mm,205.78140020370483,26101637
correction_magnitude_deg,0,26101637
prediction_position_error_mm,479.5640707015991,26700000
prediction_orientation_error_deg,0,26700000
owd_uplink_ms,50.9852,26800000
owd_downlink_ms,49.8193,26800000
correction_magnitude_mm,62.88269907236099,26300179
correction_magnitude_deg,0,26300179
prediction_position_error_mm,555.9445023536682,26800000
prediction_orientation_error_deg,0,26800000
owd_uplink_ms,50.0798,26900000
owd_downlink_ms,50.7224,26900000
correction_magnitude_mm,44.81157287955284,26300982
correction_magnitude_deg,0,26300982
prediction_position_error_mm,354.28494215011597,26900000
prediction_orientation_error_deg,0,26900000
owd_uplink_ms,50.1098,27000000
owd_downlink_ms,50.5485,27000000
correction_magnitude_mm,33.599283546209335,26401530
correction_magnitude_deg,0,26401530
owd_uplink_ms,49.8216,27000000
owd_downlink_ms,49.1433,27000000
correction_magnitude_mm,86.31641417741776,26500682
correction_magnitude_deg,0,26500682
prediction_position_error_mm,363.59208822250366,27000000
prediction_orientation_error_deg,0,27000000
prediction_position_error_mm,424.24461245536804,27100000
prediction_orientation_error_deg,0,27100000
owd_uplink_ms,49.94,27200000
owd_downlink_ms,50.4867,27200000
correction_magnitude_mm,121.63624912500381,26601365
correction_magnitude_deg,0,26601365
owd_uplink_ms,49.1746,27200000
owd_downlink_ms,49.3049,27200000
correction_magnitude_mm,142.36855506896973,26701527
correction_magnitude_deg,0,26701527
prediction_position_error_mm,362.72263526916504,27200000
prediction_orientation_error_deg,0,27200000
prediction_position_error_mm,420.08042335510254,27300000
prediction_orientation_error_deg,0,27300000
owd_uplink_ms,50.6417,27400000
owd_downlink_ms,49.5246,27400000
correction_magnitude_mm,204.50370013713837,26900130
correction_magnitude_deg,0,26900130
owd_uplink_ms,49.0764,27400000
owd_downlink_ms,49.49,27400000
correction_magnitude_mm,143.4326022863388,26900646
correction_magnitude_deg,0,26900646
prediction_position_error_mm,417.3986315727234,27400000
prediction_orientation_error_deg,0,27400000
owd_uplink_ms,49.1733,27500000
owd_downlink_ms,49.6022,27500000
prediction_position_error_mm,524.650514125824,27500000
prediction_orientation_error_deg,0,27500000
prediction_position_error_mm,629.2208433151245,27600000
prediction_orientation_error_deg,0,27600000
owd_uplink_ms,49.735,27700000
owd_downlink_ms,49.9254,27700000
correction_magnitude_mm,108.00416767597198,27101419
correction_magnitude_deg,0,27101419
owd_uplink_ms,49.5124,27700000
owd_downlink_ms,49.2408,27700000
correction_magnitude_mm,176.5238642692566,27201079
correction_magnitude_deg,0,27201079
prediction_position_error_mm,597.854495048523,27700000
prediction_orientation_error_deg,0,27700000
prediction_position_error_mm,693.8994526863098,27800000
prediction_orientation_error_deg,0,27800000
prediction_position_error_mm,789.9646162986755,27900000
prediction_orientation_error_deg,0,27900000
owd_uplink_ms,50.3152,28000000
owd_downlink_ms,50.0218,28000000
correction_magnitude_mm,310.4957938194275,27400712
correction_magnitude_deg,0,27400712
owd_uplink_ms,49.23,28000000
owd_downlink_ms,49.0773,28000000
correction_magnitude_mm,313.19665908813477,27500521
correction_magnitude_deg,0,27500521
owd_uplink_ms,50.5748,28000000
owd_downlink_ms,49.6316,28000000
prediction_position_error_mm,623.9599585533142,28000000
prediction_orientation_error_deg,0,28000000
prediction_position_error_mm,710.8025550842285,28100000
prediction_orientation_error_deg,0,28100000
owd_uplink_ms,49.5142,28200000
owd_downlink_ms,50.4233,28200000
correction_magnitude_mm,301.14883184432983,27600478
correction_magnitude_deg,0,27600478
prediction_position_error_mm,648.3325958251953,28200000
prediction_orientation_error_deg,0,28200000
prediction_position_error_mm,721.3735580444336,28300000
prediction_orientation_error_deg,0,28300000
owd_uplink_ms,50.7154,28400000
owd_downlink_ms,50.2174,28400000
correction_magnitude_mm,351.49431228637695,27799856
correction_magnitude_deg,0,27799856
prediction_position_error_mm,652.3720026016235,28400000
prediction_orientation_error_deg,0,28400000
owd_uplink_ms,50.9118,28500000
owd_downlink_ms,50.6692,28500000
correction_magnitude_mm,313.51345777511597,27899553
correction_magnitude_deg,0,27899553
prediction_position_error_mm,569.4413781166077,28500000
prediction_orientation_error_deg,0,28500000
owd_uplink_ms,50.0915,28600000
owd_downlink_ms,50.5004,28600000
correction_magnitude_mm,277.9759168624878,28000063
correction_magnitude_deg,0,28000063
prediction_position_error_mm,494.624525308609,28600000
prediction_orientation_error_deg,0,28600000
owd_uplink_ms,50.1634,28700000
owd_downlink_ms,50.4742,28700000
correction_magnitude_mm,249.5449185371399,28100451
correction_magnitude_deg,0,28100451
owd_uplink_ms,49.6016,28700000
owd_downlink_ms,50.4272,28700000
correction_magnitude_mm,175.07055401802063,28101483
correction_magnitude_deg,0,28101483
owd_uplink_ms,49.6204,28700000
owd_downlink_ms,49.1084,28700000
correction_magnitude_mm,28.051383793354034,28200843
correction_magnitude_deg,0,28200843
prediction_position_error_mm,455.09642362594604,28700000
prediction_orientation_error_deg,0,28700000
prediction_position_error_mm,550.1582622528076,28800000
prediction_orientation_error_deg,0,28800000
owd_uplink_ms,49.4468,28900000
owd_downlink_ms,49.9625,28900000
correction_magnitude_mm,76.17989182472229,28301487
correction_magnitude_deg,0,28301487
prediction_position_error_mm,613.7062311172485,28900000
prediction_orientation_error_deg,0,28900000
owd_uplink_ms,50.2149,29000000
owd_downlink_ms,49.1934,29000000
correction_magnitude_mm,242.65031516551971,28500209
correction_magnitude_deg,0,28500209
prediction_position_error_mm,610.4217767715454,29000000
prediction_orientation_error_deg,0,29000000
prediction_position_error_mm,704.4783234596252,29100000
prediction_orientation_error_deg,0,29100000
owd_uplink_ms,50.1272,29200000
owd_downlink_ms,50.095,29200000
correction_magnitude_mm,258.99264216423035,28600168
correction_magnitude_deg,0,28600168
owd_uplink_ms,50.5531,29200000
owd_downlink_ms,49.4845,29200000
correction_magnitude_mm,256.6186189651489,28698833
correction_magnitude_deg,0,28698833
prediction_position_error_mm,548.1655597686768,29200000
prediction_orientation_error_deg,0,29200000
owd_uplink_ms,49.8893,29300000
owd_downlink_ms,50.3592,29300000
correction_magnitude_mm,180.09446561336517,28699421
correction_magnitude_deg,0,28699421
prediction_position_error_mm,504.31376695632935,29300000
prediction_orientation_error_deg,0,29300000
owd_uplink_ms,49.278,29400000
owd_downlink_ms,50.3308,29400000
correction_magnitude_mm,19.863659515976906,28800736
correction_magnitude_deg,0,28800736
prediction_position_error_mm,610.2449893951416,29400000
prediction_orientation_error_deg,0,29400000
owd_uplink_ms,50.347,29500000
owd_downlink_ms,49.3449,29500000
correction_magnitude_mm,194.78289783000946,28999484
correction_magnitude_deg,0,28999484
owd_uplink_ms,49.0668,29500000
owd_downlink_ms,49.713,29500000
correction_magnitude_mm,137.13118433952332,29000291
correction_magnitude_deg,0,29000291
prediction_position_error_mm,378.66654992103577,29500000
prediction_orientation_error_deg,0,29500000
prediction_position_error_mm,478.65718603134155,29600000
prediction_orientation_error_deg,0,29600000
owd_uplink_ms,50.4828,29700000
owd_downlink_ms,49.5324,29700000
correction_magnitude_mm,92.84571558237076,29199104
correction_magnitude_deg,0,29199104
owd_uplink_ms,49.2553,29700000
owd_downlink_ms,49.5069,29700000
correction_magnitude_mm,65.3025209903717,29199419
correction_magnitude_deg,0,29199419
prediction_position_error_mm,479.959636926651,29700000
prediction_orientation_error_deg,0,29700000
prediction_position_error_mm,585.0110650062561,29800000
prediction_orientation_error_deg,0,29800000
owd_uplink_ms,49.119,29900000
owd_downlink_ms,50.3754,29900000
correction_magnitude_mm,60.854654759168625,29300989
correction_magnitude_deg,0,29300989
prediction_position_error_mm,661.0501408576965,29900000
prediction_orientation_error_deg,0,29900000
owd_uplink_ms,49.8322,30000000
owd_downlink_ms,49.7936,30000000
correction_magnitude_mm,248.97894263267517,29500940
correction_magnitude_deg,0,29500940
prediction_position_error_mm,670.9874272346497,30000000
prediction_orientation_error_deg,0,30000000
owd_uplink_ms,50.8047,30100000
owd_downlink_ms,50.4961,30100000
prediction_position_error_mm,765.4470205307007,30100000
prediction_orientation_error_deg,0,30100000
owd_uplink_ms,49.2517,30200000
owd_downlink_ms,49.6614,30200000
correction_magnitude_mm,373.40793013572693,29701065
correction_magnitude_deg,0,29701065
prediction_position_error_mm,725.043773651123,30200000
prediction_orientation_error_deg,0,30200000
owd_uplink_ms,50.5398,30300000
owd_downlink_ms,50.3653,30300000
owd_uplink_ms,49.6877,30300000
owd_downlink_ms,49.0632,30300000
correction_magnitude_mm,354.4178605079651,29800065
correction_magnitude_deg,0,29800065
prediction_position_error_mm,664.0884280204773,30300000
prediction_orientation_error_deg,0,30300000
owd_uplink_ms,49.7306,30400000
owd_downlink_ms,49.6289,30400000
correction_magnitude_mm,331.18438720703125,29899938
correction_magnitude_deg,0,29899938
prediction_position_error_mm,593.1091904640198,30400000
prediction_orientation_error_deg,0,30400000
prediction_position_error_mm,666.3951873779297,30500000
prediction_orientation_error_deg,0,30500000
owd_uplink_ms,49.2497,30600000
owd_downlink_ms,50.2193,30600000
correction_magnitude_mm,305.90781569480896,30001150
correction_magnitude_deg,0,30001150
prediction_position_error_mm,598.7414717674255,30600000
prediction_orientation_error_deg,0,30600000
prediction_position_error_mm,657.8492522239685,30700000
prediction_orientation_error_deg,0,30700000
owd_uplink_ms,50.2925,30800000
owd_downlink_ms,50.558,30800000
correction_magnitude_mm,337.63399720191956,30201481
correction_magnitude_deg,0,30201481
prediction_position_error_mm,590.5358791351318,30800000
prediction_orientation_error_deg,0,30800000
owd_uplink_ms,49.3307,30900000
owd_downlink_ms,50.0268,30900000
correction_magnitude_mm,301.0638654232025,30302350
correction_magnitude_deg,0,30302350
owd_uplink_ms,51.0132,30900000
owd_downlink_ms,50.7233,30900000
prediction_position_error_mm,505.89150190353394,30900000
prediction_orientation_error_deg,0,30900000
prediction_position_error_mm,556.1307072639465,31000000
prediction_orientation_error_deg,0,31000000
owd_uplink_ms,51.0268,31100000
owd_downlink_ms,50.3236,31100000
correction_magnitude_mm,305.4908812046051,30501108
correction_magnitude_deg,0,30501108
prediction_position_error_mm,487.11252212524414,31100000
prediction_orientation_error_deg,0,31100000
owd_uplink_ms,50.0356,31200000
owd_downlink_ms,49.9401,31200000
correction_magnitude_mm,264.52508568763733,30600988
correction_magnitude_deg,0,30600988
owd_uplink_ms,50.6939,31200000
owd_downlink_ms,50.4129,31200000
prediction_position_error_mm,410.9533131122589,31200000
prediction_orientation_error_deg,0,31200000
owd_uplink_ms,50.5253,31300000
owd_downlink_ms,49.8319,31300000
correction_magnitude_mm,254.98494505882263,30799770
correction_magnitude_deg,0,30799770
prediction_position_error_mm,347.75012731552124,31300000
prediction_orientation_error_deg,0,31300000
owd_uplink_ms,50.2276,31400000
owd_downlink_ms,50.0452,31400000
correction_magnitude_mm,212.2536301612854,30899542
correction_magnitude_deg,0,30899542
prediction_position_error_mm,291.14454984664917,31400000
prediction_orientation_error_deg,0,31400000
owd_uplink_ms,50.6336,31500000
owd_downlink_ms,49.3328,31500000
correction_magnitude_mm,175.66758394241333,30997917
correction_magnitude_deg,0,30997917
prediction_position_error_mm,239.02077972888947,31500000
prediction_orientation_error_deg,0,31500000
prediction_position_error_mm,261.1379325389862,31600000
prediction_orientation_error_deg,0,31600000
owd_uplink_ms,50.0208,31700000
owd_downlink_ms,50.2824,31700000
correction_magnitude_mm,145.1229602098465,31098244
correction_magnitude_deg,0,31098244
owd_uplink_ms,49.0851,31700000
owd_downlink_ms,49.3987,31700000
correction_magnitude_mm,124.55839663743973,31198637
correction_magnitude_deg,0,31198637
owd_uplink_ms,50.7322,31700000
owd_downlink_ms,49.733,31700000
prediction_position_error_mm,157.5787365436554,31700000
prediction_orientation_error_deg,0,31700000
prediction_position_error_mm,171.63614928722382,31800000
prediction_orientation_error_deg,0,31800000
owd_uplink_ms,50.5108,31900000
owd_downlink_ms,49.6778,31900000
correction_magnitude_mm,115.08788168430328,31396347
correction_magnitude_deg,0,31396347
owd_uplink_ms,49.5602,31900000
owd_downlink_ms,49.9233,31900000
correction_magnitude_mm,80.59392869472504,31396801
correction_magnitude_deg,0,31396801
prediction_position_error_mm,426.1154234409332,31900000
prediction_orientation_error_deg,0,31900000
owd_uplink_ms,49.2754,32000000
owd_downlink_ms,49.634,32000000
correction_magnitude_mm,38.87513652443886,31497250
correction_magnitude_deg,0,31497250
prediction_position_error_mm,503.4502148628235,32000000
prediction_orientation_error_deg,0,32000000
prediction_position_error_mm,591.9618010520935,32100000
prediction_orientation_error_deg,0,32100000
owd_uplink_ms,49.4858,32200000
owd_downlink_ms,50.7987,32200000
correction_magnitude_mm,122.50683456659317,31598892
correction_magnitude_deg,0,31598892
owd_uplink_ms,49.6871,32200000
owd_downlink_ms,49.6867,32200000
correction_magnitude_mm,175.8110523223877,31698892
correction_magnitude_deg,0,31698892
prediction_position_error_mm,553.1352758407593,32200000
prediction_orientation_error_deg,0,32200000
prediction_position_error_mm,637.9193663597107,32300000
prediction_orientation_error_deg,0,32300000
owd_uplink_ms,50.0052,32400000
owd_downlink_ms,50.979,32400000
correction_magnitude_mm,208.94378423690796,31800109
correction_magnitude_deg,0,31800109
prediction_position_error_mm,622.8715777397156,32400000
prediction_orientation_error_deg,0,32400000
owd_uplink_ms,50.7593,32500000
owd_downlink_ms,49.5256,32500000
correction_magnitude_mm,307.3091506958008,31998567
correction_magnitude_deg,0,31998567
prediction_position_error_mm,580.828607082367,32500000
prediction_orientation_error_deg,0,32500000
prediction_position_error_mm,654.7850370407104,32600000
prediction_orientation_error_deg,0,32600000
owd_uplink_ms,50.2298,32700000
owd_downlink_ms,50.429,32700000
correction_magnitude_mm,284.095823764801,32098816
correction_magnitude_deg,0,32098816
owd_uplink_ms,49.5285,32700000
owd_downlink_ms,50.4736,32700000
correction_magnitude_mm,199.70157742500305,32099998
correction_magnitude_deg,0,32099998
prediction_position_error_mm,485.9852194786072,32700000
prediction_orientation_error_deg,0,32700000
owd_uplink_ms,50.1536,32800000
owd_downlink_ms,49.667,32800000
correction_magnitude_mm,64.75960463285446,32299390
correction_magnitude_deg,0,32299390
prediction_position_error_mm,571.9719529151917,32800000
prediction_orientation_error_deg,0,32800000
prediction_position_error_mm,670.9911227226257,32900000
prediction_orientation_error_deg,0,32900000
owd_uplink_ms,50.0429,33000000
owd_downlink_ms,50.2345,33000000
correction_magnitude_mm,149.7531235218048,32399630
correction_magnitude_deg,0,32399630
owd_uplink_ms,49.6595,33000000
owd_downlink_ms,49.5733,33000000
correction_magnitude_mm,209.58654582500458,32499523
correction_magnitude_deg,0,32499523
prediction_position_error_mm,608.9428067207336,33000000
prediction_orientation_error_deg,0,33000000
owd_uplink_ms,50.0688,33100000
owd_downlink_ms,50.7149,33100000
correction_magnitude_mm,147.42262661457062,32500330
correction_magnitude_deg,0,32500330
owd_uplink_ms,49.8814,33100000
owd_downlink_ms,49.4219,33100000
correction_magnitude_mm,8.956443518400192,32599756
correction_magnitude_deg,0,32599756
prediction_position_error_mm,473.40264916419983,33100000
prediction_orientation_error_deg,0,33100000
prediction_position_error_mm,563.1475448608398,33200000
prediction_orientation_error_deg,0,33200000
owd_uplink_ms,50.4808,33300000
owd_downlink_ms,50.0046,33300000
correction_magnitude_mm,182.85371363162994,32799161
correction_magnitude_deg,0,32799161
prediction_position_error_mm,594.5087671279907,33300000
prediction_orientation_error_deg,0,33300000
owd_uplink_ms,49.7149,33400000
owd_downlink_ms,50.0862,33400000
correction_magnitude_mm,128.44879925251007,32799625
correction_magnitude_deg,0,32799625
prediction_position_error_mm,536.0981822013855,33400000
prediction_orientation_error_deg,0,33400000
prediction_position_error_mm,646.3096141815186,33500000
prediction_orientation_error_deg,0,33500000
owd_uplink_ms,50.5728,33600000
owd_downlink_ms,50.7529,33600000
correction_magnitude_mm,115.44908583164215,32999850
correction_magnitude_deg,0,32999850
owd_uplink_ms,50.0475,33600000
owd_downlink_ms,49.5179,33600000
correction_magnitude_mm,183.5692971944809,33099189
correction_magnitude_deg,0,33099189
prediction_position_error_mm,618.4541583061218,33600000
prediction_orientation_error_deg,0,33600000
prediction_position_error_mm,721.3578820228577,33700000
prediction_orientation_error_deg,0,33700000
owd_uplink_ms,49.3642,33800000
owd_downlink_ms,50.2807,33800000
correction_magnitude_mm,232.54315555095673,33200334
correction_magnitude_deg,0,33200334
owd_uplink_ms,50.3309,33800000
owd_downlink_ms,50.5934,33800000
correction_magnitude_mm,163.0616933107376,33200662
correction_magnitude_deg,0,33200662
prediction_position_error_mm,454.6070098876953,33800000
prediction_orientation_error_deg,0,33800000
prediction_position_error_mm,549.540102481842,33900000
prediction_orientation_error_deg,0,33900000
owd_uplink_ms,50.8866,34000000
owd_downlink_ms,50.6758,34000000
correction_magnitude_mm,80.47324419021606,33400398
correction_magnitude_deg,0,33400398
owd_uplink_ms,49.7106,34000000
owd_downlink_ms,49.9234,34000000
correction_magnitude_mm,145.17797529697418,33500664
correction_magnitude_deg,0,33500664
prediction_position_error_mm,547.8518009185791,34000000
prediction_orientation_error_deg,0,34000000
owd_uplink_ms,50.7304,34100000
owd_downlink_ms,50.6387,34100000
prediction_position_error_mm,637.2540593147278,34100000
prediction_orientation_error_deg,0,34100000
owd_uplink_ms,50.7424,34200000
owd_downlink_ms,49.9704,34200000
correction_magnitude_mm,279.3174386024475,33699585
correction_magnitude_deg,0,33699585
prediction_position_error_mm,626.8225908279419,34200000
prediction_orientation_error_deg,0,34200000
owd_uplink_ms,49.1279,34300000
owd_downlink_ms,50.2851,34300000
correction_magnitude_mm,196.82690501213074,33701031
correction_magnitude_deg,0,33701031
owd_uplink_ms,49.6169,34300000
owd_downlink_ms,49.1407,34300000
correction_magnitude_mm,33.31054747104645,33800435
correction_magnitude_deg,0,33800435
prediction_position_error_mm,501.44726037979126,34300000
prediction_orientation_error_deg,0,34300000
prediction_position_error_mm,601.4429926872253,34400000
prediction_orientation_error_deg,0,34400000
owd_uplink_ms,49.4174,34500000
owd_downlink_ms,50.507,34500000
correction_magnitude_mm,83.11284333467484,33901797
correction_magnitude_deg,0,33901797
prediction_position_error_mm,671.792209148407,34500000
prediction_orientation_error_deg,0,34500000
owd_uplink_ms,49.4727,34600000
owd_downlink_ms,49.8462,34600000
correction_magnitude_mm,161.22311353683472,34002263
correction_magnitude_deg,0,34002263
prediction_position_error_mm,697.1656084060669,34600000
prediction_orientation_error_deg,0,34600000
owd_uplink_ms,50.245,34700000
owd_downlink_ms,50.6155,34700000
correction_magnitude_mm,211.04946732521057,34102725
correction_magnitude_deg,0,34102725
prediction_position_error_mm,688.9309883117676,34700000
prediction_orientation_error_deg,0,34700000
owd_uplink_ms,50.5613,34800000
owd_downlink_ms,49.6263,34800000
correction_magnitude_mm,329.6147286891937,34301556
correction_magnitude_deg,0,34301556
prediction_position_error_mm,661.595344543457,34800000
prediction_orientation_error_deg,0,34800000
owd_uplink_ms,49.8527,34900000
owd_downlink_ms,50.6279,34900000
correction_magnitude_mm,231.5187007188797,34302524
correction_magnitude_deg,0,34302524
prediction_position_error_mm,410.5241000652313,34900000
prediction_orientation_error_deg,0,34900000
owd_uplink_ms,50.1598,35000000
owd_downlink_ms,49.2771,35000000
correction_magnitude_mm,26.869695633649826,34501420
correction_magnitude_deg,0,34501420
owd_uplink_ms,49.3644,35000000
owd_downlink_ms,49.6489,35000000
correction_magnitude_mm,19.161811098456383,34501775
correction_magnitude_deg,0,34501775
prediction_position_error_mm,318.329393863678,35000000
prediction_orientation_error_deg,0,35000000
owd_uplink_ms,50.0184,35100000
owd_downlink_ms,49.5796,35100000
correction_magnitude_mm,53.82567644119263,34601226
correction_magnitude_deg,0,34601226
prediction_position_error_mm,361.57822608947754,35100000
prediction_orientation_error_deg,0,35100000
prediction_position_error_mm,427.43435502052307,35200000
prediction_orientation_error_deg,0,35200000
owd_uplink_ms,49.8486,35300000
owd_downlink_ms,49.1884,35300000
correction_magnitude_mm,168.9824014902115,34800400
correction_magnitude_deg,0,34800400
owd_uplink_ms,50.5802,35300000
owd_downlink_ms,50.0039,35300000
prediction_position_error_mm,434.6087872982025,35300000
prediction_orientation_error_deg,0,35300000
prediction_position_error_mm,497.87330627441406,35400000
prediction_orientation_error_deg,0,35400000
prediction_position_error_mm,556.4092993736267,35500000
prediction_orientation_error_deg,0,35500000
owd_uplink_ms,50.6944,35600000
owd_downlink_ms,50.8113,35600000
correction_magnitude_mm,239.83179032802582,34999827
correction_magnitude_deg,0,34999827
prediction_position_error_mm,530.7514071464539,35600000
prediction_orientation_error_deg,0,35600000
owd_uplink_ms,50.8042,35700000
owd_downlink_ms,50.5582,35700000
correction_magnitude_mm,227.43092477321625,35099520
correction_magnitude_deg,0,35099520
prediction_position_error_mm,481.0329079627991,35700000
prediction_orientation_error_deg,0,35700000
owd_uplink_ms,50.2942,35800000
owd_downlink_ms,50.6655,35800000
correction_magnitude_mm,212.28455007076263,35199985
correction_magnitude_deg,0,35199985
owd_uplink_ms,49.2197,35800000
owd_downlink_ms,49.519,35800000
correction_magnitude_mm,200.0090628862381,35300358
correction_magnitude_deg,0,35300358
prediction_position_error_mm,342.1861529350281,35800000
prediction_orientation_error_deg,0,35800000
owd_uplink_ms,50.9228,35900000
owd_downlink_ms,50.6339,35900000
owd_uplink_ms,49.9487,35900000
owd_downlink_ms,49.5751,35900000
correction_magnitude_mm,180.20634353160858,35399531
correction_magnitude_deg,0,35399531
prediction_position_error_mm,296.60874605178833,35900000
prediction_orientation_error_deg,0,35900000
prediction_position_error_mm,336.1881673336029,36000000
prediction_orientation_error_deg,0,36000000
owd_uplink_ms,49.8613,36100000
owd_downlink_ms,49.4388,36100000
correction_magnitude_mm,196.02340459823608,35599004
correction_magnitude_deg,0,35599004
owd_uplink_ms,50.2251,36100000
owd_downlink_ms,49.8206,36100000
prediction_position_error_mm,297.5296080112457,36100000
prediction_orientation_error_deg,0,36100000
prediction_position_error_mm,329.47999238967896,36200000
prediction_orientation_error_deg,0,36200000
owd_uplink_ms,49.4431,36300000
owd_downlink_ms,50.734,36300000
correction_magnitude_mm,169.56469416618347,35700112
correction_magnitude_deg,0,35700112
owd_uplink_ms,49.3405,36300000
owd_downlink_ms,49.4151,36300000
correction_magnitude_mm,145.7119733095169,35800205
correction_magnitude_deg,0,35800205
prediction_position_error_mm,210.25972068309784,36300000
prediction_orientation_error_deg,0,36300000
prediction_position_error_mm,237.32909560203552,36400000
prediction_orientation_error_deg,0,36400000
owd_uplink_ms,50.0955,36500000
owd_downlink_ms,49.2278,36500000
correction_magnitude_mm,147.00497686862946,35999121
correction_magnitude_deg,0,35999121
prediction_position_error_mm,204.61243391036987,36500000
prediction_orientation_error_deg,0,36500000
owd_uplink_ms,49.3015,36600000
owd_downlink_ms,50.2821,36600000
correction_magnitude_mm,103.09641808271408,36000346
correction_magnitude_deg,0,36000346
prediction_position_error_mm,500.1761317253113,36600000
prediction_orientation_error_deg,0,36600000
owd_uplink_ms,49.9241,36700000
owd_downlink_ms,50.5883,36700000
correction_magnitude_mm,24.0667462348938,36101176
correction_magnitude_deg,0,36101176
prediction_position_error_mm,588.6633992195129,36700000
prediction_orientation_error_deg,0,36700000
owd_uplink_ms,49.8062,36800000
owd_downlink_ms,49.9687,36800000
correction_magnitude_mm,111.74563318490982,36201379
correction_magnitude_deg,0,36201379
prediction_position_error_mm,629.919707775116,36800000
prediction_orientation_error_deg,0,36800000
owd_uplink_ms,49.5308,36900000
owd_downlink_ms,48.9691,36900000
correction_magnitude_mm,260.31893491744995,36400676
correction_magnitude_deg,0,36400676
prediction_position_error_mm,623.7417459487915,36900000
prediction_orientation_error_deg,0,36900000
owd_uplink_ms,50.2788,37000000
owd_downlink_ms,50.0784,37000000
owd_uplink_ms,49.3414,37000000
owd_downlink_ms,49.8142,37000000
correction_magnitude_mm,270.03487944602966,36501016
correction_magnitude_deg,0,36501016
prediction_position_error_mm,585.6315493583679,37000000
prediction_orientation_error_deg,0,37000000
prediction_position_error_mm,665.1933789253235,37100000
prediction_orientation_error_deg,0,37100000
owd_uplink_ms,50.0561,37200000
owd_downlink_ms,50.0881,37200000
correction_magnitude_mm,268.50488781929016,36601056
correction_magnitude_deg,0,36601056
prediction_position_error_mm,616.0017251968384,37200000
prediction_orientation_error_deg,0,37200000
owd_uplink_ms,50.2214,37300000
owd_downlink_ms,49.7005,37300000
correction_magnitude_mm,334.76489782333374,36800404
correction_magnitude_deg,0,36800404
prediction_position_error_mm,566.2919878959656,37300000
prediction_orientation_error_deg,0,37300000
owd_uplink_ms,50.3148,37400000
owd_downlink_ms,49.5407,37400000
correction_magnitude_mm,300.05180835723877,36899437
correction_magnitude_deg,0,36899437
prediction_position_error_mm,492.99588799476624,37400000
prediction_orientation_error_deg,0,37400000
prediction_position_error_mm,550.4782795906067,37500000
prediction_orientation_error_deg,0,37500000
owd_uplink_ms,50.8162,37600000
owd_downlink_ms,50.6179,37600000
correction_magnitude_mm,262.817919254303,36999190
correction_magnitude_deg,0,36999190
owd_uplink_ms,50.0074,37600000
owd_downlink_ms,50.8951,37600000
correction_magnitude_mm,184.56976115703583,37000299
correction_magnitude_deg,0,37000299
owd_uplink_ms,49.1084,37600000
owd_downlink_ms,49.4187,37600000
correction_magnitude_mm,24.45363812148571,37100686
correction_magnitude_deg,0,37100686
prediction_position_error_mm,499.46919083595276,37600000
prediction_orientation_error_deg,0,37600000
prediction_position_error_mm,607.9519391059875,37700000
prediction_orientation_error_deg,0,37700000
owd_uplink_ms,49.7981,37800000
owd_downlink_ms,50.4293,37800000
correction_magnitude_mm,88.04353326559067,37201474
correction_magnitude_deg,0,37201474
prediction_position_error_mm,670.052707195282,37800000
prediction_orientation_error_deg,0,37800000
prediction_position_error_mm,771.6025114059448,37900000
prediction_orientation_error_deg,0,37900000
owd_uplink_ms,50.335,38000000
owd_downlink_ms,50.0245,38000000
correction_magnitude_mm,264.64027166366577,37401085
correction_magnitude_deg,0,37401085
owd_uplink_ms,49.5937,38000000
owd_downlink_ms,50.453,38000000
correction_magnitude_mm,186.2512230873108,37402159
correction_magnitude_deg,0,37402159
prediction_position_error_mm,446.31293416023254,38000000
prediction_orientation_error_deg,0,38000000
owd_uplink_ms,49.5911,38100000
owd_downlink_ms,50.6416,38100000
correction_magnitude_mm,33.35828334093094,37503472
correction_magnitude_deg,0,37503472
prediction_position_error_mm,548.0514764785767,38100000
prediction_orientation_error_deg,0,38100000
owd_uplink_ms,49.781,38200000
owd_downlink_ms,49.2026,38200000
correction_magnitude_mm,167.4504429101944,37702748
correction_magnitude_deg,0,37702748
prediction_position_error_mm,585.2758884429932,38200000
prediction_orientation_error_deg,0,38200000
owd_uplink_ms,50.5884,38300000
owd_downlink_ms,50.3561,38300000
prediction_position_error_mm,674.6053695678711,38300000
prediction_orientation_error_deg,0,38300000
owd_uplink_ms,49.3835,38400000
owd_downlink_ms,49.7447,38400000
correction_magnitude_mm,210.64598858356476,37802908
correction_magnitude_deg,0,37802908
prediction_position_error_mm,667.1848297119141,38400000
prediction_orientation_error_deg,0,38400000
owd_uplink_ms,49.722,38500000
owd_downlink_ms,49.8654,38500000
correction_magnitude_mm,234.6085011959076,37903087
correction_magnitude_deg,0,37903087
prediction_position_error_mm,642.0311331748962,38500000
prediction_orientation_error_deg,0,38500000
owd_uplink_ms,50.9291,38600000
owd_downlink_ms,49.2685,38600000
correction_magnitude_mm,322.49802350997925,38101011
correction_magnitude_deg,0,38101011
prediction_position_error_mm,605.0300598144531,38600000
prediction_orientation_error_deg,0,38600000
owd_uplink_ms,49.4766,38700000
owd_downlink_ms,50.1477,38700000
correction_magnitude_mm,226.41271352767944,38101849
correction_magnitude_deg,0,38101849
prediction_position_error_mm,459.81553196907043,38700000
prediction_orientation_error_deg,0,38700000
prediction_position_error_mm,567.6707029342651,38800000
prediction_orientation_error_deg,0,38800000
owd_uplink_ms,50.5053,38900000
owd_downlink_ms,49.9989,38900000
correction_magnitude_mm,49.05096814036369,38301215
correction_magnitude_deg,0,38301215
owd_uplink_ms,49.4725,38900000
owd_downlink_ms,50.0593,38900000
correction_magnitude_mm,35.06277874112129,38301948
correction_magnitude_deg,0,38301948
owd_uplink_ms,49.7306,38900000
owd_downlink_ms,49.5417,38900000
correction_magnitude_mm,15.843966975808144,38401711
correction_magnitude_deg,0,38401711
prediction_position_error_mm,210.10220050811768,38900000
prediction_orientation_error_deg,0,38900000
owd_uplink_ms,49.839,39000000
owd_downlink_ms,49.498,39000000
correction_magnitude_mm,50.75376853346825,38501284
correction_magnitude_deg,0,38501284
prediction_position_error_mm,231.2372475862503,39000000
prediction_orientation_error_deg,0,39000000
prediction_position_error_mm,269.7701156139374,39100000
prediction_orientation_error_deg,0,39100000
owd_uplink_ms,50.259,39200000
owd_downlink_ms,49.8215,39200000
correction_magnitude_mm,116.14992469549179,38700737
correction_magnitude_deg,0,38700737
prediction_position_error_mm,264.7707164287567,39200000
prediction_orientation_error_deg,0,39200000
owd_uplink_ms,49.9635,39300000
owd_downlink_ms,49.3969,39300000
correction_magnitude_mm,113.71587216854095,38800028
correction_magnitude_deg,0,38800028
prediction_position_error_mm,250.33101439476013,39300000
prediction_orientation_error_deg,0,39300000
owd_uplink_ms,50.3048,39400000
owd_downlink_ms,50.3677,39400000
correction_magnitude_mm,79.63016629219055,38800106
correction_magnitude_deg,0,38800106
prediction_position_error_mm,563.5926127433777,39400000
prediction_orientation_error_deg,0,39400000
owd_uplink_ms,50.102,39500000
owd_downlink_ms,50.852,39500000
correction_magnitude_mm,49.15214702486992,38901043
correction_magnitude_deg,0,38901043
prediction_position_error_mm,643.883466720581,39500000
prediction_orientation_error_deg,0,39500000
prediction_position_error_mm,746.1736798286438,39600000
prediction_orientation_error_deg,0,39600000
owd_uplink_ms,50.9529,39700000
owd_downlink_ms,50.8465,39700000
correction_magnitude_mm,235.27401685714722,39100910
correction_magnitude_deg,0,39100910
owd_uplink_ms,50.7872,39700000
owd_downlink_ms,49.5671,39700000
correction_magnitude_mm,262.13905215263367,39199385
correction_magnitude_deg,0,39199385
prediction_position_error_mm,638.069212436676,39700000
prediction_orientation_error_deg,0,39700000
prediction_position_error_mm,728.7711501121521,39800000
prediction_orientation_error_deg,0,39800000
owd_uplink_ms,50.5403,39900000
owd_downlink_ms,50.3686,39900000
correction_magnitude_mm,274.18750524520874,39299171
correction_magnitude_deg,0,39299171
prediction_position_error_mm,687.6528263092041,39900000
prediction_orientation_error_deg,0,39900000
owd_uplink_ms,50.8328,40000000
owd_downlink_ms,50.953,40000000
correction_magnitude_mm,274.64914321899414,39399322
correction_magnitude_deg,0,39399322
prediction_position_error_mm,641.7984366416931,40000000
prediction_orientation_error_deg,0,40000000
owd_uplink_ms,50.6692,40100000
owd_downlink_ms,50.3036,40100000
correction_magnitude_mm,266.26941561698914,39498865
correction_magnitude_deg,0,39498865
owd_uplink_ms,50.3045,40100000
owd_downlink_ms,49.9068,40100000
correction_magnitude_mm,252.3561716079712,39598369
correction_magnitude_deg,0,39598369
prediction_position_error_mm,473.8903343677521,40100000
prediction_orientation_error_deg,0,40100000
prediction_position_error_mm,528.8074612617493,40200000
prediction_orientation_error_deg,0,40200000
owd_uplink_ms,50.1305,40300000
owd_downlink_ms,50.7869,40300000
correction_magnitude_mm,235.7342392206192,39699190
correction_magnitude_deg,0,39699190
owd_uplink_ms,50.0781,40300000
owd_downlink_ms,49.7026,40300000
correction_magnitude_mm,216.3732647895813,39798721
correction_magnitude_deg,0,39798721
prediction_position_error_mm,376.7543435096741,40300000
prediction_orientation_error_deg,0,40300000
prediction_position_error_mm,425.016850233078,40400000
prediction_orientation_error_deg,0,40400000
owd_uplink_ms,50.3343,40500000
owd_downlink_ms,50.5335,40500000
correction_magnitude_mm,196.59049808979034,39898970
correction_magnitude_deg,0,39898970
owd_uplink_ms,49.305,40500000
owd_downlink_ms,49.4534,40500000
correction_magnitude_mm,180.35857379436493,39999156
correction_magnitude_deg,0,39999156
owd_uplink_ms,50.1608,40500000
owd_downlink_ms,49.8843,40500000
prediction_position_error_mm,290.90556502342224,40500000
prediction_orientation_error_deg,0,40500000
prediction_position_error_mm,327.7301788330078,40600000
prediction_orientation_error_deg,0,40600000
owd_uplink_ms,49.1951,40700000
owd_downlink_ms,50.8862,40700000
correction_magnitude_mm,160.4151874780655,40100924
correction_magnitude_deg,0,40100924
prediction_position_error_mm,284.67920422554016,40700000
prediction_orientation_error_deg,0,40700000
prediction_position_error_mm,313.31372261047363,40800000
prediction_orientation_error_deg,0,40800000
owd_uplink_ms,50.9427,40900000
owd_downlink_ms,50.4092,40900000
correction_magnitude_mm,166.35626554489136,40300257
correction_magnitude_deg,0,40300257
owd_uplink_ms,49.4406,40900000
owd_downlink_ms,49.1054,40900000
correction_magnitude_mm,146.09970152378082,40399839
correction_magnitude_deg,0,40399839
prediction_position_error_mm,211.14222705364227,40900000
prediction_orientation_error_deg,0,40900000
owd_uplink_ms,50.01,41000000
owd_downlink_ms,50.0279,41000000
correction_magnitude_mm,102.27404534816742,40399862
correction_magnitude_deg,0,40399862
prediction_position_error_mm,512.0237469673157,41000000
prediction_orientation_error_deg,0,41000000
owd_uplink_ms,50.8188,41100000
owd_downlink_ms,49.7422,41100000
correction_magnitude_mm,120.33750116825104,40598517
correction_magnitude_deg,0,40598517
prediction_position_error_mm,563.6236071586609,41100000
prediction_orientation_error_deg,0,41100000
owd_uplink_ms,49.2133,41200000
owd_downlink_ms,50.3494,41200000
correction_magnitude_mm,85.63140034675598,40599938
correction_magnitude_deg,0,40599938
owd_uplink_ms,49.2537,41200000
owd_downlink_ms,49.2161,41200000
correction_magnitude_mm,25.927400216460228,40699892
correction_magnitude_deg,0,40699892
prediction_position_error_mm,443.28343868255615,41200000
prediction_orientation_error_deg,0,41200000
prediction_position_error_mm,528.1710624694824,41300000
prediction_orientation_error_deg,0,41300000
owd_uplink_ms,49.7615,41400000
owd_downlink_ms,50.5768,41400000
correction_magnitude_mm,104.07113283872604,40800910
correction_magnitude_deg,0,40800910
prediction_position_error_mm,563.2802844047546,41400000
prediction_orientation_error_deg,0,41400000
owd_uplink_ms,50.0582,41500000
owd_downlink_ms,50.6313,41500000
correction_magnitude_mm,155.37238121032715,40901626
correction_magnitude_deg,0,40901626
prediction_position_error_mm,570.6899166107178,41500000
prediction_orientation_error_deg,0,41500000
prediction_position_error_mm,647.7342844009399,41600000
prediction_orientation_error_deg,0,41600000
owd_uplink_ms,50.3913,41700000
owd_downlink_ms,50.1826,41700000
correction_magnitude_mm,259.9659264087677,41101365
correction_magnitude_deg,0,41101365
owd_uplink_ms,50.1649,41700000
owd_downlink_ms,49.3062,41700000
correction_magnitude_mm,257.67025351524353,41200291
correction_magnitude_deg,0,41200291
prediction_position_error_mm,507.0241689682007,41700000
prediction_orientation_error_deg,0,41700000
owd_uplink_ms,49.6845,41800000
owd_downlink_ms,50.3219,41800000
correction_magnitude_mm,180.8658093214035,41201087
correction_magnitude_deg,0,41201087
prediction_position_error_mm,454.5644521713257,41800000
prediction_orientation_error_deg,0,41800000
owd_uplink_ms,49.925,41900000
owd_downlink_ms,49.9437,41900000
correction_magnitude_mm,29.645657166838646,41301110
correction_magnitude_deg,0,41301110
owd_uplink_ms,49.8536,41900000
owd_downlink_ms,49.6008,41900000
correction_magnitude_mm,75.91366022825241,41400794
correction_magnitude_deg,0,41400794
prediction_position_error_mm,526.468813419342,41900000
prediction_orientation_error_deg,0,41900000
owd_uplink_ms,49.1727,42000000
owd_downlink_ms,49.6611,42000000
correction_magnitude_mm,148.47227931022644,41501404
correction_magnitude_deg,0,41501404
prediction_position_error_mm,554.8023581504822,42000000
prediction_orientation_error_deg,0,42000000
owd_uplink_ms,49.6271,42100000
owd_downlink_ms,49.5672,42100000
correction_magnitude_mm,194.2121535539627,41601329
correction_magnitude_deg,0,41601329
prediction_position_error_mm,558.0272674560547,42100000
prediction_orientation_error_deg,0,42100000
owd_uplink_ms,49.7986,42200000
owd_downlink_ms,49.8127,42200000
correction_magnitude_mm,220.52623331546783,41701346
correction_magnitude_deg,0,41701346
prediction_position_error_mm,543.6626672744751,42200000
prediction_orientation_error_deg,0,42200000
prediction_position_error_mm,624.505341053009,42300000
prediction_orientation_error_deg,0,42300000
owd_uplink_ms,49.5593,42400000
owd_downlink_ms,50.2456,42400000
correction_magnitude_mm,233.05173218250275,41802203
correction_magnitude_deg,0,41802203
owd_uplink_ms,50.0483,42400000
owd_downlink_ms,48.9873,42400000
correction_magnitude_mm,233.256533741951,41900876
correction_magnitude_deg,0,41900876
prediction_position_error_mm,483.3905100822449,42400000
prediction_orientation_error_deg,0,42400000
owd_uplink_ms,49.4474,42500000
owd_downlink_ms,49.005,42500000
correction_magnitude_mm,226.9616276025772,42000322
correction_magnitude_deg,0,42000322
prediction_position_error_mm,447.9089677333832,42500000
prediction_orientation_error_deg,0,42500000
prediction_position_error_mm,502.83002853393555,42600000
prediction_orientation_error_deg,0,42600000
owd_uplink_ms,49.2955,42700000
owd_downlink_ms,50.4562,42700000
correction_magnitude_mm,216.99149906635284,42101772
correction_magnitude_deg,0,42101772
owd_uplink_ms,49.3815,42700000
owd_downlink_ms,49.4588,42700000
correction_magnitude_mm,202.82095670700073,42201868
correction_magnitude_deg,0,42201868
prediction_position_error_mm,365.73317646980286,42700000
prediction_orientation_error_deg,0,42700000
prediction_position_error_mm,413.20979595184326,42800000
prediction_orientation_error_deg,0,42800000
owd_uplink_ms,50.2597,42900000
owd_downlink_ms,49.0508,42900000
correction_magnitude_mm,230.98185658454895,42400356
correction_magnitude_deg,0,42400356
prediction_position_error_mm,369.1670894622803,42900000
prediction_orientation_error_deg,0,42900000
owd_uplink_ms,50.0525,43000000
owd_downlink_ms,50.7484,43000000
correction_magnitude_mm,162.06954419612885,42401225
correction_magnitude_deg,0,42401225
prediction_position_error_mm,497.61712551116943,43000000
prediction_orientation_error_deg,0,43000000
owd_uplink_ms,49.2201,43100000
owd_downlink_ms,49.0762,43100000
correction_magnitude_mm,91.42255038022995,42601045
correction_magnitude_deg,0,42601045
prediction_position_error_mm,567.941427230835,43100000
prediction_orientation_error_deg,0,43100000
owd_uplink_ms,50.2601,43200000
owd_downlink_ms,50.169,43200000
prediction_position_error_mm,668.7997579574585,43200000
prediction_orientation_error_deg,0,43200000
owd_uplink_ms,49.6818,43300000
owd_downlink_ms,50.714,43300000
correction_magnitude_mm,166.241392493248,42702221
correction_magnitude_deg,0,42702221
prediction_position_error_mm,688.0885362625122,43300000
prediction_orientation_error_deg,0,43300000
owd_uplink_ms,50.7932,43400000
owd_downlink_ms,49.4715,43400000
correction_magnitude_mm,306.9988489151001,42900569
correction_magnitude_deg,0,42900569
prediction_position_error_mm,668.6815023422241,43400000
prediction_orientation_error_deg,0,43400000
owd_uplink_ms,49.231,43500000
owd_downlink_ms,50.0446,43500000
correction_magnitude_mm,215.80399572849274,42901585
correction_magnitude_deg,0,42901585
prediction_position_error_mm,436.19829416275024,43500000
prediction_orientation_error_deg,0,43500000
prediction_position_error_mm,532.0616364479065,43600000
prediction_orientation_error_deg,0,43600000
owd_uplink_ms,49.9906,43700000
owd_downlink_ms,50.0538,43700000
correction_magnitude_mm,44.4159097969532,43101663
correction_magnitude_deg,0,43101663
owd_uplink_ms,50.704,43700000
owd_downlink_ms,50.244,43700000
prediction_position_error_mm,614.7520542144775,43700000
prediction_orientation_error_deg,0,43700000
owd_uplink_ms,49.7088,43800000
owd_downlink_ms,50.1103,43800000
correction_magnitude_mm,128.11948359012604,43201588
correction_magnitude_deg,0,43201588
prediction_position_error_mm,648.6839652061462,43800000
prediction_orientation_error_deg,0,43800000
owd_uplink_ms,50.3836,43900000
owd_downlink_ms,49.68,43900000
correction_magnitude_mm,277.6334881782532,43400708
correction_magnitude_deg,0,43400708
prediction_position_error_mm,639.9964690208435,43900000
prediction_orientation_error_deg,0,43900000
owd_uplink_ms,50.2105,44000000
owd_downlink_ms,49.681,44000000
correction_magnitude_mm,282.9052805900574,43500046
correction_magnitude_deg,0,43500046
prediction_position_error_mm,599.9559760093689,44000000
prediction_orientation_error_deg,0,44000000
owd_uplink_ms,49.1147,44100000
owd_downlink_ms,49.6566,44100000
correction_magnitude_mm,277.2182524204254,43600723
correction_magnitude_deg,0,43600723
prediction_position_error_mm,556.5001964569092,44100000
prediction_orientation_error_deg,0,44100000
owd_uplink_ms,50.5028,44200000
owd_downlink_ms,50.2255,44200000
prediction_position_error_mm,629.2406320571899,44200000
prediction_orientation_error_deg,0,44200000
owd_uplink_ms,49.4591,44300000
owd_downlink_ms,49.6864,44300000
correction_magnitude_mm,339.0570878982544,43800659
correction_magnitude_deg,0,43800659
prediction_position_error_mm,576.6201019287109,44300000
prediction_orientation_error_deg,0,44300000
owd_uplink_ms,50.5523,44400000
owd_downlink_ms,50.6487,44400000
correction_magnitude_mm,237.42328584194183,43800779
correction_magnitude_deg,0,43800779
prediction_position_error_mm,442.06303358078003,44400000
prediction_orientation_error_deg,0,44400000
owd_uplink_ms,49.5862,44500000
owd_downlink_ms,49.2928,44500000
correction_magnitude_mm,37.19567880034447,44000412
correction_magnitude_deg,0,44000412
prediction_position_error_mm,529.7752022743225,44500000
prediction_orientation_error_deg,0,44500000
owd_uplink_ms,50.4357,44600000
owd_downlink_ms,50.8404,44600000
correction_magnitude_mm,26.539145037531853,44000917
correction_magnitude_deg,0,44000917
owd_uplink_ms,49.2569,44600000
owd_downlink_ms,49.1186,44600000
correction_magnitude_mm,37.731993943452835,44100743
correction_magnitude_deg,0,44100743
prediction_position_error_mm,303.0949831008911,44600000
prediction_orientation_error_deg,0,44600000
prediction_position_error_mm,358.6622178554535,44700000
prediction_orientation_error_deg,0,44700000
owd_uplink_ms,49.8741,44800000
owd_downlink_ms,50.7685,44800000
correction_magnitude_mm,82.37458765506744,44201860
correction_magnitude_deg,0,44201860
prediction_position_error_mm,376.4162063598633,44800000
prediction_orientation_error_deg,0,44800000
prediction_position_error_mm,428.16948890686035,44900000
prediction_orientation_error_deg,0,44900000
owd_uplink_ms,50.5632,45000000
owd_downlink_ms,50.7407,45000000
correction_magnitude_mm,165.35243391990662,44402081
correction_magnitude_deg,0,44402081
prediction_position_error_mm,418.3907210826874,45000000
prediction_orientation_error_deg,0,45000000
owd_uplink_ms,50.5841,45100000
owd_downlink_ms,50.5647,45100000
correction_magnitude_mm,166.2333756685257,44502056
correction_magnitude_deg,0,44502056
owd_uplink_ms,50.0462,45100000
owd_downlink_ms,49.4334,45100000
correction_magnitude_mm,159.99585390090942,44601290
correction_magnitude_deg,0,44601290
owd_uplink_ms,50.8214,45100000
owd_downlink_ms,49.7526,45100000
prediction_position_error_mm,317.3660635948181,45100000
prediction_orientation_error_deg,0,45100000
prediction_position_error_mm,358.3835959434509,45200000
prediction_orientation_error_deg,0,45200000
owd_uplink_ms,49.5982,45300000
owd_downlink_ms,50.8457,45300000
correction_magnitude_mm,152.91257202625275,44701514
correction_magnitude_deg,0,44701514
prediction_position_error_mm,324.9626159667969,45300000
prediction_orientation_error_deg,0,45300000
owd_uplink_ms,50.965,45400000
owd_downlink_ms,49.6593,45400000
correction_magnitude_mm,179.05719578266144,44899883
correction_magnitude_deg,0,44899883
prediction_position_error_mm,294.2922115325928,45400000
prediction_orientation_error_deg,0,45400000
owd_uplink_ms,49.6299,45500000
owd_downlink_ms,50.3071,45500000
correction_magnitude_mm,125.63657760620117,44900729
correction_magnitude_deg,0,44900729
prediction_position_error_mm,517.6785588264465,45500000
prediction_orientation_error_deg,0,45500000
owd_uplink_ms,50.4531,45600000
owd_downlink_ms,49.8915,45600000
correction_magnitude_mm,112.72218078374863,45100027
correction_magnitude_deg,0,45100027
prediction_position_error_mm,576.4997005462646,45600000
prediction_orientation_error_deg,0,45600000
prediction_position_error_mm,676.8953800201416,45700000
prediction_orientation_error_deg,0,45700000
owd_uplink_ms,50.136,45800000
owd_downlink_ms,50.6791,45800000
correction_magnitude_mm,179.19552326202393,45200705
correction_magnitude_deg,0,45200705
prediction_position_error_mm,690.4104351997375,45800000
prediction_orientation_error_deg,0,45800000
owd_uplink_ms,50.0219,45900000
owd_downlink_ms,50.3849,45900000
correction_magnitude_mm,221.31340205669403,45301158
correction_magnitude_deg,0,45301158
owd_uplink_ms,50.378,45900000
owd_downlink_ms,50.6847,45900000
correction_magnitude_mm,155.25013208389282,45301541
correction_magnitude_deg,0,45301541
owd_uplink_ms,49.3285,45900000
owd_downlink_ms,49.7543,45900000
correction_magnitude_mm,9.314900264143944,45402073
correction_magnitude_deg,0,45402073
prediction_position_error_mm,487.2223734855652,45900000
prediction_orientation_error_deg,0,45900000
prediction_position_error_mm,586.3019227981567,46000000
prediction_orientation_error_deg,0,46000000
owd_uplink_ms,50.7271,46100000
owd_downlink_ms,49.1743,46100000
correction_magnitude_mm,190.41763246059418,45600132
correction_magnitude_deg,0,45600132
prediction_position_error_mm,613.0697131156921,46100000
prediction_orientation_error_deg,0,46100000
owd_uplink_ms,49.5597,46200000
owd_downlink_ms,49.5105,46200000
correction_magnitude_mm,228.25558483600616,45700070
correction_magnitude_deg,0,45700070
prediction_position_error_mm,607.4538230895996,46200000
prediction_orientation_error_deg,0,46200000
owd_uplink_ms,50.1517,46300000
owd_downlink_ms,50.0303,46300000
owd_uplink_ms,49.5922,46300000
owd_downlink_ms,49.2542,46300000
correction_magnitude_mm,248.55466187000275,45799497
correction_magnitude_deg,0,45799497
prediction_position_error_mm,584.846556186676,46300000
prediction_orientation_error_deg,0,46300000
prediction_position_error_mm,666.8926477432251,46400000
prediction_orientation_error_deg,0,46400000
prediction_position_error_mm,748.3730316162109,46500000
prediction_orientation_error_deg,0,46500000
owd_uplink_ms,50.6425,46600000
owd_downlink_ms,50.3452,46600000
correction_magnitude_mm,338.2889926433563,45999126
correction_magnitude_deg,0,45999126
owd_uplink_ms,49.8362,46600000
owd_downlink_ms,49.7251,46600000
correction_magnitude_mm,312.68611550331116,46098988
correction_magnitude_deg,0,46098988
prediction_position_error_mm,558.2348108291626,46600000
prediction_orientation_error_deg,0,46600000
owd_uplink_ms,50.8282,46700000
owd_downlink_ms,50.6556,46700000
prediction_position_error_mm,625.956118106842,46700000
prediction_orientation_error_deg,0,46700000
owd_uplink_ms,50.1193,46800000
owd_downlink_ms,49.8078,46800000
correction_magnitude_mm,354.27263379096985,46298384
correction_magnitude_deg,0,46298384
prediction_position_error_mm,560.7092976570129,46800000
prediction_orientation_error_deg,0,46800000
prediction_position_error_mm,623.2026219367981,46900000
prediction_orientation_error_deg,0,46900000
owd_uplink_ms,50.673,47000000
owd_downlink_ms,50.8403,47000000
correction_magnitude_mm,310.3616535663605,46398594
correction_magnitude_deg,0,46398594
prediction_position_error_mm,536.7594361305237,47000000
prediction_orientation_error_deg,0,47000000
owd_uplink_ms,50.5978,47100000
owd_downlink_ms,50.2619,47100000
correction_magnitude_mm,269.4099545478821,46498175
correction_magnitude_deg,0,46498175
owd_uplink_ms,49.734,47100000
owd_downlink_ms,51.0091,47100000
correction_magnitude_mm,189.31300938129425,46499769
correction_magnitude_deg,0,46499769
prediction_position_error_mm,470.0287878513336,47100000
prediction_orientation_error_deg,0,47100000
owd_uplink_ms,50.2031,47200000
owd_downlink_ms,49.8226,47200000
correction_magnitude_mm,67.5712525844574,46699294
correction_magnitude_deg,0,46699294
prediction_position_error_mm,544.9804663658142,47200000
prediction_orientation_error_deg,0,47200000
prediction_position_error_mm,644.2234516143799,47300000
prediction_orientation_error_deg,0,47300000
owd_uplink_ms,50.2531,47400000
owd_downlink_ms,50.4505,47400000
correction_magnitude_mm,147.04282581806183,46799541
correction_magnitude_deg,0,46799541
prediction_position_error_mm,673.0366349220276,47400000
prediction_orientation_error_deg,0,47400000
owd_uplink_ms,50.6968,47500000
owd_downlink_ms,50.8306,47500000
correction_magnitude_mm,198.1358528137207,46899709
correction_magnitude_deg,0,46899709
prediction_position_error_mm,672.55699634552,47500000
prediction_orientation_error_deg,0,47500000
owd_uplink_ms,50.3812,47600000
owd_downlink_ms,50.7228,47600000
correction_magnitude_mm,228.13460230827332,47000135
correction_magnitude_deg,0,47000135
prediction_position_error_mm,652.0452499389648,47600000
prediction_orientation_error_deg,0,47600000
owd_uplink_ms,50.9523,47700000
owd_downlink_ms,50.8227,47700000
correction_magnitude_mm,241.75739288330078,47099973
correction_magnitude_deg,0,47099973
prediction_position_error_mm,617.763102054596,47700000
prediction_orientation_error_deg,0,47700000
owd_uplink_ms,50.7282,47800000
owd_downlink_ms,50.1394,47800000
correction_magnitude_mm,243.56219172477722,47199238
correction_magnitude_deg,0,47199238
owd_uplink_ms,50.5204,47800000
owd_downlink_ms,49.4212,47800000
correction_magnitude_mm,237.0387613773346,47297865
correction_magnitude_deg,0,47297865
prediction_position_error_mm,467.7290618419647,47800000
prediction_orientation_error_deg,0,47800000
owd_uplink_ms,49.3209,47900000
owd_downlink_ms,49.5745,47900000
correction_magnitude_mm,226.4811098575592,47398182
correction_magnitude_deg,0,47398182
prediction_position_error_mm,425.74724555015564,47900000
prediction_orientation_error_deg,0,47900000
owd_uplink_ms,50.5155,48000000
owd_downlink_ms,51.0167,48000000
correction_magnitude_mm,158.87050330638885,47398809
correction_magnitude_deg,0,47398809
prediction_position_error_mm,490.116149187088,48000000
prediction_orientation_error_deg,0,48000000
owd_uplink_ms,49.8851,48100000
owd_downlink_ms,49.3139,48100000
correction_magnitude_mm,87.91816979646683,47598096
correction_magnitude_deg,0,47598096
owd_uplink_ms,49.1006,48100000
owd_downlink_ms,49.9415,48100000
correction_magnitude_mm,62.58072704076767,47599148
correction_magnitude_deg,0,47599148
prediction_position_error_mm,355.3124666213989,48100000
prediction_orientation_error_deg,0,48100000
prediction_position_error_mm,435.1024627685547,48200000
prediction_orientation_error_deg,0,48200000
prediction_position_error_mm,514.636218547821,48300000
prediction_orientation_error_deg,0,48300000
owd_uplink_ms,50.2858,48400000
owd_downlink_ms,50.1092,48400000
correction_magnitude_mm,115.59955030679703,47798928
correction_magnitude_deg,0,47798928
prediction_position_error_mm,549.0052700042725,48400000
prediction_orientation_error_deg,0,48400000
owd_uplink_ms,50.5372,48500000
owd_downlink_ms,50.7977,48500000
correction_magnitude_mm,159.1769903898239,47899254
correction_magnitude_deg,0,47899254
owd_uplink_ms,50.2637,48500000
owd_downlink_ms,49.6544,48500000
correction_magnitude_mm,183.90466272830963,47998493
correction_magnitude_deg,0,47998493
prediction_position_error_mm,467.3011004924774,48500000
prediction_orientation_error_deg,0,48500000
owd_uplink_ms,49.0621,48600000
owd_downlink_ms,50.0593,48600000
correction_magnitude_mm,129.5779049396515,47999740
correction_magnitude_deg,0,47999740
prediction_position_error_mm,511.09015941619873,48600000
prediction_orientation_error_deg,0,48600000
owd_uplink_ms,49.2846,48700000
owd_downlink_ms,50.0948,48700000
correction_magnitude_mm,10.513732209801674,48100752
correction_magnitude_deg,0,48100752
prediction_position_error_mm,607.0387363433838,48700000
prediction_orientation_error_deg,0,48700000
owd_uplink_ms,50.218,48800000
owd_downlink_ms,49.7159,48800000
correction_magnitude_mm,206.36330544948578,48300124
correction_magnitude_deg,0,48300124
prediction_position_error_mm,629.8583745956421,48800000
prediction_orientation_error_deg,0,48800000
owd_uplink_ms,50.6466,48900000
owd_downlink_ms,49.5036,48900000
correction_magnitude_mm,239.96470868587494,48398696
correction_magnitude_deg,0,48398696
prediction_position_error_mm,618.4541583061218,48900000
prediction_orientation_error_deg,0,48900000
owd_uplink_ms,50.3688,49000000
owd_downlink_ms,49.5047,49000000
correction_magnitude_mm,256.6496729850769,48497617
correction_magnitude_deg,0,48497617
prediction_position_error_mm,591.6350483894348,49000000
prediction_orientation_error_deg,0,49000000
owd_uplink_ms,50.3413,49100000
owd_downlink_ms,49.814,49100000
correction_magnitude_mm,261.02396845817566,48596959
correction_magnitude_deg,0,48596959
prediction_position_error_mm,555.836021900177,49100000
prediction_orientation_error_deg,0,49100000
prediction_position_error_mm,630.1651000976562,49200000
prediction_orientation_error_deg,0,49200000
owd_uplink_ms,49.1737,49300000
owd_downlink_ms,50.2455,49300000
correction_magnitude_mm,258.2899034023285,48698299
correction_magnitude_deg,0,48698299
owd_uplink_ms,49.9661,49300000
owd_downlink_ms,51.0038,49300000
correction_magnitude_mm,181.65913224220276,48699597
correction_magnitude_deg,0,48699597
prediction_position_error_mm,469.09505128860474,49300000
prediction_orientation_error_deg,0,49300000
owd_uplink_ms,49.2623,49400000
owd_downlink_ms,50.2337,49400000
correction_magnitude_mm,26.513151824474335,48800811
correction_magnitude_deg,0,48800811
prediction_position_error_mm,577.0469307899475,49400000
prediction_orientation_error_deg,0,49400000
owd_uplink_ms,50.0425,49500000
owd_downlink_ms,50.1472,49500000
correction_magnitude_mm,80.95785230398178,48900941
correction_magnitude_deg,0,48900941
prediction_position_error_mm,636.4414095878601,49500000
prediction_orientation_error_deg,0,49500000
owd_uplink_ms,50.4569,49600000
owd_downlink_ms,49.8055,49600000
correction_magnitude_mm,250.35718083381653,49100126
correction_magnitude_deg,0,49100126
prediction_position_error_mm,640.0589346885681,49600000
prediction_orientation_error_deg,0,49600000
prediction_position_error_mm,731.8729758262634,49700000
prediction_orientation_error_deg,0,49700000
owd_uplink_ms,50.8255,49800000
owd_downlink_ms,50.2855,49800000
correction_magnitude_mm,267.70469546318054,49199452
correction_magnitude_deg,0,49199452
owd_uplink_ms,49.9415,49800000
owd_downlink_ms,49.6297,49800000
correction_magnitude_mm,271.19308710098267,49299063
correction_magnitude_deg,0,49299063
owd_uplink_ms,49.4652,49800000
owd_downlink_ms,49.6847,49800000
correction_magnitude_mm,190.04839658737183,49299338
correction_magnitude_deg,0,49299338
prediction_position_error_mm,372.4774420261383,49800000
prediction_orientation_error_deg,0,49800000
prediction_position_error_mm,472.4758267402649,49900000
prediction_orientation_error_deg,0,49900000
owd_uplink_ms,49.7923,50000000
owd_downlink_ms,49.2366,50000000
correction_magnitude_mm,68.06349009275436,49498644
correction_magnitude_deg,0,49498644
owd_uplink_ms,50.1342,50000000
owd_downlink_ms,50.0571,50000000
prediction_position_error_mm,549.2139458656311,50000000
prediction_orientation_error_deg,0,50000000
prediction_position_error_mm,0,100000
prediction_orientation_error_deg,0,100000
prediction_position_error_mm,0,200000
prediction_orientation_error_deg,0,200000
prediction_position_error_mm,0,300000
prediction_orientation_error_deg,0,300000
prediction_position_error_mm,0,400000
prediction_orientation_error_deg,0,400000
prediction_position_error_mm,0,500000
prediction_orientation_error_deg,0,500000
prediction_position_error_mm,1299.9999523162842,600000
prediction_orientation_error_deg,0,600000
prediction_position_error_mm,1299.9999523162842,700000
prediction_orientation_error_deg,0,700000
prediction_position_error_mm,1300.0023365020752,800000
prediction_orientation_error_deg,0,800000
prediction_position_error_mm,1300.020456314087,900000
prediction_orientation_error_deg,0,900000
prediction_position_error_mm,1300.0361919403076,1000000
prediction_orientation_error_deg,0,1000000
owd_uplink_ms,49.6388,1100000
owd_downlink_ms,49.6389,1100000
correction_magnitude_mm,1299.9999523162842,600862
correction_magnitude_deg,0,600862
prediction_position_error_mm,19.995011389255524,1100000
prediction_orientation_error_deg,0,1100000
prediction_position_error_mm,24.9902606010437,1200000
prediction_orientation_error_deg,0,1200000
prediction_position_error_mm,34.973274916410446,1300000
prediction_orientation_error_deg,0,1300000
owd_uplink_ms,50.1846,1400000
owd_downlink_ms,50.3263,1400000
prediction_position_error_mm,33.024560660123825,1400000
prediction_orientation_error_deg,0,1400000
owd_uplink_ms,49.7922,1500000
owd_downlink_ms,49.9186,1500000
correction_magnitude_mm,13.42287752777338,901196
correction_magnitude_deg,0,901196
owd_uplink_ms,50.3485,1500000
owd_downlink_ms,50.7568,1500000
correction_magnitude_mm,9.393580257892609,901706
correction_magnitude_deg,0,901706
owd_uplink_ms,49.3154,1500000
owd_downlink_ms,48.9046,1500000
correction_magnitude_mm,43.87429729104042,1001192
correction_magnitude_deg,0,1001192
prediction_position_error_mm,282.15110301971436,1500000
prediction_orientation_error_deg,0,1500000
prediction_position_error_mm,331.5790295600891,1600000
prediction_orientation_error_deg,0,1600000
owd_uplink_ms,50.4468,1700000
owd_downlink_ms,49.6961,1700000
correction_magnitude_mm,134.02658700942993,1200253
correction_magnitude_deg,0,1200253
prediction_position_error_mm,330.70915937423706,1700000
prediction_orientation_error_deg,0,1700000
owd_uplink_ms,49.4581,1800000
owd_downlink_ms,49.5094,1800000
correction_magnitude_mm,136.25961542129517,1300316
correction_magnitude_deg,0,1300316
prediction_position_error_mm,316.83558225631714,1800000
prediction_orientation_error_deg,0,1800000
owd_uplink_ms,50.166,1900000
owd_downlink_ms,49.9907,1900000
prediction_position_error_mm,355.2118241786957,1900000
prediction_orientation_error_deg,0,1900000
prediction_position_error_mm,403.516948223114,2000000
prediction_orientation_error_deg,0,2000000
owd_uplink_ms,50.3149,2100000
owd_downlink_ms,50.5404,2100000
correction_magnitude_mm,187.03527748584747,1500377
correction_magnitude_deg,0,1500377
prediction_position_error_mm,368.9911663532257,2100000
prediction_orientation_error_deg,0,2100000
owd_uplink_ms,50.3795,2200000
owd_downlink_ms,50.6452,2200000
correction_magnitude_mm,171.59393429756165,1600709
correction_magnitude_deg,0,1600709
owd_uplink_ms,50.4322,2200000
owd_downlink_ms,49.9644,2200000
correction_magnitude_mm,155.27145564556122,1700124
correction_magnitude_deg,0,1700124
prediction_position_error_mm,257.32144713401794,2200000
prediction_orientation_error_deg,0,2200000
prediction_position_error_mm,288.0730628967285,2300000
prediction_orientation_error_deg,0,2300000
owd_uplink_ms,50.0751,2400000
owd_downlink_ms,50.5696,2400000
correction_magnitude_mm,139.62143659591675,1800741
correction_magnitude_deg,0,1800741
owd_uplink_ms,50.6625,2400000
owd_downlink_ms,49.7533,2400000
correction_magnitude_mm,118.96947026252747,1899605
correction_magnitude_deg,0,1899605
prediction_position_error_mm,203.1681388616562,2400000
prediction_orientation_error_deg,0,2400000
owd_uplink_ms,49.9177,2500000
owd_downlink_ms,50.7042,2500000
correction_magnitude_mm,83.55299383401871,1900588
correction_magnitude_deg,0,1900588
prediction_position_error_mm,570.5389976501465,2500000
prediction_orientation_error_deg,0,2500000
prediction_position_error_mm,675.4446625709534,2600000
prediction_orientation_error_deg,0,2600000
owd_uplink_ms,50.8388,2700000
owd_downlink_ms,50.2422,2700000
correction_magnitude_mm,150.6703794002533,2099843
correction_magnitude_deg,0,2099843
owd_uplink_ms,49.2818,2700000
owd_downlink_ms,50.6395,2700000
correction_magnitude_mm,107.12678730487823,2101539
correction_magnitude_deg,0,2101539
prediction_position_error_mm,444.6558952331543,2700000
prediction_orientation_error_deg,0,2700000
owd_uplink_ms,49.748,2800000
owd_downlink_ms,50.1133,2800000
correction_magnitude_mm,12.251067906618118,2201995
correction_magnitude_deg,0,2201995
owd_uplink_ms,49.289,2800000
owd_downlink_ms,48.8675,2800000
correction_magnitude_mm,94.55748647451401,2301468
correction_magnitude_deg,0,2301468
prediction_position_error_mm,483.08485746383667,2800000
prediction_orientation_error_deg,0,2800000
prediction_position_error_mm,566.7545199394226,2900000
prediction_orientation_error_deg,0,2900000
owd_uplink_ms,50.5077,3000000
owd_downlink_ms,49.3501,3000000
correction_magnitude_mm,232.15803503990173,2500021
correction_magnitude_deg,0,2500021
prediction_position_error_mm,568.1133270263672,3000000
prediction_orientation_error_deg,0,3000000
owd_uplink_ms,49.5389,3100000
owd_downlink_ms,50.3125,3100000
correction_magnitude_mm,163.3329540491104,2500988
correction_magnitude_deg,0,2500988
owd_uplink_ms,49.9687,3100000
owd_downlink_ms,49.2884,3100000
correction_magnitude_mm,10.280442424118519,2600137
correction_magnitude_deg,0,2600137
prediction_position_error_mm,512.1890902519226,3100000
prediction_orientation_error_deg,0,3100000
prediction_position_error_mm,617.0409917831421,3200000
prediction_orientation_error_deg,0,3200000
owd_uplink_ms,49.2319,3300000
owd_downlink_ms,49.9704,3300000
correction_magnitude_mm,98.62399101257324,2701059
correction_magnitude_deg,0,2701059
prediction_position_error_mm,674.7342944145203,3300000
prediction_orientation_error_deg,0,3300000
owd_uplink_ms,50.028,3400000
owd_downlink_ms,50.5929,3400000
correction_magnitude_mm,171.67526483535767,2801764
correction_magnitude_deg,0,2801764
owd_uplink_ms,49.806,3400000
owd_downlink_ms,49.2628,3400000
correction_magnitude_mm,216.37654304504395,2901084
correction_magnitude_deg,0,2901084
prediction_position_error_mm,601.8249988555908,3400000
prediction_orientation_error_deg,0,3400000
prediction_position_error_mm,687.2429251670837,3500000
prediction_orientation_error_deg,0,3500000
owd_uplink_ms,50.0762,3600000
owd_downlink_ms,49.7417,3600000
correction_magnitude_mm,326.8057405948639,3100665
correction_magnitude_deg,0,3100665
prediction_position_error_mm,659.6763730049133,3600000
prediction_orientation_error_deg,0,3600000
owd_uplink_ms,50.7011,3700000
owd_downlink_ms,49.2915,3700000
correction_magnitude_mm,312.70337104797363,3198903
correction_magnitude_deg,0,3198903
prediction_position_error_mm,598.5192060470581,3700000
prediction_orientation_error_deg,0,3700000
prediction_position_error_mm,679.0032982826233,3800000
prediction_orientation_error_deg,0,3800000
owd_uplink_ms,50.1647,3900000
owd_downlink_ms,50.2188,3900000
correction_magnitude_mm,294.7368025779724,3298971
correction_magnitude_deg,0,3298971
owd_uplink_ms,50.5705,3900000
owd_downlink_ms,49.294,3900000
correction_magnitude_mm,277.0865559577942,3397376
correction_magnitude_deg,0,3397376
owd_uplink_ms,49.2714,3900000
owd_downlink_ms,49.7708,3900000
correction_magnitude_mm,194.29604709148407,3398001
correction_magnitude_deg,0,3398001
prediction_position_error_mm,342.13945269584656,3900000
prediction_orientation_error_deg,0,3900000
prediction_position_error_mm,442.13810563087463,4000000
prediction_orientation_error_deg,0,4000000
owd_uplink_ms,49.311,4100000
owd_downlink_ms,49.5137,4100000
correction_magnitude_mm,54.66374754905701,3598255
correction_magnitude_deg,0,3598255
owd_uplink_ms,50.017,4100000
owd_downlink_ms,49.7141,4100000
prediction_position_error_mm,512.2004747390747,4100000
prediction_orientation_error_deg,0,4100000
prediction_position_error_mm,606.6911816596985,4200000
prediction_orientation_error_deg,0,4200000
owd_uplink_ms,50.5087,4300000
owd_downlink_ms,49.8767,4300000
correction_magnitude_mm,225.94097256660461,3797088
correction_magnitude_deg,0,3797088
owd_uplink_ms,49.2441,4300000
owd_downlink_ms,49.9735,4300000
correction_magnitude_mm,159.03209149837494,3798000
correction_magnitude_deg,0,3798000
prediction_position_error_mm,409.534752368927,4300000
prediction_orientation_error_deg,0,4300000
owd_uplink_ms,49.4938,4400000
owd_downlink_ms,49.8909,4400000
correction_magnitude_mm,6.0958643443882465,3898497
correction_magnitude_deg,0,3898497
prediction_position_error_mm,520.6868648529053,4400000
prediction_orientation_error_deg,0,4400000
prediction_position_error_mm,620.6855773925781,4500000
prediction_orientation_error_deg,0,4500000
owd_uplink_ms,50.5904,4600000
owd_downlink_ms,49.7576,4600000
correction_magnitude_mm,204.12933826446533,4097457
correction_magnitude_deg,0,4097457
prediction_position_error_mm,648.6139893531799,4600000
prediction_orientation_error_deg,0,4600000
owd_uplink_ms,49.4849,4700000
owd_downlink_ms,50.1746,4700000
correction_magnitude_mm,143.72695982456207,4098320
correction_magnitude_deg,0,4098320
prediction_position_error_mm,477.79884934425354,4700000
prediction_orientation_error_deg,0,4700000
owd_uplink_ms,49.0992,4800000
owd_downlink_ms,50.2992,4800000
prediction_position_error_mm,569.7638988494873,4800000
prediction_orientation_error_deg,0,4800000
prediction_position_error_mm,669.7623133659363,4900000
prediction_orientation_error_deg,0,4900000
owd_uplink_ms,49.7954,5000000
owd_downlink_ms,50.0077,5000000
correction_magnitude_mm,188.27839195728302,4400085
correction_magnitude_deg,0,4400085
owd_uplink_ms,50.8445,5000000
owd_downlink_ms,50.8859,5000000
correction_magnitude_mm,131.8444311618805,4400136
correction_magnitude_deg,0,4400136
prediction_position_error_mm,535.0951552391052,5000000
prediction_orientation_error_deg,0,5000000
prediction_position_error_mm,635.0933313369751,5100000
prediction_orientation_error_deg,0,5100000
owd_uplink_ms,50.1756,5200000
owd_downlink_ms,50.0451,5200000
correction_magnitude_mm,112.1823713183403,4599974
correction_magnitude_deg,0,4599974
prediction_position_error_mm,695.8487033843994,5200000
prediction_orientation_error_deg,0,5200000
owd_uplink_ms,50.2446,5300000
owd_downlink_ms,50.5159,5300000
correction_magnitude_mm,181.79352581501007,4700313
correction_magnitude_deg,0,4700313
owd_uplink_ms,49.2675,5300000
owd_downlink_ms,49.5334,5300000
correction_magnitude_mm,229.6212762594223,4800645
correction_magnitude_deg,0,4800645
prediction_position_error_mm,608.353853225708,5300000
prediction_orientation_error_deg,0,5300000
owd_uplink_ms,50.2207,5400000
owd_downlink_ms,50.1416,5400000
prediction_position_error_mm,703.2907009124756,5400000
prediction_orientation_error_deg,0,5400000
owd_uplink_ms,50.4833,5500000
owd_downlink_ms,49.8334,5500000
correction_magnitude_mm,341.0740792751312,4999734
correction_magnitude_deg,0,4999734
prediction_position_error_mm,661.2699627876282,5500000
prediction_orientation_error_deg,0,5500000
owd_uplink_ms,49.7121,5600000
owd_downlink_ms,50.7701,5600000
correction_magnitude_mm,239.82098698616028,5001056
correction_magnitude_deg,0,5001056
prediction_position_error_mm,404.30864691734314,5600000
prediction_orientation_error_deg,0,5600000
prediction_position_error_mm,499.92915987968445,5700000
prediction_orientation_error_deg,0,5700000
owd_uplink_ms,50.1774,5800000
owd_downlink_ms,50.5895,5800000
correction_magnitude_mm,28.123440220952034,5201570
correction_magnitude_deg,0,5201570
prediction_position_error_mm,584.6189856529236,5800000
prediction_orientation_error_deg,0,5800000
owd_uplink_ms,50.4445,5900000
owd_downlink_ms,50.3029,5900000
correction_magnitude_mm,114.59334194660187,5301392
correction_magnitude_deg,0,5301392
owd_uplink_ms,50.3852,5900000
owd_downlink_ms,49.0673,5900000
correction_magnitude_mm,165.84868729114532,5399745
correction_magnitude_deg,0,5399745
owd_uplink_ms,49.5572,5900000
owd_downlink_ms,49.4929,5900000
prediction_position_error_mm,554.1409850120544,5900000
prediction_orientation_error_deg,0,5900000
prediction_position_error_mm,640.8873796463013,6000000
prediction_orientation_error_deg,0,6000000
owd_uplink_ms,50.1866,6100000
owd_downlink_ms,49.6907,6100000
correction_magnitude_mm,288.77967596054077,5599046
correction_magnitude_deg,0,5599046
prediction_position_error_mm,619.2494034767151,6100000
prediction_orientation_error_deg,0,6100000
owd_uplink_ms,49.5762,6200000
owd_downlink_ms,50.6826,6200000
correction_magnitude_mm,203.34434509277344,5600428
correction_magnitude_deg,0,5600428
prediction_position_error_mm,478.86595129966736,6200000
prediction_orientation_error_deg,0,6200000
owd_uplink_ms,49.5469,6300000
owd_downlink_ms,50.697,6300000
correction_magnitude_mm,36.53162345290184,5701865
correction_magnitude_deg,0,5701865
owd_uplink_ms,49.8439,6300000
owd_downlink_ms,49.4722,6300000
correction_magnitude_mm,78.32060754299164,5801400
correction_magnitude_deg,0,5801400
prediction_position_error_mm,563.0351901054382,6300000
prediction_orientation_error_deg,0,6300000
prediction_position_error_mm,664.8719310760498,6400000
prediction_orientation_error_deg,0,6400000
owd_uplink_ms,50.8501,6500000
owd_downlink_ms,49.4573,6500000
correction_magnitude_mm,252.72777676582336,5999659
correction_magnitude_deg,0,5999659
prediction_position_error_mm,667.5561666488647,6500000
prediction_orientation_error_deg,0,6500000
prediction_position_error_mm,765.5412554740906,6600000
prediction_orientation_error_deg,0,6600000
owd_uplink_ms,50.3073,6700000
owd_downlink_ms,50.8211,6700000
correction_magnitude_mm,275.6282091140747,6100300
correction_magnitude_deg,0,6100300
prediction_position_error_mm,735.6551885604858,6700000
prediction_orientation_error_deg,0,6700000
owd_uplink_ms,50.8611,6800000
owd_downlink_ms,50.4534,6800000
correction_magnitude_mm,282.37974643707275,6199791
correction_magnitude_deg,0,6199791
owd_uplink_ms,49.828,6800000
owd_downlink_ms,49.8841,6800000
correction_magnitude_mm,283.28314423561096,6299862
correction_magnitude_deg,0,6299862
prediction_position_error_mm,557.9720735549927,6800000
prediction_orientation_error_deg,0,6800000
owd_uplink_ms,50.4107,6900000
owd_downlink_ms,50.656,6900000
correction_magnitude_mm,198.50805401802063,6300168
correction_magnitude_deg,0,6300168
prediction_position_error_mm,440.1603043079376,6900000
prediction_orientation_error_deg,0,6900000
owd_uplink_ms,49.6061,7000000
owd_downlink_ms,50.0804,7000000
correction_magnitude_mm,42.57204756140709,6400760
correction_magnitude_deg,0,6400760
prediction_position_error_mm,548.8687753677368,7000000
prediction_orientation_error_deg,0,7000000
owd_uplink_ms,50.4228,7100000
owd_downlink_ms,49.3516,7100000
correction_magnitude_mm,164.69469666481018,6599421
correction_magnitude_deg,0,6599421
prediction_position_error_mm,578.987717628479,7100000
prediction_orientation_error_deg,0,7100000
owd_uplink_ms,50.5742,7200000
owd_downlink_ms,49.4878,7200000
correction_magnitude_mm,203.22051644325256,6698063
correction_magnitude_deg,0,6698063
prediction_position_error_mm,584.5084190368652,7200000
prediction_orientation_error_deg,0,7200000
owd_uplink_ms,49.3723,7300000
owd_downlink_ms,50.8753,7300000
correction_magnitude_mm,143.97038519382477,6699942
correction_magnitude_deg,0,6699942
prediction_position_error_mm,519.3611979484558,7300000
prediction_orientation_error_deg,0,7300000
prediction_position_error_mm,623.2876181602478,7400000
prediction_orientation_error_deg,0,7400000
owd_uplink_ms,50.1136,7500000
owd_downlink_ms,50.9026,7500000
correction_magnitude_mm,104.2826920747757,6900928
correction_magnitude_deg,0,6900928
prediction_position_error_mm,690.4429793357849,7500000
prediction_orientation_error_deg,0,7500000
owd_uplink_ms,50.2311,7600000
owd_downlink_ms,50.2334,7600000
correction_magnitude_mm,175.48879981040955,7000930
correction_magnitude_deg,0,7000930
prediction_position_error_mm,708.5345983505249,7600000
prediction_orientation_error_deg,0,7600000
owd_uplink_ms,50.5865,7700000
owd_downlink_ms,50.0817,7700000
correction_magnitude_mm,223.4424650669098,7100299
correction_magnitude_deg,0,7100299
owd_uplink_ms,49.2142,7700000
owd_downlink_ms,50.4494,7700000
correction_magnitude_mm,157.7441543340683,7101843
correction_magnitude_deg,0,7101843
prediction_position_error_mm,468.2246148586273,7700000
prediction_orientation_error_deg,0,7700000
owd_uplink_ms,50.4974,7800000
owd_downlink_ms,49.8027,7800000
correction_magnitude_mm,84.74396169185638,7300974
correction_magnitude_deg,0,7300974
prediction_position_error_mm,528.856098651886,7800000
prediction_orientation_error_deg,0,7800000
owd_uplink_ms,50.7075,7900000
owd_downlink_ms,49.3618,7900000
correction_magnitude_mm,152.45085954666138,7399293
correction_magnitude_deg,0,7399293
prediction_position_error_mm,558.5472583770752,7900000
prediction_orientation_error_deg,0,7900000
prediction_position_error_mm,648.8783359527588,8000000
prediction_orientation_error_deg,0,8000000
owd_uplink_ms,50.607,8100000
owd_downlink_ms,50.6264,8100000
correction_magnitude_mm,193.04433465003967,7499318
correction_magnitude_deg,0,7499318
owd_uplink_ms,49.4525,8100000
owd_downlink_ms,50.8009,8100000
correction_magnitude_mm,136.61843538284302,7501003
correction_magnitude_deg,0,7501003
owd_uplink_ms,49.3971,8100000
owd_downlink_ms,49.3444,8100000
correction_magnitude_mm,8.12777690589428,7600936
correction_magnitude_deg,0,7600936
prediction_position_error_mm,518.5083746910095,8100000
prediction_orientation_error_deg,0,8100000
prediction_position_error_mm,621.9251155853271,8200000
prediction_orientation_error_deg,0,8200000
owd_uplink_ms,50.6057,8300000
owd_downlink_ms,49.896,8300000
correction_magnitude_mm,211.8699550628662,7800048
correction_magnitude_deg,0,7800048
prediction_position_error_mm,645.7871198654175,8300000
prediction_orientation_error_deg,0,8300000
owd_uplink_ms,49.4263,8400000
owd_downlink_ms,50.536,8400000
correction_magnitude_mm,149.64726567268372,7801434
correction_magnitude_deg,0,7801434
prediction_position_error_mm,475.4818081855774,8400000
prediction_orientation_error_deg,0,8400000
prediction_position_error_mm,568.3995485305786,8500000
prediction_orientation_error_deg,0,8500000
owd_uplink_ms,51.0044,8600000
owd_downlink_ms,50.2388,8600000
correction_magnitude_mm,90.55385738611221,8000477
correction_magnitude_deg,0,8000477
owd_uplink_ms,50.1132,8600000
owd_downlink_ms,49.5059,8600000
correction_magnitude_mm,157.57501125335693,8099719
correction_magnitude_deg,0,8099719
prediction_position_error_mm,558.4584474563599,8600000
prediction_orientation_error_deg,0,8600000
prediction_position_error_mm,648.8752961158752,8700000
prediction_orientation_error_deg,0,8700000
owd_uplink_ms,50.2435,8800000
owd_downlink_ms,50.4074,8800000
correction_magnitude_mm,200.70073008537292,8199924
correction_magnitude_deg,0,8199924
prediction_position_error_mm,643.0621147155762,8800000
prediction_orientation_error_deg,0,8800000
owd_uplink_ms,50.7443,8900000
owd_downlink_ms,50.2913,8900000
correction_magnitude_mm,224.2247313261032,8299358
correction_magnitude_deg,0,8299358
owd_uplink_ms,50.4283,8900000
owd_downlink_ms,49.977,8900000
correction_magnitude_mm,234.00108516216278,8398794
correction_magnitude_deg,0,8398794
prediction_position_error_mm,517.431914806366,8900000
prediction_orientation_error_deg,0,8900000
owd_uplink_ms,48.9201,9000000
owd_downlink_ms,49.1473,9000000
correction_magnitude_mm,230.96980154514313,8499078
correction_magnitude_deg,0,8499078
owd_uplink_ms,50.68,9000000
owd_downlink_ms,50.1312,9000000
prediction_position_error_mm,484.18766260147095,9000000
prediction_orientation_error_deg,0,9000000
prediction_position_error_mm,547.9719042778015,9100000
prediction_orientation_error_deg,0,9100000
owd_uplink_ms,49.3522,9200000
owd_downlink_ms,50.7642,9200000
correction_magnitude_mm,226.0412573814392,8600158
correction_magnitude_deg,0,8600158
owd_uplink_ms,49.4598,9200000
owd_downlink_ms,49.3094,9200000
correction_magnitude_mm,215.08097648620605,8699971
correction_magnitude_deg,0,8699971
prediction_position_error_mm,403.6286473274231,9200000
prediction_orientation_error_deg,0,9200000
owd_uplink_ms,49.4321,9300000
owd_downlink_ms,49.7219,9300000
correction_magnitude_mm,201.28898322582245,8800333
correction_magnitude_deg,0,8800333
prediction_position_error_mm,367.12729930877686,9300000
prediction_orientation_error_deg,0,9300000
prediction_position_error_mm,408.6475074291229,9400000
prediction_orientation_error_deg,0,9400000
owd_uplink_ms,50.6688,9500000
owd_downlink_ms,49.8183,9500000
correction_magnitude_mm,232.88390040397644,8999271
correction_magnitude_deg,0,8999271
prediction_position_error_mm,369.12989616394043,9500000
prediction_orientation_error_deg,0,9500000
prediction_position_error_mm,407.29475021362305,9600000
prediction_orientation_error_deg,0,9600000
owd_uplink_ms,50.3507,9700000
owd_downlink_ms,50.7228,9700000
correction_magnitude_mm,204.3071836233139,9099736
correction_magnitude_deg,0,9099736
owd_uplink_ms,50.1238,9700000
owd_downlink_ms,49.613,9700000
correction_magnitude_mm,174.52794313430786,9199098
correction_magnitude_deg,0,9199098
prediction_position_error_mm,271.9811201095581,9700000
prediction_orientation_error_deg,0,9700000
owd_uplink_ms,49.1996,9800000
owd_downlink_ms,50.6662,9800000
correction_magnitude_mm,122.77495861053467,9200930
correction_magnitude_deg,0,9200930
prediction_position_error_mm,528.8172364234924,9800000
prediction_orientation_error_deg,0,9800000
owd_uplink_ms,50.549,9900000
owd_downlink_ms,49.9684,9900000
correction_magnitude_mm,119.72799152135849,9400204
correction_magnitude_deg,0,9400204
prediction_position_error_mm,589.9009108543396,9900000
prediction_orientation_error_deg,0,9900000
owd_uplink_ms,49.52,10000000
owd_downlink_ms,50.1447,10000000
correction_magnitude_mm,84.57544445991516,9400984
correction_magnitude_deg,0,9400984
prediction_position_error_mm,524.4402885437012,10000000
prediction_orientation_error_deg,0,10000000
owd_uplink_ms,50.562,10100000
owd_downlink_ms,49.1057,10100000
correction_magnitude_mm,132.71388411521912,9599164
correction_magnitude_deg,0,9599164
prediction_position_error_mm,568.7054991722107,10100000
prediction_orientation_error_deg,0,10100000
owd_uplink_ms,49.3992,10200000
owd_downlink_ms,50.6012,10200000
correction_magnitude_mm,94.37136352062225,9600666
correction_magnitude_deg,0,9600666
prediction_position_error_mm,491.3274943828583,10200000
prediction_orientation_error_deg,0,10200000
owd_uplink_ms,50.0755,10300000
owd_downlink_ms,50.3221,10300000
correction_magnitude_mm,27.794096618890762,9700974
correction_magnitude_deg,0,9700974
prediction_position_error_mm,571.3822245597839,10300000
prediction_orientation_error_deg,0,10300000
prediction_position_error_mm,663.882315158844,10400000
prediction_orientation_error_deg,0,10400000
owd_uplink_ms,50.4685,10500000
owd_downlink_ms,49.9669,10500000
correction_magnitude_mm,204.25935089588165,9900346
correction_magnitude_deg,0,9900346
owd_uplink_ms,49.3138,10500000
owd_downlink_ms,50.1431,10500000
correction_magnitude_mm,143.87883245944977,9901382
correction_magnitude_deg,0,9901382
prediction_position_error_mm,480.92204332351685,10500000
prediction_orientation_error_deg,0,10500000
prediction_position_error_mm,580.9111595153809,10600000
prediction_orientation_error_deg,0,10600000
owd_uplink_ms,51.0593,10700000
owd_downlink_ms,50.4779,10700000
correction_magnitude_mm,92.74110943078995,10100655
correction_magnitude_deg,0,10100655
owd_uplink_ms,49.8843,10700000
owd_downlink_ms,50.4576,10700000
correction_magnitude_mm,65.62458723783493,10101371
correction_magnitude_deg,0,10101371
prediction_position_error_mm,566.3561224937439,10700000
prediction_orientation_error_deg,0,10700000
prediction_position_error_mm,668.9639091491699,10800000
prediction_orientation_error_deg,0,10800000
owd_uplink_ms,50.3105,10900000
owd_downlink_ms,49.9624,10900000
correction_magnitude_mm,156.44191205501556,10300936
correction_magnitude_deg,0,10300936
prediction_position_error_mm,710.5097770690918,10900000
prediction_orientation_error_deg,0,10900000
owd_uplink_ms,50.2581,11000000
owd_downlink_ms,50.2441,11000000
correction_magnitude_mm,209.9144607782364,10400918
correction_magnitude_deg,0,10400918
owd_uplink_ms,49.5815,11000000
owd_downlink_ms,49.3901,11000000
correction_magnitude_mm,243.50868165493011,10500678
correction_magnitude_deg,0,10500678
prediction_position_error_mm,602.8466820716858,11000000
prediction_orientation_error_deg,0,11000000
owd_uplink_ms,50.9564,11100000
owd_downlink_ms,50.4299,11100000
prediction_position_error_mm,689.3091797828674,11100000
prediction_orientation_error_deg,0,11100000
owd_uplink_ms,50.2506,11200000
owd_downlink_ms,49.161,11200000
correction_magnitude_mm,339.4531309604645,10698658
correction_magnitude_deg,0,10698658
prediction_position_error_mm,645.7016468048096,11200000
prediction_orientation_error_deg,0,11200000
owd_uplink_ms,49.8307,11300000
owd_downlink_ms,49.3572,11300000
correction_magnitude_mm,318.64219903945923,10798067
correction_magnitude_deg,0,10798067
prediction_position_error_mm,585.4782462120056,11300000
prediction_orientation_error_deg,0,11300000
prediction_position_error_mm,654.7325253486633,11400000
prediction_orientation_error_deg,0,11400000
owd_uplink_ms,50.7792,11500000
owd_downlink_ms,51.1111,11500000
correction_magnitude_mm,295.16932368278503,10898482
correction_magnitude_deg,0,10898482
prediction_position_error_mm,586.9805216789246,11500000
prediction_orientation_error_deg,0,11500000
owd_uplink_ms,49.6322,11600000
owd_downlink_ms,50.39,11600000
correction_magnitude_mm,272.6556062698364,10999430
correction_magnitude_deg,0,10999430
owd_uplink_ms,50.0312,11600000
owd_downlink_ms,50.3598,11600000
correction_magnitude_mm,191.0739690065384,10999841
correction_magnitude_deg,0,10999841
prediction_position_error_mm,454.62945103645325,11600000
prediction_orientation_error_deg,0,11600000
owd_uplink_ms,49.8606,11700000
owd_downlink_ms,50.0494,11700000
correction_magnitude_mm,35.996709018945694,11100076
correction_magnitude_deg,0,11100076
prediction_position_error_mm,561.023473739624,11700000
prediction_orientation_error_deg,0,11700000
prediction_position_error_mm,661.0098481178284,11800000
prediction_orientation_error_deg,0,11800000
owd_uplink_ms,49.7313,11900000
owd_downlink_ms,50.192,11900000
correction_magnitude_mm,170.65854370594025,11300651
correction_magnitude_deg,0,11300651
owd_uplink_ms,50.3834,11900000
owd_downlink_ms,50.2611,11900000
prediction_position_error_mm,690.3083920478821,11900000
prediction_orientation_error_deg,0,11900000
owd_uplink_ms,50.4261,12000000
owd_downlink_ms,49.1293,12000000
correction_magnitude_mm,308.045357465744,11498877
correction_magnitude_deg,0,11498877
prediction_position_error_mm,671.9682812690735,12000000
prediction_orientation_error_deg,0,12000000
owd_uplink_ms,49.3581,12100000
owd_downlink_ms,50.0657,12100000
correction_magnitude_mm,216.4527326822281,11499762
correction_magnitude_deg,0,11499762
prediction_position_error_mm,459.3399167060852,12100000
prediction_orientation_error_deg,0,12100000
owd_uplink_ms,49.314,12200000
owd_downlink_ms,49.8173,12200000
correction_magnitude_mm,53.54057997465134,11700390
correction_magnitude_deg,0,11700390
prediction_position_error_mm,543.2325005531311,12200000
prediction_orientation_error_deg,0,12200000
owd_uplink_ms,50.4278,12300000
owd_downlink_ms,50.1512,12300000
prediction_position_error_mm,644.3270444869995,12300000
prediction_orientation_error_deg,0,12300000
prediction_position_error_mm,743.5133457183838,12400000
prediction_orientation_error_deg,0,12400000
owd_uplink_ms,50.5859,12500000
owd_downlink_ms,50.68,12500000
correction_magnitude_mm,239.83334004878998,11900161
correction_magnitude_deg,0,11900161
owd_uplink_ms,49.2649,12500000
owd_downlink_ms,50.6039,12500000
correction_magnitude_mm,169.48232054710388,11901834
correction_magnitude_deg,0,11901834
prediction_position_error_mm,467.8811728954315,12500000
prediction_orientation_error_deg,0,12500000
owd_uplink_ms,50.786,12600000
owd_downlink_ms,49.442,12600000
correction_magnitude_mm,77.6199996471405,12100154
correction_magnitude_deg,0,12100154
prediction_position_error_mm,536.9496941566467,12600000
prediction_orientation_error_deg,0,12600000
owd_uplink_ms,50.6766,12700000
owd_downlink_ms,49.7418,12700000
correction_magnitude_mm,148.04226160049438,12198986
correction_magnitude_deg,0,12198986
prediction_position_error_mm,567.1173930168152,12700000
prediction_orientation_error_deg,0,12700000
owd_uplink_ms,49.6016,12800000
owd_downlink_ms,50.2587,12800000
correction_magnitude_mm,104.40480709075928,12199808
correction_magnitude_deg,0,12199808
prediction_position_error_mm,537.7856492996216,12800000
prediction_orientation_error_deg,0,12800000
owd_uplink_ms,49.9448,12900000
owd_downlink_ms,50.5519,12900000
correction_magnitude_mm,29.578641057014465,12300566
correction_magnitude_deg,0,12300566
prediction_position_error_mm,623.6234903335571,12900000
prediction_orientation_error_deg,0,12900000
owd_uplink_ms,49.8847,13000000
owd_downlink_ms,49.2274,13000000
correction_magnitude_mm,221.77855670452118,12499745
correction_magnitude_deg,0,12499745
prediction_position_error_mm,642.692506313324,13000000
prediction_orientation_error_deg,0,13000000
owd_uplink_ms,50.2795,13100000
owd_downlink_ms,50.7233,13100000
correction_magnitude_mm,155.77547252178192,12500299
correction_magnitude_deg,0,12500299
prediction_position_error_mm,480.80775141716003,13100000
prediction_orientation_error_deg,0,13100000
owd_uplink_ms,49.2894,13200000
owd_downlink_ms,50.2318,13200000
correction_magnitude_mm,9.737039916217327,12601476
correction_magnitude_deg,0,12601476
owd_uplink_ms,49.7411,13200000
owd_downlink_ms,49.3346,13200000
correction_magnitude_mm,91.04901552200317,12700967
correction_magnitude_deg,0,12700967
prediction_position_error_mm,542.6610112190247,13200000
prediction_orientation_error_deg,0,13200000
prediction_position_error_mm,638.4376287460327,13300000
prediction_orientation_error_deg,0,13300000
owd_uplink_ms,49.3686,13400000
owd_downlink_ms,50.3974,13400000
correction_magnitude_mm,160.56808829307556,12802253
correction_magnitude_deg,0,12802253
prediction_position_error_mm,656.2957167625427,13400000
prediction_orientation_error_deg,0,13400000
prediction_position_error_mm,747.4611401557922,13500000
prediction_orientation_error_deg,0,13500000
owd_uplink_ms,49.6725,13600000
owd_downlink_ms,50.1173,13600000
correction_magnitude_mm,294.7140336036682,13002809
correction_magnitude_deg,0,13002809
owd_uplink_ms,50.5936,13600000
owd_downlink_ms,50.3273,13600000
owd_uplink_ms,49.9662,13600000
owd_downlink_ms,48.9723,13600000
correction_magnitude_mm,291.4752662181854,13101232
correction_magnitude_deg,0,13101232
prediction_position_error_mm,593.4522747993469,13600000
prediction_orientation_error_deg,0,13600000
prediction_position_error_mm,670.1485514640808,13700000
prediction_orientation_error_deg,0,13700000
prediction_position_error_mm,749.3424415588379,13800000
prediction_orientation_error_deg,0,13800000
owd_uplink_ms,50.2094,13900000
owd_downlink_ms,50.6796,13900000
correction_magnitude_mm,361.4211976528168,13301819
correction_magnitude_deg,0,13301819
prediction_position_error_mm,685.4750514030457,13900000
prediction_orientation_error_deg,0,13900000
owd_uplink_ms,50.1925,14000000
owd_downlink_ms,50.2022,14000000
correction_magnitude_mm,324.00375604629517,13401830
correction_magnitude_deg,0,13401830
owd_uplink_ms,49.5726,14000000
owd_downlink_ms,50.3762,14000000
correction_magnitude_mm,227.4458408355713,13402834
correction_magnitude_deg,0,13402834
owd_uplink_ms,50.0757,14000000
owd_downlink_ms,49.5125,14000000
correction_magnitude_mm,58.618221431970596,13502129
correction_magnitude_deg,0,13502129
prediction_position_error_mm,462.77040243148804,14000000
prediction_orientation_error_deg,0,14000000
prediction_position_error_mm,563.8033747673035,14100000
prediction_orientation_error_deg,0,14100000
prediction_position_error_mm,663.7861728668213,14200000
prediction_orientation_error_deg,0,14200000
owd_uplink_ms,50.6173,14300000
owd_downlink_ms,50.4535,14300000
correction_magnitude_mm,161.3052487373352,13701924
correction_magnitude_deg,0,13701924
owd_uplink_ms,50.1132,14300000
owd_downlink_ms,50.559,14300000
correction_magnitude_mm,113.45699429512024,13702481
correction_magnitude_deg,0,13702481
prediction_position_error_mm,511.60919666290283,14300000
prediction_orientation_error_deg,0,14300000
owd_uplink_ms,50.4914,14400000
owd_downlink_ms,48.9796,14400000
correction_magnitude_mm,116.3388043642044,13900591
correction_magnitude_deg,0,13900591
owd_uplink_ms,49.2127,14400000
owd_downlink_ms,49.2565,14400000
correction_magnitude_mm,81.49018883705139,13900645
correction_magnitude_deg,0,13900645
prediction_position_error_mm,446.3789165019989,14400000
prediction_orientation_error_deg,0,14400000
owd_uplink_ms,49.8378,14500000
owd_downlink_ms,49.1749,14500000
correction_magnitude_mm,43.23968663811684,13999817
correction_magnitude_deg,0,13999817
prediction_position_error_mm,527.7653932571411,14500000
prediction_orientation_error_deg,0,14500000
owd_uplink_ms,49.0806,14600000
owd_downlink_ms,49.1046,14600000
correction_magnitude_mm,130.0276815891266,14099848
correction_magnitude_deg,0,14099848
prediction_position_error_mm,568.7927007675171,14600000
prediction_orientation_error_deg,0,14600000
prediction_position_error_mm,665.1424169540405,14700000
prediction_orientation_error_deg,0,14700000
owd_uplink_ms,49.2509,14800000
owd_downlink_ms,49.2822,14800000
correction_magnitude_mm,282.5794219970703,14299887
correction_magnitude_deg,0,14299887
owd_uplink_ms,50.0303,14800000
owd_downlink_ms,49.493,14800000
prediction_position_error_mm,654.6646952629089,14800000
prediction_orientation_error_deg,0,14800000
prediction_position_error_mm,745.2062368392944,14900000
prediction_orientation_error_deg,0,14900000
prediction_position_error_mm,836.4086747169495,15000000
prediction_orientation_error_deg,0,15000000
owd_uplink_ms,50.3908,15100000
owd_downlink_ms,50.6438,15100000
correction_magnitude_mm,379.47818636894226,14499533
correction_magnitude_deg,0,14499533
prediction_position_error_mm,780.0411581993103,15100000
prediction_orientation_error_deg,0,15100000
owd_uplink_ms,50.8627,15200000
owd_downlink_ms,50.5185,15200000
correction_magnitude_mm,350.96806287765503,14599103
correction_magnitude_deg,0,14599103
owd_uplink_ms,49.9768,15200000
owd_downlink_ms,49.5337,15200000
correction_magnitude_mm,321.104496717453,14698550
correction_magnitude_deg,0,14698550
prediction_position_error_mm,551.6562461853027,15200000
prediction_orientation_error_deg,0,15200000
owd_uplink_ms,49.404,15300000
owd_downlink_ms,50.7877,15300000
correction_magnitude_mm,225.88956356048584,14700279
correction_magnitude_deg,0,14700279
owd_uplink_ms,49.207,15300000
owd_downlink_ms,49.0337,15300000
correction_magnitude_mm,59.07142907381058,14800062
correction_magnitude_deg,0,14800062
prediction_position_error_mm,455.7912349700928,15300000
prediction_orientation_error_deg,0,15300000
prediction_position_error_mm,555.7731986045837,15400000
prediction_orientation_error_deg,0,15400000
prediction_position_error_mm,655.359148979187,15500000
prediction_orientation_error_deg,0,15500000
owd_uplink_ms,50.9414,15600000
owd_downlink_ms,50.6598,15600000
correction_magnitude_mm,157.6397567987442,14999710
correction_magnitude_deg,0,14999710
prediction_position_error_mm,693.4838891029358,15600000
prediction_orientation_error_deg,0,15600000
owd_uplink_ms,50.3231,15700000
owd_downlink_ms,50.4312,15700000
correction_magnitude_mm,206.95388317108154,15099845
correction_magnitude_deg,0,15099845
owd_uplink_ms,49.8911,15700000
owd_downlink_ms,50.6008,15700000
correction_magnitude_mm,145.67843079566956,15100732
correction_magnitude_deg,0,15100732
owd_uplink_ms,50.0322,15700000
owd_downlink_ms,49.7121,15700000
prediction_position_error_mm,499.7977018356323,15700000
prediction_orientation_error_deg,0,15700000
prediction_position_error_mm,600.037157535553,15800000
prediction_orientation_error_deg,0,15800000
owd_uplink_ms,49.6559,15900000
owd_downlink_ms,50.2153,15900000
correction_magnitude_mm,99.82821345329285,15301031
correction_magnitude_deg,0,15301031
prediction_position_error_mm,652.6214480400085,15900000
prediction_orientation_error_deg,0,15900000
prediction_position_error_mm,749.6318817138672,16000000
prediction_orientation_error_deg,0,16000000
owd_uplink_ms,50.3144,16100000
owd_downlink_ms,50.1473,16100000
correction_magnitude_mm,264.1030550003052,15500822
correction_magnitude_deg,0,15500822
prediction_position_error_mm,743.755042552948,16100000
prediction_orientation_error_deg,0,16100000
owd_uplink_ms,50.5057,16200000
owd_downlink_ms,50.4145,16200000
correction_magnitude_mm,278.1655788421631,15600708
correction_magnitude_deg,0,15600708
owd_uplink_ms,50.2395,16200000
owd_downlink_ms,49.58,16200000
correction_magnitude_mm,279.01333570480347,15699884
correction_magnitude_deg,0,15699884
prediction_position_error_mm,577.4238109588623,16200000
prediction_orientation_error_deg,0,16200000
owd_uplink_ms,50.116,16300000
owd_downlink_ms,49.6256,16300000
correction_magnitude_mm,271.34737372398376,15799271
correction_magnitude_deg,0,15799271
prediction_position_error_mm,531.2615036964417,16300000
prediction_orientation_error_deg,0,16300000
owd_uplink_ms,49.9896,16400000
owd_downlink_ms,49.3455,16400000
correction_magnitude_mm,257.8214406967163,15898466
correction_magnitude_deg,0,15898466
owd_uplink_ms,49.0581,16400000
owd_downlink_ms,49.8429,16400000
correction_magnitude_mm,181.06605112552643,15899447
correction_magnitude_deg,0,15899447
prediction_position_error_mm,373.7822473049164,16400000
prediction_orientation_error_deg,0,16400000
prediction_position_error_mm,473.9238917827606,16500000
prediction_orientation_error_deg,0,16500000
owd_uplink_ms,50.4957,16600000
owd_downlink_ms,49.97,16600000
correction_magnitude_mm,72.48342782258987,16098790
correction_magnitude_deg,0,16098790
prediction_position_error_mm,546.6908812522888,16600000
prediction_orientation_error_deg,0,16600000
owd_uplink_ms,50.5509,16700000
owd_downlink_ms,49.498,16700000
correction_magnitude_mm,148.28766882419586,16197474
correction_magnitude_deg,0,16197474
prediction_position_error_mm,578.6529183387756,16700000
prediction_orientation_error_deg,0,16700000
prediction_position_error_mm,673.2970476150513,16800000
prediction_orientation_error_deg,0,16800000
owd_uplink_ms,50.5696,16900000
owd_downlink_ms,50.6015,16900000
correction_magnitude_mm,198.23208451271057,16297514
correction_magnitude_deg,0,16297514
owd_uplink_ms,49.8554,16900000
owd_downlink_ms,49.4235,16900000
correction_magnitude_mm,226.90171003341675,16396975
correction_magnitude_deg,0,16396975
owd_uplink_ms,49.2852,16900000
owd_downlink_ms,50.1434,16900000
correction_magnitude_mm,159.70654785633087,16398048
correction_magnitude_deg,0,16398048
prediction_position_error_mm,388.81146907806396,16900000
prediction_orientation_error_deg,0,16900000
prediction_position_error_mm,488.7920320034027,17000000
prediction_orientation_error_deg,0,17000000
owd_uplink_ms,49.7248,17100000
owd_downlink_ms,50.4009,17100000
correction_magnitude_mm,11.187548749148846,16498893
correction_magnitude_deg,0,16498893
prediction_position_error_mm,591.2466049194336,17100000
prediction_orientation_error_deg,0,17100000
owd_uplink_ms,50.3544,17200000
owd_downlink_ms,49.7613,17200000
correction_magnitude_mm,191.2432163953781,16698152
correction_magnitude_deg,0,16698152
prediction_position_error_mm,619.4066405296326,17200000
prediction_orientation_error_deg,0,17200000
owd_uplink_ms,50.0922,17300000
owd_downlink_ms,50.1606,17300000
correction_magnitude_mm,230.8019995689392,16798238
correction_magnitude_deg,0,16798238
prediction_position_error_mm,612.0520234107971,17300000
prediction_orientation_error_deg,0,17300000
owd_uplink_ms,50.605,17400000
owd_downlink_ms,49.7469,17400000
correction_magnitude_mm,250.1247227191925,16897166
correction_magnitude_deg,0,16897166
prediction_position_error_mm,587.9029631614685,17400000
prediction_orientation_error_deg,0,17400000
owd_uplink_ms,49.0402,17500000
owd_downlink_ms,50.8035,17500000
correction_magnitude_mm,176.90835893154144,16899371
correction_magnitude_deg,0,16899371
prediction_position_error_mm,479.1957437992096,17500000
prediction_orientation_error_deg,0,17500000
owd_uplink_ms,49.1999,17600000
owd_downlink_ms,49.5696,17600000
correction_magnitude_mm,77.44665443897247,17099834
correction_magnitude_deg,0,17099834
prediction_position_error_mm,550.7989525794983,17600000
prediction_orientation_error_deg,0,17600000
owd_uplink_ms,50.5227,17700000
owd_downlink_ms,50.6118,17700000
correction_magnitude_mm,54.32332679629326,17099946
correction_magnitude_deg,0,17099946
prediction_position_error_mm,558.2910180091858,17700000
prediction_orientation_error_deg,0,17700000
owd_uplink_ms,50.5339,17800000
owd_downlink_ms,49.4483,17800000
correction_magnitude_mm,160.1109504699707,17298590
correction_magnitude_deg,0,17298590
prediction_position_error_mm,597.3377227783203,17800000
prediction_orientation_error_deg,0,17800000
owd_uplink_ms,50.2005,17900000
owd_downlink_ms,49.5334,17900000
correction_magnitude_mm,207.71682262420654,17397757
correction_magnitude_deg,0,17397757
prediction_position_error_mm,600.1976132392883,17900000
prediction_orientation_error_deg,0,17900000
owd_uplink_ms,49.1971,18000000
owd_downlink_ms,50.2064,18000000
correction_magnitude_mm,146.55357599258423,17399019
correction_magnitude_deg,0,17399019
prediction_position_error_mm,501.98525190353394,18000000
prediction_orientation_error_deg,0,18000000
prediction_position_error_mm,602.8550267219543,18100000
prediction_orientation_error_deg,0,18100000
owd_uplink_ms,50.4692,18200000
owd_downlink_ms,50.9309,18200000
correction_magnitude_mm,98.60269725322723,17599597
correction_magnitude_deg,0,17599597
owd_uplink_ms,48.9923,18200000
owd_downlink_ms,49.1513,18200000
correction_magnitude_mm,169.15592551231384,17699796
correction_magnitude_deg,0,17699796
prediction_position_error_mm,590.2496576309204,18200000
prediction_orientation_error_deg,0,18200000
owd_uplink_ms,50.8527,18300000
owd_downlink_ms,50.7926,18300000
owd_uplink_ms,49.7605,18300000
owd_downlink_ms,49.1927,18300000
correction_magnitude_mm,211.90744638442993,17799013
correction_magnitude_deg,0,17799013
prediction_position_error_mm,589.0561938285828,18300000
prediction_orientation_error_deg,0,18300000
owd_uplink_ms,49.1572,18400000
owd_downlink_ms,49.753,18400000
correction_magnitude_mm,236.85671389102936,17899758
correction_magnitude_deg,0,17899758
prediction_position_error_mm,570.8369612693787,18400000
prediction_orientation_error_deg,0,18400000
prediction_position_error_mm,651.9533395767212,18500000
prediction_orientation_error_deg,0,18500000
owd_uplink_ms,50.5323,18600000
owd_downlink_ms,50.0298,18600000
correction_magnitude_mm,326.15384459495544,18099131
correction_magnitude_deg,0,18099131
prediction_position_error_mm,609.5108985900879,18600000
prediction_orientation_error_deg,0,18600000
owd_uplink_ms,50.6344,18700000
owd_downlink_ms,49.3598,18700000
correction_magnitude_mm,304.10900712013245,18197538
correction_magnitude_deg,0,18197538
prediction_position_error_mm,549.1843223571777,18700000
prediction_orientation_error_deg,0,18700000
owd_uplink_ms,49.0298,18800000
owd_downlink_ms,50.969,18800000
correction_magnitude_mm,214.4712656736374,18199962
correction_magnitude_deg,0,18199962
prediction_position_error_mm,444.18999552726746,18800000
prediction_orientation_error_deg,0,18800000
owd_uplink_ms,49.4497,18900000
owd_downlink_ms,50.4755,18900000
correction_magnitude_mm,49.90200325846672,18301244
correction_magnitude_deg,0,18301244
prediction_position_error_mm,557.8675270080566,18900000
prediction_orientation_error_deg,0,18900000
owd_uplink_ms,49.4774,19000000
owd_downlink_ms,50.2598,19000000
correction_magnitude_mm,64.97172266244888,18402222
correction_magnitude_deg,0,18402222
owd_uplink_ms,49.5651,19000000
owd_downlink_ms,49.3796,19000000
correction_magnitude_mm,142.17738807201385,18501989
correction_magnitude_deg,0,18501989
prediction_position_error_mm,560.1932406425476,19000000
prediction_orientation_error_deg,0,19000000
prediction_position_error_mm,653.9708971977234,19100000
prediction_orientation_error_deg,0,19100000
prediction_position_error_mm,746.3322877883911,19200000
prediction_orientation_error_deg,0,19200000
owd_uplink_ms,50.0367,19300000
owd_downlink_ms,49.8743,19300000
correction_magnitude_mm,284.492164850235,18701785
correction_magnitude_deg,0,18701785
owd_uplink_ms,51.0586,19300000
owd_downlink_ms,50.3447,19300000
prediction_position_error_mm,726.2319326400757,19300000
prediction_orientation_error_deg,0,19300000
owd_uplink_ms,50.7004,19400000
owd_downlink_ms,49.2419,19400000
correction_magnitude_mm,374.45732951164246,18899070
correction_magnitude_deg,0,18899070
prediction_position_error_mm,673.3187437057495,19400000
prediction_orientation_error_deg,0,19400000
owd_uplink_ms,49.8502,19500000
owd_downlink_ms,49.9023,19500000
correction_magnitude_mm,343.30034255981445,18999136
correction_magnitude_deg,0,18999136
prediction_position_error_mm,600.9827852249146,19500000
prediction_orientation_error_deg,0,19500000
owd_uplink_ms,50.809,19600000
owd_downlink_ms,50.206,19600000
prediction_position_error_mm,672.8469729423523,19600000
prediction_orientation_error_deg,0,19600000
owd_uplink_ms,50.658,19700000
owd_downlink_ms,49.5037,19700000
correction_magnitude_mm,384.31981205940247,19196941
correction_magnitude_deg,0,19196941
prediction_position_error_mm,600.0474095344543,19700000
prediction_orientation_error_deg,0,19700000
prediction_position_error_mm,665.9882664680481,19800000
prediction_orientation_error_deg,0,19800000
owd_uplink_ms,50.0396,19900000
owd_downlink_ms,50.8301,19900000
correction_magnitude_mm,334.40929651260376,19297930
correction_magnitude_deg,0,19297930
owd_uplink_ms,49.4553,19900000
owd_downlink_ms,50.6818,19900000
correction_magnitude_mm,234.97237265110016,19299464
correction_magnitude_deg,0,19299464
prediction_position_error_mm,446.16058468818665,19900000
prediction_orientation_error_deg,0,19900000
owd_uplink_ms,49.1858,20000000
owd_downlink_ms,50.8206,20000000
correction_magnitude_mm,60.90352684259415,19401507
correction_magnitude_deg,0,19401507
owd_uplink_ms,49.3219,20000000
owd_downlink_ms,49.2595,20000000
correction_magnitude_mm,58.95021930336952,19501429
correction_magnitude_deg,0,19501429
prediction_position_error_mm,539.7547483444214,20000000
prediction_orientation_error_deg,0,20000000
owd_uplink_ms,49.1591,20100000
owd_downlink_ms,49.2055,20100000
correction_magnitude_mm,141.19693636894226,19601486
correction_magnitude_deg,0,19601486
prediction_position_error_mm,576.4147639274597,20100000
prediction_orientation_error_deg,0,20100000
owd_uplink_ms,49.8113,20200000
owd_downlink_ms,49.6129,20200000
correction_magnitude_mm,194.3041831254959,19701238
correction_magnitude_deg,0,19701238
prediction_position_error_mm,584.9136710166931,20200000
prediction_orientation_error_deg,0,20200000
owd_uplink_ms,49.8483,20300000
owd_downlink_ms,49.6156,20300000
correction_magnitude_mm,225.66069662570953,19800947
correction_magnitude_deg,0,19800947
prediction_position_error_mm,573.4702944755554,20300000
prediction_orientation_error_deg,0,20300000
owd_uplink_ms,49.2201,20400000
owd_downlink_ms,49.7134,20400000
correction_magnitude_mm,241.6255623102188,19901563
correction_magnitude_deg,0,19901563
prediction_position_error_mm,546.4232563972473,20400000
prediction_orientation_error_deg,0,20400000
prediction_position_error_mm,622.6134300231934,20500000
prediction_orientation_error_deg,0,20500000
owd_uplink_ms,49.9369,20600000
owd_downlink_ms,50.1786,20600000
correction_magnitude_mm,245.36578357219696,20001864
correction_magnitude_deg,0,20001864
owd_uplink_ms,49.7638,20600000
owd_downlink_ms,49.0244,20600000
correction_magnitude_mm,239.8507297039032,20100939
correction_magnitude_deg,0,20100939
prediction_position_error_mm,475.2802550792694,20600000
prediction_orientation_error_deg,0,20600000
owd_uplink_ms,49.1551,20700000
owd_downlink_ms,49.0512,20700000
correction_magnitude_mm,229.31399941444397,20200808
correction_magnitude_deg,0,20200808
prediction_position_error_mm,431.64578080177307,20700000
prediction_orientation_error_deg,0,20700000
prediction_position_error_mm,486.4831268787384,20800000
prediction_orientation_error_deg,0,20800000
owd_uplink_ms,49.555,20900000
owd_downlink_ms,50.1121,20900000
correction_magnitude_mm,215.54067730903625,20301504
correction_magnitude_deg,0,20301504
prediction_position_error_mm,438.27205896377563,20900000
prediction_orientation_error_deg,0,20900000
owd_uplink_ms,50.2147,21000000
owd_downlink_ms,49.7373,21000000
correction_magnitude_mm,245.12112140655518,20500907
correction_magnitude_deg,0,20500907
prediction_position_error_mm,394.8371410369873,21000000
prediction_orientation_error_deg,0,21000000
owd_uplink_ms,49.2947,21100000
owd_downlink_ms,49.0083,21100000
correction_magnitude_mm,218.2040959596634,20600549
correction_magnitude_deg,0,20600549
owd_uplink_ms,50.7356,21100000
owd_downlink_ms,49.5024,21100000
prediction_position_error_mm,341.4294123649597,21100000
prediction_orientation_error_deg,0,21100000
prediction_position_error_mm,382.1735382080078,21200000
prediction_orientation_error_deg,0,21200000
prediction_position_error_mm,420.60092091560364,21300000
prediction_orientation_error_deg,0,21300000
owd_uplink_ms,50.1934,21400000
owd_downlink_ms,50.652,21400000
correction_magnitude_mm,226.53299570083618,20799582
correction_magnitude_deg,0,20799582
owd_uplink_ms,50.2653,21400000
owd_downlink_ms,49.3435,21400000
correction_magnitude_mm,192.98690557479858,20898430
correction_magnitude_deg,0,20898430
prediction_position_error_mm,283.3445966243744,21400000
prediction_orientation_error_deg,0,21400000
prediction_position_error_mm,312.588095664978,21500000
prediction_orientation_error_deg,0,21500000
owd_uplink_ms,50.1495,21600000
owd_downlink_ms,51.0351,21600000
correction_magnitude_mm,164.36384618282318,20999537
correction_magnitude_deg,0,20999537
prediction_position_error_mm,260.6949210166931,21600000
prediction_orientation_error_deg,0,21600000
owd_uplink_ms,50.574,21700000
owd_downlink_ms,50.5731,21700000
correction_magnitude_mm,139.2001360654831,21099537
correction_magnitude_deg,0,21099537
owd_uplink_ms,49.6202,21700000
owd_downlink_ms,49.4734,21700000
correction_magnitude_mm,119.8437362909317,21199354
correction_magnitude_deg,0,21199354
prediction_position_error_mm,164.29103910923004,21700000
prediction_orientation_error_deg,0,21700000
owd_uplink_ms,50.8421,21800000
owd_downlink_ms,50.5044,21800000
prediction_position_error_mm,183.64118039608002,21800000
prediction_orientation_error_deg,0,21800000
owd_uplink_ms,49.659,21900000
owd_downlink_ms,50.2863,21900000
correction_magnitude_mm,100.44193267822266,21299717
correction_magnitude_deg,0,21299717
prediction_position_error_mm,152.2480696439743,21900000
prediction_orientation_error_deg,0,21900000
owd_uplink_ms,49.3071,22000000
owd_downlink_ms,50.4021,22000000
correction_magnitude_mm,84.00258421897888,21401085
correction_magnitude_deg,0,21401085
owd_uplink_ms,49.2379,22000000
owd_downlink_ms,49.673,22000000
correction_magnitude_mm,69.94858384132385,21501628
correction_magnitude_deg,0,21501628
prediction_position_error_mm,91.8370708823204,22000000
prediction_orientation_error_deg,0,22000000
prediction_position_error_mm,103.84497791528702,22100000
prediction_orientation_error_deg,0,22100000
owd_uplink_ms,50.6757,22200000
owd_downlink_ms,49.8563,22200000
correction_magnitude_mm,64.44927304983139,21700603
correction_magnitude_deg,0,21700603
prediction_position_error_mm,86.14896982908249,22200000
prediction_orientation_error_deg,0,22200000
owd_uplink_ms,49.4507,22300000
owd_downlink_ms,49.5622,22300000
correction_magnitude_mm,55.9115894138813,21800742
correction_magnitude_deg,0,21800742
prediction_position_error_mm,69.36711072921753,22300000
prediction_orientation_error_deg,0,22300000
owd_uplink_ms,50.3217,22400000
owd_downlink_ms,50.6166,22400000
correction_magnitude_mm,39.15209323167801,21801110
correction_magnitude_deg,0,21801110
owd_uplink_ms,50.038,22400000
owd_downlink_ms,49.4806,22400000
correction_magnitude_mm,69.16660070419312,21900413
correction_magnitude_deg,0,21900413
prediction_position_error_mm,523.2661962509155,22400000
prediction_orientation_error_deg,0,22400000
prediction_position_error_mm,621.1596131324768,22500000
prediction_orientation_error_deg,0,22500000
owd_uplink_ms,49.5278,22600000
owd_downlink_ms,49.087,22600000
correction_magnitude_mm,238.10380697250366,22099862
correction_magnitude_deg,0,22099862
prediction_position_error_mm,623.7359642982483,22600000
prediction_orientation_error_deg,0,22600000
owd_uplink_ms,50.611,22700000
owd_downlink_ms,50.271,22700000
prediction_position_error_mm,715.0001525878906,22700000
prediction_orientation_error_deg,0,22700000
owd_uplink_ms,50.1045,22800000
owd_downlink_ms,49.7892,22800000
correction_magnitude_mm,351.68349742889404,22299043
correction_magnitude_deg,0,22299043
prediction_position_error_mm,677.2720813751221,22800000
prediction_orientation_error_deg,0,22800000
prediction_position_error_mm,760.0735425949097,22900000
prediction_orientation_error_deg,0,22900000
owd_uplink_ms,50.4191,23000000
owd_downlink_ms,50.572,23000000
correction_magnitude_mm,329.55455780029297,22399235
correction_magnitude_deg,0,22399235
owd_uplink_ms,49.3619,23000000
owd_downlink_ms,50.7674,23000000
correction_magnitude_mm,232.07791149616241,22400991
correction_magnitude_deg,0,22400991
prediction_position_error_mm,454.97316122055054,23000000
prediction_orientation_error_deg,0,23000000
prediction_position_error_mm,558.1779479980469,23100000
prediction_orientation_error_deg,0,23100000
owd_uplink_ms,50.7901,23200000
owd_downlink_ms,50.1735,23200000
correction_magnitude_mm,42.810987681150436,22600220
correction_magnitude_deg,0,22600220
owd_uplink_ms,49.2578,23200000
owd_downlink_ms,50.6834,23200000
correction_magnitude_mm,31.734324991703033,22602002
correction_magnitude_deg,0,22602002
prediction_position_error_mm,313.17415833473206,23200000
prediction_orientation_error_deg,0,23200000
owd_uplink_ms,49.9821,23300000
owd_downlink_ms,49.9577,23300000
correction_magnitude_mm,71.22371345758438,22701971
correction_magnitude_deg,0,22701971
prediction_position_error_mm,328.3303678035736,23300000
prediction_orientation_error_deg,0,23300000
prediction_position_error_mm,378.7626624107361,23400000
prediction_orientation_error_deg,0,23400000
owd_uplink_ms,50.7987,23500000
owd_downlink_ms,50.3533,23500000
correction_magnitude_mm,143.62703263759613,22901414
correction_magnitude_deg,0,22901414
owd_uplink_ms,49.7117,23500000
owd_downlink_ms,50.3446,23500000
correction_magnitude_mm,100.86919367313385,22902204
correction_magnitude_deg,0,22902204
owd_uplink_ms,49.7497,23500000
owd_downlink_ms,48.9134,23500000
correction_magnitude_mm,25.272514671087265,23001158
correction_magnitude_deg,0,23001158
prediction_position_error_mm,499.89616870880127,23500000
prediction_orientation_error_deg,0,23500000
prediction_position_error_mm,592.5293564796448,23600000
prediction_orientation_error_deg,0,23600000
owd_uplink_ms,49.3374,23700000
owd_downlink_ms,50.4601,23700000
correction_magnitude_mm,115.16736447811127,23102561
correction_magnitude_deg,0,23102561
prediction_position_error_mm,633.4914565086365,23700000
prediction_orientation_error_deg,0,23700000
owd_uplink_ms,50.3743,23800000
owd_downlink_ms,49.4947,23800000
correction_magnitude_mm,268.0229842662811,23301461
correction_magnitude_deg,0,23301461
prediction_position_error_mm,625.356912612915,23800000
prediction_orientation_error_deg,0,23800000
owd_uplink_ms,49.8141,23900000
owd_downlink_ms,49.4538,23900000
correction_magnitude_mm,272.5372314453125,23401010
correction_magnitude_deg,0,23401010
owd_uplink_ms,50.8797,23900000
owd_downlink_ms,49.6936,23900000
prediction_position_error_mm,590.9575819969177,23900000
prediction_orientation_error_deg,0,23900000
prediction_position_error_mm,674.5091676712036,24000000
prediction_orientation_error_deg,0,24000000
owd_uplink_ms,49.8844,24100000
owd_downlink_ms,49.8975,24100000
correction_magnitude_mm,350.0734567642212,23599545
correction_magnitude_deg,0,23599545
prediction_position_error_mm,619.616448879242,24100000
prediction_orientation_error_deg,0,24100000
owd_uplink_ms,50.4549,24200000
owd_downlink_ms,50.3056,24200000
owd_uplink_ms,49.4252,24200000
owd_downlink_ms,49.8615,24200000
correction_magnitude_mm,320.2480971813202,23699905
correction_magnitude_deg,0,23699905
prediction_position_error_mm,550.4018068313599,24200000
prediction_orientation_error_deg,0,24200000
owd_uplink_ms,49.8543,24300000
owd_downlink_ms,49.8793,24300000
correction_magnitude_mm,289.5007133483887,23799937
correction_magnitude_deg,0,23799937
prediction_position_error_mm,485.2605164051056,24300000
prediction_orientation_error_deg,0,24300000
owd_uplink_ms,49.8645,24400000
owd_downlink_ms,49.4876,24400000
correction_magnitude_mm,258.95416736602783,23899466
correction_magnitude_deg,0,23899466
prediction_position_error_mm,428.5169839859009,24400000
prediction_orientation_error_deg,0,24400000
prediction_position_error_mm,477.11971402168274,24500000
prediction_orientation_error_deg,0,24500000
prediction_position_error_mm,522.0171809196472,24600000
prediction_orientation_error_deg,0,24600000
owd_uplink_ms,49.9249,24700000
owd_downlink_ms,50.2619,24700000
correction_magnitude_mm,278.94148230552673,24099888
correction_magnitude_deg,0,24099888
owd_uplink_ms,50.8594,24700000
owd_downlink_ms,50.5183,24700000
prediction_position_error_mm,465.4844105243683,24700000
prediction_orientation_error_deg,0,24700000
owd_uplink_ms,49.4705,24800000
owd_downlink_ms,50.6589,24800000
correction_magnitude_mm,240.26550352573395,24200947
correction_magnitude_deg,0,24200947
owd_uplink_ms,49.8415,24800000
owd_downlink_ms,49.2062,24800000
correction_magnitude_mm,205.19092679023743,24300152
correction_magnitude_deg,0,24300152
prediction_position_error_mm,298.6909747123718,24800000
prediction_orientation_error_deg,0,24800000
prediction_position_error_mm,333.387166261673,24900000
prediction_orientation_error_deg,0,24900000
owd_uplink_ms,50.189,25000000
owd_downlink_ms,49.2279,25000000
correction_magnitude_mm,209.0064436197281,24498951
correction_magnitude_deg,0,24498951
prediction_position_error_mm,285.8036756515503,25000000
prediction_orientation_error_deg,0,25000000
owd_uplink_ms,48.9795,25100000
owd_downlink_ms,49.3729,25100000
correction_magnitude_mm,170.68834602832794,24599443
correction_magnitude_deg,0,24599443
prediction_position_error_mm,232.99038410186768,25100000
prediction_orientation_error_deg,0,25100000
owd_uplink_ms,50.4233,25200000
owd_downlink_ms,50.241,25200000
prediction_position_error_mm,259.435772895813,25200000
prediction_orientation_error_deg,0,25200000
owd_uplink_ms,50.2298,25300000
owd_downlink_ms,49.6709,25300000
correction_magnitude_mm,164.68043625354767,24798518
correction_magnitude_deg,0,24798518
prediction_position_error_mm,216.2599116563797,25300000
prediction_orientation_error_deg,0,25300000
owd_uplink_ms,49.1753,25400000
owd_downlink_ms,50.8521,25400000
correction_magnitude_mm,115.7781109213829,24800613
correction_magnitude_deg,0,24800613
prediction_position_error_mm,537.4108552932739,25400000
prediction_orientation_error_deg,0,25400000
owd_uplink_ms,49.9797,25500000
owd_downlink_ms,49.1646,25500000
correction_magnitude_mm,121.6805949807167,24999595
correction_magnitude_deg,0,24999595
prediction_position_error_mm,595.6409573554993,25500000
prediction_orientation_error_deg,0,25500000
owd_uplink_ms,50.6564,25600000
owd_downlink_ms,49.7328,25600000
correction_magnitude_mm,189.82908129692078,25098441
correction_magnitude_deg,0,25098441
prediction_position_error_mm,611.9060516357422,25600000
prediction_orientation_error_deg,0,25600000
owd_uplink_ms,49.4559,25700000
owd_downlink_ms,50.7504,25700000
correction_magnitude_mm,134.3740075826645,25100058
correction_magnitude_deg,0,25100058
prediction_position_error_mm,482.0573925971985,25700000
prediction_orientation_error_deg,0,25700000
owd_uplink_ms,49.8671,25800000
owd_downlink_ms,49.659,25800000
correction_magnitude_mm,97.86223620176315,25299798
correction_magnitude_deg,0,25299798
prediction_position_error_mm,545.3284978866577,25800000
prediction_orientation_error_deg,0,25800000
owd_uplink_ms,50.0095,25900000
owd_downlink_ms,50.0698,25900000
correction_magnitude_mm,68.57842206954956,25299874
correction_magnitude_deg,0,25299874
prediction_position_error_mm,572.1350908279419,25900000
prediction_orientation_error_deg,0,25900000
prediction_position_error_mm,680.3704500198364,26000000
prediction_orientation_error_deg,0,26000000
owd_uplink_ms,50.1246,26100000
owd_downlink_ms,50.4828,26100000
correction_magnitude_mm,156.37879073619843,25500321
correction_magnitude_deg,0,25500321
prediction_position_error_mm,719.4029092788696,26100000
prediction_orientation_error_deg,0,26100000
owd_uplink_ms,50.3631,26200000
owd_downlink_ms,50.2419,26200000
correction_magnitude_mm,210.94992756843567,25600169
correction_magnitude_deg,0,25600169
owd_uplink_ms,50.5,26200000
owd_downlink_ms,49.2936,26200000
correction_magnitude_mm,245.67396938800812,25698661
correction_magnitude_deg,0,25698661
owd_uplink_ms,49.2238,26200000
owd_downlink_ms,49.9502,26200000
correction_magnitude_mm,172.73272573947906,25699569
correction_magnitude_deg,0,25699569
prediction_position_error_mm,358.8135838508606,26200000
prediction_orientation_error_deg,0,26200000
prediction_position_error_mm,458.78860354423523,26300000
prediction_orientation_error_deg,0,26300000
owd_uplink_ms,50.6879,26400000
owd_downlink_ms,49.8187,26400000
correction_magnitude_mm,73.90758395195007,25898483
correction_magnitude_deg,0,25898483
prediction_position_error_mm,526.7977118492126,26400000
prediction_orientation_error_deg,0,26400000
owd_uplink_ms,49.5626,26500000
owd_downlink_ms,49.7055,26500000
correction_magnitude_mm,142.569437623024,25998662
correction_magnitude_deg,0,25998662
prediction_position_error_mm,552.9971718788147,26500000
prediction_orientation_error_deg,0,26500000
owd_uplink_ms,50.6091,26600000
owd_downlink_ms,50.4781,26600000
prediction_position_error_mm,647.593080997467,26600000
prediction_orientation_error_deg,0,26600000
owd_uplink_ms,50.2973,26700000
owd_downlink_ms,49.8878,26700000
correction_magnitude_mm,280.0131142139435,26197988
correction_magnitude_deg,0,26197988
owd_uplink_ms,49.7546,26700000
owd_downlink_ms,50.1311,26700000
correction_magnitude_mm,196.43482565879822,26198459
correction_magnitude_deg,0,26198459
prediction_position_error_mm,385.4043483734131,26700000
prediction_orientation_error_deg,0,26700000
prediction_position_error_mm,489.7482395172119,26800000
prediction_orientation_error_deg,0,26800000
prediction_position_error_mm,594.1175222396851,26900000
prediction_orientation_error_deg,0,26900000
owd_uplink_ms,50.6347,27000000
owd_downlink_ms,50.38,27000000
correction_magnitude_mm,66.3958489894867,26398141
correction_magnitude_deg,0,26398141
prediction_position_error_mm,672.5891828536987,27000000
prediction_orientation_error_deg,0,27000000
owd_uplink_ms,49.1672,27100000
owd_downlink_ms,50.2995,27100000
correction_magnitude_mm,155.4255336523056,26499557
correction_magnitude_deg,0,26499557
owd_uplink_ms,50.6605,27100000
owd_downlink_ms,50.6864,27100000
correction_magnitude_mm,108.82902890443802,26499590
correction_magnitude_deg,0,26499590
prediction_position_error_mm,502.35575437545776,27100000
prediction_orientation_error_deg,0,27100000
owd_uplink_ms,50.4921,27200000
owd_downlink_ms,49.7713,27200000
correction_magnitude_mm,114.27060514688492,26698689
correction_magnitude_deg,0,26698689
prediction_position_error_mm,550.5478382110596,27200000
prediction_orientation_error_deg,0,27200000
owd_uplink_ms,49.413,27300000
owd_downlink_ms,50.1047,27300000
correction_magnitude_mm,80.83906024694443,26699554
correction_magnitude_deg,0,26699554
owd_uplink_ms,49.381,27300000
owd_downlink_ms,49.481,27300000
correction_magnitude_mm,47.853220254182816,26799680
correction_magnitude_deg,0,26799680
prediction_position_error_mm,544.1286563873291,27300000
prediction_orientation_error_deg,0,27300000
prediction_position_error_mm,647.1286416053772,27400000
prediction_orientation_error_deg,0,27400000
owd_uplink_ms,49.6713,27500000
owd_downlink_ms,50.8612,27500000
correction_magnitude_mm,137.86786794662476,26901167
correction_magnitude_deg,0,26901167
prediction_position_error_mm,688.8827085494995,27500000
prediction_orientation_error_deg,0,27500000
owd_uplink_ms,49.8916,27600000
owd_downlink_ms,50.3292,27600000
correction_magnitude_mm,195.87770104408264,27001713
correction_magnitude_deg,0,27001713
prediction_position_error_mm,689.6268725395203,27600000
prediction_orientation_error_deg,0,27600000
owd_uplink_ms,50.1155,27700000
owd_downlink_ms,49.1315,27700000
correction_magnitude_mm,322.1149146556854,27200482
correction_magnitude_deg,0,27200482
owd_uplink_ms,49.426,27700000
owd_downlink_ms,49.6589,27700000
correction_magnitude_mm,225.72419047355652,27200773
correction_magnitude_deg,0,27200773
prediction_position_error_mm,323.3543634414673,27700000
prediction_orientation_error_deg,0,27700000
prediction_position_error_mm,418.82991790771484,27800000
prediction_orientation_error_deg,0,27800000
owd_uplink_ms,50.0739,27900000
owd_downlink_ms,49.3024,27900000
correction_magnitude_mm,36.619219928979874,27399809
correction_magnitude_deg,0,27399809
prediction_position_error_mm,500.543475151062,27900000
prediction_orientation_error_deg,0,27900000
owd_uplink_ms,49.2006,28000000
owd_downlink_ms,49.9234,28000000
correction_magnitude_mm,117.08386242389679,27500712
correction_magnitude_deg,0,27500712
prediction_position_error_mm,542.9353713989258,28000000
prediction_orientation_error_deg,0,28000000
owd_uplink_ms,50.3048,28100000
owd_downlink_ms,50.4023,28100000
correction_magnitude_mm,82.07470923662186,27500833
correction_magnitude_deg,0,27500833
prediction_position_error_mm,564.1577839851379,28100000
prediction_orientation_error_deg,0,28100000
prediction_position_error_mm,673.3013391494751,28200000
prediction_orientation_error_deg,0,28200000
owd_uplink_ms,50.5256,28300000
owd_downlink_ms,50.2958,28300000
correction_magnitude_mm,146.7001736164093,27700545
correction_magnitude_deg,0,27700545
prediction_position_error_mm,716.0605192184448,28300000
prediction_orientation_error_deg,0,28300000
owd_uplink_ms,50.2512,28400000
owd_downlink_ms,50.2013,28400000
correction_magnitude_mm,204.8937827348709,27800482
correction_magnitude_deg,0,27800482
prediction_position_error_mm,724.7348427772522,28400000
prediction_orientation_error_deg,0,28400000
owd_uplink_ms,50.6715,28500000
owd_downlink_ms,50.6623,28500000
correction_magnitude_mm,239.5511418581009,27900470
correction_magnitude_deg,0,27900470
prediction_position_error_mm,701.4012336730957,28500000
prediction_orientation_error_deg,0,28500000
owd_uplink_ms,50.4937,28600000
owd_downlink_ms,50.0136,28600000
correction_magnitude_mm,256.1490833759308,27999870
correction_magnitude_deg,0,27999870
prediction_position_error_mm,671.9126105308533,28600000
prediction_orientation_error_deg,0,28600000
owd_uplink_ms,50.857,28700000
owd_downlink_ms,50.229,28700000
correction_magnitude_mm,259.96148586273193,28099085
correction_magnitude_deg,0,28099085
owd_uplink_ms,49.1842,28700000
owd_downlink_ms,49.8482,28700000
correction_magnitude_mm,260.5627477169037,28199915
correction_magnitude_deg,0,28199915
prediction_position_error_mm,506.45774602890015,28700000
prediction_orientation_error_deg,0,28700000
owd_uplink_ms,50.5171,28800000
owd_downlink_ms,50.117,28800000
prediction_position_error_mm,572.2318887710571,28800000
prediction_orientation_error_deg,0,28800000
owd_uplink_ms,49.1511,28900000
owd_downlink_ms,49.1122,28900000
correction_magnitude_mm,313.48350644111633,28399368
correction_magnitude_deg,0,28399368
prediction_position_error_mm,520.3742384910583,28900000
prediction_orientation_error_deg,0,28900000
owd_uplink_ms,50.105,29000000
owd_downlink_ms,50.5611,29000000
correction_magnitude_mm,219.7597175836563,28399938
correction_magnitude_deg,0,28399938
prediction_position_error_mm,418.18368434906006,29000000
prediction_orientation_error_deg,0,29000000
owd_uplink_ms,50.0427,29100000
owd_downlink_ms,49.5387,29100000
correction_magnitude_mm,36.3900326192379,28599309
correction_magnitude_deg,0,28599309
owd_uplink_ms,49.3004,29100000
owd_downlink_ms,49.9168,29100000
correction_magnitude_mm,26.2349434196949,28600079
correction_magnitude_deg,0,28600079
prediction_position_error_mm,42.51358285546303,29100000
prediction_orientation_error_deg,0,29100000
prediction_position_error_mm,52.61901021003723,29200000
prediction_orientation_error_deg,0,29200000
owd_uplink_ms,50.2239,29300000
owd_downlink_ms,49.5413,29300000
correction_magnitude_mm,18.694806843996048,28799226
correction_magnitude_deg,0,28799226
prediction_position_error_mm,58.819904923439026,29300000
prediction_orientation_error_deg,0,29300000
prediction_position_error_mm,70.34643739461899,29400000
prediction_orientation_error_deg,0,29400000
owd_uplink_ms,50.3174,29500000
owd_downlink_ms,50.24,29500000
correction_magnitude_mm,19.32411640882492,28899130
correction_magnitude_deg,0,28899130
owd_uplink_ms,50.5719,29500000
owd_downlink_ms,49.6514,29500000
correction_magnitude_mm,22.431906312704086,28997980
correction_magnitude_deg,0,28997980
prediction_position_error_mm,63.50196897983551,29500000
prediction_orientation_error_deg,0,29500000
owd_uplink_ms,49.6882,29600000
owd_downlink_ms,50.873,29600000
correction_magnitude_mm,15.826601535081863,28999461
correction_magnitude_deg,0,28999461
prediction_position_error_mm,125.6951242685318,29600000
prediction_orientation_error_deg,0,29600000
prediction_position_error_mm,148.4214961528778,29700000
prediction_orientation_error_deg,0,29700000
owd_uplink_ms,50.68,29800000
owd_downlink_ms,50.5327,29800000
correction_magnitude_mm,34.51467305421829,29199278
correction_magnitude_deg,0,29199278
owd_uplink_ms,49.4955,29800000
owd_downlink_ms,50.4474,29800000
correction_magnitude_mm,24.429481476545334,29200467
correction_magnitude_deg,0,29200467
prediction_position_error_mm,219.2576676607132,29800000
prediction_orientation_error_deg,0,29800000
owd_uplink_ms,49.9155,29900000
owd_downlink_ms,49.3962,29900000
correction_magnitude_mm,61.4495649933815,29399818
correction_magnitude_deg,0,29399818
prediction_position_error_mm,235.65906286239624,29900000
prediction_orientation_error_deg,0,29900000
owd_uplink_ms,50.4456,30000000
owd_downlink_ms,50.3607,30000000
prediction_position_error_mm,273.8442122936249,30000000
prediction_orientation_error_deg,0,30000000
owd_uplink_ms,49.8911,30100000
owd_downlink_ms,50.149,30100000
correction_magnitude_mm,81.5904289484024,29500035
correction_magnitude_deg,0,29500035
owd_uplink_ms,49.7066,30100000
owd_downlink_ms,49.3433,30100000
correction_magnitude_mm,93.013234436512,29599582
correction_magnitude_deg,0,29599582
prediction_position_error_mm,231.33549094200134,30100000
prediction_orientation_error_deg,0,30100000
prediction_position_error_mm,264.63988423347473,30200000
prediction_orientation_error_deg,0,30200000
owd_uplink_ms,49.8371,30300000
owd_downlink_ms,50.7258,30300000
correction_magnitude_mm,98.74404221773148,29700692
correction_magnitude_deg,0,29700692
prediction_position_error_mm,250.78153610229492,30300000
prediction_orientation_error_deg,0,30300000
owd_uplink_ms,49.316,30400000
owd_downlink_ms,50.7336,30400000
correction_magnitude_mm,100.00214725732803,29802463
correction_magnitude_deg,0,29802463
prediction_position_error_mm,233.57068002223969,30400000
prediction_orientation_error_deg,0,30400000
owd_uplink_ms,49.9405,30500000
owd_downlink_ms,50.5133,30500000
correction_magnitude_mm,97.60825335979462,29903178
correction_magnitude_deg,0,29903178
prediction_position_error_mm,214.81621265411377,30500000
prediction_orientation_error_deg,0,30500000
prediction_position_error_mm,238.9644980430603,30600000
prediction_orientation_error_deg,0,30600000
owd_uplink_ms,50.5768,30700000
owd_downlink_ms,49.9747,30700000
correction_magnitude_mm,116.87719076871872,30102425
correction_magnitude_deg,0,30102425
owd_uplink_ms,50.7824,30700000
owd_downlink_ms,49.4528,30700000
correction_magnitude_mm,104.18752580881119,30200763
correction_magnitude_deg,0,30200763
prediction_position_error_mm,171.39777541160583,30700000
prediction_orientation_error_deg,0,30700000
owd_uplink_ms,50.3965,30800000
owd_downlink_ms,49.5268,30800000
correction_magnitude_mm,92.31076389551163,30299677
correction_magnitude_deg,0,30299677
prediction_position_error_mm,149.41580593585968,30800000
prediction_orientation_error_deg,0,30800000
owd_uplink_ms,50.1651,30900000
owd_downlink_ms,49.6494,30900000
correction_magnitude_mm,81.3174694776535,30399033
correction_magnitude_deg,0,30399033
prediction_position_error_mm,129.648357629776,30900000
prediction_orientation_error_deg,0,30900000
prediction_position_error_mm,143.41937005519867,31000000
prediction_orientation_error_deg,0,31000000
owd_uplink_ms,50.3197,31100000
owd_downlink_ms,50.1756,31100000
correction_magnitude_mm,71.88840955495834,30498853
correction_magnitude_deg,0,30498853
owd_uplink_ms,49.2566,31100000
owd_downlink_ms,50.1217,31100000
correction_magnitude_mm,50.44521018862724,30499935
correction_magnitude_deg,0,30499935
prediction_position_error_mm,559.9470734596252,31100000
prediction_orientation_error_deg,0,31100000
owd_uplink_ms,49.813,31200000
owd_downlink_ms,49.898,31200000
correction_magnitude_mm,162.9471331834793,30700041
correction_magnitude_deg,0,30700041
prediction_position_error_mm,597.0204472541809,31200000
prediction_orientation_error_deg,0,31200000
owd_uplink_ms,50.1168,31300000
owd_downlink_ms,50.7077,31300000
correction_magnitude_mm,114.7819310426712,30700779
correction_magnitude_deg,0,30700779
prediction_position_error_mm,524.2232084274292,31300000
prediction_orientation_error_deg,0,31300000
owd_uplink_ms,50.1119,31400000
owd_downlink_ms,50.3888,31400000
correction_magnitude_mm,21.123962476849556,30801125
correction_magnitude_deg,0,30801125
prediction_position_error_mm,615.1110529899597,31400000
prediction_orientation_error_deg,0,31400000
owd_uplink_ms,49.3211,31500000
owd_downlink_ms,49.9945,31500000
correction_magnitude_mm,115.73076248168945,30901966
correction_magnitude_deg,0,30901966
prediction_position_error_mm,660.1033806800842,31500000
prediction_orientation_error_deg,0,31500000
owd_uplink_ms,50.1835,31600000
owd_downlink_ms,49.2251,31600000
correction_magnitude_mm,272.48769998550415,31100767
correction_magnitude_deg,0,31100767
prediction_position_error_mm,653.6455750465393,31600000
prediction_orientation_error_deg,0,31600000
owd_uplink_ms,50.4854,31700000
owd_downlink_ms,49.8319,31700000
correction_magnitude_mm,283.71694684028625,31199951
correction_magnitude_deg,0,31199951
prediction_position_error_mm,619.4372177124023,31700000
prediction_orientation_error_deg,0,31700000
owd_uplink_ms,49.3969,31800000
owd_downlink_ms,50.5122,31800000
correction_magnitude_mm,199.75975155830383,31201345
correction_magnitude_deg,0,31201345
prediction_position_error_mm,453.5250961780548,31800000
prediction_orientation_error_deg,0,31800000
owd_uplink_ms,49.571,31900000
owd_downlink_ms,50.0169,31900000
correction_magnitude_mm,40.51429033279419,31301902
correction_magnitude_deg,0,31301902
prediction_position_error_mm,563.552975654602,31900000
prediction_orientation_error_deg,0,31900000
owd_uplink_ms,49.8901,32000000
owd_downlink_ms,50.6627,32000000
correction_magnitude_mm,71.83581590652466,31402867
correction_magnitude_deg,0,31402867
prediction_position_error_mm,629.1557550430298,32000000
prediction_orientation_error_deg,0,32000000
owd_uplink_ms,49.7506,32100000
owd_downlink_ms,50.5902,32100000
correction_magnitude_mm,148.08595180511475,31503916
correction_magnitude_deg,0,31503916
prediction_position_error_mm,655.3106307983398,32100000
prediction_orientation_error_deg,0,32100000
owd_uplink_ms,50.9056,32200000
owd_downlink_ms,49.5148,32200000
correction_magnitude_mm,286.83891892433167,31702177
correction_magnitude_deg,0,31702177
prediction_position_error_mm,639.033317565918,32200000
prediction_orientation_error_deg,0,32200000
owd_uplink_ms,49.8899,32300000
owd_downlink_ms,50.6605,32300000
correction_magnitude_mm,201.64410769939423,31703140
correction_magnitude_deg,0,31703140
prediction_position_error_mm,460.77728271484375,32300000
prediction_orientation_error_deg,0,32300000
owd_uplink_ms,51.0995,32400000
owd_downlink_ms,49.4642,32400000
correction_magnitude_mm,59.22792851924896,31901096
correction_magnitude_deg,0,31901096
prediction_position_error_mm,540.8676266670227,32400000
prediction_orientation_error_deg,0,32400000
owd_uplink_ms,49.6313,32500000
owd_downlink_ms,50.7468,32500000
correction_magnitude_mm,42.825642973184586,31902490
correction_magnitude_deg,0,31902490
prediction_position_error_mm,94.18046474456787,32500000
prediction_orientation_error_deg,0,32500000
prediction_position_error_mm,106.03304207324982,32600000
prediction_orientation_error_deg,0,32600000
owd_uplink_ms,50.4414,32700000
owd_downlink_ms,49.9726,32700000
correction_magnitude_mm,49.54220354557037,32101904
correction_magnitude_deg,0,32101904
owd_uplink_ms,50.5244,32700000
owd_downlink_ms,49.4095,32700000
correction_magnitude_mm,43.98740082979202,32200510
correction_magnitude_deg,0,32200510
owd_uplink_ms,49.6428,32700000
owd_downlink_ms,49.5297,32700000
prediction_position_error_mm,79.95997369289398,32700000
prediction_orientation_error_deg,0,32700000
prediction_position_error_mm,92.75933355093002,32800000
prediction_orientation_error_deg,0,32800000
prediction_position_error_mm,103.0389741063118,32900000
prediction_orientation_error_deg,0,32900000
owd_uplink_ms,49.8851,33000000
owd_downlink_ms,50.0348,33000000
correction_magnitude_mm,49.90444704890251,32400554
correction_magnitude_deg,0,32400554
owd_uplink_ms,50.2917,33000000
owd_downlink_ms,50.6027,33000000
correction_magnitude_mm,34.97589752078056,32400942
correction_magnitude_deg,0,32400942
owd_uplink_ms,49.5844,33000000
owd_downlink_ms,49.3013,33000000
correction_magnitude_mm,77.03564316034317,32500588
correction_magnitude_deg,0,32500588
prediction_position_error_mm,550.9486794471741,33000000
prediction_orientation_error_deg,0,33000000
owd_uplink_ms,49.439,33100000
owd_downlink_ms,49.3012,33100000
correction_magnitude_mm,153.29395234584808,32600415
correction_magnitude_deg,0,32600415
prediction_position_error_mm,581.4365148544312,33100000
prediction_orientation_error_deg,0,33100000
prediction_position_error_mm,674.4089722633362,33200000
prediction_orientation_error_deg,0,33200000
owd_uplink_ms,49.9209,33300000
owd_downlink_ms,49.997,33300000
correction_magnitude_mm,202.31543481349945,32700509
correction_magnitude_deg,0,32700509
prediction_position_error_mm,672.2379326820374,33300000
prediction_orientation_error_deg,0,33300000
owd_uplink_ms,49.9923,33400000
owd_downlink_ms,49.1332,33400000
correction_magnitude_mm,316.4646327495575,32899436
correction_magnitude_deg,0,32899436
prediction_position_error_mm,642.2123908996582,33400000
prediction_orientation_error_deg,0,33400000
owd_uplink_ms,50.5366,33500000
owd_downlink_ms,49.3769,33500000
correction_magnitude_mm,306.32102489471436,32997987
correction_magnitude_deg,0,32997987
prediction_position_error_mm,589.4064903259277,33500000
prediction_orientation_error_deg,0,33500000
owd_uplink_ms,49.4181,33600000
owd_downlink_ms,50.8782,33600000
correction_magnitude_mm,215.753436088562,32999813
correction_magnitude_deg,0,32999813
owd_uplink_ms,49.7496,33600000
owd_downlink_ms,49.4271,33600000
correction_magnitude_mm,53.48430201411247,33099410
correction_magnitude_deg,0,33099410
prediction_position_error_mm,453.809529542923,33600000
prediction_orientation_error_deg,0,33600000
prediction_position_error_mm,553.6816120147705,33700000
prediction_orientation_error_deg,0,33700000
prediction_position_error_mm,650.0810384750366,33800000
prediction_orientation_error_deg,0,33800000
owd_uplink_ms,50.314,33900000
owd_downlink_ms,50.785,33900000
correction_magnitude_mm,161.2584888935089,33299999
correction_magnitude_deg,0,33299999
prediction_position_error_mm,687.110185623169,33900000
prediction_orientation_error_deg,0,33900000
owd_uplink_ms,50.6608,34000000
owd_downlink_ms,50.2227,34000000
correction_magnitude_mm,208.02506804466248,33399452
correction_magnitude_deg,0,33399452
prediction_position_error_mm,682.7601790428162,34000000
prediction_orientation_error_deg,0,34000000
owd_uplink_ms,50.2707,34100000
owd_downlink_ms,50.5339,34100000
correction_magnitude_mm,233.59987139701843,33499782
correction_magnitude_deg,0,33499782
owd_uplink_ms,50.0567,34100000
owd_downlink_ms,50.7666,34100000
correction_magnitude_mm,164.2659604549408,33500669
correction_magnitude_deg,0,33500669
owd_uplink_ms,49.899,34100000
owd_downlink_ms,49.6813,34100000
correction_magnitude_mm,14.050014317035675,33600396
correction_magnitude_deg,0,33600396
prediction_position_error_mm,496.8448877334595,34100000
prediction_orientation_error_deg,0,34100000
prediction_position_error_mm,598.5126495361328,34200000
prediction_orientation_error_deg,0,34200000
owd_uplink_ms,50.2965,34300000
owd_downlink_ms,49.2452,34300000
correction_magnitude_mm,192.69387423992157,33799083
correction_magnitude_deg,0,33799083
prediction_position_error_mm,627.8005838394165,34300000
prediction_orientation_error_deg,0,34300000
owd_uplink_ms,49.2345,34400000
owd_downlink_ms,50.3709,34400000
correction_magnitude_mm,136.26165688037872,33800503
correction_magnitude_deg,0,33800503
prediction_position_error_mm,494.54477429389954,34400000
prediction_orientation_error_deg,0,34400000
owd_uplink_ms,50.6227,34500000
owd_downlink_ms,49.708,34500000
correction_magnitude_mm,101.50682181119919,33999360
correction_magnitude_deg,0,33999360
prediction_position_error_mm,552.8426766395569,34500000
prediction_orientation_error_deg,0,34500000
owd_uplink_ms,49.9508,34600000
owd_downlink_ms,49.4891,34600000
correction_magnitude_mm,167.02818870544434,34098783
correction_magnitude_deg,0,34098783
prediction_position_error_mm,574.1140842437744,34600000
prediction_orientation_error_deg,0,34600000
prediction_position_error_mm,667.4179434776306,34700000
prediction_orientation_error_deg,0,34700000
owd_uplink_ms,50.8018,34800000
owd_downlink_ms,51.0858,34800000
correction_magnitude_mm,208.78033339977264,34199138
correction_magnitude_deg,0,34199138
prediction_position_error_mm,657.1979522705078,34800000
prediction_orientation_error_deg,0,34800000
owd_uplink_ms,50.0693,34900000
owd_downlink_ms,50.5315,34900000
correction_magnitude_mm,231.951966881752,34299716
correction_magnitude_deg,0,34299716
prediction_position_error_mm,633.1407427787781,34900000
prediction_orientation_error_deg,0,34900000
owd_uplink_ms,50.8672,35000000
owd_downlink_ms,50.9893,35000000
correction_magnitude_mm,240.8849596977234,34399869
correction_magnitude_deg,0,34399869
owd_uplink_ms,50.642,35000000
owd_downlink_ms,49.826,35000000
correction_magnitude_mm,237.37779259681702,34498850
correction_magnitude_deg,0,34498850
prediction_position_error_mm,488.7911379337311,35000000
prediction_orientation_error_deg,0,35000000
owd_uplink_ms,49.8,35100000
owd_downlink_ms,50.5086,35100000
correction_magnitude_mm,166.74603521823883,34499736
correction_magnitude_deg,0,34499736
prediction_position_error_mm,491.8288290500641,35100000
prediction_orientation_error_deg,0,35100000
owd_uplink_ms,49.7704,35200000
owd_downlink_ms,50.5275,35200000
correction_magnitude_mm,14.593319967389107,34600682
correction_magnitude_deg,0,34600682
prediction_position_error_mm,599.3669033050537,35200000
prediction_orientation_error_deg,0,35200000
owd_uplink_ms,50.1492,35300000
owd_downlink_ms,49.296,35300000
correction_magnitude_mm,192.47464835643768,34799616
correction_magnitude_deg,0,34799616
owd_uplink_ms,49.2603,35300000
owd_downlink_ms,49.8228,35300000
correction_magnitude_mm,135.4134976863861,34800319
correction_magnitude_deg,0,34800319
prediction_position_error_mm,396.185427904129,35300000
prediction_orientation_error_deg,0,35300000
prediction_position_error_mm,494.4629371166229,35400000
prediction_orientation_error_deg,0,35400000
owd_uplink_ms,50.6968,35500000
owd_downlink_ms,49.6632,35500000
correction_magnitude_mm,102.09683328866959,34999028
correction_magnitude_deg,0,34999028
prediction_position_error_mm,555.9957027435303,35500000
prediction_orientation_error_deg,0,35500000
owd_uplink_ms,50.3698,35600000
owd_downlink_ms,50.024,35600000
correction_magnitude_mm,167.7309274673462,35098596
correction_magnitude_deg,0,35098596
prediction_position_error_mm,575.516939163208,35600000
prediction_orientation_error_deg,0,35600000
owd_uplink_ms,49.6089,35700000
owd_downlink_ms,49.6671,35700000
correction_magnitude_mm,207.53517746925354,35198669
correction_magnitude_deg,0,35198669
owd_uplink_ms,50.4628,35700000
owd_downlink_ms,49.9173,35700000
prediction_position_error_mm,575.3703713417053,35700000
prediction_orientation_error_deg,0,35700000
prediction_position_error_mm,659.3087911605835,35800000
prediction_orientation_error_deg,0,35800000
owd_uplink_ms,49.4623,35900000
owd_downlink_ms,50.3311,35900000
correction_magnitude_mm,231.06946051120758,35299075
correction_magnitude_deg,0,35299075
prediction_position_error_mm,634.0311765670776,35900000
prediction_orientation_error_deg,0,35900000
owd_uplink_ms,49.5098,36000000
owd_downlink_ms,50.1027,36000000
correction_magnitude_mm,240.89884757995605,35399816
correction_magnitude_deg,0,35399816
prediction_position_error_mm,598.9020466804504,36000000
prediction_orientation_error_deg,0,36000000
owd_uplink_ms,50.6403,36100000
owd_downlink_ms,50.037,36100000
correction_magnitude_mm,310.8883202075958,35599063
correction_magnitude_deg,0,35599063
owd_uplink_ms,49.3271,36100000
owd_downlink_ms,49.9791,36100000
correction_magnitude_mm,218.17924082279205,35599879
correction_magnitude_deg,0,35599879
prediction_position_error_mm,353.87828946113586,36100000
prediction_orientation_error_deg,0,36100000
prediction_position_error_mm,455.4624855518341,36200000
prediction_orientation_error_deg,0,36200000
owd_uplink_ms,50.5815,36300000
owd_downlink_ms,49.3684,36300000
correction_magnitude_mm,49.49169233441353,35798363
correction_magnitude_deg,0,35798363
prediction_position_error_mm,540.237545967102,36300000
prediction_orientation_error_deg,0,36300000
owd_uplink_ms,49.3655,36400000
owd_downlink_ms,50.1137,36400000
correction_magnitude_mm,35.560689866542816,35799299
correction_magnitude_deg,0,35799299
owd_uplink_ms,49.0985,36400000
owd_downlink_ms,49.5721,36400000
correction_magnitude_mm,16.187893226742744,35899892
correction_magnitude_deg,0,35899892
prediction_position_error_mm,91.16876125335693,36400000
prediction_orientation_error_deg,0,36400000
prediction_position_error_mm,109.36041921377182,36500000
prediction_orientation_error_deg,0,36500000
owd_uplink_ms,50.2399,36600000
owd_downlink_ms,49.7111,36600000
correction_magnitude_mm,42.00997203588486,36099232
correction_magnitude_deg,0,36099232
prediction_position_error_mm,116.68552458286285,36600000
prediction_orientation_error_deg,0,36600000
prediction_position_error_mm,130.0402134656906,36700000
prediction_orientation_error_deg,0,36700000
owd_uplink_ms,50.6732,36800000
owd_downlink_ms,51.0256,36800000
correction_magnitude_mm,46.517178416252136,36199673
correction_magnitude_deg,0,36199673
owd_uplink_ms,50.0101,36800000
owd_downlink_ms,49.4989,36800000
correction_magnitude_mm,43.9327210187912,36299035
correction_magnitude_deg,0,36299035
prediction_position_error_mm,106.05888813734055,36800000
prediction_orientation_error_deg,0,36800000
owd_uplink_ms,49.4082,36900000
owd_downlink_ms,50.2403,36900000
correction_magnitude_mm,30.954111367464066,36300075
correction_magnitude_deg,0,36300075
prediction_position_error_mm,420.11192440986633,36900000
prediction_orientation_error_deg,0,36900000
owd_uplink_ms,49.2029,37000000
owd_downlink_ms,50.4733,37000000
correction_magnitude_mm,53.87955531477928,36401662
correction_magnitude_deg,0,36401662
prediction_position_error_mm,468.73173117637634,37000000
prediction_orientation_error_deg,0,37000000
owd_uplink_ms,50.061,37100000
owd_downlink_ms,49.8938,37100000
correction_magnitude_mm,110.38334667682648,36501452
correction_magnitude_deg,0,36501452
prediction_position_error_mm,492.7554428577423,37100000
prediction_orientation_error_deg,0,37100000
owd_uplink_ms,49.8556,37200000
owd_downlink_ms,49.6123,37200000
correction_magnitude_mm,215.98327159881592,36701147
correction_magnitude_deg,0,36701147
prediction_position_error_mm,476.79898142814636,37200000
prediction_orientation_error_deg,0,37200000
owd_uplink_ms,50.3553,37300000
owd_downlink_ms,50.7313,37300000
correction_magnitude_mm,151.47802233695984,36701616
correction_magnitude_deg,0,36701616
prediction_position_error_mm,470.66208720207214,37300000
prediction_orientation_error_deg,0,37300000
owd_uplink_ms,49.7578,37400000
owd_downlink_ms,50.6523,37400000
correction_magnitude_mm,9.393672458827496,36802734
correction_magnitude_deg,0,36802734
prediction_position_error_mm,569.1924095153809,37400000
prediction_orientation_error_deg,0,37400000
prediction_position_error_mm,664.9633646011353,37500000
prediction_orientation_error_deg,0,37500000
owd_uplink_ms,50.3615,37600000
owd_downlink_ms,50.2635,37600000
correction_magnitude_mm,188.99427354335785,37002611
correction_magnitude_deg,0,37002611
prediction_position_error_mm,682.9575300216675,37600000
prediction_orientation_error_deg,0,37600000
owd_uplink_ms,49.7678,37700000
owd_downlink_ms,49.9236,37700000
correction_magnitude_mm,221.01084887981415,37102805
correction_magnitude_deg,0,37102805
owd_uplink_ms,51.1487,37700000
owd_downlink_ms,50.6946,37700000
prediction_position_error_mm,670.1557040214539,37700000
prediction_orientation_error_deg,0,37700000
owd_uplink_ms,50.6446,37800000
owd_downlink_ms,49.3986,37800000
correction_magnitude_mm,329.5789361000061,37300679
correction_magnitude_deg,0,37300679
prediction_position_error_mm,636.8679404258728,37800000
prediction_orientation_error_deg,0,37800000
owd_uplink_ms,50.2849,37900000
owd_downlink_ms,49.7704,37900000
correction_magnitude_mm,311.447411775589,37400036
correction_magnitude_deg,0,37400036
prediction_position_error_mm,577.8530240058899,37900000
prediction_orientation_error_deg,0,37900000
prediction_position_error_mm,649.9143838882446,38000000
prediction_orientation_error_deg,0,38000000
owd_uplink_ms,50.6136,38100000
owd_downlink_ms,50.1424,38100000
correction_magnitude_mm,289.48089480400085,37499447
correction_magnitude_deg,0,37499447
prediction_position_error_mm,582.6979875564575,38100000
prediction_orientation_error_deg,0,38100000
owd_uplink_ms,49.7517,38200000
owd_downlink_ms,50.0499,38200000
correction_magnitude_mm,261.93714141845703,37599820
correction_magnitude_deg,0,37599820
owd_uplink_ms,50.9727,38200000
owd_downlink_ms,50.9879,38200000
correction_magnitude_mm,183.3672821521759,37599839
correction_magnitude_deg,0,37599839
prediction_position_error_mm,496.18756771087646,38200000
prediction_orientation_error_deg,0,38200000
owd_uplink_ms,49.5651,38300000
owd_downlink_ms,50.3955,38300000
correction_magnitude_mm,23.235948756337166,37700877
correction_magnitude_deg,0,37700877
prediction_position_error_mm,603.1232476234436,38300000
prediction_orientation_error_deg,0,38300000
owd_uplink_ms,50.1021,38400000
owd_downlink_ms,49.9332,38400000
correction_magnitude_mm,187.6658797264099,37900666
correction_magnitude_deg,0,37900666
prediction_position_error_mm,640.6382322311401,38400000
prediction_orientation_error_deg,0,38400000
owd_uplink_ms,50.193,38500000
owd_downlink_ms,49.8123,38500000
correction_magnitude_mm,232.16110467910767,38000189
correction_magnitude_deg,0,38000189
prediction_position_error_mm,637.0839476585388,38500000
prediction_orientation_error_deg,0,38500000
owd_uplink_ms,50.3033,38600000
owd_downlink_ms,49.2744,38600000
correction_magnitude_mm,255.58331608772278,38098903
correction_magnitude_deg,0,38098903
prediction_position_error_mm,615.5279874801636,38600000
prediction_orientation_error_deg,0,38600000
owd_uplink_ms,50.1944,38700000
owd_downlink_ms,49.966,38700000
correction_magnitude_mm,269.10293102264404,38198618
correction_magnitude_deg,0,38198618
prediction_position_error_mm,580.4459452629089,38700000
prediction_orientation_error_deg,0,38700000
owd_uplink_ms,49.7173,38800000
owd_downlink_ms,50.6627,38800000
correction_magnitude_mm,189.25033509731293,38199800
correction_magnitude_deg,0,38199800
prediction_position_error_mm,444.4182515144348,38800000
prediction_orientation_error_deg,0,38800000
owd_uplink_ms,50.1561,38900000
owd_downlink_ms,49.5318,38900000
correction_magnitude_mm,58.863334357738495,38399020
correction_magnitude_deg,0,38399020
prediction_position_error_mm,522.3129987716675,38900000
prediction_orientation_error_deg,0,38900000
owd_uplink_ms,49.6709,39000000
owd_downlink_ms,50.1189,39000000
correction_magnitude_mm,41.76005348563194,38399581
correction_magnitude_deg,0,38399581
prediction_position_error_mm,590.0298357009888,39000000
prediction_orientation_error_deg,0,39000000
owd_uplink_ms,49.708,39100000
owd_downlink_ms,50.6961,39100000
correction_magnitude_mm,75.84095746278763,38500816
correction_magnitude_deg,0,38500816
prediction_position_error_mm,661.1261367797852,39100000
prediction_orientation_error_deg,0,39100000
owd_uplink_ms,50.0364,39200000
owd_downlink_ms,50.5137,39200000
correction_magnitude_mm,155.22581338882446,38601412
correction_magnitude_deg,0,38601412
prediction_position_error_mm,684.5923662185669,39200000
prediction_orientation_error_deg,0,39200000
owd_uplink_ms,49.466,39300000
owd_downlink_ms,50.4608,39300000
correction_magnitude_mm,206.70880377292633,38702655
correction_magnitude_deg,0,38702655
prediction_position_error_mm,682.716965675354,39300000
prediction_orientation_error_deg,0,39300000
owd_uplink_ms,49.7111,39400000
owd_downlink_ms,50.0783,39400000
correction_magnitude_mm,235.83084344863892,38803114
correction_magnitude_deg,0,38803114
prediction_position_error_mm,660.49724817276,39400000
prediction_orientation_error_deg,0,39400000
owd_uplink_ms,51.0149,39500000
owd_downlink_ms,48.9927,39500000
correction_magnitude_mm,326.66823267936707,39000586
correction_magnitude_deg,0,39000586
prediction_position_error_mm,624.7084140777588,39500000
prediction_orientation_error_deg,0,39500000
owd_uplink_ms,49.5666,39600000
owd_downlink_ms,49.5866,39600000
correction_magnitude_mm,310.99429726600647,39100610
correction_magnitude_deg,0,39100610
owd_uplink_ms,50.8619,39600000
owd_downlink_ms,49.7682,39600000
prediction_position_error_mm,559.8124265670776,39600000
prediction_orientation_error_deg,0,39600000
prediction_position_error_mm,632.3752403259277,39700000
prediction_orientation_error_deg,0,39700000
owd_uplink_ms,50.1791,39800000
owd_downlink_ms,49.9304,39800000
correction_magnitude_mm,351.51925683021545,39298934
correction_magnitude_deg,0,39298934
prediction_position_error_mm,565.9317374229431,39800000
prediction_orientation_error_deg,0,39800000
prediction_position_error_mm,629.6696066856384,39900000
prediction_orientation_error_deg,0,39900000
owd_uplink_ms,50.7326,40000000
owd_downlink_ms,50.3639,40000000
correction_magnitude_mm,309.70123410224915,39398474
correction_magnitude_deg,0,39398474
owd_uplink_ms,49.5615,40000000
owd_downlink_ms,49.3242,40000000
correction_magnitude_mm,274.6957242488861,39498178
correction_magnitude_deg,0,39498178
owd_uplink_ms,50.0148,40000000
owd_downlink_ms,50.0693,40000000
correction_magnitude_mm,192.31651723384857,39498247
correction_magnitude_deg,0,39498247
prediction_position_error_mm,350.1727283000946,40000000
prediction_orientation_error_deg,0,40000000
prediction_position_error_mm,450.1579701900482,40100000
prediction_orientation_error_deg,0,40100000
prediction_position_error_mm,546.8724966049194,40200000
prediction_orientation_error_deg,0,40200000
owd_uplink_ms,49.5435,40300000
owd_downlink_ms,50.6959,40300000
correction_magnitude_mm,59.96296927332878,39699688
correction_magnitude_deg,0,39699688
owd_uplink_ms,50.6823,40300000
owd_downlink_ms,50.7423,40300000
correction_magnitude_mm,42.04929247498512,39699764
correction_magnitude_deg,0,39699764
prediction_position_error_mm,590.3311967849731,40300000
prediction_orientation_error_deg,0,40300000
prediction_position_error_mm,693.4555172920227,40400000
prediction_orientation_error_deg,0,40400000
owd_uplink_ms,50.4218,40500000
owd_downlink_ms,50.541,40500000
correction_magnitude_mm,174.05550181865692,39899913
correction_magnitude_deg,0,39899913
owd_uplink_ms,49.3458,40500000
owd_downlink_ms,49.2289,40500000
correction_magnitude_mm,225.68170726299286,39999768
correction_magnitude_deg,0,39999768
prediction_position_error_mm,623.953640460968,40500000
prediction_orientation_error_deg,0,40500000
owd_uplink_ms,50.6253,40600000
owd_downlink_ms,50.8784,40600000
correction_magnitude_mm,158.2634598016739,40000084
correction_magnitude_deg,0,40000084
prediction_position_error_mm,473.2891619205475,40600000
prediction_orientation_error_deg,0,40600000
owd_uplink_ms,50.814,40700000
owd_downlink_ms,49.4294,40700000
correction_magnitude_mm,84.24205332994461,40198354
correction_magnitude_deg,0,40198354
prediction_position_error_mm,535.5636477470398,40700000
prediction_orientation_error_deg,0,40700000
owd_uplink_ms,50.1634,40800000
owd_downlink_ms,49.3079,40800000
correction_magnitude_mm,150.28353035449982,40297285
correction_magnitude_deg,0,40297285
prediction_position_error_mm,566.2856698036194,40800000
prediction_orientation_error_deg,0,40800000
owd_uplink_ms,49.4937,40900000
owd_downlink_ms,50.8664,40900000
correction_magnitude_mm,106.81384801864624,40299001
correction_magnitude_deg,0,40299001
prediction_position_error_mm,496.9542324542999,40900000
prediction_orientation_error_deg,0,40900000
owd_uplink_ms,49.1366,41000000
owd_downlink_ms,50.3145,41000000
correction_magnitude_mm,22.32055552303791,40400473
correction_magnitude_deg,0,40400473
prediction_position_error_mm,581.824779510498,41000000
prediction_orientation_error_deg,0,41000000
prediction_position_error_mm,676.6445636749268,41100000
prediction_orientation_error_deg,0,41100000
owd_uplink_ms,50.627,41200000
owd_downlink_ms,50.2552,41200000
correction_magnitude_mm,202.1697759628296,40600008
correction_magnitude_deg,0,40600008
prediction_position_error_mm,692.5390362739563,41200000
prediction_orientation_error_deg,0,41200000
owd_uplink_ms,50.3346,41300000
owd_downlink_ms,50.2588,41300000
correction_magnitude_mm,236.34056746959686,40699914
correction_magnitude_deg,0,40699914
owd_uplink_ms,49.3288,41300000
owd_downlink_ms,50.3857,41300000
correction_magnitude_mm,166.51928424835205,40701235
correction_magnitude_deg,0,40701235
prediction_position_error_mm,467.90847182273865,41300000
prediction_orientation_error_deg,0,41300000
prediction_position_error_mm,562.4809861183167,41400000
prediction_orientation_error_deg,0,41400000
owd_uplink_ms,50.7606,41500000
owd_downlink_ms,50.5154,41500000
correction_magnitude_mm,80.18932491540909,40900928
correction_magnitude_deg,0,40900928
prediction_position_error_mm,628.5481452941895,41500000
prediction_orientation_error_deg,0,41500000
owd_uplink_ms,50.7931,41600000
owd_downlink_ms,50.0441,41600000
correction_magnitude_mm,151.10614895820618,40999992
correction_magnitude_deg,0,40999992
prediction_position_error_mm,651.9363522529602,41600000
prediction_orientation_error_deg,0,41600000
owd_uplink_ms,50.3843,41700000
owd_downlink_ms,50.9123,41700000
correction_magnitude_mm,197.75748252868652,41100652
correction_magnitude_deg,0,41100652
prediction_position_error_mm,648.9257216453552,41700000
prediction_orientation_error_deg,0,41700000
owd_uplink_ms,50.131,41800000
owd_downlink_ms,50.0893,41800000
correction_magnitude_mm,223.8902449607849,41200599
correction_magnitude_deg,0,41200599
owd_uplink_ms,50.4286,41800000
owd_downlink_ms,49.9326,41800000
correction_magnitude_mm,235.04409193992615,41299980
correction_magnitude_deg,0,41299980
prediction_position_error_mm,523.8003134727478,41800000
prediction_orientation_error_deg,0,41800000
owd_uplink_ms,49.6123,41900000
owd_downlink_ms,49.0847,41900000
correction_magnitude_mm,233.1254482269287,41399321
correction_magnitude_deg,0,41399321
owd_uplink_ms,49.913,41900000
owd_downlink_ms,49.3222,41900000
prediction_position_error_mm,488.10335993766785,41900000
prediction_orientation_error_deg,0,41900000
owd_uplink_ms,49.673,42000000
owd_downlink_ms,49.778,42000000
correction_magnitude_mm,227.5885045528412,41498715
correction_magnitude_deg,0,41498715
prediction_position_error_mm,450.40810108184814,42000000
prediction_orientation_error_deg,0,42000000
prediction_position_error_mm,511.00093126296997,42100000
prediction_orientation_error_deg,0,42100000
owd_uplink_ms,49.6747,42200000
owd_downlink_ms,50.4987,42200000
correction_magnitude_mm,217.91782975196838,41599746
correction_magnitude_deg,0,41599746
prediction_position_error_mm,462.6096785068512,42200000
prediction_orientation_error_deg,0,42200000
owd_uplink_ms,49.9761,42300000
owd_downlink_ms,50.4102,42300000
correction_magnitude_mm,204.38727736473083,41700288
correction_magnitude_deg,0,41700288
prediction_position_error_mm,416.5213704109192,42300000
prediction_orientation_error_deg,0,42300000
prediction_position_error_mm,464.5482897758484,42400000
prediction_orientation_error_deg,0,42400000
owd_uplink_ms,49.2247,42500000
owd_downlink_ms,50.193,42500000
correction_magnitude_mm,234.68168079853058,41901498
correction_magnitude_deg,0,41901498
owd_uplink_ms,50.6039,42500000
owd_downlink_ms,50.5099,42500000
owd_uplink_ms,49.1741,42500000
owd_downlink_ms,49.1653,42500000
correction_magnitude_mm,206.29768073558807,42001369
correction_magnitude_deg,0,42001369
prediction_position_error_mm,326.1607885360718,42500000
prediction_orientation_error_deg,0,42500000
prediction_position_error_mm,360.0541949272156,42600000
prediction_orientation_error_deg,0,42600000
owd_uplink_ms,49.7066,42700000
owd_downlink_ms,49.0993,42700000
correction_magnitude_mm,216.00492298603058,42200610
correction_magnitude_deg,0,42200610
prediction_position_error_mm,317.3454701900482,42700000
prediction_orientation_error_deg,0,42700000
owd_uplink_ms,50.7092,42800000
owd_downlink_ms,50.828,42800000
correction_magnitude_mm,151.25535428524017,42200758
correction_magnitude_deg,0,42200758
owd_uplink_ms,49.272,42800000
owd_downlink_ms,49.7494,42800000
prediction_position_error_mm,507.5886845588684,42800000
prediction_orientation_error_deg,0,42800000
prediction_position_error_mm,607.580840587616,42900000
prediction_orientation_error_deg,0,42900000
prediction_position_error_mm,711.6865515708923,43000000
prediction_orientation_error_deg,0,43000000
owd_uplink_ms,50.9864,43100000
owd_downlink_ms,50.8278,43100000
correction_magnitude_mm,200.01833140850067,42501155
correction_magnitude_deg,0,42501155
owd_uplink_ms,49.3101,43100000
owd_downlink_ms,49.422,43100000
correction_magnitude_mm,241.59859120845795,42601294
correction_magnitude_deg,0,42601294
owd_uplink_ms,50.1441,43100000
owd_downlink_ms,49.8529,43100000
prediction_position_error_mm,625.1147389411926,43100000
prediction_orientation_error_deg,0,43100000
prediction_position_error_mm,716.8570160865784,43200000
prediction_orientation_error_deg,0,43200000
owd_uplink_ms,50.8609,43300000
owd_downlink_ms,49.5158,43300000
correction_magnitude_mm,351.0721027851105,42799248
correction_magnitude_deg,0,42799248
owd_uplink_ms,49.0311,43300000
owd_downlink_ms,49.4945,43300000
correction_magnitude_mm,246.24013900756836,42799828
correction_magnitude_deg,0,42799828
prediction_position_error_mm,317.88140535354614,43300000
prediction_orientation_error_deg,0,43300000
prediction_position_error_mm,416.02516174316406,43400000
prediction_orientation_error_deg,0,43400000
owd_uplink_ms,50.0702,43500000
owd_downlink_ms,49.1441,43500000
correction_magnitude_mm,22.450922057032585,42998671
correction_magnitude_deg,0,42998671
prediction_position_error_mm,507.609486579895,43500000
prediction_orientation_error_deg,0,43500000
owd_uplink_ms,49.4608,43600000
owd_downlink_ms,50.8905,43600000
correction_magnitude_mm,17.48984307050705,43000458
correction_magnitude_deg,0,43000458
prediction_position_error_mm,423.05347323417664,43600000
prediction_orientation_error_deg,0,43600000
prediction_position_error_mm,491.7435646057129,43700000
prediction_orientation_error_deg,0,43700000
owd_uplink_ms,50.3287,43800000
owd_downlink_ms,50.832,43800000
correction_magnitude_mm,151.47797763347626,43201086
correction_magnitude_deg,0,43201086
prediction_position_error_mm,501.4702081680298,43800000
prediction_orientation_error_deg,0,43800000
owd_uplink_ms,49.9436,43900000
owd_downlink_ms,50.6177,43900000
correction_magnitude_mm,170.88663578033447,43301928
correction_magnitude_deg,0,43301928
owd_uplink_ms,50.4796,43900000
owd_downlink_ms,50.6218,43900000
correction_magnitude_mm,119.7323128581047,43302105
correction_magnitude_deg,0,43302105
owd_uplink_ms,49.8263,43900000
owd_downlink_ms,49.2686,43900000
correction_magnitude_mm,17.38998293876648,43401407
correction_magnitude_deg,0,43401407
prediction_position_error_mm,515.1944160461426,43900000
prediction_orientation_error_deg,0,43900000
prediction_position_error_mm,617.9315447807312,44000000
prediction_orientation_error_deg,0,44000000
owd_uplink_ms,49.7828,44100000
owd_downlink_ms,49.0885,44100000
correction_magnitude_mm,213.8698548078537,43600539
correction_magnitude_deg,0,43600539
prediction_position_error_mm,638.7128233909607,44100000
prediction_orientation_error_deg,0,44100000
owd_uplink_ms,50.2092,44200000
owd_downlink_ms,50.6956,44200000
correction_magnitude_mm,150.29408037662506,43601147
correction_magnitude_deg,0,43601147
prediction_position_error_mm,485.36553978919983,44200000
prediction_orientation_error_deg,0,44200000
owd_uplink_ms,49.5899,44300000
owd_downlink_ms,50.0703,44300000
correction_magnitude_mm,6.402801722288132,43701747
correction_magnitude_deg,0,43701747
owd_uplink_ms,49.8237,44300000
owd_downlink_ms,48.9976,44300000
correction_magnitude_mm,92.82156080007553,43800714
correction_magnitude_deg,0,43800714
prediction_position_error_mm,543.8575744628906,44300000
prediction_orientation_error_deg,0,44300000
prediction_position_error_mm,639.5717263221741,44400000
prediction_orientation_error_deg,0,44400000
prediction_position_error_mm,735.3323698043823,44500000
prediction_orientation_error_deg,0,44500000
owd_uplink_ms,50.1043,44600000
owd_downlink_ms,50.3044,44600000
correction_magnitude_mm,256.3216984272003,44000963
correction_magnitude_deg,0,44000963
owd_uplink_ms,49.568,44600000
owd_downlink_ms,50.6698,44600000
correction_magnitude_mm,180.71049451828003,44002340
correction_magnitude_deg,0,44002340
prediction_position_error_mm,479.82725501060486,44600000
prediction_orientation_error_deg,0,44600000
owd_uplink_ms,49.4644,44700000
owd_downlink_ms,49.7644,44700000
correction_magnitude_mm,24.570282548666,44102715
correction_magnitude_deg,0,44102715
prediction_position_error_mm,587.1909260749817,44700000
prediction_orientation_error_deg,0,44700000
owd_uplink_ms,51.0575,44800000
owd_downlink_ms,49.7102,44800000
correction_magnitude_mm,182.63226747512817,44301030
correction_magnitude_deg,0,44301030
prediction_position_error_mm,621.1333870887756,44800000
prediction_orientation_error_deg,0,44800000
prediction_position_error_mm,718.3668613433838,44900000
prediction_orientation_error_deg,0,44900000
owd_uplink_ms,50.9549,45000000
owd_downlink_ms,50.18,45000000
correction_magnitude_mm,225.6045788526535,44400061
correction_magnitude_deg,0,44400061
owd_uplink_ms,50.6111,45000000
owd_downlink_ms,49.2886,45000000
correction_magnitude_mm,248.2522577047348,44498408
correction_magnitude_deg,0,44498408
prediction_position_error_mm,596.7897176742554,45000000
prediction_orientation_error_deg,0,45000000
owd_uplink_ms,49.3974,45100000
owd_downlink_ms,49.3507,45100000
correction_magnitude_mm,259.26458835601807,44598350
correction_magnitude_deg,0,44598350
owd_uplink_ms,50.493,45100000
owd_downlink_ms,49.8028,45100000
prediction_position_error_mm,562.7968311309814,45100000
prediction_orientation_error_deg,0,45100000
prediction_position_error_mm,638.9361619949341,45200000
prediction_orientation_error_deg,0,45200000
owd_uplink_ms,49.145,45300000
owd_downlink_ms,49.6426,45300000
correction_magnitude_mm,333.9144289493561,44798111
correction_magnitude_deg,0,44798111
prediction_position_error_mm,589.6859765052795,45300000
prediction_orientation_error_deg,0,45300000
owd_uplink_ms,50.7889,45400000
owd_downlink_ms,50.6339,45400000
prediction_position_error_mm,661.6674065589905,45400000
prediction_orientation_error_deg,0,45400000
owd_uplink_ms,49.6819,45500000
owd_downlink_ms,49.6491,45500000
correction_magnitude_mm,375.9671747684479,44997877
correction_magnitude_deg,0,44997877
owd_uplink_ms,50.1471,45500000
owd_downlink_ms,49.9823,45500000
prediction_position_error_mm,591.4612412452698,45500000
prediction_orientation_error_deg,0,45500000
prediction_position_error_mm,656.7016839981079,45600000
prediction_orientation_error_deg,0,45600000
owd_uplink_ms,50.4198,45700000
owd_downlink_ms,49.6437,45700000
correction_magnitude_mm,392.2833204269409,45196702
correction_magnitude_deg,0,45196702
prediction_position_error_mm,574.4189620018005,45700000
prediction_orientation_error_deg,0,45700000
owd_uplink_ms,50.5693,45800000
owd_downlink_ms,49.8447,45800000
correction_magnitude_mm,333.581417798996,45295797
correction_magnitude_deg,0,45295797
prediction_position_error_mm,482.6514422893524,45800000
prediction_orientation_error_deg,0,45800000
owd_uplink_ms,50.029,45900000
owd_downlink_ms,49.6171,45900000
correction_magnitude_mm,283.5759222507477,45395283
correction_magnitude_deg,0,45395283
owd_uplink_ms,49.5415,45900000
owd_downlink_ms,49.9541,45900000
correction_magnitude_mm,198.70859384536743,45395799
correction_magnitude_deg,0,45395799
prediction_position_error_mm,361.77951097488403,45900000
prediction_orientation_error_deg,0,45900000
prediction_position_error_mm,461.0678553581238,46000000
prediction_orientation_error_deg,0,46000000
owd_uplink_ms,49.032,46100000
owd_downlink_ms,51.1481,46100000
correction_magnitude_mm,37.35962510108948,45498445
correction_magnitude_deg,0,45498445
prediction_position_error_mm,570.9956288337708,46100000
prediction_orientation_error_deg,0,46100000
owd_uplink_ms,49.8072,46200000
owd_downlink_ms,50.6984,46200000
correction_magnitude_mm,74.11496341228485,45599559
correction_magnitude_deg,0,45599559
prediction_position_error_mm,634.9914073944092,46200000
prediction_orientation_error_deg,0,46200000
owd_uplink_ms,49.5938,46300000
owd_downlink_ms,50.5577,46300000
correction_magnitude_mm,150.05043148994446,45700763
correction_magnitude_deg,0,45700763
prediction_position_error_mm,661.12220287323,46300000
prediction_orientation_error_deg,0,46300000
owd_uplink_ms,49.4253,46400000
owd_downlink_ms,50.5867,46400000
correction_magnitude_mm,198.98301362991333,45802214
correction_magnitude_deg,0,45802214
prediction_position_error_mm,658.6180329322815,46400000
prediction_orientation_error_deg,0,46400000
prediction_position_error_mm,746.0857033729553,46500000
prediction_orientation_error_deg,0,46500000
owd_uplink_ms,50.507,46600000
owd_downlink_ms,50.73,46600000
correction_magnitude_mm,313.7561082839966,46002492
correction_magnitude_deg,0,46002492
owd_uplink_ms,50.7984,46600000
owd_downlink_ms,49.8519,46600000
correction_magnitude_mm,300.14097690582275,46101308
correction_magnitude_deg,0,46101308
prediction_position_error_mm,575.0678181648254,46600000
prediction_orientation_error_deg,0,46600000
owd_uplink_ms,49.7929,46700000
owd_downlink_ms,50.0992,46700000
correction_magnitude_mm,210.38004755973816,46101690
correction_magnitude_deg,0,46101690
prediction_position_error_mm,453.3923864364624,46700000
prediction_orientation_error_deg,0,46700000
owd_uplink_ms,49.8628,46800000
owd_downlink_ms,50.2438,46800000
correction_magnitude_mm,46.22770473361015,46202166
correction_magnitude_deg,0,46202166
prediction_position_error_mm,567.5826668739319,46800000
prediction_orientation_error_deg,0,46800000
owd_uplink_ms,50.7747,46900000
owd_downlink_ms,49.6425,46900000
correction_magnitude_mm,167.21689701080322,46400750
correction_magnitude_deg,0,46400750
prediction_position_error_mm,605.0818562507629,46900000
prediction_orientation_error_deg,0,46900000
owd_uplink_ms,49.4928,47000000
owd_downlink_ms,50.7052,47000000
correction_magnitude_mm,118.52854490280151,46402265
correction_magnitude_deg,0,46402265
prediction_position_error_mm,513.1219625473022,47000000
prediction_orientation_error_deg,0,47000000
owd_uplink_ms,49.9063,47100000
owd_downlink_ms,49.329,47100000
correction_magnitude_mm,115.50523340702057,46601543
correction_magnitude_deg,0,46601543
prediction_position_error_mm,569.6204304695129,47100000
prediction_orientation_error_deg,0,47100000
owd_uplink_ms,51.0735,47200000
owd_downlink_ms,50.5395,47200000
prediction_position_error_mm,667.66357421875,47200000
prediction_orientation_error_deg,0,47200000
prediction_position_error_mm,765.9240365028381,47300000
prediction_orientation_error_deg,0,47300000
owd_uplink_ms,50.4356,47400000
owd_downlink_ms,49.9842,47400000
correction_magnitude_mm,275.835245847702,46800310
correction_magnitude_deg,0,46800310
prediction_position_error_mm,756.4456462860107,47400000
prediction_orientation_error_deg,0,47400000
owd_uplink_ms,50.7905,47500000
owd_downlink_ms,50.4537,47500000
correction_magnitude_mm,286.50739789009094,46899890
correction_magnitude_deg,0,46899890
prediction_position_error_mm,712.792158126831,47500000
prediction_orientation_error_deg,0,47500000
owd_uplink_ms,50.7454,47600000
owd_downlink_ms,50.9067,47600000
correction_magnitude_mm,285.96219420433044,47000091
correction_magnitude_deg,0,47000091
prediction_position_error_mm,661.2802147865295,47600000
prediction_orientation_error_deg,0,47600000
owd_uplink_ms,50.7548,47700000
owd_downlink_ms,50.1599,47700000
correction_magnitude_mm,276.32445096969604,47099348
correction_magnitude_deg,0,47099348
prediction_position_error_mm,605.1218509674072,47700000
prediction_orientation_error_deg,0,47700000
owd_uplink_ms,50.0581,47800000
owd_downlink_ms,50.5382,47800000
correction_magnitude_mm,262.174516916275,47199949
correction_magnitude_deg,0,47199949
owd_uplink_ms,49.3705,47800000
owd_downlink_ms,50.7142,47800000
correction_magnitude_mm,184.54189598560333,47201628
correction_magnitude_deg,0,47201628
prediction_position_error_mm,468.87892484664917,47800000
prediction_orientation_error_deg,0,47800000
owd_uplink_ms,49.5637,47900000
owd_downlink_ms,49.6297,47900000
correction_magnitude_mm,70.92425227165222,47401710
correction_magnitude_deg,0,47401710
prediction_position_error_mm,541.8363213539124,47900000
prediction_orientation_error_deg,0,47900000
owd_uplink_ms,50.5639,48000000
owd_downlink_ms,50.4567,48000000
prediction_position_error_mm,640.7725214958191,48000000
prediction_orientation_error_deg,0,48000000
owd_uplink_ms,50.5406,48100000
owd_downlink_ms,49.5198,48100000
correction_magnitude_mm,245.94974517822266,47600299
correction_magnitude_deg,0,47600299
prediction_position_error_mm,647.0515131950378,48100000
prediction_orientation_error_deg,0,48100000
owd_uplink_ms,49.9725,48200000
owd_downlink_ms,50.6635,48200000
correction_magnitude_mm,172.98656702041626,47601162
correction_magnitude_deg,0,47601162
prediction_position_error_mm,479.43785786628723,48200000
prediction_orientation_error_deg,0,48200000
prediction_position_error_mm,579.8901319503784,48300000
prediction_orientation_error_deg,0,48300000
owd_uplink_ms,50.1236,48400000
owd_downlink_ms,50.1668,48400000
correction_magnitude_mm,79.12306487560272,47801216
correction_magnitude_deg,0,47801216
owd_uplink_ms,50.662,48400000
owd_downlink_ms,49.1998,48400000
correction_magnitude_mm,152.8608202934265,47899389
correction_magnitude_deg,0,47899389
owd_uplink_ms,49.1373,48400000
owd_downlink_ms,49.3974,48400000
correction_magnitude_mm,107.3095053434372,47899715
correction_magnitude_deg,0,47899715
prediction_position_error_mm,423.14818501472473,48400000
prediction_orientation_error_deg,0,48400000
prediction_position_error_mm,522.5982069969177,48500000
prediction_orientation_error_deg,0,48500000
prediction_position_error_mm,622.5979924201965,48600000
prediction_orientation_error_deg,0,48600000
owd_uplink_ms,50.1045,48700000
owd_downlink_ms,50.9028,48700000
correction_magnitude_mm,125.57363510131836,48100712
correction_magnitude_deg,0,48100712
prediction_position_error_mm,673.0951070785522,48700000
prediction_orientation_error_deg,0,48700000
owd_uplink_ms,50.2326,48800000
owd_downlink_ms,50.1642,48800000
correction_magnitude_mm,185.18365919589996,48200626
correction_magnitude_deg,0,48200626
owd_uplink_ms,49.9007,48800000
owd_downlink_ms,50.7799,48800000
correction_magnitude_mm,130.64491748809814,48201724
correction_magnitude_deg,0,48201724
prediction_position_error_mm,509.5725655555725,48800000
prediction_orientation_error_deg,0,48800000
owd_uplink_ms,49.6596,48900000
owd_downlink_ms,50.5716,48900000
correction_magnitude_mm,10.141118429601192,48302864
correction_magnitude_deg,0,48302864
owd_uplink_ms,49.499,48900000
owd_downlink_ms,49.0687,48900000
correction_magnitude_mm,106.76254332065582,48402326
correction_magnitude_deg,0,48402326
prediction_position_error_mm,557.3744177818298,48900000
prediction_orientation_error_deg,0,48900000
prediction_position_error_mm,655.3892493247986,49000000
prediction_orientation_error_deg,0,49000000
owd_uplink_ms,49.814,49100000
owd_downlink_ms,50.3863,49100000
correction_magnitude_mm,172.45225608348846,48503041
correction_magnitude_deg,0,48503041
prediction_position_error_mm,669.4678664207458,49100000
prediction_orientation_error_deg,0,49100000
owd_uplink_ms,50.7576,49200000
owd_downlink_ms,49.5508,49200000
correction_magnitude_mm,302.6207387447357,48701532
correction_magnitude_deg,0,48701532
prediction_position_error_mm,648.0650901794434,49200000
prediction_orientation_error_deg,0,49200000
prediction_position_error_mm,736.6588115692139,49300000
prediction_orientation_error_deg,0,49300000
owd_uplink_ms,50.2889,49400000
owd_downlink_ms,50.7714,49400000
correction_magnitude_mm,299.77279901504517,48802135
correction_magnitude_deg,0,48802135
prediction_position_error_mm,680.0505518913269,49400000
prediction_orientation_error_deg,0,49400000
owd_uplink_ms,50.552,49500000
owd_downlink_ms,50.742,49500000
correction_magnitude_mm,288.5497510433197,48902372
correction_magnitude_deg,0,48902372
owd_uplink_ms,50.3468,49500000
owd_downlink_ms,49.2937,49500000
correction_magnitude_mm,271.8024253845215,49001055
correction_magnitude_deg,0,49001055
owd_uplink_ms,49.9031,49500000
owd_downlink_ms,49.7393,49500000
prediction_position_error_mm,498.9533722400665,49500000
prediction_orientation_error_deg,0,49500000
prediction_position_error_mm,560.9644651412964,49600000
prediction_orientation_error_deg,0,49600000
prediction_position_error_mm,621.8946576118469,49700000
prediction_orientation_error_deg,0,49700000
owd_uplink_ms,50.2804,49800000
owd_downlink_ms,49.9983,49800000
correction_magnitude_mm,312.6223683357239,49200497
correction_magnitude_deg,0,49200497
owd_uplink_ms,50.1499,49800000
owd_downlink_ms,49.521,49800000
correction_magnitude_mm,276.44744515419006,49299712
correction_magnitude_deg,0,49299712
prediction_position_error_mm,437.2222125530243,49800000
prediction_orientation_error_deg,0,49800000
owd_uplink_ms,49.708,49900000
owd_downlink_ms,50.6546,49900000
correction_magnitude_mm,194.07953321933746,49300895
correction_magnitude_deg,0,49300895
prediction_position_error_mm,456.621378660202,49900000
prediction_orientation_error_deg,0,49900000
owd_uplink_ms,50.7,50000000
owd_downlink_ms,49.7638,50000000
correction_magnitude_mm,60.95651909708977,49499725
correction_magnitude_deg,0,49499725
prediction_position_error_mm,532.4617624282837,50000000
prediction_orientation_error_deg,0,50000000
prediction_position_error_mm,0,100000
prediction_orientation_error_deg,0,100000
prediction_position_error_mm,0,200000
prediction_orientation_error_deg,0,200000
prediction_position_error_mm,0,300000
prediction_orientation_error_deg,0,300000
prediction_position_error_mm,0,400000
prediction_orientation_error_deg,0,400000
prediction_position_error_mm,0,500000
prediction_orientation_error_deg,0,500000
prediction_position_error_mm,1299.9999523162842,600000
prediction_orientation_error_deg,0,600000
prediction_position_error_mm,1299.9999523162842,700000
prediction_orientation_error_deg,0,700000
prediction_position_error_mm,1300.0091314315796,800000
prediction_orientation_error_deg,0,800000
prediction_position_error_mm,1300.0091314315796,900000
prediction_orientation_error_deg,0,900000
prediction_position_error_mm,1300.0361919403076,1000000
prediction_orientation_error_deg,0,1000000
owd_uplink_ms,49.3928,1100000
owd_downlink_ms,49.3927,1100000
correction_magnitude_mm,1299.9999523162842,596677
correction_magnitude_deg,0,596677
prediction_position_error_mm,24.9902606010437,1100000
prediction_orientation_error_deg,0,1100000
prediction_position_error_mm,29.983168467879295,1200000
prediction_orientation_error_deg,0,1200000
prediction_position_error_mm,34.973274916410446,1300000
prediction_orientation_error_deg,0,1300000
owd_uplink_ms,48.9536,1400000
owd_downlink_ms,50.211,1400000
correction_magnitude_mm,9.99937579035759,798249
correction_magnitude_deg,0,798249
owd_uplink_ms,50.3121,1400000
owd_downlink_ms,50.7682,1400000
correction_magnitude_mm,6.998714990913868,798819
correction_magnitude_deg,0,798819
prediction_position_error_mm,192.46990978717804,1400000
prediction_orientation_error_deg,0,1400000
prediction_position_error_mm,224.467933177948,1500000
prediction_orientation_error_deg,0,1500000
owd_uplink_ms,50.031,1600000
owd_downlink_ms,50.9182,1600000
correction_magnitude_mm,59.483859688043594,999928
correction_magnitude_deg,0,999928
owd_uplink_ms,49.2102,1600000
owd_downlink_ms,50.7594,1600000
correction_magnitude_mm,42.33754053711891,1001864
correction_magnitude_deg,0,1001864
owd_uplink_ms,49.8475,1600000
owd_downlink_ms,49.3659,1600000
prediction_position_error_mm,174.67761039733887,1600000
prediction_orientation_error_deg,0,1600000
prediction_position_error_mm,204.04484868049622,1700000
prediction_orientation_error_deg,0,1700000
owd_uplink_ms,49.5832,1800000
owd_downlink_ms,50.6758,1800000
correction_magnitude_mm,38.04358467459679,1202626
correction_magnitude_deg,0,1202626
owd_uplink_ms,49.7523,1800000
owd_downlink_ms,49.3428,1800000
correction_magnitude_mm,59.71665680408478,1302113
correction_magnitude_deg,0,1302113
prediction_position_error_mm,198.33284616470337,1800000
prediction_orientation_error_deg,0,1800000
prediction_position_error_mm,224.7733622789383,1900000
prediction_orientation_error_deg,0,1900000
owd_uplink_ms,50.599,2000000
owd_downlink_ms,49.0765,2000000
correction_magnitude_mm,99.1656631231308,1500209
correction_magnitude_deg,0,1500209
prediction_position_error_mm,223.87553751468658,2000000
prediction_orientation_error_deg,0,2000000
owd_uplink_ms,49.9603,2100000
owd_downlink_ms,49.6608,2100000
correction_magnitude_mm,104.22172397375107,1599835
correction_magnitude_deg,0,1599835
owd_uplink_ms,50.6077,2100000
owd_downlink_ms,49.8723,2100000
prediction_position_error_mm,201.8505185842514,2100000
prediction_orientation_error_deg,0,2100000
prediction_position_error_mm,228.59928011894226,2200000
prediction_orientation_error_deg,0,2200000
owd_uplink_ms,49.573,2300000
owd_downlink_ms,49.9132,2300000
correction_magnitude_mm,126.38910114765167,1799342
correction_magnitude_deg,0,1799342
prediction_position_error_mm,212.84233033657074,2300000
prediction_orientation_error_deg,0,2300000
owd_uplink_ms,50.5589,2400000
owd_downlink_ms,50.4066,2400000
prediction_position_error_mm,232.7418476343155,2400000
prediction_orientation_error_deg,0,2400000
prediction_position_error_mm,257.56654143333435,2500000
prediction_orientation_error_deg,0,2500000
owd_uplink_ms,50.6418,2600000
owd_downlink_ms,50.3502,2600000
correction_magnitude_mm,138.07885348796844,1998788
correction_magnitude_deg,0,1998788
owd_uplink_ms,49.3011,2600000
owd_downlink_ms,50.4926,2600000
correction_magnitude_mm,96.92040085792542,2000276
correction_magnitude_deg,0,2000276
prediction_position_error_mm,502.3091435432434,2600000
prediction_orientation_error_deg,0,2600000
prediction_position_error_mm,602.3089289665222,2700000
prediction_orientation_error_deg,0,2700000
owd_uplink_ms,50.8106,2800000
owd_downlink_ms,50.7279,2800000
correction_magnitude_mm,127.10303068161011,2200172
correction_magnitude_deg,0,2200172
owd_uplink_ms,49.0617,2800000
owd_downlink_ms,49.3042,2800000
correction_magnitude_mm,177.48652398586273,2300474
correction_magnitude_deg,0,2300474
prediction_position_error_mm,568.0757164955139,2800000
prediction_orientation_error_deg,0,2800000
owd_uplink_ms,50.3899,2900000
owd_downlink_ms,50.6277,2900000
correction_magnitude_mm,124.51612949371338,2300771
correction_magnitude_deg,0,2300771
prediction_position_error_mm,541.4736866950989,2900000
prediction_orientation_error_deg,0,2900000
prediction_position_error_mm,646.3379263877869,3000000
prediction_orientation_error_deg,0,3000000
owd_uplink_ms,50.6116,3100000
owd_downlink_ms,50.2797,3100000
correction_magnitude_mm,117.34738200902939,2500355
correction_magnitude_deg,0,2500355
owd_uplink_ms,50.3652,3100000
owd_downlink_ms,49.7119,3100000
correction_magnitude_mm,189.40049409866333,2599539
correction_magnitude_deg,0,2599539
owd_uplink_ms,49.3018,3100000
owd_downlink_ms,49.6678,3100000
correction_magnitude_mm,133.00400972366333,2599997
correction_magnitude_deg,0,2599997
prediction_position_error_mm,382.52392411231995,3100000
prediction_orientation_error_deg,0,3100000
prediction_position_error_mm,482.5233817100525,3200000
prediction_orientation_error_deg,0,3200000
prediction_position_error_mm,572.8559494018555,3300000
prediction_orientation_error_deg,0,3300000
owd_uplink_ms,50.1366,3400000
owd_downlink_ms,50.6216,3400000
correction_magnitude_mm,102.60605067014694,2800603
correction_magnitude_deg,0,2800603
prediction_position_error_mm,628.0626058578491,3400000
prediction_orientation_error_deg,0,3400000
owd_uplink_ms,49.4953,3500000
owd_downlink_ms,50.006,3500000
correction_magnitude_mm,161.15610301494598,2901241
correction_magnitude_deg,0,2901241
owd_uplink_ms,50.8544,3500000
owd_downlink_ms,50.543,3500000
owd_uplink_ms,49.7962,3500000
owd_downlink_ms,49.0191,3500000
correction_magnitude_mm,200.33153891563416,2999880
correction_magnitude_deg,0,2999880
prediction_position_error_mm,554.0450215339661,3500000
prediction_orientation_error_deg,0,3500000
owd_uplink_ms,49.1903,3600000
owd_downlink_ms,49.3552,3600000
correction_magnitude_mm,223.1275588274002,3100085
correction_magnitude_deg,0,3100085
prediction_position_error_mm,536.4941954612732,3600000
prediction_orientation_error_deg,0,3600000
prediction_position_error_mm,617.3821091651917,3700000
prediction_orientation_error_deg,0,3700000
prediction_position_error_mm,688.7433528900146,3800000
prediction_orientation_error_deg,0,3800000
owd_uplink_ms,49.4414,3900000
owd_downlink_ms,50.2067,3900000
correction_magnitude_mm,309.07168984413147,3301041
correction_magnitude_deg,0,3301041
owd_uplink_ms,50.2212,3900000
owd_downlink_ms,50.2309,3900000
correction_magnitude_mm,216.35931730270386,3301053
correction_magnitude_deg,0,3301053
prediction_position_error_mm,476.1676788330078,3900000
prediction_orientation_error_deg,0,3900000
owd_uplink_ms,49.7846,4000000
owd_downlink_ms,50.6519,4000000
correction_magnitude_mm,45.55554687976837,3402137
correction_magnitude_deg,0,3402137
prediction_position_error_mm,589.8318886756897,4000000
prediction_orientation_error_deg,0,4000000
owd_uplink_ms,49.7696,4100000
owd_downlink_ms,50.4155,4100000
correction_magnitude_mm,73.7219825387001,3502944
correction_magnitude_deg,0,3502944
prediction_position_error_mm,659.3414545059204,4100000
prediction_orientation_error_deg,0,4100000
owd_uplink_ms,49.7183,4200000
owd_downlink_ms,50.3962,4200000
correction_magnitude_mm,155.02581000328064,3603791
correction_magnitude_deg,0,3603791
prediction_position_error_mm,687.852680683136,4200000
prediction_orientation_error_deg,0,4200000
prediction_position_error_mm,790.412962436676,4300000
prediction_orientation_error_deg,0,4300000
owd_uplink_ms,50.1644,4400000
owd_downlink_ms,50.259,4400000
correction_magnitude_mm,304.54495549201965,3803909
correction_magnitude_deg,0,3803909
owd_uplink_ms,51.2135,4400000
owd_downlink_ms,50.4092,4400000
prediction_position_error_mm,765.0285363197327,4400000
prediction_orientation_error_deg,0,4400000
owd_uplink_ms,50.0374,4500000
owd_downlink_ms,50.0896,4500000
correction_magnitude_mm,305.7172894477844,3902968
correction_magnitude_deg,0,3902968
prediction_position_error_mm,711.3209366798401,4500000
prediction_orientation_error_deg,0,4500000
owd_uplink_ms,50.7166,4600000
owd_downlink_ms,48.9622,4600000
correction_magnitude_mm,375.7253885269165,4100774
correction_magnitude_deg,0,4100774
prediction_position_error_mm,654.1631817817688,4600000
prediction_orientation_error_deg,0,4600000
owd_uplink_ms,49.9934,4700000
owd_downlink_ms,49.2681,4700000
correction_magnitude_mm,340.72038531303406,4199868
correction_magnitude_deg,0,4199868
prediction_position_error_mm,578.6484479904175,4700000
prediction_orientation_error_deg,0,4700000
owd_uplink_ms,49.5711,4800000
owd_downlink_ms,49.4367,4800000
correction_magnitude_mm,311.1213445663452,4299701
correction_magnitude_deg,0,4299701
prediction_position_error_mm,511.0745429992676,4800000
prediction_orientation_error_deg,0,4800000
owd_uplink_ms,50.2343,4900000
owd_downlink_ms,50.0982,4900000
prediction_position_error_mm,565.0806427001953,4900000
prediction_orientation_error_deg,0,4900000
owd_uplink_ms,49.9697,5000000
owd_downlink_ms,49.9721,5000000
correction_magnitude_mm,330.3650915622711,4499535
correction_magnitude_deg,0,4499535
prediction_position_error_mm,499.7168183326721,5000000
prediction_orientation_error_deg,0,5000000
owd_uplink_ms,49.952,5100000
owd_downlink_ms,49.6,5100000
correction_magnitude_mm,284.7250699996948,4599095
correction_magnitude_deg,0,4599095
prediction_position_error_mm,424.91063475608826,5100000
prediction_orientation_error_deg,0,5100000
prediction_position_error_mm,469.8963761329651,5200000
prediction_orientation_error_deg,0,5200000
owd_uplink_ms,50.4222,5300000
owd_downlink_ms,50.1461,5300000
correction_magnitude_mm,244.25485730171204,4698750
correction_magnitude_deg,0,4698750
owd_uplink_ms,49.4458,5300000
owd_downlink_ms,49.2289,5300000
correction_magnitude_mm,213.1846696138382,4798479
correction_magnitude_deg,0,4798479
prediction_position_error_mm,301.25677585601807,5300000
prediction_orientation_error_deg,0,5300000
owd_uplink_ms,50.4948,5400000
owd_downlink_ms,50.9657,5400000
correction_magnitude_mm,149.38652515411377,4799068
correction_magnitude_deg,0,4799068
prediction_position_error_mm,469.31952238082886,5400000
prediction_orientation_error_deg,0,5400000
prediction_position_error_mm,569.3172812461853,5500000
prediction_orientation_error_deg,0,5500000
owd_uplink_ms,50.2977,5600000
owd_downlink_ms,50.4834,5600000
correction_magnitude_mm,91.10038727521896,4999300
correction_magnitude_deg,0,4999300
owd_uplink_ms,50.6716,5600000
owd_downlink_ms,49.5987,5600000
correction_magnitude_mm,156.54273331165314,5097959
correction_magnitude_deg,0,5097959
prediction_position_error_mm,558.4981441497803,5600000
prediction_orientation_error_deg,0,5600000
prediction_position_error_mm,647.9671597480774,5700000
prediction_orientation_error_deg,0,5700000
owd_uplink_ms,50.5336,5800000
owd_downlink_ms,50.4625,5800000
correction_magnitude_mm,198.8535374403,5197871
correction_magnitude_deg,0,5197871
owd_uplink_ms,50.1839,5800000
owd_downlink_ms,49.8215,5800000
correction_magnitude_mm,222.20629453659058,5297418
correction_magnitude_deg,0,5297418
prediction_position_error_mm,537.1793508529663,5800000
prediction_orientation_error_deg,0,5800000
owd_uplink_ms,50.584,5900000
owd_downlink_ms,49.7335,5900000
correction_magnitude_mm,226.96520388126373,5396356
correction_magnitude_deg,0,5396356
prediction_position_error_mm,511.3036036491394,5900000
prediction_orientation_error_deg,0,5900000
owd_uplink_ms,49.2404,6000000
owd_downlink_ms,50.4028,6000000
correction_magnitude_mm,159.95630621910095,5397810
correction_magnitude_deg,0,5397810
prediction_position_error_mm,512.1076107025146,6000000
prediction_orientation_error_deg,0,6000000
prediction_position_error_mm,616.411566734314,6100000
prediction_orientation_error_deg,0,6100000
owd_uplink_ms,50.672,6200000
owd_downlink_ms,50.4097,6200000
correction_magnitude_mm,92.12791174650192,5597483
correction_magnitude_deg,0,5597483
owd_uplink_ms,50.4167,6200000
owd_downlink_ms,49.9599,6200000
correction_magnitude_mm,166.94509983062744,5696913
correction_magnitude_deg,0,5696913
prediction_position_error_mm,609.2873811721802,6200000
prediction_orientation_error_deg,0,6200000
owd_uplink_ms,50.4521,6300000
owd_downlink_ms,49.4705,6300000
correction_magnitude_mm,218.027263879776,5795686
correction_magnitude_deg,0,5795686
prediction_position_error_mm,612.5431060791016,6300000
prediction_orientation_error_deg,0,6300000
owd_uplink_ms,49.4045,6400000
owd_downlink_ms,51.1938,6400000
correction_magnitude_mm,154.56421673297882,5797923
correction_magnitude_deg,0,5797923
prediction_position_error_mm,472.45436906814575,6400000
prediction_orientation_error_deg,0,6400000
owd_uplink_ms,49.3841,6500000
owd_downlink_ms,50.733,6500000
correction_magnitude_mm,10.84543950855732,5899609
correction_magnitude_deg,0,5899609
prediction_position_error_mm,567.3250555992126,6500000
prediction_orientation_error_deg,0,6500000
prediction_position_error_mm,663.1737351417542,6600000
prediction_orientation_error_deg,0,6600000
owd_uplink_ms,50.8112,6700000
owd_downlink_ms,50.8046,6700000
correction_magnitude_mm,188.08819353580475,6099601
correction_magnitude_deg,0,6099601
prediction_position_error_mm,689.8053288459778,6700000
prediction_orientation_error_deg,0,6700000
owd_uplink_ms,50.3893,6800000
owd_downlink_ms,50.3625,6800000
correction_magnitude_mm,224.52223300933838,6199568
correction_magnitude_deg,0,6199568
owd_uplink_ms,50.0403,6800000
owd_downlink_ms,49.2258,6800000
correction_magnitude_mm,238.19661140441895,6298551
correction_magnitude_deg,0,6298551
owd_uplink_ms,49.7613,6800000
owd_downlink_ms,50.0485,6800000
correction_magnitude_mm,167.03635454177856,6298910
correction_magnitude_deg,0,6298910
prediction_position_error_mm,400.8176922798157,6800000
prediction_orientation_error_deg,0,6800000
prediction_position_error_mm,504.910945892334,6900000
prediction_orientation_error_deg,0,6900000
owd_uplink_ms,49.9997,7000000
owd_downlink_ms,49.6176,7000000
correction_magnitude_mm,90.98603576421738,6498433
correction_magnitude_deg,0,6498433
prediction_position_error_mm,574.8192071914673,7000000
prediction_orientation_error_deg,0,7000000
owd_uplink_ms,49.3133,7100000
owd_downlink_ms,50.7242,7100000
correction_magnitude_mm,65.42887538671494,6500196
correction_magnitude_deg,0,6500196
prediction_position_error_mm,11.568047106266022,7100000
prediction_orientation_error_deg,0,7100000
owd_uplink_ms,49.7729,7200000
owd_downlink_ms,50.5911,7200000
correction_magnitude_mm,37.12218999862671,6601218
correction_magnitude_deg,0,6601218
prediction_position_error_mm,32.8674390912056,7200000
prediction_orientation_error_deg,0,7200000
owd_uplink_ms,50.8151,7300000
owd_downlink_ms,49.4046,7300000
prediction_position_error_mm,43.59336197376251,7300000
prediction_orientation_error_deg,0,7300000
owd_uplink_ms,50.8106,7400000
owd_downlink_ms,49.767,7400000
correction_magnitude_mm,8.200948126614094,6898152
correction_magnitude_deg,0,6898152
prediction_position_error_mm,53.94807085394859,7400000
prediction_orientation_error_deg,0,7400000
owd_uplink_ms,50.1178,7500000
owd_downlink_ms,49.9266,7500000
correction_magnitude_mm,15.136336907744408,6997914
correction_magnitude_deg,0,6997914
prediction_position_error_mm,56.86677247285843,7500000
prediction_orientation_error_deg,0,7500000
owd_uplink_ms,50.5256,7600000
owd_downlink_ms,50.1096,7600000
correction_magnitude_mm,19.64702270925045,7097394
correction_magnitude_deg,0,7097394
prediction_position_error_mm,53.39132994413376,7600000
prediction_orientation_error_deg,0,7600000
prediction_position_error_mm,66.04166328907013,7700000
prediction_orientation_error_deg,0,7700000
owd_uplink_ms,49.7098,7800000
owd_downlink_ms,50.2718,7800000
correction_magnitude_mm,18.376437947154045,7198097
correction_magnitude_deg,0,7198097
owd_uplink_ms,50.517,7800000
owd_downlink_ms,51.1057,7800000
correction_magnitude_mm,12.952637858688831,7198833
correction_magnitude_deg,0,7198833
prediction_position_error_mm,255.28034567832947,7800000
prediction_orientation_error_deg,0,7800000
owd_uplink_ms,49.3603,7900000
owd_downlink_ms,50.8482,7900000
correction_magnitude_mm,36.386579275131226,7300692
correction_magnitude_deg,0,7300692
prediction_position_error_mm,282.4869751930237,7900000
prediction_orientation_error_deg,0,7900000
owd_uplink_ms,50.8294,8000000
owd_downlink_ms,49.6683,8000000
correction_magnitude_mm,108.10784995555878,7499242
correction_magnitude_deg,0,7499242
prediction_position_error_mm,289.1137897968292,8000000
prediction_orientation_error_deg,0,8000000
owd_uplink_ms,49.3568,8100000
owd_downlink_ms,49.3134,8100000
correction_magnitude_mm,121.50762230157852,7599188
correction_magnitude_deg,0,7599188
owd_uplink_ms,50.7388,8100000
owd_downlink_ms,50.0888,8100000
prediction_position_error_mm,272.3766565322876,8100000
prediction_orientation_error_deg,0,8100000
prediction_position_error_mm,310.4741871356964,8200000
prediction_orientation_error_deg,0,8200000
prediction_position_error_mm,352.2382080554962,8300000
prediction_orientation_error_deg,0,8300000
owd_uplink_ms,50.2295,8400000
owd_downlink_ms,50.8646,8400000
correction_magnitude_mm,157.60751068592072,7799170
correction_magnitude_deg,0,7799170
owd_uplink_ms,50.4694,8400000
owd_downlink_ms,49.4533,8400000
correction_magnitude_mm,145.7478404045105,7897900
correction_magnitude_deg,0,7897900
prediction_position_error_mm,259.1232359409332,8400000
prediction_orientation_error_deg,0,8400000
prediction_position_error_mm,293.9628064632416,8500000
prediction_orientation_error_deg,0,8500000
owd_uplink_ms,50.1208,8600000
owd_downlink_ms,50.4753,8600000
correction_magnitude_mm,137.31132447719574,7998343
correction_magnitude_deg,0,7998343
owd_uplink_ms,49.4584,8600000
owd_downlink_ms,50.6289,8600000
correction_magnitude_mm,96.46080434322357,7999806
correction_magnitude_deg,0,7999806
prediction_position_error_mm,514.1645669937134,8600000
prediction_orientation_error_deg,0,8600000
prediction_position_error_mm,607.000470161438,8700000
prediction_orientation_error_deg,0,8700000
owd_uplink_ms,50.4117,8800000
owd_downlink_ms,50.6622,8800000
correction_magnitude_mm,129.0225386619568,8200119
correction_magnitude_deg,0,8200119
owd_uplink_ms,50.2057,8800000
owd_downlink_ms,49.9391,8800000
correction_magnitude_mm,180.62320351600647,8299786
correction_magnitude_deg,0,8299786
prediction_position_error_mm,571.7887878417969,8800000
prediction_orientation_error_deg,0,8800000
owd_uplink_ms,49.9103,8900000
owd_downlink_ms,50.5134,8900000
correction_magnitude_mm,127.13371217250824,8300539
correction_magnitude_deg,0,8300539
prediction_position_error_mm,531.9505333900452,8900000
prediction_orientation_error_deg,0,8900000
prediction_position_error_mm,631.9477558135986,9000000
prediction_orientation_error_deg,0,9000000
owd_uplink_ms,49.1962,9100000
owd_downlink_ms,49.8945,9100000
correction_magnitude_mm,119.17763203382492,8501411
correction_magnitude_deg,0,8501411
owd_uplink_ms,50.7633,9100000
owd_downlink_ms,50.288,9100000
prediction_position_error_mm,688.998818397522,9100000
prediction_orientation_error_deg,0,9100000
owd_uplink_ms,49.3627,9200000
owd_downlink_ms,49.1587,9200000
correction_magnitude_mm,286.19182109832764,8700562
correction_magnitude_deg,0,8700562
prediction_position_error_mm,683.25275182724,9200000
prediction_orientation_error_deg,0,9200000
owd_uplink_ms,50.7856,9300000
owd_downlink_ms,50.3815,9300000
prediction_position_error_mm,780.5483937263489,9300000
prediction_orientation_error_deg,0,9300000
owd_uplink_ms,49.8164,9400000
owd_downlink_ms,50.2621,9400000
correction_magnitude_mm,297.8191077709198,8800612
correction_magnitude_deg,0,8800612
prediction_position_error_mm,734.9360585212708,9400000
prediction_orientation_error_deg,0,9400000
owd_uplink_ms,49.911,9500000
owd_downlink_ms,50.7471,9500000
correction_magnitude_mm,297.8332042694092,8901656
correction_magnitude_deg,0,8901656
prediction_position_error_mm,680.9691190719604,9500000
prediction_orientation_error_deg,0,9500000
owd_uplink_ms,50.7385,9600000
owd_downlink_ms,49.7504,9600000
correction_magnitude_mm,363.271564245224,9100421
correction_magnitude_deg,0,9100421
prediction_position_error_mm,624.0090131759644,9600000
prediction_orientation_error_deg,0,9600000
owd_uplink_ms,50.0742,9700000
owd_downlink_ms,49.4899,9700000
correction_magnitude_mm,327.8502821922302,9199691
correction_magnitude_deg,0,9199691
prediction_position_error_mm,549.9770045280457,9700000
prediction_orientation_error_deg,0,9700000
prediction_position_error_mm,617.0921325683594,9800000
prediction_orientation_error_deg,0,9800000
owd_uplink_ms,50.6889,9900000
owd_downlink_ms,50.3733,9900000
correction_magnitude_mm,293.3879792690277,9299297
correction_magnitude_deg,0,9299297
prediction_position_error_mm,536.7364883422852,9900000
prediction_orientation_error_deg,0,9900000
owd_uplink_ms,50.241,10000000
owd_downlink_ms,50.7889,10000000
correction_magnitude_mm,260.9865069389343,9399982
correction_magnitude_deg,0,9399982
owd_uplink_ms,50.1338,10000000
owd_downlink_ms,49.2738,10000000
correction_magnitude_mm,229.66255247592926,9498907
correction_magnitude_deg,0,9498907
prediction_position_error_mm,366.1108613014221,10000000
prediction_orientation_error_deg,0,10000000
prediction_position_error_mm,403.272807598114,10100000
prediction_orientation_error_deg,0,10100000
owd_uplink_ms,50.2225,10200000
owd_downlink_ms,50.34,10200000
correction_magnitude_mm,201.26350224018097,9599055
correction_magnitude_deg,0,9599055
prediction_position_error_mm,346.8795418739319,10200000
prediction_orientation_error_deg,0,10200000
owd_uplink_ms,50.5827,10300000
owd_downlink_ms,50.6578,10300000
correction_magnitude_mm,175.29216408729553,9699149
correction_magnitude_deg,0,9699149
owd_uplink_ms,49.3031,10300000
owd_downlink_ms,49.1447,10300000
correction_magnitude_mm,154.91193532943726,9798952
correction_magnitude_deg,0,9798952
owd_uplink_ms,50.277,10300000
owd_downlink_ms,49.9749,10300000
prediction_position_error_mm,227.06840932369232,10300000
prediction_orientation_error_deg,0,10300000
prediction_position_error_mm,251.26707553863525,10400000
prediction_orientation_error_deg,0,10400000
prediction_position_error_mm,278.324693441391,10500000
prediction_orientation_error_deg,0,10500000
owd_uplink_ms,49.4189,10600000
owd_downlink_ms,50.4713,10600000
correction_magnitude_mm,157.30831027030945,9999891
correction_magnitude_deg,0,9999891
owd_uplink_ms,50.2915,10600000
owd_downlink_ms,50.4612,10600000
correction_magnitude_mm,110.1556271314621,10000102
correction_magnitude_deg,0,10000102
prediction_position_error_mm,505.062997341156,10600000
prediction_orientation_error_deg,0,10600000
owd_uplink_ms,50.4911,10700000
owd_downlink_ms,49.5802,10700000
correction_magnitude_mm,118.69783699512482,10198964
correction_magnitude_deg,0,10198964
prediction_position_error_mm,557.6677918434143,10700000
prediction_orientation_error_deg,0,10700000
prediction_position_error_mm,655.8712720870972,10800000
prediction_orientation_error_deg,0,10800000
owd_uplink_ms,49.9704,10900000
owd_downlink_ms,50.1142,10900000
correction_magnitude_mm,178.45967411994934,10299144
correction_magnitude_deg,0,10299144
prediction_position_error_mm,665.6584739685059,10900000
prediction_orientation_error_deg,0,10900000
owd_uplink_ms,50.2997,11000000
owd_downlink_ms,50.6947,11000000
correction_magnitude_mm,215.27034044265747,10399638
correction_magnitude_deg,0,10399638
owd_uplink_ms,50.3855,11000000
owd_downlink_ms,49.9856,11000000
correction_magnitude_mm,230.87294399738312,10499139
correction_magnitude_deg,0,10499139
prediction_position_error_mm,548.5033988952637,11000000
prediction_orientation_error_deg,0,11000000
owd_uplink_ms,49.4481,11100000
owd_downlink_ms,50.0578,11100000
correction_magnitude_mm,162.217378616333,10499902
correction_magnitude_deg,0,10499902
prediction_position_error_mm,500.37866830825806,11100000
prediction_orientation_error_deg,0,11100000
owd_uplink_ms,49.1291,11200000
owd_downlink_ms,50.0261,11200000
correction_magnitude_mm,9.620723314583302,10601023
correction_magnitude_deg,0,10601023
owd_uplink_ms,49.255,11200000
owd_downlink_ms,49.1656,11200000
correction_magnitude_mm,95.9925651550293,10700911
correction_magnitude_deg,0,10700911
prediction_position_error_mm,565.3149485588074,11200000
prediction_orientation_error_deg,0,11200000
prediction_position_error_mm,662.4264121055603,11300000
prediction_orientation_error_deg,0,11300000
prediction_position_error_mm,762.101948261261,11400000
prediction_orientation_error_deg,0,11400000
owd_uplink_ms,51.0292,11500000
owd_downlink_ms,50.8599,11500000
correction_magnitude_mm,263.98372650146484,10900699
correction_magnitude_deg,0,10900699
owd_uplink_ms,50.6874,11500000
owd_downlink_ms,49.2025,11500000
correction_magnitude_mm,278.9384424686432,10998843
correction_magnitude_deg,0,10998843
prediction_position_error_mm,632.3723196983337,11500000
prediction_orientation_error_deg,0,11500000
owd_uplink_ms,50.1514,11600000
owd_downlink_ms,49.6239,11600000
correction_magnitude_mm,282.0102870464325,11098184
correction_magnitude_deg,0,11098184
prediction_position_error_mm,592.1328663825989,11600000
prediction_orientation_error_deg,0,11600000
owd_uplink_ms,49.6696,11700000
owd_downlink_ms,49.9159,11700000
correction_magnitude_mm,279.00370955467224,11198493
correction_magnitude_deg,0,11198493
prediction_position_error_mm,547.520637512207,11700000
prediction_orientation_error_deg,0,11700000
owd_uplink_ms,49.9626,11800000
owd_downlink_ms,50.4131,11800000
correction_magnitude_mm,195.6840455532074,11199056
correction_magnitude_deg,0,11199056
prediction_position_error_mm,451.5760838985443,11800000
prediction_orientation_error_deg,0,11800000
prediction_position_error_mm,549.2275953292847,11900000
prediction_orientation_error_deg,0,11900000
owd_uplink_ms,50.1718,12000000
owd_downlink_ms,50.2446,12000000
correction_magnitude_mm,60.54968386888504,11399147
correction_magnitude_deg,0,11399147
prediction_position_error_mm,621.051549911499,12000000
prediction_orientation_error_deg,0,12000000
owd_uplink_ms,50.2718,12100000
owd_downlink_ms,50.1229,12100000
correction_magnitude_mm,138.77245783805847,11498962
correction_magnitude_deg,0,11498962
prediction_position_error_mm,651.2265801429749,12100000
prediction_orientation_error_deg,0,12100000
owd_uplink_ms,50.0426,12200000
owd_downlink_ms,50.8794,12200000
correction_magnitude_mm,190.57568907737732,11600007
correction_magnitude_deg,0,11600007
owd_uplink_ms,49.7737,12200000
owd_downlink_ms,49.1071,12200000
correction_magnitude_mm,217.10659563541412,11699174
correction_magnitude_deg,0,11699174
owd_uplink_ms,50.3773,12200000
owd_downlink_ms,49.4042,12200000
prediction_position_error_mm,556.9937229156494,12200000
prediction_orientation_error_deg,0,12200000
prediction_position_error_mm,637.5166773796082,12300000
prediction_orientation_error_deg,0,12300000
owd_uplink_ms,50.5918,12400000
owd_downlink_ms,49.6644,12400000
correction_magnitude_mm,313.0432069301605,11896799
correction_magnitude_deg,0,11896799
prediction_position_error_mm,598.1841087341309,12400000
prediction_orientation_error_deg,0,12400000
owd_uplink_ms,49.2049,12500000
owd_downlink_ms,49.7452,12500000
correction_magnitude_mm,293.04370284080505,11997475
correction_magnitude_deg,0,11997475
prediction_position_error_mm,542.2945022583008,12500000
prediction_orientation_error_deg,0,12500000
owd_uplink_ms,50.515,12600000
owd_downlink_ms,50.3557,12600000
prediction_position_error_mm,611.4976406097412,12600000
prediction_orientation_error_deg,0,12600000
owd_uplink_ms,49.0725,12700000
owd_downlink_ms,50.9789,12700000
correction_magnitude_mm,273.6366093158722,12099660
correction_magnitude_deg,0,12099660
prediction_position_error_mm,546.4565753936768,12700000
prediction_orientation_error_deg,0,12700000
owd_uplink_ms,50.172,12800000
owd_downlink_ms,49.9035,12800000
correction_magnitude_mm,311.5164637565613,12299325
correction_magnitude_deg,0,12299325
prediction_position_error_mm,490.7373785972595,12800000
prediction_orientation_error_deg,0,12800000
owd_uplink_ms,50.4237,12900000
owd_downlink_ms,49.4846,12900000
correction_magnitude_mm,269.6927785873413,12398152
correction_magnitude_deg,0,12398152
prediction_position_error_mm,423.3397841453552,12900000
prediction_orientation_error_deg,0,12900000
owd_uplink_ms,49.58,13000000
owd_downlink_ms,50.1469,13000000
correction_magnitude_mm,189.1273558139801,12398861
correction_magnitude_deg,0,12398861
owd_uplink_ms,49.1707,13000000
owd_downlink_ms,49.8318,13000000
correction_magnitude_mm,29.558248817920685,12499688
correction_magnitude_deg,0,12499688
prediction_position_error_mm,487.31714487075806,13000000
prediction_orientation_error_deg,0,13000000
prediction_position_error_mm,590.893030166626,13100000
prediction_orientation_error_deg,0,13100000
owd_uplink_ms,49.4086,13200000
owd_downlink_ms,49.4764,13200000
correction_magnitude_mm,183.3537071943283,12699773
correction_magnitude_deg,0,12699773
prediction_position_error_mm,622.1259236335754,13200000
prediction_orientation_error_deg,0,13200000
owd_uplink_ms,50.3716,13300000
owd_downlink_ms,50.4907,13300000
correction_magnitude_mm,128.49245965480804,12699922
correction_magnitude_deg,0,12699922
prediction_position_error_mm,499.39852952957153,13300000
prediction_orientation_error_deg,0,13300000
prediction_position_error_mm,599.386990070343,13400000
prediction_orientation_error_deg,0,13400000
owd_uplink_ms,50.6272,13500000
owd_downlink_ms,50.7257,13500000
correction_magnitude_mm,108.27101767063141,12900045
correction_magnitude_deg,0,12900045
owd_uplink_ms,50.4452,13500000
owd_downlink_ms,49.9929,13500000
correction_magnitude_mm,171.75090312957764,12999480
correction_magnitude_deg,0,12999480
prediction_position_error_mm,576.508104801178,13500000
prediction_orientation_error_deg,0,13500000
prediction_position_error_mm,668.1678295135498,13600000
prediction_orientation_error_deg,0,13600000
owd_uplink_ms,49.1647,13700000
owd_downlink_ms,50.1346,13700000
correction_magnitude_mm,210.98226308822632,13100692
correction_magnitude_deg,0,13100692
owd_uplink_ms,50.4999,13700000
owd_downlink_ms,50.7599,13700000
correction_magnitude_mm,147.9700803756714,13101017
correction_magnitude_deg,0,13101017
prediction_position_error_mm,503.492534160614,13700000
prediction_orientation_error_deg,0,13700000
prediction_position_error_mm,604.9706339836121,13800000
prediction_orientation_error_deg,0,13800000
owd_uplink_ms,50.8676,13900000
owd_downlink_ms,50.1033,13900000
correction_magnitude_mm,98.85841608047485,13300061
correction_magnitude_deg,0,13300061
owd_uplink_ms,49.3423,13900000
owd_downlink_ms,50.1909,13900000
correction_magnitude_mm,70.2446699142456,13301121
correction_magnitude_deg,0,13301121
prediction_position_error_mm,540.3460264205933,13900000
prediction_orientation_error_deg,0,13900000
owd_uplink_ms,49.7491,14000000
owd_downlink_ms,49.042,14000000
correction_magnitude_mm,146.64264023303986,13500237
correction_magnitude_deg,0,13500237
owd_uplink_ms,50.5956,14000000
owd_downlink_ms,49.8933,14000000
prediction_position_error_mm,583.9141011238098,14000000
prediction_orientation_error_deg,0,14000000
owd_uplink_ms,49.0531,14100000
owd_downlink_ms,49.0639,14100000
correction_magnitude_mm,198.011577129364,13599374
correction_magnitude_deg,0,13599374
prediction_position_error_mm,590.9528732299805,14100000
prediction_orientation_error_deg,0,14100000
prediction_position_error_mm,681.4480423927307,14200000
prediction_orientation_error_deg,0,14200000
owd_uplink_ms,50.6043,14300000
owd_downlink_ms,49.4822,14300000
correction_magnitude_mm,319.37387585639954,13797972
correction_magnitude_deg,0,13797972
prediction_position_error_mm,651.960551738739,14300000
prediction_orientation_error_deg,0,14300000
owd_uplink_ms,49.1667,14400000
owd_downlink_ms,49.5542,14400000
correction_magnitude_mm,308.029443025589,13898457
correction_magnitude_deg,0,13898457
owd_uplink_ms,50.7017,14400000
owd_downlink_ms,49.9602,14400000
prediction_position_error_mm,600.3918647766113,14400000
prediction_orientation_error_deg,0,14400000
prediction_position_error_mm,676.960825920105,14500000
prediction_orientation_error_deg,0,14500000
owd_uplink_ms,49.0439,14600000
owd_downlink_ms,50.1171,14600000
correction_magnitude_mm,292.3244833946228,13998873
correction_magnitude_deg,0,13998873
prediction_position_error_mm,612.2790575027466,14600000
prediction_orientation_error_deg,0,14600000
owd_uplink_ms,49.1178,14700000
owd_downlink_ms,50.2473,14700000
correction_magnitude_mm,273.29516410827637,14100284
correction_magnitude_deg,0,14100284
prediction_position_error_mm,550.838053226471,14700000
prediction_orientation_error_deg,0,14700000
owd_uplink_ms,49.7421,14800000
owd_downlink_ms,50.395,14800000
correction_magnitude_mm,251.45968794822693,14201099
correction_magnitude_deg,0,14201099
prediction_position_error_mm,489.47298526763916,14800000
prediction_orientation_error_deg,0,14800000
owd_uplink_ms,49.4507,14900000
owd_downlink_ms,50.0104,14900000
correction_magnitude_mm,228.61644625663757,14301798
correction_magnitude_deg,0,14301798
prediction_position_error_mm,433.61058831214905,14900000
prediction_orientation_error_deg,0,14900000
prediction_position_error_mm,479.3061912059784,15000000
prediction_orientation_error_deg,0,15000000
owd_uplink_ms,50.71,15100000
owd_downlink_ms,50.1751,15100000
correction_magnitude_mm,251.83433294296265,14501129
correction_magnitude_deg,0,14501129
owd_uplink_ms,49.1652,15100000
owd_downlink_ms,49.0897,15100000
correction_magnitude_mm,216.85531735420227,14601034
correction_magnitude_deg,0,14601034
owd_uplink_ms,50.4486,15100000
owd_downlink_ms,49.7803,15100000
prediction_position_error_mm,329.25450801849365,15100000
prediction_orientation_error_deg,0,15100000
prediction_position_error_mm,363.9332354068756,15200000
prediction_orientation_error_deg,0,15200000
owd_uplink_ms,49.1265,15300000
owd_downlink_ms,49.661,15300000
correction_magnitude_mm,222.38248586654663,14800866
correction_magnitude_deg,0,14800866
prediction_position_error_mm,316.90460443496704,15300000
prediction_orientation_error_deg,0,15300000
owd_uplink_ms,50.8734,15400000
owd_downlink_ms,50.6431,15400000
prediction_position_error_mm,349.1522967815399,15400000
prediction_orientation_error_deg,0,15400000
prediction_position_error_mm,381.448358297348,15500000
prediction_orientation_error_deg,0,15500000
owd_uplink_ms,50.6817,15600000
owd_downlink_ms,50.6273,15600000
correction_magnitude_mm,220.61952948570251,15000509
correction_magnitude_deg,0,15000509
owd_uplink_ms,50.3692,15600000
owd_downlink_ms,49.2288,15600000
correction_magnitude_mm,182.79805779457092,15099084
correction_magnitude_deg,0,15099084
prediction_position_error_mm,244.41921710968018,15600000
prediction_orientation_error_deg,0,15600000
owd_uplink_ms,50.5031,15700000
owd_downlink_ms,49.8684,15700000
correction_magnitude_mm,150.23471415042877,15198291
correction_magnitude_deg,0,15198291
prediction_position_error_mm,200.12006163597107,15700000
prediction_orientation_error_deg,0,15700000
owd_uplink_ms,49.6689,15800000
owd_downlink_ms,50.4248,15800000
correction_magnitude_mm,105.34927248954773,15199236
correction_magnitude_deg,0,15199236
prediction_position_error_mm,530.2910804748535,15800000
prediction_orientation_error_deg,0,15800000
prediction_position_error_mm,631.2796473503113,15900000
prediction_orientation_error_deg,0,15900000
owd_uplink_ms,50.2595,16000000
owd_downlink_ms,50.3988,16000000
correction_magnitude_mm,127.17650830745697,15399411
correction_magnitude_deg,0,15399411
owd_uplink_ms,50.1105,16000000
owd_downlink_ms,49.6288,16000000
correction_magnitude_mm,187.23148107528687,15498810
correction_magnitude_deg,0,15498810
prediction_position_error_mm,597.6055860519409,16000000
prediction_orientation_error_deg,0,16000000
owd_uplink_ms,50.2591,16100000
owd_downlink_ms,49.4009,16100000
correction_magnitude_mm,223.7970530986786,15597738
correction_magnitude_deg,0,15597738
owd_uplink_ms,49.3939,16100000
owd_downlink_ms,49.8074,16100000
correction_magnitude_mm,157.1006327867508,15598255
correction_magnitude_deg,0,15598255
prediction_position_error_mm,389.4045054912567,16100000
prediction_orientation_error_deg,0,16100000
prediction_position_error_mm,489.3849492073059,16200000
prediction_orientation_error_deg,0,16200000
owd_uplink_ms,49.5003,16300000
owd_downlink_ms,50.4769,16300000
correction_magnitude_mm,9.45199653506279,15699476
correction_magnitude_deg,0,15699476
prediction_position_error_mm,591.8430685997009,16300000
prediction_orientation_error_deg,0,16300000
owd_uplink_ms,50.5224,16400000
owd_downlink_ms,49.7562,16400000
correction_magnitude_mm,191.5234625339508,15898519
correction_magnitude_deg,0,15898519
prediction_position_error_mm,619.4098591804504,16400000
prediction_orientation_error_deg,0,16400000
owd_uplink_ms,49.7405,16500000
owd_downlink_ms,50.5481,16500000
correction_magnitude_mm,135.04694402217865,15899529
correction_magnitude_deg,0,15899529
owd_uplink_ms,49.7735,16500000
owd_downlink_ms,49.546,16500000
correction_magnitude_mm,5.6777955032885075,15999245
correction_magnitude_deg,0,15999245
prediction_position_error_mm,504.946231842041,16500000
prediction_orientation_error_deg,0,16500000
owd_uplink_ms,49.2319,16600000
owd_downlink_ms,49.7274,16600000
correction_magnitude_mm,104.72435504198074,16099865
correction_magnitude_deg,0,16099865
prediction_position_error_mm,558.035671710968,16600000
prediction_orientation_error_deg,0,16600000
prediction_position_error_mm,654.8094749450684,16700000
prediction_orientation_error_deg,0,16700000
prediction_position_error_mm,751.5035271644592,16800000
prediction_orientation_error_deg,0,16800000
owd_uplink_ms,50.3434,16900000
owd_downlink_ms,50.3748,16900000
correction_magnitude_mm,267.0583724975586,16299905
correction_magnitude_deg,0,16299905
owd_uplink_ms,50.3203,16900000
owd_downlink_ms,49.917,16900000
correction_magnitude_mm,279.6627879142761,16399401
correction_magnitude_deg,0,16399401
prediction_position_error_mm,617.9673671722412,16900000
prediction_orientation_error_deg,0,16900000
owd_uplink_ms,49.9829,17000000
owd_downlink_ms,50.7405,17000000
correction_magnitude_mm,196.56090438365936,16400347
correction_magnitude_deg,0,16400347
prediction_position_error_mm,461.77157759666443,17000000
prediction_orientation_error_deg,0,17000000
owd_uplink_ms,49.5733,17100000
owd_downlink_ms,49.2701,17100000
correction_magnitude_mm,61.77939847111702,16599968
correction_magnitude_deg,0,16599968
prediction_position_error_mm,538.7241840362549,17100000
prediction_orientation_error_deg,0,17100000
owd_uplink_ms,50.3562,17200000
owd_downlink_ms,50.9099,17200000
correction_magnitude_mm,43.9303033053875,16600660
correction_magnitude_deg,0,16600660
prediction_position_error_mm,517.2949433326721,17200000
prediction_orientation_error_deg,0,17200000
owd_uplink_ms,50.0894,17300000
owd_downlink_ms,50.4022,17300000
correction_magnitude_mm,61.19730323553085,16701050
correction_magnitude_deg,0,16701050
prediction_position_error_mm,579.2514085769653,17300000
prediction_orientation_error_deg,0,17300000
owd_uplink_ms,50.1718,17400000
owd_downlink_ms,49.2348,17400000
correction_magnitude_mm,221.28301858901978,16899879
correction_magnitude_deg,0,16899879
prediction_position_error_mm,585.9795212745667,17400000
prediction_orientation_error_deg,0,17400000
owd_uplink_ms,49.0196,17500000
owd_downlink_ms,49.1867,17500000
correction_magnitude_mm,241.1447912454605,17000087
correction_magnitude_deg,0,17000087
owd_uplink_ms,50.5936,17500000
owd_downlink_ms,49.3475,17500000
prediction_position_error_mm,563.5946393013,17500000
prediction_orientation_error_deg,0,17500000
owd_uplink_ms,49.4092,17600000
owd_downlink_ms,49.4347,17600000
correction_magnitude_mm,246.57073616981506,17098562
correction_magnitude_deg,0,17098562
prediction_position_error_mm,530.7374000549316,17600000
prediction_orientation_error_deg,0,17600000
owd_uplink_ms,49.2171,17700000
owd_downlink_ms,49.6452,17700000
correction_magnitude_mm,244.4007694721222,17199098
correction_magnitude_deg,0,17199098
prediction_position_error_mm,491.5406405925751,17700000
prediction_orientation_error_deg,0,17700000
owd_uplink_ms,49.7014,17800000
owd_downlink_ms,49.4004,17800000
correction_magnitude_mm,234.91263389587402,17298722
correction_magnitude_deg,0,17298722
prediction_position_error_mm,449.43466782569885,17800000
prediction_orientation_error_deg,0,17800000
prediction_position_error_mm,506.13969564437866,17900000
prediction_orientation_error_deg,0,17900000
owd_uplink_ms,49.9918,18000000
owd_downlink_ms,50.0813,18000000
correction_magnitude_mm,278.8265645503998,17498835
correction_magnitude_deg,0,17498835
prediction_position_error_mm,458.20242166519165,18000000
prediction_orientation_error_deg,0,18000000
prediction_position_error_mm,510.62965393066406,18100000
prediction_orientation_error_deg,0,18100000
owd_uplink_ms,50.7457,18200000
owd_downlink_ms,50.5181,18200000
correction_magnitude_mm,247.748002409935,17598551
correction_magnitude_deg,0,17598551
prediction_position_error_mm,444.6612298488617,18200000
prediction_orientation_error_deg,0,18200000
owd_uplink_ms,50.4747,18300000
owd_downlink_ms,50.726,18300000
correction_magnitude_mm,218.22522580623627,17698865
correction_magnitude_deg,0,17698865
owd_uplink_ms,49.2084,18300000
owd_downlink_ms,50.7369,18300000
correction_magnitude_mm,153.50627899169922,17700775
correction_magnitude_deg,0,17700775
owd_uplink_ms,49.2366,18300000
owd_downlink_ms,49.7576,18300000
correction_magnitude_mm,6.27970602363348,17801426
correction_magnitude_deg,0,17801426
prediction_position_error_mm,497.103750705719,18300000
prediction_orientation_error_deg,0,18300000
prediction_position_error_mm,597.9474186897278,18400000
prediction_orientation_error_deg,0,18400000
owd_uplink_ms,49.8823,18500000
owd_downlink_ms,49.9703,18500000
correction_magnitude_mm,96.42044454813004,17901535
correction_magnitude_deg,0,17901535
prediction_position_error_mm,653.5831689834595,18500000
prediction_orientation_error_deg,0,18500000
owd_uplink_ms,50.132,18600000
owd_downlink_ms,50.4176,18600000
correction_magnitude_mm,165.64680635929108,18001891
correction_magnitude_deg,0,18001891
owd_uplink_ms,49.8911,18600000
owd_downlink_ms,49.6006,18600000
correction_magnitude_mm,208.52237939834595,18101527
correction_magnitude_deg,0,18101527
prediction_position_error_mm,577.5123238563538,18600000
prediction_orientation_error_deg,0,18600000
prediction_position_error_mm,664.3820405006409,18700000
prediction_orientation_error_deg,0,18700000
owd_uplink_ms,50.9699,18800000
owd_downlink_ms,49.7867,18800000
correction_magnitude_mm,317.2357976436615,18300047
correction_magnitude_deg,0,18300047
prediction_position_error_mm,633.2688331604004,18800000
prediction_orientation_error_deg,0,18800000
owd_uplink_ms,50.5232,18900000
owd_downlink_ms,49.8713,18900000
correction_magnitude_mm,303.334504365921,18399233
correction_magnitude_deg,0,18399233
prediction_position_error_mm,578.5480737686157,18900000
prediction_orientation_error_deg,0,18900000
owd_uplink_ms,49.4988,19000000
owd_downlink_ms,49.474,19000000
correction_magnitude_mm,286.0792875289917,18499203
correction_magnitude_deg,0,18499203
prediction_position_error_mm,522.8258371353149,19000000
prediction_orientation_error_deg,0,19000000
owd_uplink_ms,50.4454,19100000
owd_downlink_ms,50.7902,19100000
correction_magnitude_mm,200.5283236503601,18499634
correction_magnitude_deg,0,18499634
prediction_position_error_mm,453.30148935317993,19100000
prediction_orientation_error_deg,0,19100000
prediction_position_error_mm,553.2721281051636,19200000
prediction_orientation_error_deg,0,19200000
owd_uplink_ms,50.4448,19300000
owd_downlink_ms,50.7905,19300000
correction_magnitude_mm,59.06777083873749,18700066
correction_magnitude_deg,0,18700066
owd_uplink_ms,49.2372,19300000
owd_downlink_ms,49.891,19300000
correction_magnitude_mm,139.1674429178238,18800883
correction_magnitude_deg,0,18800883
prediction_position_error_mm,566.5498971939087,19300000
prediction_orientation_error_deg,0,19300000
owd_uplink_ms,50.171,19400000
owd_downlink_ms,50.4107,19400000
correction_magnitude_mm,97.70093858242035,18801182
correction_magnitude_deg,0,18801182
owd_uplink_ms,49.3784,19400000
owd_downlink_ms,49.4792,19400000
correction_magnitude_mm,32.864317297935486,18901308
correction_magnitude_deg,0,18901308
prediction_position_error_mm,521.6348767280579,19400000
prediction_orientation_error_deg,0,19400000
owd_uplink_ms,49.8441,19500000
owd_downlink_ms,49.0241,19500000
correction_magnitude_mm,122.14227765798569,19000282
correction_magnitude_deg,0,19000282
prediction_position_error_mm,568.253219127655,19500000
prediction_orientation_error_deg,0,19500000
prediction_position_error_mm,664.9999618530273,19600000
prediction_orientation_error_deg,0,19600000
owd_uplink_ms,49.3752,19700000
owd_downlink_ms,50.5694,19700000
correction_magnitude_mm,183.42991173267365,19101774
correction_magnitude_deg,0,19101774
prediction_position_error_mm,674.3291616439819,19700000
prediction_orientation_error_deg,0,19700000
prediction_position_error_mm,765.7477855682373,19800000
prediction_orientation_error_deg,0,19800000
owd_uplink_ms,50.6217,19900000
owd_downlink_ms,50.0524,19900000
correction_magnitude_mm,308.771550655365,19301062
correction_magnitude_deg,0,19301062
owd_uplink_ms,50.5746,19900000
owd_downlink_ms,49.2956,19900000
correction_magnitude_mm,301.3119399547577,19399464
correction_magnitude_deg,0,19399464
prediction_position_error_mm,600.3738045692444,19900000
prediction_orientation_error_deg,0,19900000
owd_uplink_ms,49.3435,20000000
owd_downlink_ms,49.3004,20000000
correction_magnitude_mm,289.68292474746704,19499411
correction_magnitude_deg,0,19499411
owd_uplink_ms,50.7877,20000000
owd_downlink_ms,49.7892,20000000
prediction_position_error_mm,545.9787845611572,20000000
prediction_orientation_error_deg,0,20000000
owd_uplink_ms,49.1993,20100000
owd_downlink_ms,49.4296,20100000
correction_magnitude_mm,270.9275484085083,19598452
correction_magnitude_deg,0,19598452
prediction_position_error_mm,494.2112863063812,20100000
prediction_orientation_error_deg,0,20100000
owd_uplink_ms,49.6377,20200000
owd_downlink_ms,50.0833,20200000
correction_magnitude_mm,250.61503052711487,19699010
correction_magnitude_deg,0,19699010
prediction_position_error_mm,442.4377679824829,20200000
prediction_orientation_error_deg,0,20200000
prediction_position_error_mm,494.09863352775574,20300000
prediction_orientation_error_deg,0,20300000
owd_uplink_ms,49.6869,20400000
owd_downlink_ms,50.2913,20400000
correction_magnitude_mm,229.02712225914001,19799766
correction_magnitude_deg,0,19799766
prediction_position_error_mm,439.71967697143555,20400000
prediction_orientation_error_deg,0,20400000
owd_uplink_ms,49.931,20500000
owd_downlink_ms,50.6095,20500000
correction_magnitude_mm,207.13229477405548,19900613
correction_magnitude_deg,0,19900613
prediction_position_error_mm,385.4913115501404,20500000
prediction_orientation_error_deg,0,20500000
owd_uplink_ms,49.1873,20600000
owd_downlink_ms,49.2497,20600000
correction_magnitude_mm,225.70545971393585,20100690
correction_magnitude_deg,0,20100690
prediction_position_error_mm,343.3411121368408,20600000
prediction_orientation_error_deg,0,20600000
owd_uplink_ms,50.4348,20700000
owd_downlink_ms,50.4414,20700000
correction_magnitude_mm,157.99663960933685,20100698
correction_magnitude_deg,0,20100698
owd_uplink_ms,49.202,20700000
owd_downlink_ms,49.2043,20700000
correction_magnitude_mm,12.520658783614635,20200700
correction_magnitude_deg,0,20200700
prediction_position_error_mm,483.37167501449585,20700000
prediction_orientation_error_deg,0,20700000
prediction_position_error_mm,579.4742107391357,20800000
prediction_orientation_error_deg,0,20800000
owd_uplink_ms,49.863,20900000
owd_downlink_ms,49.5837,20900000
correction_magnitude_mm,187.49840557575226,20400350
correction_magnitude_deg,0,20400350
prediction_position_error_mm,609.1240048408508,20900000
prediction_orientation_error_deg,0,20900000
owd_uplink_ms,50.341,21000000
owd_downlink_ms,50.6895,21000000
correction_magnitude_mm,131.67144358158112,20400785
correction_magnitude_deg,0,20400785
prediction_position_error_mm,516.5925025939941,21000000
prediction_orientation_error_deg,0,21000000
owd_uplink_ms,50.0514,21100000
owd_downlink_ms,49.6498,21100000
correction_magnitude_mm,111.04390770196915,20600283
correction_magnitude_deg,0,20600283
owd_uplink_ms,49.1621,21100000
owd_downlink_ms,49.727,21100000
correction_magnitude_mm,78.42447608709335,20600989
correction_magnitude_deg,0,20600989
prediction_position_error_mm,435.906320810318,21100000
prediction_orientation_error_deg,0,21100000
prediction_position_error_mm,531.5661430358887,21200000
prediction_orientation_error_deg,0,21200000
owd_uplink_ms,50.5335,21300000
owd_downlink_ms,49.1286,21300000
correction_magnitude_mm,139.34436440467834,20799233
correction_magnitude_deg,0,20799233
prediction_position_error_mm,579.181969165802,21300000
prediction_orientation_error_deg,0,21300000
owd_uplink_ms,49.2562,21400000
owd_downlink_ms,50.4277,21400000
correction_magnitude_mm,98.97372126579285,20800697
correction_magnitude_deg,0,20800697
prediction_position_error_mm,540.5067205429077,21400000
prediction_orientation_error_deg,0,21400000
owd_uplink_ms,50.9415,21500000
owd_downlink_ms,50.0044,21500000
correction_magnitude_mm,131.55601918697357,20999527
correction_magnitude_deg,0,20999527
prediction_position_error_mm,595.6432223320007,21500000
prediction_orientation_error_deg,0,21500000
owd_uplink_ms,50.3756,21600000
owd_downlink_ms,49.5437,21600000
correction_magnitude_mm,191.13567471504211,21098488
correction_magnitude_deg,0,21098488
prediction_position_error_mm,609.5828413963318,21600000
prediction_orientation_error_deg,0,21600000
owd_uplink_ms,49.2542,21700000
owd_downlink_ms,49.2268,21700000
correction_magnitude_mm,230.255588889122,21198454
correction_magnitude_deg,0,21198454
owd_uplink_ms,50.3285,21700000
owd_downlink_ms,49.788,21700000
prediction_position_error_mm,600.4334688186646,21700000
prediction_orientation_error_deg,0,21700000
prediction_position_error_mm,688.1499886512756,21800000
prediction_orientation_error_deg,0,21800000
owd_uplink_ms,50.044,21900000
owd_downlink_ms,50.1085,21900000
correction_magnitude_mm,333.4592580795288,21397860
correction_magnitude_deg,0,21397860
prediction_position_error_mm,650.6821513175964,21900000
prediction_orientation_error_deg,0,21900000
owd_uplink_ms,49.668,22000000
owd_downlink_ms,50.0373,22000000
correction_magnitude_mm,318.6229169368744,21498322
correction_magnitude_deg,0,21498322
prediction_position_error_mm,590.1466012001038,22000000
prediction_orientation_error_deg,0,22000000
owd_uplink_ms,50.3914,22100000
owd_downlink_ms,50.7803,22100000
correction_magnitude_mm,223.37986528873444,21498808
correction_magnitude_deg,0,21498808
prediction_position_error_mm,430.23648858070374,22100000
prediction_orientation_error_deg,0,22100000
owd_uplink_ms,49.8588,22200000
owd_downlink_ms,50.3501,22200000
correction_magnitude_mm,58.14330652356148,21599422
correction_magnitude_deg,0,21599422
owd_uplink_ms,49.6281,22200000
owd_downlink_ms,49.6217,22200000
correction_magnitude_mm,57.02458694577217,21699415
correction_magnitude_deg,0,21699415
prediction_position_error_mm,519.3933844566345,22200000
prediction_orientation_error_deg,0,22200000
prediction_position_error_mm,615.054190158844,22300000
prediction_orientation_error_deg,0,22300000
owd_uplink_ms,49.7047,22400000
owd_downlink_ms,50.7192,22400000
correction_magnitude_mm,137.0101273059845,21800683
correction_magnitude_deg,0,21800683
owd_uplink_ms,49.5266,22400000
owd_downlink_ms,49.018,22400000
correction_magnitude_mm,187.0741844177246,21900047
correction_magnitude_deg,0,21900047
prediction_position_error_mm,563.53759765625,22400000
prediction_orientation_error_deg,0,22400000
prediction_position_error_mm,646.7621922492981,22500000
prediction_orientation_error_deg,0,22500000
owd_uplink_ms,49.412,22600000
owd_downlink_ms,50.4928,22600000
correction_magnitude_mm,218.22568774223328,22001397
correction_magnitude_deg,0,22001397
prediction_position_error_mm,631.1905980110168,22600000
prediction_orientation_error_deg,0,22600000
owd_uplink_ms,49.3159,22700000
owd_downlink_ms,50.14,22700000
correction_magnitude_mm,233.1812083721161,22102427
correction_magnitude_deg,0,22102427
prediction_position_error_mm,599.2335677146912,22700000
prediction_orientation_error_deg,0,22700000
owd_uplink_ms,49.9196,22800000
owd_downlink_ms,49.7869,22800000
correction_magnitude_mm,235.71421205997467,22202261
correction_magnitude_deg,0,22202261
owd_uplink_ms,50.0317,22800000
owd_downlink_ms,49.0033,22800000
correction_magnitude_mm,229.61202263832092,22300975
correction_magnitude_deg,0,22300975
prediction_position_error_mm,454.8852741718292,22800000
prediction_orientation_error_deg,0,22800000
prediction_position_error_mm,513.1919384002686,22900000
prediction_orientation_error_deg,0,22900000
owd_uplink_ms,49.8008,23000000
owd_downlink_ms,49.2254,23000000
correction_magnitude_mm,277.1848738193512,22500255
correction_magnitude_deg,0,22500255
owd_uplink_ms,50.786,23000000
owd_downlink_ms,49.9375,23000000
prediction_position_error_mm,464.5577073097229,23000000
prediction_orientation_error_deg,0,23000000
prediction_position_error_mm,521.5063691139221,23100000
prediction_orientation_error_deg,0,23100000
owd_uplink_ms,50.7081,23200000
owd_downlink_ms,49.9472,23200000
correction_magnitude_mm,304.05110120773315,22698245
correction_magnitude_deg,0,22698245
prediction_position_error_mm,458.2239091396332,23200000
prediction_orientation_error_deg,0,23200000
owd_uplink_ms,49.9695,23300000
owd_downlink_ms,49.8903,23300000
correction_magnitude_mm,262.3507082462311,22798147
correction_magnitude_deg,0,22798147
prediction_position_error_mm,389.31819796562195,23300000
prediction_orientation_error_deg,0,23300000
owd_uplink_ms,50.475,23400000
owd_downlink_ms,49.4572,23400000
correction_magnitude_mm,224.7283160686493,22896875
correction_magnitude_deg,0,22896875
prediction_position_error_mm,328.9632499217987,23400000
prediction_orientation_error_deg,0,23400000
prediction_position_error_mm,363.5127544403076,23500000
prediction_orientation_error_deg,0,23500000
owd_uplink_ms,48.9047,23600000
owd_downlink_ms,50.4081,23600000
correction_magnitude_mm,189.91653621196747,22998755
correction_magnitude_deg,0,22998755
owd_uplink_ms,50.4816,23600000
owd_downlink_ms,50.8102,23600000
correction_magnitude_mm,133.07316601276398,22999166
correction_magnitude_deg,0,22999166
prediction_position_error_mm,525.8439779281616,23600000
prediction_orientation_error_deg,0,23600000
owd_uplink_ms,49.5606,23700000
owd_downlink_ms,49.586,23700000
correction_magnitude_mm,112.80959099531174,23199198
correction_magnitude_deg,0,23199198
prediction_position_error_mm,586.6871476173401,23700000
prediction_orientation_error_deg,0,23700000
owd_uplink_ms,50.6167,23800000
owd_downlink_ms,50.4618,23800000
prediction_position_error_mm,688.187301158905,23800000
prediction_orientation_error_deg,0,23800000
owd_uplink_ms,49.6979,23900000
owd_downlink_ms,50.2603,23900000
correction_magnitude_mm,180.774986743927,23299709
correction_magnitude_deg,0,23299709
owd_uplink_ms,49.4796,23900000
owd_downlink_ms,49.1099,23900000
correction_magnitude_mm,222.06798195838928,23399248
correction_magnitude_deg,0,23399248
prediction_position_error_mm,602.9687523841858,23900000
prediction_orientation_error_deg,0,23900000
owd_uplink_ms,49.4429,24000000
owd_downlink_ms,49.1382,24000000
correction_magnitude_mm,244.41979825496674,23498868
correction_magnitude_deg,0,23498868
prediction_position_error_mm,578.9548754692078,24000000
prediction_orientation_error_deg,0,24000000
owd_uplink_ms,49.7208,24100000
owd_downlink_ms,49.5766,24100000
correction_magnitude_mm,252.92909145355225,23598688
correction_magnitude_deg,0,23598688
prediction_position_error_mm,547.0943450927734,24100000
prediction_orientation_error_deg,0,24100000
prediction_position_error_mm,621.6526031494141,24200000
prediction_orientation_error_deg,0,24200000
owd_uplink_ms,49.839,24300000
owd_downlink_ms,50.7837,24300000
correction_magnitude_mm,252.30523943901062,23699870
correction_magnitude_deg,0,23699870
prediction_position_error_mm,579.0537595748901,24300000
prediction_orientation_error_deg,0,24300000
owd_uplink_ms,49.9443,24400000
owd_downlink_ms,50.6192,24400000
correction_magnitude_mm,244.1202998161316,23800713
correction_magnitude_deg,0,23800713
prediction_position_error_mm,529.4787883758545,24400000
prediction_orientation_error_deg,0,24400000
owd_uplink_ms,49.5487,24500000
owd_downlink_ms,49.8946,24500000
correction_magnitude_mm,230.87166249752045,23901145
correction_magnitude_deg,0,23901145
prediction_position_error_mm,475.4146337509155,24500000
prediction_orientation_error_deg,0,24500000
owd_uplink_ms,50.0525,24600000
owd_downlink_ms,49.4508,24600000
correction_magnitude_mm,263.72429728507996,24100392
correction_magnitude_deg,0,24100392
prediction_position_error_mm,433.01597237586975,24600000
prediction_orientation_error_deg,0,24600000
prediction_position_error_mm,482.17254877090454,24700000
prediction_orientation_error_deg,0,24700000
owd_uplink_ms,50.2972,24800000
owd_downlink_ms,50.356,24800000
correction_magnitude_mm,233.58730971813202,24200465
correction_magnitude_deg,0,24200465
owd_uplink_ms,49.3229,24800000
owd_downlink_ms,49.7632,24800000
correction_magnitude_mm,209.1010957956314,24301015
correction_magnitude_deg,0,24301015
prediction_position_error_mm,321.88311219215393,24800000
prediction_orientation_error_deg,0,24800000
owd_uplink_ms,50.7707,24900000
owd_downlink_ms,50.0957,24900000
prediction_position_error_mm,361.4307641983032,24900000
prediction_orientation_error_deg,0,24900000
owd_uplink_ms,49.3163,25000000
owd_downlink_ms,50.7268,25000000
correction_magnitude_mm,182.48072266578674,24401933
correction_magnitude_deg,0,24401933
prediction_position_error_mm,310.25874614715576,25000000
prediction_orientation_error_deg,0,25000000
owd_uplink_ms,50.4609,25100000
owd_downlink_ms,49.2594,25100000
correction_magnitude_mm,188.21169435977936,24600431
correction_magnitude_deg,0,24600431
prediction_position_error_mm,266.5495574474335,25100000
prediction_orientation_error_deg,0,25100000
owd_uplink_ms,49.4472,25200000
owd_downlink_ms,50.1431,25200000
correction_magnitude_mm,131.95769488811493,24601300
correction_magnitude_deg,0,24601300
owd_uplink_ms,49.7552,25200000
owd_downlink_ms,49.0056,25200000
prediction_position_error_mm,486.9210422039032,25200000
prediction_orientation_error_deg,0,25200000
prediction_position_error_mm,579.4416666030884,25300000
prediction_orientation_error_deg,0,25300000
prediction_position_error_mm,679.3171763420105,25400000
prediction_orientation_error_deg,0,25400000
owd_uplink_ms,49.2473,25500000
owd_downlink_ms,49.9431,25500000
correction_magnitude_mm,195.75369358062744,24901232
correction_magnitude_deg,0,24901232
owd_uplink_ms,50.9592,25500000
owd_downlink_ms,50.3408,25500000
owd_uplink_ms,49.4677,25500000
owd_downlink_ms,49.1374,25500000
correction_magnitude_mm,229.23052310943604,25000045
correction_magnitude_deg,0,25000045
prediction_position_error_mm,595.6776142120361,25500000
prediction_orientation_error_deg,0,25500000
prediction_position_error_mm,678.1260371208191,25600000
prediction_orientation_error_deg,0,25600000
prediction_position_error_mm,764.3030285835266,25700000
prediction_orientation_error_deg,0,25700000
owd_uplink_ms,50.6858,25800000
owd_downlink_ms,50.0864,25800000
correction_magnitude_mm,336.1471891403198,25199296
correction_magnitude_deg,0,25199296
owd_uplink_ms,50.6816,25800000
owd_downlink_ms,49.3157,25800000
correction_magnitude_mm,311.42833828926086,25297589
correction_magnitude_deg,0,25297589
prediction_position_error_mm,578.0235528945923,25800000
prediction_orientation_error_deg,0,25800000
owd_uplink_ms,49.4824,25900000
owd_downlink_ms,50.1593,25900000
correction_magnitude_mm,218.6385989189148,25298436
correction_magnitude_deg,0,25298436
prediction_position_error_mm,471.42159938812256,25900000
prediction_orientation_error_deg,0,25900000
owd_uplink_ms,50.3221,26000000
owd_downlink_ms,50.0303,26000000
correction_magnitude_mm,50.33054202795029,25498072
correction_magnitude_deg,0,25498072
prediction_position_error_mm,556.439220905304,26000000
prediction_orientation_error_deg,0,26000000
owd_uplink_ms,49.3011,26100000
owd_downlink_ms,49.6078,26100000
correction_magnitude_mm,142.4711048603058,25598456
correction_magnitude_deg,0,25598456
owd_uplink_ms,50.0627,26100000
owd_downlink_ms,49.7288,26100000
prediction_position_error_mm,595.5372452735901,26100000
prediction_orientation_error_deg,0,26100000
prediction_position_error_mm,694.4941878318787,26200000
prediction_orientation_error_deg,0,26200000
owd_uplink_ms,49.7876,26300000
owd_downlink_ms,50.3999,26300000
correction_magnitude_mm,198.86381924152374,25698805
correction_magnitude_deg,0,25698805
prediction_position_error_mm,694.0575838088989,26300000
prediction_orientation_error_deg,0,26300000
owd_uplink_ms,49.6314,26400000
owd_downlink_ms,50.3018,26400000
correction_magnitude_mm,232.84614086151123,25799644
correction_magnitude_deg,0,25799644
owd_uplink_ms,49.4845,26400000
owd_downlink_ms,49.5318,26400000
correction_magnitude_mm,249.04045462608337,25899704
correction_magnitude_deg,0,25899704
prediction_position_error_mm,563.594400882721,26400000
prediction_orientation_error_deg,0,26400000
owd_uplink_ms,49.5692,26500000
owd_downlink_ms,49.7855,26500000
correction_magnitude_mm,253.09234857559204,25999975
correction_magnitude_deg,0,25999975
prediction_position_error_mm,528.4796357154846,26500000
prediction_orientation_error_deg,0,26500000
prediction_position_error_mm,603.7052869796753,26600000
prediction_orientation_error_deg,0,26600000
owd_uplink_ms,49.178,26700000
owd_downlink_ms,50.5806,26700000
correction_magnitude_mm,249.3583709001541,26101728
correction_magnitude_deg,0,26101728
owd_uplink_ms,50.1161,26700000
owd_downlink_ms,49.8468,26700000
correction_magnitude_mm,238.0443811416626,26201391
correction_magnitude_deg,0,26201391
prediction_position_error_mm,444.833368062973,26700000
prediction_orientation_error_deg,0,26700000
prediction_position_error_mm,505.64253330230713,26800000
prediction_orientation_error_deg,0,26800000
owd_uplink_ms,50.2051,26900000
owd_downlink_ms,49.1809,26900000
correction_magnitude_mm,275.0608026981354,26400110
correction_magnitude_deg,0,26400110
prediction_position_error_mm,454.9097716808319,26900000
prediction_orientation_error_deg,0,26900000
prediction_position_error_mm,507.47138261795044,27000000
prediction_orientation_error_deg,0,27000000
owd_uplink_ms,50.8542,27100000
owd_downlink_ms,50.4312,27100000
correction_magnitude_mm,244.7177916765213,26499582
correction_magnitude_deg,0,26499582
owd_uplink_ms,49.564,27100000
owd_downlink_ms,49.2831,27100000
correction_magnitude_mm,220.33827006816864,26599232
correction_magnitude_deg,0,26599232
prediction_position_error_mm,343.01432967185974,27100000
prediction_orientation_error_deg,0,27100000
owd_uplink_ms,50.2185,27200000
owd_downlink_ms,50.5391,27200000
correction_magnitude_mm,154.37455475330353,26599633
correction_magnitude_deg,0,26599633
prediction_position_error_mm,467.2567844390869,27200000
prediction_orientation_error_deg,0,27200000
prediction_position_error_mm,562.9911422729492,27300000
prediction_orientation_error_deg,0,27300000
owd_uplink_ms,50.0654,27400000
owd_downlink_ms,50.4021,27400000
correction_magnitude_mm,84.15646106004715,26800053
correction_magnitude_deg,0,26800053
owd_uplink_ms,49.5563,27400000
owd_downlink_ms,50.3732,27400000
correction_magnitude_mm,59.91530045866966,26801073
correction_magnitude_deg,0,26801073
prediction_position_error_mm,447.9711055755615,27400000
prediction_orientation_error_deg,0,27400000
owd_uplink_ms,50.9072,27500000
owd_downlink_ms,49.4826,27500000
correction_magnitude_mm,116.22900515794754,26999293
correction_magnitude_deg,0,26999293
prediction_position_error_mm,486.18683218955994,27500000
prediction_orientation_error_deg,0,27500000
prediction_position_error_mm,562.1721744537354,27600000
prediction_orientation_error_deg,0,27600000
owd_uplink_ms,50.4818,27700000
owd_downlink_ms,50.8971,27700000
correction_magnitude_mm,161.72440350055695,27099813
correction_magnitude_deg,0,27099813
prediction_position_error_mm,564.8259520530701,27700000
prediction_orientation_error_deg,0,27700000
owd_uplink_ms,49.7845,27800000
owd_downlink_ms,50.3214,27800000
correction_magnitude_mm,192.92286038398743,27200483
correction_magnitude_deg,0,27200483
owd_uplink_ms,50.2301,27800000
owd_downlink_ms,50.6629,27800000
correction_magnitude_mm,135.39910316467285,27201023
correction_magnitude_deg,0,27201023
prediction_position_error_mm,483.60106348991394,27800000
prediction_orientation_error_deg,0,27800000
owd_uplink_ms,49.5181,27900000
owd_downlink_ms,50.5781,27900000
owd_uplink_ms,49.4263,27900000
owd_downlink_ms,48.9552,27900000
correction_magnitude_mm,97.00334817171097,27401759
correction_magnitude_deg,0,27401759
prediction_position_error_mm,534.5491170883179,27900000
prediction_orientation_error_deg,0,27900000
owd_uplink_ms,50.1079,28000000
owd_downlink_ms,49.6077,28000000
correction_magnitude_mm,160.17180681228638,27501133
correction_magnitude_deg,0,27501133
prediction_position_error_mm,555.1737546920776,28000000
prediction_orientation_error_deg,0,28000000
prediction_position_error_mm,638.8989686965942,28100000
prediction_orientation_error_deg,0,28100000
prediction_position_error_mm,726.7982363700867,28200000
prediction_orientation_error_deg,0,28200000
owd_uplink_ms,50.4749,28300000
owd_downlink_ms,50.5656,28300000
correction_magnitude_mm,292.38203167915344,27701246
correction_magnitude_deg,0,27701246
owd_uplink_ms,50.3055,28300000
owd_downlink_ms,49.7571,28300000
correction_magnitude_mm,287.68301010131836,27800560
correction_magnitude_deg,0,27800560
prediction_position_error_mm,571.0194110870361,28300000
prediction_orientation_error_deg,0,28300000
owd_uplink_ms,50.6053,28400000
owd_downlink_ms,49.3251,28400000
correction_magnitude_mm,275.01988410949707,27898960
correction_magnitude_deg,0,27898960
prediction_position_error_mm,521.2934613227844,28400000
prediction_orientation_error_deg,0,28400000
owd_uplink_ms,49.8751,28500000
owd_downlink_ms,49.7023,28500000
correction_magnitude_mm,258.8634192943573,27998745
correction_magnitude_deg,0,27998745
prediction_position_error_mm,475.2901494503021,28500000
prediction_orientation_error_deg,0,28500000
owd_uplink_ms,48.9901,28600000
owd_downlink_ms,49.737,28600000
correction_magnitude_mm,236.29175126552582,28099679
correction_magnitude_deg,0,28099679
prediction_position_error_mm,423.5711693763733,28600000
prediction_orientation_error_deg,0,28600000
owd_uplink_ms,50.1886,28700000
owd_downlink_ms,50.8544,28700000
correction_magnitude_mm,165.86878895759583,28100511
correction_magnitude_deg,0,28100511
owd_uplink_ms,49.8152,28700000
owd_downlink_ms,49.2102,28700000
correction_magnitude_mm,12.847185134887695,28199755
correction_magnitude_deg,0,28199755
prediction_position_error_mm,512.8033757209778,28700000
prediction_orientation_error_deg,0,28700000
owd_uplink_ms,49.5574,28800000
owd_downlink_ms,49.7065,28800000
correction_magnitude_mm,95.6108346581459,28299942
correction_magnitude_deg,0,28299942
prediction_position_error_mm,569.7745680809021,28800000
prediction_orientation_error_deg,0,28800000
prediction_position_error_mm,675.6227016448975,28900000
prediction_orientation_error_deg,0,28900000
owd_uplink_ms,49.205,29000000
owd_downlink_ms,50.4994,29000000
correction_magnitude_mm,169.88888382911682,28401560
correction_magnitude_deg,0,28401560
prediction_position_error_mm,691.7480826377869,29000000
prediction_orientation_error_deg,0,29000000
prediction_position_error_mm,788.2329821586609,29100000
prediction_orientation_error_deg,0,29100000
owd_uplink_ms,50.7255,29200000
owd_downlink_ms,50.0638,29200000
correction_magnitude_mm,310.9768331050873,28600733
correction_magnitude_deg,0,28600733
owd_uplink_ms,50.047,29200000
owd_downlink_ms,50.4397,29200000
correction_magnitude_mm,218.1120365858078,28601223
correction_magnitude_deg,0,28601223
owd_uplink_ms,49.6085,29200000
owd_downlink_ms,49.7874,29200000
correction_magnitude_mm,56.861601769924164,28701446
correction_magnitude_deg,0,28701446
prediction_position_error_mm,441.33496284484863,29200000
prediction_orientation_error_deg,0,29200000
prediction_position_error_mm,536.9287133216858,29300000
prediction_orientation_error_deg,0,29300000
prediction_position_error_mm,628.1160712242126,29400000
prediction_orientation_error_deg,0,29400000
owd_uplink_ms,49.4101,29500000
owd_downlink_ms,50.1216,29500000
correction_magnitude_mm,152.49674022197723,28902335
correction_magnitude_deg,0,28902335
owd_uplink_ms,50.4115,29500000
owd_downlink_ms,50.6116,29500000
correction_magnitude_mm,106.99177533388138,28902585
correction_magnitude_deg,0,28902585
prediction_position_error_mm,544.243335723877,29500000
prediction_orientation_error_deg,0,29500000
owd_uplink_ms,50.9047,29600000
owd_downlink_ms,49.5221,29600000
correction_magnitude_mm,127.68122553825378,29100856
correction_magnitude_deg,0,29100856
prediction_position_error_mm,605.1324009895325,29600000
prediction_orientation_error_deg,0,29600000
prediction_position_error_mm,703.159749507904,29700000
prediction_orientation_error_deg,0,29700000
owd_uplink_ms,50.9815,29800000
owd_downlink_ms,50.6906,29800000
correction_magnitude_mm,191.4195716381073,29200492
correction_magnitude_deg,0,29200492
owd_uplink_ms,50.4362,29800000
owd_downlink_ms,49.5787,29800000
correction_magnitude_mm,229.65766489505768,29299421
correction_magnitude_deg,0,29299421
prediction_position_error_mm,609.9073886871338,29800000
prediction_orientation_error_deg,0,29800000
owd_uplink_ms,49.3322,29900000
owd_downlink_ms,49.429,29900000
correction_magnitude_mm,254.99272346496582,29399542
correction_magnitude_deg,0,29399542
prediction_position_error_mm,584.948480129242,29900000
prediction_orientation_error_deg,0,29900000
owd_uplink_ms,50.8377,30000000
owd_downlink_ms,50.4793,30000000
prediction_position_error_mm,667.0901775360107,30000000
prediction_orientation_error_deg,0,30000000
owd_uplink_ms,50.0636,30100000
owd_downlink_ms,50.0758,30100000
correction_magnitude_mm,342.35095977783203,29599111
correction_magnitude_deg,0,29599111
prediction_position_error_mm,625.2626180648804,30100000
prediction_orientation_error_deg,0,30100000
owd_uplink_ms,49.3596,30200000
owd_downlink_ms,50.5356,30200000
correction_magnitude_mm,240.71145057678223,29600581
correction_magnitude_deg,0,29600581
prediction_position_error_mm,404.0912985801697,30200000
prediction_orientation_error_deg,0,30200000
owd_uplink_ms,50.73,30300000
owd_downlink_ms,49.7452,30300000
correction_magnitude_mm,25.82658641040325,29799350
correction_magnitude_deg,0,29799350
prediction_position_error_mm,489.87260460853577,30300000
prediction_orientation_error_deg,0,30300000
prediction_position_error_mm,584.9531292915344,30400000
prediction_orientation_error_deg,0,30400000
owd_uplink_ms,50.8479,30500000
owd_downlink_ms,50.3114,30500000
correction_magnitude_mm,112.55408823490143,29898680
correction_magnitude_deg,0,29898680
owd_uplink_ms,50.5676,30500000
owd_downlink_ms,49.5155,30500000
correction_magnitude_mm,169.259175658226,29997365
correction_magnitude_deg,0,29997365
prediction_position_error_mm,553.6697506904602,30500000
prediction_orientation_error_deg,0,30500000
owd_uplink_ms,49.3144,30600000
owd_downlink_ms,49.7045,30600000
correction_magnitude_mm,201.067253947258,30097853
correction_magnitude_deg,0,30097853
prediction_position_error_mm,545.2386140823364,30600000
prediction_orientation_error_deg,0,30600000
owd_uplink_ms,50.0562,30700000
owd_downlink_ms,50.4853,30700000
correction_magnitude_mm,141.203373670578,30098390
correction_magnitude_deg,0,30098390
prediction_position_error_mm,529.6454429626465,30700000
prediction_orientation_error_deg,0,30700000
owd_uplink_ms,49.4485,30800000
owd_downlink_ms,50.3679,30800000
correction_magnitude_mm,7.092604413628578,30199540
correction_magnitude_deg,0,30199540
owd_uplink_ms,49.4758,30800000
owd_downlink_ms,49.2278,30800000
correction_magnitude_mm,108.70810598134995,30299231
correction_magnitude_deg,0,30299231
prediction_position_error_mm,577.3772597312927,30800000
prediction_orientation_error_deg,0,30800000
owd_uplink_ms,49.8321,30900000
owd_downlink_ms,49.9228,30900000
correction_magnitude_mm,177.20064520835876,30399345
correction_magnitude_deg,0,30399345
prediction_position_error_mm,598.6688137054443,30900000
prediction_orientation_error_deg,0,30900000
prediction_position_error_mm,698.9495754241943,31000000
prediction_orientation_error_deg,0,31000000
owd_uplink_ms,49.9884,31100000
owd_downlink_ms,49.4976,31100000
correction_magnitude_mm,314.8860037326813,30598732
correction_magnitude_deg,0,30598732
owd_uplink_ms,49.6153,31100000
owd_downlink_ms,49.9695,31100000
correction_magnitude_mm,220.8031266927719,30599175
correction_magnitude_deg,0,30599175
prediction_position_error_mm,323.73660802841187,31100000
prediction_orientation_error_deg,0,31100000
prediction_position_error_mm,423.67494106292725,31200000
prediction_orientation_error_deg,0,31200000
owd_uplink_ms,49.8765,31300000
owd_downlink_ms,50.3312,31300000
correction_magnitude_mm,58.58311802148819,30699744
correction_magnitude_deg,0,30699744
prediction_position_error_mm,536.6553664207458,31300000
prediction_orientation_error_deg,0,31300000
prediction_position_error_mm,632.1072578430176,31400000
prediction_orientation_error_deg,0,31400000
owd_uplink_ms,50.4766,31500000
owd_downlink_ms,50.4829,31500000
correction_magnitude_mm,154.5398384332657,30899753
correction_magnitude_deg,0,30899753
owd_uplink_ms,50.1465,31500000
owd_downlink_ms,49.9871,31500000
correction_magnitude_mm,196.67145609855652,30999554
correction_magnitude_deg,0,30999554
prediction_position_error_mm,578.7013173103333,31500000
prediction_orientation_error_deg,0,31500000
owd_uplink_ms,49.4302,31600000
owd_downlink_ms,50.8149,31600000
correction_magnitude_mm,139.25613462924957,31001284
correction_magnitude_deg,0,31001284
owd_uplink_ms,49.8505,31600000
owd_downlink_ms,49.0651,31600000
correction_magnitude_mm,5.961818154901266,31100302
correction_magnitude_deg,0,31100302
prediction_position_error_mm,520.6796526908875,31600000
prediction_orientation_error_deg,0,31600000
prediction_position_error_mm,624.945878982544,31700000
prediction_orientation_error_deg,0,31700000
prediction_position_error_mm,729.2163968086243,31800000
prediction_orientation_error_deg,0,31800000
owd_uplink_ms,50.6191,31900000
owd_downlink_ms,50.1564,31900000
correction_magnitude_mm,207.64055848121643,31299724
correction_magnitude_deg,0,31299724
owd_uplink_ms,50.0657,31900000
owd_downlink_ms,49.155,31900000
correction_magnitude_mm,245.3724443912506,31398586
correction_magnitude_deg,0,31398586
prediction_position_error_mm,641.5071487426758,31900000
prediction_orientation_error_deg,0,31900000
prediction_position_error_mm,735.2154850959778,32000000
prediction_orientation_error_deg,0,32000000
owd_uplink_ms,50.7486,32100000
owd_downlink_ms,50.2732,32100000
correction_magnitude_mm,264.91779088974,31497992
correction_magnitude_deg,0,31497992
prediction_position_error_mm,705.827534198761,32100000
prediction_orientation_error_deg,0,32100000
owd_uplink_ms,50.7657,32200000
owd_downlink_ms,50.6424,32200000
correction_magnitude_mm,271.01626992225647,31597839
correction_magnitude_deg,0,31597839
prediction_position_error_mm,661.2107157707214,32200000
prediction_orientation_error_deg,0,32200000
owd_uplink_ms,50.0025,32300000
owd_downlink_ms,50.6854,32300000
correction_magnitude_mm,267.8954601287842,31698693
correction_magnitude_deg,0,31698693
owd_uplink_ms,50.724,32300000
owd_downlink_ms,49.7651,32300000
correction_magnitude_mm,256.34217262268066,31797495
correction_magnitude_deg,0,31797495
prediction_position_error_mm,489.97679352760315,32300000
prediction_orientation_error_deg,0,32300000
owd_uplink_ms,50.2746,32400000
owd_downlink_ms,50.0734,32400000
correction_magnitude_mm,241.11096560955048,31897244
correction_magnitude_deg,0,31897244
prediction_position_error_mm,443.0113136768341,32400000
prediction_orientation_error_deg,0,32400000
owd_uplink_ms,50.6616,32500000
owd_downlink_ms,50.1925,32500000
correction_magnitude_mm,223.0510711669922,31996658
correction_magnitude_deg,0,31996658
prediction_position_error_mm,401.3085067272186,32500000
prediction_orientation_error_deg,0,32500000
prediction_position_error_mm,449.15059208869934,32600000
prediction_orientation_error_deg,0,32600000
owd_uplink_ms,49.8841,32700000
owd_downlink_ms,50.3265,32700000
correction_magnitude_mm,208.73701572418213,32097211
correction_magnitude_deg,0,32097211
owd_uplink_ms,49.8624,32700000
owd_downlink_ms,51.1039,32700000
correction_magnitude_mm,146.6912180185318,32098763
correction_magnitude_deg,0,32098763
owd_uplink_ms,49.4497,32700000
owd_downlink_ms,49.5047,32700000
correction_magnitude_mm,7.293295115232468,32198832
correction_magnitude_deg,0,32198832
prediction_position_error_mm,477.9590666294098,32700000
prediction_orientation_error_deg,0,32700000
prediction_position_error_mm,568.9108371734619,32800000
prediction_orientation_error_deg,0,32800000
prediction_position_error_mm,668.8752770423889,32900000
prediction_orientation_error_deg,0,32900000
owd_uplink_ms,50.7068,33000000
owd_downlink_ms,50.4237,33000000
correction_magnitude_mm,190.07255136966705,32398479
correction_magnitude_deg,0,32398479
prediction_position_error_mm,690.1357173919678,33000000
prediction_orientation_error_deg,0,33000000
owd_uplink_ms,50.0011,33100000
owd_downlink_ms,50.5043,33100000
correction_magnitude_mm,221.75730764865875,32499109
correction_magnitude_deg,0,32499109
owd_uplink_ms,49.4207,33100000
owd_downlink_ms,50.6186,33100000
correction_magnitude_mm,156.5845161676407,32500606
correction_magnitude_deg,0,32500606
prediction_position_error_mm,516.6735649108887,33100000
prediction_orientation_error_deg,0,33100000
owd_uplink_ms,49.4892,33200000
owd_downlink_ms,50.1771,33200000
prediction_position_error_mm,617.9118156433105,33200000
prediction_orientation_error_deg,0,33200000
owd_uplink_ms,49.2707,33300000
owd_downlink_ms,49.6499,33300000
correction_magnitude_mm,206.45633339881897,32801939
correction_magnitude_deg,0,32801939
prediction_position_error_mm,645.05934715271,33300000
prediction_orientation_error_deg,0,33300000
owd_uplink_ms,50.2454,33400000
owd_downlink_ms,50.2748,33400000
correction_magnitude_mm,144.55430209636688,32801975
correction_magnitude_deg,0,32801975
prediction_position_error_mm,474.4127690792084,33400000
prediction_orientation_error_deg,0,33400000
prediction_position_error_mm,569.9377059936523,33500000
prediction_orientation_error_deg,0,33500000
owd_uplink_ms,51.0794,33600000
owd_downlink_ms,50.2549,33600000
correction_magnitude_mm,93.29112619161606,33000944
correction_magnitude_deg,0,33000944
owd_uplink_ms,50.7703,33600000
owd_downlink_ms,49.3011,33600000
correction_magnitude_mm,153.1783491373062,33099108
correction_magnitude_deg,0,33099108
owd_uplink_ms,49.2922,33600000
owd_downlink_ms,49.3981,33600000
correction_magnitude_mm,107.34961181879044,33099241
correction_magnitude_deg,0,33099241
prediction_position_error_mm,447.7316737174988,33600000
prediction_orientation_error_deg,0,33600000
prediction_position_error_mm,552.1346926689148,33700000
prediction_orientation_error_deg,0,33700000
prediction_position_error_mm,652.0962715148926,33800000
prediction_orientation_error_deg,0,33800000
owd_uplink_ms,50.6723,33900000
owd_downlink_ms,50.3784,33900000
correction_magnitude_mm,128.9041042327881,33298874
correction_magnitude_deg,0,33298874
prediction_position_error_mm,710.6095552444458,33900000
prediction_orientation_error_deg,0,33900000
owd_uplink_ms,50.0755,34000000
owd_downlink_ms,50.2368,34000000
correction_magnitude_mm,192.9154396057129,33399076
correction_magnitude_deg,0,33399076
owd_uplink_ms,50.4307,34000000
owd_downlink_ms,49.7171,34000000
correction_magnitude_mm,230.9233695268631,33498184
correction_magnitude_deg,0,33498184
prediction_position_error_mm,616.1224842071533,34000000
prediction_orientation_error_deg,0,34000000
owd_uplink_ms,49.5208,34100000
owd_downlink_ms,49.3725,34100000
correction_magnitude_mm,255.6568682193756,33597999
correction_magnitude_deg,0,33597999
owd_uplink_ms,50.5116,34100000
owd_downlink_ms,49.5363,34100000
prediction_position_error_mm,586.1157178878784,34100000
prediction_orientation_error_deg,0,34100000
prediction_position_error_mm,668.1069731712341,34200000
prediction_orientation_error_deg,0,34200000
owd_uplink_ms,49.2843,34300000
owd_downlink_ms,50.2257,34300000
correction_magnitude_mm,260.9423100948334,33697958
correction_magnitude_deg,0,33697958
prediction_position_error_mm,624.6646642684937,34300000
prediction_orientation_error_deg,0,34300000
prediction_position_error_mm,703.1933069229126,34400000
prediction_orientation_error_deg,0,34400000
owd_uplink_ms,50.2679,34500000
owd_downlink_ms,50.6749,34500000
correction_magnitude_mm,331.36624097824097,33898467
correction_magnitude_deg,0,33898467
owd_uplink_ms,49.6535,34500000
owd_downlink_ms,50.9568,34500000
correction_magnitude_mm,233.01102221012115,33900095
correction_magnitude_deg,0,33900095
prediction_position_error_mm,414.7966206073761,34500000
prediction_orientation_error_deg,0,34500000
owd_uplink_ms,49.5351,34600000
owd_downlink_ms,50.8009,34600000
correction_magnitude_mm,65.98042696714401,34001677
correction_magnitude_deg,0,34001677
prediction_position_error_mm,530.1909446716309,34600000
prediction_orientation_error_deg,0,34600000
prediction_position_error_mm,621.5075254440308,34700000
prediction_orientation_error_deg,0,34700000
owd_uplink_ms,51.0522,34800000
owd_downlink_ms,50.1316,34800000
correction_magnitude_mm,148.26829731464386,34200526
correction_magnitude_deg,0,34200526
prediction_position_error_mm,659.2722535133362,34800000
prediction_orientation_error_deg,0,34800000
owd_uplink_ms,50.5654,34900000
owd_downlink_ms,50.6438,34900000
correction_magnitude_mm,197.2452700138092,34300623
correction_magnitude_deg,0,34300623
owd_uplink_ms,49.1282,34900000
owd_downlink_ms,48.9872,34900000
correction_magnitude_mm,221.0327535867691,34400446
correction_magnitude_deg,0,34400446
owd_uplink_ms,50.8346,34900000
owd_downlink_ms,49.3444,34900000
prediction_position_error_mm,558.6036443710327,34900000
prediction_orientation_error_deg,0,34900000
prediction_position_error_mm,639.4885182380676,35000000
prediction_orientation_error_deg,0,35000000
owd_uplink_ms,50.2568,35100000
owd_downlink_ms,49.5862,35100000
correction_magnitude_mm,318.4239864349365,34597746
correction_magnitude_deg,0,34597746
prediction_position_error_mm,600.5412936210632,35100000
prediction_orientation_error_deg,0,35100000
owd_uplink_ms,49.4732,35200000
owd_downlink_ms,49.476,35200000
correction_magnitude_mm,294.58531737327576,34697750
correction_magnitude_deg,0,34697750
prediction_position_error_mm,543.8492298126221,35200000
prediction_orientation_error_deg,0,35200000
owd_uplink_ms,50.3896,35300000
owd_downlink_ms,50.5399,35300000
correction_magnitude_mm,206.3448131084442,34697939
correction_magnitude_deg,0,34697939
owd_uplink_ms,49.6253,35300000
owd_downlink_ms,49.4382,35300000
correction_magnitude_mm,40.45717790722847,34797706
correction_magnitude_deg,0,34797706
prediction_position_error_mm,491.2240207195282,35300000
prediction_orientation_error_deg,0,35300000
owd_uplink_ms,49.4061,35400000
owd_downlink_ms,49.9618,35400000
correction_magnitude_mm,76.82684808969498,34898401
correction_magnitude_deg,0,34898401
prediction_position_error_mm,560.9773993492126,35400000
prediction_orientation_error_deg,0,35400000
prediction_position_error_mm,667.208194732666,35500000
prediction_orientation_error_deg,0,35500000
owd_uplink_ms,49.7921,35600000
owd_downlink_ms,50.3389,35600000
correction_magnitude_mm,156.44186735153198,34999085
correction_magnitude_deg,0,34999085
prediction_position_error_mm,694.2035555839539,35600000
prediction_orientation_error_deg,0,35600000
owd_uplink_ms,49.3132,35700000
owd_downlink_ms,50.5813,35700000
correction_magnitude_mm,208.32034945487976,35100670
correction_magnitude_deg,0,35100670
prediction_position_error_mm,692.0974254608154,35700000
prediction_orientation_error_deg,0,35700000
owd_uplink_ms,49.6628,35800000
owd_downlink_ms,50.1578,35800000
correction_magnitude_mm,237.5359684228897,35201288
correction_magnitude_deg,0,35201288
prediction_position_error_mm,665.3112173080444,35800000
prediction_orientation_error_deg,0,35800000
prediction_position_error_mm,753.5240054130554,35900000
prediction_orientation_error_deg,0,35900000
owd_uplink_ms,50.4078,36000000
owd_downlink_ms,50.7312,36000000
correction_magnitude_mm,330.4738402366638,35401692
correction_magnitude_deg,0,35401692
owd_uplink_ms,49.7039,36000000
owd_downlink_ms,49.2588,36000000
correction_magnitude_mm,314.29749727249146,35501135
correction_magnitude_deg,0,35501135
prediction_position_error_mm,567.1756863594055,36000000
prediction_orientation_error_deg,0,36000000
owd_uplink_ms,50.192,36100000
owd_downlink_ms,50.1462,36100000
prediction_position_error_mm,632.5421333312988,36100000
prediction_orientation_error_deg,0,36100000
owd_uplink_ms,50.1071,36200000
owd_downlink_ms,50.3669,36200000
correction_magnitude_mm,289.7934019565582,35601401
correction_magnitude_deg,0,35601401
prediction_position_error_mm,563.2395148277283,36200000
prediction_orientation_error_deg,0,36200000
owd_uplink_ms,49.7061,36300000
owd_downlink_ms,50.4028,36300000
correction_magnitude_mm,264.2749547958374,35702271
correction_magnitude_deg,0,35702271
prediction_position_error_mm,497.8274703025818,36300000
prediction_orientation_error_deg,0,36300000
prediction_position_error_mm,550.7989525794983,36400000
prediction_orientation_error_deg,0,36400000
owd_uplink_ms,50.2902,36500000
owd_downlink_ms,50.4462,36500000
correction_magnitude_mm,291.1761999130249,35902466
correction_magnitude_deg,0,35902466
owd_uplink_ms,49.8717,36500000
owd_downlink_ms,50.3826,36500000
correction_magnitude_mm,204.10703122615814,35903104
correction_magnitude_deg,0,35903104
owd_uplink_ms,49.8793,36500000
owd_downlink_ms,49.3566,36500000
correction_magnitude_mm,47.76239022612572,36002450
correction_magnitude_deg,0,36002450
prediction_position_error_mm,447.64840602874756,36500000
prediction_orientation_error_deg,0,36500000
prediction_position_error_mm,539.5301580429077,36600000
prediction_orientation_error_deg,0,36600000
owd_uplink_ms,51.0507,36700000
owd_downlink_ms,49.5532,36700000
correction_magnitude_mm,160.5827361345291,36200578
correction_magnitude_deg,0,36200578
prediction_position_error_mm,575.163722038269,36700000
prediction_orientation_error_deg,0,36700000
prediction_position_error_mm,672.7001070976257,36800000
prediction_orientation_error_deg,0,36800000
owd_uplink_ms,50.3556,36900000
owd_downlink_ms,50.8653,36900000
correction_magnitude_mm,206.4620703458786,36301215
correction_magnitude_deg,0,36301215
owd_uplink_ms,50.2405,36900000
owd_downlink_ms,49.2094,36900000
correction_magnitude_mm,230.64129054546356,36399927
correction_magnitude_deg,0,36399927
prediction_position_error_mm,563.2026195526123,36900000
prediction_orientation_error_deg,0,36900000
prediction_position_error_mm,639.6377682685852,37000000
prediction_orientation_error_deg,0,37000000
owd_uplink_ms,50.6089,37100000
owd_downlink_ms,50.4217,37100000
correction_magnitude_mm,241.55479669570923,36499694
correction_magnitude_deg,0,36499694
owd_uplink_ms,49.9359,37100000
owd_downlink_ms,49.3558,37100000
correction_magnitude_mm,237.55872249603271,36598969
correction_magnitude_deg,0,36598969
owd_uplink_ms,49.4535,37100000
owd_downlink_ms,49.4487,37100000
prediction_position_error_mm,500.71239471435547,37100000
prediction_orientation_error_deg,0,37100000
prediction_position_error_mm,562.7809166908264,37200000
prediction_orientation_error_deg,0,37200000
owd_uplink_ms,49.6734,37300000
owd_downlink_ms,50.0727,37300000
correction_magnitude_mm,232.54843056201935,36699464
correction_magnitude_deg,0,36699464
prediction_position_error_mm,517.362117767334,37300000
prediction_orientation_error_deg,0,37300000
prediction_position_error_mm,580.3611278533936,37400000
prediction_orientation_error_deg,0,37400000
owd_uplink_ms,50.8881,37500000
owd_downlink_ms,51.0162,37500000
correction_magnitude_mm,284.869521856308,36899624
correction_magnitude_deg,0,36899624
owd_uplink_ms,50.4112,37500000
owd_downlink_ms,49.8047,37500000
correction_magnitude_mm,249.74073469638824,36998866
correction_magnitude_deg,0,36998866
prediction_position_error_mm,415.630042552948,37500000
prediction_orientation_error_deg,0,37500000
owd_uplink_ms,49.1701,37600000
owd_downlink_ms,50.3314,37600000
correction_magnitude_mm,175.5608767271042,37000317
correction_magnitude_deg,0,37000317
prediction_position_error_mm,496.2666928768158,37600000
prediction_orientation_error_deg,0,37600000
owd_uplink_ms,49.485,37700000
owd_downlink_ms,49.38,37700000
correction_magnitude_mm,84.86132323741913,37200185
correction_magnitude_deg,0,37200185
prediction_position_error_mm,568.2815909385681,37700000
prediction_orientation_error_deg,0,37700000
owd_uplink_ms,50.2411,37800000
owd_downlink_ms,50.3892,37800000
correction_magnitude_mm,59.58540737628937,37200370
correction_magnitude_deg,0,37200370
prediction_position_error_mm,534.5529317855835,37800000
prediction_orientation_error_deg,0,37800000
owd_uplink_ms,49.8956,37900000
owd_downlink_ms,50.5733,37900000
correction_magnitude_mm,55.19548058509827,37301216
correction_magnitude_deg,0,37301216
prediction_position_error_mm,604.3485999107361,37900000
prediction_orientation_error_deg,0,37900000
owd_uplink_ms,50.1485,38000000
owd_downlink_ms,49.6675,38000000
correction_magnitude_mm,230.81231117248535,37500614
correction_magnitude_deg,0,37500614
prediction_position_error_mm,612.3319268226624,38000000
prediction_orientation_error_deg,0,38000000
owd_uplink_ms,50.0603,38100000
owd_downlink_ms,49.3095,38100000
correction_magnitude_mm,251.65560841560364,37599676
correction_magnitude_deg,0,37599676
prediction_position_error_mm,593.5693979263306,38100000
prediction_orientation_error_deg,0,38100000
prediction_position_error_mm,677.0665049552917,38200000
prediction_orientation_error_deg,0,38200000
owd_uplink_ms,50.0888,38300000
owd_downlink_ms,50.8038,38300000
correction_magnitude_mm,260.31699776649475,37700569
correction_magnitude_deg,0,37700569
owd_uplink_ms,49.996,38300000
owd_downlink_ms,49.5101,38300000
correction_magnitude_mm,253.58837842941284,37799962
correction_magnitude_deg,0,37799962
prediction_position_error_mm,521.7485427856445,38300000
prediction_orientation_error_deg,0,38300000
owd_uplink_ms,50.4428,38400000
owd_downlink_ms,50.1496,38400000
owd_uplink_ms,49.7713,38400000
owd_downlink_ms,49.6153,38400000
correction_magnitude_mm,245.162233710289,37899401
correction_magnitude_deg,0,37899401
prediction_position_error_mm,479.3294370174408,38400000
prediction_orientation_error_deg,0,38400000
prediction_position_error_mm,540.1113033294678,38500000
prediction_orientation_error_deg,0,38500000
owd_uplink_ms,49.2817,38600000
owd_downlink_ms,50.697,38600000
correction_magnitude_mm,233.4350049495697,38001170
correction_magnitude_deg,0,38001170
prediction_position_error_mm,489.6838963031769,38600000
prediction_orientation_error_deg,0,38600000
prediction_position_error_mm,543.6366200447083,38700000
prediction_orientation_error_deg,0,38700000
owd_uplink_ms,50.8991,38800000
owd_downlink_ms,50.4042,38800000
correction_magnitude_mm,274.4494378566742,38200551
correction_magnitude_deg,0,38200551
prediction_position_error_mm,490.52709341049194,38800000
prediction_orientation_error_deg,0,38800000
owd_uplink_ms,50.6821,38900000
owd_downlink_ms,50.5569,38900000
correction_magnitude_mm,241.75092577934265,38300394
correction_magnitude_deg,0,38300394
prediction_position_error_mm,420.78208923339844,38900000
prediction_orientation_error_deg,0,38900000
owd_uplink_ms,50.7104,39000000
owd_downlink_ms,50.7376,39000000
correction_magnitude_mm,211.72292530536652,38400428
correction_magnitude_deg,0,38400428
owd_uplink_ms,50.0805,39000000
owd_downlink_ms,49.7665,39000000
correction_magnitude_mm,184.20711159706116,38500035
correction_magnitude_deg,0,38500035
prediction_position_error_mm,282.3772430419922,39000000
prediction_orientation_error_deg,0,39000000
prediction_position_error_mm,309.66317653656006,39100000
prediction_orientation_error_deg,0,39100000
owd_uplink_ms,50.733,39200000
owd_downlink_ms,50.3469,39200000
correction_magnitude_mm,159.41527485847473,38599553
correction_magnitude_deg,0,38599553
owd_uplink_ms,50.4902,39200000
owd_downlink_ms,49.5295,39200000
correction_magnitude_mm,137.09312677383423,38698353
correction_magnitude_deg,0,38698353
prediction_position_error_mm,201.80188119411469,39200000
prediction_orientation_error_deg,0,39200000
owd_uplink_ms,50.5198,39300000
owd_downlink_ms,50.1851,39300000
correction_magnitude_mm,117.57947504520416,38797935
correction_magnitude_deg,0,38797935
prediction_position_error_mm,174.05784130096436,39300000
prediction_orientation_error_deg,0,39300000
owd_uplink_ms,48.8928,39400000
owd_downlink_ms,49.2765,39400000
correction_magnitude_mm,97.08710759878159,38898415
correction_magnitude_deg,0,38898415
prediction_position_error_mm,148.75057339668274,39400000
prediction_orientation_error_deg,0,39400000
owd_uplink_ms,50.2643,39500000
owd_downlink_ms,50.5285,39500000
correction_magnitude_mm,68.02333891391754,38898746
correction_magnitude_deg,0,38898746
prediction_position_error_mm,574.1731524467468,39500000
prediction_orientation_error_deg,0,39500000
prediction_position_error_mm,674.1579174995422,39600000
prediction_orientation_error_deg,0,39600000
owd_uplink_ms,50.3357,39700000
owd_downlink_ms,50.9426,39700000
correction_magnitude_mm,160.1068675518036,39099505
correction_magnitude_deg,0,39099505
owd_uplink_ms,49.7344,39700000
owd_downlink_ms,50.8251,39700000
correction_magnitude_mm,113.40484768152237,39100868
correction_magnitude_deg,0,39100868
owd_uplink_ms,49.8396,39700000
owd_downlink_ms,49.2717,39700000
correction_magnitude_mm,16.439413651823997,39200158
correction_magnitude_deg,0,39200158
prediction_position_error_mm,495.2641725540161,39700000
prediction_orientation_error_deg,0,39700000
prediction_position_error_mm,591.4445519447327,39800000
prediction_orientation_error_deg,0,39800000
prediction_position_error_mm,684.407114982605,39900000
prediction_orientation_error_deg,0,39900000
owd_uplink_ms,50.2368,40000000
owd_downlink_ms,50.3148,40000000
correction_magnitude_mm,207.15850591659546,39400255
correction_magnitude_deg,0,39400255
owd_uplink_ms,50.7605,40000000
owd_downlink_ms,49.4046,40000000
correction_magnitude_mm,232.99305140972137,39498561
correction_magnitude_deg,0,39498561
owd_uplink_ms,49.0989,40000000
owd_downlink_ms,49.9048,40000000
correction_magnitude_mm,163.99498283863068,39499569
correction_magnitude_deg,0,39499569
prediction_position_error_mm,402.0306169986725,40000000
prediction_orientation_error_deg,0,40000000
prediction_position_error_mm,505.2136778831482,40100000
prediction_orientation_error_deg,0,40100000
prediction_position_error_mm,608.364999294281,40200000
prediction_orientation_error_deg,0,40200000
owd_uplink_ms,50.3229,40300000
owd_downlink_ms,50.8879,40300000
correction_magnitude_mm,89.24170583486557,39700274
correction_magnitude_deg,0,39700274
prediction_position_error_mm,673.5785007476807,40300000
prediction_orientation_error_deg,0,40300000
owd_uplink_ms,50.635,40400000
owd_downlink_ms,50.1773,40400000
correction_magnitude_mm,163.8800948858261,39799703
correction_magnitude_deg,0,39799703
owd_uplink_ms,49.6783,40400000
owd_downlink_ms,49.3671,40400000
correction_magnitude_mm,214.61667120456696,39899315
correction_magnitude_deg,0,39899315
prediction_position_error_mm,599.7734069824219,40400000
prediction_orientation_error_deg,0,40400000
owd_uplink_ms,50.4284,40500000
owd_downlink_ms,50.1446,40500000
prediction_position_error_mm,690.1182532310486,40500000
prediction_orientation_error_deg,0,40500000
owd_uplink_ms,49.2519,40600000
owd_downlink_ms,50.4536,40600000
correction_magnitude_mm,241.70395731925964,40000462
correction_magnitude_deg,0,40000462
prediction_position_error_mm,667.9719090461731,40600000
prediction_orientation_error_deg,0,40600000
owd_uplink_ms,49.4059,40700000
owd_downlink_ms,50.1653,40700000
correction_magnitude_mm,253.22473049163818,40101411
correction_magnitude_deg,0,40101411
owd_uplink_ms,49.4712,40700000
owd_downlink_ms,49.5804,40700000
correction_magnitude_mm,253.07121872901917,40201547
correction_magnitude_deg,0,40201547
prediction_position_error_mm,513.3274793624878,40700000
prediction_orientation_error_deg,0,40700000
prediction_position_error_mm,581.2968611717224,40800000
prediction_orientation_error_deg,0,40800000
owd_uplink_ms,50.7621,40900000
owd_downlink_ms,49.4884,40900000
correction_magnitude_mm,309.19113755226135,40399956
correction_magnitude_deg,0,40399956
prediction_position_error_mm,533.0976843833923,40900000
prediction_orientation_error_deg,0,40900000
prediction_position_error_mm,596.32408618927,41000000
prediction_orientation_error_deg,0,41000000
owd_uplink_ms,50.4186,41100000
owd_downlink_ms,50.9084,41100000
correction_magnitude_mm,280.1966667175293,40500568
correction_magnitude_deg,0,40500568
owd_uplink_ms,50.2254,41100000
owd_downlink_ms,49.5256,41100000
correction_magnitude_mm,253.72102856636047,40599694
correction_magnitude_deg,0,40599694
owd_uplink_ms,49.4136,41100000
owd_downlink_ms,49.8163,41100000
correction_magnitude_mm,177.82732844352722,40600197
correction_magnitude_deg,0,40600197
prediction_position_error_mm,363.5523319244385,41100000
prediction_orientation_error_deg,0,41100000
prediction_position_error_mm,457.8852951526642,41200000
prediction_orientation_error_deg,0,41200000
prediction_position_error_mm,555.0974011421204,41300000
prediction_orientation_error_deg,0,41300000
owd_uplink_ms,50.5443,41400000
owd_downlink_ms,50.6684,41400000
correction_magnitude_mm,72.68114387989044,40800351
correction_magnitude_deg,0,40800351
prediction_position_error_mm,624.008297920227,41400000
prediction_orientation_error_deg,0,41400000
owd_uplink_ms,50.6569,41500000
owd_downlink_ms,50.766,41500000
correction_magnitude_mm,146.96188271045685,40900487
correction_magnitude_deg,0,40900487
owd_uplink_ms,50.0022,41500000
owd_downlink_ms,49.2838,41500000
correction_magnitude_mm,193.60651075839996,40999589
correction_magnitude_deg,0,40999589
prediction_position_error_mm,562.3082518577576,41500000
prediction_orientation_error_deg,0,41500000
prediction_position_error_mm,650.9444713592529,41600000
prediction_orientation_error_deg,0,41600000
owd_uplink_ms,50.9401,41700000
owd_downlink_ms,50.9697,41700000
correction_magnitude_mm,221.31255269050598,41099626
correction_magnitude_deg,0,41099626
owd_uplink_ms,49.8464,41700000
owd_downlink_ms,49.4711,41700000
correction_magnitude_mm,230.87932169437408,41199158
correction_magnitude_deg,0,41199158
owd_uplink_ms,50.0496,41700000
owd_downlink_ms,49.9261,41700000
prediction_position_error_mm,526.5570878982544,41700000
prediction_orientation_error_deg,0,41700000
prediction_position_error_mm,596.3658690452576,41800000
prediction_orientation_error_deg,0,41800000
owd_uplink_ms,49.203,41900000
owd_downlink_ms,50.5994,41900000
correction_magnitude_mm,235.07201671600342,41300749
correction_magnitude_deg,0,41300749
owd_uplink_ms,49.0827,41900000
owd_downlink_ms,49.011,41900000
correction_magnitude_mm,229.8463135957718,41400659
correction_magnitude_deg,0,41400659
prediction_position_error_mm,455.87706565856934,41900000
prediction_orientation_error_deg,0,41900000
prediction_position_error_mm,511.98744773864746,42000000
prediction_orientation_error_deg,0,42000000
owd_uplink_ms,49.7555,42100000
owd_downlink_ms,50.0764,42100000
correction_magnitude_mm,219.6294665336609,41501060
correction_magnitude_deg,0,41501060
prediction_position_error_mm,465.50604701042175,42100000
prediction_orientation_error_deg,0,42100000
prediction_position_error_mm,517.6939964294434,42200000
prediction_orientation_error_deg,0,42200000
owd_uplink_ms,50.5839,42300000
owd_downlink_ms,50.6216,42300000
correction_magnitude_mm,260.3721618652344,41701106
correction_magnitude_deg,0,41701106
owd_uplink_ms,50.426,42300000
owd_downlink_ms,49.4369,42300000
correction_magnitude_mm,227.12931036949158,41799870
correction_magnitude_deg,0,41799870
owd_uplink_ms,49.1665,42300000
owd_downlink_ms,49.6554,42300000
correction_magnitude_mm,159.25836563110352,41800481
correction_magnitude_deg,0,41800481
prediction_position_error_mm,400.4998505115509,42300000
prediction_orientation_error_deg,0,42300000
prediction_position_error_mm,500.4923939704895,42400000
prediction_orientation_error_deg,0,42400000
prediction_position_error_mm,602.8695702552795,42500000
prediction_orientation_error_deg,0,42500000
owd_uplink_ms,49.4869,42600000
owd_downlink_ms,50.5804,42600000
correction_magnitude_mm,94.99114006757736,42001847
correction_magnitude_deg,0,42001847
owd_uplink_ms,50.5534,42600000
owd_downlink_ms,50.7611,42600000
correction_magnitude_mm,66.74908846616745,42002106
correction_magnitude_deg,0,42002106
owd_uplink_ms,49.3382,42600000
owd_downlink_ms,49.0552,42600000
correction_magnitude_mm,50.41678622364998,42101752
correction_magnitude_deg,0,42101752
prediction_position_error_mm,514.0119791030884,42600000
prediction_orientation_error_deg,0,42600000
owd_uplink_ms,49.3613,42700000
owd_downlink_ms,49.5679,42700000
correction_magnitude_mm,131.55755400657654,42202010
correction_magnitude_deg,0,42202010
prediction_position_error_mm,551.146924495697,42700000
prediction_orientation_error_deg,0,42700000
prediction_position_error_mm,643.4555053710938,42800000
prediction_orientation_error_deg,0,42800000
owd_uplink_ms,50.145,42900000
owd_downlink_ms,50.6193,42900000
correction_magnitude_mm,184.76395308971405,42302602
correction_magnitude_deg,0,42302602
prediction_position_error_mm,647.4562883377075,42900000
prediction_orientation_error_deg,0,42900000
owd_uplink_ms,50.9729,43000000
owd_downlink_ms,49.1283,43000000
correction_magnitude_mm,302.9552698135376,42500296
correction_magnitude_deg,0,42500296
prediction_position_error_mm,622.6280331611633,43000000
prediction_orientation_error_deg,0,43000000
owd_uplink_ms,49.5657,43100000
owd_downlink_ms,49.4435,43100000
correction_magnitude_mm,291.71204566955566,42600143
correction_magnitude_deg,0,42600143
prediction_position_error_mm,573.5841989517212,43100000
prediction_orientation_error_deg,0,43100000
owd_uplink_ms,50.3211,43200000
owd_downlink_ms,50.1074,43200000
owd_uplink_ms,49.2196,43200000
owd_downlink_ms,49.1064,43200000
correction_magnitude_mm,277.28718519210815,42699736
correction_magnitude_deg,0,42699736
prediction_position_error_mm,522.1694707870483,43200000
prediction_orientation_error_deg,0,43200000
prediction_position_error_mm,587.4132513999939,43300000
prediction_orientation_error_deg,0,43300000
owd_uplink_ms,49.5497,43400000
owd_downlink_ms,50.3409,43400000
correction_magnitude_mm,259.8496675491333,42800724
correction_magnitude_deg,0,42800724
prediction_position_error_mm,526.4905095100403,43400000
prediction_orientation_error_deg,0,43400000
owd_uplink_ms,49.3971,43500000
owd_downlink_ms,50.4299,43500000
correction_magnitude_mm,240.0681972503662,42902015
correction_magnitude_deg,0,42902015
prediction_position_error_mm,471.5515375137329,43500000
prediction_orientation_error_deg,0,43500000
prediction_position_error_mm,520.1764106750488,43600000
prediction_orientation_error_deg,0,43600000
owd_uplink_ms,51.0682,43700000
owd_downlink_ms,50.5121,43700000
correction_magnitude_mm,270.50507068634033,43101319
correction_magnitude_deg,0,43101319
prediction_position_error_mm,467.13787317276,43700000
prediction_orientation_error_deg,0,43700000
owd_uplink_ms,50.9674,43800000
owd_downlink_ms,50.1273,43800000
correction_magnitude_mm,235.14686524868011,43200268
correction_magnitude_deg,0,43200268
prediction_position_error_mm,398.5552787780762,43800000
prediction_orientation_error_deg,0,43800000
owd_uplink_ms,50.2548,43900000
owd_downlink_ms,50.5824,43900000
correction_magnitude_mm,203.98490130901337,43300677
correction_magnitude_deg,0,43300677
owd_uplink_ms,49.4789,43900000
owd_downlink_ms,49.4946,43900000
correction_magnitude_mm,173.96259307861328,43400696
correction_magnitude_deg,0,43400696
prediction_position_error_mm,263.882040977478,43900000
prediction_orientation_error_deg,0,43900000
owd_uplink_ms,50.8484,44000000
owd_downlink_ms,50.5947,44000000
prediction_position_error_mm,292.07155108451843,44000000
prediction_orientation_error_deg,0,44000000
owd_uplink_ms,49.1964,44100000
owd_downlink_ms,49.3255,44100000
correction_magnitude_mm,177.81376838684082,43600540
correction_magnitude_deg,0,43600540
prediction_position_error_mm,253.62813472747803,44100000
prediction_orientation_error_deg,0,44100000
owd_uplink_ms,50.55,44200000
owd_downlink_ms,50.8408,44200000
correction_magnitude_mm,124.56870824098587,43600903
correction_magnitude_deg,0,43600903
prediction_position_error_mm,522.499144077301,44200000
prediction_orientation_error_deg,0,44200000
owd_uplink_ms,49.1788,44300000
owd_downlink_ms,49.3357,44300000
correction_magnitude_mm,116.70041084289551,43801098
correction_magnitude_deg,0,43801098
owd_uplink_ms,50.3044,44300000
owd_downlink_ms,49.9015,44300000
prediction_position_error_mm,578.7626504898071,44300000
prediction_orientation_error_deg,0,44300000
prediction_position_error_mm,680.2101731300354,44400000
prediction_orientation_error_deg,0,44400000
prediction_position_error_mm,779.9943089485168,44500000
prediction_orientation_error_deg,0,44500000
owd_uplink_ms,50.7796,44600000
owd_downlink_ms,50.8449,44600000
correction_magnitude_mm,279.5619070529938,44000675
correction_magnitude_deg,0,44000675
prediction_position_error_mm,770.6814408302307,44600000
prediction_orientation_error_deg,0,44600000
owd_uplink_ms,50.9048,44700000
owd_downlink_ms,50.3728,44700000
correction_magnitude_mm,290.86247086524963,44100010
correction_magnitude_deg,0,44100010
owd_uplink_ms,49.8255,44700000
owd_downlink_ms,49.9163,44700000
correction_magnitude_mm,292.3315167427063,44200123
correction_magnitude_deg,0,44200123
prediction_position_error_mm,594.7247743606567,44700000
prediction_orientation_error_deg,0,44700000
owd_uplink_ms,50.1072,44800000
owd_downlink_ms,50.5799,44800000
correction_magnitude_mm,205.083429813385,44200713
correction_magnitude_deg,0,44200713
prediction_position_error_mm,446.6513991355896,44800000
prediction_orientation_error_deg,0,44800000
owd_uplink_ms,50.161,44900000
owd_downlink_ms,49.3894,44900000
correction_magnitude_mm,52.28561535477638,44399749
correction_magnitude_deg,0,44399749
owd_uplink_ms,49.1545,44900000
owd_downlink_ms,49.5567,44900000
correction_magnitude_mm,37.09796816110611,44400251
correction_magnitude_deg,0,44400251
prediction_position_error_mm,480.9582233428955,44900000
prediction_orientation_error_deg,0,44900000
owd_uplink_ms,49.6099,45000000
owd_downlink_ms,49.8283,45000000
correction_magnitude_mm,75.8252814412117,44500523
correction_magnitude_deg,0,44500523
prediction_position_error_mm,548.186719417572,45000000
prediction_orientation_error_deg,0,45000000
owd_uplink_ms,49.2276,45100000
owd_downlink_ms,49.145,45100000
correction_magnitude_mm,152.18529105186462,44600419
correction_magnitude_deg,0,44600419
prediction_position_error_mm,578.6939859390259,45100000
prediction_orientation_error_deg,0,45100000
prediction_position_error_mm,673.0759143829346,45200000
prediction_orientation_error_deg,0,45200000
owd_uplink_ms,49.6437,45300000
owd_downlink_ms,50.6458,45300000
correction_magnitude_mm,202.2925466299057,44701671
correction_magnitude_deg,0,44701671
owd_uplink_ms,49.6001,45300000
owd_downlink_ms,49.4345,45300000
correction_magnitude_mm,229.98449206352234,44801464
correction_magnitude_deg,0,44801464
prediction_position_error_mm,566.2228465080261,45300000
prediction_orientation_error_deg,0,45300000
owd_uplink_ms,49.3597,45400000
owd_downlink_ms,49.4814,45400000
correction_magnitude_mm,242.7137941122055,44901615
correction_magnitude_deg,0,44901615
prediction_position_error_mm,539.7398471832275,45400000
prediction_orientation_error_deg,0,45400000
owd_uplink_ms,49.5233,45500000
owd_downlink_ms,48.9236,45500000
correction_magnitude_mm,243.6424195766449,45000865
correction_magnitude_deg,0,45000865
prediction_position_error_mm,502.8708577156067,45500000
prediction_orientation_error_deg,0,45500000
prediction_position_error_mm,569.580078125,45600000
prediction_orientation_error_deg,0,45600000
owd_uplink_ms,49.4711,45700000
owd_downlink_ms,50.0369,45700000
correction_magnitude_mm,237.8961592912674,45101572
correction_magnitude_deg,0,45101572
owd_uplink_ms,49.5668,45700000
owd_downlink_ms,49.4492,45700000
correction_magnitude_mm,226.19333863258362,45201424
correction_magnitude_deg,0,45201424
prediction_position_error_mm,420.7274317741394,45700000
prediction_orientation_error_deg,0,45700000
prediction_position_error_mm,473.46681356430054,45800000
prediction_orientation_error_deg,0,45800000
owd_uplink_ms,49.638,45900000
owd_downlink_ms,49.3307,45900000
correction_magnitude_mm,263.9201879501343,45401040
correction_magnitude_deg,0,45401040
prediction_position_error_mm,427.19566822052,45900000
prediction_orientation_error_deg,0,45900000
owd_uplink_ms,50.7434,46000000
owd_downlink_ms,50.2127,46000000
prediction_position_error_mm,476.7526388168335,46000000
prediction_orientation_error_deg,0,46000000
owd_uplink_ms,50.8779,46100000
owd_downlink_ms,49.6587,46100000
correction_magnitude_mm,280.3288996219635,45598853
correction_magnitude_deg,0,45598853
prediction_position_error_mm,419.11786794662476,46100000
prediction_orientation_error_deg,0,46100000
owd_uplink_ms,50.4651,46200000
owd_downlink_ms,49.8686,46200000
correction_magnitude_mm,240.4712289571762,45698108
correction_magnitude_deg,0,45698108
prediction_position_error_mm,354.8436462879181,46200000
prediction_orientation_error_deg,0,46200000
owd_uplink_ms,50.3412,46300000
owd_downlink_ms,49.5115,46300000
correction_magnitude_mm,205.20754158496857,45797072
correction_magnitude_deg,0,45797072
prediction_position_error_mm,299.029678106308,46300000
prediction_orientation_error_deg,0,46300000
prediction_position_error_mm,329.7986388206482,46400000
prediction_orientation_error_deg,0,46400000
owd_uplink_ms,50.5424,46500000
owd_downlink_ms,50.7586,46500000
correction_magnitude_mm,174.71550405025482,45897343
correction_magnitude_deg,0,45897343
owd_uplink_ms,50.6423,46500000
owd_downlink_ms,50.0727,46500000
correction_magnitude_mm,148.71357381343842,45996631
correction_magnitude_deg,0,45996631
owd_uplink_ms,49.507,46500000
owd_downlink_ms,50.168,46500000
correction_magnitude_mm,104.26745563745499,45997458
correction_magnitude_deg,0,45997458
prediction_position_error_mm,426.5090823173523,46500000
prediction_orientation_error_deg,0,46500000
prediction_position_error_mm,525.2522230148315,46600000
prediction_orientation_error_deg,0,46600000
prediction_position_error_mm,625.2520680427551,46700000
prediction_orientation_error_deg,0,46700000
owd_uplink_ms,50.124,46800000
owd_downlink_ms,51.0035,46800000
correction_magnitude_mm,127.28504836559296,46198558
correction_magnitude_deg,0,46198558
prediction_position_error_mm,675.0844717025757,46800000
prediction_orientation_error_deg,0,46800000
owd_uplink_ms,50.3789,46900000
owd_downlink_ms,50.8797,46900000
correction_magnitude_mm,187.0322823524475,46299185
correction_magnitude_deg,0,46299185
owd_uplink_ms,50.2697,46900000
owd_downlink_ms,49.7615,46900000
correction_magnitude_mm,222.12088108062744,46398550
correction_magnitude_deg,0,46398550
prediction_position_error_mm,582.7926397323608,46900000
prediction_orientation_error_deg,0,46900000
owd_uplink_ms,50.6566,47000000
owd_downlink_ms,49.6153,47000000
correction_magnitude_mm,239.4920438528061,46497249
correction_magnitude_deg,0,46497249
prediction_position_error_mm,559.6939325332642,47000000
prediction_orientation_error_deg,0,47000000
owd_uplink_ms,50.1087,47100000
owd_downlink_ms,49.8166,47100000
correction_magnitude_mm,244.64106559753418,46596885
correction_magnitude_deg,0,46596885
prediction_position_error_mm,526.9701480865479,47100000
prediction_orientation_error_deg,0,47100000
owd_uplink_ms,49.3672,47200000
owd_downlink_ms,50.9301,47200000
correction_magnitude_mm,172.63944447040558,46598839
correction_magnitude_deg,0,46598839
prediction_position_error_mm,482.6769232749939,47200000
prediction_orientation_error_deg,0,47200000
prediction_position_error_mm,583.3100080490112,47300000
prediction_orientation_error_deg,0,47300000
owd_uplink_ms,49.9883,47400000
owd_downlink_ms,50.7017,47400000
correction_magnitude_mm,80.60619980096817,46799731
correction_magnitude_deg,0,46799731
owd_uplink_ms,50.2955,47400000
owd_downlink_ms,49.3323,47400000
correction_magnitude_mm,154.54939007759094,46898528
correction_magnitude_deg,0,46898528
prediction_position_error_mm,582.2534561157227,47400000
prediction_orientation_error_deg,0,47400000
owd_uplink_ms,50.6968,47500000
owd_downlink_ms,50.1223,47500000
correction_magnitude_mm,202.0849883556366,46997810
correction_magnitude_deg,0,46997810
prediction_position_error_mm,585.0656032562256,47500000
prediction_orientation_error_deg,0,47500000
owd_uplink_ms,49.8101,47600000
owd_downlink_ms,49.2848,47600000
correction_magnitude_mm,229.69095408916473,47097154
correction_magnitude_deg,0,47097154
owd_uplink_ms,49.657,47600000
owd_downlink_ms,49.3762,47600000
prediction_position_error_mm,569.4814324378967,47600000
prediction_orientation_error_deg,0,47600000
prediction_position_error_mm,650.7021188735962,47700000
prediction_orientation_error_deg,0,47700000
prediction_position_error_mm,731.948971748352,47800000
prediction_orientation_error_deg,0,47800000
owd_uplink_ms,50.5716,47900000
owd_downlink_ms,50.6843,47900000
correction_magnitude_mm,323.3695328235626,47296946
correction_magnitude_deg,0,47296946
owd_uplink_ms,49.0261,47900000
owd_downlink_ms,50.748,47900000
correction_magnitude_mm,227.99938917160034,47299099
correction_magnitude_deg,0,47299099
owd_uplink_ms,49.6919,47900000
owd_downlink_ms,49.5415,47900000
correction_magnitude_mm,60.03643199801445,47398912
correction_magnitude_deg,0,47398912
prediction_position_error_mm,458.48727226257324,47900000
prediction_orientation_error_deg,0,47900000
prediction_position_error_mm,558.4868788719177,48000000
prediction_orientation_error_deg,0,48000000
owd_uplink_ms,50.692,48100000
owd_downlink_ms,49.943,48100000
correction_magnitude_mm,156.83385729789734,47597976
correction_magnitude_deg,0,47597976
prediction_position_error_mm,599.655032157898,48100000
prediction_orientation_error_deg,0,48100000
prediction_position_error_mm,697.29083776474,48200000
prediction_orientation_error_deg,0,48200000
owd_uplink_ms,50.6359,48300000
owd_downlink_ms,51.1047,48300000
correction_magnitude_mm,207.83229172229767,47698562
correction_magnitude_deg,0,47698562
owd_uplink_ms,49.0444,48300000
owd_downlink_ms,49.2922,48300000
correction_magnitude_mm,237.01883852481842,47798872
correction_magnitude_deg,0,47798872
owd_uplink_ms,50.1369,48300000
owd_downlink_ms,49.8268,48300000
prediction_position_error_mm,588.7769460678101,48300000
prediction_orientation_error_deg,0,48300000
owd_uplink_ms,49.2623,48400000
owd_downlink_ms,49.6216,48400000
correction_magnitude_mm,250.28911232948303,47898934
correction_magnitude_deg,0,47898934
prediction_position_error_mm,560.7925057411194,48400000
prediction_orientation_error_deg,0,48400000
prediction_position_error_mm,637.6369595527649,48500000
prediction_orientation_error_deg,0,48500000
owd_uplink_ms,49.2318,48600000
owd_downlink_ms,49.8631,48600000
correction_magnitude_mm,329.5826017856598,48099723
correction_magnitude_deg,0,48099723
prediction_position_error_mm,591.504693031311,48600000
prediction_orientation_error_deg,0,48600000
owd_uplink_ms,50.9042,48700000
owd_downlink_ms,50.5667,48700000
prediction_position_error_mm,663.424551486969,48700000
prediction_orientation_error_deg,0,48700000
prediction_position_error_mm,735.6783747673035,48800000
prediction_orientation_error_deg,0,48800000
owd_uplink_ms,50.8701,48900000
owd_downlink_ms,50.7705,48900000
correction_magnitude_mm,374.26599860191345,48299178
correction_magnitude_deg,0,48299178
owd_uplink_ms,49.2758,48900000
owd_downlink_ms,49.7289,48900000
correction_magnitude_mm,329.00696992874146,48399745
correction_magnitude_deg,0,48399745
prediction_position_error_mm,514.4990086555481,48900000
prediction_orientation_error_deg,0,48900000
owd_uplink_ms,50.8098,49000000
owd_downlink_ms,50.628,49000000
prediction_position_error_mm,571.4431405067444,49000000
prediction_orientation_error_deg,0,49000000
owd_uplink_ms,50.5304,49100000
owd_downlink_ms,49.6355,49100000
correction_magnitude_mm,343.03104877471924,48598400
correction_magnitude_deg,0,48598400
owd_uplink_ms,49.554,49100000
owd_downlink_ms,49.6332,49100000
correction_magnitude_mm,240.17299711704254,48598500
correction_magnitude_deg,0,48598500
prediction_position_error_mm,331.781268119812,49100000
prediction_orientation_error_deg,0,49100000
prediction_position_error_mm,431.27042055130005,49200000
prediction_orientation_error_deg,0,49200000
prediction_position_error_mm,530.7152271270752,49300000
prediction_orientation_error_deg,0,49300000
owd_uplink_ms,50.7884,49400000
owd_downlink_ms,50.416,49400000
correction_magnitude_mm,31.08425624668598,48798035
correction_magnitude_deg,0,48798035
owd_uplink_ms,50.6377,49400000
owd_downlink_ms,49.4776,49400000
correction_magnitude_mm,119.05238777399063,48896585
correction_magnitude_deg,0,48896585
prediction_position_error_mm,563.3777976036072,49400000
prediction_orientation_error_deg,0,49400000
owd_uplink_ms,49.0125,49500000
owd_downlink_ms,50.3938,49500000
correction_magnitude_mm,84.99287068843842,48898312
correction_magnitude_deg,0,48898312
prediction_position_error_mm,254.6122968196869,49500000
prediction_orientation_error_deg,0,49500000
owd_uplink_ms,49.7722,49600000
owd_downlink_ms,50.7052,49600000
correction_magnitude_mm,6.722230464220047,48999479
correction_magnitude_deg,0,48999479
prediction_position_error_mm,310.22924184799194,49600000
prediction_orientation_error_deg,0,49600000
owd_uplink_ms,49.9497,49700000
owd_downlink_ms,49.5793,49700000
correction_magnitude_mm,99.49184209108353,49199017
correction_magnitude_deg,0,49199017
prediction_position_error_mm,326.3154625892639,49700000
prediction_orientation_error_deg,0,49700000
owd_uplink_ms,50.1219,49800000
owd_downlink_ms,50.0003,49800000
correction_magnitude_mm,120.56193500757217,49298865
correction_magnitude_deg,0,49298865
prediction_position_error_mm,323.25491309165955,49800000
prediction_orientation_error_deg,0,49800000
prediction_position_error_mm,370.9350824356079,49900000
prediction_orientation_error_deg,0,49900000
owd_uplink_ms,50.5919,50000000
owd_downlink_ms,50.282,50000000
correction_magnitude_mm,132.25683569908142,49398478
correction_magnitude_deg,0,49398478
owd_uplink_ms,49.7466,50000000
owd_downlink_ms,50.5549,50000000
correction_magnitude_mm,93.0129662156105,49399489
correction_magnitude_deg,0,49399489
prediction_position_error_mm,530.715823173523,50000000
prediction_orientation_error_deg,0,50000000
