name,value,ticks
prediction_position_error_mm,0,100000
prediction_orientation_error_deg,0,100000
prediction_position_error_mm,0,200000
prediction_orientation_error_deg,0,200000
prediction_position_error_mm,0,300000
prediction_orientation_error_deg,0,300000
prediction_position_error_mm,0,400000
prediction_orientation_error_deg,0,400000
prediction_position_error_mm,0,500000
prediction_orientation_error_deg,0,500000
prediction_position_error_mm,0,600000
prediction_orientation_error_deg,0,600000
prediction_position_error_mm,0,700000
prediction_orientation_error_deg,0,700000
prediction_position_error_mm,0,800000
prediction_orientation_error_deg,0,800000
prediction_position_error_mm,0,900000
prediction_orientation_error_deg,0,900000
prediction_position_error_mm,0,1000000
prediction_orientation_error_deg,0,1000000
prediction_position_error_mm,0,1100000
prediction_orientation_error_deg,0,1100000
prediction_position_error_mm,0,1200000
prediction_orientation_error_deg,0,1200000
prediction_position_error_mm,0,1300000
prediction_orientation_error_deg,0,1300000
prediction_position_error_mm,0,1400000
prediction_orientation_error_deg,0,1400000
prediction_position_error_mm,0,1500000
prediction_orientation_error_deg,0,1500000
prediction_position_error_mm,0,1600000
prediction_orientation_error_deg,0,1600000
prediction_position_error_mm,0,1700000
prediction_orientation_error_deg,0,1700000
prediction_position_error_mm,0,1800000
prediction_orientation_error_deg,0,1800000
prediction_position_error_mm,0,1900000
prediction_orientation_error_deg,0,1900000
prediction_position_error_mm,0,2000000
prediction_orientation_error_deg,0,2000000
prediction_position_error_mm,0,2100000
prediction_orientation_error_deg,0,2100000
prediction_position_error_mm,0,2200000
prediction_orientation_error_deg,0,2200000
prediction_position_error_mm,0,2300000
prediction_orientation_error_deg,0,2300000
prediction_position_error_mm,0,2400000
prediction_orientation_error_deg,0,2400000
prediction_position_error_mm,0,2500000
prediction_orientation_error_deg,0,2500000
prediction_position_error_mm,0,2600000
prediction_orientation_error_deg,0,2600000
prediction_position_error_mm,0,2700000
prediction_orientation_error_deg,0,2700000
prediction_position_error_mm,0,2800000
prediction_orientation_error_deg,0,2800000
prediction_position_error_mm,0,2900000
prediction_orientation_error_deg,0,2900000
prediction_position_error_mm,0,3000000
prediction_orientation_error_deg,0,3000000
prediction_position_error_mm,1299.9999523162842,3100000
prediction_orientation_error_deg,0,3100000
prediction_position_error_mm,1300.0023365020752,3200000
prediction_orientation_error_deg,0,3200000
prediction_position_error_mm,1300.0091314315796,3300000
prediction_orientation_error_deg,0,3300000
prediction_position_error_mm,1300.020456314087,3400000
prediction_orientation_error_deg,0,3400000
prediction_position_error_mm,1300.0361919403076,3500000
prediction_orientation_error_deg,0,3500000
prediction_position_error_mm,1300.0564575195312,3600000
prediction_orientation_error_deg,0,3600000
prediction_position_error_mm,1300.0812530517578,3700000
prediction_orientation_error_deg,0,3700000
prediction_position_error_mm,1300.1103401184082,3800000
prediction_orientation_error_deg,0,3800000
prediction_position_error_mm,1300.143837928772,3900000
prediction_orientation_error_deg,0,3900000
prediction_position_error_mm,1300.1817464828491,4000000
prediction_orientation_error_deg,0,4000000
prediction_position_error_mm,1300.2238273620605,4100000
prediction_orientation_error_deg,0,4100000
prediction_position_error_mm,1300.2701997756958,4200000
prediction_orientation_error_deg,0,4200000
prediction_position_error_mm,1300.3205060958862,4300000
prediction_orientation_error_deg,0,4300000
prediction_position_error_mm,1300.3751039505005,4400000
prediction_orientation_error_deg,0,4400000
prediction_position_error_mm,1300.4335165023804,4500000
prediction_orientation_error_deg,0,4500000
prediction_position_error_mm,1300.495982170105,4600000
prediction_orientation_error_deg,0,4600000
prediction_position_error_mm,1300.5622625350952,4700000
prediction_orientation_error_deg,0,4700000
prediction_position_error_mm,1300.632119178772,4800000
prediction_orientation_error_deg,0,4800000
prediction_position_error_mm,1300.7055521011353,4900000
prediction_orientation_error_deg,0,4900000
prediction_position_error_mm,1300.782561302185,5000000
prediction_orientation_error_deg,0,5000000
prediction_position_error_mm,1300.8630275726318,5100000
prediction_orientation_error_deg,0,5100000
prediction_position_error_mm,1300.946593284607,5200000
prediction_orientation_error_deg,0,5200000
prediction_position_error_mm,1301.0333776474,5300000
prediction_orientation_error_deg,0,5300000
prediction_position_error_mm,1301.1231422424316,5400000
prediction_orientation_error_deg,0,5400000
prediction_position_error_mm,1301.2155294418335,5500000
prediction_orientation_error_deg,0,5500000
prediction_position_error_mm,1301.3107776641846,5600000
prediction_orientation_error_deg,0,5600000
prediction_position_error_mm,1301.4086484909058,5700000
prediction_orientation_error_deg,0,5700000
prediction_position_error_mm,1301.5087842941284,5800000
prediction_orientation_error_deg,0,5800000
prediction_position_error_mm,1301.6111850738525,5900000
prediction_orientation_error_deg,0,5900000
prediction_position_error_mm,1301.715612411499,6000000
prediction_orientation_error_deg,0,6000000
owd_uplink_ms,293.1531,6100000
owd_downlink_ms,293.1531,6100000
correction_magnitude_mm,1299.9999523162842,3104020
correction_magnitude_deg,0,3104020
prediction_position_error_mm,147.90701866149902,6100000
prediction_orientation_error_deg,0,6100000
owd_uplink_ms,297.925,6200000
owd_downlink_ms,299.242,6200000
prediction_position_error_mm,6.818332243710756,6200000
prediction_orientation_error_deg,0,6200000
owd_uplink_ms,296.7593,6300000
owd_downlink_ms,294.7753,6300000
prediction_position_error_mm,9.295742958784103,6300000
prediction_orientation_error_deg,0,6300000
owd_uplink_ms,299.0103,6400000
owd_downlink_ms,291.5696,6400000
prediction_position_error_mm,19.803892821073532,6400000
prediction_orientation_error_deg,0,6400000
owd_uplink_ms,293.7331,6500000
owd_downlink_ms,291.1156,6500000
prediction_position_error_mm,11.0134556889534,6500000
prediction_orientation_error_deg,0,6500000
owd_uplink_ms,290.1577,6600000
owd_downlink_ms,298.4789,6600000
prediction_position_error_mm,12.837066315114498,6600000
prediction_orientation_error_deg,0,6600000
owd_uplink_ms,292.1792,6700000
owd_downlink_ms,294.2318,6700000
prediction_position_error_mm,6.856082007288933,6700000
prediction_orientation_error_deg,0,6700000
owd_uplink_ms,297.0323,6800000
owd_downlink_ms,295.0108,6800000
prediction_position_error_mm,10.1918401196599,6800000
prediction_orientation_error_deg,0,6800000
owd_uplink_ms,296.2734,6900000
owd_downlink_ms,297.0528,6900000
prediction_position_error_mm,7.262381725013256,6900000
prediction_orientation_error_deg,0,6900000
owd_uplink_ms,293.6384,7000000
owd_downlink_ms,295.5479,7000000
prediction_position_error_mm,6.889870390295982,7000000
prediction_orientation_error_deg,0,7000000
owd_uplink_ms,295.0944,7100000
owd_downlink_ms,293.874,7100000
prediction_position_error_mm,9.474222548305988,7100000
prediction_orientation_error_deg,0,7100000
owd_uplink_ms,298.6741,7200000
owd_downlink_ms,299.0486,7200000
prediction_position_error_mm,7.824585773050785,7200000
prediction_orientation_error_deg,0,7200000
owd_uplink_ms,294.9492,7300000
owd_downlink_ms,295.0534,7300000
prediction_position_error_mm,8.186286315321922,7300000
prediction_orientation_error_deg,0,7300000
owd_uplink_ms,292.773,7400000
owd_downlink_ms,296.4714,7400000
prediction_position_error_mm,7.215522695332766,7400000
prediction_orientation_error_deg,0,7400000
owd_uplink_ms,298.0564,7500000
owd_downlink_ms,296.6409,7500000
prediction_position_error_mm,10.237245820462704,7500000
prediction_orientation_error_deg,0,7500000
owd_uplink_ms,292.6865,7600000
owd_downlink_ms,296.7369,7600000
prediction_position_error_mm,7.341532502323389,7600000
prediction_orientation_error_deg,0,7600000
owd_uplink_ms,296.9668,7700000
owd_downlink_ms,297.0629,7700000
prediction_position_error_mm,8.487923070788383,7700000
prediction_orientation_error_deg,0,7700000
owd_uplink_ms,296.2139,7800000
owd_downlink_ms,290.363,7800000
prediction_position_error_mm,18.60686205327511,7800000
prediction_orientation_error_deg,0,7800000
owd_uplink_ms,290.9454,7900000
owd_downlink_ms,291.2599,7900000
prediction_position_error_mm,8.718747645616531,7900000
prediction_orientation_error_deg,0,7900000
owd_uplink_ms,293.8733,8000000
owd_downlink_ms,294.7709,8000000
prediction_position_error_mm,8.229673840105534,8000000
prediction_orientation_error_deg,0,8000000
owd_uplink_ms,296.1177,8100000
owd_downlink_ms,293.168,8100000
prediction_position_error_mm,13.853640295565128,8100000
prediction_orientation_error_deg,0,8100000
owd_uplink_ms,295.5222,8200000
owd_downlink_ms,294.2629,8200000
prediction_position_error_mm,11.383626610040665,8200000
prediction_orientation_error_deg,0,8200000
owd_uplink_ms,296.7146,8300000
owd_downlink_ms,295.6834,8300000
prediction_position_error_mm,11.263273656368256,8300000
prediction_orientation_error_deg,0,8300000
owd_uplink_ms,290.8267,8400000
owd_downlink_ms,292.7922,8400000
prediction_position_error_mm,7.898162119090557,8400000
prediction_orientation_error_deg,0,8400000
owd_uplink_ms,293.9523,8500000
owd_downlink_ms,296.9174,8500000
prediction_position_error_mm,7.3593077249825,8500000
prediction_orientation_error_deg,0,8500000
owd_uplink_ms,294.3128,8600000
owd_downlink_ms,291.5878,8600000
prediction_position_error_mm,14.348394237458706,8600000
prediction_orientation_error_deg,0,8600000
owd_uplink_ms,291.0222,8700000
owd_downlink_ms,295.008,8700000
prediction_position_error_mm,7.228247821331024,8700000
prediction_orientation_error_deg,0,8700000
owd_uplink_ms,296.6964,8800000
owd_downlink_ms,297.0306,8800000
prediction_position_error_mm,9.939344599843025,8800000
prediction_orientation_error_deg,0,8800000
owd_uplink_ms,299.7335,8900000
owd_downlink_ms,296.8853,8900000
prediction_position_error_mm,14.994896948337555,8900000
prediction_orientation_error_deg,0,8900000
owd_uplink_ms,297.2416,9000000
owd_downlink_ms,297.4968,9000000
prediction_position_error_mm,10.463877581059933,9000000
prediction_orientation_error_deg,0,9000000
owd_uplink_ms,292.7976,9100000
owd_downlink_ms,291.2377,9100000
prediction_position_error_mm,13.30472156405449,9100000
prediction_orientation_error_deg,0,9100000
owd_uplink_ms,292.1267,9200000
owd_downlink_ms,295.414,9200000
prediction_position_error_mm,7.810690905898809,9200000
prediction_orientation_error_deg,0,9200000
owd_uplink_ms,298.7336,9300000
owd_downlink_ms,292.96,9300000
prediction_position_error_mm,21.24052681028843,9300000
prediction_orientation_error_deg,0,9300000
owd_uplink_ms,297.6944,9400000
owd_downlink_ms,295.9011,9400000
prediction_position_error_mm,14.40561655908823,9400000
prediction_orientation_error_deg,0,9400000
owd_uplink_ms,292.8309,9500000
owd_downlink_ms,296.6584,9500000
prediction_position_error_mm,7.895065471529961,9500000
prediction_orientation_error_deg,0,9500000
owd_uplink_ms,292.0589,9600000
owd_downlink_ms,296.9906,9600000
prediction_position_error_mm,7.55337905138731,9600000
prediction_orientation_error_deg,0,9600000
owd_uplink_ms,297.4669,9700000
owd_downlink_ms,293.6255,9700000
prediction_position_error_mm,18.101025372743607,9700000
prediction_orientation_error_deg,0,9700000
owd_uplink_ms,293.2149,9800000
owd_downlink_ms,291.264,9800000
prediction_position_error_mm,15.17868135124445,9800000
prediction_orientation_error_deg,0,9800000
owd_uplink_ms,295.1263,9900000
owd_downlink_ms,293.3469,9900000
prediction_position_error_mm,15.163184143602848,9900000
prediction_orientation_error_deg,0,9900000
owd_uplink_ms,299.2308,10000000
owd_downlink_ms,299.2133,10000000
prediction_position_error_mm,12.698673643171787,10000000
prediction_orientation_error_deg,0,10000000
owd_uplink_ms,297.7178,10100000
owd_downlink_ms,293.0846,10100000
prediction_position_error_mm,20.62593400478363,10100000
prediction_orientation_error_deg,0,10100000
owd_uplink_ms,291.7495,10200000
owd_downlink_ms,296.2456,10200000
prediction_position_error_mm,8.351495489478111,10200000
prediction_orientation_error_deg,0,10200000
owd_uplink_ms,293.465,10300000
owd_downlink_ms,290.9284,10300000
prediction_position_error_mm,17.183825373649597,10300000
prediction_orientation_error_deg,0,10300000
owd_uplink_ms,290.817,10400000
owd_downlink_ms,295.4253,10400000
prediction_position_error_mm,8.481389842927456,10400000
prediction_orientation_error_deg,0,10400000
owd_uplink_ms,297.5075,10500000
owd_downlink_ms,294.1987,10500000
prediction_position_error_mm,18.719788640737534,10500000
prediction_orientation_error_deg,0,10500000
owd_uplink_ms,294.4583,10600000
owd_downlink_ms,297.4908,10600000
prediction_position_error_mm,9.993801824748516,10600000
prediction_orientation_error_deg,0,10600000
owd_uplink_ms,298.711,10700000
owd_downlink_ms,292.8884,10700000
prediction_position_error_mm,23.641079664230347,10700000
prediction_orientation_error_deg,0,10700000
owd_uplink_ms,298.6488,10800000
owd_downlink_ms,300.4103,10800000
prediction_position_error_mm,11.844860389828682,10800000
prediction_orientation_error_deg,0,10800000
owd_uplink_ms,292.9271,10900000
owd_downlink_ms,292.6379,10900000
prediction_position_error_mm,14.710740186274052,10900000
prediction_orientation_error_deg,0,10900000
owd_uplink_ms,295.9722,11000000
owd_downlink_ms,293.4057,11000000
prediction_position_error_mm,18.454579636454582,11000000
prediction_orientation_error_deg,0,11000000
owd_uplink_ms,295.8971,11100000
owd_downlink_ms,293.8981,11100000
prediction_position_error_mm,17.80824549496174,11100000
prediction_orientation_error_deg,0,11100000
owd_uplink_ms,290.3111,11200000
owd_downlink_ms,298.7231,11200000
prediction_position_error_mm,8.324651047587395,11200000
prediction_orientation_error_deg,0,11200000
owd_uplink_ms,290.9391,11300000
owd_downlink_ms,296.5944,11300000
prediction_position_error_mm,8.942460641264915,11300000
prediction_orientation_error_deg,0,11300000
owd_uplink_ms,296.918,11400000
owd_downlink_ms,296.3237,11400000
prediction_position_error_mm,15.537324361503124,11400000
prediction_orientation_error_deg,0,11400000
owd_uplink_ms,295.892,11500000
owd_downlink_ms,297.8703,11500000
prediction_position_error_mm,12.34565582126379,11500000
prediction_orientation_error_deg,0,11500000
owd_uplink_ms,293.854,11600000
owd_downlink_ms,294.1313,11600000
prediction_position_error_mm,14.58056177943945,11600000
prediction_orientation_error_deg,0,11600000
owd_uplink_ms,291.8727,11700000
owd_downlink_ms,296.1975,11700000
prediction_position_error_mm,10.252485051751137,11700000
prediction_orientation_error_deg,0,11700000
owd_uplink_ms,297.8495,11800000
owd_downlink_ms,294.574,11800000
prediction_position_error_mm,19.97537910938263,11800000
prediction_orientation_error_deg,0,11800000
owd_uplink_ms,297.9732,11900000
owd_downlink_ms,297.6084,11900000
prediction_position_error_mm,15.88410697877407,11900000
prediction_orientation_error_deg,0,11900000
owd_uplink_ms,298.7083,12000000
owd_downlink_ms,293.2753,12000000
prediction_position_error_mm,24.062510579824448,12000000
prediction_orientation_error_deg,0,12000000
owd_uplink_ms,297.9837,12100000
owd_downlink_ms,290.822,12100000
prediction_position_error_mm,27.58679911494255,12100000
prediction_orientation_error_deg,0,12100000
owd_uplink_ms,291.0145,12200000
owd_downlink_ms,291.4958,12200000
prediction_position_error_mm,15.77419601380825,12200000
prediction_orientation_error_deg,0,12200000
owd_uplink_ms,292.1995,12300000
owd_downlink_ms,298.8452,12300000
prediction_position_error_mm,9.861321188509464,12300000
prediction_orientation_error_deg,0,12300000
owd_uplink_ms,297.8495,12400000
owd_downlink_ms,295.1574,12400000
prediction_position_error_mm,20.295241847634315,12400000
prediction_orientation_error_deg,0,12400000
owd_uplink_ms,294.4408,12500000
owd_downlink_ms,297.506,12500000
prediction_position_error_mm,13.016421347856522,12500000
prediction_orientation_error_deg,0,12500000
owd_uplink_ms,296.3468,12600000
owd_downlink_ms,296.4919,12600000
prediction_position_error_mm,16.520697623491287,12600000
prediction_orientation_error_deg,0,12600000
owd_uplink_ms,297.0171,12700000
owd_downlink_ms,292.5908,12700000
prediction_position_error_mm,23.358536884188652,12700000
prediction_orientation_error_deg,0,12700000
owd_uplink_ms,296.2711,12800000
owd_downlink_ms,295.2718,12800000
prediction_position_error_mm,18.537715077400208,12800000
prediction_orientation_error_deg,0,12800000
owd_uplink_ms,291.3218,12900000
owd_downlink_ms,292.2174,12900000
prediction_position_error_mm,16.24337211251259,12900000
prediction_orientation_error_deg,0,12900000
owd_uplink_ms,295.9135,13000000
owd_downlink_ms,295.621,13000000
prediction_position_error_mm,17.87089928984642,13000000
prediction_orientation_error_deg,0,13000000
owd_uplink_ms,290.9659,13100000
owd_downlink_ms,293.3123,13100000
prediction_position_error_mm,14.848863705992699,13100000
prediction_orientation_error_deg,0,13100000
owd_uplink_ms,298.3843,13200000
owd_downlink_ms,294.6977,13200000
prediction_position_error_mm,22.833621129393578,13200000
prediction_orientation_error_deg,0,13200000
owd_uplink_ms,298.3545,13300000
owd_downlink_ms,294.5721,13300000
prediction_position_error_mm,23.248156532645226,13300000
prediction_orientation_error_deg,0,13300000
owd_uplink_ms,293.7273,13400000
owd_downlink_ms,296.9894,13400000
prediction_position_error_mm,14.557316899299622,13400000
prediction_orientation_error_deg,0,13400000
owd_uplink_ms,290.6492,13500000
owd_downlink_ms,298.9774,13500000
prediction_position_error_mm,10.853652842342854,13500000
prediction_orientation_error_deg,0,13500000
owd_uplink_ms,291.7587,13600000
owd_downlink_ms,295.8404,13600000
prediction_position_error_mm,13.740058988332748,13600000
prediction_orientation_error_deg,0,13600000
owd_uplink_ms,300.0365,13700000
owd_downlink_ms,292.0053,13700000
prediction_position_error_mm,29.76216934621334,13700000
prediction_orientation_error_deg,0,13700000
owd_uplink_ms,296.0141,13800000
owd_downlink_ms,293.8892,13800000
prediction_position_error_mm,21.229330450296402,13800000
prediction_orientation_error_deg,0,13800000
owd_uplink_ms,295.1871,13900000
owd_downlink_ms,297.3356,13900000
prediction_position_error_mm,16.323793679475784,13900000
prediction_orientation_error_deg,0,13900000
owd_uplink_ms,292.5897,14000000
owd_downlink_ms,294.7826,14000000
prediction_position_error_mm,16.35468564927578,14000000
prediction_orientation_error_deg,0,14000000
owd_uplink_ms,296.37,14100000
owd_downlink_ms,293.7444,14100000
prediction_position_error_mm,22.119903936982155,14100000
prediction_orientation_error_deg,0,14100000
owd_uplink_ms,299.4335,14200000
owd_downlink_ms,295.0545,14200000
prediction_position_error_mm,24.72349815070629,14200000
prediction_orientation_error_deg,0,14200000
owd_uplink_ms,290.7057,14300000
owd_downlink_ms,291.8125,14300000
prediction_position_error_mm,18.116693943738937,14300000
prediction_orientation_error_deg,0,14300000
owd_uplink_ms,292.6228,14400000
owd_downlink_ms,299.1233,14400000
prediction_position_error_mm,13.452505692839622,14400000
prediction_orientation_error_deg,0,14400000
owd_uplink_ms,295.9922,14500000
owd_downlink_ms,298.2949,14500000
prediction_position_error_mm,16.918402165174484,14500000
prediction_orientation_error_deg,0,14500000
owd_uplink_ms,293.7551,14600000
owd_downlink_ms,298.0737,14600000
prediction_position_error_mm,15.205200761556625,14600000
prediction_orientation_error_deg,0,14600000
owd_uplink_ms,293.5261,14700000
owd_downlink_ms,293.7907,14700000
prediction_position_error_mm,19.05783824622631,14700000
prediction_orientation_error_deg,0,14700000
owd_uplink_ms,296.3615,14800000
owd_downlink_ms,294.6231,14800000
prediction_position_error_mm,21.408740431070328,14800000
prediction_orientation_error_deg,0,14800000
owd_uplink_ms,296.5322,14900000
owd_downlink_ms,291.2905,14900000
prediction_position_error_mm,25.97212605178356,14900000
prediction_orientation_error_deg,0,14900000
owd_uplink_ms,293.558,15000000
owd_downlink_ms,294.4396,15000000
prediction_position_error_mm,19.02868039906025,15000000
prediction_orientation_error_deg,0,15000000
owd_uplink_ms,293.824,15100000
owd_downlink_ms,298.6247,15100000
prediction_position_error_mm,15.712311491370201,15100000
prediction_orientation_error_deg,0,15100000
owd_uplink_ms,299.414,15200000
owd_downlink_ms,291.918,15200000
prediction_position_error_mm,29.14876490831375,15200000
prediction_orientation_error_deg,0,15200000
owd_uplink_ms,293.4352,15300000
owd_downlink_ms,291.6552,15300000
prediction_position_error_mm,22.23464660346508,15300000
prediction_orientation_error_deg,0,15300000
owd_uplink_ms,299.5346,15400000
owd_downlink_ms,297.3124,15400000
prediction_position_error_mm,22.873882204294205,15400000
prediction_orientation_error_deg,0,15400000
owd_uplink_ms,294.9398,15500000
owd_downlink_ms,295.3634,15500000
prediction_position_error_mm,20.268505439162254,15500000
prediction_orientation_error_deg,0,15500000
owd_uplink_ms,294.6608,15600000
owd_downlink_ms,299.2176,15600000
prediction_position_error_mm,16.871994361281395,15600000
prediction_orientation_error_deg,0,15600000
owd_uplink_ms,294.695,15700000
owd_downlink_ms,291.3618,15700000
prediction_position_error_mm,24.223044514656067,15700000
prediction_orientation_error_deg,0,15700000
owd_uplink_ms,294.1526,15800000
owd_downlink_ms,297.3774,15800000
prediction_position_error_mm,18.149355426430702,15800000
prediction_orientation_error_deg,0,15800000
owd_uplink_ms,292.1034,15900000
owd_downlink_ms,291.9323,15900000
prediction_position_error_mm,21.105477586388588,15900000
prediction_orientation_error_deg,0,15900000
owd_uplink_ms,298.3712,16000000
owd_downlink_ms,293.187,16000000
prediction_position_error_mm,26.46837569773197,16000000
prediction_orientation_error_deg,0,16000000
owd_uplink_ms,292.8578,16100000
owd_downlink_ms,296.3214,16100000
prediction_position_error_mm,18.44816841185093,16100000
prediction_orientation_error_deg,0,16100000
owd_uplink_ms,291.666,16200000
owd_downlink_ms,294.5528,16200000
prediction_position_error_mm,18.929079174995422,16200000
prediction_orientation_error_deg,0,16200000
owd_uplink_ms,296.1605,16300000
owd_downlink_ms,291.6284,16300000
prediction_position_error_mm,25.742141529917717,16300000
prediction_orientation_error_deg,0,16300000
owd_uplink_ms,294.2086,16400000
owd_downlink_ms,296.6814,16400000
prediction_position_error_mm,19.535895437002182,16400000
prediction_orientation_error_deg,0,16400000
owd_uplink_ms,291.6916,16500000
owd_downlink_ms,297.2352,16500000
prediction_position_error_mm,17.596125602722168,16500000
prediction_orientation_error_deg,0,16500000
owd_uplink_ms,293.1677,16600000
owd_downlink_ms,293.2929,16600000
prediction_position_error_mm,21.378496661782265,16600000
prediction_orientation_error_deg,0,16600000
owd_uplink_ms,297.1142,16700000
owd_downlink_ms,290.217,16700000
prediction_position_error_mm,28.21793593466282,16700000
prediction_orientation_error_deg,0,16700000
owd_uplink_ms,293.0467,16800000
owd_downlink_ms,298.0808,16800000
prediction_position_error_mm,18.38373765349388,16800000
prediction_orientation_error_deg,0,16800000
owd_uplink_ms,296.6551,16900000
owd_downlink_ms,290.3628,16900000
prediction_position_error_mm,27.56093442440033,16900000
prediction_orientation_error_deg,0,16900000
owd_uplink_ms,298.7268,17000000
owd_downlink_ms,291.6316,17000000
prediction_position_error_mm,28.58383022248745,17000000
prediction_orientation_error_deg,0,17000000
owd_uplink_ms,295.0833,17100000
owd_downlink_ms,298.3729,17100000
prediction_position_error_mm,19.997848197817802,17100000
prediction_orientation_error_deg,0,17100000
owd_uplink_ms,296.5707,17200000
owd_downlink_ms,295.0078,17200000
prediction_position_error_mm,23.46871793270111,17200000
prediction_orientation_error_deg,0,17200000
owd_uplink_ms,293.7209,17300000
owd_downlink_ms,294.3637,17300000
prediction_position_error_mm,21.907705813646317,17300000
prediction_orientation_error_deg,0,17300000
owd_uplink_ms,291.1724,17400000
owd_downlink_ms,297.8607,17400000
prediction_position_error_mm,18.592150881886482,17400000
prediction_orientation_error_deg,0,17400000
owd_uplink_ms,294.322,17500000
owd_downlink_ms,291.5804,17500000
prediction_position_error_mm,24.369752034544945,17500000
prediction_orientation_error_deg,0,17500000
owd_uplink_ms,293.7661,17600000
owd_downlink_ms,292.5021,17600000
prediction_position_error_mm,23.342890664935112,17600000
prediction_orientation_error_deg,0,17600000
owd_uplink_ms,296.0969,17700000
owd_downlink_ms,293.0968,17700000
prediction_position_error_mm,24.702927097678185,17700000
prediction_orientation_error_deg,0,17700000
owd_uplink_ms,292.9554,17800000
owd_downlink_ms,294.7665,17800000
prediction_position_error_mm,21.570637822151184,17800000
prediction_orientation_error_deg,0,17800000
owd_uplink_ms,293.9272,17900000
owd_downlink_ms,296.944,17900000
prediction_position_error_mm,20.98086103796959,17900000
prediction_orientation_error_deg,0,17900000
owd_uplink_ms,293.7196,18000000
owd_downlink_ms,293.7587,18000000
prediction_position_error_mm,22.6658396422863,18000000
prediction_orientation_error_deg,0,18000000
owd_uplink_ms,291.2481,18100000
owd_downlink_ms,293.0025,18100000
prediction_position_error_mm,21.768255159258842,18100000
prediction_orientation_error_deg,0,18100000
owd_uplink_ms,291.9545,18200000
owd_downlink_ms,292.6916,18200000
prediction_position_error_mm,22.35427498817444,18200000
prediction_orientation_error_deg,0,18200000
owd_uplink_ms,298.2876,18300000
owd_downlink_ms,297.6056,18300000
prediction_position_error_mm,23.188160732388496,18300000
prediction_orientation_error_deg,0,18300000
owd_uplink_ms,299.0317,18400000
owd_downlink_ms,291.2989,18400000
prediction_position_error_mm,28.138302266597748,18400000
prediction_orientation_error_deg,0,18400000
owd_uplink_ms,291.8281,18500000
owd_downlink_ms,295.249,18500000
prediction_position_error_mm,21.446406841278076,18500000
prediction_orientation_error_deg,0,18500000
owd_uplink_ms,292.4151,18600000
owd_downlink_ms,295.648,18600000
prediction_position_error_mm,21.572856232523918,18600000
prediction_orientation_error_deg,0,18600000
owd_uplink_ms,298.6489,18700000
owd_downlink_ms,293.3477,18700000
prediction_position_error_mm,26.093740016222,18700000
prediction_orientation_error_deg,0,18700000
owd_uplink_ms,290.2106,18800000
owd_downlink_ms,295.5363,18800000
prediction_position_error_mm,21.085204556584358,18800000
prediction_orientation_error_deg,0,18800000
owd_uplink_ms,290.6363,18900000
owd_downlink_ms,293.1478,18900000
prediction_position_error_mm,22.068103775382042,18900000
prediction_orientation_error_deg,0,18900000
owd_uplink_ms,297.7356,19000000
owd_downlink_ms,298.1109,19000000
prediction_position_error_mm,22.937217727303505,19000000
prediction_orientation_error_deg,0,19000000
owd_uplink_ms,295.2942,19100000
owd_downlink_ms,298.6021,19100000
prediction_position_error_mm,21.934939548373222,19100000
prediction_orientation_error_deg,0,19100000
owd_uplink_ms,291.995,19200000
owd_downlink_ms,297.3968,19200000
prediction_position_error_mm,21.442798897624016,19200000
prediction_orientation_error_deg,0,19200000
owd_uplink_ms,295.3601,19300000
owd_downlink_ms,290.5171,19300000
prediction_position_error_mm,25.265811011195183,19300000
prediction_orientation_error_deg,0,19300000
owd_uplink_ms,292.8004,19400000
owd_downlink_ms,297.1388,19400000
prediction_position_error_mm,21.90750651061535,19400000
prediction_orientation_error_deg,0,19400000
owd_uplink_ms,293.5807,19500000
owd_downlink_ms,290.3177,19500000
prediction_position_error_mm,24.419277906417847,19500000
prediction_orientation_error_deg,0,19500000
owd_uplink_ms,294.806,19600000
owd_downlink_ms,291.6902,19600000
prediction_position_error_mm,24.36990663409233,19600000
prediction_orientation_error_deg,0,19600000
owd_uplink_ms,297.5794,19700000
owd_downlink_ms,297.3977,19700000
prediction_position_error_mm,23.330746218562126,19700000
prediction_orientation_error_deg,0,19700000
owd_uplink_ms,292.0225,19800000
owd_downlink_ms,294.6352,19800000
prediction_position_error_mm,22.642826661467552,19800000
prediction_orientation_error_deg,0,19800000
owd_uplink_ms,300.0963,19900000
owd_downlink_ms,295.6801,19900000
prediction_position_error_mm,24.772178381681442,19900000
prediction_orientation_error_deg,0,19900000
owd_uplink_ms,294.0493,20000000
owd_downlink_ms,297.047,20000000
prediction_position_error_mm,22.71054871380329,20000000
prediction_orientation_error_deg,0,20000000
owd_uplink_ms,298.1987,20100000
owd_downlink_ms,294.6843,20100000
prediction_position_error_mm,24.337051436305046,20100000
prediction_orientation_error_deg,0,20100000
owd_uplink_ms,294.3284,20200000
owd_downlink_ms,295.9705,20200000
prediction_position_error_mm,23.054787889122963,20200000
prediction_orientation_error_deg,0,20200000
owd_uplink_ms,292.7169,20300000
owd_downlink_ms,294.9857,20300000
prediction_position_error_mm,22.990098223090172,20300000
prediction_orientation_error_deg,0,20300000
owd_uplink_ms,299.1019,20400000
owd_downlink_ms,294.5515,20400000
prediction_position_error_mm,24.473538622260094,20400000
prediction_orientation_error_deg,0,20400000
owd_uplink_ms,292.1377,20500000
owd_downlink_ms,293.3961,20500000
prediction_position_error_mm,23.211784660816193,20500000
prediction_orientation_error_deg,0,20500000
owd_uplink_ms,292.5067,20600000
owd_downlink_ms,290.3011,20600000
prediction_position_error_mm,23.77658523619175,20600000
prediction_orientation_error_deg,0,20600000
owd_uplink_ms,297.5853,20700000
owd_downlink_ms,293.5357,20700000
prediction_position_error_mm,24.143686518073082,20700000
prediction_orientation_error_deg,0,20700000
owd_uplink_ms,290.8406,20800000
owd_downlink_ms,292.5421,20800000
prediction_position_error_mm,23.255856707692146,20800000
prediction_orientation_error_deg,0,20800000
owd_uplink_ms,296.3376,20900000
owd_downlink_ms,299.4534,20900000
prediction_position_error_mm,23.21823127567768,20900000
prediction_orientation_error_deg,0,20900000
owd_uplink_ms,295.5376,21000000
owd_downlink_ms,296.4528,21000000
prediction_position_error_mm,23.325778543949127,21000000
prediction_orientation_error_deg,0,21000000
owd_uplink_ms,295.3684,21100000
owd_downlink_ms,294.9667,21100000
prediction_position_error_mm,23.394975811243057,21100000
prediction_orientation_error_deg,0,21100000
owd_uplink_ms,298.1006,21200000
owd_downlink_ms,297.7837,21200000
prediction_position_error_mm,23.37261103093624,21200000
prediction_orientation_error_deg,0,21200000
owd_uplink_ms,292.106,21300000
owd_downlink_ms,296.0508,21300000
prediction_position_error_mm,23.433763533830643,21300000
prediction_orientation_error_deg,0,21300000
owd_uplink_ms,296.0973,21400000
owd_downlink_ms,293.5596,21400000
prediction_position_error_mm,23.397482931613922,21400000
prediction_orientation_error_deg,0,21400000
owd_uplink_ms,291.7213,21500000
owd_downlink_ms,297.6621,21500000
prediction_position_error_mm,23.752594366669655,21500000
prediction_orientation_error_deg,0,21500000
owd_uplink_ms,293.4523,21600000
owd_downlink_ms,292.4102,21600000
prediction_position_error_mm,23.26715923845768,21600000
prediction_orientation_error_deg,0,21600000
owd_uplink_ms,291.9935,21700000
owd_downlink_ms,295.654,21700000
prediction_position_error_mm,23.619394749403,21700000
prediction_orientation_error_deg,0,21700000
owd_uplink_ms,292.2168,21800000
owd_downlink_ms,293.9106,21800000
prediction_position_error_mm,23.4285369515419,21800000
prediction_orientation_error_deg,0,21800000
owd_uplink_ms,295.895,21900000
owd_downlink_ms,291.0768,21900000
prediction_position_error_mm,23.03399331867695,21900000
prediction_orientation_error_deg,0,21900000
owd_uplink_ms,293.9664,22000000
owd_downlink_ms,295.436,22000000
prediction_position_error_mm,23.396652191877365,22000000
prediction_orientation_error_deg,0,22000000
owd_uplink_ms,295.6966,22100000
owd_downlink_ms,291.2424,22100000
prediction_position_error_mm,22.809194400906563,22100000
prediction_orientation_error_deg,0,22100000
owd_uplink_ms,298.3624,22200000
owd_downlink_ms,295.9864,22200000
prediction_position_error_mm,22.839684039354324,22200000
prediction_orientation_error_deg,0,22200000
owd_uplink_ms,296.3908,22300000
owd_downlink_ms,291.0477,22300000
prediction_position_error_mm,22.523928433656693,22300000
prediction_orientation_error_deg,0,22300000
owd_uplink_ms,290.523,22400000
owd_downlink_ms,295.9692,22400000
prediction_position_error_mm,24.220440536737442,22400000
prediction_orientation_error_deg,0,22400000
owd_uplink_ms,294.845,22500000
owd_downlink_ms,297.247,22500000
prediction_position_error_mm,23.541321977972984,22500000
prediction_orientation_error_deg,0,22500000
owd_uplink_ms,294.5851,22600000
owd_downlink_ms,294.2357,22600000
prediction_position_error_mm,22.908972576260567,22600000
prediction_orientation_error_deg,0,22600000
owd_uplink_ms,296.0045,22700000
owd_downlink_ms,294.7045,22700000
prediction_position_error_mm,22.643469274044037,22700000
prediction_orientation_error_deg,0,22700000
owd_uplink_ms,298.7267,22800000
owd_downlink_ms,295.3401,22800000
prediction_position_error_mm,22.123726084828377,22800000
prediction_orientation_error_deg,0,22800000
owd_uplink_ms,296.0198,22900000
owd_downlink_ms,296.8642,22900000
prediction_position_error_mm,23.04076962172985,22900000
prediction_orientation_error_deg,0,22900000
owd_uplink_ms,291.082,23000000
owd_downlink_ms,295.2048,23000000
prediction_position_error_mm,24.07142147421837,23000000
prediction_orientation_error_deg,0,23000000
owd_uplink_ms,293.1757,23100000
owd_downlink_ms,291.7977,23100000
prediction_position_error_mm,22.332988679409027,23100000
prediction_orientation_error_deg,0,23100000
owd_uplink_ms,291.3134,23200000
owd_downlink_ms,291.9436,23200000
prediction_position_error_mm,22.888094186782837,23200000
prediction_orientation_error_deg,0,23200000
owd_uplink_ms,292.0064,23300000
owd_downlink_ms,290.9246,23300000
prediction_position_error_mm,22.260529920458794,23300000
prediction_orientation_error_deg,0,23300000
owd_uplink_ms,294.2064,23400000
owd_downlink_ms,293.8713,23400000
prediction_position_error_mm,22.434944286942482,23400000
prediction_orientation_error_deg,0,23400000
owd_uplink_ms,298.9348,23500000
owd_downlink_ms,293.9336,23500000
prediction_position_error_mm,20.81848867237568,23500000
prediction_orientation_error_deg,0,23500000
owd_uplink_ms,295.6844,23600000
owd_downlink_ms,295.5747,23600000
prediction_position_error_mm,22.317802533507347,23600000
prediction_orientation_error_deg,0,23600000
owd_uplink_ms,295.993,23700000
owd_downlink_ms,295.5016,23700000
prediction_position_error_mm,22.088538855314255,23700000
prediction_orientation_error_deg,0,23700000
owd_uplink_ms,291.3655,23800000
owd_downlink_ms,291.8166,23800000
prediction_position_error_mm,22.409506142139435,23800000
prediction_orientation_error_deg,0,23800000
owd_uplink_ms,294.4705,23900000
owd_downlink_ms,295.2036,23900000
prediction_position_error_mm,22.479265928268433,23900000
prediction_orientation_error_deg,0,23900000
owd_uplink_ms,298.9013,24000000
owd_downlink_ms,299.6755,24000000
prediction_position_error_mm,22.447554394602776,24000000
prediction_orientation_error_deg,0,24000000
owd_uplink_ms,298.1264,24100000
owd_downlink_ms,295.7564,24100000
prediction_position_error_mm,20.904984325170517,24100000
prediction_orientation_error_deg,0,24100000
owd_uplink_ms,297.9752,24200000
owd_downlink_ms,297.3472,24200000
prediction_position_error_mm,21.585697308182716,24200000
prediction_orientation_error_deg,0,24200000
owd_uplink_ms,294.3753,24300000
owd_downlink_ms,291.9707,24300000
prediction_position_error_mm,20.59859037399292,24300000
prediction_orientation_error_deg,0,24300000
owd_uplink_ms,297.9256,24400000
owd_downlink_ms,293.4651,24400000
prediction_position_error_mm,19.47149820625782,24400000
prediction_orientation_error_deg,0,24400000
owd_uplink_ms,295.6721,24500000
owd_downlink_ms,296.0113,24500000
prediction_position_error_mm,21.69850468635559,24500000
prediction_orientation_error_deg,0,24500000
owd_uplink_ms,292.8027,24600000
owd_downlink_ms,292.9186,24600000
prediction_position_error_mm,21.490128710865974,24600000
prediction_orientation_error_deg,0,24600000
owd_uplink_ms,289.927,24700000
owd_downlink_ms,296.7102,24700000
prediction_position_error_mm,25.437120348215103,24700000
prediction_orientation_error_deg,0,24700000
owd_uplink_ms,293.5889,24800000
owd_downlink_ms,291.3147,24800000
prediction_position_error_mm,20.023910328745842,24800000
prediction_orientation_error_deg,0,24800000
owd_uplink_ms,296.3035,24900000
owd_downlink_ms,295.3673,24900000
prediction_position_error_mm,20.648468285799026,24900000
prediction_orientation_error_deg,0,24900000
owd_uplink_ms,292.9311,25000000
owd_downlink_ms,295.0096,25000000
prediction_position_error_mm,22.454731166362762,25000000
prediction_orientation_error_deg,0,25000000
owd_uplink_ms,297.8276,25100000
owd_downlink_ms,293.1066,25100000
prediction_position_error_mm,18.157517537474632,25100000
prediction_orientation_error_deg,0,25100000
owd_uplink_ms,296.5184,25200000
owd_downlink_ms,292.0128,25200000
prediction_position_error_mm,18.018124625086784,25200000
prediction_orientation_error_deg,0,25200000
owd_uplink_ms,296.9088,25300000
owd_downlink_ms,296.1671,25300000
prediction_position_error_mm,20.137064158916473,25300000
prediction_orientation_error_deg,0,25300000
owd_uplink_ms,294.6511,25400000
owd_downlink_ms,294.5418,25400000
prediction_position_error_mm,20.437801256775856,25400000
prediction_orientation_error_deg,0,25400000
owd_uplink_ms,294.4073,25500000
owd_downlink_ms,294.497,25500000
prediction_position_error_mm,20.462805405259132,25500000
prediction_orientation_error_deg,0,25500000
owd_uplink_ms,292.5069,25600000
owd_downlink_ms,292.686,25600000
prediction_position_error_mm,20.41630819439888,25600000
prediction_orientation_error_deg,0,25600000
owd_uplink_ms,293.9337,25700000
owd_downlink_ms,295.9533,25700000
prediction_position_error_mm,21.706784144043922,25700000
prediction_orientation_error_deg,0,25700000
owd_uplink_ms,296.3866,25800000
owd_downlink_ms,299.1771,25800000
prediction_position_error_mm,22.27512001991272,25800000
prediction_orientation_error_deg,0,25800000
owd_uplink_ms,295.4873,25900000
owd_downlink_ms,300.1123,25900000
prediction_position_error_mm,23.740919306874275,25900000
prediction_orientation_error_deg,0,25900000
owd_uplink_ms,293.2761,26000000
owd_downlink_ms,291.2772,26000000
prediction_position_error_mm,18.470237031579018,26000000
prediction_orientation_error_deg,0,26000000
owd_uplink_ms,297.0705,26100000
owd_downlink_ms,296.8625,26100000
prediction_position_error_mm,19.710160791873932,26100000
prediction_orientation_error_deg,0,26100000
owd_uplink_ms,291.1577,26200000
owd_downlink_ms,298.2418,26200000
prediction_position_error_mm,25.707917287945747,26200000
prediction_orientation_error_deg,0,26200000
owd_uplink_ms,298.8653,26300000
owd_downlink_ms,299.6529,26300000
prediction_position_error_mm,20.499559119343758,26300000
prediction_orientation_error_deg,0,26300000
owd_uplink_ms,296.5329,26400000
owd_downlink_ms,294.3052,26400000
prediction_position_error_mm,17.81192049384117,26400000
prediction_orientation_error_deg,0,26400000
owd_uplink_ms,294.9583,26500000
owd_downlink_ms,298.5058,26500000
prediction_position_error_mm,22.704115137457848,26500000
prediction_orientation_error_deg,0,26500000
owd_uplink_ms,293.0529,26600000
owd_downlink_ms,296.7546,26600000
prediction_position_error_mm,22.87801168859005,26600000
prediction_orientation_error_deg,0,26600000
owd_uplink_ms,299.5071,26700000
owd_downlink_ms,297.1628,26700000
prediction_position_error_mm,17.36634597182274,26700000
prediction_orientation_error_deg,0,26700000
owd_uplink_ms,298.6678,26800000
owd_downlink_ms,295.9914,26800000
prediction_position_error_mm,16.841847449541092,26800000
prediction_orientation_error_deg,0,26800000
owd_uplink_ms,297.4261,26900000
owd_downlink_ms,296.5596,26900000
prediction_position_error_mm,18.2640478014946,26900000
prediction_orientation_error_deg,0,26900000
owd_uplink_ms,292.3021,27000000
owd_downlink_ms,294.7089,27000000
prediction_position_error_mm,21.255744621157646,27000000
prediction_orientation_error_deg,0,27000000
owd_uplink_ms,298.0056,27100000
owd_downlink_ms,296.8143,27100000
prediction_position_error_mm,17.701609060168266,27100000
prediction_orientation_error_deg,0,27100000
owd_uplink_ms,295.7567,27200000
owd_downlink_ms,293.2403,27200000
prediction_position_error_mm,16.236359253525734,27200000
prediction_orientation_error_deg,0,27200000
owd_uplink_ms,297.4841,27300000
owd_downlink_ms,292.8835,27300000
prediction_position_error_mm,14.109047129750252,27300000
prediction_orientation_error_deg,0,27300000
owd_uplink_ms,297.2572,27400000
owd_downlink_ms,292.7531,27400000
prediction_position_error_mm,13.872927986085415,27400000
prediction_orientation_error_deg,0,27400000
owd_uplink_ms,296.712,27500000
owd_downlink_ms,296.036,27500000
prediction_position_error_mm,17.18870736658573,27500000
prediction_orientation_error_deg,0,27500000
owd_uplink_ms,297.144,27600000
owd_downlink_ms,299.8717,27600000
prediction_position_error_mm,20.576462149620056,27600000
prediction_orientation_error_deg,0,27600000
owd_uplink_ms,296.7176,27700000
owd_downlink_ms,297.0164,27700000
prediction_position_error_mm,17.966974526643753,27700000
prediction_orientation_error_deg,0,27700000
owd_uplink_ms,296.349,27800000
owd_downlink_ms,293.5757,27800000
prediction_position_error_mm,14.625395648181438,27800000
prediction_orientation_error_deg,0,27800000
owd_uplink_ms,293.2923,27900000
owd_downlink_ms,294.9299,27900000
prediction_position_error_mm,19.04810033738613,27900000
prediction_orientation_error_deg,0,27900000
owd_uplink_ms,297.4624,28000000
owd_downlink_ms,294.5187,28000000
prediction_position_error_mm,14.043010771274567,28000000
prediction_orientation_error_deg,0,28000000
owd_uplink_ms,294.8022,28100000
owd_downlink_ms,297.3529,28100000
prediction_position_error_mm,19.756393507122993,28100000
prediction_orientation_error_deg,0,28100000
owd_uplink_ms,296.1794,28200000
owd_downlink_ms,298.7591,28200000
prediction_position_error_mm,19.759556278586388,28200000
prediction_orientation_error_deg,0,28200000
owd_uplink_ms,296.9137,28300000
owd_downlink_ms,293.2607,28300000
prediction_position_error_mm,12.826573103666306,28300000
prediction_orientation_error_deg,0,28300000
owd_uplink_ms,297.622,28400000
owd_downlink_ms,297.7849,28400000
prediction_position_error_mm,16.659274697303772,28400000
prediction_orientation_error_deg,0,28400000
owd_uplink_ms,295.4195,28500000
owd_downlink_ms,298.738,28500000
prediction_position_error_mm,20.208749920129776,28500000
prediction_orientation_error_deg,0,28500000
owd_uplink_ms,290.926,28600000
owd_downlink_ms,294.9494,28600000
prediction_position_error_mm,21.05102688074112,28600000
prediction_orientation_error_deg,0,28600000
owd_uplink_ms,291.4435,28700000
owd_downlink_ms,298.9973,28700000
prediction_position_error_mm,25.217091664671898,28700000
prediction_orientation_error_deg,0,28700000
owd_uplink_ms,298.154,28800000
owd_downlink_ms,292.5485,28800000
prediction_position_error_mm,10.422269813716412,28800000
prediction_orientation_error_deg,0,28800000
owd_uplink_ms,296.546,28900000
owd_downlink_ms,293.0378,28900000
prediction_position_error_mm,11.966831050813198,28900000
prediction_orientation_error_deg,0,28900000
owd_uplink_ms,297.2829,29000000
owd_downlink_ms,297.3135,29000000
prediction_position_error_mm,15.744505450129509,29000000
prediction_orientation_error_deg,0,29000000
owd_uplink_ms,298.1775,29100000
owd_downlink_ms,295.0109,29100000
prediction_position_error_mm,11.81772444397211,29100000
prediction_orientation_error_deg,0,29100000
owd_uplink_ms,297.2303,29200000
owd_downlink_ms,294.6605,29200000
prediction_position_error_mm,12.167084030807018,29200000
prediction_orientation_error_deg,0,29200000
owd_uplink_ms,297.8221,29300000
owd_downlink_ms,293.8493,29300000
prediction_position_error_mm,10.440710000693798,29300000
prediction_orientation_error_deg,0,29300000
owd_uplink_ms,290.5576,29400000
owd_downlink_ms,298.3582,29400000
prediction_position_error_mm,24.48638342320919,29400000
prediction_orientation_error_deg,0,29400000
owd_uplink_ms,289.9179,29500000
owd_downlink_ms,290.821,29500000
prediction_position_error_mm,15.933092683553696,29500000
prediction_orientation_error_deg,0,29500000
owd_uplink_ms,293.0898,29600000
owd_downlink_ms,298.4797,29600000
prediction_position_error_mm,21.65178954601288,29600000
prediction_orientation_error_deg,0,29600000
owd_uplink_ms,292.2018,29700000
owd_downlink_ms,292.6657,29700000
prediction_position_error_mm,15.28971828520298,29700000
prediction_orientation_error_deg,0,29700000
owd_uplink_ms,299.0223,29800000
owd_downlink_ms,297.6988,29800000
prediction_position_error_mm,12.806401588022709,29800000
prediction_orientation_error_deg,0,29800000
owd_uplink_ms,291.4351,29900000
owd_downlink_ms,291.6055,29900000
prediction_position_error_mm,14.515147544443607,29900000
prediction_orientation_error_deg,0,29900000
owd_uplink_ms,294.8383,30000000
owd_downlink_ms,298.8247,30000000
prediction_position_error_mm,19.510596990585327,30000000
prediction_orientation_error_deg,0,30000000
owd_uplink_ms,298.4813,30100000
owd_downlink_ms,298.7381,30100000
prediction_position_error_mm,14.457727782428265,30100000
prediction_orientation_error_deg,0,30100000
owd_uplink_ms,292.2598,30200000
owd_downlink_ms,290.4585,30200000
prediction_position_error_mm,11.559167876839638,30200000
prediction_orientation_error_deg,0,30200000
owd_uplink_ms,296.657,30300000
owd_downlink_ms,295.3409,30300000
prediction_position_error_mm,11.917837895452976,30300000
prediction_orientation_error_deg,0,30300000
owd_uplink_ms,295.193,30400000
owd_downlink_ms,293.2098,30400000
prediction_position_error_mm,10.820513591170311,30400000
prediction_orientation_error_deg,0,30400000
owd_uplink_ms,293.3985,30500000
owd_downlink_ms,293.0809,30500000
prediction_position_error_mm,12.729739770293236,30500000
prediction_orientation_error_deg,0,30500000
owd_uplink_ms,296.9347,30600000
owd_downlink_ms,294.3195,30600000
prediction_position_error_mm,9.591295383870602,30600000
prediction_orientation_error_deg,0,30600000
owd_uplink_ms,296.0048,30700000
owd_downlink_ms,299.3626,30700000
prediction_position_error_mm,17.426317557692528,30700000
prediction_orientation_error_deg,0,30700000
owd_uplink_ms,296.0703,30800000
owd_downlink_ms,294.5211,30800000
prediction_position_error_mm,10.530643165111542,30800000
prediction_orientation_error_deg,0,30800000
owd_uplink_ms,291.9229,30900000
owd_downlink_ms,290.6893,30900000
prediction_position_error_mm,10.683365166187286,30900000
prediction_orientation_error_deg,0,30900000
owd_uplink_ms,297.76,31000000
owd_downlink_ms,292.3003,31000000
prediction_position_error_mm,7.105960976332426,31000000
prediction_orientation_error_deg,0,31000000
owd_uplink_ms,293.5437,31100000
owd_downlink_ms,293.4347,31100000
prediction_position_error_mm,11.531270109117031,31100000
prediction_orientation_error_deg,0,31100000
owd_uplink_ms,293.0319,31200000
owd_downlink_ms,294.8924,31200000
prediction_position_error_mm,14.169977977871895,31200000
prediction_orientation_error_deg,0,31200000
owd_uplink_ms,291.2481,31300000
owd_downlink_ms,299.1634,31300000
prediction_position_error_mm,22.86575362086296,31300000
prediction_orientation_error_deg,0,31300000
owd_uplink_ms,296.3869,31400000
owd_downlink_ms,292.0337,31400000
prediction_position_error_mm,6.868376862257719,31400000
prediction_orientation_error_deg,0,31400000
owd_uplink_ms,291.5476,31500000
owd_downlink_ms,293.7226,31500000
prediction_position_error_mm,14.359602704644203,31500000
prediction_orientation_error_deg,0,31500000
owd_uplink_ms,293.7683,31600000
owd_downlink_ms,294.5029,31600000
prediction_position_error_mm,12.134280055761337,31600000
prediction_orientation_error_deg,0,31600000
owd_uplink_ms,295.2262,31700000
owd_downlink_ms,292.914,31700000
prediction_position_error_mm,7.895490154623985,31700000
prediction_orientation_error_deg,0,31700000
owd_uplink_ms,294.204,31800000
owd_downlink_ms,293.5191,31800000
prediction_position_error_mm,9.638787247240543,31800000
prediction_orientation_error_deg,0,31800000
owd_uplink_ms,292.6723,31900000
owd_downlink_ms,295.2259,31900000
prediction_position_error_mm,14.201884157955647,31900000
prediction_orientation_error_deg,0,31900000
owd_uplink_ms,295.2323,32000000
owd_downlink_ms,292.4745,32000000
prediction_position_error_mm,6.942077539861202,32000000
prediction_orientation_error_deg,0,32000000
owd_uplink_ms,294.779,32100000
owd_downlink_ms,297.1678,32100000
prediction_position_error_mm,13.570848852396011,32100000
prediction_orientation_error_deg,0,32100000
owd_uplink_ms,293.4772,32200000
owd_downlink_ms,299.2365,32200000
prediction_position_error_mm,18.696824088692665,32200000
prediction_orientation_error_deg,0,32200000
owd_uplink_ms,291.5594,32300000
owd_downlink_ms,296.853,32300000
prediction_position_error_mm,18.123773857951164,32300000
prediction_orientation_error_deg,0,32300000
owd_uplink_ms,291.3526,32400000
owd_downlink_ms,292.9101,32400000
prediction_position_error_mm,12.403684668242931,32400000
prediction_orientation_error_deg,0,32400000
owd_uplink_ms,292.8113,32500000
owd_downlink_ms,297.6043,32500000
prediction_position_error_mm,17.37816073000431,32500000
prediction_orientation_error_deg,0,32500000
owd_uplink_ms,299.2395,32600000
owd_downlink_ms,292.8437,32600000
prediction_position_error_mm,7.656147237867117,32600000
prediction_orientation_error_deg,0,32600000
owd_uplink_ms,292.5945,32700000
owd_downlink_ms,290.2836,32700000
prediction_position_error_mm,6.513725500553846,32700000
prediction_orientation_error_deg,0,32700000
owd_uplink_ms,295.828,32800000
owd_downlink_ms,296.4526,32800000
prediction_position_error_mm,10.060601867735386,32800000
prediction_orientation_error_deg,0,32800000
owd_uplink_ms,293.0838,32900000
owd_downlink_ms,296.1915,32900000
prediction_position_error_mm,13.815298676490784,32900000
prediction_orientation_error_deg,0,32900000
owd_uplink_ms,294.8912,33000000
owd_downlink_ms,292.396,33000000
prediction_position_error_mm,5.9569161385297775,33000000
prediction_orientation_error_deg,0,33000000
owd_uplink_ms,297.6619,33100000
owd_downlink_ms,296.3301,33100000
prediction_position_error_mm,6.825666408985853,33100000
prediction_orientation_error_deg,0,33100000
owd_uplink_ms,295.4529,33200000
owd_downlink_ms,290.9108,33200000
prediction_position_error_mm,6.1959573067724705,33200000
prediction_orientation_error_deg,0,33200000
owd_uplink_ms,296.0497,33300000
owd_downlink_ms,298.284,33300000
prediction_position_error_mm,11.359428986907005,33300000
prediction_orientation_error_deg,0,33300000
owd_uplink_ms,293.2441,33400000
owd_downlink_ms,298.17,33400000
prediction_position_error_mm,15.63381589949131,33400000
prediction_orientation_error_deg,0,33400000
owd_uplink_ms,292.8296,33500000
owd_downlink_ms,290.7248,33500000
prediction_position_error_mm,5.538844969123602,33500000
prediction_orientation_error_deg,0,33500000
owd_uplink_ms,295.7499,33600000
owd_downlink_ms,296.5385,33600000
prediction_position_error_mm,8.750750683248043,33600000
prediction_orientation_error_deg,0,33600000
owd_uplink_ms,299.5819,33700000
owd_downlink_ms,298.7756,33700000
prediction_position_error_mm,6.389656104147434,33700000
prediction_orientation_error_deg,0,33700000
owd_uplink_ms,300.4643,33800000
owd_downlink_ms,298.6417,33800000
prediction_position_error_mm,5.30643155798316,33800000
prediction_orientation_error_deg,0,33800000
owd_uplink_ms,293.5602,33900000
owd_downlink_ms,296.3859,33900000
prediction_position_error_mm,11.297904886305332,33900000
prediction_orientation_error_deg,0,33900000
owd_uplink_ms,292.1636,34000000
owd_downlink_ms,290.7093,34000000
prediction_position_error_mm,5.314587149769068,34000000
prediction_orientation_error_deg,0,34000000
owd_uplink_ms,294.2649,34100000
owd_downlink_ms,294.9597,34100000
prediction_position_error_mm,7.603168487548828,34100000
prediction_orientation_error_deg,0,34100000
owd_uplink_ms,293.2825,34200000
owd_downlink_ms,296.1722,34200000
prediction_position_error_mm,10.913727805018425,34200000
prediction_orientation_error_deg,0,34200000
owd_uplink_ms,295.4817,34300000
owd_downlink_ms,293.7056,34300000
prediction_position_error_mm,4.8665800131857395,34300000
prediction_orientation_error_deg,0,34300000
owd_uplink_ms,293.991,34400000
owd_downlink_ms,295.0638,34400000
prediction_position_error_mm,7.667680736631155,34400000
prediction_orientation_error_deg,0,34400000
owd_uplink_ms,298.4457,34500000
owd_downlink_ms,294.4599,34500000
prediction_position_error_mm,6.561691407114267,34500000
prediction_orientation_error_deg,0,34500000
owd_uplink_ms,295.6865,34600000
owd_downlink_ms,296.4882,34600000
prediction_position_error_mm,6.7440965212881565,34600000
prediction_orientation_error_deg,0,34600000
owd_uplink_ms,298.3181,34700000
owd_downlink_ms,293.1876,34700000
prediction_position_error_mm,9.07802302390337,34700000
prediction_orientation_error_deg,0,34700000
owd_uplink_ms,291.9624,34800000
owd_downlink_ms,298.8307,34800000
prediction_position_error_mm,15.920566394925117,34800000
prediction_orientation_error_deg,0,34800000
owd_uplink_ms,293.0051,34900000
owd_downlink_ms,296.9255,34900000
prediction_position_error_mm,11.232138611376286,34900000
prediction_orientation_error_deg,0,34900000
owd_uplink_ms,301.0312,35000000
owd_downlink_ms,298.2043,35000000
prediction_position_error_mm,5.393540486693382,35000000
prediction_orientation_error_deg,0,35000000
owd_uplink_ms,296.2153,35100000
owd_downlink_ms,290.4153,35100000
prediction_position_error_mm,11.046123690903187,35100000
prediction_orientation_error_deg,0,35100000
owd_uplink_ms,298.2553,35200000
owd_downlink_ms,295.0673,35200000
prediction_position_error_mm,6.530022248625755,35200000
prediction_orientation_error_deg,0,35200000
owd_uplink_ms,298.0922,35300000
owd_downlink_ms,296.9413,35300000
prediction_position_error_mm,4.421894438564777,35300000
prediction_orientation_error_deg,0,35300000
owd_uplink_ms,291.4881,35400000
owd_downlink_ms,298.9935,35400000
prediction_position_error_mm,15.617297030985355,35400000
prediction_orientation_error_deg,0,35400000
owd_uplink_ms,297.9736,35500000
owd_downlink_ms,290.2621,35500000
prediction_position_error_mm,16.436822712421417,35500000
prediction_orientation_error_deg,0,35500000
owd_uplink_ms,294.3766,35600000
owd_downlink_ms,294.788,35600000
prediction_position_error_mm,4.437709227204323,35600000
prediction_orientation_error_deg,0,35600000
owd_uplink_ms,293.841,35700000
owd_downlink_ms,293.8275,35700000
prediction_position_error_mm,4.157689865678549,35700000
prediction_orientation_error_deg,0,35700000
owd_uplink_ms,295.2681,35800000
owd_downlink_ms,291.1499,35800000
prediction_position_error_mm,9.527482092380524,35800000
prediction_orientation_error_deg,0,35800000
owd_uplink_ms,294.8285,35900000
owd_downlink_ms,295.0109,35900000
prediction_position_error_mm,4.047836642712355,35900000
prediction_orientation_error_deg,0,35900000
owd_uplink_ms,292.3707,36000000
owd_downlink_ms,293.1295,36000000
prediction_position_error_mm,4.1444324888288975,36000000
prediction_orientation_error_deg,0,36000000
owd_uplink_ms,291.7854,36100000
owd_downlink_ms,296.1512,36100000
prediction_position_error_mm,8.772549219429493,36100000
prediction_orientation_error_deg,0,36100000
owd_uplink_ms,292.9153,36200000
owd_downlink_ms,290.7841,36200000
prediction_position_error_mm,6.394514814019203,36200000
prediction_orientation_error_deg,0,36200000
owd_uplink_ms,291.8459,36300000
owd_downlink_ms,298.3138,36300000
prediction_position_error_mm,11.949787847697735,36300000
prediction_orientation_error_deg,0,36300000
owd_uplink_ms,293.4684,36400000
owd_downlink_ms,291.5272,36400000
prediction_position_error_mm,6.150342989712954,36400000
prediction_orientation_error_deg,0,36400000
owd_uplink_ms,298.0466,36500000
owd_downlink_ms,290.7546,36500000
prediction_position_error_mm,17.910972237586975,36500000
prediction_orientation_error_deg,0,36500000
owd_uplink_ms,297.0528,36600000
owd_downlink_ms,295.3304,36600000
prediction_position_error_mm,6.587549112737179,36600000
prediction_orientation_error_deg,0,36600000
owd_uplink_ms,290.6567,36700000
owd_downlink_ms,295.2429,36700000
prediction_position_error_mm,7.724925875663757,36700000
prediction_orientation_error_deg,0,36700000
owd_uplink_ms,292.0533,36800000
owd_downlink_ms,296.0085,36800000
prediction_position_error_mm,6.756339687854052,36800000
prediction_orientation_error_deg,0,36800000
owd_uplink_ms,293.4189,36900000
owd_downlink_ms,296.7548,36900000
prediction_position_error_mm,5.813428200781345,36900000
prediction_orientation_error_deg,0,36900000
owd_uplink_ms,294.9135,37000000
owd_downlink_ms,298.3691,37000000
prediction_position_error_mm,5.958059336990118,37000000
prediction_orientation_error_deg,0,37000000
owd_uplink_ms,297.3441,37100000
owd_downlink_ms,294.9607,37100000
prediction_position_error_mm,7.898138836026192,37100000
prediction_orientation_error_deg,0,37100000
owd_uplink_ms,292.8303,37200000
owd_downlink_ms,295.8565,37200000
prediction_position_error_mm,5.006725899875164,37200000
prediction_orientation_error_deg,0,37200000
owd_uplink_ms,295.9924,37300000
owd_downlink_ms,297.5976,37300000
prediction_position_error_mm,3.5819101613014936,37300000
prediction_orientation_error_deg,0,37300000
owd_uplink_ms,299.2686,37400000
owd_downlink_ms,297.6104,37400000
prediction_position_error_mm,6.933633703738451,37400000
prediction_orientation_error_deg,0,37400000
owd_uplink_ms,296.0622,37500000
owd_downlink_ms,291.5175,37500000
prediction_position_error_mm,13.170665130019188,37500000
prediction_orientation_error_deg,0,37500000
owd_uplink_ms,296.5765,37600000
owd_downlink_ms,293.487,37600000
prediction_position_error_mm,10.537700727581978,37600000
prediction_orientation_error_deg,0,37600000
owd_uplink_ms,293.5558,37700000
owd_downlink_ms,294.9214,37700000
prediction_position_error_mm,3.5354166757315397,37700000
prediction_orientation_error_deg,0,37700000
owd_uplink_ms,299.6163,37800000
owd_downlink_ms,295.8425,37800000
prediction_position_error_mm,12.51104287803173,37800000
prediction_orientation_error_deg,0,37800000
owd_uplink_ms,290.8909,37900000
owd_downlink_ms,296.3422,37900000
prediction_position_error_mm,6.820234935730696,37900000
prediction_orientation_error_deg,0,37900000
owd_uplink_ms,296.0375,38000000
owd_downlink_ms,296.4567,38000000
prediction_position_error_mm,4.762113094329834,38000000
prediction_orientation_error_deg,0,38000000
owd_uplink_ms,295.8425,38100000
owd_downlink_ms,291.8278,38100000
prediction_position_error_mm,13.502798974514008,38100000
prediction_orientation_error_deg,0,38100000
owd_uplink_ms,298.397,38200000
owd_downlink_ms,296.424,38200000
prediction_position_error_mm,9.663074277341366,38200000
prediction_orientation_error_deg,0,38200000
owd_uplink_ms,298.1805,38300000
owd_downlink_ms,293.0176,38300000
prediction_position_error_mm,16.879701986908913,38300000
prediction_orientation_error_deg,0,38300000
owd_uplink_ms,290.9349,38400000
owd_downlink_ms,294.2848,38400000
prediction_position_error_mm,3.2015719916671515,38400000
prediction_orientation_error_deg,0,38400000
owd_uplink_ms,296.1889,38500000
owd_downlink_ms,295.3478,38500000
prediction_position_error_mm,8.25172383338213,38500000
prediction_orientation_error_deg,0,38500000
owd_uplink_ms,298.5192,38600000
owd_downlink_ms,299.6568,38600000
prediction_position_error_mm,4.985217936336994,38600000
prediction_orientation_error_deg,0,38600000
owd_uplink_ms,291.6305,38700000
owd_downlink_ms,295.4403,38700000
prediction_position_error_mm,3.2185011077672243,38700000
prediction_orientation_error_deg,0,38700000
owd_uplink_ms,295.6969,38800000
owd_downlink_ms,299.3537,38800000
prediction_position_error_mm,3.113104496151209,38800000
prediction_orientation_error_deg,0,38800000
owd_uplink_ms,295.4251,38900000
owd_downlink_ms,295.9748,38900000
prediction_position_error_mm,6.005007307976484,38900000
prediction_orientation_error_deg,0,38900000
owd_uplink_ms,295.2518,39000000
owd_downlink_ms,296.7543,39000000
prediction_position_error_mm,4.612065386027098,39000000
prediction_orientation_error_deg,0,39000000
owd_uplink_ms,296.9326,39100000
owd_downlink_ms,292.4056,39100000
prediction_position_error_mm,16.479868441820145,39100000
prediction_orientation_error_deg,0,39100000
owd_uplink_ms,292.2839,39200000
owd_downlink_ms,296.9863,39200000
prediction_position_error_mm,3.4110783599317074,39200000
prediction_orientation_error_deg,0,39200000
owd_uplink_ms,295.2734,39300000
owd_downlink_ms,291.4142,39300000
prediction_position_error_mm,15.39740152657032,39300000
prediction_orientation_error_deg,0,39300000
owd_uplink_ms,291.854,39400000
owd_downlink_ms,296.9456,39400000
prediction_position_error_mm,3.5123976413160563,39400000
prediction_orientation_error_deg,0,39400000
owd_uplink_ms,297.9376,39500000
owd_downlink_ms,295.7501,39500000
prediction_position_error_mm,12.196337804198265,39500000
prediction_orientation_error_deg,0,39500000
owd_uplink_ms,296.4135,39600000
owd_downlink_ms,292.976,39600000
prediction_position_error_mm,15.134541317820549,39600000
prediction_orientation_error_deg,0,39600000
owd_uplink_ms,292.2977,39700000
owd_downlink_ms,297.1052,39700000
prediction_position_error_mm,2.9012870509177446,39700000
prediction_orientation_error_deg,0,39700000
owd_uplink_ms,298.3244,39800000
owd_downlink_ms,291.5598,39800000
prediction_position_error_mm,22.82416634261608,39800000
prediction_orientation_error_deg,0,39800000
owd_uplink_ms,290.598,39900000
owd_downlink_ms,292.6622,39900000
prediction_position_error_mm,5.52160432562232,39900000
prediction_orientation_error_deg,0,39900000
owd_uplink_ms,295.1774,40000000
owd_downlink_ms,298.7223,40000000
prediction_position_error_mm,3.489416092634201,40000000
prediction_orientation_error_deg,0,40000000
owd_uplink_ms,295.1075,40100000
owd_downlink_ms,293.8895,40100000
prediction_position_error_mm,11.56360562890768,40100000
prediction_orientation_error_deg,0,40100000
owd_uplink_ms,292.6055,40200000
owd_downlink_ms,297.2292,40200000
prediction_position_error_mm,2.750648185610771,40200000
prediction_orientation_error_deg,0,40200000
owd_uplink_ms,299.1133,40300000
owd_downlink_ms,295.3654,40300000
prediction_position_error_mm,16.875049099326134,40300000
prediction_orientation_error_deg,0,40300000
owd_uplink_ms,291.8606,40400000
owd_downlink_ms,291.5515,40400000
prediction_position_error_mm,10.429888032376766,40400000
prediction_orientation_error_deg,0,40400000
owd_uplink_ms,299.4875,40500000
owd_downlink_ms,299.2432,40500000
prediction_position_error_mm,10.525242425501347,40500000
prediction_orientation_error_deg,0,40500000
owd_uplink_ms,293.1351,40600000
owd_downlink_ms,294.5744,40600000
prediction_position_error_mm,7.681766990572214,40600000
prediction_orientation_error_deg,0,40600000
owd_uplink_ms,292.1764,40700000
owd_downlink_ms,297.6792,40700000
prediction_position_error_mm,2.596368547528982,40700000
prediction_orientation_error_deg,0,40700000
owd_uplink_ms,297.1815,40800000
owd_downlink_ms,296.5183,40800000
prediction_position_error_mm,11.5017369389534,40800000
prediction_orientation_error_deg,0,40800000
owd_uplink_ms,291.8887,40900000
owd_downlink_ms,293.168,40900000
prediction_position_error_mm,8.205286227166653,40900000
prediction_orientation_error_deg,0,40900000
owd_uplink_ms,291.8794,41000000
owd_downlink_ms,289.5618,41000000
prediction_position_error_mm,15.04033338278532,41000000
prediction_orientation_error_deg,0,41000000
owd_uplink_ms,299.7782,41100000
owd_downlink_ms,297.0899,41100000
prediction_position_error_mm,16.104670241475105,41100000
prediction_orientation_error_deg,0,41100000
owd_uplink_ms,292.6776,41200000
owd_downlink_ms,294.1004,41200000
prediction_position_error_mm,8.77799279987812,41200000
prediction_orientation_error_deg,0,41200000
owd_uplink_ms,293.7821,41300000
owd_downlink_ms,293.3438,41300000
prediction_position_error_mm,12.236559763550758,41300000
prediction_orientation_error_deg,0,41300000
owd_uplink_ms,294.6239,41400000
owd_downlink_ms,293.3607,41400000
prediction_position_error_mm,13.996188528835773,41400000
prediction_orientation_error_deg,0,41400000
owd_uplink_ms,295.8402,41500000
owd_downlink_ms,294.6814,41500000
prediction_position_error_mm,14.063878916203976,41500000
prediction_orientation_error_deg,0,41500000
owd_uplink_ms,298.4529,41600000
owd_downlink_ms,291.4013,41600000
prediction_position_error_mm,26.324059814214706,41600000
prediction_orientation_error_deg,0,41600000
owd_uplink_ms,294.8357,41700000
owd_downlink_ms,290.6908,41700000
prediction_position_error_mm,20.754117518663406,41700000
prediction_orientation_error_deg,0,41700000
owd_uplink_ms,294.7114,41800000
owd_downlink_ms,294.2185,41800000
prediction_position_error_mm,14.120081439614296,41800000
prediction_orientation_error_deg,0,41800000
owd_uplink_ms,291.1516,41900000
owd_downlink_ms,291.2818,41900000
prediction_position_error_mm,13.207897543907166,41900000
prediction_orientation_error_deg,0,41900000
owd_uplink_ms,295.6711,42000000
owd_downlink_ms,293.6304,42000000
prediction_position_error_mm,17.385829240083694,42000000
prediction_orientation_error_deg,0,42000000
owd_uplink_ms,291.2697,42100000
owd_downlink_ms,293.0265,42100000
prediction_position_error_mm,10.873774066567421,42100000
prediction_orientation_error_deg,0,42100000
owd_uplink_ms,294.096,42200000
owd_downlink_ms,296.6229,42200000
prediction_position_error_mm,9.69759188592434,42200000
prediction_orientation_error_deg,0,42200000
owd_uplink_ms,295.8849,42300000
owd_downlink_ms,298.5417,42300000
prediction_position_error_mm,9.555209428071976,42300000
prediction_orientation_error_deg,0,42300000
owd_uplink_ms,293.7773,42400000
owd_downlink_ms,290.6819,42400000
prediction_position_error_mm,19.756397232413292,42400000
prediction_orientation_error_deg,0,42400000
owd_uplink_ms,298.4727,42500000
owd_downlink_ms,296.935,42500000
prediction_position_error_mm,17.1936247497797,42500000
prediction_orientation_error_deg,0,42500000
owd_uplink_ms,295.7383,42600000
owd_downlink_ms,299.3976,42600000
prediction_position_error_mm,8.696568198502064,42600000
prediction_orientation_error_deg,0,42600000
owd_uplink_ms,291.9908,42700000
owd_downlink_ms,293.0566,42700000
prediction_position_error_mm,12.888861820101738,42700000
prediction_orientation_error_deg,0,42700000
owd_uplink_ms,296.4912,42800000
owd_downlink_ms,294.2423,42800000
prediction_position_error_mm,18.797947093844414,42800000
prediction_orientation_error_deg,0,42800000
owd_uplink_ms,294.4048,42900000
owd_downlink_ms,295.5743,42900000
prediction_position_error_mm,13.163438998162746,42900000
prediction_orientation_error_deg,0,42900000
owd_uplink_ms,296.0407,43000000
owd_downlink_ms,297.8663,43000000
prediction_position_error_mm,12.225264683365822,43000000
prediction_orientation_error_deg,0,43000000
owd_uplink_ms,291.5153,43100000
owd_downlink_ms,297.893,43100000
prediction_position_error_mm,5.584031343460083,43100000
prediction_orientation_error_deg,0,43100000
owd_uplink_ms,293.0532,43200000
owd_downlink_ms,292.4484,43200000
prediction_position_error_mm,16.172973439097404,43200000
prediction_orientation_error_deg,0,43200000
owd_uplink_ms,299.7203,43300000
owd_downlink_ms,294.6218,43300000
prediction_position_error_mm,24.431342259049416,43300000
prediction_orientation_error_deg,0,43300000
owd_uplink_ms,296.824,43400000
owd_downlink_ms,293.4075,43400000
prediction_position_error_mm,21.720994263887405,43400000
prediction_orientation_error_deg,0,43400000
owd_uplink_ms,294.3418,43500000
owd_downlink_ms,293.1221,43500000
prediction_position_error_mm,18.20511743426323,43500000
prediction_orientation_error_deg,0,43500000
owd_uplink_ms,298.5614,43600000
owd_downlink_ms,295.8998,43600000
prediction_position_error_mm,20.90649865567684,43600000
prediction_orientation_error_deg,0,43600000
owd_uplink_ms,295.0332,43700000
owd_downlink_ms,294.024,43700000
prediction_position_error_mm,18.370850011706352,43700000
prediction_orientation_error_deg,0,43700000
owd_uplink_ms,295.5025,43800000
owd_downlink_ms,292.1603,43800000
prediction_position_error_mm,22.565264254808426,43800000
prediction_orientation_error_deg,0,43800000
owd_uplink_ms,298.4708,43900000
owd_downlink_ms,297.0819,43900000
prediction_position_error_mm,19.533764570951462,43900000
prediction_orientation_error_deg,0,43900000
owd_uplink_ms,296.1696,44000000
owd_downlink_ms,295.0932,44000000
prediction_position_error_mm,19.23908479511738,44000000
prediction_orientation_error_deg,0,44000000
owd_uplink_ms,295.4767,44100000
owd_downlink_ms,295.1567,44100000
prediction_position_error_mm,18.222853541374207,44100000
prediction_orientation_error_deg,0,44100000
owd_uplink_ms,293.9511,44200000
owd_downlink_ms,295.4259,44200000
prediction_position_error_mm,15.624301508069038,44200000
prediction_orientation_error_deg,0,44200000
owd_uplink_ms,290.963,44300000
owd_downlink_ms,291.823,44300000
prediction_position_error_mm,16.65389910340309,44300000
prediction_orientation_error_deg,0,44300000
owd_uplink_ms,294.2154,44400000
owd_downlink_ms,294.7689,44400000
prediction_position_error_mm,17.239753156900406,44400000
prediction_orientation_error_deg,0,44400000
owd_uplink_ms,293.2266,44500000
owd_downlink_ms,294.3036,44500000
prediction_position_error_mm,16.593093052506447,44500000
prediction_orientation_error_deg,0,44500000
owd_uplink_ms,294.4113,44600000
owd_downlink_ms,296.108,44600000
prediction_position_error_mm,15.80449566245079,44600000
prediction_orientation_error_deg,0,44600000
owd_uplink_ms,298.0036,44700000
owd_downlink_ms,298.4171,44700000
prediction_position_error_mm,17.768878489732742,44700000
prediction_orientation_error_deg,0,44700000
owd_uplink_ms,294.636,44800000
owd_downlink_ms,295.4496,44800000
prediction_position_error_mm,17.320992425084114,44800000
prediction_orientation_error_deg,0,44800000
owd_uplink_ms,292.4898,44900000
owd_downlink_ms,295.6,44900000
prediction_position_error_mm,14.235114678740501,44900000
prediction_orientation_error_deg,0,44900000
owd_uplink_ms,298.1618,45000000
owd_downlink_ms,296.9689,45000000
prediction_position_error_mm,20.393598824739456,45000000
prediction_orientation_error_deg,0,45000000
owd_uplink_ms,294.8587,45100000
owd_downlink_ms,298.0305,45100000
prediction_position_error_mm,14.443466439843178,45100000
prediction_orientation_error_deg,0,45100000
owd_uplink_ms,291.4827,45200000
owd_downlink_ms,294.8231,45200000
prediction_position_error_mm,14.272548258304596,45200000
prediction_orientation_error_deg,0,45200000
owd_uplink_ms,298.912,45300000
owd_downlink_ms,296.0571,45300000
prediction_position_error_mm,23.006893694400787,45300000
prediction_orientation_error_deg,0,45300000
owd_uplink_ms,299.2139,45400000
owd_downlink_ms,299.7827,45400000
prediction_position_error_mm,18.312692642211914,45400000
prediction_orientation_error_deg,0,45400000
owd_uplink_ms,293.0738,45500000
owd_downlink_ms,290.9047,45500000
prediction_position_error_mm,22.30430580675602,45500000
prediction_orientation_error_deg,0,45500000
owd_uplink_ms,299.0735,45600000
owd_downlink_ms,299.1147,45600000
prediction_position_error_mm,19.396508112549782,45600000
prediction_orientation_error_deg,0,45600000
owd_uplink_ms,293.4901,45700000
owd_downlink_ms,296.2027,45700000
prediction_position_error_mm,16.04268327355385,45700000
prediction_orientation_error_deg,0,45700000
owd_uplink_ms,293.6248,45800000
owd_downlink_ms,292.9055,45800000
prediction_position_error_mm,20.57948336005211,45800000
prediction_orientation_error_deg,0,45800000
owd_uplink_ms,297.7118,45900000
owd_downlink_ms,295.5589,45900000
prediction_position_error_mm,22.707300260663033,45900000
prediction_orientation_error_deg,0,45900000
owd_uplink_ms,295.3915,46000000
owd_downlink_ms,291.6731,46000000
prediction_position_error_mm,25.116531178355217,46000000
prediction_orientation_error_deg,0,46000000
owd_uplink_ms,293.648,46100000
owd_downlink_ms,291.677,46100000
prediction_position_error_mm,22.907577455043793,46100000
prediction_orientation_error_deg,0,46100000
owd_uplink_ms,291.6493,46200000
owd_downlink_ms,299.8877,46200000
prediction_position_error_mm,10.974261909723282,46200000
prediction_orientation_error_deg,0,46200000
owd_uplink_ms,299.4786,46300000
owd_downlink_ms,298.7829,46300000
prediction_position_error_mm,21.168753504753113,46300000
prediction_orientation_error_deg,0,46300000
owd_uplink_ms,293.3687,46400000
owd_downlink_ms,297.9458,46400000
prediction_position_error_mm,15.05169551819563,46400000
prediction_orientation_error_deg,0,46400000
owd_uplink_ms,294.7669,46500000
owd_downlink_ms,296.0283,46500000
prediction_position_error_mm,18.855104222893715,46500000
prediction_orientation_error_deg,0,46500000
owd_uplink_ms,297.4373,46600000
owd_downlink_ms,292.3407,46600000
prediction_position_error_mm,27.067314833402634,46600000
prediction_orientation_error_deg,0,46600000
owd_uplink_ms,291.449,46700000
owd_downlink_ms,295.0723,46700000
prediction_position_error_mm,16.62600412964821,46700000
prediction_orientation_error_deg,0,46700000
owd_uplink_ms,297.0211,46800000
owd_downlink_ms,298.7623,46800000
prediction_position_error_mm,18.744658678770065,46800000
prediction_orientation_error_deg,0,46800000
owd_uplink_ms,293.0474,46900000
owd_downlink_ms,291.3706,46900000
prediction_position_error_mm,22.80370704829693,46900000
prediction_orientation_error_deg,0,46900000
owd_uplink_ms,299.2828,47000000
owd_downlink_ms,296.1404,47000000
prediction_position_error_mm,24.750055745244026,47000000
prediction_orientation_error_deg,0,47000000
owd_uplink_ms,292.8482,47100000
owd_downlink_ms,294.7395,47100000
prediction_position_error_mm,19.12534609436989,47100000
prediction_orientation_error_deg,0,47100000
owd_uplink_ms,295.8175,47200000
owd_downlink_ms,298.4325,47200000
prediction_position_error_mm,18.438009545207024,47200000
prediction_orientation_error_deg,0,47200000
owd_uplink_ms,294.7326,47300000
owd_downlink_ms,292.9242,47300000
prediction_position_error_mm,23.31222966313362,47300000
prediction_orientation_error_deg,0,47300000
owd_uplink_ms,298.6432,47400000
owd_downlink_ms,293.7173,47400000
prediction_position_error_mm,27.141744270920753,47400000
prediction_orientation_error_deg,0,47400000
owd_uplink_ms,290.7396,47500000
owd_downlink_ms,297.393,47500000
prediction_position_error_mm,15.193156898021698,47500000
prediction_orientation_error_deg,0,47500000
owd_uplink_ms,297.5903,47600000
owd_downlink_ms,294.8238,47600000
prediction_position_error_mm,24.608172476291656,47600000
prediction_orientation_error_deg,0,47600000
owd_uplink_ms,291.6342,47700000
owd_downlink_ms,294.5885,47700000
prediction_position_error_mm,18.864385783672333,47700000
prediction_orientation_error_deg,0,47700000
owd_uplink_ms,300.241,47800000
owd_downlink_ms,296.7013,47800000
prediction_position_error_mm,25.560127571225166,47800000
prediction_orientation_error_deg,0,47800000
owd_uplink_ms,296.0344,47900000
owd_downlink_ms,295.9257,47900000
prediction_position_error_mm,22.125162184238434,47900000
prediction_orientation_error_deg,0,47900000
owd_uplink_ms,298.6482,48000000
owd_downlink_ms,292.5617,48000000
prediction_position_error_mm,28.584318235516548,48000000
prediction_orientation_error_deg,0,48000000
owd_uplink_ms,293.3873,48100000
owd_downlink_ms,295.1217,48100000
prediction_position_error_mm,20.759178325533867,48100000
prediction_orientation_error_deg,0,48100000
owd_uplink_ms,291.0474,48200000
owd_downlink_ms,297.7162,48200000
prediction_position_error_mm,16.62476360797882,48200000
prediction_orientation_error_deg,0,48200000
owd_uplink_ms,297.3118,48300000
owd_downlink_ms,293.2854,48300000
prediction_position_error_mm,26.25284343957901,48300000
prediction_orientation_error_deg,0,48300000
owd_uplink_ms,295.6341,48400000
owd_downlink_ms,297.9063,48400000
prediction_position_error_mm,20.51744982600212,48400000
prediction_orientation_error_deg,0,48400000
owd_uplink_ms,297.0276,48500000
owd_downlink_ms,294.6819,48500000
prediction_position_error_mm,24.698631837964058,48500000
prediction_orientation_error_deg,0,48500000
owd_uplink_ms,293.24,48600000
owd_downlink_ms,293.1478,48600000
prediction_position_error_mm,22.774746641516685,48600000
prediction_orientation_error_deg,0,48600000
owd_uplink_ms,292.6303,48700000
owd_downlink_ms,292.786,48700000
prediction_position_error_mm,22.64273539185524,48700000
prediction_orientation_error_deg,0,48700000
owd_uplink_ms,295.9483,48800000
owd_downlink_ms,290.7995,48800000
prediction_position_error_mm,27.467617765069008,48800000
prediction_orientation_error_deg,0,48800000
owd_uplink_ms,289.7623,48900000
owd_downlink_ms,290.7301,48900000
prediction_position_error_mm,22.27436937391758,48900000
prediction_orientation_error_deg,0,48900000
owd_uplink_ms,294.6297,49000000
owd_downlink_ms,299.3609,49000000
prediction_position_error_mm,19.527779892086983,49000000
prediction_orientation_error_deg,0,49000000
owd_uplink_ms,298.1815,49100000
owd_downlink_ms,293.5427,49100000
prediction_position_error_mm,26.91446617245674,49100000
prediction_orientation_error_deg,0,49100000
owd_uplink_ms,295.6845,49200000
owd_downlink_ms,291.1249,49200000
prediction_position_error_mm,26.94498933851719,49200000
prediction_orientation_error_deg,0,49200000
owd_uplink_ms,292.7867,49300000
owd_downlink_ms,294.6731,49300000
prediction_position_error_mm,22.032752633094788,49300000
prediction_orientation_error_deg,0,49300000
owd_uplink_ms,297.5189,49400000
owd_downlink_ms,292.7468,49400000
prediction_position_error_mm,27.132857590913773,49400000
prediction_orientation_error_deg,0,49400000
owd_uplink_ms,295.2917,49500000
owd_downlink_ms,294.0105,49500000
prediction_position_error_mm,24.5192963629961,49500000
prediction_orientation_error_deg,0,49500000
owd_uplink_ms,297.4575,49600000
owd_downlink_ms,298.501,49600000
prediction_position_error_mm,22.96026237308979,49600000
prediction_orientation_error_deg,0,49600000
owd_uplink_ms,292.4768,49700000
owd_downlink_ms,291.6543,49700000
prediction_position_error_mm,24.261152371764183,49700000
prediction_orientation_error_deg,0,49700000
owd_uplink_ms,295.9717,49800000
owd_downlink_ms,300.5588,49800000
prediction_position_error_mm,20.932499319314957,49800000
prediction_orientation_error_deg,0,49800000
owd_uplink_ms,295.902,49900000
owd_downlink_ms,293.3235,49900000
prediction_position_error_mm,25.411322712898254,49900000
prediction_orientation_error_deg,0,49900000
owd_uplink_ms,294.5484,50000000
owd_downlink_ms,295.5841,50000000
prediction_position_error_mm,23.185554891824722,50000000
prediction_orientation_error_deg,0,50000000
prediction_position_error_mm,0,100000
prediction_orientation_error_deg,0,100000
prediction_position_error_mm,0,200000
prediction_orientation_error_deg,0,200000
prediction_position_error_mm,0,300000
prediction_orientation_error_deg,0,300000
prediction_position_error_mm,0,400000
prediction_orientation_error_deg,0,400000
prediction_position_error_mm,0,500000
prediction_orientation_error_deg,0,500000
prediction_position_error_mm,0,600000
prediction_orientation_error_deg,0,600000
prediction_position_error_mm,0,700000
prediction_orientation_error_deg,0,700000
prediction_position_error_mm,0,800000
prediction_orientation_error_deg,0,800000
prediction_position_error_mm,0,900000
prediction_orientation_error_deg,0,900000
prediction_position_error_mm,0,1000000
prediction_orientation_error_deg,0,1000000
prediction_position_error_mm,0,1100000
prediction_orientation_error_deg,0,1100000
prediction_position_error_mm,0,1200000
prediction_orientation_error_deg,0,1200000
prediction_position_error_mm,0,1300000
prediction_orientation_error_deg,0,1300000
prediction_position_error_mm,0,1400000
prediction_orientation_error_deg,0,1400000
prediction_position_error_mm,0,1500000
prediction_orientation_error_deg,0,1500000
prediction_position_error_mm,0,1600000
prediction_orientation_error_deg,0,1600000
prediction_position_error_mm,0,1700000
prediction_orientation_error_deg,0,1700000
prediction_position_error_mm,0,1800000
prediction_orientation_error_deg,0,1800000
prediction_position_error_mm,0,1900000
prediction_orientation_error_deg,0,1900000
prediction_position_error_mm,0,2000000
prediction_orientation_error_deg,0,2000000
prediction_position_error_mm,0,2100000
prediction_orientation_error_deg,0,2100000
prediction_position_error_mm,0,2200000
prediction_orientation_error_deg,0,2200000
prediction_position_error_mm,0,2300000
prediction_orientation_error_deg,0,2300000
prediction_position_error_mm,0,2400000
prediction_orientation_error_deg,0,2400000
prediction_position_error_mm,0,2500000
prediction_orientation_error_deg,0,2500000
prediction_position_error_mm,0,2600000
prediction_orientation_error_deg,0,2600000
prediction_position_error_mm,0,2700000
prediction_orientation_error_deg,0,2700000
prediction_position_error_mm,0,2800000
prediction_orientation_error_deg,0,2800000
prediction_position_error_mm,0,2900000
prediction_orientation_error_deg,0,2900000
prediction_position_error_mm,0,3000000
prediction_orientation_error_deg,0,3000000
prediction_position_error_mm,1299.9999523162842,3100000
prediction_orientation_error_deg,0,3100000
prediction_position_error_mm,1300.0023365020752,3200000
prediction_orientation_error_deg,0,3200000
prediction_position_error_mm,1300.0091314315796,3300000
prediction_orientation_error_deg,0,3300000
prediction_position_error_mm,1300.020456314087,3400000
prediction_orientation_error_deg,0,3400000
prediction_position_error_mm,1300.0361919403076,3500000
prediction_orientation_error_deg,0,3500000
prediction_position_error_mm,1300.0564575195312,3600000
prediction_orientation_error_deg,0,3600000
prediction_position_error_mm,1300.0812530517578,3700000
prediction_orientation_error_deg,0,3700000
prediction_position_error_mm,1300.1103401184082,3800000
prediction_orientation_error_deg,0,3800000
prediction_position_error_mm,1300.143837928772,3900000
prediction_orientation_error_deg,0,3900000
prediction_position_error_mm,1300.1817464828491,4000000
prediction_orientation_error_deg,0,4000000
prediction_position_error_mm,1300.2238273620605,4100000
prediction_orientation_error_deg,0,4100000
prediction_position_error_mm,1300.2701997756958,4200000
prediction_orientation_error_deg,0,4200000
prediction_position_error_mm,1300.3205060958862,4300000
prediction_orientation_error_deg,0,4300000
prediction_position_error_mm,1300.3751039505005,4400000
prediction_orientation_error_deg,0,4400000
prediction_position_error_mm,1300.4335165023804,4500000
prediction_orientation_error_deg,0,4500000
prediction_position_error_mm,1300.495982170105,4600000
prediction_orientation_error_deg,0,4600000
prediction_position_error_mm,1300.5622625350952,4700000
prediction_orientation_error_deg,0,4700000
prediction_position_error_mm,1300.632119178772,4800000
prediction_orientation_error_deg,0,4800000
prediction_position_error_mm,1300.7055521011353,4900000
prediction_orientation_error_deg,0,4900000
prediction_position_error_mm,1300.782561302185,5000000
prediction_orientation_error_deg,0,5000000
prediction_position_error_mm,1300.8630275726318,5100000
prediction_orientation_error_deg,0,5100000
prediction_position_error_mm,1300.946593284607,5200000
prediction_orientation_error_deg,0,5200000
prediction_position_error_mm,1301.0333776474,5300000
prediction_orientation_error_deg,0,5300000
prediction_position_error_mm,1301.1231422424316,5400000
prediction_orientation_error_deg,0,5400000
prediction_position_error_mm,1301.2155294418335,5500000
prediction_orientation_error_deg,0,5500000
prediction_position_error_mm,1301.3107776641846,5600000
prediction_orientation_error_deg,0,5600000
prediction_position_error_mm,1301.4086484909058,5700000
prediction_orientation_error_deg,0,5700000
prediction_position_error_mm,1301.5087842941284,5800000
prediction_orientation_error_deg,0,5800000
prediction_position_error_mm,1301.6111850738525,5900000
prediction_orientation_error_deg,0,5900000
prediction_position_error_mm,1301.715612411499,6000000
prediction_orientation_error_deg,0,6000000
owd_uplink_ms,294.5506,6100000
owd_downlink_ms,294.5506,6100000
correction_magnitude_mm,1299.9999523162842,3109955
correction_magnitude_deg,0,3109955
prediction_position_error_mm,147.90701866149902,6100000
prediction_orientation_error_deg,0,6100000
owd_uplink_ms,299.831,6200000
owd_downlink_ms,292.0463,6200000
prediction_position_error_mm,19.823363050818443,6200000
prediction_orientation_error_deg,0,6200000
owd_uplink_ms,295.4883,6300000
owd_downlink_ms,298.4655,6300000
prediction_position_error_mm,7.4080247431993484,6300000
prediction_orientation_error_deg,0,6300000
owd_uplink_ms,291.3157,6400000
owd_downlink_ms,291.0212,6400000
prediction_position_error_mm,7.558948826044798,6400000
prediction_orientation_error_deg,0,6400000
owd_uplink_ms,291.1456,6500000
owd_downlink_ms,296.0341,6500000
prediction_position_error_mm,9.088371880352497,6500000
prediction_orientation_error_deg,0,6500000
owd_uplink_ms,298.6523,6600000
owd_downlink_ms,291.4794,6600000
prediction_position_error_mm,19.272711127996445,6600000
prediction_orientation_error_deg,0,6600000
owd_uplink_ms,294.3473,6700000
owd_downlink_ms,291.8313,6700000
prediction_position_error_mm,10.908323340117931,6700000
prediction_orientation_error_deg,0,6700000
owd_uplink_ms,295.3084,6800000
owd_downlink_ms,298.7877,6800000
prediction_position_error_mm,7.33534712344408,6800000
prediction_orientation_error_deg,0,6800000
owd_uplink_ms,296.685,6900000
owd_downlink_ms,290.5822,6900000
prediction_position_error_mm,17.95012131333351,6900000
prediction_orientation_error_deg,0,6900000
owd_uplink_ms,295.4184,7000000
owd_downlink_ms,295.4152,7000000
prediction_position_error_mm,8.174780756235123,7000000
prediction_orientation_error_deg,0,7000000
owd_uplink_ms,293.5402,7100000
owd_downlink_ms,293.1258,7100000
prediction_position_error_mm,8.76688864082098,7100000
prediction_orientation_error_deg,0,7100000
owd_uplink_ms,298.2212,7200000
owd_downlink_ms,293.8981,7200000
prediction_position_error_mm,15.324198640882969,7200000
prediction_orientation_error_deg,0,7200000
owd_uplink_ms,294.7495,7300000
owd_downlink_ms,298.8335,7300000
prediction_position_error_mm,7.248320616781712,7300000
prediction_orientation_error_deg,0,7300000
owd_uplink_ms,296.5233,7400000
owd_downlink_ms,295.6707,7400000
prediction_position_error_mm,9.80942789465189,7400000
prediction_orientation_error_deg,0,7400000
owd_uplink_ms,296.105,7500000
owd_downlink_ms,292.8177,7500000
prediction_position_error_mm,13.985253870487213,7500000
prediction_orientation_error_deg,0,7500000
owd_uplink_ms,296.9188,7600000
owd_downlink_ms,298.6102,7600000
prediction_position_error_mm,7.487517315894365,7600000
prediction_orientation_error_deg,0,7600000
owd_uplink_ms,296.7275,7700000
owd_downlink_ms,292.4935,7700000
prediction_position_error_mm,16.21774584054947,7700000
prediction_orientation_error_deg,0,7700000
owd_uplink_ms,290.3745,7800000
owd_downlink_ms,299.0001,7800000
prediction_position_error_mm,10.982801206409931,7800000
prediction_orientation_error_deg,0,7800000
owd_uplink_ms,291.3315,7900000
owd_downlink_ms,291.4978,7900000
prediction_position_error_mm,9.142253547906876,7900000
prediction_orientation_error_deg,0,7900000
owd_uplink_ms,295.3205,8000000
owd_downlink_ms,298.2461,8000000
prediction_position_error_mm,7.108217105269432,8000000
prediction_orientation_error_deg,0,8000000
owd_uplink_ms,293.3276,8100000
owd_downlink_ms,293.1564,8100000
prediction_position_error_mm,9.745651856064796,8100000
prediction_orientation_error_deg,0,8100000
owd_uplink_ms,294.2047,8200000
owd_downlink_ms,293.7213,8200000
prediction_position_error_mm,10.33600140362978,8200000
prediction_orientation_error_deg,0,8200000
owd_uplink_ms,295.4905,8300000
owd_downlink_ms,295.4429,8300000
prediction_position_error_mm,9.92091465741396,8300000
prediction_orientation_error_deg,0,8300000
owd_uplink_ms,292.5916,8400000
owd_downlink_ms,290.5644,8400000
prediction_position_error_mm,13.083568774163723,8400000
prediction_orientation_error_deg,0,8400000
owd_uplink_ms,297.0264,8500000
owd_downlink_ms,296.5379,8500000
prediction_position_error_mm,10.945729911327362,8500000
prediction_orientation_error_deg,0,8500000
owd_uplink_ms,291.9246,8600000
owd_downlink_ms,296.4728,8600000
prediction_position_error_mm,7.207887247204781,8600000
prediction_orientation_error_deg,0,8600000
owd_uplink_ms,295.3649,8700000
owd_downlink_ms,291.54,8700000
prediction_position_error_mm,16.68649911880493,8700000
prediction_orientation_error_deg,0,8700000
owd_uplink_ms,297.3669,8800000
owd_downlink_ms,296.8681,8800000
prediction_position_error_mm,11.447661556303501,8800000
prediction_orientation_error_deg,0,8800000
owd_uplink_ms,296.8826,8900000
owd_downlink_ms,297.0187,8900000
prediction_position_error_mm,10.729551315307617,8900000
prediction_orientation_error_deg,0,8900000
owd_uplink_ms,297.3441,9000000
owd_downlink_ms,295.8884,9000000
prediction_position_error_mm,13.286382891237736,9000000
prediction_orientation_error_deg,0,9000000
owd_uplink_ms,291.6528,9100000
owd_downlink_ms,297.7557,9100000
prediction_position_error_mm,7.601053919643164,9100000
prediction_orientation_error_deg,0,9100000
owd_uplink_ms,296.1765,9200000
owd_downlink_ms,295.6686,9200000
prediction_position_error_mm,11.929706670343876,9200000
prediction_orientation_error_deg,0,9200000
owd_uplink_ms,293.4412,9300000
owd_downlink_ms,296.964,9300000
prediction_position_error_mm,7.790887262672186,9300000
prediction_orientation_error_deg,0,9300000
owd_uplink_ms,296.3475,9400000
owd_downlink_ms,297.8619,9400000
prediction_position_error_mm,9.493095800280571,9400000
prediction_orientation_error_deg,0,9400000
owd_uplink_ms,296.7988,9500000
owd_downlink_ms,290.5227,9500000
prediction_position_error_mm,22.497396916151047,9500000
prediction_orientation_error_deg,0,9500000
owd_uplink_ms,297.401,9600000
owd_downlink_ms,294.6292,9600000
prediction_position_error_mm,16.372593119740486,9600000
prediction_orientation_error_deg,0,9600000
owd_uplink_ms,294.2213,9700000
owd_downlink_ms,299.5464,9700000
prediction_position_error_mm,7.57652148604393,9700000
prediction_orientation_error_deg,0,9700000
owd_uplink_ms,291.4921,9800000
owd_downlink_ms,290.5024,9800000
prediction_position_error_mm,13.63452710211277,9800000
prediction_orientation_error_deg,0,9800000
owd_uplink_ms,293.0815,9900000
owd_downlink_ms,290.9122,9900000
prediction_position_error_mm,15.75494185090065,9900000
prediction_orientation_error_deg,0,9900000
owd_uplink_ms,298.2188,10000000
owd_downlink_ms,292.4026,10000000
prediction_position_error_mm,22.725867107510567,10000000
prediction_orientation_error_deg,0,10000000
owd_uplink_ms,292.1262,10100000
owd_downlink_ms,297.0471,10100000
prediction_position_error_mm,8.032442070543766,10100000
prediction_orientation_error_deg,0,10100000
owd_uplink_ms,295.7293,10200000
owd_downlink_ms,294.7698,10200000
prediction_position_error_mm,14.45944793522358,10200000
prediction_orientation_error_deg,0,10200000
owd_uplink_ms,290.6659,10300000
owd_downlink_ms,295.2328,10300000
prediction_position_error_mm,8.357532322406769,10300000
prediction_orientation_error_deg,0,10300000
owd_uplink_ms,295.4378,10400000
owd_downlink_ms,293.0296,10400000
prediction_position_error_mm,16.942711547017097,10400000
prediction_orientation_error_deg,0,10400000
owd_uplink_ms,294.0198,10500000
owd_downlink_ms,295.7978,10500000
prediction_position_error_mm,11.124425567686558,10500000
prediction_orientation_error_deg,0,10500000
owd_uplink_ms,297.751,10600000
owd_downlink_ms,298.232,10600000
prediction_position_error_mm,12.879893183708191,10600000
prediction_orientation_error_deg,0,10600000
owd_uplink_ms,292.5682,10700000
owd_downlink_ms,293.7474,10700000
prediction_position_error_mm,12.10422720760107,10700000
prediction_orientation_error_deg,0,10700000
owd_uplink_ms,299.6901,10800000
owd_downlink_ms,294.7279,10800000
prediction_position_error_mm,21.993357688188553,10800000
prediction_orientation_error_deg,0,10800000
owd_uplink_ms,292.55,10900000
owd_downlink_ms,297.8981,10900000
prediction_position_error_mm,8.63426923751831,10900000
prediction_orientation_error_deg,0,10900000
owd_uplink_ms,293.1979,11000000
owd_downlink_ms,294.806,11000000
prediction_position_error_mm,12.00494822114706,11000000
prediction_orientation_error_deg,0,11000000
owd_uplink_ms,293.3598,11100000
owd_downlink_ms,292.7147,11100000
prediction_position_error_mm,15.147972851991653,11100000
prediction_orientation_error_deg,0,11100000
owd_uplink_ms,298.7007,11200000
owd_downlink_ms,294.4163,11200000
prediction_position_error_mm,21.23865857720375,11200000
prediction_orientation_error_deg,0,11200000
owd_uplink_ms,297.1235,11300000
owd_downlink_ms,295.8797,11300000
prediction_position_error_mm,16.598442569375038,11300000
prediction_orientation_error_deg,0,11300000
owd_uplink_ms,296.6441,11400000
owd_downlink_ms,295.569,11400000
prediction_position_error_mm,16.55624248087406,11400000
prediction_orientation_error_deg,0,11400000
owd_uplink_ms,298.1493,11500000
owd_downlink_ms,295.8396,11500000
prediction_position_error_mm,18.680501729249954,11500000
prediction_orientation_error_deg,0,11500000
owd_uplink_ms,294.319,11600000
owd_downlink_ms,293.3118,11600000
prediction_position_error_mm,16.928812488913536,11600000
prediction_orientation_error_deg,0,11600000
owd_uplink_ms,296.9133,11700000
owd_downlink_ms,296.8131,11700000
prediction_position_error_mm,15.81287570297718,11700000
prediction_orientation_error_deg,0,11700000
owd_uplink_ms,294.5711,11800000
owd_downlink_ms,292.0971,11800000
prediction_position_error_mm,19.53904516994953,11800000
prediction_orientation_error_deg,0,11800000
owd_uplink_ms,297.4062,11900000
owd_downlink_ms,296.1769,11900000
prediction_position_error_mm,17.880484461784363,11900000
prediction_orientation_error_deg,0,11900000
owd_uplink_ms,292.6096,12000000
owd_downlink_ms,294.335,12000000
prediction_position_error_mm,14.046709053218365,12000000
prediction_orientation_error_deg,0,12000000
owd_uplink_ms,289.629,12100000
owd_downlink_ms,292.5711,12100000
prediction_position_error_mm,12.732765637338161,12100000
prediction_orientation_error_deg,0,12100000
owd_uplink_ms,290.4206,12200000
owd_downlink_ms,290.881,12200000
prediction_position_error_mm,15.79558476805687,12200000
prediction_orientation_error_deg,0,12200000
owd_uplink_ms,297.9957,12300000
owd_downlink_ms,293.1549,12300000
prediction_position_error_mm,23.983560502529144,12300000
prediction_orientation_error_deg,0,12300000
owd_uplink_ms,293.8316,12400000
owd_downlink_ms,292.7124,12400000
prediction_position_error_mm,18.484042957425117,12400000
prediction_orientation_error_deg,0,12400000
owd_uplink_ms,296.7932,12500000
owd_downlink_ms,298.6324,12500000
prediction_position_error_mm,14.762571081519127,12500000
prediction_orientation_error_deg,0,12500000
owd_uplink_ms,295.3908,12600000
owd_downlink_ms,292.1396,12600000
prediction_position_error_mm,21.922703832387924,12600000
prediction_orientation_error_deg,0,12600000
owd_uplink_ms,291.6857,12700000
owd_downlink_ms,297.6793,12700000
prediction_position_error_mm,11.07458584010601,12700000
prediction_orientation_error_deg,0,12700000
owd_uplink_ms,294.0023,12800000
owd_downlink_ms,292.0855,12800000
prediction_position_error_mm,20.02027817070484,12800000
prediction_orientation_error_deg,0,12800000
owd_uplink_ms,291.1821,12900000
owd_downlink_ms,292.1592,12900000
prediction_position_error_mm,16.340196132659912,12900000
prediction_orientation_error_deg,0,12900000
owd_uplink_ms,295.091,13000000
owd_downlink_ms,299.4251,13000000
prediction_position_error_mm,12.821408919990063,13000000
prediction_orientation_error_deg,0,13000000
owd_uplink_ms,293.5107,13100000
owd_downlink_ms,296.9929,13100000
prediction_position_error_mm,13.668053783476353,13100000
prediction_orientation_error_deg,0,13100000
owd_uplink_ms,294.5922,13200000
owd_downlink_ms,295.848,13200000
prediction_position_error_mm,16.124064102768898,13200000
prediction_orientation_error_deg,0,13200000
owd_uplink_ms,293.9564,13300000
owd_downlink_ms,293.657,13300000
prediction_position_error_mm,18.128301948308945,13300000
prediction_orientation_error_deg,0,13300000
owd_uplink_ms,296.498,13400000
owd_downlink_ms,294.2294,13400000
prediction_position_error_mm,20.902248099446297,13400000
prediction_orientation_error_deg,0,13400000
owd_uplink_ms,298.8268,13500000
owd_downlink_ms,293.2245,13500000
prediction_position_error_mm,26.082463562488556,13500000
prediction_orientation_error_deg,0,13500000
owd_uplink_ms,295.6703,13600000
owd_downlink_ms,291.4322,13600000
prediction_position_error_mm,24.312054738402367,13600000
prediction_orientation_error_deg,0,13600000
owd_uplink_ms,291.2363,13700000
owd_downlink_ms,294.4755,13700000
prediction_position_error_mm,15.165350399911404,13700000
prediction_orientation_error_deg,0,13700000
owd_uplink_ms,293.3991,13800000
owd_downlink_ms,297.7541,13800000
prediction_position_error_mm,14.173554256558418,13800000
prediction_orientation_error_deg,0,13800000
owd_uplink_ms,296.4828,13900000
owd_downlink_ms,291.433,13900000
prediction_position_error_mm,25.605807080864906,13900000
prediction_orientation_error_deg,0,13900000
owd_uplink_ms,293.9037,14000000
owd_downlink_ms,291.5017,14000000
prediction_position_error_mm,22.13921956717968,14000000
prediction_orientation_error_deg,0,14000000
owd_uplink_ms,292.9683,14100000
owd_downlink_ms,296.4172,14100000
prediction_position_error_mm,15.607635490596294,14100000
prediction_orientation_error_deg,0,14100000
owd_uplink_ms,294.2437,14200000
owd_downlink_ms,298.3441,14200000
prediction_position_error_mm,15.06529375910759,14200000
prediction_orientation_error_deg,0,14200000
owd_uplink_ms,291.1047,14300000
owd_downlink_ms,290.8215,14300000
prediction_position_error_mm,19.60858516395092,14300000
prediction_orientation_error_deg,0,14300000
owd_uplink_ms,298.9933,14400000
owd_downlink_ms,297.1152,14400000
prediction_position_error_mm,21.66113816201687,14400000
prediction_orientation_error_deg,0,14400000
owd_uplink_ms,297.8686,14500000
owd_downlink_ms,293.1953,14500000
prediction_position_error_mm,25.51933564245701,14500000
prediction_orientation_error_deg,0,14500000
owd_uplink_ms,298.3444,14600000
owd_downlink_ms,299.6018,14600000
prediction_position_error_mm,18.53031851351261,14600000
prediction_orientation_error_deg,0,14600000
owd_uplink_ms,294.3147,14700000
owd_downlink_ms,296.0767,14700000
prediction_position_error_mm,18.104752525687218,14700000
prediction_orientation_error_deg,0,14700000
owd_uplink_ms,295.3809,14800000
owd_downlink_ms,298.9905,14800000
prediction_position_error_mm,16.4638739079237,14800000
prediction_orientation_error_deg,0,14800000
owd_uplink_ms,292.0287,14900000
owd_downlink_ms,297.1151,14900000
prediction_position_error_mm,15.326895751059055,14900000
prediction_orientation_error_deg,0,14900000
owd_uplink_ms,294.7609,15000000
owd_downlink_ms,290.5437,15000000
prediction_position_error_mm,24.90074187517166,15000000
prediction_orientation_error_deg,0,15000000
owd_uplink_ms,298.8619,15100000
owd_downlink_ms,293.3885,15100000
prediction_position_error_mm,26.763610541820526,15100000
prediction_orientation_error_deg,0,15100000
owd_uplink_ms,292.1037,15200000
owd_downlink_ms,299.1888,15200000
prediction_position_error_mm,14.600873924791813,15200000
prediction_orientation_error_deg,0,15200000
owd_uplink_ms,292.2533,15300000
owd_downlink_ms,297.3326,15300000
prediction_position_error_mm,15.943588688969612,15300000
prediction_orientation_error_deg,0,15300000
owd_uplink_ms,297.2079,15400000
owd_downlink_ms,293.8093,15400000
prediction_position_error_mm,24.03108775615692,15400000
prediction_orientation_error_deg,0,15400000
owd_uplink_ms,295.2201,15500000
owd_downlink_ms,294.4861,15500000
prediction_position_error_mm,21.28743566572666,15500000
prediction_orientation_error_deg,0,15500000
owd_uplink_ms,299.0743,15600000
owd_downlink_ms,294.5166,15600000
prediction_position_error_mm,25.66087432205677,15600000
prediction_orientation_error_deg,0,15600000
owd_uplink_ms,291.4444,15700000
owd_downlink_ms,296.585,15700000
prediction_position_error_mm,16.652481630444527,15700000
prediction_orientation_error_deg,0,15700000
owd_uplink_ms,297.103,15800000
owd_downlink_ms,291.022,15800000
prediction_position_error_mm,27.555208653211594,15800000
prediction_orientation_error_deg,0,15800000
owd_uplink_ms,292.2376,15900000
owd_downlink_ms,297.0466,15900000
prediction_position_error_mm,17.22552254796028,15900000
prediction_orientation_error_deg,0,15900000
owd_uplink_ms,292.9188,16000000
owd_downlink_ms,293.5154,16000000
prediction_position_error_mm,20.562630146741867,16000000
prediction_orientation_error_deg,0,16000000
owd_uplink_ms,296.0872,16100000
owd_downlink_ms,292.8952,16100000
prediction_position_error_mm,24.31521564722061,16100000
prediction_orientation_error_deg,0,16100000
owd_uplink_ms,294.2887,16200000
owd_downlink_ms,291.1631,16200000
prediction_position_error_mm,24.395810440182686,16200000
prediction_orientation_error_deg,0,16200000
owd_uplink_ms,290.9361,16300000
owd_downlink_ms,292.0418,16300000
prediction_position_error_mm,20.60074359178543,16300000
prediction_orientation_error_deg,0,16300000
owd_uplink_ms,295.7761,16400000
owd_downlink_ms,291.5988,16400000
prediction_position_error_mm,25.62916651368141,16400000
prediction_orientation_error_deg,0,16400000
owd_uplink_ms,296.7592,16500000
owd_downlink_ms,294.6504,16500000
prediction_position_error_mm,23.711366578936577,16500000
prediction_orientation_error_deg,0,16500000
owd_uplink_ms,293.4063,16600000
owd_downlink_ms,297.9967,16600000
prediction_position_error_mm,18.56813207268715,16600000
prediction_orientation_error_deg,0,16600000
owd_uplink_ms,290.3562,16700000
owd_downlink_ms,297.4599,16700000
prediction_position_error_mm,17.231527715921402,16700000
prediction_orientation_error_deg,0,16700000
owd_uplink_ms,298.8641,16800000
owd_downlink_ms,298.9835,16800000
prediction_position_error_mm,21.704643964767456,16800000
prediction_orientation_error_deg,0,16800000
owd_uplink_ms,291.1001,16900000
owd_downlink_ms,297.0249,16900000
prediction_position_error_mm,18.033467233181,16900000
prediction_orientation_error_deg,0,16900000
owd_uplink_ms,291.3334,17000000
owd_downlink_ms,290.1453,17000000
prediction_position_error_mm,22.743353620171547,17000000
prediction_orientation_error_deg,0,17000000
owd_uplink_ms,297.5873,17100000
owd_downlink_ms,290.3976,17100000
prediction_position_error_mm,28.40864285826683,17100000
prediction_orientation_error_deg,0,17100000
owd_uplink_ms,294.0952,17200000
owd_downlink_ms,294.6417,17200000
prediction_position_error_mm,21.771036088466644,17200000
prediction_orientation_error_deg,0,17200000
owd_uplink_ms,293.6172,17300000
owd_downlink_ms,294.3032,17300000
prediction_position_error_mm,21.743256598711014,17300000
prediction_orientation_error_deg,0,17300000
owd_uplink_ms,297.7383,17400000
owd_downlink_ms,296.0429,17400000
prediction_position_error_mm,23.53203296661377,17400000
prediction_orientation_error_deg,0,17400000
owd_uplink_ms,291.7491,17500000
owd_downlink_ms,296.8204,17500000
prediction_position_error_mm,19.418349489569664,17500000
prediction_orientation_error_deg,0,17500000
owd_uplink_ms,292.4195,17600000
owd_downlink_ms,291.6725,17600000
prediction_position_error_mm,22.852949798107147,17600000
prediction_orientation_error_deg,0,17600000
owd_uplink_ms,292.6331,17700000
owd_downlink_ms,292.5845,17700000
prediction_position_error_mm,22.45597168803215,17700000
prediction_orientation_error_deg,0,17700000
owd_uplink_ms,294.5879,17800000
owd_downlink_ms,295.0578,17800000
prediction_position_error_mm,22.194966673851013,17800000
prediction_orientation_error_deg,0,17800000
owd_uplink_ms,296.9908,17900000
owd_downlink_ms,295.7768,17900000
prediction_position_error_mm,23.31947349011898,17900000
prediction_orientation_error_deg,0,17900000
owd_uplink_ms,294.0455,18000000
owd_downlink_ms,295.9266,18000000
prediction_position_error_mm,21.55963145196438,18000000
prediction_orientation_error_deg,0,18000000
owd_uplink_ms,293.4362,18100000
owd_downlink_ms,292.8583,18100000
prediction_position_error_mm,22.988412529230118,18100000
prediction_orientation_error_deg,0,18100000
owd_uplink_ms,292.9723,18200000
owd_downlink_ms,291.0117,18200000
prediction_position_error_mm,23.89613725244999,18200000
prediction_orientation_error_deg,0,18200000
owd_uplink_ms,297.9343,18300000
owd_downlink_ms,299.0016,18300000
prediction_position_error_mm,22.232193499803543,18300000
prediction_orientation_error_deg,0,18300000
owd_uplink_ms,290.5893,18400000
owd_downlink_ms,290.0155,18400000
prediction_position_error_mm,23.143982514739037,18400000
prediction_orientation_error_deg,0,18400000
owd_uplink_ms,294.5396,18500000
owd_downlink_ms,291.1187,18500000
prediction_position_error_mm,24.872029200196266,18500000
prediction_orientation_error_deg,0,18500000
owd_uplink_ms,295.8244,18600000
owd_downlink_ms,299.6784,18600000
prediction_position_error_mm,21.305633708834648,18600000
prediction_orientation_error_deg,0,18600000
owd_uplink_ms,293.2277,18700000
owd_downlink_ms,296.1573,18700000
prediction_position_error_mm,21.70496992766857,18700000
prediction_orientation_error_deg,0,18700000
owd_uplink_ms,295.7171,18800000
owd_downlink_ms,292.797,18800000
prediction_position_error_mm,24.470211938023567,18800000
prediction_orientation_error_deg,0,18800000
owd_uplink_ms,294.1426,18900000
owd_downlink_ms,298.1439,18900000
prediction_position_error_mm,21.52327448129654,18900000
prediction_orientation_error_deg,0,18900000
owd_uplink_ms,298.3246,19000000
owd_downlink_ms,291.7009,19000000
prediction_position_error_mm,26.630640029907227,19000000
prediction_orientation_error_deg,0,19000000
owd_uplink_ms,298.9105,19100000
owd_downlink_ms,296.3601,19100000
prediction_position_error_mm,24.33008700609207,19100000
prediction_orientation_error_deg,0,19100000
owd_uplink_ms,298.4806,19200000
owd_downlink_ms,299.2822,19200000
prediction_position_error_mm,22.916432470083237,19200000
prediction_orientation_error_deg,0,19200000
owd_uplink_ms,291.1081,19300000
owd_downlink_ms,292.0083,19300000
prediction_position_error_mm,22.913018241524696,19300000
prediction_orientation_error_deg,0,19300000
owd_uplink_ms,298.2875,19400000
owd_downlink_ms,298.4104,19400000
prediction_position_error_mm,23.216545581817627,19400000
prediction_orientation_error_deg,0,19400000
owd_uplink_ms,291.6376,19500000
owd_downlink_ms,296.271,19500000
prediction_position_error_mm,21.99813537299633,19500000
prediction_orientation_error_deg,0,19500000
owd_uplink_ms,292.8735,19600000
owd_downlink_ms,294.897,19600000
prediction_position_error_mm,22.664129734039307,19600000
prediction_orientation_error_deg,0,19600000
owd_uplink_ms,298.0042,19700000
owd_downlink_ms,293.5724,19700000
prediction_position_error_mm,24.915345013141632,19700000
prediction_orientation_error_deg,0,19700000
owd_uplink_ms,295.941,19800000
owd_downlink_ms,298.9238,19800000
prediction_position_error_mm,22.584540769457817,19800000
prediction_orientation_error_deg,0,19800000
owd_uplink_ms,295.7652,19900000
owd_downlink_ms,290.4159,19900000
prediction_position_error_mm,25.197355076670647,19900000
prediction_orientation_error_deg,0,19900000
owd_uplink_ms,297.7487,20000000
owd_downlink_ms,299.6841,20000000
prediction_position_error_mm,22.9317843914032,20000000
prediction_orientation_error_deg,0,20000000
owd_uplink_ms,295.3674,20100000
owd_downlink_ms,298.7341,20100000
prediction_position_error_mm,22.726157680153847,20100000
prediction_orientation_error_deg,0,20100000
owd_uplink_ms,296.6106,20200000
owd_downlink_ms,294.6257,20200000
prediction_position_error_mm,23.84275197982788,20200000
prediction_orientation_error_deg,0,20200000
owd_uplink_ms,295.6838,20300000
owd_downlink_ms,293.8795,20300000
prediction_position_error_mm,23.78535456955433,20300000
prediction_orientation_error_deg,0,20300000
owd_uplink_ms,294.4237,20400000
owd_downlink_ms,292.366,20400000
prediction_position_error_mm,23.83165992796421,20400000
prediction_orientation_error_deg,0,20400000
owd_uplink_ms,293.6995,20500000
owd_downlink_ms,295.8909,20500000
prediction_position_error_mm,23.109102621674538,20500000
prediction_orientation_error_deg,0,20500000
owd_uplink_ms,290.4989,20600000
owd_downlink_ms,291.8596,20600000
prediction_position_error_mm,23.22564087808132,20600000
prediction_orientation_error_deg,0,20600000
owd_uplink_ms,293.8604,20700000
owd_downlink_ms,298.9249,20700000
prediction_position_error_mm,23.04403856396675,20700000
prediction_orientation_error_deg,0,20700000
owd_uplink_ms,293.4692,20800000
owd_downlink_ms,296.5871,20800000
prediction_position_error_mm,23.160075768828392,20800000
prediction_orientation_error_deg,0,20800000
owd_uplink_ms,299.7542,20900000
owd_downlink_ms,291.6287,20900000
prediction_position_error_mm,24.980492889881134,20900000
prediction_orientation_error_deg,0,20900000
owd_uplink_ms,296.8705,21000000
owd_downlink_ms,296.8908,21000000
prediction_position_error_mm,23.37915450334549,21000000
prediction_orientation_error_deg,0,21000000
owd_uplink_ms,295.5596,21100000
owd_downlink_ms,297.3628,21100000
prediction_position_error_mm,23.310089483857155,21100000
prediction_orientation_error_deg,0,21100000
owd_uplink_ms,298.2316,21200000
owd_downlink_ms,297.3898,21200000
prediction_position_error_mm,23.39475229382515,21200000
prediction_orientation_error_deg,0,21200000
owd_uplink_ms,296.5195,21300000
owd_downlink_ms,292.741,21300000
prediction_position_error_mm,23.584486916661263,21300000
prediction_orientation_error_deg,0,21300000
owd_uplink_ms,293.9083,21400000
owd_downlink_ms,295.4874,21400000
prediction_position_error_mm,23.353178054094315,21400000
prediction_orientation_error_deg,0,21400000
owd_uplink_ms,297.9671,21500000
owd_downlink_ms,291.6765,21500000
prediction_position_error_mm,23.702148348093033,21500000
prediction_orientation_error_deg,0,21500000
owd_uplink_ms,293.1813,21600000
owd_downlink_ms,297.9523,21600000
prediction_position_error_mm,23.649241775274277,21600000
prediction_orientation_error_deg,0,21600000
owd_uplink_ms,296.2888,21700000
owd_downlink_ms,291.5381,21700000
prediction_position_error_mm,23.278923705220222,21700000
prediction_orientation_error_deg,0,21700000
owd_uplink_ms,294.4881,21800000
owd_downlink_ms,292.3358,21800000
prediction_position_error_mm,23.130303248763084,21800000
prediction_orientation_error_deg,0,21800000
owd_uplink_ms,291.8662,21900000
owd_downlink_ms,298.3796,21900000
prediction_position_error_mm,24.098938331007957,21900000
prediction_orientation_error_deg,0,21900000
owd_uplink_ms,296.6935,22000000
owd_downlink_ms,298.9694,22000000
prediction_position_error_mm,23.46932888031006,22000000
prediction_orientation_error_deg,0,22000000
owd_uplink_ms,292.5325,22100000
owd_downlink_ms,297.248,22100000
prediction_position_error_mm,23.93629401922226,22100000
prediction_orientation_error_deg,0,22100000
owd_uplink_ms,296.4566,22200000
owd_downlink_ms,292.2745,22200000
prediction_position_error_mm,22.704456001520157,22200000
prediction_orientation_error_deg,0,22200000
owd_uplink_ms,291.4909,22300000
owd_downlink_ms,296.6177,22300000
prediction_position_error_mm,24.12794716656208,22300000
prediction_orientation_error_deg,0,22300000
owd_uplink_ms,296.7304,22400000
owd_downlink_ms,293.8287,22400000
prediction_position_error_mm,22.61892519891262,22400000
prediction_orientation_error_deg,0,22400000
owd_uplink_ms,297.8455,22500000
owd_downlink_ms,294.1417,22500000
prediction_position_error_mm,22.408267483115196,22500000
prediction_orientation_error_deg,0,22500000
owd_uplink_ms,294.6982,22600000
owd_downlink_ms,293.9596,22600000
prediction_position_error_mm,22.79381826519966,22600000
prediction_orientation_error_deg,0,22600000
owd_uplink_ms,295.3709,22700000
owd_downlink_ms,298.3038,22700000
prediction_position_error_mm,23.655308410525322,22700000
prediction_orientation_error_deg,0,22700000
owd_uplink_ms,295.2022,22800000
owd_downlink_ms,292.1539,22800000
prediction_position_error_mm,22.181516513228416,22800000
prediction_orientation_error_deg,0,22800000
owd_uplink_ms,296.799,22900000
owd_downlink_ms,296.5364,22900000
prediction_position_error_mm,22.727442905306816,22900000
prediction_orientation_error_deg,0,22900000
owd_uplink_ms,295.3404,23000000
owd_downlink_ms,292.8244,23000000
prediction_position_error_mm,22.06963300704956,23000000
prediction_orientation_error_deg,0,23000000
owd_uplink_ms,291.6778,23100000
owd_downlink_ms,291.0122,23100000
prediction_position_error_mm,22.46174030005932,23100000
prediction_orientation_error_deg,0,23100000
owd_uplink_ms,292.3094,23200000
owd_downlink_ms,295.5649,23200000
prediction_position_error_mm,23.720847442746162,23200000
prediction_orientation_error_deg,0,23200000
owd_uplink_ms,291.3419,23300000
owd_downlink_ms,292.8369,23300000
prediction_position_error_mm,23.099388927221298,23300000
prediction_orientation_error_deg,0,23300000
owd_uplink_ms,294.8108,23400000
owd_downlink_ms,299.3244,23400000
prediction_position_error_mm,24.278245866298676,23400000
prediction_orientation_error_deg,0,23400000
owd_uplink_ms,294.6604,23500000
owd_downlink_ms,297.9598,23500000
prediction_position_error_mm,23.846466094255447,23500000
prediction_orientation_error_deg,0,23500000
owd_uplink_ms,295.7645,23600000
owd_downlink_ms,291.5782,23600000
prediction_position_error_mm,20.963041111826897,23600000
prediction_orientation_error_deg,0,23600000
owd_uplink_ms,295.4884,23700000
owd_downlink_ms,294.3562,23700000
prediction_position_error_mm,21.912317723035812,23700000
prediction_orientation_error_deg,0,23700000
owd_uplink_ms,292.6144,23800000
owd_downlink_ms,298.652,23800000
prediction_position_error_mm,25.082359090447426,23800000
prediction_orientation_error_deg,0,23800000
owd_uplink_ms,296.123,23900000
owd_downlink_ms,296.3628,23900000
prediction_position_error_mm,22.4223043769598,23900000
prediction_orientation_error_deg,0,23900000
owd_uplink_ms,300.4702,24000000
owd_downlink_ms,298.6982,24000000
prediction_position_error_mm,21.427132189273834,24000000
prediction_orientation_error_deg,0,24000000
owd_uplink_ms,295.8248,24100000
owd_downlink_ms,292.3841,24100000
prediction_position_error_mm,20.54949849843979,24100000
prediction_orientation_error_deg,0,24100000
owd_uplink_ms,296.7047,24200000
owd_downlink_ms,291.6447,24200000
prediction_position_error_mm,19.684284925460815,24200000
prediction_orientation_error_deg,0,24200000
owd_uplink_ms,291.5254,24300000
owd_downlink_ms,295.5079,24300000
prediction_position_error_mm,23.9968691021204,24300000
prediction_orientation_error_deg,0,24300000
owd_uplink_ms,293.021,24400000
owd_downlink_ms,297.4915,24400000
prediction_position_error_mm,24.33423511683941,24400000
prediction_orientation_error_deg,0,24400000
owd_uplink_ms,295.4817,24500000
owd_downlink_ms,294.4585,24500000
prediction_position_error_mm,21.267687901854515,24500000
prediction_orientation_error_deg,0,24500000
owd_uplink_ms,292.3635,24600000
owd_downlink_ms,292.0444,24600000
prediction_position_error_mm,21.550245583057404,24600000
prediction_orientation_error_deg,0,24600000
owd_uplink_ms,296.485,24700000
owd_downlink_ms,292.3419,24700000
prediction_position_error_mm,19.315017387270927,24700000
prediction_orientation_error_deg,0,24700000
owd_uplink_ms,290.833,24800000
owd_downlink_ms,291.0546,24800000
prediction_position_error_mm,21.608518436551094,24800000
prediction_orientation_error_deg,0,24800000
owd_uplink_ms,294.8726,24900000
owd_downlink_ms,295.7051,24900000
prediction_position_error_mm,21.91074751317501,24900000
prediction_orientation_error_deg,0,24900000
owd_uplink_ms,294.8118,25000000
owd_downlink_ms,295.1095,25000000
prediction_position_error_mm,21.500114351511,25000000
prediction_orientation_error_deg,0,25000000
owd_uplink_ms,292.1495,25100000
owd_downlink_ms,290.7967,25100000
prediction_position_error_mm,20.334338769316673,25100000
prediction_orientation_error_deg,0,25100000
owd_uplink_ms,290.5449,25200000
owd_downlink_ms,290.9635,25200000
prediction_position_error_mm,21.376466378569603,25200000
prediction_orientation_error_deg,0,25200000
owd_uplink_ms,294.8011,25300000
owd_downlink_ms,296.3575,25300000
prediction_position_error_mm,22.092342376708984,25300000
prediction_orientation_error_deg,0,25300000
owd_uplink_ms,293.7613,25400000
owd_downlink_ms,298.5549,25400000
prediction_position_error_mm,24.399112910032272,25400000
prediction_orientation_error_deg,0,25400000
owd_uplink_ms,293.3701,25500000
owd_downlink_ms,290.509,25500000
prediction_position_error_mm,18.903817981481552,25500000
prediction_orientation_error_deg,0,25500000
owd_uplink_ms,291.4808,25600000
owd_downlink_ms,290.676,25600000
prediction_position_error_mm,20.17410285770893,25600000
prediction_orientation_error_deg,0,25600000
owd_uplink_ms,295.0364,25700000
owd_downlink_ms,295.3231,25700000
prediction_position_error_mm,20.86626924574375,25700000
prediction_orientation_error_deg,0,25700000
owd_uplink_ms,297.9162,25800000
owd_downlink_ms,292.3724,25800000
prediction_position_error_mm,16.534168273210526,25800000
prediction_orientation_error_deg,0,25800000
owd_uplink_ms,299.3773,25900000
owd_downlink_ms,298.9584,25900000
prediction_position_error_mm,19.962498918175697,25900000
prediction_orientation_error_deg,0,25900000
owd_uplink_ms,290.3171,26000000
owd_downlink_ms,290.5142,26000000
prediction_position_error_mm,20.32606489956379,26000000
prediction_orientation_error_deg,0,26000000
owd_uplink_ms,296.1078,26100000
owd_downlink_ms,297.9599,26100000
prediction_position_error_mm,21.59210294485092,26100000
prediction_orientation_error_deg,0,26100000
owd_uplink_ms,298.4498,26200000
owd_downlink_ms,299.0679,26200000
prediction_position_error_mm,20.507371053099632,26200000
prediction_orientation_error_deg,0,26200000
owd_uplink_ms,298.9557,26300000
owd_downlink_ms,290.9267,26300000
prediction_position_error_mm,14.044227078557014,26300000
prediction_orientation_error_deg,0,26300000
owd_uplink_ms,293.5601,26400000
owd_downlink_ms,295.4034,26400000
prediction_position_error_mm,21.148907020688057,26400000
prediction_orientation_error_deg,0,26400000
owd_uplink_ms,297.9689,26500000
owd_downlink_ms,296.0867,26500000
prediction_position_error_mm,17.81904324889183,26500000
prediction_orientation_error_deg,0,26500000
owd_uplink_ms,296.466,26600000
owd_downlink_ms,294.7511,26600000
prediction_position_error_mm,17.755212262272835,26600000
prediction_orientation_error_deg,0,26600000
owd_uplink_ms,296.4459,26700000
owd_downlink_ms,295.3637,26700000
prediction_position_error_mm,18.114792183041573,26700000
prediction_orientation_error_deg,0,26700000
owd_uplink_ms,295.1518,26800000
owd_downlink_ms,296.8466,26800000
prediction_position_error_mm,20.513251423835754,26800000
prediction_orientation_error_deg,0,26800000
owd_uplink_ms,295.7361,26900000
owd_downlink_ms,296.7305,26900000
prediction_position_error_mm,19.787577912211418,26900000
prediction_orientation_error_deg,0,26900000
owd_uplink_ms,294.5109,27000000
owd_downlink_ms,297.1082,27000000
prediction_position_error_mm,21.249912679195404,27000000
prediction_orientation_error_deg,0,27000000
owd_uplink_ms,296.6628,27100000
owd_downlink_ms,298.2255,27100000
prediction_position_error_mm,20.215673372149467,27100000
prediction_orientation_error_deg,0,27100000
owd_uplink_ms,292.8271,27200000
owd_downlink_ms,293.2496,27200000
prediction_position_error_mm,19.01150681078434,27200000
prediction_orientation_error_deg,0,27200000
owd_uplink_ms,292.4614,27300000
owd_downlink_ms,296.991,27300000
prediction_position_error_mm,23.045144975185394,27300000
prediction_orientation_error_deg,0,27300000
owd_uplink_ms,292.2357,27400000
owd_downlink_ms,295.9771,27400000
prediction_position_error_mm,22.321486845612526,27400000
prediction_orientation_error_deg,0,27400000
owd_uplink_ms,295.6649,27500000
owd_downlink_ms,297.5114,27500000
prediction_position_error_mm,20.389720797538757,27500000
prediction_orientation_error_deg,0,27500000
owd_uplink_ms,299.0379,27600000
owd_downlink_ms,292.6085,27600000
prediction_position_error_mm,12.316877953708172,27600000
prediction_orientation_error_deg,0,27600000
owd_uplink_ms,295.877,27700000
owd_downlink_ms,293.1325,27700000
prediction_position_error_mm,15.158718451857567,27700000
prediction_orientation_error_deg,0,27700000
owd_uplink_ms,292.0343,27800000
owd_downlink_ms,291.5906,27800000
prediction_position_error_mm,17.29610189795494,27800000
prediction_orientation_error_deg,0,27800000
owd_uplink_ms,293.9183,27900000
owd_downlink_ms,296.5191,27900000
prediction_position_error_mm,20.465301349759102,27900000
prediction_orientation_error_deg,0,27900000
owd_uplink_ms,292.918,28000000
owd_downlink_ms,291.1477,28000000
prediction_position_error_mm,15.615582466125488,28000000
prediction_orientation_error_deg,0,28000000
owd_uplink_ms,296.4596,28100000
owd_downlink_ms,299.5676,28100000
prediction_position_error_mm,20.833995193243027,28100000
prediction_orientation_error_deg,0,28100000
owd_uplink_ms,298.0979,28200000
owd_downlink_ms,297.375,28200000
prediction_position_error_mm,16.475263983011246,28200000
prediction_orientation_error_deg,0,28200000
owd_uplink_ms,292.7692,28300000
owd_downlink_ms,297.7801,28300000
prediction_position_error_mm,22.867126390337944,28300000
prediction_orientation_error_deg,0,28300000
owd_uplink_ms,296.7489,28400000
owd_downlink_ms,292.2301,28400000
prediction_position_error_mm,12.218023650348186,28400000
prediction_orientation_error_deg,0,28400000
owd_uplink_ms,297.8289,28500000
owd_downlink_ms,295.5256,28500000
prediction_position_error_mm,14.172645285725594,28500000
prediction_orientation_error_deg,0,28500000
owd_uplink_ms,294.3709,28600000
owd_downlink_ms,292.9912,28600000
prediction_position_error_mm,14.95350617915392,28600000
prediction_orientation_error_deg,0,28600000
owd_uplink_ms,298.962,28700000
owd_downlink_ms,295.7531,28700000
prediction_position_error_mm,12.684107758104801,28700000
prediction_orientation_error_deg,0,28700000
owd_uplink_ms,292.3199,28800000
owd_downlink_ms,296.3775,28800000
prediction_position_error_mm,20.990464836359024,28800000
prediction_orientation_error_deg,0,28800000
owd_uplink_ms,292.298,28900000
owd_downlink_ms,291.716,28900000
prediction_position_error_mm,15.353354625403881,28900000
prediction_orientation_error_deg,0,28900000
owd_uplink_ms,296.7233,29000000
owd_downlink_ms,297.8897,29000000
prediction_position_error_mm,17.314855009317398,29000000
prediction_orientation_error_deg,0,29000000
owd_uplink_ms,294.0723,29100000
owd_downlink_ms,294.4518,29100000
prediction_position_error_mm,16.2219051271677,29100000
prediction_orientation_error_deg,0,29100000
owd_uplink_ms,293.2021,29200000
owd_downlink_ms,291.6127,29200000
prediction_position_error_mm,13.63321952521801,29200000
prediction_orientation_error_deg,0,29200000
owd_uplink_ms,291.774,29300000
owd_downlink_ms,290.8116,29300000
prediction_position_error_mm,14.154434204101562,29300000
prediction_orientation_error_deg,0,29300000
owd_uplink_ms,297.4771,29400000
owd_downlink_ms,299.2293,29400000
prediction_position_error_mm,17.406141385436058,29400000
prediction_orientation_error_deg,0,29400000
owd_uplink_ms,290.7406,29500000
owd_downlink_ms,296.2433,29500000
prediction_position_error_mm,22.1641156822443,29500000
prediction_orientation_error_deg,0,29500000
owd_uplink_ms,298.26,29600000
owd_downlink_ms,291.7544,29600000
prediction_position_error_mm,8.568994700908661,29600000
prediction_orientation_error_deg,0,29600000
owd_uplink_ms,292.4326,29700000
owd_downlink_ms,291.8614,29700000
prediction_position_error_mm,13.915290124714375,29700000
prediction_orientation_error_deg,0,29700000
owd_uplink_ms,297.5685,29800000
owd_downlink_ms,299.7144,29800000
prediction_position_error_mm,17.313463613390923,29800000
prediction_orientation_error_deg,0,29800000
owd_uplink_ms,292.2664,29900000
owd_downlink_ms,298.4265,29900000
prediction_position_error_mm,22.586680948734283,29900000
prediction_orientation_error_deg,0,29900000
owd_uplink_ms,299.3713,30000000
owd_downlink_ms,294.4704,30000000
prediction_position_error_mm,8.791320957243443,30000000
prediction_orientation_error_deg,0,30000000
owd_uplink_ms,298.4105,30100000
owd_downlink_ms,291.1598,30100000
prediction_position_error_mm,8.064741268754005,30100000
prediction_orientation_error_deg,0,30100000
owd_uplink_ms,290.9129,30200000
owd_downlink_ms,298.9713,30200000
prediction_position_error_mm,24.45194497704506,30200000
prediction_orientation_error_deg,0,30200000
owd_uplink_ms,295.7547,30300000
owd_downlink_ms,296.7459,30300000
prediction_position_error_mm,15.10548871010542,30300000
prediction_orientation_error_deg,0,30300000
owd_uplink_ms,293.8857,30400000
owd_downlink_ms,297.9665,30400000
prediction_position_error_mm,19.299069419503212,30400000
prediction_orientation_error_deg,0,30400000
owd_uplink_ms,294.148,30500000
owd_downlink_ms,297.5956,30500000
prediction_position_error_mm,18.461251631379128,30500000
prediction_orientation_error_deg,0,30500000
owd_uplink_ms,294.6643,30600000
owd_downlink_ms,291.5013,30600000
prediction_position_error_mm,9.44701861590147,30600000
prediction_orientation_error_deg,0,30600000
owd_uplink_ms,299.9726,30700000
owd_downlink_ms,298.7367,30700000
prediction_position_error_mm,11.536563746631145,30700000
prediction_orientation_error_deg,0,30700000
owd_uplink_ms,294.8966,30800000
owd_downlink_ms,294.5702,30800000
prediction_position_error_mm,12.543530203402042,30800000
prediction_orientation_error_deg,0,30800000
owd_uplink_ms,291.3661,30900000
owd_downlink_ms,295.0093,30900000
prediction_position_error_mm,18.069716170430183,30900000
prediction_orientation_error_deg,0,30900000
owd_uplink_ms,292.3893,31000000
owd_downlink_ms,293.1465,31000000
prediction_position_error_mm,13.877554796636105,31000000
prediction_orientation_error_deg,0,31000000
owd_uplink_ms,293.7758,31100000
owd_downlink_ms,295.9018,31100000
prediction_position_error_mm,15.744064003229141,31100000
prediction_orientation_error_deg,0,31100000
owd_uplink_ms,295.443,31200000
owd_downlink_ms,295.2585,31200000
prediction_position_error_mm,12.275290675461292,31200000
prediction_orientation_error_deg,0,31200000
owd_uplink_ms,299.7098,31300000
owd_downlink_ms,291.7614,31300000
prediction_position_error_mm,8.587753400206566,31300000
prediction_orientation_error_deg,0,31300000
owd_uplink_ms,292.1595,31400000
owd_downlink_ms,293.1484,31400000
prediction_position_error_mm,13.23063112795353,31400000
prediction_orientation_error_deg,0,31400000
owd_uplink_ms,294.4682,31500000
owd_downlink_ms,297.2518,31500000
prediction_position_error_mm,15.787366777658463,31500000
prediction_orientation_error_deg,0,31500000
owd_uplink_ms,294.8411,31600000
owd_downlink_ms,290.8469,31600000
prediction_position_error_mm,6.89887348562479,31600000
prediction_orientation_error_deg,0,31600000
owd_uplink_ms,293.2889,31700000
owd_downlink_ms,295.895,31700000
prediction_position_error_mm,15.108219347894192,31700000
prediction_orientation_error_deg,0,31700000
owd_uplink_ms,293.5789,31800000
owd_downlink_ms,291.7428,31800000
prediction_position_error_mm,8.587753400206566,31800000
prediction_orientation_error_deg,0,31800000
owd_uplink_ms,295.5691,31900000
owd_downlink_ms,295.2829,31900000
prediction_position_error_mm,10.424393229186535,31900000
prediction_orientation_error_deg,0,31900000
owd_uplink_ms,292.6089,32000000
owd_downlink_ms,293.6962,32000000
prediction_position_error_mm,12.263627722859383,32000000
prediction_orientation_error_deg,0,32000000
owd_uplink_ms,297.152,32100000
owd_downlink_ms,293.5618,32100000
prediction_position_error_mm,6.412672810256481,32100000
prediction_orientation_error_deg,0,32100000
owd_uplink_ms,299.3105,32200000
owd_downlink_ms,294.2691,32200000
prediction_position_error_mm,6.416142452508211,32200000
prediction_orientation_error_deg,0,32200000
owd_uplink_ms,296.8643,32300000
owd_downlink_ms,291.069,32300000
prediction_position_error_mm,7.2795320302248,32300000
prediction_orientation_error_deg,0,32300000
owd_uplink_ms,292.9133,32400000
owd_downlink_ms,291.2916,32400000
prediction_position_error_mm,7.170935161411762,32400000
prediction_orientation_error_deg,0,32400000
owd_uplink_ms,298.1304,32500000
owd_downlink_ms,297.5203,32500000
prediction_position_error_mm,8.135532960295677,32500000
prediction_orientation_error_deg,0,32500000
owd_uplink_ms,292.7563,32600000
owd_downlink_ms,294.2434,32600000
prediction_position_error_mm,10.937495157122612,32600000
prediction_orientation_error_deg,0,32600000
owd_uplink_ms,290.8916,32700000
owd_downlink_ms,298.7659,32700000
prediction_position_error_mm,20.74187807738781,32700000
prediction_orientation_error_deg,0,32700000
owd_uplink_ms,297.2862,32800000
owd_downlink_ms,298.4665,32800000
prediction_position_error_mm,10.544002056121826,32800000
prediction_orientation_error_deg,0,32800000
owd_uplink_ms,297.2655,32900000
owd_downlink_ms,296.0813,32900000
prediction_position_error_mm,7.075331639498472,32900000
prediction_orientation_error_deg,0,32900000
owd_uplink_ms,292.8985,33000000
owd_downlink_ms,290.8221,33000000
prediction_position_error_mm,6.007227580994368,33000000
prediction_orientation_error_deg,0,33000000
owd_uplink_ms,296.2748,33100000
owd_downlink_ms,293.1438,33100000
prediction_position_error_mm,5.538492929190397,33100000
prediction_orientation_error_deg,0,33100000
owd_uplink_ms,290.7919,33200000
owd_downlink_ms,294.8248,33200000
prediction_position_error_mm,14.017383567988873,33200000
prediction_orientation_error_deg,0,33200000
owd_uplink_ms,298.5248,33300000
owd_downlink_ms,299.1684,33300000
prediction_position_error_mm,8.684251457452774,33300000
prediction_orientation_error_deg,0,33300000
owd_uplink_ms,298.8069,33400000
owd_downlink_ms,297.0494,33400000
prediction_position_error_mm,5.68014569580555,33400000
prediction_orientation_error_deg,0,33400000
owd_uplink_ms,291.6251,33500000
owd_downlink_ms,295.8381,33500000
prediction_position_error_mm,13.89275211840868,33500000
prediction_orientation_error_deg,0,33500000
owd_uplink_ms,297.5967,33600000
owd_downlink_ms,298.0719,33600000
prediction_position_error_mm,7.997680455446243,33600000
prediction_orientation_error_deg,0,33600000
owd_uplink_ms,299.4704,33700000
owd_downlink_ms,297.3701,33700000
prediction_position_error_mm,5.216915626078844,33700000
prediction_orientation_error_deg,0,33700000
owd_uplink_ms,298.2597,33800000
owd_downlink_ms,291.4682,33800000
prediction_position_error_mm,11.13698910921812,33800000
prediction_orientation_error_deg,0,33800000
owd_uplink_ms,296.2949,33900000
owd_downlink_ms,295.7975,33900000
prediction_position_error_mm,5.867804400622845,33900000
prediction_orientation_error_deg,0,33900000
owd_uplink_ms,291.1448,34000000
owd_downlink_ms,296.8106,34000000
prediction_position_error_mm,15.02794586122036,34000000
prediction_orientation_error_deg,0,34000000
owd_uplink_ms,295.5682,34100000
owd_downlink_ms,296.2578,34100000
prediction_position_error_mm,7.189042400568724,34100000
prediction_orientation_error_deg,0,34100000
owd_uplink_ms,296.4815,34200000
owd_downlink_ms,291.1982,34200000
prediction_position_error_mm,8.932060562074184,34200000
prediction_orientation_error_deg,0,34200000
owd_uplink_ms,294.377,34300000
owd_downlink_ms,299.0506,34300000
prediction_position_error_mm,12.874383479356766,34300000
prediction_orientation_error_deg,0,34300000
owd_uplink_ms,295.5546,34400000
owd_downlink_ms,293.0373,34400000
prediction_position_error_mm,5.145675502717495,34400000
prediction_orientation_error_deg,0,34400000
owd_uplink_ms,294.4352,34500000
owd_downlink_ms,294.2974,34500000
prediction_position_error_mm,5.37907937541604,34500000
prediction_orientation_error_deg,0,34500000
owd_uplink_ms,296.5708,34600000
owd_downlink_ms,296.6268,34600000
prediction_position_error_mm,5.415032152086496,34600000
prediction_orientation_error_deg,0,34600000
owd_uplink_ms,292.6965,34700000
owd_downlink_ms,293.2376,34700000
prediction_position_error_mm,5.791881587356329,34700000
prediction_orientation_error_deg,0,34700000
owd_uplink_ms,299.0227,34800000
owd_downlink_ms,297.6188,34800000
prediction_position_error_mm,4.604477901011705,34800000
prediction_orientation_error_deg,0,34800000
owd_uplink_ms,296.9359,34900000
owd_downlink_ms,291.5627,34900000
prediction_position_error_mm,10.668509639799595,34900000
prediction_orientation_error_deg,0,34900000
owd_uplink_ms,297.3106,35000000
owd_downlink_ms,292.9043,35000000
prediction_position_error_mm,9.215600788593292,35000000
prediction_orientation_error_deg,0,35000000
owd_uplink_ms,289.1662,35100000
owd_downlink_ms,292.1221,35100000
prediction_position_error_mm,7.971929386258125,35100000
prediction_orientation_error_deg,0,35100000
owd_uplink_ms,293.6596,35200000
owd_downlink_ms,295.5788,35200000
prediction_position_error_mm,6.362108048051596,35200000
prediction_orientation_error_deg,0,35200000
owd_uplink_ms,295.8177,35300000
owd_downlink_ms,299.2404,35300000
prediction_position_error_mm,8.56452900916338,35300000
prediction_orientation_error_deg,0,35300000
owd_uplink_ms,298.5408,35400000
owd_downlink_ms,296.4031,35400000
prediction_position_error_mm,5.672666244208813,35400000
prediction_orientation_error_deg,0,35400000
owd_uplink_ms,289.8838,35500000
owd_downlink_ms,298.1901,35500000
prediction_position_error_mm,16.24932512640953,35500000
prediction_orientation_error_deg,0,35500000
owd_uplink_ms,294.8885,35600000
owd_downlink_ms,298.3072,35600000
prediction_position_error_mm,8.455494418740273,35600000
prediction_orientation_error_deg,0,35600000
owd_uplink_ms,293.66,35700000
owd_downlink_ms,291.529,35700000
prediction_position_error_mm,5.588735453784466,35700000
prediction_orientation_error_deg,0,35700000
owd_uplink_ms,290.5004,35800000
owd_downlink_ms,290.7623,35800000
prediction_position_error_mm,4.178822506219149,35800000
prediction_orientation_error_deg,0,35800000
owd_uplink_ms,293.9638,35900000
owd_downlink_ms,290.6003,35900000
prediction_position_error_mm,8.114604279398918,35900000
prediction_orientation_error_deg,0,35900000
owd_uplink_ms,292.6836,36000000
owd_downlink_ms,296.7345,36000000
prediction_position_error_mm,8.546613156795502,36000000
prediction_orientation_error_deg,0,36000000
owd_uplink_ms,295.8955,36100000
owd_downlink_ms,293.0499,36100000
prediction_position_error_mm,7.444020360708237,36100000
prediction_orientation_error_deg,0,36100000
owd_uplink_ms,291.0046,36200000
owd_downlink_ms,296.9456,36200000
prediction_position_error_mm,11.316501535475254,36200000
prediction_orientation_error_deg,0,36200000
owd_uplink_ms,298.3909,36300000
owd_downlink_ms,290.7756,36300000
prediction_position_error_mm,18.124958500266075,36300000
prediction_orientation_error_deg,0,36300000
owd_uplink_ms,291.9946,36400000
owd_downlink_ms,297.0593,36400000
prediction_position_error_mm,9.33142937719822,36400000
prediction_orientation_error_deg,0,36400000
owd_uplink_ms,291.0357,36500000
owd_downlink_ms,296.8374,36500000
prediction_position_error_mm,10.625241324305534,36500000
prediction_orientation_error_deg,0,36500000
owd_uplink_ms,295.4165,36600000
owd_downlink_ms,295.579,36600000
prediction_position_error_mm,3.8137752562761307,36600000
prediction_orientation_error_deg,0,36600000
owd_uplink_ms,295.339,36700000
owd_downlink_ms,290.8331,36700000
prediction_position_error_mm,11.566611006855965,36700000
prediction_orientation_error_deg,0,36700000
owd_uplink_ms,296.5482,36800000
owd_downlink_ms,296.1433,36800000
prediction_position_error_mm,4.480613861232996,36800000
prediction_orientation_error_deg,0,36800000
owd_uplink_ms,297.7481,36900000
owd_downlink_ms,298.0418,36900000
prediction_position_error_mm,3.8927101995795965,36900000
prediction_orientation_error_deg,0,36900000
owd_uplink_ms,299.6354,37000000
owd_downlink_ms,298.3641,37000000
prediction_position_error_mm,6.021864712238312,37000000
prediction_orientation_error_deg,0,37000000
owd_uplink_ms,295.8049,37100000
owd_downlink_ms,294.8129,37100000
prediction_position_error_mm,5.781321786344051,37100000
prediction_orientation_error_deg,0,37100000
owd_uplink_ms,296.4333,37200000
owd_downlink_ms,291.2683,37200000
prediction_position_error_mm,14.525419101119041,37200000
prediction_orientation_error_deg,0,37200000
owd_uplink_ms,298.1295,37300000
owd_downlink_ms,296.1652,37300000
prediction_position_error_mm,8.255521766841412,37300000
prediction_orientation_error_deg,0,37300000
owd_uplink_ms,297.7789,37400000
owd_downlink_ms,296.5297,37400000
prediction_position_error_mm,7.193420547991991,37400000
prediction_orientation_error_deg,0,37400000
owd_uplink_ms,292.091,37500000
owd_downlink_ms,299.8753,37500000
prediction_position_error_mm,11.101608164608479,37500000
prediction_orientation_error_deg,0,37500000
owd_uplink_ms,293.9658,37600000
owd_downlink_ms,296.298,37600000
prediction_position_error_mm,3.5134756471961737,37600000
prediction_orientation_error_deg,0,37600000
owd_uplink_ms,295.0202,37700000
owd_downlink_ms,290.6144,37700000
prediction_position_error_mm,13.73177394270897,37700000
prediction_orientation_error_deg,0,37700000
owd_uplink_ms,295.4912,37800000
owd_downlink_ms,295.664,37800000
prediction_position_error_mm,5.165792070329189,37800000
prediction_orientation_error_deg,0,37800000
owd_uplink_ms,296.2315,37900000
owd_downlink_ms,292.7047,37900000
prediction_position_error_mm,12.498305179178715,37900000
prediction_orientation_error_deg,0,37900000
owd_uplink_ms,295.8576,38000000
owd_downlink_ms,291.532,38000000
prediction_position_error_mm,14.689469709992409,38000000
prediction_orientation_error_deg,0,38000000
owd_uplink_ms,291.6424,38100000
owd_downlink_ms,298.967,38100000
prediction_position_error_mm,8.856365457177162,38100000
prediction_orientation_error_deg,0,38100000
owd_uplink_ms,296.0399,38200000
owd_downlink_ms,296.4225,38200000
prediction_position_error_mm,5.479616578668356,38200000
prediction_orientation_error_deg,0,38200000
owd_uplink_ms,292.3618,38300000
owd_downlink_ms,295.3509,38300000
prediction_position_error_mm,3.1996697653084993,38300000
prediction_orientation_error_deg,0,38300000
owd_uplink_ms,293.7399,38400000
owd_downlink_ms,291.2761,38400000
prediction_position_error_mm,11.063123121857643,38400000
prediction_orientation_error_deg,0,38400000
owd_uplink_ms,294.9368,38500000
owd_downlink_ms,296.8488,38500000
prediction_position_error_mm,3.7210944574326277,38500000
prediction_orientation_error_deg,0,38500000
owd_uplink_ms,299.3057,38600000
owd_downlink_ms,298.6458,38600000
prediction_position_error_mm,7.90213979780674,38600000
prediction_orientation_error_deg,0,38600000
owd_uplink_ms,295.8357,38700000
owd_downlink_ms,297.9984,38700000
prediction_position_error_mm,3.617222188040614,38700000
prediction_orientation_error_deg,0,38700000
owd_uplink_ms,299.6155,38800000
owd_downlink_ms,294.8898,38800000
prediction_position_error_mm,16.68323203921318,38800000
prediction_orientation_error_deg,0,38800000
owd_uplink_ms,296.6905,38900000
owd_downlink_ms,299.7731,38900000
prediction_position_error_mm,3.1066094525158405,38900000
prediction_orientation_error_deg,0,38900000
owd_uplink_ms,297.6596,39000000
owd_downlink_ms,297.6754,39000000
prediction_position_error_mm,7.4165272526443005,39000000
prediction_orientation_error_deg,0,39000000
owd_uplink_ms,292.7533,39100000
owd_downlink_ms,292.8206,39100000
prediction_position_error_mm,7.511639967560768,39100000
prediction_orientation_error_deg,0,39100000
owd_uplink_ms,297.2521,39200000
owd_downlink_ms,291.8944,39200000
prediction_position_error_mm,18.98708939552307,39200000
prediction_orientation_error_deg,0,39200000
owd_uplink_ms,292.0216,39300000
owd_downlink_ms,298.6144,39300000
prediction_position_error_mm,5.24593610316515,39300000
prediction_orientation_error_deg,0,39300000
owd_uplink_ms,297.6566,39400000
owd_downlink_ms,293.394,39400000
prediction_position_error_mm,16.83937944471836,39400000
prediction_orientation_error_deg,0,39400000
owd_uplink_ms,296.5949,39500000
owd_downlink_ms,299.854,39500000
prediction_position_error_mm,3.405296942219138,39500000
prediction_orientation_error_deg,0,39500000
owd_uplink_ms,293.6886,39600000
owd_downlink_ms,296.0691,39600000
prediction_position_error_mm,4.5178113505244255,39600000
prediction_orientation_error_deg,0,39600000
owd_uplink_ms,297.7547,39700000
owd_downlink_ms,292.4422,39700000
prediction_position_error_mm,19.637925550341606,39700000
prediction_orientation_error_deg,0,39700000
owd_uplink_ms,292.0199,39800000
owd_downlink_ms,297.2696,39800000
prediction_position_error_mm,2.9474275652319193,39800000
prediction_orientation_error_deg,0,39800000
owd_uplink_ms,293.7423,39900000
owd_downlink_ms,296.6383,39900000
prediction_position_error_mm,4.159007221460342,39900000
prediction_orientation_error_deg,0,39900000
owd_uplink_ms,299.9927,40000000
owd_downlink_ms,297.9716,40000000
prediction_position_error_mm,13.004773296415806,40000000
prediction_orientation_error_deg,0,40000000
owd_uplink_ms,295.0882,40100000
owd_downlink_ms,295.733,40100000
prediction_position_error_mm,8.20277165621519,40100000
prediction_orientation_error_deg,0,40100000
owd_uplink_ms,298.5978,40200000
owd_downlink_ms,295.3343,40200000
prediction_position_error_mm,16.025638207793236,40200000
prediction_orientation_error_deg,0,40200000
owd_uplink_ms,296.2143,40300000
owd_downlink_ms,295.8055,40300000
prediction_position_error_mm,10.7231130823493,40300000
prediction_orientation_error_deg,0,40300000
owd_uplink_ms,293.1089,40400000
owd_downlink_ms,299.0868,40400000
prediction_position_error_mm,2.815169980749488,40400000
prediction_orientation_error_deg,0,40400000
owd_uplink_ms,299.6685,40500000
owd_downlink_ms,290.8558,40500000
prediction_position_error_mm,28.877345845103264,40500000
prediction_orientation_error_deg,0,40500000
owd_uplink_ms,295.1042,40600000
owd_downlink_ms,294.5004,40600000
prediction_position_error_mm,11.880877427756786,40600000
prediction_orientation_error_deg,0,40600000
owd_uplink_ms,298.9521,40700000
owd_downlink_ms,299.3945,40700000
prediction_position_error_mm,10.155736468732357,40700000
prediction_orientation_error_deg,0,40700000
owd_uplink_ms,297.4598,40800000
owd_downlink_ms,295.472,40800000
prediction_position_error_mm,14.970493502914906,40800000
prediction_orientation_error_deg,0,40800000
owd_uplink_ms,294.3801,40900000
owd_downlink_ms,295.2658,40900000
prediction_position_error_mm,9.838645346462727,40900000
prediction_orientation_error_deg,0,40900000
owd_uplink_ms,291.3751,41000000
owd_downlink_ms,298.5031,41000000
prediction_position_error_mm,2.7676853351294994,41000000
prediction_orientation_error_deg,0,41000000
owd_uplink_ms,298.6328,41100000
owd_downlink_ms,299.1593,41100000
prediction_position_error_mm,10.418632999062538,41100000
prediction_orientation_error_deg,0,41100000
owd_uplink_ms,295.2267,41200000
owd_downlink_ms,290.4711,41200000
prediction_position_error_mm,20.923122763633728,41200000
prediction_orientation_error_deg,0,41200000
owd_uplink_ms,294.0224,41300000
owd_downlink_ms,290.8787,41300000
prediction_position_error_mm,18.069889396429062,41300000
prediction_orientation_error_deg,0,41300000
owd_uplink_ms,293.9879,41400000
owd_downlink_ms,294.8399,41400000
prediction_position_error_mm,10.860633105039597,41400000
prediction_orientation_error_deg,0,41400000
owd_uplink_ms,295.5723,41500000
owd_downlink_ms,298.8415,41500000
prediction_position_error_mm,6.907991133630276,41500000
prediction_orientation_error_deg,0,41500000
owd_uplink_ms,292.2444,41600000
owd_downlink_ms,298.9136,41600000
prediction_position_error_mm,2.607555827125907,41600000
prediction_orientation_error_deg,0,41600000
owd_uplink_ms,291.316,41700000
owd_downlink_ms,293.7178,41700000
prediction_position_error_mm,8.193712681531906,41700000
prediction_orientation_error_deg,0,41700000
owd_uplink_ms,294.8853,41800000
owd_downlink_ms,295.7104,41800000
prediction_position_error_mm,10.946248658001423,41800000
prediction_orientation_error_deg,0,41800000
owd_uplink_ms,292.3937,41900000
owd_downlink_ms,295.8246,41900000
prediction_position_error_mm,6.780988071113825,41900000
prediction_orientation_error_deg,0,41900000
owd_uplink_ms,294.7198,42000000
owd_downlink_ms,296.5801,42000000
prediction_position_error_mm,9.346140548586845,42000000
prediction_orientation_error_deg,0,42000000
owd_uplink_ms,294.571,42100000
owd_downlink_ms,296.4547,42100000
prediction_position_error_mm,9.409766644239426,42100000
prediction_orientation_error_deg,0,42100000
owd_uplink_ms,298.0769,42200000
owd_downlink_ms,294.8259,42200000
prediction_position_error_mm,18.688810989260674,42200000
prediction_orientation_error_deg,0,42200000
owd_uplink_ms,299.1242,42300000
owd_downlink_ms,289.4959,42300000
prediction_position_error_mm,32.407961785793304,42300000
prediction_orientation_error_deg,0,42300000
owd_uplink_ms,291.2474,42400000
owd_downlink_ms,294.2069,42400000
prediction_position_error_mm,8.88113770633936,42400000
prediction_orientation_error_deg,0,42400000
owd_uplink_ms,297.0834,42500000
owd_downlink_ms,295.2841,42500000
prediction_position_error_mm,17.053011804819107,42500000
prediction_orientation_error_deg,0,42500000
owd_uplink_ms,299.7387,42600000
owd_downlink_ms,297.6211,42600000
prediction_position_error_mm,17.905671149492264,42600000
prediction_orientation_error_deg,0,42600000
owd_uplink_ms,293.5339,42700000
owd_downlink_ms,293.5583,42700000
prediction_position_error_mm,14.39561415463686,42700000
prediction_orientation_error_deg,0,42700000
owd_uplink_ms,294.7245,42800000
owd_downlink_ms,297.0124,42800000
prediction_position_error_mm,10.830429382622242,42800000
prediction_orientation_error_deg,0,42800000
owd_uplink_ms,295.5288,42900000
owd_downlink_ms,290.1384,42900000
prediction_position_error_mm,24.549009278416634,42900000
prediction_orientation_error_deg,0,42900000
owd_uplink_ms,297.2919,43000000
owd_downlink_ms,291.2349,43000000
prediction_position_error_mm,26.30719169974327,43000000
prediction_orientation_error_deg,0,43000000
owd_uplink_ms,298.3699,43100000
owd_downlink_ms,300.4031,43100000
prediction_position_error_mm,12.319965288043022,43100000
prediction_orientation_error_deg,0,43100000
owd_uplink_ms,293.1723,43200000
owd_downlink_ms,295.754,43200000
prediction_position_error_mm,11.54906116425991,43200000
prediction_orientation_error_deg,0,43200000
owd_uplink_ms,295.1952,43300000
owd_downlink_ms,299.0906,43300000
prediction_position_error_mm,9.624718688428402,43300000
prediction_orientation_error_deg,0,43300000
owd_uplink_ms,293.3956,43400000
owd_downlink_ms,292.1295,43400000
prediction_position_error_mm,17.852632328867912,43400000
prediction_orientation_error_deg,0,43400000
owd_uplink_ms,292.9921,43500000
owd_downlink_ms,293.2665,43500000
prediction_position_error_mm,15.522006899118423,43500000
prediction_orientation_error_deg,0,43500000
owd_uplink_ms,295.1407,43600000
owd_downlink_ms,292.7692,43600000
prediction_position_error_mm,20.11370100080967,43600000
prediction_orientation_error_deg,0,43600000
owd_uplink_ms,293.4987,43700000
owd_downlink_ms,296.3783,43700000
prediction_position_error_mm,11.9407894089818,43700000
prediction_orientation_error_deg,0,43700000
owd_uplink_ms,291.2586,43800000
owd_downlink_ms,291.5898,43800000
prediction_position_error_mm,15.915652737021446,43800000
prediction_orientation_error_deg,0,43800000
owd_uplink_ms,296.2042,43900000
owd_downlink_ms,297.7844,43900000
prediction_position_error_mm,14.130721800029278,43900000
prediction_orientation_error_deg,0,43900000
owd_uplink_ms,293.6701,44000000
owd_downlink_ms,290.3837,44000000
prediction_position_error_mm,22.108392789959908,44000000
prediction_orientation_error_deg,0,44000000
owd_uplink_ms,293.4956,44100000
owd_downlink_ms,291.9105,44100000
prediction_position_error_mm,19.55481804907322,44100000
prediction_orientation_error_deg,0,44100000
owd_uplink_ms,293.6154,44200000
owd_downlink_ms,290.9443,44200000
prediction_position_error_mm,21.571295335888863,44200000
prediction_orientation_error_deg,0,44200000
owd_uplink_ms,290.7172,44300000
owd_downlink_ms,295.495,44300000
prediction_position_error_mm,10.614460334181786,44300000
prediction_orientation_error_deg,0,44300000
owd_uplink_ms,293.6226,44400000
owd_downlink_ms,292.7443,44400000
prediction_position_error_mm,18.836943432688713,44400000
prediction_orientation_error_deg,0,44400000
owd_uplink_ms,293.0174,44500000
owd_downlink_ms,290.8206,44500000
prediction_position_error_mm,21.11601084470749,44500000
prediction_orientation_error_deg,0,44500000
owd_uplink_ms,295.313,44600000
owd_downlink_ms,297.5465,44600000
prediction_position_error_mm,14.673312194645405,44600000
prediction_orientation_error_deg,0,44600000
owd_uplink_ms,297.8176,44700000
owd_downlink_ms,298.968,44700000
prediction_position_error_mm,16.300469636917114,44700000
prediction_orientation_error_deg,0,44700000
owd_uplink_ms,294.4716,44800000
owd_downlink_ms,290.6299,44800000
prediction_position_error_mm,24.07088130712509,44800000
prediction_orientation_error_deg,0,44800000
owd_uplink_ms,295.2575,44900000
owd_downlink_ms,297.2312,44900000
prediction_position_error_mm,15.602489933371544,44900000
prediction_orientation_error_deg,0,44900000
owd_uplink_ms,296.1046,45000000
owd_downlink_ms,293.1223,45000000
prediction_position_error_mm,22.990742698311806,45000000
prediction_orientation_error_deg,0,45000000
owd_uplink_ms,297.1265,45100000
owd_downlink_ms,293.636,45100000
prediction_position_error_mm,24.03896488249302,45100000
prediction_orientation_error_deg,0,45100000
owd_uplink_ms,294.9629,45200000
owd_downlink_ms,299.9728,45200000
prediction_position_error_mm,12.364995665848255,45200000
prediction_orientation_error_deg,0,45200000
owd_uplink_ms,295.9548,45300000
owd_downlink_ms,296.8721,45300000
prediction_position_error_mm,17.712295055389404,45300000
prediction_orientation_error_deg,0,45300000
owd_uplink_ms,299.2864,45400000
owd_downlink_ms,295.5656,45400000
prediction_position_error_mm,24.556130170822144,45400000
prediction_orientation_error_deg,0,45400000
owd_uplink_ms,290.9587,45500000
owd_downlink_ms,297.5306,45500000
prediction_position_error_mm,11.038477532565594,45500000
prediction_orientation_error_deg,0,45500000
owd_uplink_ms,298.8506,45600000
owd_downlink_ms,296.2641,45600000
prediction_position_error_mm,22.908832877874374,45600000
prediction_orientation_error_deg,0,45600000
owd_uplink_ms,296.0057,45700000
owd_downlink_ms,293.8303,45700000
prediction_position_error_mm,22.53539301455021,45700000
prediction_orientation_error_deg,0,45700000
owd_uplink_ms,292.5481,45800000
owd_downlink_ms,291.9825,45800000
prediction_position_error_mm,20.497940480709076,45800000
prediction_orientation_error_deg,0,45800000
owd_uplink_ms,295.2526,45900000
owd_downlink_ms,297.8126,45900000
prediction_position_error_mm,16.61083474755287,45900000
prediction_orientation_error_deg,0,45900000
owd_uplink_ms,290.9337,46000000
owd_downlink_ms,291.1869,46000000
prediction_position_error_mm,19.587475806474686,46000000
prediction_orientation_error_deg,0,46000000
owd_uplink_ms,291.6082,46100000
owd_downlink_ms,298.9443,46100000
prediction_position_error_mm,11.396531946957111,46100000
prediction_orientation_error_deg,0,46100000
owd_uplink_ms,300.2755,46200000
owd_downlink_ms,295.6898,46200000
prediction_position_error_mm,26.075508445501328,46200000
prediction_orientation_error_deg,0,46200000
owd_uplink_ms,298.1679,46300000
owd_downlink_ms,290.8404,46300000
prediction_position_error_mm,30.384304001927376,46300000
prediction_orientation_error_deg,0,46300000
owd_uplink_ms,297.5757,46400000
owd_downlink_ms,294.9581,46400000
prediction_position_error_mm,23.99246208369732,46400000
prediction_orientation_error_deg,0,46400000
owd_uplink_ms,295.5362,46500000
owd_downlink_ms,293.2991,46500000
prediction_position_error_mm,23.678772151470184,46500000
prediction_orientation_error_deg,0,46500000
owd_uplink_ms,291.6313,46600000
owd_downlink_ms,294.9891,46600000
prediction_position_error_mm,17.11288094520569,46600000
prediction_orientation_error_deg,0,46600000
owd_uplink_ms,294.6544,46700000
owd_downlink_ms,293.3631,46700000
prediction_position_error_mm,22.602790966629982,46700000
prediction_orientation_error_deg,0,46700000
owd_uplink_ms,298.7069,46800000
owd_downlink_ms,299.8659,46800000
prediction_position_error_mm,19.834667444229126,46800000
prediction_orientation_error_deg,0,46800000
owd_uplink_ms,291.2228,46900000
owd_downlink_ms,292.1608,46900000
prediction_position_error_mm,20.173324272036552,46900000
prediction_orientation_error_deg,0,46900000
owd_uplink_ms,295.9716,47000000
owd_downlink_ms,298.9455,47000000
prediction_position_error_mm,18.03281158208847,47000000
prediction_orientation_error_deg,0,47000000
owd_uplink_ms,294.937,47100000
owd_downlink_ms,295.977,47100000
prediction_position_error_mm,20.170768722891808,47100000
prediction_orientation_error_deg,0,47100000
owd_uplink_ms,298.7645,47200000
owd_downlink_ms,297.2259,47200000
prediction_position_error_mm,23.163003847002983,47200000
prediction_orientation_error_deg,0,47200000
owd_uplink_ms,293.2143,47300000
owd_downlink_ms,294.6876,47300000
prediction_position_error_mm,19.977005198597908,47300000
prediction_orientation_error_deg,0,47300000
owd_uplink_ms,293.8529,47400000
owd_downlink_ms,297.5433,47400000
prediction_position_error_mm,17.805099487304688,47400000
prediction_orientation_error_deg,0,47400000
owd_uplink_ms,297.995,47500000
owd_downlink_ms,295.0726,47500000
prediction_position_error_mm,24.838080629706383,47500000
prediction_orientation_error_deg,0,47500000
owd_uplink_ms,294.9117,47600000
owd_downlink_ms,293.5645,47600000
prediction_position_error_mm,23.242516443133354,47600000
prediction_orientation_error_deg,0,47600000
owd_uplink_ms,295.1004,47700000
owd_downlink_ms,295.5385,47700000
prediction_position_error_mm,21.49871177971363,47700000
prediction_orientation_error_deg,0,47700000
owd_uplink_ms,296.2666,47800000
owd_downlink_ms,292.2335,47800000
prediction_position_error_mm,26.354441419243813,47800000
prediction_orientation_error_deg,0,47800000
owd_uplink_ms,295.3865,47900000
owd_downlink_ms,294.6596,47900000
prediction_position_error_mm,22.991294041275978,47900000
prediction_orientation_error_deg,0,47900000
owd_uplink_ms,292.1872,48000000
owd_downlink_ms,299.5907,48000000
prediction_position_error_mm,15.733476728200912,48000000
prediction_orientation_error_deg,0,48000000
owd_uplink_ms,295.4085,48100000
owd_downlink_ms,298.9638,48100000
prediction_position_error_mm,18.95819790661335,48100000
prediction_orientation_error_deg,0,48100000
owd_uplink_ms,298.563,48200000
owd_downlink_ms,296.3756,48200000
prediction_position_error_mm,24.337561801075935,48200000
prediction_orientation_error_deg,0,48200000
owd_uplink_ms,293.8696,48300000
owd_downlink_ms,295.7961,48300000
prediction_position_error_mm,20.626744255423546,48300000
prediction_orientation_error_deg,0,48300000
owd_uplink_ms,298.4083,48400000
owd_downlink_ms,295.4793,48400000
prediction_position_error_mm,25.165701285004616,48400000
prediction_orientation_error_deg,0,48400000
owd_uplink_ms,295.0378,48500000
owd_downlink_ms,296.2146,48500000
prediction_position_error_mm,21.53603732585907,48500000
prediction_orientation_error_deg,0,48500000
owd_uplink_ms,293.8427,48600000
owd_downlink_ms,296.6479,48600000
prediction_position_error_mm,20.25715634226799,48600000
prediction_orientation_error_deg,0,48600000
owd_uplink_ms,293.1316,48700000
owd_downlink_ms,290.182,48700000
prediction_position_error_mm,25.242047384381294,48700000
prediction_orientation_error_deg,0,48700000
owd_uplink_ms,290.618,48800000
owd_downlink_ms,291.55,48800000
prediction_position_error_mm,22.01271988451481,48800000
prediction_orientation_error_deg,0,48800000
owd_uplink_ms,291.463,48900000
owd_downlink_ms,297.8104,48900000
prediction_position_error_mm,18.039057031273842,48900000
prediction_orientation_error_deg,0,48900000
owd_uplink_ms,299.623,49000000
owd_downlink_ms,291.126,49000000
prediction_position_error_mm,30.35598248243332,49000000
prediction_orientation_error_deg,0,49000000
owd_uplink_ms,293.7997,49100000
owd_downlink_ms,298.3979,49100000
prediction_position_error_mm,19.644921645522118,49100000
prediction_orientation_error_deg,0,49100000
owd_uplink_ms,291.1271,49200000
owd_downlink_ms,293.6481,49200000
prediction_position_error_mm,21.133415400981903,49200000
prediction_orientation_error_deg,0,49200000
owd_uplink_ms,294.7662,49300000
owd_downlink_ms,293.6077,49300000
prediction_position_error_mm,23.877499625086784,49300000
prediction_orientation_error_deg,0,49300000
owd_uplink_ms,292.4487,49400000
owd_downlink_ms,294.0911,49400000
prediction_position_error_mm,21.934786811470985,49400000
prediction_orientation_error_deg,0,49400000
owd_uplink_ms,293.981,49500000
owd_downlink_ms,297.4113,49500000
prediction_position_error_mm,20.812636241316795,49500000
prediction_orientation_error_deg,0,49500000
owd_uplink_ms,297.6833,49600000
owd_downlink_ms,290.3344,49600000
prediction_position_error_mm,28.68497371673584,49600000
prediction_orientation_error_deg,0,49600000
owd_uplink_ms,291.015,49700000
owd_downlink_ms,293.2653,49700000
prediction_position_error_mm,21.87921851873398,49700000
prediction_orientation_error_deg,0,49700000
owd_uplink_ms,300.0287,49800000
owd_downlink_ms,296.3155,49800000
prediction_position_error_mm,25.887049734592438,49800000
prediction_orientation_error_deg,0,49800000
owd_uplink_ms,292.3148,49900000
owd_downlink_ms,291.0638,49900000
prediction_position_error_mm,24.289464578032494,49900000
prediction_orientation_error_deg,0,49900000
owd_uplink_ms,294.315,50000000
owd_downlink_ms,291.1957,50000000
prediction_position_error_mm,25.555552914738655,50000000
prediction_orientation_error_deg,0,50000000
prediction_position_error_mm,0,100000
prediction_orientation_error_deg,0,100000
prediction_position_error_mm,0,200000
prediction_orientation_error_deg,0,200000
prediction_position_error_mm,0,300000
prediction_orientation_error_deg,0,300000
prediction_position_error_mm,0,400000
prediction_orientation_error_deg,0,400000
prediction_position_error_mm,0,500000
prediction_orientation_error_deg,0,500000
prediction_position_error_mm,0,600000
prediction_orientation_error_deg,0,600000
prediction_position_error_mm,0,700000
prediction_orientation_error_deg,0,700000
prediction_position_error_mm,0,800000
prediction_orientation_error_deg,0,800000
prediction_position_error_mm,0,900000
prediction_orientation_error_deg,0,900000
prediction_position_error_mm,0,1000000
prediction_orientation_error_deg,0,1000000
prediction_position_error_mm,0,1100000
prediction_orientation_error_deg,0,1100000
prediction_position_error_mm,0,1200000
prediction_orientation_error_deg,0,1200000
prediction_position_error_mm,0,1300000
prediction_orientation_error_deg,0,1300000
prediction_position_error_mm,0,1400000
prediction_orientation_error_deg,0,1400000
prediction_position_error_mm,0,1500000
prediction_orientation_error_deg,0,1500000
prediction_position_error_mm,0,1600000
prediction_orientation_error_deg,0,1600000
prediction_position_error_mm,0,1700000
prediction_orientation_error_deg,0,1700000
prediction_position_error_mm,0,1800000
prediction_orientation_error_deg,0,1800000
prediction_position_error_mm,0,1900000
prediction_orientation_error_deg,0,1900000
prediction_position_error_mm,0,2000000
prediction_orientation_error_deg,0,2000000
prediction_position_error_mm,0,2100000
prediction_orientation_error_deg,0,2100000
prediction_position_error_mm,0,2200000
prediction_orientation_error_deg,0,2200000
prediction_position_error_mm,0,2300000
prediction_orientation_error_deg,0,2300000
prediction_position_error_mm,0,2400000
prediction_orientation_error_deg,0,2400000
prediction_position_error_mm,0,2500000
prediction_orientation_error_deg,0,2500000
prediction_position_error_mm,0,2600000
prediction_orientation_error_deg,0,2600000
prediction_position_error_mm,0,2700000
prediction_orientation_error_deg,0,2700000
prediction_position_error_mm,0,2800000
prediction_orientation_error_deg,0,2800000
prediction_position_error_mm,0,2900000
prediction_orientation_error_deg,0,2900000
prediction_position_error_mm,0,3000000
prediction_orientation_error_deg,0,3000000
prediction_position_error_mm,1299.9999523162842,3100000
prediction_orientation_error_deg,0,3100000
prediction_position_error_mm,1300.0023365020752,3200000
prediction_orientation_error_deg,0,3200000
prediction_position_error_mm,1300.0091314315796,3300000
prediction_orientation_error_deg,0,3300000
prediction_position_error_mm,1300.020456314087,3400000
prediction_orientation_error_deg,0,3400000
prediction_position_error_mm,1300.0361919403076,3500000
prediction_orientation_error_deg,0,3500000
prediction_position_error_mm,1300.0564575195312,3600000
prediction_orientation_error_deg,0,3600000
prediction_position_error_mm,1300.0812530517578,3700000
prediction_orientation_error_deg,0,3700000
prediction_position_error_mm,1300.1103401184082,3800000
prediction_orientation_error_deg,0,3800000
prediction_position_error_mm,1300.143837928772,3900000
prediction_orientation_error_deg,0,3900000
prediction_position_error_mm,1300.1817464828491,4000000
prediction_orientation_error_deg,0,4000000
prediction_position_error_mm,1300.2238273620605,4100000
prediction_orientation_error_deg,0,4100000
prediction_position_error_mm,1300.2701997756958,4200000
prediction_orientation_error_deg,0,4200000
prediction_position_error_mm,1300.3205060958862,4300000
prediction_orientation_error_deg,0,4300000
prediction_position_error_mm,1300.3751039505005,4400000
prediction_orientation_error_deg,0,4400000
prediction_position_error_mm,1300.4335165023804,4500000
prediction_orientation_error_deg,0,4500000
prediction_position_error_mm,1300.495982170105,4600000
prediction_orientation_error_deg,0,4600000
prediction_position_error_mm,1300.5622625350952,4700000
prediction_orientation_error_deg,0,4700000
prediction_position_error_mm,1300.632119178772,4800000
prediction_orientation_error_deg,0,4800000
prediction_position_error_mm,1300.7055521011353,4900000
prediction_orientation_error_deg,0,4900000
prediction_position_error_mm,1300.782561302185,5000000
prediction_orientation_error_deg,0,5000000
prediction_position_error_mm,1300.8630275726318,5100000
prediction_orientation_error_deg,0,5100000
prediction_position_error_mm,1300.946593284607,5200000
prediction_orientation_error_deg,0,5200000
prediction_position_error_mm,1301.0333776474,5300000
prediction_orientation_error_deg,0,5300000
prediction_position_error_mm,1301.1231422424316,5400000
prediction_orientation_error_deg,0,5400000
prediction_position_error_mm,1301.2155294418335,5500000
prediction_orientation_error_deg,0,5500000
prediction_position_error_mm,1301.3107776641846,5600000
prediction_orientation_error_deg,0,5600000
prediction_position_error_mm,1301.4086484909058,5700000
prediction_orientation_error_deg,0,5700000
prediction_position_error_mm,1301.5087842941284,5800000
prediction_orientation_error_deg,0,5800000
prediction_position_error_mm,1301.6111850738525,5900000
prediction_orientation_error_deg,0,5900000
prediction_position_error_mm,1301.715612411499,6000000
prediction_orientation_error_deg,0,6000000
owd_uplink_ms,295.832,6100000
owd_downlink_ms,295.8321,6100000
correction_magnitude_mm,1299.9999523162842,3102859
correction_magnitude_deg,0,3102859
prediction_position_error_mm,147.90701866149902,6100000
prediction_orientation_error_deg,0,6100000
owd_uplink_ms,292.7509,6200000
owd_downlink_ms,295.9213,6200000
prediction_position_error_mm,7.700612302869558,6200000
prediction_orientation_error_deg,0,6200000
owd_uplink_ms,298.8129,6300000
owd_downlink_ms,292.9781,6300000
prediction_position_error_mm,16.01543091237545,6300000
prediction_orientation_error_deg,0,6300000
owd_uplink_ms,291.7914,6400000
owd_downlink_ms,295.4691,6400000
prediction_position_error_mm,7.862824946641922,6400000
prediction_orientation_error_deg,0,6400000
owd_uplink_ms,296.8483,6500000
owd_downlink_ms,292.3119,6500000
prediction_position_error_mm,13.963593170046806,6500000
prediction_orientation_error_deg,0,6500000
owd_uplink_ms,291.4578,6600000
owd_downlink_ms,291.9443,6600000
prediction_position_error_mm,7.256071083247662,6600000
prediction_orientation_error_deg,0,6600000
owd_uplink_ms,291.7693,6700000
owd_downlink_ms,293.9613,6700000
prediction_position_error_mm,6.867764052003622,6700000
prediction_orientation_error_deg,0,6700000
owd_uplink_ms,298.789,6800000
owd_downlink_ms,295.817,6800000
prediction_position_error_mm,11.788295581936836,6800000
prediction_orientation_error_deg,0,6800000
owd_uplink_ms,290.4641,6900000
owd_downlink_ms,295.6114,6900000
prediction_position_error_mm,8.68944451212883,6900000
prediction_orientation_error_deg,0,6900000
owd_uplink_ms,294.7393,7000000
owd_downlink_ms,290.2791,7000000
prediction_position_error_mm,14.719338156282902,7000000
prediction_orientation_error_deg,0,7000000
owd_uplink_ms,292.8306,7100000
owd_downlink_ms,296.2905,7100000
prediction_position_error_mm,7.172213401645422,7100000
prediction_orientation_error_deg,0,7100000
owd_uplink_ms,293.5848,7200000
owd_downlink_ms,297.7626,7200000
prediction_position_error_mm,7.634013891220093,7200000
prediction_orientation_error_deg,0,7200000
owd_uplink_ms,298.9234,7300000
owd_downlink_ms,298.0658,7300000
prediction_position_error_mm,9.150913916528225,7300000
prediction_orientation_error_deg,0,7300000
owd_uplink_ms,295.9952,7400000
owd_downlink_ms,298.7249,7400000
prediction_position_error_mm,6.946887820959091,7400000
prediction_orientation_error_deg,0,7400000
owd_uplink_ms,292.5775,7500000
owd_downlink_ms,291.3467,7500000
prediction_position_error_mm,9.873169474303722,7500000
prediction_orientation_error_deg,0,7500000
owd_uplink_ms,297.9818,7600000
owd_downlink_ms,293.185,7600000
prediction_position_error_mm,16.239408403635025,7600000
prediction_orientation_error_deg,0,7600000
owd_uplink_ms,291.4995,7700000
owd_downlink_ms,292.8088,7700000
prediction_position_error_mm,7.577438373118639,7700000
prediction_orientation_error_deg,0,7700000
owd_uplink_ms,298.6496,7800000
owd_downlink_ms,295.1717,7800000
prediction_position_error_mm,14.307146891951561,7800000
prediction_orientation_error_deg,0,7800000
owd_uplink_ms,291.3158,7900000
owd_downlink_ms,292.4967,7900000
prediction_position_error_mm,7.945438846945763,7900000
prediction_orientation_error_deg,0,7900000
owd_uplink_ms,297.8829,8000000
owd_downlink_ms,293.5067,8000000
prediction_position_error_mm,16.47971011698246,8000000
prediction_orientation_error_deg,0,8000000
owd_uplink_ms,293.3804,8100000
owd_downlink_ms,298.2491,8100000
prediction_position_error_mm,7.398359011858702,8100000
prediction_orientation_error_deg,0,8100000
owd_uplink_ms,294.0703,8200000
owd_downlink_ms,295.5538,8200000
prediction_position_error_mm,7.986531592905521,8200000
prediction_orientation_error_deg,0,8200000
owd_uplink_ms,295.437,8300000
owd_downlink_ms,292.6454,8300000
prediction_position_error_mm,13.9788081869483,8300000
prediction_orientation_error_deg,0,8300000
owd_uplink_ms,290.2852,8400000
owd_downlink_ms,290.1255,8400000
prediction_position_error_mm,10.15713345259428,8400000
prediction_orientation_error_deg,0,8400000
owd_uplink_ms,295.9615,8500000
owd_downlink_ms,294.0711,8500000
prediction_position_error_mm,12.946977280080318,8500000
prediction_orientation_error_deg,0,8500000
owd_uplink_ms,296.7647,8600000
owd_downlink_ms,299.1632,8600000
prediction_position_error_mm,7.808223366737366,8600000
prediction_orientation_error_deg,0,8600000
owd_uplink_ms,291.8723,8700000
owd_downlink_ms,296.0207,8700000
prediction_position_error_mm,7.220796309411526,8700000
prediction_orientation_error_deg,0,8700000
owd_uplink_ms,297.258,8800000
owd_downlink_ms,298.2175,8800000
prediction_position_error_mm,9.196501225233078,8800000
prediction_orientation_error_deg,0,8800000
owd_uplink_ms,297.3356,8900000
owd_downlink_ms,296.6153,8900000
prediction_position_error_mm,11.517593637108803,8900000
prediction_orientation_error_deg,0,8900000
owd_uplink_ms,295.4155,9000000
owd_downlink_ms,290.5524,9000000
prediction_position_error_mm,18.91881972551346,9000000
prediction_orientation_error_deg,0,9000000
owd_uplink_ms,297.8773,9100000
owd_downlink_ms,296.5306,9100000
prediction_position_error_mm,13.092493638396263,9100000
prediction_orientation_error_deg,0,9100000
owd_uplink_ms,295.7012,9200000
owd_downlink_ms,295.4966,9200000
prediction_position_error_mm,11.592228896915913,9200000
prediction_orientation_error_deg,0,9200000
owd_uplink_ms,297.6968,9300000
owd_downlink_ms,299.7761,9300000
prediction_position_error_mm,8.945673704147339,9300000
prediction_orientation_error_deg,0,9300000
owd_uplink_ms,298.6523,9400000
owd_downlink_ms,297.599,9400000
prediction_position_error_mm,13.115094043314457,9400000
prediction_orientation_error_deg,0,9400000
owd_uplink_ms,290.7375,9500000
owd_downlink_ms,292.408,9500000
prediction_position_error_mm,9.633620269596577,9500000
prediction_orientation_error_deg,0,9500000
owd_uplink_ms,294.7517,9600000
owd_downlink_ms,296.7853,9600000
prediction_position_error_mm,9.335462003946304,9600000
prediction_orientation_error_deg,0,9600000
owd_uplink_ms,300.0399,9700000
owd_downlink_ms,297.6831,9700000
prediction_position_error_mm,15.609695576131344,9700000
prediction_orientation_error_deg,0,9700000
owd_uplink_ms,291.6849,9800000
owd_downlink_ms,298.1881,9800000
prediction_position_error_mm,7.730689365416765,9800000
prediction_orientation_error_deg,0,9800000
owd_uplink_ms,291.943,9900000
owd_downlink_ms,292.8985,9900000
prediction_position_error_mm,10.805437341332436,9900000
prediction_orientation_error_deg,0,9900000
owd_uplink_ms,292.8678,10000000
owd_downlink_ms,294.1593,10000000
prediction_position_error_mm,10.520555078983307,10000000
prediction_orientation_error_deg,0,10000000
owd_uplink_ms,298.1819,10100000
owd_downlink_ms,298.6171,10100000
prediction_position_error_mm,11.713779531419277,10100000
prediction_orientation_error_deg,0,10100000
owd_uplink_ms,295.8586,10200000
owd_downlink_ms,296.45,10200000
prediction_position_error_mm,11.65632251650095,10200000
prediction_orientation_error_deg,0,10200000
owd_uplink_ms,296.4416,10300000
owd_downlink_ms,292.8354,10300000
prediction_position_error_mm,18.347010016441345,10300000
prediction_orientation_error_deg,0,10300000
owd_uplink_ms,293.6882,10400000
owd_downlink_ms,291.6948,10400000
prediction_position_error_mm,15.962166711688042,10400000
prediction_orientation_error_deg,0,10400000
owd_uplink_ms,296.4494,10500000
owd_downlink_ms,294.6163,10500000
prediction_position_error_mm,15.968723222613335,10500000
prediction_orientation_error_deg,0,10500000
owd_uplink_ms,298.8226,10600000
owd_downlink_ms,297.8545,10600000
prediction_position_error_mm,14.865031465888023,10600000
prediction_orientation_error_deg,0,10600000
owd_uplink_ms,294.454,10700000
owd_downlink_ms,294.2033,10700000
prediction_position_error_mm,14.011788181960583,10700000
prediction_orientation_error_deg,0,10700000
owd_uplink_ms,294.5002,10800000
owd_downlink_ms,291.9881,10800000
prediction_position_error_mm,17.711972817778587,10800000
prediction_orientation_error_deg,0,10800000
owd_uplink_ms,298.2419,10900000
owd_downlink_ms,297.4662,10900000
prediction_position_error_mm,15.245587565004826,10900000
prediction_orientation_error_deg,0,10900000
owd_uplink_ms,294.8764,11000000
owd_downlink_ms,291.0815,11000000
prediction_position_error_mm,20.36913111805916,11000000
prediction_orientation_error_deg,0,11000000
owd_uplink_ms,292.691,11100000
owd_downlink_ms,292.5834,11100000
prediction_position_error_mm,14.805284328758717,11100000
prediction_orientation_error_deg,0,11100000
owd_uplink_ms,294.3124,11200000
owd_downlink_ms,297.9548,11200000
prediction_position_error_mm,10.405165143311024,11200000
prediction_orientation_error_deg,0,11200000
owd_uplink_ms,296.0093,11300000
owd_downlink_ms,299.1213,11300000
prediction_position_error_mm,10.976179502904415,11300000
prediction_orientation_error_deg,0,11300000
owd_uplink_ms,295.8439,11400000
owd_downlink_ms,298.0808,11400000
prediction_position_error_mm,11.975790373980999,11400000
prediction_orientation_error_deg,0,11400000
owd_uplink_ms,296.0541,11500000
owd_downlink_ms,297.8798,11500000
prediction_position_error_mm,12.539048679172993,11500000
prediction_orientation_error_deg,0,11500000
owd_uplink_ms,293.2749,11600000
owd_downlink_ms,292.2718,11600000
prediction_position_error_mm,16.412535682320595,11600000
prediction_orientation_error_deg,0,11600000
owd_uplink_ms,296.6932,11700000
owd_downlink_ms,296.1299,11700000
prediction_position_error_mm,15.977436676621437,11700000
prediction_orientation_error_deg,0,11700000
owd_uplink_ms,291.7542,11800000
owd_downlink_ms,292.4447,11800000
prediction_position_error_mm,14.447745867073536,11800000
prediction_orientation_error_deg,0,11800000
owd_uplink_ms,295.7017,11900000
owd_downlink_ms,295.8727,11900000
prediction_position_error_mm,15.270219184458256,11900000
prediction_orientation_error_deg,0,11900000
owd_uplink_ms,294.4273,12000000
owd_downlink_ms,297.2425,12000000
prediction_position_error_mm,12.224500998854637,12000000
prediction_orientation_error_deg,0,12000000
owd_uplink_ms,293.5189,12100000
owd_downlink_ms,297.4213,12100000
prediction_position_error_mm,11.230492033064365,12100000
prediction_orientation_error_deg,0,12100000
owd_uplink_ms,292.3318,12200000
owd_downlink_ms,295.8957,12200000
prediction_position_error_mm,11.584161780774593,12200000
prediction_orientation_error_deg,0,12200000
owd_uplink_ms,293.7614,12300000
owd_downlink_ms,291.8478,12300000
prediction_position_error_mm,18.350666388869286,12300000
prediction_orientation_error_deg,0,12300000
owd_uplink_ms,293.0662,12400000
owd_downlink_ms,292.1641,12400000
prediction_position_error_mm,17.139002680778503,12400000
prediction_orientation_error_deg,0,12400000
owd_uplink_ms,298.4798,12500000
owd_downlink_ms,292.5897,12500000
prediction_position_error_mm,25.09014867246151,12500000
prediction_orientation_error_deg,0,12500000
owd_uplink_ms,291.7702,12600000
owd_downlink_ms,293.2875,12600000
prediction_position_error_mm,14.630697667598724,12600000
prediction_orientation_error_deg,0,12600000
owd_uplink_ms,297.1844,12700000
owd_downlink_ms,290.187,12700000
prediction_position_error_mm,27.424030005931854,12700000
prediction_orientation_error_deg,0,12700000
owd_uplink_ms,291.4902,12800000
owd_downlink_ms,292.6046,12800000
prediction_position_error_mm,15.65108448266983,12800000
prediction_orientation_error_deg,0,12800000
owd_uplink_ms,291.5434,12900000
owd_downlink_ms,290.4017,12900000
prediction_position_error_mm,18.6788197606802,12900000
prediction_orientation_error_deg,0,12900000
owd_uplink_ms,299.2298,13000000
owd_downlink_ms,298.2597,13000000
prediction_position_error_mm,18.633099272847176,13000000
prediction_orientation_error_deg,0,13000000
owd_uplink_ms,297.4549,13100000
owd_downlink_ms,299.2323,13100000
prediction_position_error_mm,15.385821461677551,13100000
prediction_orientation_error_deg,0,13100000
owd_uplink_ms,295.8329,13200000
owd_downlink_ms,290.7602,13200000
prediction_position_error_mm,24.887967854738235,13200000
prediction_orientation_error_deg,0,13200000
owd_uplink_ms,293.6971,13300000
owd_downlink_ms,294.4387,13300000
prediction_position_error_mm,17.04002171754837,13300000
prediction_orientation_error_deg,0,13300000
owd_uplink_ms,293.7308,13400000
owd_downlink_ms,291.6891,13400000
prediction_position_error_mm,20.766621455550194,13400000
prediction_orientation_error_deg,0,13400000
owd_uplink_ms,292.3865,13500000
owd_downlink_ms,295.2725,13500000
prediction_position_error_mm,14.995703473687172,13500000
prediction_orientation_error_deg,0,13500000
owd_uplink_ms,290.3433,13600000
owd_downlink_ms,292.5741,13600000
prediction_position_error_mm,15.744667500257492,13600000
prediction_orientation_error_deg,0,13600000
owd_uplink_ms,293.476,13700000
owd_downlink_ms,290.9504,13700000
prediction_position_error_mm,21.63674496114254,13700000
prediction_orientation_error_deg,0,13700000
owd_uplink_ms,296.8301,13800000
owd_downlink_ms,293.0786,13800000
prediction_position_error_mm,23.57255481183529,13800000
prediction_orientation_error_deg,0,13800000
owd_uplink_ms,290.5216,13900000
owd_downlink_ms,295.6729,13900000
prediction_position_error_mm,13.624408282339573,13900000
prediction_orientation_error_deg,0,13900000
owd_uplink_ms,290.7393,14000000
owd_downlink_ms,294.3332,14000000
prediction_position_error_mm,14.995628967881203,14000000
prediction_orientation_error_deg,0,14000000
owd_uplink_ms,295.7858,14100000
owd_downlink_ms,293.385,14100000
prediction_position_error_mm,21.783294156193733,14100000
prediction_orientation_error_deg,0,14100000
owd_uplink_ms,297.8438,14200000
owd_downlink_ms,294.7918,14200000
prediction_position_error_mm,22.84316159784794,14200000
prediction_orientation_error_deg,0,14200000
owd_uplink_ms,291.1292,14300000
owd_downlink_ms,297.8769,14300000
prediction_position_error_mm,13.07852566242218,14300000
prediction_orientation_error_deg,0,14300000
owd_uplink_ms,296.7951,14400000
owd_downlink_ms,293.6505,14400000
prediction_position_error_mm,22.989099845290184,14400000
prediction_orientation_error_deg,0,14400000
owd_uplink_ms,292.1615,14500000
owd_downlink_ms,291.1255,14500000
prediction_position_error_mm,20.578544586896896,14500000
prediction_orientation_error_deg,0,14500000
owd_uplink_ms,298.2278,14600000
owd_downlink_ms,294.2483,14600000
prediction_position_error_mm,24.42113123834133,14600000
prediction_orientation_error_deg,0,14600000
owd_uplink_ms,294.6433,14700000
owd_downlink_ms,292.405,14700000
prediction_position_error_mm,22.420033812522888,14700000
prediction_orientation_error_deg,0,14700000
owd_uplink_ms,298.0555,14800000
owd_downlink_ms,298.4326,14800000
prediction_position_error_mm,19.59599368274212,14800000
prediction_orientation_error_deg,0,14800000
owd_uplink_ms,296.6726,14900000
owd_downlink_ms,295.5263,14900000
prediction_position_error_mm,21.382443606853485,14900000
prediction_orientation_error_deg,0,14900000
owd_uplink_ms,290.1754,15000000
owd_downlink_ms,294.9851,15000000
prediction_position_error_mm,15.803899616003036,15000000
prediction_orientation_error_deg,0,15000000
owd_uplink_ms,292.4173,15100000
owd_downlink_ms,293.0668,15100000
prediction_position_error_mm,19.540760666131973,15100000
prediction_orientation_error_deg,0,15100000
owd_uplink_ms,298.5603,15200000
owd_downlink_ms,294.2167,15200000
prediction_position_error_mm,25.299333035945892,15200000
prediction_orientation_error_deg,0,15200000
owd_uplink_ms,297.6533,15300000
owd_downlink_ms,300.1681,15300000
prediction_position_error_mm,18.146254122257233,15300000
prediction_orientation_error_deg,0,15300000
owd_uplink_ms,293.8068,15400000
owd_downlink_ms,294.6196,15400000
prediction_position_error_mm,19.77614499628544,15400000
prediction_orientation_error_deg,0,15400000
owd_uplink_ms,294.3718,15500000
owd_downlink_ms,294.2118,15500000
prediction_position_error_mm,20.81926167011261,15500000
prediction_orientation_error_deg,0,15500000
owd_uplink_ms,293.789,15600000
owd_downlink_ms,293.4393,15600000
prediction_position_error_mm,21.115629002451897,15600000
prediction_orientation_error_deg,0,15600000
owd_uplink_ms,296.3704,15700000
owd_downlink_ms,295.3338,15700000
prediction_position_error_mm,21.91130816936493,15700000
prediction_orientation_error_deg,0,15700000
owd_uplink_ms,290.7099,15800000
owd_downlink_ms,296.0109,15800000
prediction_position_error_mm,16.704000532627106,15800000
prediction_orientation_error_deg,0,15800000
owd_uplink_ms,297.2302,15900000
owd_downlink_ms,296.3871,15900000
prediction_position_error_mm,21.75828255712986,15900000
prediction_orientation_error_deg,0,15900000
owd_uplink_ms,293.6405,16000000
owd_downlink_ms,292.577,16000000
prediction_position_error_mm,22.083716467022896,16000000
prediction_orientation_error_deg,0,16000000
owd_uplink_ms,292.4906,16100000
owd_downlink_ms,291.4442,16100000
prediction_position_error_mm,22.179774940013885,16100000
prediction_orientation_error_deg,0,16100000
owd_uplink_ms,290.3742,16200000
owd_downlink_ms,290.4248,16200000
prediction_position_error_mm,21.286169067025185,16200000
prediction_orientation_error_deg,0,16200000
owd_uplink_ms,291.7622,16300000
owd_downlink_ms,294.7313,16300000
prediction_position_error_mm,19.031433388590813,16300000
prediction_orientation_error_deg,0,16300000
owd_uplink_ms,291.2068,16400000
owd_downlink_ms,294.4845,16400000
prediction_position_error_mm,18.875740468502045,16400000
prediction_orientation_error_deg,0,16400000
owd_uplink_ms,294.2349,16500000
owd_downlink_ms,296.1561,16500000
prediction_position_error_mm,19.90477927029133,16500000
prediction_orientation_error_deg,0,16500000
owd_uplink_ms,298.1323,16600000
owd_downlink_ms,297.9514,16600000
prediction_position_error_mm,21.617790684103966,16600000
prediction_orientation_error_deg,0,16600000
owd_uplink_ms,298.0801,16700000
owd_downlink_ms,294.8543,16700000
prediction_position_error_mm,24.399409070611,16700000
prediction_orientation_error_deg,0,16700000
owd_uplink_ms,299.5116,16800000
owd_downlink_ms,298.6561,16800000
prediction_position_error_mm,22.426294162869453,16800000
prediction_orientation_error_deg,0,16800000
owd_uplink_ms,298.241,16900000
owd_downlink_ms,297.8212,16900000
prediction_position_error_mm,22.16537669301033,16900000
prediction_orientation_error_deg,0,16900000
owd_uplink_ms,291.4714,17000000
owd_downlink_ms,293.541,17000000
prediction_position_error_mm,20.435769110918045,17000000
prediction_orientation_error_deg,0,17000000
owd_uplink_ms,290.8793,17100000
owd_downlink_ms,291.3143,17100000
prediction_position_error_mm,21.63146808743477,17100000
prediction_orientation_error_deg,0,17100000
owd_uplink_ms,294.6669,17200000
owd_downlink_ms,290.4684,17200000
prediction_position_error_mm,25.462841615080833,17200000
prediction_orientation_error_deg,0,17200000
owd_uplink_ms,294.1921,17300000
owd_downlink_ms,292.416,17300000
prediction_position_error_mm,23.534024134278297,17300000
prediction_orientation_error_deg,0,17300000
owd_uplink_ms,295.5548,17400000
owd_downlink_ms,294.2335,17400000
prediction_position_error_mm,23.26778508722782,17400000
prediction_orientation_error_deg,0,17400000
owd_uplink_ms,296.7474,17500000
owd_downlink_ms,294.9973,17500000
prediction_position_error_mm,23.66715483367443,17500000
prediction_orientation_error_deg,0,17500000
owd_uplink_ms,292.3725,17600000
owd_downlink_ms,299.3038,17600000
prediction_position_error_mm,18.784666433930397,17600000
prediction_orientation_error_deg,0,17600000
owd_uplink_ms,293.0845,17700000
owd_downlink_ms,291.5339,17700000
prediction_position_error_mm,23.47589284181595,17700000
prediction_orientation_error_deg,0,17700000
owd_uplink_ms,295.618,17800000
owd_downlink_ms,295.63,17800000
prediction_position_error_mm,22.505806758999825,17800000
prediction_orientation_error_deg,0,17800000
owd_uplink_ms,296.3945,17900000
owd_downlink_ms,298.0689,17900000
prediction_position_error_mm,21.591326221823692,17900000
prediction_orientation_error_deg,0,17900000
owd_uplink_ms,296.8773,18000000
owd_downlink_ms,297.6612,18000000
prediction_position_error_mm,22.141894325613976,18000000
prediction_orientation_error_deg,0,18000000
owd_uplink_ms,294.1275,18100000
owd_downlink_ms,297.2541,18100000
prediction_position_error_mm,21.00120112299919,18100000
prediction_orientation_error_deg,0,18100000
owd_uplink_ms,291.893,18200000
owd_downlink_ms,290.7506,18200000
prediction_position_error_mm,23.309770971536636,18200000
prediction_orientation_error_deg,0,18200000
owd_uplink_ms,299.7243,18300000
owd_downlink_ms,297.3896,18300000
prediction_position_error_mm,24.097584187984467,18300000
prediction_orientation_error_deg,0,18300000
owd_uplink_ms,291.0739,18400000
owd_downlink_ms,294.3348,18400000
prediction_position_error_mm,21.262332797050476,18400000
prediction_orientation_error_deg,0,18400000
owd_uplink_ms,291.7479,18500000
owd_downlink_ms,291.7343,18500000
prediction_position_error_mm,22.811511531472206,18500000
prediction_orientation_error_deg,0,18500000
owd_uplink_ms,300.1332,18600000
owd_downlink_ms,294.8845,18600000
prediction_position_error_mm,25.957193225622177,18600000
prediction_orientation_error_deg,0,18600000
owd_uplink_ms,296.8954,18700000
owd_downlink_ms,296.2327,18700000
prediction_position_error_mm,23.310208693146706,18700000
prediction_orientation_error_deg,0,18700000
owd_uplink_ms,293.1961,18800000
owd_downlink_ms,293.4044,18800000
prediction_position_error_mm,22.937368601560593,18800000
prediction_orientation_error_deg,0,18800000
owd_uplink_ms,298.6043,18900000
owd_downlink_ms,295.0935,18900000
prediction_position_error_mm,24.858832359313965,18900000
prediction_orientation_error_deg,0,18900000
owd_uplink_ms,291.9858,19000000
owd_downlink_ms,297.2055,19000000
prediction_position_error_mm,21.32025919854641,19000000
prediction_orientation_error_deg,0,19000000
owd_uplink_ms,296.1182,19100000
owd_downlink_ms,294.4541,19100000
prediction_position_error_mm,23.851774632930756,19100000
prediction_orientation_error_deg,0,19100000
owd_uplink_ms,298.6062,19200000
owd_downlink_ms,294.3309,19200000
prediction_position_error_mm,25.173168629407883,19200000
prediction_orientation_error_deg,0,19200000
owd_uplink_ms,291.6474,19300000
owd_downlink_ms,293.2668,19300000
prediction_position_error_mm,22.677050903439522,19300000
prediction_orientation_error_deg,0,19300000
owd_uplink_ms,297.4503,19400000
owd_downlink_ms,292.5333,19400000
prediction_position_error_mm,25.44591948390007,19400000
prediction_orientation_error_deg,0,19400000
owd_uplink_ms,296.0901,19500000
owd_downlink_ms,297.6908,19500000
prediction_position_error_mm,22.821959108114243,19500000
prediction_orientation_error_deg,0,19500000
owd_uplink_ms,294.7914,19600000
owd_downlink_ms,293.37,19600000
prediction_position_error_mm,23.846562951803207,19600000
prediction_orientation_error_deg,0,19600000
owd_uplink_ms,293.6967,19700000
owd_downlink_ms,299.9674,19700000
prediction_position_error_mm,21.95187285542488,19700000
prediction_orientation_error_deg,0,19700000
owd_uplink_ms,299.2183,19800000
owd_downlink_ms,297.5971,19800000
prediction_position_error_mm,23.843660950660706,19800000
prediction_orientation_error_deg,0,19800000
owd_uplink_ms,290.2313,19900000
owd_downlink_ms,291.747,19900000
prediction_position_error_mm,22.981807589530945,19900000
prediction_orientation_error_deg,0,19900000
owd_uplink_ms,299.7064,20000000
owd_downlink_ms,299.4258,20000000
prediction_position_error_mm,23.43766577541828,20000000
prediction_orientation_error_deg,0,20000000
owd_uplink_ms,298.579,20100000
owd_downlink_ms,293.7932,20100000
prediction_position_error_mm,24.8557236045599,20100000
prediction_orientation_error_deg,0,20100000
owd_uplink_ms,294.86,20200000
owd_downlink_ms,299.9602,20200000
prediction_position_error_mm,22.617310285568237,20200000
prediction_orientation_error_deg,0,20200000
owd_uplink_ms,294.4267,20300000
owd_downlink_ms,298.7349,20300000
prediction_position_error_mm,22.762352600693703,20300000
prediction_orientation_error_deg,0,20300000
owd_uplink_ms,292.9517,20400000
owd_downlink_ms,295.3173,20400000
prediction_position_error_mm,23.0210330337286,20400000
prediction_orientation_error_deg,0,20400000
owd_uplink_ms,296.3775,20500000
owd_downlink_ms,293.3942,20500000
prediction_position_error_mm,23.96525628864765,20500000
prediction_orientation_error_deg,0,20500000
owd_uplink_ms,293.1992,20600000
owd_downlink_ms,298.664,20600000
prediction_position_error_mm,22.945130243897438,20600000
prediction_orientation_error_deg,0,20600000
owd_uplink_ms,300.2753,20700000
owd_downlink_ms,295.298,20700000
prediction_position_error_mm,24.30790476500988,20700000
prediction_orientation_error_deg,0,20700000
owd_uplink_ms,297.6885,20800000
owd_downlink_ms,292.5782,20800000
prediction_position_error_mm,24.28506687283516,20800000
prediction_orientation_error_deg,0,20800000
owd_uplink_ms,291.7955,20900000
owd_downlink_ms,292.4441,20900000
prediction_position_error_mm,23.34006130695343,20900000
prediction_orientation_error_deg,0,20900000
owd_uplink_ms,296.609,21000000
owd_downlink_ms,292.9998,21000000
prediction_position_error_mm,23.819906637072563,21000000
prediction_orientation_error_deg,0,21000000
owd_uplink_ms,296.6308,21100000
owd_downlink_ms,291.2252,21100000
prediction_position_error_mm,24.081900715827942,21100000
prediction_orientation_error_deg,0,21100000
owd_uplink_ms,296.8783,21200000
owd_downlink_ms,299.4841,21200000
prediction_position_error_mm,23.33313412964344,21200000
prediction_orientation_error_deg,0,21200000
owd_uplink_ms,292.1593,21300000
owd_downlink_ms,295.3745,21300000
prediction_position_error_mm,23.384300991892815,21300000
prediction_orientation_error_deg,0,21300000
owd_uplink_ms,295.0555,21400000
owd_downlink_ms,294.675,21400000
prediction_position_error_mm,23.33199977874756,21400000
prediction_orientation_error_deg,0,21400000
owd_uplink_ms,290.7885,21500000
owd_downlink_ms,293.4297,21500000
prediction_position_error_mm,23.41906540095806,21500000
prediction_orientation_error_deg,0,21500000
owd_uplink_ms,297.2216,21600000
owd_downlink_ms,293.708,21600000
prediction_position_error_mm,23.30891601741314,21600000
prediction_orientation_error_deg,0,21600000
owd_uplink_ms,291.2348,21700000
owd_downlink_ms,299.4047,21700000
prediction_position_error_mm,24.231111630797386,21700000
prediction_orientation_error_deg,0,21700000
owd_uplink_ms,292.2802,21800000
owd_downlink_ms,296.4142,21800000
prediction_position_error_mm,23.7097330391407,21800000
prediction_orientation_error_deg,0,21800000
owd_uplink_ms,298.5827,21900000
owd_downlink_ms,294.1387,21900000
prediction_position_error_mm,23.03074300289154,21900000
prediction_orientation_error_deg,0,21900000
owd_uplink_ms,298.5242,22000000
owd_downlink_ms,291.0624,22000000
prediction_position_error_mm,23.052599281072617,22000000
prediction_orientation_error_deg,0,22000000
owd_uplink_ms,297.6259,22100000
owd_downlink_ms,299.495,22100000
prediction_position_error_mm,23.39363284409046,22100000
prediction_orientation_error_deg,0,22100000
owd_uplink_ms,292.7058,22200000
owd_downlink_ms,297.3157,22200000
prediction_position_error_mm,23.936163634061813,22200000
prediction_orientation_error_deg,0,22200000
owd_uplink_ms,297.5297,22300000
owd_downlink_ms,296.2495,22300000
prediction_position_error_mm,22.890690714120865,22300000
prediction_orientation_error_deg,0,22300000
owd_uplink_ms,294.4443,22400000
owd_downlink_ms,294.9749,22400000
prediction_position_error_mm,23.140454664826393,22400000
prediction_orientation_error_deg,0,22400000
owd_uplink_ms,294.1158,22500000
owd_downlink_ms,292.687,22500000
prediction_position_error_mm,22.735128179192543,22500000
prediction_orientation_error_deg,0,22500000
owd_uplink_ms,293.9414,22600000
owd_downlink_ms,294.7419,22600000
prediction_position_error_mm,23.129872977733612,22600000
prediction_orientation_error_deg,0,22600000
owd_uplink_ms,297.8011,22700000
owd_downlink_ms,290.9925,22700000
prediction_position_error_mm,21.825093775987625,22700000
prediction_orientation_error_deg,0,22700000
owd_uplink_ms,292.0164,22800000
owd_downlink_ms,297.9853,22800000
prediction_position_error_mm,24.536654353141785,22800000
prediction_orientation_error_deg,0,22800000
owd_uplink_ms,296.1476,22900000
owd_downlink_ms,294.3995,22900000
prediction_position_error_mm,22.355958819389343,22900000
prediction_orientation_error_deg,0,22900000
owd_uplink_ms,292.3741,23000000
owd_downlink_ms,294.3983,23000000
prediction_position_error_mm,23.351702839136124,23000000
prediction_orientation_error_deg,0,23000000
owd_uplink_ms,290.7949,23100000
owd_downlink_ms,293.3247,23100000
prediction_position_error_mm,23.525847122073174,23100000
prediction_orientation_error_deg,0,23100000
owd_uplink_ms,295.9574,23200000
owd_downlink_ms,297.58,23200000
prediction_position_error_mm,23.221127688884735,23200000
prediction_orientation_error_deg,0,23200000
owd_uplink_ms,293.2474,23300000
owd_downlink_ms,291.8975,23300000
prediction_position_error_mm,22.174984216690063,23300000
prediction_orientation_error_deg,0,23300000
owd_uplink_ms,299.8888,23400000
owd_downlink_ms,296.6064,23400000
prediction_position_error_mm,21.45402505993843,23400000
prediction_orientation_error_deg,0,23400000
owd_uplink_ms,298.5763,23500000
owd_downlink_ms,295.6938,23500000
prediction_position_error_mm,21.4277021586895,23500000
prediction_orientation_error_deg,0,23500000
owd_uplink_ms,292.4866,23600000
owd_downlink_ms,299.0085,23600000
prediction_position_error_mm,25.13633854687214,23600000
prediction_orientation_error_deg,0,23600000
owd_uplink_ms,294.9574,23700000
owd_downlink_ms,293.6327,23700000
prediction_position_error_mm,21.82648703455925,23700000
prediction_orientation_error_deg,0,23700000
owd_uplink_ms,299.6066,23800000
owd_downlink_ms,296.3961,23800000
prediction_position_error_mm,20.970167592167854,23800000
prediction_orientation_error_deg,0,23800000
owd_uplink_ms,296.9727,23900000
owd_downlink_ms,293.9751,23900000
prediction_position_error_mm,20.885488018393517,23900000
prediction_orientation_error_deg,0,23900000
owd_uplink_ms,299.0274,24000000
owd_downlink_ms,298.5529,24000000
prediction_position_error_mm,21.823907271027565,24000000
prediction_orientation_error_deg,0,24000000
owd_uplink_ms,292.952,24100000
owd_downlink_ms,298.3031,24100000
prediction_position_error_mm,24.66893382370472,24100000
prediction_orientation_error_deg,0,24100000
owd_uplink_ms,292.1792,24200000
owd_downlink_ms,296.9726,24200000
prediction_position_error_mm,24.478457868099213,24200000
prediction_orientation_error_deg,0,24200000
owd_uplink_ms,296.5202,24300000
owd_downlink_ms,296.3618,24300000
prediction_position_error_mm,21.87947742640972,24300000
prediction_orientation_error_deg,0,24300000
owd_uplink_ms,298.7035,24400000
owd_downlink_ms,295.8319,24400000
prediction_position_error_mm,20.383121445775032,24400000
prediction_orientation_error_deg,0,24400000
owd_uplink_ms,295.8992,24500000
owd_downlink_ms,298.7531,24500000
prediction_position_error_mm,23.376259952783585,24500000
prediction_orientation_error_deg,0,24500000
owd_uplink_ms,293.8294,24600000
owd_downlink_ms,296.9044,24600000
prediction_position_error_mm,23.52815866470337,24600000
prediction_orientation_error_deg,0,24600000
owd_uplink_ms,293.6658,24700000
owd_downlink_ms,294.1219,24700000
prediction_position_error_mm,21.96061983704567,24700000
prediction_orientation_error_deg,0,24700000
owd_uplink_ms,292.9583,24800000
owd_downlink_ms,297.3757,24800000
prediction_position_error_mm,24.379005655646324,24800000
prediction_orientation_error_deg,0,24800000
owd_uplink_ms,297.3918,24900000
owd_downlink_ms,294.8243,24900000
prediction_position_error_mm,20.027317106723785,24900000
prediction_orientation_error_deg,0,24900000
owd_uplink_ms,296.5609,25000000
owd_downlink_ms,294.3823,25000000
prediction_position_error_mm,20.084155723452568,25000000
prediction_orientation_error_deg,0,25000000
owd_uplink_ms,291.8118,25100000
owd_downlink_ms,289.6751,25100000
prediction_position_error_mm,19.939608871936798,25100000
prediction_orientation_error_deg,0,25100000
owd_uplink_ms,292.7444,25200000
owd_downlink_ms,298.4526,25200000
prediction_position_error_mm,25.135694071650505,25200000
prediction_orientation_error_deg,0,25200000
owd_uplink_ms,297.4605,25300000
owd_downlink_ms,290.4821,25300000
prediction_position_error_mm,16.85279794037342,25300000
prediction_orientation_error_deg,0,25300000
owd_uplink_ms,299.7395,25400000
owd_downlink_ms,295.6003,25400000
prediction_position_error_mm,18.148865550756454,25400000
prediction_orientation_error_deg,0,25400000
owd_uplink_ms,291.9274,25500000
owd_downlink_ms,296.6602,25500000
prediction_position_error_mm,24.253379553556442,25500000
prediction_orientation_error_deg,0,25500000
owd_uplink_ms,292.3936,25600000
owd_downlink_ms,295.5937,25600000
prediction_position_error_mm,23.185359314084053,25600000
prediction_orientation_error_deg,0,25600000
owd_uplink_ms,296.4415,25700000
owd_downlink_ms,291.3618,25700000
prediction_position_error_mm,17.087804153561592,25700000
prediction_orientation_error_deg,0,25700000
owd_uplink_ms,293.1092,25800000
owd_downlink_ms,295.6003,25800000
prediction_position_error_mm,22.464431822299957,25800000
prediction_orientation_error_deg,0,25800000
owd_uplink_ms,299.1518,25900000
owd_downlink_ms,295.2235,25900000
prediction_position_error_mm,17.455555498600006,25900000
prediction_orientation_error_deg,0,25900000
owd_uplink_ms,290.814,26000000
owd_downlink_ms,291.4678,26000000
prediction_position_error_mm,20.777340978384018,26000000
prediction_orientation_error_deg,0,26000000
owd_uplink_ms,298.2615,26100000
owd_downlink_ms,296.4247,26100000
prediction_position_error_mm,18.649758771061897,26100000
prediction_orientation_error_deg,0,26100000
owd_uplink_ms,299.3262,26200000
owd_downlink_ms,298.3622,26200000
prediction_position_error_mm,19.174855202436447,26200000
prediction_orientation_error_deg,0,26200000
owd_uplink_ms,290.8053,26300000
owd_downlink_ms,295.7969,26300000
prediction_position_error_mm,24.137765169143677,26300000
prediction_orientation_error_deg,0,26300000
owd_uplink_ms,295.1487,26400000
owd_downlink_ms,292.2386,26400000
prediction_position_error_mm,17.3643771559,26400000
prediction_orientation_error_deg,0,26400000
owd_uplink_ms,295.7708,26500000
owd_downlink_ms,297.1637,26500000
prediction_position_error_mm,20.890923216938972,26500000
prediction_orientation_error_deg,0,26500000
owd_uplink_ms,294.163,26600000
owd_downlink_ms,293.7003,26600000
prediction_position_error_mm,19.142689183354378,26600000
prediction_orientation_error_deg,0,26600000
owd_uplink_ms,294.3414,26700000
owd_downlink_ms,291.9502,26700000
prediction_position_error_mm,17.25844107568264,26700000
prediction_orientation_error_deg,0,26700000
owd_uplink_ms,295.6145,26800000
owd_downlink_ms,292.2401,26800000
prediction_position_error_mm,16.16831123828888,26800000
prediction_orientation_error_deg,0,26800000
owd_uplink_ms,295.6275,26900000
owd_downlink_ms,295.6659,26900000
prediction_position_error_mm,19.02247965335846,26900000
prediction_orientation_error_deg,0,26900000
owd_uplink_ms,295.8967,27000000
owd_downlink_ms,292.4311,27000000
prediction_position_error_mm,15.634730458259583,27000000
prediction_orientation_error_deg,0,27000000
owd_uplink_ms,297.2345,27100000
owd_downlink_ms,297.4348,27100000
prediction_position_error_mm,18.802084028720856,27100000
prediction_orientation_error_deg,0,27100000
owd_uplink_ms,292.4474,27200000
owd_downlink_ms,293.5351,27200000
prediction_position_error_mm,19.554439932107925,27200000
prediction_orientation_error_deg,0,27200000
owd_uplink_ms,296.4105,27300000
owd_downlink_ms,293.6545,27300000
prediction_position_error_mm,15.66983200609684,27300000
prediction_orientation_error_deg,0,27300000
owd_uplink_ms,296.1354,27400000
owd_downlink_ms,298.3051,27400000
prediction_position_error_mm,20.35563997924328,27400000
prediction_orientation_error_deg,0,27400000
owd_uplink_ms,297.5116,27500000
owd_downlink_ms,294.401,27500000
prediction_position_error_mm,14.95168637484312,27500000
prediction_orientation_error_deg,0,27500000
owd_uplink_ms,292.4632,27600000
owd_downlink_ms,297.7287,27600000
prediction_position_error_mm,23.33267219364643,27600000
prediction_orientation_error_deg,0,27600000
owd_uplink_ms,292.4643,27700000
owd_downlink_ms,291.0247,27700000
prediction_position_error_mm,16.323473304510117,27700000
prediction_orientation_error_deg,0,27700000
owd_uplink_ms,291.5527,27800000
owd_downlink_ms,297.0389,27800000
prediction_position_error_mm,23.549070581793785,27800000
prediction_orientation_error_deg,0,27800000
owd_uplink_ms,296.4724,27900000
owd_downlink_ms,293.8017,27900000
prediction_position_error_mm,14.832207933068275,27900000
prediction_orientation_error_deg,0,27900000
owd_uplink_ms,291.4556,28000000
owd_downlink_ms,296.0628,28000000
prediction_position_error_mm,22.542089223861694,28000000
prediction_orientation_error_deg,0,28000000
owd_uplink_ms,299.5006,28100000
owd_downlink_ms,293.3933,28100000
prediction_position_error_mm,11.410023085772991,28100000
prediction_orientation_error_deg,0,28100000
owd_uplink_ms,297.0419,28200000
owd_downlink_ms,295.6362,28200000
prediction_position_error_mm,15.500657260417938,28200000
prediction_orientation_error_deg,0,28200000
owd_uplink_ms,297.9717,28300000
owd_downlink_ms,297.1585,28300000
prediction_position_error_mm,15.940938144922256,28300000
prediction_orientation_error_deg,0,28300000
owd_uplink_ms,292.5563,28400000
owd_downlink_ms,298.1526,28400000
prediction_position_error_mm,23.14748428761959,28400000
prediction_orientation_error_deg,0,28400000
owd_uplink_ms,295.3994,28500000
owd_downlink_ms,294.0833,28500000
prediction_position_error_mm,15.198558568954468,28500000
prediction_orientation_error_deg,0,28500000
owd_uplink_ms,292.7933,28600000
owd_downlink_ms,293.5982,28600000
prediction_position_error_mm,17.471030354499817,28600000
prediction_orientation_error_deg,0,28600000
owd_uplink_ms,295.0067,28700000
owd_downlink_ms,293.8267,28700000
prediction_position_error_mm,14.984461478888988,28700000
prediction_orientation_error_deg,0,28700000
owd_uplink_ms,295.957,28800000
owd_downlink_ms,294.5056,28800000
prediction_position_error_mm,14.44443129003048,28800000
prediction_orientation_error_deg,0,28800000
owd_uplink_ms,291.42,28900000
owd_downlink_ms,292.9977,28900000
prediction_position_error_mm,17.887629568576813,28900000
prediction_orientation_error_deg,0,28900000
owd_uplink_ms,297.7656,29000000
owd_downlink_ms,297.9748,29000000
prediction_position_error_mm,16.105329617857933,29000000
prediction_orientation_error_deg,0,29000000
owd_uplink_ms,294.7779,29100000
owd_downlink_ms,298.001,29100000
prediction_position_error_mm,19.72498744726181,29100000
prediction_orientation_error_deg,0,29100000
owd_uplink_ms,292.3598,29200000
owd_downlink_ms,297.3172,29200000
prediction_position_error_mm,21.902279928326607,29200000
prediction_orientation_error_deg,0,29200000
owd_uplink_ms,291.9293,29300000
owd_downlink_ms,295.8569,29300000
prediction_position_error_mm,20.70779725909233,29300000
prediction_orientation_error_deg,0,29300000
owd_uplink_ms,299.4659,29400000
owd_downlink_ms,290.6647,29400000
prediction_position_error_mm,8.971745148301125,29400000
prediction_orientation_error_deg,0,29400000
owd_uplink_ms,296.5713,29500000
owd_downlink_ms,291.7998,29500000
prediction_position_error_mm,9.696008637547493,29500000
prediction_orientation_error_deg,0,29500000
owd_uplink_ms,291.7429,29600000
owd_downlink_ms,295.5326,29600000
prediction_position_error_mm,19.72770318388939,29600000
prediction_orientation_error_deg,0,29600000
owd_uplink_ms,291.8033,29700000
owd_downlink_ms,292.0026,29700000
prediction_position_error_mm,15.011153183877468,29700000
prediction_orientation_error_deg,0,29700000
owd_uplink_ms,299.8085,29800000
owd_downlink_ms,298.8807,29800000
prediction_position_error_mm,13.368994928896427,29800000
prediction_orientation_error_deg,0,29800000
owd_uplink_ms,298.6717,29900000
owd_downlink_ms,293.721,29900000
prediction_position_error_mm,8.793474175035954,29900000
prediction_orientation_error_deg,0,29900000
owd_uplink_ms,294.2011,30000000
owd_downlink_ms,294.9858,30000000
prediction_position_error_mm,15.026106499135494,30000000
prediction_orientation_error_deg,0,30000000
owd_uplink_ms,290.8174,30100000
owd_downlink_ms,297.4831,30100000
prediction_position_error_mm,22.82850816845894,30100000
prediction_orientation_error_deg,0,30100000
owd_uplink_ms,298.7283,30200000
owd_downlink_ms,291.4658,30200000
prediction_position_error_mm,8.005758747458458,30200000
prediction_orientation_error_deg,0,30200000
owd_uplink_ms,296.6885,30300000
owd_downlink_ms,297.1822,30300000
prediction_position_error_mm,14.109021052718163,30300000
prediction_orientation_error_deg,0,30300000
owd_uplink_ms,297.9603,30400000
owd_downlink_ms,294.2892,30400000
prediction_position_error_mm,8.829399943351746,30400000
prediction_orientation_error_deg,0,30400000
owd_uplink_ms,298.1981,30500000
owd_downlink_ms,299.6205,30500000
prediction_position_error_mm,14.89900704473257,30500000
prediction_orientation_error_deg,0,30500000
owd_uplink_ms,292.302,30600000
owd_downlink_ms,297.0504,30600000
prediction_position_error_mm,19.484559074044228,30600000
prediction_orientation_error_deg,0,30600000
owd_uplink_ms,299.0415,30700000
owd_downlink_ms,296.3107,30700000
prediction_position_error_mm,9.305791929364204,30700000
prediction_orientation_error_deg,0,30700000
owd_uplink_ms,294.921,30800000
owd_downlink_ms,295.6154,30800000
prediction_position_error_mm,13.493949547410011,30800000
prediction_orientation_error_deg,0,30800000
owd_uplink_ms,295.5275,30900000
owd_downlink_ms,293.2234,30900000
prediction_position_error_mm,9.33765433728695,30900000
prediction_orientation_error_deg,0,30900000
owd_uplink_ms,293.466,31000000
owd_downlink_ms,291.119,31000000
prediction_position_error_mm,9.015397168695927,31000000
prediction_orientation_error_deg,0,31000000
owd_uplink_ms,296.5374,31100000
owd_downlink_ms,296.9401,31100000
prediction_position_error_mm,12.336124666035175,31100000
prediction_orientation_error_deg,0,31100000
owd_uplink_ms,296.2506,31200000
owd_downlink_ms,299.2867,31200000
prediction_position_error_mm,16.01277105510235,31200000
prediction_orientation_error_deg,0,31200000
owd_uplink_ms,292.2825,31300000
owd_downlink_ms,296.463,31300000
prediction_position_error_mm,17.680013552308083,31300000
prediction_orientation_error_deg,0,31300000
owd_uplink_ms,294.3496,31400000
owd_downlink_ms,298.8031,31400000
prediction_position_error_mm,18.129916861653328,31400000
prediction_orientation_error_deg,0,31400000
owd_uplink_ms,297.9437,31500000
owd_downlink_ms,291.0852,31500000
prediction_position_error_mm,7.736239582300186,31500000
prediction_orientation_error_deg,0,31500000
owd_uplink_ms,291.8019,31600000
owd_downlink_ms,297.9013,31600000
prediction_position_error_mm,20.119326189160347,31600000
prediction_orientation_error_deg,0,31600000
owd_uplink_ms,297.1912,31700000
owd_downlink_ms,297.3158,31700000
prediction_position_error_mm,11.314529925584793,31700000
prediction_orientation_error_deg,0,31700000
owd_uplink_ms,293.2582,31800000
owd_downlink_ms,296.8494,31800000
prediction_position_error_mm,16.37241616845131,31800000
prediction_orientation_error_deg,0,31800000
owd_uplink_ms,296.5333,31900000
owd_downlink_ms,294.6997,31900000
prediction_position_error_mm,8.396437391638756,31900000
prediction_orientation_error_deg,0,31900000
owd_uplink_ms,294.82,32000000
owd_downlink_ms,292.7202,32000000
prediction_position_error_mm,7.824302650988102,32000000
prediction_orientation_error_deg,0,32000000
owd_uplink_ms,294.5836,32100000
owd_downlink_ms,297.358,32100000
prediction_position_error_mm,14.573133550584316,32100000
prediction_orientation_error_deg,0,32100000
owd_uplink_ms,294.5598,32200000
owd_downlink_ms,293.7526,32200000
prediction_position_error_mm,9.12290345877409,32200000
prediction_orientation_error_deg,0,32200000
owd_uplink_ms,290.5618,32300000
owd_downlink_ms,289.9739,32300000
prediction_position_error_mm,9.198457933962345,32300000
prediction_orientation_error_deg,0,32300000
owd_uplink_ms,291.4439,32400000
owd_downlink_ms,298.342,32400000
prediction_position_error_mm,20.459968596696854,32400000
prediction_orientation_error_deg,0,32400000
owd_uplink_ms,297.4962,32500000
owd_downlink_ms,296.6954,32500000
prediction_position_error_mm,8.796090260148048,32500000
prediction_orientation_error_deg,0,32500000
owd_uplink_ms,294.1408,32600000
owd_downlink_ms,292.025,32600000
prediction_position_error_mm,6.931944750249386,32600000
prediction_orientation_error_deg,0,32600000
owd_uplink_ms,299.1096,32700000
owd_downlink_ms,294.8063,32700000
prediction_position_error_mm,5.895271431654692,32700000
prediction_orientation_error_deg,0,32700000
owd_uplink_ms,298.7146,32800000
owd_downlink_ms,296.7696,32800000
prediction_position_error_mm,6.566068157553673,32800000
prediction_orientation_error_deg,0,32800000
owd_uplink_ms,295.8738,32900000
owd_downlink_ms,293.4127,32900000
prediction_position_error_mm,5.953055806457996,32900000
prediction_orientation_error_deg,0,32900000
owd_uplink_ms,290.4422,33000000
owd_downlink_ms,291.1394,33000000
prediction_position_error_mm,9.454338811337948,33000000
prediction_orientation_error_deg,0,33000000
owd_uplink_ms,292.6071,33100000
owd_downlink_ms,294.4836,33100000
prediction_position_error_mm,11.121842078864574,33100000
prediction_orientation_error_deg,0,33100000
owd_uplink_ms,295.0197,33200000
owd_downlink_ms,296.8393,33200000
prediction_position_error_mm,10.93294844031334,33200000
prediction_orientation_error_deg,0,33200000
owd_uplink_ms,299.3196,33300000
owd_downlink_ms,298.3261,33300000
prediction_position_error_mm,6.743512116372585,33300000
prediction_orientation_error_deg,0,33300000
owd_uplink_ms,296.7661,33400000
owd_downlink_ms,295.0475,33400000
prediction_position_error_mm,5.8211879804730415,33400000
prediction_orientation_error_deg,0,33400000
owd_uplink_ms,295.8409,33500000
owd_downlink_ms,293.9161,33500000
prediction_position_error_mm,5.508770700544119,33500000
prediction_orientation_error_deg,0,33500000
owd_uplink_ms,297.8169,33600000
owd_downlink_ms,295.2789,33600000
prediction_position_error_mm,5.221662577241659,33600000
prediction_orientation_error_deg,0,33600000
owd_uplink_ms,296.6006,33700000
owd_downlink_ms,294.5843,33700000
prediction_position_error_mm,5.20268501713872,33700000
prediction_orientation_error_deg,0,33700000
owd_uplink_ms,290.6516,33800000
owd_downlink_ms,297.0664,33800000
prediction_position_error_mm,16.784846782684326,33800000
prediction_orientation_error_deg,0,33800000
owd_uplink_ms,295.2365,33900000
owd_downlink_ms,297.779,33900000
prediction_position_error_mm,10.647855699062347,33900000
prediction_orientation_error_deg,0,33900000
owd_uplink_ms,296.7101,34000000
owd_downlink_ms,294.728,34000000
prediction_position_error_mm,5.014815833419561,34000000
prediction_orientation_error_deg,0,34000000
owd_uplink_ms,296.3003,34100000
owd_downlink_ms,296.7552,34100000
prediction_position_error_mm,7.058670744299889,34100000
prediction_orientation_error_deg,0,34100000
owd_uplink_ms,291.4914,34200000
owd_downlink_ms,298.7811,34200000
prediction_position_error_mm,17.850928008556366,34200000
prediction_orientation_error_deg,0,34200000
owd_uplink_ms,299.2009,34300000
owd_downlink_ms,293.3841,34300000
prediction_position_error_mm,9.478509426116943,34300000
prediction_orientation_error_deg,0,34300000
owd_uplink_ms,293.2675,34400000
owd_downlink_ms,296.4236,34400000
prediction_position_error_mm,10.777842253446579,34400000
prediction_orientation_error_deg,0,34400000
owd_uplink_ms,294.3965,34500000
owd_downlink_ms,293.4854,34500000
prediction_position_error_mm,5.046169739216566,34500000
prediction_orientation_error_deg,0,34500000
owd_uplink_ms,296.0462,34600000
owd_downlink_ms,290.5524,34600000
prediction_position_error_mm,9.60370060056448,34600000
prediction_orientation_error_deg,0,34600000
owd_uplink_ms,293.2561,34700000
owd_downlink_ms,297.5077,34700000
prediction_position_error_mm,11.796385981142521,34700000
prediction_orientation_error_deg,0,34700000
owd_uplink_ms,297.3959,34800000
owd_downlink_ms,296.8687,34800000
prediction_position_error_mm,4.895331803709269,34800000
prediction_orientation_error_deg,0,34800000
owd_uplink_ms,291.427,34900000
owd_downlink_ms,297.4982,34900000
prediction_position_error_mm,14.615589752793312,34900000
prediction_orientation_error_deg,0,34900000
owd_uplink_ms,292.0919,35000000
owd_downlink_ms,291.0847,35000000
prediction_position_error_mm,4.518905654549599,35000000
prediction_orientation_error_deg,0,35000000
owd_uplink_ms,291.5928,35100000
owd_downlink_ms,290.9014,35100000
prediction_position_error_mm,4.543547052890062,35100000
prediction_orientation_error_deg,0,35100000
owd_uplink_ms,295.5781,35200000
owd_downlink_ms,297.888,35200000
prediction_position_error_mm,8.02379660308361,35200000
prediction_orientation_error_deg,0,35200000
owd_uplink_ms,299.1779,35300000
owd_downlink_ms,295.2611,35300000
prediction_position_error_mm,7.514512166380882,35300000
prediction_orientation_error_deg,0,35300000
owd_uplink_ms,295.9311,35400000
owd_downlink_ms,294.7936,35400000
prediction_position_error_mm,4.321916028857231,35400000
prediction_orientation_error_deg,0,35400000
owd_uplink_ms,298.0243,35500000
owd_downlink_ms,292.1674,35500000
prediction_position_error_mm,12.171260081231594,35500000
prediction_orientation_error_deg,0,35500000
owd_uplink_ms,298.3037,35600000
owd_downlink_ms,296.1829,35600000
prediction_position_error_mm,5.552308168262243,35600000
prediction_orientation_error_deg,0,35600000
owd_uplink_ms,291.9235,35700000
owd_downlink_ms,297.2392,35700000
prediction_position_error_mm,11.333114467561245,35700000
prediction_orientation_error_deg,0,35700000
owd_uplink_ms,291.3657,35800000
owd_downlink_ms,292.7758,35800000
prediction_position_error_mm,5.286809056997299,35800000
prediction_orientation_error_deg,0,35800000
owd_uplink_ms,291.4884,35900000
owd_downlink_ms,297.1299,35900000
prediction_position_error_mm,11.836010031402111,35900000
prediction_orientation_error_deg,0,35900000
owd_uplink_ms,297.259,36000000
owd_downlink_ms,290.3006,36000000
prediction_position_error_mm,15.462769195437431,36000000
prediction_orientation_error_deg,0,36000000
owd_uplink_ms,293.1234,36100000
owd_downlink_ms,292.3609,36100000
prediction_position_error_mm,4.311873111873865,36100000
prediction_orientation_error_deg,0,36100000
owd_uplink_ms,297.4685,36200000
owd_downlink_ms,295.1235,36200000
prediction_position_error_mm,6.621916312724352,36200000
prediction_orientation_error_deg,0,36200000
owd_uplink_ms,290.8669,36300000
owd_downlink_ms,295.0293,36300000
prediction_position_error_mm,8.270160295069218,36300000
prediction_orientation_error_deg,0,36300000
owd_uplink_ms,297.6471,36400000
owd_downlink_ms,296.5557,36400000
prediction_position_error_mm,4.868322517722845,36400000
prediction_orientation_error_deg,0,36400000
owd_uplink_ms,298.2012,36500000
owd_downlink_ms,298.6078,36500000
prediction_position_error_mm,3.803074359893799,36500000
prediction_orientation_error_deg,0,36500000
owd_uplink_ms,297.1533,36600000
owd_downlink_ms,298.6758,36600000
prediction_position_error_mm,4.177577327936888,36600000
prediction_orientation_error_deg,0,36600000
owd_uplink_ms,292.1578,36700000
owd_downlink_ms,294.6681,36700000
prediction_position_error_mm,5.19126933068037,36700000
prediction_orientation_error_deg,0,36700000
owd_uplink_ms,296.9369,36800000
owd_downlink_ms,293.0944,36800000
prediction_position_error_mm,10.335931554436684,36800000
prediction_orientation_error_deg,0,36800000
owd_uplink_ms,298.1041,36900000
owd_downlink_ms,291.9599,36900000
prediction_position_error_mm,15.930136665701866,36900000
prediction_orientation_error_deg,0,36900000
owd_uplink_ms,297.9302,37000000
owd_downlink_ms,295.2314,37000000
prediction_position_error_mm,9.004179388284683,37000000
prediction_orientation_error_deg,0,37000000
owd_uplink_ms,294.8036,37100000
owd_downlink_ms,299.1927,37100000
prediction_position_error_mm,6.656309124082327,37100000
prediction_orientation_error_deg,0,37100000
owd_uplink_ms,290.8987,37200000
owd_downlink_ms,293.1817,37200000
prediction_position_error_mm,3.9140069857239723,37200000
prediction_orientation_error_deg,0,37200000
owd_uplink_ms,295.4748,37300000
owd_downlink_ms,294.8731,37300000
prediction_position_error_mm,5.448617041110992,37300000
prediction_orientation_error_deg,0,37300000
owd_uplink_ms,295.9794,37400000
owd_downlink_ms,298.3499,37400000
prediction_position_error_mm,3.7768424954265356,37400000
prediction_orientation_error_deg,0,37400000
owd_uplink_ms,299.8322,37500000
owd_downlink_ms,296.1046,37500000
prediction_position_error_mm,11.770945973694324,37500000
prediction_orientation_error_deg,0,37500000
owd_uplink_ms,296.1861,37600000
owd_downlink_ms,293.3029,37600000
prediction_position_error_mm,10.425242595374584,37600000
prediction_orientation_error_deg,0,37600000
owd_uplink_ms,290.0805,37700000
owd_downlink_ms,291.1097,37700000
prediction_position_error_mm,3.9486493915319443,37700000
prediction_orientation_error_deg,0,37700000
owd_uplink_ms,295.4918,37800000
owd_downlink_ms,298.2133,37800000
prediction_position_error_mm,3.493815427646041,37800000
prediction_orientation_error_deg,0,37800000
owd_uplink_ms,291.8783,37900000
owd_downlink_ms,290.1702,37900000
prediction_position_error_mm,8.576435968279839,37900000
prediction_orientation_error_deg,0,37900000
owd_uplink_ms,290.3972,38000000
owd_downlink_ms,292.2565,38000000
prediction_position_error_mm,3.408134449273348,38000000
prediction_orientation_error_deg,0,38000000
owd_uplink_ms,298.021,38100000
owd_downlink_ms,292.2062,38100000
prediction_position_error_mm,17.8634375333786,38100000
prediction_orientation_error_deg,0,38100000
owd_uplink_ms,295.4093,38200000
owd_downlink_ms,294.4876,38200000
prediction_position_error_mm,7.972187362611294,38200000
prediction_orientation_error_deg,0,38200000
owd_uplink_ms,294.6956,38300000
owd_downlink_ms,294.5691,38300000
prediction_position_error_mm,6.733227521181107,38300000
prediction_orientation_error_deg,0,38300000
owd_uplink_ms,290.4052,38400000
owd_downlink_ms,291.1433,38400000
prediction_position_error_mm,5.42557192966342,38400000
prediction_orientation_error_deg,0,38400000
owd_uplink_ms,296.1906,38500000
owd_downlink_ms,295.9801,38500000
prediction_position_error_mm,7.2213467210531235,38500000
prediction_orientation_error_deg,0,38500000
owd_uplink_ms,297.3925,38600000
owd_downlink_ms,293.2904,38600000
prediction_position_error_mm,15.410546213388443,38600000
prediction_orientation_error_deg,0,38600000
owd_uplink_ms,297.2645,38700000
owd_downlink_ms,299.257,38700000
prediction_position_error_mm,4.1888742707669735,38700000
prediction_orientation_error_deg,0,38700000
owd_uplink_ms,293.999,38800000
owd_downlink_ms,297.4692,38800000
prediction_position_error_mm,3.028733655810356,38800000
prediction_orientation_error_deg,0,38800000
owd_uplink_ms,299.1336,38900000
owd_downlink_ms,298.0616,38900000
prediction_position_error_mm,9.573702700436115,38900000
prediction_orientation_error_deg,0,38900000
owd_uplink_ms,296.9498,39000000
owd_downlink_ms,296.245,39000000
prediction_position_error_mm,9.118467569351196,39000000
prediction_orientation_error_deg,0,39000000
owd_uplink_ms,291.9708,39100000
owd_downlink_ms,290.9102,39100000
prediction_position_error_mm,10.055511258542538,39100000
prediction_orientation_error_deg,0,39100000
owd_uplink_ms,291.2023,39200000
owd_downlink_ms,297.8201,39200000
prediction_position_error_mm,5.397393833845854,39200000
prediction_orientation_error_deg,0,39200000
owd_uplink_ms,298.2339,39300000
owd_downlink_ms,294.1333,39300000
prediction_position_error_mm,16.43058843910694,39300000
prediction_orientation_error_deg,0,39300000
owd_uplink_ms,292.615,39400000
owd_downlink_ms,293.6894,39400000
prediction_position_error_mm,6.555975880473852,39400000
prediction_orientation_error_deg,0,39400000
owd_uplink_ms,299.3342,39500000
owd_downlink_ms,298.1486,39500000
prediction_position_error_mm,10.936657898128033,39500000
prediction_orientation_error_deg,0,39500000
owd_uplink_ms,295.558,39600000
owd_downlink_ms,293.247,39600000
prediction_position_error_mm,13.48569244146347,39600000
prediction_orientation_error_deg,0,39600000
owd_uplink_ms,291.821,39700000
owd_downlink_ms,296.2523,39700000
prediction_position_error_mm,2.836812986060977,39700000
prediction_orientation_error_deg,0,39700000
owd_uplink_ms,296.9075,39800000
owd_downlink_ms,293.7298,39800000
prediction_position_error_mm,15.541985630989075,39800000
prediction_orientation_error_deg,0,39800000
owd_uplink_ms,297.0088,39900000
owd_downlink_ms,299.9737,39900000
prediction_position_error_mm,4.469709005206823,39900000
prediction_orientation_error_deg,0,39900000
owd_uplink_ms,297.919,40000000
owd_downlink_ms,296.5553,40000000
prediction_position_error_mm,12.229491025209427,40000000
prediction_orientation_error_deg,0,40000000
owd_uplink_ms,296.1334,40100000
owd_downlink_ms,299.1125,40100000
prediction_position_error_mm,4.713848233222961,40100000
prediction_orientation_error_deg,0,40100000
owd_uplink_ms,295.0461,40200000
owd_downlink_ms,292.801,40200000
prediction_position_error_mm,14.284493401646614,40200000
prediction_orientation_error_deg,0,40200000
owd_uplink_ms,295.8575,40300000
owd_downlink_ms,298.9881,40300000
prediction_position_error_mm,4.805395379662514,40300000
prediction_orientation_error_deg,0,40300000
owd_uplink_ms,299.5603,40400000
owd_downlink_ms,296.9539,40400000
prediction_position_error_mm,15.342175029218197,40400000
prediction_orientation_error_deg,0,40400000
owd_uplink_ms,290.7548,40500000
owd_downlink_ms,294.9714,40500000
prediction_position_error_mm,3.6294995807111263,40500000
prediction_orientation_error_deg,0,40500000
owd_uplink_ms,293.8817,40600000
owd_downlink_ms,290.3432,40600000
prediction_position_error_mm,17.531562596559525,40600000
prediction_orientation_error_deg,0,40600000
owd_uplink_ms,298.7657,40700000
owd_downlink_ms,298.242,40700000
prediction_position_error_mm,11.93198561668396,40700000
prediction_orientation_error_deg,0,40700000
owd_uplink_ms,294.7714,40800000
owd_downlink_ms,296.1839,40800000
prediction_position_error_mm,8.60885251313448,40800000
prediction_orientation_error_deg,0,40800000
owd_uplink_ms,295.0739,40900000
owd_downlink_ms,298.2581,40900000
prediction_position_error_mm,5.751824006438255,40900000
prediction_orientation_error_deg,0,40900000
owd_uplink_ms,298.9297,41000000
owd_downlink_ms,296.7501,41000000
prediction_position_error_mm,15.464776195585728,41000000
prediction_orientation_error_deg,0,41000000
owd_uplink_ms,299.4844,41100000
owd_downlink_ms,298.1466,41100000
prediction_position_error_mm,14.143489301204681,41100000
prediction_orientation_error_deg,0,41100000
owd_uplink_ms,290.7426,41200000
owd_downlink_ms,295.0696,41200000
prediction_position_error_mm,4.6280790120363235,41200000
prediction_orientation_error_deg,0,41200000
owd_uplink_ms,291.3272,41300000
owd_downlink_ms,295.8867,41300000
prediction_position_error_mm,4.285708535462618,41300000
prediction_orientation_error_deg,0,41300000
owd_uplink_ms,295.2765,41400000
owd_downlink_ms,294.3297,41400000
prediction_position_error_mm,13.511918485164642,41400000
prediction_orientation_error_deg,0,41400000
owd_uplink_ms,299.3441,41500000
owd_downlink_ms,296.6041,41500000
prediction_position_error_mm,17.198286950588226,41500000
prediction_orientation_error_deg,0,41500000
owd_uplink_ms,299.6334,41600000
owd_downlink_ms,294.7017,41600000
prediction_position_error_mm,21.971633657813072,41600000
prediction_orientation_error_deg,0,41600000
owd_uplink_ms,294.7221,41700000
owd_downlink_ms,294.5962,41700000
prediction_position_error_mm,13.076577335596085,41700000
prediction_orientation_error_deg,0,41700000
owd_uplink_ms,296.535,41800000
owd_downlink_ms,294.2721,41800000
prediction_position_error_mm,17.263777554035187,41800000
prediction_orientation_error_deg,0,41800000
owd_uplink_ms,296.5106,41900000
owd_downlink_ms,291.9713,41900000
prediction_position_error_mm,22.07397297024727,41900000
prediction_orientation_error_deg,0,41900000
owd_uplink_ms,296.9596,42000000
owd_downlink_ms,292.6467,42000000
prediction_position_error_mm,22.04306423664093,42000000
prediction_orientation_error_deg,0,42000000
owd_uplink_ms,297.206,42100000
owd_downlink_ms,298.2965,42100000
prediction_position_error_mm,12.333167716860771,42100000
prediction_orientation_error_deg,0,42100000
owd_uplink_ms,294.9764,42200000
owd_downlink_ms,293.4204,42200000
prediction_position_error_mm,17.207149416208267,42200000
prediction_orientation_error_deg,0,42200000
owd_uplink_ms,289.1063,42300000
owd_downlink_ms,294.4143,42300000
prediction_position_error_mm,6.001962348818779,42300000
prediction_orientation_error_deg,0,42300000
owd_uplink_ms,294.2539,42400000
owd_downlink_ms,294.7866,42400000
prediction_position_error_mm,13.600911945104599,42400000
prediction_orientation_error_deg,0,42400000
owd_uplink_ms,295.1683,42500000
owd_downlink_ms,295.6656,42500000
prediction_position_error_mm,13.821552507579327,42500000
prediction_orientation_error_deg,0,42500000
owd_uplink_ms,297.1375,42600000
owd_downlink_ms,296.312,42600000
prediction_position_error_mm,16.291774809360504,42600000
prediction_orientation_error_deg,0,42600000
owd_uplink_ms,293.4662,42700000
owd_downlink_ms,296.5735,42700000
prediction_position_error_mm,9.921836666762829,42700000
prediction_orientation_error_deg,0,42700000
owd_uplink_ms,296.7755,42800000
owd_downlink_ms,293.3297,42800000
prediction_position_error_mm,21.282676607370377,42800000
prediction_orientation_error_deg,0,42800000
owd_uplink_ms,289.8891,42900000
owd_downlink_ms,295.1807,42900000
prediction_position_error_mm,7.067183963954449,42900000
prediction_orientation_error_deg,0,42900000
owd_uplink_ms,290.8845,43000000
owd_downlink_ms,296.1331,43000000
prediction_position_error_mm,7.089713588356972,43000000
prediction_orientation_error_deg,0,43000000
owd_uplink_ms,300.1737,43100000
owd_downlink_ms,299.1089,43100000
prediction_position_error_mm,17.041804268956184,43100000
prediction_orientation_error_deg,0,43100000
owd_uplink_ms,295.6026,43200000
owd_downlink_ms,293.6446,43200000
prediction_position_error_mm,18.82210373878479,43200000
prediction_orientation_error_deg,0,43200000
owd_uplink_ms,299.3141,43300000
owd_downlink_ms,298.4179,43300000
prediction_position_error_mm,17.24955067038536,43300000
prediction_orientation_error_deg,0,43300000
owd_uplink_ms,292.7273,43400000
owd_downlink_ms,296.9883,43400000
prediction_position_error_mm,9.325130842626095,43400000
prediction_orientation_error_deg,0,43400000
owd_uplink_ms,294.0171,43500000
owd_downlink_ms,294.9655,43500000
prediction_position_error_mm,14.377630315721035,43500000
prediction_orientation_error_deg,0,43500000
owd_uplink_ms,293.2647,43600000
owd_downlink_ms,293.5955,43600000
prediction_position_error_mm,15.498323366045952,43600000
prediction_orientation_error_deg,0,43600000
owd_uplink_ms,296.7916,43700000
owd_downlink_ms,293.2556,43700000
prediction_position_error_mm,22.180035710334778,43700000
prediction_orientation_error_deg,0,43700000
owd_uplink_ms,292.1644,43800000
owd_downlink_ms,293.1248,43800000
prediction_position_error_mm,15.021232888102531,43800000
prediction_orientation_error_deg,0,43800000
owd_uplink_ms,298.6471,43900000
owd_downlink_ms,299.3728,43900000
prediction_position_error_mm,15.516974031925201,43900000
prediction_orientation_error_deg,0,43900000
owd_uplink_ms,290.9309,44000000
owd_downlink_ms,291.6943,44000000
prediction_position_error_mm,15.5970249325037,44000000
prediction_orientation_error_deg,0,44000000
owd_uplink_ms,292.0222,44100000
owd_downlink_ms,290.1231,44100000
prediction_position_error_mm,19.972948357462883,44100000
prediction_orientation_error_deg,0,44100000
owd_uplink_ms,290.9625,44200000
owd_downlink_ms,292.885,44200000
prediction_position_error_mm,14.26053885370493,44200000
prediction_orientation_error_deg,0,44200000
owd_uplink_ms,296.3607,44300000
owd_downlink_ms,298.3635,44300000
prediction_position_error_mm,14.2359035089612,44300000
prediction_orientation_error_deg,0,44300000
owd_uplink_ms,293.5057,44400000
owd_downlink_ms,293.5498,44400000
prediction_position_error_mm,17.240185290575027,44400000
prediction_orientation_error_deg,0,44400000
owd_uplink_ms,291.5136,44500000
owd_downlink_ms,293.1638,44500000
prediction_position_error_mm,15.019215643405914,44500000
prediction_orientation_error_deg,0,44500000
owd_uplink_ms,297.8028,44600000
owd_downlink_ms,292.0771,44600000
prediction_position_error_mm,26.840010657906532,44600000
prediction_orientation_error_deg,0,44600000
owd_uplink_ms,299.319,44700000
owd_downlink_ms,298.9276,44700000
prediction_position_error_mm,18.569612875580788,44700000
prediction_orientation_error_deg,0,44700000
owd_uplink_ms,290.876,44800000
owd_downlink_ms,293.8786,44800000
prediction_position_error_mm,13.88078834861517,44800000
prediction_orientation_error_deg,0,44800000
owd_uplink_ms,297.5438,44900000
owd_downlink_ms,296.1022,44900000
prediction_position_error_mm,20.31753957271576,44900000
prediction_orientation_error_deg,0,44900000
owd_uplink_ms,293.5285,45000000
owd_downlink_ms,297.2596,45000000
prediction_position_error_mm,13.2255544885993,45000000
prediction_orientation_error_deg,0,45000000
owd_uplink_ms,293.5587,45100000
owd_downlink_ms,293.1808,45100000
prediction_position_error_mm,18.907703459262848,45100000
prediction_orientation_error_deg,0,45100000
owd_uplink_ms,300.3826,45200000
owd_downlink_ms,299.269,45200000
prediction_position_error_mm,20.13719268143177,45200000
prediction_orientation_error_deg,0,45200000
owd_uplink_ms,297.4022,45300000
owd_downlink_ms,297.4476,45300000
prediction_position_error_mm,18.665747717022896,45300000
prediction_orientation_error_deg,0,45300000
owd_uplink_ms,295.7614,45400000
owd_downlink_ms,296.8079,45400000
prediction_position_error_mm,17.43432506918907,45400000
prediction_orientation_error_deg,0,45400000
owd_uplink_ms,297.9903,45500000
owd_downlink_ms,293.5303,45500000
prediction_position_error_mm,25.50012432038784,45500000
prediction_orientation_error_deg,0,45500000
owd_uplink_ms,296.1929,45600000
owd_downlink_ms,294.5318,45600000
prediction_position_error_mm,21.631650626659393,45600000
prediction_orientation_error_deg,0,45600000
owd_uplink_ms,293.7704,45700000
owd_downlink_ms,296.0362,45700000
prediction_position_error_mm,16.54437556862831,45700000
prediction_orientation_error_deg,0,45700000
owd_uplink_ms,292.4327,45800000
owd_downlink_ms,297.0785,45800000
prediction_position_error_mm,13.706509955227375,45800000
prediction_orientation_error_deg,0,45800000
owd_uplink_ms,297.9549,45900000
owd_downlink_ms,292.9313,45900000
prediction_position_error_mm,26.592295616865158,45900000
prediction_orientation_error_deg,0,45900000
owd_uplink_ms,292.0934,46000000
owd_downlink_ms,297.9535,46000000
prediction_position_error_mm,12.736705131828785,46000000
prediction_orientation_error_deg,0,46000000
owd_uplink_ms,300.089,46100000
owd_downlink_ms,294.6594,46100000
prediction_position_error_mm,27.263103052973747,46100000
prediction_orientation_error_deg,0,46100000
owd_uplink_ms,296.0478,46200000
owd_downlink_ms,294.34,46200000
prediction_position_error_mm,22.3239753395319,46200000
prediction_orientation_error_deg,0,46200000
owd_uplink_ms,290.9445,46300000
owd_downlink_ms,296.241,46300000
prediction_position_error_mm,14.042013324797153,46300000
prediction_orientation_error_deg,0,46300000
owd_uplink_ms,294.3882,46400000
owd_downlink_ms,291.6144,46400000
prediction_position_error_mm,23.785315454006195,46400000
prediction_orientation_error_deg,0,46400000
owd_uplink_ms,293.1175,46500000
owd_downlink_ms,298.4607,46500000
prediction_position_error_mm,14.303136616945267,46500000
prediction_orientation_error_deg,0,46500000
owd_uplink_ms,295.0745,46600000
owd_downlink_ms,293.8522,46600000
prediction_position_error_mm,21.861201152205467,46600000
prediction_orientation_error_deg,0,46600000
owd_uplink_ms,293.6847,46700000
owd_downlink_ms,296.865,46700000
prediction_position_error_mm,16.876518726348877,46700000
prediction_orientation_error_deg,0,46700000
owd_uplink_ms,299.6975,46800000
owd_downlink_ms,294.6187,46800000
prediction_position_error_mm,26.932062581181526,46800000
prediction_orientation_error_deg,0,46800000
owd_uplink_ms,292.4154,46900000
owd_downlink_ms,294.8618,46900000
prediction_position_error_mm,18.081190064549446,46900000
prediction_orientation_error_deg,0,46900000
owd_uplink_ms,299.1663,47000000
owd_downlink_ms,295.9222,47000000
prediction_position_error_mm,24.753106757998466,47000000
prediction_orientation_error_deg,0,47000000
owd_uplink_ms,296.2936,47100000
owd_downlink_ms,296.0208,47100000
prediction_position_error_mm,21.41416445374489,47100000
prediction_orientation_error_deg,0,47100000
owd_uplink_ms,296.6378,47200000
owd_downlink_ms,290.9377,47200000
prediction_position_error_mm,28.08668278157711,47200000
prediction_orientation_error_deg,0,47200000
owd_uplink_ms,294.1058,47300000
owd_downlink_ms,292.6817,47300000
prediction_position_error_mm,23.136934265494347,47300000
prediction_orientation_error_deg,0,47300000
owd_uplink_ms,296.7758,47400000
owd_downlink_ms,291.5997,47400000
prediction_position_error_mm,27.712171897292137,47400000
prediction_orientation_error_deg,0,47400000
owd_uplink_ms,294.0004,47500000
owd_downlink_ms,294.4835,47500000
prediction_position_error_mm,21.461155265569687,47500000
prediction_orientation_error_deg,0,47500000
owd_uplink_ms,292.614,47600000
owd_downlink_ms,294.9338,47600000
prediction_position_error_mm,19.68321017920971,47600000
prediction_orientation_error_deg,0,47600000
owd_uplink_ms,294.9806,47700000
owd_downlink_ms,297.6826,47700000
prediction_position_error_mm,19.372621551156044,47700000
prediction_orientation_error_deg,0,47700000
owd_uplink_ms,291.946,47800000
owd_downlink_ms,298.1429,47800000
prediction_position_error_mm,16.252513974905014,47800000
prediction_orientation_error_deg,0,47800000
owd_uplink_ms,293.9141,47900000
owd_downlink_ms,290.9764,47900000
prediction_position_error_mm,25.021614506840706,47900000
prediction_orientation_error_deg,0,47900000
owd_uplink_ms,299.6516,48000000
owd_downlink_ms,298.6994,48000000
prediction_position_error_mm,23.11255969107151,48000000
prediction_orientation_error_deg,0,48000000
owd_uplink_ms,299.074,48100000
owd_downlink_ms,295.9128,48100000
prediction_position_error_mm,25.463726371526718,48100000
prediction_orientation_error_deg,0,48100000
owd_uplink_ms,296.244,48200000
owd_downlink_ms,296.4975,48200000
prediction_position_error_mm,22.235481068491936,48200000
prediction_orientation_error_deg,0,48200000
owd_uplink_ms,295.3713,48300000
owd_downlink_ms,291.0987,48300000
prediction_position_error_mm,26.754029095172882,48300000
prediction_orientation_error_deg,0,48300000
owd_uplink_ms,294.6911,48400000
owd_downlink_ms,294.7131,48400000
prediction_position_error_mm,22.742465138435364,48400000
prediction_orientation_error_deg,0,48400000
owd_uplink_ms,295.4885,48500000
owd_downlink_ms,294.8078,48500000
prediction_position_error_mm,23.45418557524681,48500000
prediction_orientation_error_deg,0,48500000
owd_uplink_ms,296.5121,48600000
owd_downlink_ms,298.4291,48600000
prediction_position_error_mm,21.295923739671707,48600000
prediction_orientation_error_deg,0,48600000
owd_uplink_ms,290.0499,48700000
owd_downlink_ms,293.0283,48700000
prediction_position_error_mm,20.49645408987999,48700000
prediction_orientation_error_deg,0,48700000
owd_uplink_ms,292.3158,48800000
owd_downlink_ms,298.5672,48800000
prediction_position_error_mm,18.101198598742485,48800000
prediction_orientation_error_deg,0,48800000
owd_uplink_ms,298.8223,48900000
owd_downlink_ms,294.4434,48900000
prediction_position_error_mm,26.65773406624794,48900000
prediction_orientation_error_deg,0,48900000
owd_uplink_ms,291.6816,49000000
owd_downlink_ms,296.5297,49000000
prediction_position_error_mm,19.391177222132683,49000000
prediction_orientation_error_deg,0,49000000
owd_uplink_ms,298.9884,49100000
owd_downlink_ms,294.6692,49100000
prediction_position_error_mm,26.5696682035923,49100000
prediction_orientation_error_deg,0,49100000
owd_uplink_ms,294.8745,49200000
owd_downlink_ms,297.4415,49200000
prediction_position_error_mm,21.272242069244385,49200000
prediction_orientation_error_deg,0,49200000
owd_uplink_ms,294.2688,49300000
owd_downlink_ms,290.905,49300000
prediction_position_error_mm,25.795189663767815,49300000
prediction_orientation_error_deg,0,49300000
owd_uplink_ms,295.108,49400000
owd_downlink_ms,296.3117,49400000
prediction_position_error_mm,22.456781938672066,49400000
prediction_orientation_error_deg,0,49400000
owd_uplink_ms,298.4318,49500000
owd_downlink_ms,295.0302,49500000
prediction_position_error_mm,25.87214671075344,49500000
prediction_orientation_error_deg,0,49500000
owd_uplink_ms,290.9118,49600000
owd_downlink_ms,294.7167,49600000
prediction_position_error_mm,20.983899012207985,49600000
prediction_orientation_error_deg,0,49600000
owd_uplink_ms,294.2544,49700000
owd_downlink_ms,295.2985,49700000
prediction_position_error_mm,22.768856957554817,49700000
prediction_orientation_error_deg,0,49700000
owd_uplink_ms,296.5733,49800000
owd_downlink_ms,294.4358,49800000
prediction_position_error_mm,24.92504008114338,49800000
prediction_orientation_error_deg,0,49800000
owd_uplink_ms,291.4512,49900000
owd_downlink_ms,293.7399,49900000
prediction_position_error_mm,22.184178233146667,49900000
prediction_orientation_error_deg,0,49900000
owd_uplink_ms,291.2165,50000000
owd_downlink_ms,291.4035,50000000
prediction_position_error_mm,23.48039299249649,50000000
prediction_orientation_error_deg,0,50000000
prediction_position_error_mm,0,100000
prediction_orientation_error_deg,0,100000
prediction_position_error_mm,0,200000
prediction_orientation_error_deg,0,200000
prediction_position_error_mm,0,300000
prediction_orientation_error_deg,0,300000
prediction_position_error_mm,0,400000
prediction_orientation_error_deg,0,400000
prediction_position_error_mm,0,500000
prediction_orientation_error_deg,0,500000
prediction_position_error_mm,0,600000
prediction_orientation_error_deg,0,600000
prediction_position_error_mm,0,700000
prediction_orientation_error_deg,0,700000
prediction_position_error_mm,0,800000
prediction_orientation_error_deg,0,800000
prediction_position_error_mm,0,900000
prediction_orientation_error_deg,0,900000
prediction_position_error_mm,0,1000000
prediction_orientation_error_deg,0,1000000
prediction_position_error_mm,0,1100000
prediction_orientation_error_deg,0,1100000
prediction_position_error_mm,0,1200000
prediction_orientation_error_deg,0,1200000
prediction_position_error_mm,0,1300000
prediction_orientation_error_deg,0,1300000
prediction_position_error_mm,0,1400000
prediction_orientation_error_deg,0,1400000
prediction_position_error_mm,0,1500000
prediction_orientation_error_deg,0,1500000
prediction_position_error_mm,0,1600000
prediction_orientation_error_deg,0,1600000
prediction_position_error_mm,0,1700000
prediction_orientation_error_deg,0,1700000
prediction_position_error_mm,0,1800000
prediction_orientation_error_deg,0,1800000
prediction_position_error_mm,0,1900000
prediction_orientation_error_deg,0,1900000
prediction_position_error_mm,0,2000000
prediction_orientation_error_deg,0,2000000
prediction_position_error_mm,0,2100000
prediction_orientation_error_deg,0,2100000
prediction_position_error_mm,0,2200000
prediction_orientation_error_deg,0,2200000
prediction_position_error_mm,0,2300000
prediction_orientation_error_deg,0,2300000
prediction_position_error_mm,0,2400000
prediction_orientation_error_deg,0,2400000
prediction_position_error_mm,0,2500000
prediction_orientation_error_deg,0,2500000
prediction_position_error_mm,0,2600000
prediction_orientation_error_deg,0,2600000
prediction_position_error_mm,0,2700000
prediction_orientation_error_deg,0,2700000
prediction_position_error_mm,0,2800000
prediction_orientation_error_deg,0,2800000
prediction_position_error_mm,0,2900000
prediction_orientation_error_deg,0,2900000
prediction_position_error_mm,0,3000000
prediction_orientation_error_deg,0,3000000
prediction_position_error_mm,1299.9999523162842,3100000
prediction_orientation_error_deg,0,3100000
prediction_position_error_mm,1300.0023365020752,3200000
prediction_orientation_error_deg,0,3200000
prediction_position_error_mm,1300.0091314315796,3300000
prediction_orientation_error_deg,0,3300000
prediction_position_error_mm,1300.020456314087,3400000
prediction_orientation_error_deg,0,3400000
prediction_position_error_mm,1300.0361919403076,3500000
prediction_orientation_error_deg,0,3500000
prediction_position_error_mm,1300.0564575195312,3600000
prediction_orientation_error_deg,0,3600000
prediction_position_error_mm,1300.0812530517578,3700000
prediction_orientation_error_deg,0,3700000
prediction_position_error_mm,1300.1103401184082,3800000
prediction_orientation_error_deg,0,3800000
prediction_position_error_mm,1300.143837928772,3900000
prediction_orientation_error_deg,0,3900000
prediction_position_error_mm,1300.1817464828491,4000000
prediction_orientation_error_deg,0,4000000
prediction_position_error_mm,1300.2238273620605,4100000
prediction_orientation_error_deg,0,4100000
prediction_position_error_mm,1300.2701997756958,4200000
prediction_orientation_error_deg,0,4200000
prediction_position_error_mm,1300.3205060958862,4300000
prediction_orientation_error_deg,0,4300000
prediction_position_error_mm,1300.3751039505005,4400000
prediction_orientation_error_deg,0,4400000
prediction_position_error_mm,1300.4335165023804,4500000
prediction_orientation_error_deg,0,4500000
prediction_position_error_mm,1300.495982170105,4600000
prediction_orientation_error_deg,0,4600000
prediction_position_error_mm,1300.5622625350952,4700000
prediction_orientation_error_deg,0,4700000
prediction_position_error_mm,1300.632119178772,4800000
prediction_orientation_error_deg,0,4800000
prediction_position_error_mm,1300.7055521011353,4900000
prediction_orientation_error_deg,0,4900000
prediction_position_error_mm,1300.782561302185,5000000
prediction_orientation_error_deg,0,5000000
prediction_position_error_mm,1300.8630275726318,5100000
prediction_orientation_error_deg,0,5100000
prediction_position_error_mm,1300.946593284607,5200000
prediction_orientation_error_deg,0,5200000
prediction_position_error_mm,1301.0333776474,5300000
prediction_orientation_error_deg,0,5300000
prediction_position_error_mm,1301.1231422424316,5400000
prediction_orientation_error_deg,0,5400000
prediction_position_error_mm,1301.2155294418335,5500000
prediction_orientation_error_deg,0,5500000
prediction_position_error_mm,1301.3107776641846,5600000
prediction_orientation_error_deg,0,5600000
prediction_position_error_mm,1301.4086484909058,5700000
prediction_orientation_error_deg,0,5700000
prediction_position_error_mm,1301.5087842941284,5800000
prediction_orientation_error_deg,0,5800000
prediction_position_error_mm,1301.6111850738525,5900000
prediction_orientation_error_deg,0,5900000
prediction_position_error_mm,1301.715612411499,6000000
prediction_orientation_error_deg,0,6000000
owd_uplink_ms,293.5496,6100000
owd_downlink_ms,293.5495,6100000
correction_magnitude_mm,1299.9999523162842,3074316
correction_magnitude_deg,0,3074316
prediction_position_error_mm,147.90701866149902,6100000
prediction_orientation_error_deg,0,6100000
owd_uplink_ms,294.6137,6200000
owd_downlink_ms,299.2417,6200000
prediction_position_error_mm,8.337927050888538,6200000
prediction_orientation_error_deg,0,6200000
owd_uplink_ms,291.3884,6300000
owd_downlink_ms,294.9661,6300000
prediction_position_error_mm,7.4522485956549644,6300000
prediction_orientation_error_deg,0,6300000
owd_uplink_ms,294.4786,6400000
owd_downlink_ms,295.5943,6400000
prediction_position_error_mm,6.986922584474087,6400000
prediction_orientation_error_deg,0,6400000
owd_uplink_ms,291.1136,6500000
owd_downlink_ms,293.9866,6500000
prediction_position_error_mm,7.01261917129159,6500000
prediction_orientation_error_deg,0,6500000
owd_uplink_ms,291.1238,6600000
owd_downlink_ms,293.6582,6600000
prediction_position_error_mm,6.90055638551712,6600000
prediction_orientation_error_deg,0,6600000
owd_uplink_ms,293.3868,6700000
owd_downlink_ms,293.1625,6700000
prediction_position_error_mm,8.085520938038826,6700000
prediction_orientation_error_deg,0,6700000
owd_uplink_ms,294.8794,6800000
owd_downlink_ms,294.9462,6800000
prediction_position_error_mm,7.916676811873913,6800000
prediction_orientation_error_deg,0,6800000
owd_uplink_ms,294.9489,6900000
owd_downlink_ms,292.0023,6900000
prediction_position_error_mm,12.31144554913044,6900000
prediction_orientation_error_deg,0,6900000
owd_uplink_ms,289.4756,7000000
owd_downlink_ms,292.8077,7000000
prediction_position_error_mm,7.040512748062611,7000000
prediction_orientation_error_deg,0,7000000
owd_uplink_ms,295.5044,7100000
owd_downlink_ms,292.1836,7100000
prediction_position_error_mm,13.305313885211945,7100000
prediction_orientation_error_deg,0,7100000
owd_uplink_ms,297.0586,7200000
owd_downlink_ms,293.5371,7200000
prediction_position_error_mm,14.038899913430214,7200000
prediction_orientation_error_deg,0,7200000
owd_uplink_ms,297.3626,7300000
owd_downlink_ms,298.227,7300000
prediction_position_error_mm,7.921230047941208,7300000
prediction_orientation_error_deg,0,7300000
owd_uplink_ms,297.9447,7400000
owd_downlink_ms,294.5999,7400000
prediction_position_error_mm,14.224602840840816,7400000
prediction_orientation_error_deg,0,7400000
owd_uplink_ms,290.7848,7500000
owd_downlink_ms,293.7617,7500000
prediction_position_error_mm,6.963323801755905,7500000
prediction_orientation_error_deg,0,7500000
owd_uplink_ms,292.4681,7600000
owd_downlink_ms,296.025,7600000
prediction_position_error_mm,6.977536249905825,7600000
prediction_orientation_error_deg,0,7600000
owd_uplink_ms,292.3744,7700000
owd_downlink_ms,293.3251,7700000
prediction_position_error_mm,8.190573193132877,7700000
prediction_orientation_error_deg,0,7700000
owd_uplink_ms,294.9202,7800000
owd_downlink_ms,299.8616,7800000
prediction_position_error_mm,7.502860389649868,7800000
prediction_orientation_error_deg,0,7800000
owd_uplink_ms,292.8415,7900000
owd_downlink_ms,296.4311,7900000
prediction_position_error_mm,7.032077759504318,7900000
prediction_orientation_error_deg,0,7900000
owd_uplink_ms,293.7194,8000000
owd_downlink_ms,297.0389,8000000
prediction_position_error_mm,7.040736731141806,8000000
prediction_orientation_error_deg,0,8000000
owd_uplink_ms,298.6622,8100000
owd_downlink_ms,295.3979,8100000
prediction_position_error_mm,14.423415996134281,8100000
prediction_orientation_error_deg,0,8100000
owd_uplink_ms,296.2566,8200000
owd_downlink_ms,297.0916,8200000
prediction_position_error_mm,8.637908846139908,8200000
prediction_orientation_error_deg,0,8200000
owd_uplink_ms,293.2663,8300000
owd_downlink_ms,295.4034,8300000
prediction_position_error_mm,7.610220927745104,8300000
prediction_orientation_error_deg,0,8300000
owd_uplink_ms,291.5959,8400000
owd_downlink_ms,298.5521,8400000
prediction_position_error_mm,8.93145240843296,8400000
prediction_orientation_error_deg,0,8400000
owd_uplink_ms,295.3512,8500000
owd_downlink_ms,295.719,8500000
prediction_position_error_mm,9.221226908266544,8500000
prediction_orientation_error_deg,0,8500000
owd_uplink_ms,299.7181,8600000
owd_downlink_ms,291.5189,8600000
prediction_position_error_mm,24.87366646528244,8600000
prediction_orientation_error_deg,0,8600000
owd_uplink_ms,296.5824,8700000
owd_downlink_ms,292.4881,8700000
prediction_position_error_mm,17.070341855287552,8700000
prediction_orientation_error_deg,0,8700000
owd_uplink_ms,298.9013,8800000
owd_downlink_ms,298.9187,8800000
prediction_position_error_mm,10.629378259181976,8800000
prediction_orientation_error_deg,0,8800000
owd_uplink_ms,297.2735,8900000
owd_downlink_ms,297.7889,8900000
prediction_position_error_mm,10.124117136001587,8900000
prediction_orientation_error_deg,0,8900000
owd_uplink_ms,290.8717,9000000
owd_downlink_ms,293.0242,9000000
prediction_position_error_mm,8.4551265463233,9000000
prediction_orientation_error_deg,0,9000000
owd_uplink_ms,296.0663,9100000
owd_downlink_ms,291.1439,9100000
prediction_position_error_mm,19.41998302936554,9100000
prediction_orientation_error_deg,0,9100000
owd_uplink_ms,295.4927,9200000
owd_downlink_ms,299.3801,9200000
prediction_position_error_mm,7.598245982080698,9200000
prediction_orientation_error_deg,0,9200000
owd_uplink_ms,299.1156,9300000
owd_downlink_ms,291.783,9300000
prediction_position_error_mm,24.733684957027435,9300000
prediction_orientation_error_deg,0,9300000
owd_uplink_ms,296.3739,9400000
owd_downlink_ms,292.9103,9400000
prediction_position_error_mm,17.634538933634758,9400000
prediction_orientation_error_deg,0,9400000
owd_uplink_ms,291.4733,9500000
owd_downlink_ms,292.126,9500000
prediction_position_error_mm,11.312038637697697,9500000
prediction_orientation_error_deg,0,9500000
owd_uplink_ms,296.5075,9600000
owd_downlink_ms,299.7292,9600000
prediction_position_error_mm,8.577115833759308,9600000
prediction_orientation_error_deg,0,9600000
owd_uplink_ms,296.6602,9700000
owd_downlink_ms,293.0555,9700000
prediction_position_error_mm,18.35789903998375,9700000
prediction_orientation_error_deg,0,9700000
owd_uplink_ms,297.4306,9800000
owd_downlink_ms,293.0506,9800000
prediction_position_error_mm,20.165832713246346,9800000
prediction_orientation_error_deg,0,9800000
owd_uplink_ms,292.99,9900000
owd_downlink_ms,298.8261,9900000
prediction_position_error_mm,7.674957625567913,9900000
prediction_orientation_error_deg,0,9900000
owd_uplink_ms,294.7372,10000000
owd_downlink_ms,297.337,10000000
prediction_position_error_mm,9.69554204493761,10000000
prediction_orientation_error_deg,0,10000000
owd_uplink_ms,299.1675,10100000
owd_downlink_ms,298.5115,10100000
prediction_position_error_mm,14.01998195797205,10100000
prediction_orientation_error_deg,0,10100000
owd_uplink_ms,297.0242,10200000
owd_downlink_ms,296.6232,10200000
prediction_position_error_mm,13.834536075592041,10200000
prediction_orientation_error_deg,0,10200000
owd_uplink_ms,293.3113,10300000
owd_downlink_ms,296.1308,10300000
prediction_position_error_mm,9.875506162643433,10300000
prediction_orientation_error_deg,0,10300000
owd_uplink_ms,292.71,10400000
owd_downlink_ms,299.018,10400000
prediction_position_error_mm,7.886453531682491,10400000
prediction_orientation_error_deg,0,10400000
owd_uplink_ms,295.2442,10500000
owd_downlink_ms,293.9801,10500000
prediction_position_error_mm,15.231316909193993,10500000
prediction_orientation_error_deg,0,10500000
owd_uplink_ms,297.6003,10600000
owd_downlink_ms,291.5123,10600000
prediction_position_error_mm,23.971643298864365,10600000
prediction_orientation_error_deg,0,10600000
owd_uplink_ms,293.6446,10700000
owd_downlink_ms,291.4591,10700000
prediction_position_error_mm,17.40661822259426,10700000
prediction_orientation_error_deg,0,10700000
owd_uplink_ms,291.4003,10800000
owd_downlink_ms,293.6797,10800000
prediction_position_error_mm,11.28658838570118,10800000
prediction_orientation_error_deg,0,10800000
owd_uplink_ms,296.908,10900000
owd_downlink_ms,297.9198,10900000
prediction_position_error_mm,12.939481995999813,10900000
prediction_orientation_error_deg,0,10900000
owd_uplink_ms,291.0416,11000000
owd_downlink_ms,298.9833,11000000
prediction_position_error_mm,8.210109546780586,11000000
prediction_orientation_error_deg,0,11000000
owd_uplink_ms,292.5542,11100000
owd_downlink_ms,292.7478,11100000
prediction_position_error_mm,13.990869745612144,11100000
prediction_orientation_error_deg,0,11100000
owd_uplink_ms,298.1186,11200000
owd_downlink_ms,296.0196,11200000
prediction_position_error_mm,17.567479982972145,11200000
prediction_orientation_error_deg,0,11200000
owd_uplink_ms,298.7848,11300000
owd_downlink_ms,291.6709,11300000
prediction_position_error_mm,26.742983609437943,11300000
prediction_orientation_error_deg,0,11300000
owd_uplink_ms,297.7963,11400000
owd_downlink_ms,295.9746,11400000
prediction_position_error_mm,17.888369038701057,11400000
prediction_orientation_error_deg,0,11400000
owd_uplink_ms,297.8867,11500000
owd_downlink_ms,298.3914,11500000
prediction_position_error_mm,14.701174572110176,11500000
prediction_orientation_error_deg,0,11500000
owd_uplink_ms,292.0783,11600000
owd_downlink_ms,291.4791,11600000
prediction_position_error_mm,16.40400104224682,11600000
prediction_orientation_error_deg,0,11600000
owd_uplink_ms,296.0711,11700000
owd_downlink_ms,297.7127,11700000
prediction_position_error_mm,13.549460098147392,11700000
prediction_orientation_error_deg,0,11700000
owd_uplink_ms,293.2644,11800000
owd_downlink_ms,299.6033,11800000
prediction_position_error_mm,9.330397471785545,11800000
prediction_orientation_error_deg,0,11800000
owd_uplink_ms,296.2527,11900000
owd_downlink_ms,292.5642,11900000
prediction_position_error_mm,21.303895860910416,11900000
prediction_orientation_error_deg,0,11900000
owd_uplink_ms,297.8369,12000000
owd_downlink_ms,296.737,12000000
prediction_position_error_mm,17.57269538938999,12000000
prediction_orientation_error_deg,0,12000000
owd_uplink_ms,297.8725,12100000
owd_downlink_ms,292.8246,12100000
prediction_position_error_mm,24.09619279205799,12100000
prediction_orientation_error_deg,0,12100000
owd_uplink_ms,296.8859,12200000
owd_downlink_ms,297.6345,12200000
prediction_position_error_mm,15.585536137223244,12200000
prediction_orientation_error_deg,0,12200000
owd_uplink_ms,292.4578,12300000
owd_downlink_ms,291.33,12300000
prediction_position_error_mm,18.30129139125347,12300000
prediction_orientation_error_deg,0,12300000
owd_uplink_ms,293.2523,12400000
owd_downlink_ms,297.9799,12400000
prediction_position_error_mm,11.5206865593791,12400000
prediction_orientation_error_deg,0,12400000
owd_uplink_ms,293.4762,12500000
owd_downlink_ms,297.7529,12500000
prediction_position_error_mm,11.951714754104614,12500000
prediction_orientation_error_deg,0,12500000
owd_uplink_ms,294.0492,12600000
owd_downlink_ms,291.5336,12600000
prediction_position_error_mm,20.39351873099804,12600000
prediction_orientation_error_deg,0,12600000
owd_uplink_ms,290.4839,12700000
owd_downlink_ms,293.764,12700000
prediction_position_error_mm,13.207199983298779,12700000
prediction_orientation_error_deg,0,12700000
owd_uplink_ms,293.2153,12800000
owd_downlink_ms,294.6129,12800000
prediction_position_error_mm,15.34730102866888,12800000
prediction_orientation_error_deg,0,12800000
owd_uplink_ms,291.6285,12900000
owd_downlink_ms,297.6998,12900000
prediction_position_error_mm,11.016296222805977,12900000
prediction_orientation_error_deg,0,12900000
owd_uplink_ms,299.2222,13000000
owd_downlink_ms,298.0788,13000000
prediction_position_error_mm,18.584979698061943,13000000
prediction_orientation_error_deg,0,13000000
owd_uplink_ms,299.5095,13100000
owd_downlink_ms,292.2497,13100000
prediction_position_error_mm,28.233446180820465,13100000
prediction_orientation_error_deg,0,13100000
owd_uplink_ms,290.88,13200000
owd_downlink_ms,294.6935,13200000
prediction_position_error_mm,13.450661674141884,13200000
prediction_orientation_error_deg,0,13200000
owd_uplink_ms,294.3059,13300000
owd_downlink_ms,291.5443,13300000
prediction_position_error_mm,21.427536383271217,13300000
prediction_orientation_error_deg,0,13300000
owd_uplink_ms,291.3492,13400000
owd_downlink_ms,291.7346,13400000
prediction_position_error_mm,17.483683302998543,13400000
prediction_orientation_error_deg,0,13400000
owd_uplink_ms,295.0564,13500000
owd_downlink_ms,293.1604,13500000
prediction_position_error_mm,20.548861473798752,13500000
prediction_orientation_error_deg,0,13500000
owd_uplink_ms,293.0127,13600000
owd_downlink_ms,296.0201,13600000
prediction_position_error_mm,14.926676638424397,13600000
prediction_orientation_error_deg,0,13600000
owd_uplink_ms,291.6972,13700000
owd_downlink_ms,296.6884,13700000
prediction_position_error_mm,13.19710724055767,13700000
prediction_orientation_error_deg,0,13700000
owd_uplink_ms,293.6976,13800000
owd_downlink_ms,296.4266,13800000
prediction_position_error_mm,15.264513902366161,13800000
prediction_orientation_error_deg,0,13800000
owd_uplink_ms,296.1583,13900000
owd_downlink_ms,289.9399,13900000
prediction_position_error_mm,26.828845962882042,13900000
prediction_orientation_error_deg,0,13900000
owd_uplink_ms,295.0027,14000000
owd_downlink_ms,292.8821,14000000
prediction_position_error_mm,21.302564069628716,14000000
prediction_orientation_error_deg,0,14000000
owd_uplink_ms,293.6221,14100000
owd_downlink_ms,292.5639,14100000
prediction_position_error_mm,20.14962211251259,14100000
prediction_orientation_error_deg,0,14100000
owd_uplink_ms,294.8584,14200000
owd_downlink_ms,296.5465,14200000
prediction_position_error_mm,17.180923372507095,14200000
prediction_orientation_error_deg,0,14200000
owd_uplink_ms,298.0006,14300000
owd_downlink_ms,291.7097,14300000
prediction_position_error_mm,27.481311932206154,14300000
prediction_orientation_error_deg,0,14300000
owd_uplink_ms,293.4813,14400000
owd_downlink_ms,294.283,14400000
prediction_position_error_mm,18.573224544525146,14400000
prediction_orientation_error_deg,0,14400000
owd_uplink_ms,291.0953,14500000
owd_downlink_ms,293.244,14500000
prediction_position_error_mm,17.280368134379387,14500000
prediction_orientation_error_deg,0,14500000
owd_uplink_ms,294.0408,14600000
owd_downlink_ms,296.6019,14600000
prediction_position_error_mm,16.959762200713158,14600000
prediction_orientation_error_deg,0,14600000
owd_uplink_ms,291.9434,14700000
owd_downlink_ms,292.149,14700000
prediction_position_error_mm,19.414160400629044,14700000
prediction_orientation_error_deg,0,14700000
owd_uplink_ms,298.1811,14800000
owd_downlink_ms,299.4846,14800000
prediction_position_error_mm,18.38967762887478,14800000
prediction_orientation_error_deg,0,14800000
owd_uplink_ms,294.9463,14900000
owd_downlink_ms,293.4639,14900000
prediction_position_error_mm,21.47262543439865,14900000
prediction_orientation_error_deg,0,14900000
owd_uplink_ms,294.8268,15000000
owd_downlink_ms,293.3903,15000000
prediction_position_error_mm,21.570593118667603,15000000
prediction_orientation_error_deg,0,15000000
owd_uplink_ms,293.0087,15100000
owd_downlink_ms,293.1609,15100000
prediction_position_error_mm,19.99894343316555,15100000
prediction_orientation_error_deg,0,15100000
owd_uplink_ms,294.1941,15200000
owd_downlink_ms,298.8219,15200000
prediction_position_error_mm,16.106458380818367,15200000
prediction_orientation_error_deg,0,15200000
owd_uplink_ms,300.1037,15300000
owd_downlink_ms,297.2545,15300000
prediction_position_error_mm,23.32858182489872,15300000
prediction_orientation_error_deg,0,15300000
owd_uplink_ms,295.0834,15400000
owd_downlink_ms,298.4959,15400000
prediction_position_error_mm,17.329558730125427,15400000
prediction_orientation_error_deg,0,15400000
owd_uplink_ms,294.4846,15500000
owd_downlink_ms,293.117,15500000
prediction_position_error_mm,21.82408608496189,15500000
prediction_orientation_error_deg,0,15500000
owd_uplink_ms,293.5201,15600000
owd_downlink_ms,292.3338,15600000
prediction_position_error_mm,21.76937647163868,15600000
prediction_orientation_error_deg,0,15600000
owd_uplink_ms,295.4174,15700000
owd_downlink_ms,296.4758,15700000
prediction_position_error_mm,19.733671098947525,15700000
prediction_orientation_error_deg,0,15700000
owd_uplink_ms,296.7347,15800000
owd_downlink_ms,296.5563,15800000
prediction_position_error_mm,20.96189558506012,15800000
prediction_orientation_error_deg,0,15800000
owd_uplink_ms,296.7422,15900000
owd_downlink_ms,294.6362,15900000
prediction_position_error_mm,22.96961471438408,15900000
prediction_orientation_error_deg,0,15900000
owd_uplink_ms,292.7973,16000000
owd_downlink_ms,292.7837,16000000
prediction_position_error_mm,21.07437513768673,16000000
prediction_orientation_error_deg,0,16000000
owd_uplink_ms,291.4064,16100000
owd_downlink_ms,290.3886,16100000
prediction_position_error_mm,22.103706374764442,16100000
prediction_orientation_error_deg,0,16100000
owd_uplink_ms,290.3841,16200000
owd_downlink_ms,290.3097,16200000
prediction_position_error_mm,21.35067991912365,16200000
prediction_orientation_error_deg,0,16200000
owd_uplink_ms,295.4998,16300000
owd_downlink_ms,299.005,16300000
prediction_position_error_mm,18.610291182994843,16300000
prediction_orientation_error_deg,0,16300000
owd_uplink_ms,295.0673,16400000
owd_downlink_ms,290.3034,16400000
prediction_position_error_mm,25.983696803450584,16400000
prediction_orientation_error_deg,0,16400000
owd_uplink_ms,296.8668,16500000
owd_downlink_ms,295.9688,16500000
prediction_position_error_mm,22.369910031557083,16500000
prediction_orientation_error_deg,0,16500000
owd_uplink_ms,298.0186,16600000
owd_downlink_ms,293.052,16600000
prediction_position_error_mm,26.400243863463402,16600000
prediction_orientation_error_deg,0,16600000
owd_uplink_ms,294.4121,16700000
owd_downlink_ms,293.5628,16700000
prediction_position_error_mm,22.630304098129272,16700000
prediction_orientation_error_deg,0,16700000
owd_uplink_ms,297.3982,16800000
owd_downlink_ms,291.7278,16800000
prediction_position_error_mm,27.31489948928356,16800000
prediction_orientation_error_deg,0,16800000
owd_uplink_ms,296.1228,16900000
owd_downlink_ms,293.0179,16900000
prediction_position_error_mm,24.928202852606773,16900000
prediction_orientation_error_deg,0,16900000
owd_uplink_ms,293.0673,17000000
owd_downlink_ms,300.7955,17000000
prediction_position_error_mm,17.622390761971474,17000000
prediction_orientation_error_deg,0,17000000
owd_uplink_ms,291.6114,17100000
owd_downlink_ms,297.3433,17100000
prediction_position_error_mm,18.616434186697006,17100000
prediction_orientation_error_deg,0,17100000
owd_uplink_ms,290.3093,17200000
owd_downlink_ms,290.8577,17200000
prediction_position_error_mm,21.803544834256172,17200000
prediction_orientation_error_deg,0,17200000
owd_uplink_ms,291.8973,17300000
owd_downlink_ms,290.7962,17300000
prediction_position_error_mm,23.081012070178986,17300000
prediction_orientation_error_deg,0,17300000
owd_uplink_ms,293.8568,17400000
owd_downlink_ms,296.3133,17400000
prediction_position_error_mm,20.74352651834488,17400000
prediction_orientation_error_deg,0,17400000
owd_uplink_ms,294.8375,17500000
owd_downlink_ms,298.3229,17500000
prediction_position_error_mm,20.218322053551674,17500000
prediction_orientation_error_deg,0,17500000
owd_uplink_ms,299.5322,17600000
owd_downlink_ms,295.7061,17600000
prediction_position_error_mm,25.2118818461895,17600000
prediction_orientation_error_deg,0,17600000
owd_uplink_ms,291.9583,17700000
owd_downlink_ms,295.0778,17700000
prediction_position_error_mm,20.653298124670982,17700000
prediction_orientation_error_deg,0,17700000
owd_uplink_ms,295.7664,17800000
owd_downlink_ms,293.4504,17800000
prediction_position_error_mm,24.07905086874962,17800000
prediction_orientation_error_deg,0,17800000
owd_uplink_ms,298.4355,17900000
owd_downlink_ms,298.6027,17900000
prediction_position_error_mm,22.505193948745728,17900000
prediction_orientation_error_deg,0,17900000
owd_uplink_ms,297.8073,18000000
owd_downlink_ms,295.2595,18000000
prediction_position_error_mm,24.327650666236877,18000000
prediction_orientation_error_deg,0,18000000
owd_uplink_ms,297.7976,18100000
owd_downlink_ms,297.8501,18100000
prediction_position_error_mm,22.73530699312687,18100000
prediction_orientation_error_deg,0,18100000
owd_uplink_ms,291.4537,18200000
owd_downlink_ms,293.8729,18200000
prediction_position_error_mm,21.54061570763588,18200000
prediction_orientation_error_deg,0,18200000
owd_uplink_ms,297.2125,18300000
owd_downlink_ms,292.5059,18300000
prediction_position_error_mm,25.84698051214218,18300000
prediction_orientation_error_deg,0,18300000
owd_uplink_ms,294.6575,18400000
owd_downlink_ms,295.3953,18400000
prediction_position_error_mm,22.566551342606544,18400000
prediction_orientation_error_deg,0,18400000
owd_uplink_ms,292.0207,18500000
owd_downlink_ms,291.7437,18500000
prediction_position_error_mm,23.133965209126472,18500000
prediction_orientation_error_deg,0,18500000
owd_uplink_ms,295.0823,18600000
owd_downlink_ms,299.6229,18600000
prediction_position_error_mm,21.090097725391388,18600000
prediction_orientation_error_deg,0,18600000
owd_uplink_ms,296.6308,18700000
owd_downlink_ms,298.8972,18700000
prediction_position_error_mm,21.994877606630325,18700000
prediction_orientation_error_deg,0,18700000
owd_uplink_ms,294.0444,18800000
owd_downlink_ms,295.7719,18800000
prediction_position_error_mm,22.258419543504715,18800000
prediction_orientation_error_deg,0,18800000
owd_uplink_ms,295.7114,18900000
owd_downlink_ms,299.0455,18900000
prediction_position_error_mm,21.721331402659416,18900000
prediction_orientation_error_deg,0,18900000
owd_uplink_ms,297.5502,19000000
owd_downlink_ms,290.1445,19000000
prediction_position_error_mm,27.136364951729774,19000000
prediction_orientation_error_deg,0,19000000
owd_uplink_ms,295.1044,19100000
owd_downlink_ms,299.2145,19100000
prediction_position_error_mm,21.71746827661991,19100000
prediction_orientation_error_deg,0,19100000
owd_uplink_ms,294.9488,19200000
owd_downlink_ms,298.9644,19200000
prediction_position_error_mm,21.804198622703552,19200000
prediction_orientation_error_deg,0,19200000
owd_uplink_ms,294.2324,19300000
owd_downlink_ms,295.3949,19300000
prediction_position_error_mm,22.706324234604836,19300000
prediction_orientation_error_deg,0,19300000
owd_uplink_ms,293.3263,19400000
owd_downlink_ms,296.8624,19400000
prediction_position_error_mm,22.074097767472267,19400000
prediction_orientation_error_deg,0,19400000
owd_uplink_ms,298.3985,19500000
owd_downlink_ms,296.1156,19500000
prediction_position_error_mm,23.97276647388935,19500000
prediction_orientation_error_deg,0,19500000
owd_uplink_ms,293.6676,19600000
owd_downlink_ms,291.8076,19600000
prediction_position_error_mm,23.828592151403427,19600000
prediction_orientation_error_deg,0,19600000
owd_uplink_ms,300.8147,19700000
owd_downlink_ms,298.9414,19700000
prediction_position_error_mm,23.84684607386589,19700000
prediction_orientation_error_deg,0,19700000
owd_uplink_ms,297.7425,19800000
owd_downlink_ms,293.7487,19800000
prediction_position_error_mm,24.65316839516163,19800000
prediction_orientation_error_deg,0,19800000
owd_uplink_ms,291.95,19900000
owd_downlink_ms,290.8952,19900000
prediction_position_error_mm,23.627491667866707,19900000
prediction_orientation_error_deg,0,19900000
owd_uplink_ms,299.5721,20000000
owd_downlink_ms,299.3991,20000000
prediction_position_error_mm,23.394238203763962,20000000
prediction_orientation_error_deg,0,20000000
owd_uplink_ms,293.8934,20100000
owd_downlink_ms,298.3111,20100000
prediction_position_error_mm,22.5779190659523,20100000
prediction_orientation_error_deg,0,20100000
owd_uplink_ms,300.0752,20200000
owd_downlink_ms,295.0934,20200000
prediction_position_error_mm,24.77581426501274,20200000
prediction_orientation_error_deg,0,20200000
owd_uplink_ms,299.194,20300000
owd_downlink_ms,297.6388,20300000
prediction_position_error_mm,23.73124286532402,20300000
prediction_orientation_error_deg,0,20300000
owd_uplink_ms,295.8764,20400000
owd_downlink_ms,294.311,20400000
prediction_position_error_mm,23.72216433286667,20400000
prediction_orientation_error_deg,0,20400000
owd_uplink_ms,294.1031,20500000
owd_downlink_ms,298.2861,20500000
prediction_position_error_mm,22.9308120906353,20500000
prediction_orientation_error_deg,0,20500000
owd_uplink_ms,299.1846,20600000
owd_downlink_ms,292.2133,20600000
prediction_position_error_mm,25.102119892835617,20600000
prediction_orientation_error_deg,0,20600000
owd_uplink_ms,294.752,20700000
owd_downlink_ms,291.1966,20700000
prediction_position_error_mm,24.06207099556923,20700000
prediction_orientation_error_deg,0,20700000
owd_uplink_ms,292.0425,20800000
owd_downlink_ms,297.234,20800000
prediction_position_error_mm,23.128580302000046,20800000
prediction_orientation_error_deg,0,20800000
owd_uplink_ms,292.5834,20900000
owd_downlink_ms,297.3355,20900000
prediction_position_error_mm,23.20307306945324,20900000
prediction_orientation_error_deg,0,20900000
owd_uplink_ms,293.3337,21000000
owd_downlink_ms,298.4996,21000000
prediction_position_error_mm,23.29004555940628,21000000
prediction_orientation_error_deg,0,21000000
owd_uplink_ms,291.4165,21100000
owd_downlink_ms,295.681,21100000
prediction_position_error_mm,23.33906851708889,21100000
prediction_orientation_error_deg,0,21100000
owd_uplink_ms,299.5012,21200000
owd_downlink_ms,295.5014,21200000
prediction_position_error_mm,23.665500804781914,21200000
prediction_orientation_error_deg,0,21200000
owd_uplink_ms,295.8417,21300000
owd_downlink_ms,296.2269,21300000
prediction_position_error_mm,23.3395304530859,21300000
prediction_orientation_error_deg,0,21300000
owd_uplink_ms,294.8357,21400000
owd_downlink_ms,292.7644,21400000
prediction_position_error_mm,23.36949110031128,21400000
prediction_orientation_error_deg,0,21400000
owd_uplink_ms,293.6472,21500000
owd_downlink_ms,291.4607,21500000
prediction_position_error_mm,23.32216128706932,21500000
prediction_orientation_error_deg,0,21500000
owd_uplink_ms,293.7816,21600000
owd_downlink_ms,296.1436,21600000
prediction_position_error_mm,23.43730255961418,21600000
prediction_orientation_error_deg,0,21600000
owd_uplink_ms,299.8423,21700000
owd_downlink_ms,294.5854,21700000
prediction_position_error_mm,23.301513865590096,21700000
prediction_orientation_error_deg,0,21700000
owd_uplink_ms,296.7711,21800000
owd_downlink_ms,291.9915,21800000
prediction_position_error_mm,23.162325844168663,21800000
prediction_orientation_error_deg,0,21800000
owd_uplink_ms,294.0542,21900000
owd_downlink_ms,294.9668,21900000
prediction_position_error_mm,23.285210132598877,21900000
prediction_orientation_error_deg,0,21900000
owd_uplink_ms,290.4681,22000000
owd_downlink_ms,293.8513,22000000
prediction_position_error_mm,23.63019995391369,22000000
prediction_orientation_error_deg,0,22000000
owd_uplink_ms,298.2943,22100000
owd_downlink_ms,291.5728,22100000
prediction_position_error_mm,22.83613197505474,22100000
prediction_orientation_error_deg,0,22100000
owd_uplink_ms,297.0897,22200000
owd_downlink_ms,300.2778,22200000
prediction_position_error_mm,23.616813123226166,22200000
prediction_orientation_error_deg,0,22200000
owd_uplink_ms,295.3685,22300000
owd_downlink_ms,291.4091,22300000
prediction_position_error_mm,22.586466744542122,22300000
prediction_orientation_error_deg,0,22300000
owd_uplink_ms,294.327,22400000
owd_downlink_ms,295.6607,22400000
prediction_position_error_mm,23.24295975267887,22400000
prediction_orientation_error_deg,0,22400000
owd_uplink_ms,291.8025,22500000
owd_downlink_ms,291.3384,22500000
prediction_position_error_mm,22.864293307065964,22500000
prediction_orientation_error_deg,0,22500000
owd_uplink_ms,294.5337,22600000
owd_downlink_ms,299.1436,22600000
prediction_position_error_mm,24.044742807745934,22600000
prediction_orientation_error_deg,0,22600000
owd_uplink_ms,290.5293,22700000
owd_downlink_ms,295.2977,22700000
prediction_position_error_mm,24.166740477085114,22700000
prediction_orientation_error_deg,0,22700000
owd_uplink_ms,297.4763,22800000
owd_downlink_ms,291.1397,22800000
prediction_position_error_mm,21.694084629416466,22800000
prediction_orientation_error_deg,0,22800000
owd_uplink_ms,293.709,22900000
owd_downlink_ms,294.0049,22900000
prediction_position_error_mm,22.85297028720379,22900000
prediction_orientation_error_deg,0,22900000
owd_uplink_ms,294.3705,23000000
owd_downlink_ms,297.6477,23000000
prediction_position_error_mm,23.739712312817574,23000000
prediction_orientation_error_deg,0,23000000
owd_uplink_ms,293.301,23100000
owd_downlink_ms,290.8041,23100000
prediction_position_error_mm,21.980565041303635,23100000
prediction_orientation_error_deg,0,23100000
owd_uplink_ms,297.0469,23200000
owd_downlink_ms,291.3484,23200000
prediction_position_error_mm,21.10026590526104,23200000
prediction_orientation_error_deg,0,23200000
owd_uplink_ms,291.4116,23300000
owd_downlink_ms,293.1388,23300000
prediction_position_error_mm,23.095905780792236,23300000
prediction_orientation_error_deg,0,23300000
owd_uplink_ms,296.0772,23400000
owd_downlink_ms,299.0119,23400000
prediction_position_error_mm,23.549817502498627,23400000
prediction_orientation_error_deg,0,23400000
owd_uplink_ms,295.1945,23500000
owd_downlink_ms,298.3162,23500000
prediction_position_error_mm,23.650843650102615,23500000
prediction_orientation_error_deg,0,23500000
owd_uplink_ms,298.5809,23600000
owd_downlink_ms,292.632,23600000
prediction_position_error_mm,20.37779986858368,23600000
prediction_orientation_error_deg,0,23600000
owd_uplink_ms,293.6037,23700000
owd_downlink_ms,298.1174,23700000
prediction_position_error_mm,24.20331910252571,23700000
prediction_orientation_error_deg,0,23700000
owd_uplink_ms,295.8166,23800000
owd_downlink_ms,294.6219,23800000
prediction_position_error_mm,21.717382594943047,23800000
prediction_orientation_error_deg,0,23800000
owd_uplink_ms,293.2516,23900000
owd_downlink_ms,295.0957,23900000
prediction_position_error_mm,22.982848808169365,23900000
prediction_orientation_error_deg,0,23900000
owd_uplink_ms,297.9315,24000000
owd_downlink_ms,299.2216,24000000
prediction_position_error_mm,22.699346765875816,24000000
prediction_orientation_error_deg,0,24000000
owd_uplink_ms,298.0312,24100000
owd_downlink_ms,295.4759,24100000
prediction_position_error_mm,20.833289250731468,24100000
prediction_orientation_error_deg,0,24100000
owd_uplink_ms,297.3153,24200000
owd_downlink_ms,297.4389,24200000
prediction_position_error_mm,21.97028324007988,24200000
prediction_orientation_error_deg,0,24200000
owd_uplink_ms,296.0819,24300000
owd_downlink_ms,291.2595,24300000
prediction_position_error_mm,19.531726837158203,24300000
prediction_orientation_error_deg,0,24300000
owd_uplink_ms,294.9623,24400000
owd_downlink_ms,293.1163,24400000
prediction_position_error_mm,20.697029307484627,24400000
prediction_orientation_error_deg,0,24400000
owd_uplink_ms,297.7829,24500000
owd_downlink_ms,294.1237,24500000
prediction_position_error_mm,19.636813551187515,24500000
prediction_orientation_error_deg,0,24500000
owd_uplink_ms,296.7518,24600000
owd_downlink_ms,300.2178,24600000
prediction_position_error_mm,23.39755743741989,24600000
prediction_orientation_error_deg,0,24600000
owd_uplink_ms,293.779,24700000
owd_downlink_ms,291.8013,24700000
prediction_position_error_mm,20.217696204781532,24700000
prediction_orientation_error_deg,0,24700000
owd_uplink_ms,297.8951,24800000
owd_downlink_ms,300.3765,24800000
prediction_position_error_mm,22.73545414209366,24800000
prediction_orientation_error_deg,0,24800000
owd_uplink_ms,295.574,24900000
owd_downlink_ms,299.9844,24900000
prediction_position_error_mm,23.9682849496603,24900000
prediction_orientation_error_deg,0,24900000
owd_uplink_ms,294.4707,25000000
owd_downlink_ms,291.3593,25000000
prediction_position_error_mm,19.2363690584898,25000000
prediction_orientation_error_deg,0,25000000
owd_uplink_ms,290.4369,25100000
owd_downlink_ms,297.9603,25100000
prediction_position_error_mm,26.028797030448914,25100000
prediction_orientation_error_deg,0,25100000
owd_uplink_ms,299.7182,25200000
owd_downlink_ms,298.0401,25200000
prediction_position_error_mm,19.93003860116005,25200000
prediction_orientation_error_deg,0,25200000
owd_uplink_ms,291.3166,25300000
owd_downlink_ms,294.8476,25300000
prediction_position_error_mm,23.392464965581894,25300000
prediction_orientation_error_deg,0,25300000
owd_uplink_ms,295.4577,25400000
owd_downlink_ms,291.7803,25400000
prediction_position_error_mm,18.376711755990982,25400000
prediction_orientation_error_deg,0,25400000
owd_uplink_ms,297.1693,25500000
owd_downlink_ms,297.6502,25500000
prediction_position_error_mm,21.04559727013111,25500000
prediction_orientation_error_deg,0,25500000
owd_uplink_ms,296.4905,25600000
owd_downlink_ms,296.3927,25600000
prediction_position_error_mm,20.52534371614456,25600000
prediction_orientation_error_deg,0,25600000
owd_uplink_ms,291.5892,25700000
owd_downlink_ms,291.3139,25700000
prediction_position_error_mm,20.27740143239498,25700000
prediction_orientation_error_deg,0,25700000
owd_uplink_ms,296.1846,25800000
owd_downlink_ms,296.5488,25800000
prediction_position_error_mm,20.64947597682476,25800000
prediction_orientation_error_deg,0,25800000
owd_uplink_ms,295.5964,25900000
owd_downlink_ms,297.8345,25900000
prediction_position_error_mm,22.049827501177788,25900000
prediction_orientation_error_deg,0,25900000
owd_uplink_ms,292.5351,26000000
owd_downlink_ms,297.4374,26000000
prediction_position_error_mm,24.204308167099953,26000000
prediction_orientation_error_deg,0,26000000
owd_uplink_ms,296.9785,26100000
owd_downlink_ms,294.7078,26100000
prediction_position_error_mm,18.369100987911224,26100000
prediction_orientation_error_deg,0,26100000
owd_uplink_ms,298.3091,26200000
owd_downlink_ms,294.4173,26200000
prediction_position_error_mm,16.889331862330437,26200000
prediction_orientation_error_deg,0,26200000
owd_uplink_ms,296.4944,26300000
owd_downlink_ms,297.5084,26300000
prediction_position_error_mm,20.685499534010887,26300000
prediction_orientation_error_deg,0,26300000
owd_uplink_ms,292.9296,26400000
owd_downlink_ms,295.7888,26400000
prediction_position_error_mm,22.23256602883339,26400000
prediction_orientation_error_deg,0,26400000
owd_uplink_ms,297.9298,26500000
owd_downlink_ms,297.1389,26500000
prediction_position_error_mm,18.975578248500824,26500000
prediction_orientation_error_deg,0,26500000
owd_uplink_ms,294.9284,26600000
owd_downlink_ms,299.0881,26600000
prediction_position_error_mm,23.31273816525936,26600000
prediction_orientation_error_deg,0,26600000
owd_uplink_ms,292.7387,26700000
owd_downlink_ms,291.614,26700000
prediction_position_error_mm,18.493682146072388,26700000
prediction_orientation_error_deg,0,26700000
owd_uplink_ms,292.3522,26800000
owd_downlink_ms,290.3153,26800000
prediction_position_error_mm,17.480121925473213,26800000
prediction_orientation_error_deg,0,26800000
owd_uplink_ms,295.732,26900000
owd_downlink_ms,295.3264,26900000
prediction_position_error_mm,18.786821514368057,26900000
prediction_orientation_error_deg,0,26900000
owd_uplink_ms,292.428,27000000
owd_downlink_ms,295.3405,27000000
prediction_position_error_mm,21.857021376490593,27000000
prediction_orientation_error_deg,0,27000000
owd_uplink_ms,297.6244,27100000
owd_downlink_ms,298.9652,27100000
prediction_position_error_mm,20.30971273779869,27100000
prediction_orientation_error_deg,0,27100000
owd_uplink_ms,293.7572,27200000
owd_downlink_ms,292.9298,27200000
prediction_position_error_mm,18.071267753839493,27200000
prediction_orientation_error_deg,0,27200000
owd_uplink_ms,294.0284,27300000
owd_downlink_ms,297.9986,27300000
prediction_position_error_mm,22.763608023524284,27300000
prediction_orientation_error_deg,0,27300000
owd_uplink_ms,298.166,27400000
owd_downlink_ms,291.8933,27400000
prediction_position_error_mm,12.881424278020859,27400000
prediction_orientation_error_deg,0,27400000
owd_uplink_ms,293.718,27500000
owd_downlink_ms,292.4775,27500000
prediction_position_error_mm,17.09682121872902,27500000
prediction_orientation_error_deg,0,27500000
owd_uplink_ms,297.0368,27600000
owd_downlink_ms,291.6998,27600000
prediction_position_error_mm,13.012307696044445,27600000
prediction_orientation_error_deg,0,27600000
owd_uplink_ms,291.087,27700000
owd_downlink_ms,298.56,27700000
prediction_position_error_mm,25.75526013970375,27700000
prediction_orientation_error_deg,0,27700000
owd_uplink_ms,297.1586,27800000
owd_downlink_ms,292.1323,27800000
prediction_position_error_mm,12.917526997625828,27800000
prediction_orientation_error_deg,0,27800000
owd_uplink_ms,293.837,27900000
owd_downlink_ms,295.8325,27900000
prediction_position_error_mm,19.84628662467003,27900000
prediction_orientation_error_deg,0,27900000
owd_uplink_ms,296.3435,28000000
owd_downlink_ms,293.6994,28000000
prediction_position_error_mm,14.715040102601051,28000000
prediction_orientation_error_deg,0,28000000
owd_uplink_ms,293.1376,28100000
owd_downlink_ms,294.9536,28100000
prediction_position_error_mm,19.371258094906807,28100000
prediction_orientation_error_deg,0,28100000
owd_uplink_ms,295.1361,28200000
owd_downlink_ms,294.5867,28200000
prediction_position_error_mm,16.616318374872208,28200000
prediction_orientation_error_deg,0,28200000
owd_uplink_ms,296.7875,28300000
owd_downlink_ms,298.6335,28300000
prediction_position_error_mm,19.192008301615715,28300000
prediction_orientation_error_deg,0,28300000
owd_uplink_ms,298.5196,28400000
owd_downlink_ms,298.8276,28400000
prediction_position_error_mm,17.333172261714935,28400000
prediction_orientation_error_deg,0,28400000
owd_uplink_ms,294.6463,28500000
owd_downlink_ms,297.5311,28500000
prediction_position_error_mm,20.235519856214523,28500000
prediction_orientation_error_deg,0,28500000
owd_uplink_ms,293.846,28600000
owd_downlink_ms,290.5188,28600000
prediction_position_error_mm,12.978030368685722,28600000
prediction_orientation_error_deg,0,28600000
owd_uplink_ms,294.4692,28700000
owd_downlink_ms,298.807,28700000
prediction_position_error_mm,21.71006239950657,28700000
prediction_orientation_error_deg,0,28700000
owd_uplink_ms,294.7279,28800000
owd_downlink_ms,292.8175,28800000
prediction_position_error_mm,14.21668753027916,28800000
prediction_orientation_error_deg,0,28800000
owd_uplink_ms,293.6834,28900000
owd_downlink_ms,295.8133,28900000
prediction_position_error_mm,18.889378756284714,28900000
prediction_orientation_error_deg,0,28900000
owd_uplink_ms,298.4631,29000000
owd_downlink_ms,296.6747,29000000
prediction_position_error_mm,14.001595787703991,29000000
prediction_orientation_error_deg,0,29000000
owd_uplink_ms,298.2283,29100000
owd_downlink_ms,292.9176,29100000
prediction_position_error_mm,10.096332989633083,29100000
prediction_orientation_error_deg,0,29100000
owd_uplink_ms,298.3015,29200000
owd_downlink_ms,299.4015,29200000
prediction_position_error_mm,16.95273444056511,29200000
prediction_orientation_error_deg,0,29200000
owd_uplink_ms,297.4082,29300000
owd_downlink_ms,298.0178,29300000
prediction_position_error_mm,16.213923692703247,29300000
prediction_orientation_error_deg,0,29300000
owd_uplink_ms,291.8405,29400000
owd_downlink_ms,297.6382,29400000
prediction_position_error_mm,22.71859161555767,29400000
prediction_orientation_error_deg,0,29400000
owd_uplink_ms,292.1621,29500000
owd_downlink_ms,290.4252,29500000
prediction_position_error_mm,13.151553459465504,29500000
prediction_orientation_error_deg,0,29500000
owd_uplink_ms,296.2542,29600000
owd_downlink_ms,295.3406,29600000
prediction_position_error_mm,13.934196904301643,29600000
prediction_orientation_error_deg,0,29600000
owd_uplink_ms,292.89,29700000
owd_downlink_ms,294.0181,29700000
prediction_position_error_mm,16.399001702666283,29700000
prediction_orientation_error_deg,0,29700000
owd_uplink_ms,299.1544,29800000
owd_downlink_ms,295.1734,29800000
prediction_position_error_mm,9.94914211332798,29800000
prediction_orientation_error_deg,0,29800000
owd_uplink_ms,293.0439,29900000
owd_downlink_ms,290.3876,29900000
prediction_position_error_mm,11.060427874326706,29900000
prediction_orientation_error_deg,0,29900000
owd_uplink_ms,294.6457,30000000
owd_downlink_ms,296.5569,30000000
prediction_position_error_mm,16.723817214369774,30000000
prediction_orientation_error_deg,0,30000000
owd_uplink_ms,297.3836,30100000
owd_downlink_ms,292.6426,30100000
prediction_position_error_mm,8.612378500401974,30100000
prediction_orientation_error_deg,0,30100000
owd_uplink_ms,291.2011,30200000
owd_downlink_ms,297.1422,30200000
prediction_position_error_mm,21.762743592262268,30200000
prediction_orientation_error_deg,0,30200000
owd_uplink_ms,296.6151,30300000
owd_downlink_ms,293.7015,30300000
prediction_position_error_mm,10.000724345445633,30300000
prediction_orientation_error_deg,0,30300000
owd_uplink_ms,292.9577,30400000
owd_downlink_ms,290.5127,30400000
prediction_position_error_mm,10.24447288364172,30400000
prediction_orientation_error_deg,0,30400000
owd_uplink_ms,297.81,30500000
owd_downlink_ms,292.5552,30500000
prediction_position_error_mm,7.657879963517189,30500000
prediction_orientation_error_deg,0,30500000
owd_uplink_ms,296.1489,30600000
owd_downlink_ms,298.6714,30600000
prediction_position_error_mm,16.250696033239365,30600000
prediction_orientation_error_deg,0,30600000
owd_uplink_ms,294.7671,30700000
owd_downlink_ms,292.3598,30700000
prediction_position_error_mm,9.520059451460838,30700000
prediction_orientation_error_deg,0,30700000
owd_uplink_ms,294.3601,30800000
owd_downlink_ms,295.9711,30800000
prediction_position_error_mm,14.6139245480299,30800000
prediction_orientation_error_deg,0,30800000
owd_uplink_ms,292.4437,30900000
owd_downlink_ms,298.5521,30900000
prediction_position_error_mm,20.949743688106537,30900000
prediction_orientation_error_deg,0,30900000
owd_uplink_ms,290.7732,31000000
owd_downlink_ms,296.5909,31000000
prediction_position_error_mm,20.69985494017601,31000000
prediction_orientation_error_deg,0,31000000
owd_uplink_ms,296.7615,31100000
owd_downlink_ms,297.6964,31100000
prediction_position_error_mm,13.73628806322813,31100000
prediction_orientation_error_deg,0,31100000
owd_uplink_ms,299.4349,31200000
owd_downlink_ms,299.0133,31200000
prediction_position_error_mm,11.63386832922697,31200000
prediction_orientation_error_deg,0,31200000
owd_uplink_ms,297.0758,31300000
owd_downlink_ms,296.6125,31300000
prediction_position_error_mm,11.36308629065752,31300000
prediction_orientation_error_deg,0,31300000
owd_uplink_ms,299.1026,31400000
owd_downlink_ms,292.1426,31400000
prediction_position_error_mm,7.7446517534554005,31400000
prediction_orientation_error_deg,0,31400000
owd_uplink_ms,291.3716,31500000
owd_downlink_ms,298.1253,31500000
prediction_position_error_mm,21.281151100993156,31500000
prediction_orientation_error_deg,0,31500000
owd_uplink_ms,298.422,31600000
owd_downlink_ms,294.198,31600000
prediction_position_error_mm,6.737229414284229,31600000
prediction_orientation_error_deg,0,31600000
owd_uplink_ms,297.993,31700000
owd_downlink_ms,299.1216,31700000
prediction_position_error_mm,12.698335573077202,31700000
prediction_orientation_error_deg,0,31700000
owd_uplink_ms,297.679,31800000
owd_downlink_ms,295.3071,31800000
prediction_position_error_mm,7.781734690070152,31800000
prediction_orientation_error_deg,0,31800000
owd_uplink_ms,295.3983,31900000
owd_downlink_ms,296.1842,31900000
prediction_position_error_mm,11.742877773940563,31900000
prediction_orientation_error_deg,0,31900000
owd_uplink_ms,293.328,32000000
owd_downlink_ms,294.702,32000000
prediction_position_error_mm,12.47931458055973,32000000
prediction_orientation_error_deg,0,32000000
owd_uplink_ms,297.4877,32100000
owd_downlink_ms,290.8879,32100000
prediction_position_error_mm,7.960882969200611,32100000
prediction_orientation_error_deg,0,32100000
owd_uplink_ms,294.3768,32200000
owd_downlink_ms,299.1412,32200000
prediction_position_error_mm,17.066851258277893,32200000
prediction_orientation_error_deg,0,32200000
owd_uplink_ms,290.7785,32300000
owd_downlink_ms,292.8113,32300000
prediction_position_error_mm,12.899843044579029,32300000
prediction_orientation_error_deg,0,32300000
owd_uplink_ms,299.3639,32400000
owd_downlink_ms,294.2043,32400000
prediction_position_error_mm,6.5368777140975,32400000
prediction_orientation_error_deg,0,32400000
owd_uplink_ms,297.0387,32500000
owd_downlink_ms,292.4114,32500000
prediction_position_error_mm,6.271230522543192,32500000
prediction_orientation_error_deg,0,32500000
owd_uplink_ms,292.7064,32600000
owd_downlink_ms,297.5268,32600000
prediction_position_error_mm,16.30139723420143,32600000
prediction_orientation_error_deg,0,32600000
owd_uplink_ms,294.9261,32700000
owd_downlink_ms,294.7368,32700000
prediction_position_error_mm,8.631683886051178,32700000
prediction_orientation_error_deg,0,32700000
owd_uplink_ms,296.2016,32800000
owd_downlink_ms,292.6444,32800000
prediction_position_error_mm,5.7464828714728355,32800000
prediction_orientation_error_deg,0,32800000
owd_uplink_ms,292.4314,32900000
owd_downlink_ms,291.5853,32900000
prediction_position_error_mm,7.231100928038359,32900000
prediction_orientation_error_deg,0,32900000
owd_uplink_ms,290.3259,33000000
owd_downlink_ms,290.9709,33000000
prediction_position_error_mm,9.034796617925167,33000000
prediction_orientation_error_deg,0,33000000
owd_uplink_ms,294.3566,33100000
owd_downlink_ms,297.9723,33100000
prediction_position_error_mm,13.52004986256361,33100000
prediction_orientation_error_deg,0,33100000
owd_uplink_ms,297.0829,33200000
owd_downlink_ms,298.228,33200000
prediction_position_error_mm,9.603152051568031,33200000
prediction_orientation_error_deg,0,33200000
owd_uplink_ms,298.2871,33300000
owd_downlink_ms,297.0199,33300000
prediction_position_error_mm,6.23501930385828,33300000
prediction_orientation_error_deg,0,33300000
owd_uplink_ms,294.489,33400000
owd_downlink_ms,292.0521,33400000
prediction_position_error_mm,5.360704846680164,33400000
prediction_orientation_error_deg,0,33400000
owd_uplink_ms,293.1083,33500000
owd_downlink_ms,293.037,33500000
prediction_position_error_mm,7.143090013414621,33500000
prediction_orientation_error_deg,0,33500000
owd_uplink_ms,294.7344,33600000
owd_downlink_ms,299.3777,33600000
prediction_position_error_mm,14.273903332650661,33600000
prediction_orientation_error_deg,0,33600000
owd_uplink_ms,294.1409,33700000
owd_downlink_ms,296.9665,33700000
prediction_position_error_mm,11.376108974218369,33700000
prediction_orientation_error_deg,0,33700000
owd_uplink_ms,296.9315,33800000
owd_downlink_ms,292.9845,33800000
prediction_position_error_mm,6.0930270701646805,33800000
prediction_orientation_error_deg,0,33800000
owd_uplink_ms,297.8614,33900000
owd_downlink_ms,297.0576,33900000
prediction_position_error_mm,5.7374220341444016,33900000
prediction_orientation_error_deg,0,33900000
owd_uplink_ms,294.379,34000000
owd_downlink_ms,292.9095,34000000
prediction_position_error_mm,5.112139508128166,34000000
prediction_orientation_error_deg,0,34000000
owd_uplink_ms,295.8947,34100000
owd_downlink_ms,291.3478,34100000
prediction_position_error_mm,7.589738350361586,34100000
prediction_orientation_error_deg,0,34100000
owd_uplink_ms,298.507,34200000
owd_downlink_ms,295.9094,34200000
prediction_position_error_mm,5.301666911691427,34200000
prediction_orientation_error_deg,0,34200000
owd_uplink_ms,292.3865,34300000
owd_downlink_ms,292.4153,34300000
prediction_position_error_mm,5.641171708703041,34300000
prediction_orientation_error_deg,0,34300000
owd_uplink_ms,295.4933,34400000
owd_downlink_ms,292.8755,34400000
prediction_position_error_mm,5.506884306669235,34400000
prediction_orientation_error_deg,0,34400000
owd_uplink_ms,293.2822,34500000
owd_downlink_ms,300.0094,34500000
prediction_position_error_mm,15.4376570135355,34500000
prediction_orientation_error_deg,0,34500000
owd_uplink_ms,290.0998,34600000
owd_downlink_ms,293.5989,34600000
prediction_position_error_mm,10.309944860637188,34600000
prediction_orientation_error_deg,0,34600000
owd_uplink_ms,297.0108,34700000
owd_downlink_ms,292.4051,34700000
prediction_position_error_mm,8.638864383101463,34700000
prediction_orientation_error_deg,0,34700000
owd_uplink_ms,296.3617,34800000
owd_downlink_ms,296.8089,34800000
prediction_position_error_mm,5.388222634792328,34800000
prediction_orientation_error_deg,0,34800000
owd_uplink_ms,297.8224,34900000
owd_downlink_ms,298.4009,34900000
prediction_position_error_mm,5.385990720242262,34900000
prediction_orientation_error_deg,0,34900000
owd_uplink_ms,292.1665,35000000
owd_downlink_ms,299.235,35000000
prediction_position_error_mm,15.372720547020435,35000000
prediction_orientation_error_deg,0,35000000
owd_uplink_ms,291.9819,35100000
owd_downlink_ms,292.6641,35100000
prediction_position_error_mm,5.452938377857208,35100000
prediction_orientation_error_deg,0,35100000
owd_uplink_ms,298.3571,35200000
owd_downlink_ms,291.1561,35200000
prediction_position_error_mm,14.96600080281496,35200000
prediction_orientation_error_deg,0,35200000
owd_uplink_ms,295.3553,35300000
owd_downlink_ms,296.2729,35300000
prediction_position_error_mm,5.154646933078766,35300000
prediction_orientation_error_deg,0,35300000
owd_uplink_ms,294.9221,35400000
owd_downlink_ms,296.3347,35400000
prediction_position_error_mm,5.604938603937626,35400000
prediction_orientation_error_deg,0,35400000
owd_uplink_ms,291.5033,35500000
owd_downlink_ms,291.0184,35500000
prediction_position_error_mm,4.235898144543171,35500000
prediction_orientation_error_deg,0,35500000
owd_uplink_ms,295.4332,35600000
owd_downlink_ms,296.8685,35600000
prediction_position_error_mm,5.323332268744707,35600000
prediction_orientation_error_deg,0,35600000
owd_uplink_ms,297.0947,35700000
owd_downlink_ms,296.6206,35700000
prediction_position_error_mm,4.189223516732454,35700000
prediction_orientation_error_deg,0,35700000
owd_uplink_ms,293.491,35800000
owd_downlink_ms,298.9597,35800000
prediction_position_error_mm,11.252133175730705,35800000
prediction_orientation_error_deg,0,35800000
owd_uplink_ms,298.4905,35900000
owd_downlink_ms,298.013,35900000
prediction_position_error_mm,4.124346189200878,35900000
prediction_orientation_error_deg,0,35900000
owd_uplink_ms,291.294,36000000
owd_downlink_ms,295.3158,36000000
prediction_position_error_mm,8.709194138646126,36000000
prediction_orientation_error_deg,0,36000000
owd_uplink_ms,293.4861,36100000
owd_downlink_ms,295.3045,36100000
prediction_position_error_mm,5.344350356608629,36100000
prediction_orientation_error_deg,0,36100000
owd_uplink_ms,295.7931,36200000
owd_downlink_ms,294.4943,36200000
prediction_position_error_mm,4.833796061575413,36200000
prediction_orientation_error_deg,0,36200000
owd_uplink_ms,296.0723,36300000
owd_downlink_ms,294.8979,36300000
prediction_position_error_mm,4.830191843211651,36300000
prediction_orientation_error_deg,0,36300000
owd_uplink_ms,297.2675,36400000
owd_downlink_ms,295.7101,36400000
prediction_position_error_mm,5.5397930555045605,36400000
prediction_orientation_error_deg,0,36400000
owd_uplink_ms,299.1976,36500000
owd_downlink_ms,297.8158,36500000
prediction_position_error_mm,5.482585169374943,36500000
prediction_orientation_error_deg,0,36500000
owd_uplink_ms,298.6736,36600000
owd_downlink_ms,292.4149,36600000
prediction_position_error_mm,15.746332705020905,36600000
prediction_orientation_error_deg,0,36600000
owd_uplink_ms,294.9784,36700000
owd_downlink_ms,294.9685,36700000
prediction_position_error_mm,4.248220473527908,36700000
prediction_orientation_error_deg,0,36700000
owd_uplink_ms,293.1973,36800000
owd_downlink_ms,295.3806,36800000
prediction_position_error_mm,4.240700975060463,36800000
prediction_orientation_error_deg,0,36800000
owd_uplink_ms,291.6753,36900000
owd_downlink_ms,294.7193,36900000
prediction_position_error_mm,5.175942555069923,36900000
prediction_orientation_error_deg,0,36900000
owd_uplink_ms,295.1072,37000000
owd_downlink_ms,299.0893,37000000
prediction_position_error_mm,6.500980816781521,37000000
prediction_orientation_error_deg,0,37000000
owd_uplink_ms,298.6845,37100000
owd_downlink_ms,291.2222,37100000
prediction_position_error_mm,19.490966573357582,37100000
prediction_orientation_error_deg,0,37100000
owd_uplink_ms,293.6337,37200000
owd_downlink_ms,299.034,37200000
prediction_position_error_mm,8.140473626554012,37200000
prediction_orientation_error_deg,0,37200000
owd_uplink_ms,295.4455,37300000
owd_downlink_ms,297.0112,37300000
prediction_position_error_mm,3.5046066623181105,37300000
prediction_orientation_error_deg,0,37300000
owd_uplink_ms,298.6981,37400000
owd_downlink_ms,294.5342,37400000
prediction_position_error_mm,12.50295527279377,37400000
prediction_orientation_error_deg,0,37400000
owd_uplink_ms,296.2269,37500000
owd_downlink_ms,298.1473,37500000
prediction_position_error_mm,3.441325156018138,37500000
prediction_orientation_error_deg,0,37500000
owd_uplink_ms,292.9954,37600000
owd_downlink_ms,292.4397,37600000
prediction_position_error_mm,5.857907701283693,37600000
prediction_orientation_error_deg,0,37600000
owd_uplink_ms,291.2364,37700000
owd_downlink_ms,293.6812,37700000
prediction_position_error_mm,3.492747200652957,37700000
prediction_orientation_error_deg,0,37700000
owd_uplink_ms,298.5499,37800000
owd_downlink_ms,297.5082,37800000
prediction_position_error_mm,6.956970784813166,37800000
prediction_orientation_error_deg,0,37800000
owd_uplink_ms,290.47,37900000
owd_downlink_ms,291.8837,37900000
prediction_position_error_mm,3.587583778426051,37900000
prediction_orientation_error_deg,0,37900000
owd_uplink_ms,292.4912,38000000
owd_downlink_ms,290.1127,38000000
prediction_position_error_mm,9.927506558597088,38000000
prediction_orientation_error_deg,0,38000000
owd_uplink_ms,292.3216,38100000
owd_downlink_ms,297.1825,38100000
prediction_position_error_mm,5.596424452960491,38100000
prediction_orientation_error_deg,0,38100000
owd_uplink_ms,294.661,38200000
owd_downlink_ms,296.0459,38200000
prediction_position_error_mm,3.7236707285046577,38200000
prediction_orientation_error_deg,0,38200000
owd_uplink_ms,294.62,38300000
owd_downlink_ms,293.7664,38300000
prediction_position_error_mm,7.276949938386679,38300000
prediction_orientation_error_deg,0,38300000
owd_uplink_ms,291.1969,38400000
owd_downlink_ms,290.4802,38400000
prediction_position_error_mm,7.258004508912563,38400000
prediction_orientation_error_deg,0,38400000
owd_uplink_ms,295.9002,38500000
owd_downlink_ms,295.0434,38500000
prediction_position_error_mm,7.754198741167784,38500000
prediction_orientation_error_deg,0,38500000
owd_uplink_ms,292.424,38600000
owd_downlink_ms,290.234,38600000
prediction_position_error_mm,10.63610427081585,38600000
prediction_orientation_error_deg,0,38600000
owd_uplink_ms,297.785,38700000
owd_downlink_ms,290.9465,38700000
prediction_position_error_mm,21.31444960832596,38700000
prediction_orientation_error_deg,0,38700000
owd_uplink_ms,296.7378,38800000
owd_downlink_ms,299.1916,38800000
prediction_position_error_mm,3.5431685391813517,38800000
prediction_orientation_error_deg,0,38800000
owd_uplink_ms,296.7581,38900000
owd_downlink_ms,293.2529,38900000
prediction_position_error_mm,14.427944086492062,38900000
prediction_orientation_error_deg,0,38900000
owd_uplink_ms,294.7594,39000000
owd_downlink_ms,294.0058,39000000
prediction_position_error_mm,9.195518679916859,39000000
prediction_orientation_error_deg,0,39000000
owd_uplink_ms,290.3703,39100000
owd_downlink_ms,298.9962,39100000
prediction_position_error_mm,8.739725686609745,39100000
prediction_orientation_error_deg,0,39100000
owd_uplink_ms,298.1687,39200000
owd_downlink_ms,298.6588,39200000
prediction_position_error_mm,6.786265876144171,39200000
prediction_orientation_error_deg,0,39200000
owd_uplink_ms,294.387,39300000
owd_downlink_ms,297.7279,39300000
prediction_position_error_mm,3.024742007255554,39300000
prediction_orientation_error_deg,0,39300000
owd_uplink_ms,293.607,39400000
owd_downlink_ms,289.8438,39400000
prediction_position_error_mm,15.4168251901865,39400000
prediction_orientation_error_deg,0,39400000
owd_uplink_ms,297.1748,39500000
owd_downlink_ms,291.2278,39500000
prediction_position_error_mm,20.718783140182495,39500000
prediction_orientation_error_deg,0,39500000
owd_uplink_ms,291.8925,39600000
owd_downlink_ms,291.1567,39600000
prediction_position_error_mm,10.222114622592926,39600000
prediction_orientation_error_deg,0,39600000
owd_uplink_ms,295.0665,39700000
owd_downlink_ms,291.9848,39700000
prediction_position_error_mm,15.23023284971714,39700000
prediction_orientation_error_deg,0,39700000
owd_uplink_ms,292.2686,39800000
owd_downlink_ms,293.242,39800000
prediction_position_error_mm,7.641363423317671,39800000
prediction_orientation_error_deg,0,39800000
owd_uplink_ms,298.4661,39900000
owd_downlink_ms,295.1299,39900000
prediction_position_error_mm,16.285276040434837,39900000
prediction_orientation_error_deg,0,39900000
owd_uplink_ms,295.0802,40000000
owd_downlink_ms,296.7026,40000000
prediction_position_error_mm,7.018323056399822,40000000
prediction_orientation_error_deg,0,40000000
owd_uplink_ms,297.7406,40100000
owd_downlink_ms,295.5867,40100000
prediction_position_error_mm,14.319098554551601,40100000
prediction_orientation_error_deg,0,40100000
owd_uplink_ms,292.1163,40200000
owd_downlink_ms,299.8585,40200000
prediction_position_error_mm,4.634515848010778,40200000
prediction_orientation_error_deg,0,40200000
owd_uplink_ms,298.7001,40300000
owd_downlink_ms,298.7423,40300000
prediction_position_error_mm,10.061625391244888,40300000
prediction_orientation_error_deg,0,40300000
owd_uplink_ms,296.0212,40400000
owd_downlink_ms,293.4686,40400000
prediction_position_error_mm,15.341107733547688,40400000
prediction_orientation_error_deg,0,40400000
owd_uplink_ms,294.3306,40500000
owd_downlink_ms,292.4498,40500000
prediction_position_error_mm,14.336165972054005,40500000
prediction_orientation_error_deg,0,40500000
owd_uplink_ms,289.4848,40600000
owd_downlink_ms,291.2824,40600000
prediction_position_error_mm,7.7426740899682045,40600000
prediction_orientation_error_deg,0,40600000
owd_uplink_ms,297.3351,40700000
owd_downlink_ms,297.4694,40700000
prediction_position_error_mm,10.838801972568035,40700000
prediction_orientation_error_deg,0,40700000
owd_uplink_ms,295.0538,40800000
owd_downlink_ms,291.8545,40800000
prediction_position_error_mm,17.557883635163307,40800000
prediction_orientation_error_deg,0,40800000
owd_uplink_ms,297.5472,40900000
owd_downlink_ms,297.7167,40900000
prediction_position_error_mm,11.352501809597015,40900000
prediction_orientation_error_deg,0,40900000
owd_uplink_ms,295.4944,41000000
owd_downlink_ms,293.3148,41000000
prediction_position_error_mm,16.04735106229782,41000000
prediction_orientation_error_deg,0,41000000
owd_uplink_ms,296.6412,41100000
owd_downlink_ms,295.9811,41100000
prediction_position_error_mm,13.418412767350674,41100000
prediction_orientation_error_deg,0,41100000
owd_uplink_ms,294.0395,41200000
owd_downlink_ms,293.5155,41200000
prediction_position_error_mm,13.390994630753994,41200000
prediction_orientation_error_deg,0,41200000
owd_uplink_ms,295.6535,41300000
owd_downlink_ms,297.4693,41300000
prediction_position_error_mm,9.38184093683958,41300000
prediction_orientation_error_deg,0,41300000
owd_uplink_ms,293.7757,41400000
owd_downlink_ms,292.1557,41400000
prediction_position_error_mm,15.772636979818344,41400000
prediction_orientation_error_deg,0,41400000
owd_uplink_ms,295.8543,41500000
owd_downlink_ms,297.0287,41500000
prediction_position_error_mm,10.89619193226099,41500000
prediction_orientation_error_deg,0,41500000
owd_uplink_ms,293.4172,41600000
owd_downlink_ms,294.0701,41600000
prediction_position_error_mm,11.951327323913574,41600000
prediction_orientation_error_deg,0,41600000
owd_uplink_ms,293.384,41700000
owd_downlink_ms,294.0877,41700000
prediction_position_error_mm,12.018590234220028,41700000
prediction_orientation_error_deg,0,41700000
owd_uplink_ms,292.703,41800000
owd_downlink_ms,292.1094,41800000
prediction_position_error_mm,14.516484923660755,41800000
prediction_orientation_error_deg,0,41800000
owd_uplink_ms,290.0447,41900000
owd_downlink_ms,291.7235,41900000
prediction_position_error_mm,10.705615393817425,41900000
prediction_orientation_error_deg,0,41900000
owd_uplink_ms,291.0954,42000000
owd_downlink_ms,298.4105,42000000
prediction_position_error_mm,2.741060219705105,42000000
prediction_orientation_error_deg,0,42000000
owd_uplink_ms,296.9225,42100000
owd_downlink_ms,297.2497,42100000
prediction_position_error_mm,12.937291525304317,42100000
prediction_orientation_error_deg,0,42100000
owd_uplink_ms,292.1752,42200000
owd_downlink_ms,294.761,42200000
prediction_position_error_mm,9.288308210670948,42200000
prediction_orientation_error_deg,0,42200000
owd_uplink_ms,293.9646,42300000
owd_downlink_ms,295.0208,42300000
prediction_position_error_mm,11.899001896381378,42300000
prediction_orientation_error_deg,0,42300000
owd_uplink_ms,294.0006,42400000
owd_downlink_ms,290.7769,42400000
prediction_position_error_mm,19.751915708184242,42400000
prediction_orientation_error_deg,0,42400000
owd_uplink_ms,295.144,42500000
owd_downlink_ms,296.7617,42500000
prediction_position_error_mm,11.469296179711819,42500000
prediction_orientation_error_deg,0,42500000
owd_uplink_ms,295.1071,42600000
owd_downlink_ms,290.465,42600000
prediction_position_error_mm,22.890694439411163,42600000
prediction_orientation_error_deg,0,42600000
owd_uplink_ms,295.3347,42700000
owd_downlink_ms,291.9555,42700000
prediction_position_error_mm,20.869653671979904,42700000
prediction_orientation_error_deg,0,42700000
owd_uplink_ms,292.4432,42800000
owd_downlink_ms,298.7077,42800000
prediction_position_error_mm,5.366318393498659,42800000
prediction_orientation_error_deg,0,42800000
owd_uplink_ms,294.7027,42900000
owd_downlink_ms,292.6785,42900000
prediction_position_error_mm,18.507104367017746,42900000
prediction_orientation_error_deg,0,42900000
owd_uplink_ms,295.7785,43000000
owd_downlink_ms,291.5169,43000000
prediction_position_error_mm,22.911718115210533,43000000
prediction_orientation_error_deg,0,43000000
owd_uplink_ms,298.0726,43100000
owd_downlink_ms,293.684,43100000
prediction_position_error_mm,23.52835051715374,43100000
prediction_orientation_error_deg,0,43100000
owd_uplink_ms,292.8536,43200000
owd_downlink_ms,296.7729,43200000
prediction_position_error_mm,9.831704199314117,43200000
prediction_orientation_error_deg,0,43200000
owd_uplink_ms,297.7627,43300000
owd_downlink_ms,299.7444,43300000
prediction_position_error_mm,12.818319723010063,43300000
prediction_orientation_error_deg,0,43300000
owd_uplink_ms,296.3618,43400000
owd_downlink_ms,292.3299,43400000
prediction_position_error_mm,23.149672895669937,43400000
prediction_orientation_error_deg,0,43400000
owd_uplink_ms,294.3828,43500000
owd_downlink_ms,293.7844,43500000
prediction_position_error_mm,17.48100109398365,43500000
prediction_orientation_error_deg,0,43500000
owd_uplink_ms,293.0071,43600000
owd_downlink_ms,292.6311,43600000
prediction_position_error_mm,17.306560650467873,43600000
prediction_orientation_error_deg,0,43600000
owd_uplink_ms,293.0947,43700000
owd_downlink_ms,300.0512,43700000
prediction_position_error_mm,6.626809481531382,43700000
prediction_orientation_error_deg,0,43700000
owd_uplink_ms,293.4788,43800000
owd_downlink_ms,296.6383,43800000
prediction_position_error_mm,11.813515797257423,43800000
prediction_orientation_error_deg,0,43800000
owd_uplink_ms,299.129,43900000
owd_downlink_ms,293.6211,43900000
prediction_position_error_mm,26.14329569041729,43900000
prediction_orientation_error_deg,0,43900000
owd_uplink_ms,291.9814,44000000
owd_downlink_ms,295.4649,44000000
prediction_position_error_mm,11.859975755214691,44000000
prediction_orientation_error_deg,0,44000000
owd_uplink_ms,290.4111,44100000
owd_downlink_ms,292.3175,44100000
prediction_position_error_mm,14.199258759617805,44100000
prediction_orientation_error_deg,0,44100000
owd_uplink_ms,293.6821,44200000
owd_downlink_ms,295.833,44200000
prediction_position_error_mm,13.932826928794384,44200000
prediction_orientation_error_deg,0,44200000
owd_uplink_ms,298.618,44300000
owd_downlink_ms,292.2746,44300000
prediction_position_error_mm,27.91154757142067,44300000
prediction_orientation_error_deg,0,44300000
owd_uplink_ms,294.0157,44400000
owd_downlink_ms,295.6625,44400000
prediction_position_error_mm,15.243161469697952,44400000
prediction_orientation_error_deg,0,44400000
owd_uplink_ms,293.6617,44500000
owd_downlink_ms,292.2679,44500000
prediction_position_error_mm,19.954346120357513,44500000
prediction_orientation_error_deg,0,44500000
owd_uplink_ms,292.1312,44600000
owd_downlink_ms,294.3072,44600000
prediction_position_error_mm,14.827710576355457,44600000
prediction_orientation_error_deg,0,44600000
owd_uplink_ms,298.5128,44700000
owd_downlink_ms,295.1527,44700000
prediction_position_error_mm,23.318951949477196,44700000
prediction_orientation_error_deg,0,44700000
owd_uplink_ms,293.9321,44800000
owd_downlink_ms,294.6761,44800000
prediction_position_error_mm,17.289532348513603,44800000
prediction_orientation_error_deg,0,44800000
owd_uplink_ms,295.7244,44900000
owd_downlink_ms,293.7147,44900000
prediction_position_error_mm,21.53017558157444,44900000
prediction_orientation_error_deg,0,44900000
owd_uplink_ms,297.4563,45000000
owd_downlink_ms,298.3216,45000000
prediction_position_error_mm,17.495067790150642,45000000
prediction_orientation_error_deg,0,45000000
owd_uplink_ms,294.0208,45100000
owd_downlink_ms,299.5457,45100000
prediction_position_error_mm,11.431044898927212,45100000
prediction_orientation_error_deg,0,45100000
owd_uplink_ms,298.9655,45200000
owd_downlink_ms,290.9309,45200000
prediction_position_error_mm,31.507954001426697,45200000
prediction_orientation_error_deg,0,45200000
owd_uplink_ms,297.2881,45300000
owd_downlink_ms,298.395,45300000
prediction_position_error_mm,17.707480117678642,45300000
prediction_orientation_error_deg,0,45300000
owd_uplink_ms,296.2788,45400000
owd_downlink_ms,292.276,45400000
prediction_position_error_mm,25.25576762855053,45400000
prediction_orientation_error_deg,0,45400000
owd_uplink_ms,293.1074,45500000
owd_downlink_ms,298.4163,45500000
prediction_position_error_mm,12.773924507200718,45500000
prediction_orientation_error_deg,0,45500000
owd_uplink_ms,293.6754,45600000
owd_downlink_ms,291.8674,45600000
prediction_position_error_mm,22.099971771240234,45600000
prediction_orientation_error_deg,0,45600000
owd_uplink_ms,295.8283,45700000
owd_downlink_ms,298.7501,45700000
prediction_position_error_mm,15.959158539772034,45700000
prediction_orientation_error_deg,0,45700000
owd_uplink_ms,297.321,45800000
owd_downlink_ms,296.2784,45800000
prediction_position_error_mm,21.20341546833515,45800000
prediction_orientation_error_deg,0,45800000
owd_uplink_ms,293.1981,45900000
owd_downlink_ms,298.4171,45900000
prediction_position_error_mm,13.49073275923729,45900000
prediction_orientation_error_deg,0,45900000
owd_uplink_ms,298.4141,46000000
owd_downlink_ms,294.1039,46000000
prediction_position_error_mm,25.84620751440525,46000000
prediction_orientation_error_deg,0,46000000
owd_uplink_ms,294.7374,46100000
owd_downlink_ms,297.1059,46100000
prediction_position_error_mm,17.210828140378,46100000
prediction_orientation_error_deg,0,46100000
owd_uplink_ms,294.0728,46200000
owd_downlink_ms,293.0185,46200000
prediction_position_error_mm,21.58414013683796,46200000
prediction_orientation_error_deg,0,46200000
owd_uplink_ms,296.4627,46300000
owd_downlink_ms,295.0773,46300000
prediction_position_error_mm,22.171659395098686,46300000
prediction_orientation_error_deg,0,46300000
owd_uplink_ms,291.7875,46400000
owd_downlink_ms,294.1731,46400000
prediction_position_error_mm,17.67963543534279,46400000
prediction_orientation_error_deg,0,46400000
owd_uplink_ms,299.1559,46500000
owd_downlink_ms,297.9891,46500000
prediction_position_error_mm,22.05684967339039,46500000
prediction_orientation_error_deg,0,46500000
owd_uplink_ms,294.7608,46600000
owd_downlink_ms,297.6904,46600000
prediction_position_error_mm,17.331210896372795,46600000
prediction_orientation_error_deg,0,46600000
owd_uplink_ms,297.5927,46700000
owd_downlink_ms,292.9655,46700000
prediction_position_error_mm,26.669325307011604,46700000
prediction_orientation_error_deg,0,46700000
owd_uplink_ms,294.6224,46800000
owd_downlink_ms,293.9092,46800000
prediction_position_error_mm,21.91912569105625,46800000
prediction_orientation_error_deg,0,46800000
owd_uplink_ms,295.2508,46900000
owd_downlink_ms,295.8876,46900000
prediction_position_error_mm,20.46777494251728,46900000
prediction_orientation_error_deg,0,46900000
owd_uplink_ms,295.6122,47000000
owd_downlink_ms,293.2648,47000000
prediction_position_error_mm,24.085797369480133,47000000
prediction_orientation_error_deg,0,47000000
owd_uplink_ms,295.3289,47100000
owd_downlink_ms,292.5468,47100000
prediction_position_error_mm,24.77239817380905,47100000
prediction_orientation_error_deg,0,47100000
owd_uplink_ms,290.4666,47200000
owd_downlink_ms,297.9323,47200000
prediction_position_error_mm,14.069335535168648,47200000
prediction_orientation_error_deg,0,47200000
owd_uplink_ms,292.2804,47300000
owd_downlink_ms,294.2627,47300000
prediction_position_error_mm,19.408978521823883,47300000
prediction_orientation_error_deg,0,47300000
owd_uplink_ms,290.9545,47400000
owd_downlink_ms,294.1792,47400000
prediction_position_error_mm,18.21911893785,47400000
prediction_orientation_error_deg,0,47400000
owd_uplink_ms,293.9911,47500000
owd_downlink_ms,294.73,47500000
prediction_position_error_mm,20.788725465536118,47500000
prediction_orientation_error_deg,0,47500000
owd_uplink_ms,294.7016,47600000
owd_downlink_ms,294.4632,47600000
prediction_position_error_mm,21.89692296087742,47600000
prediction_orientation_error_deg,0,47600000
owd_uplink_ms,297.8507,47700000
owd_downlink_ms,298.3508,47700000
prediction_position_error_mm,21.245602518320084,47700000
prediction_orientation_error_deg,0,47700000
owd_uplink_ms,298.3605,47800000
owd_downlink_ms,292.5601,47800000
prediction_position_error_mm,28.194203972816467,47800000
prediction_orientation_error_deg,0,47800000
owd_uplink_ms,290.7675,47900000
owd_downlink_ms,290.2925,47900000
prediction_position_error_mm,22.60419726371765,47900000
prediction_orientation_error_deg,0,47900000
owd_uplink_ms,298.389,48000000
owd_downlink_ms,298.5287,48000000
prediction_position_error_mm,22.099075838923454,48000000
prediction_orientation_error_deg,0,48000000
owd_uplink_ms,294.9896,48100000
owd_downlink_ms,293.2474,48100000
prediction_position_error_mm,24.040231481194496,48100000
prediction_orientation_error_deg,0,48100000
owd_uplink_ms,295.7747,48200000
owd_downlink_ms,297.1241,48200000
prediction_position_error_mm,21.208496764302254,48200000
prediction_orientation_error_deg,0,48200000
owd_uplink_ms,290.079,48300000
owd_downlink_ms,291.9757,48300000
prediction_position_error_mm,20.790917798876762,48300000
prediction_orientation_error_deg,0,48300000
owd_uplink_ms,294.0178,48400000
owd_downlink_ms,296.5909,48400000
prediction_position_error_mm,20.2737245708704,48400000
prediction_orientation_error_deg,0,48400000
owd_uplink_ms,294.4901,48500000
owd_downlink_ms,298.1913,48500000
prediction_position_error_mm,19.400959834456444,48500000
prediction_orientation_error_deg,0,48500000
owd_uplink_ms,298.3335,48600000
owd_downlink_ms,298.1936,48600000
prediction_position_error_mm,22.65101484954357,48600000
prediction_orientation_error_deg,0,48600000
owd_uplink_ms,293.3079,48700000
owd_downlink_ms,293.3312,48700000
prediction_position_error_mm,22.595461457967758,48700000
prediction_orientation_error_deg,0,48700000
owd_uplink_ms,299.5395,48800000
owd_downlink_ms,298.8303,48800000
prediction_position_error_mm,23.29295314848423,48800000
prediction_orientation_error_deg,0,48800000
owd_uplink_ms,294.4641,48900000
owd_downlink_ms,291.2304,48900000
prediction_position_error_mm,25.551849976181984,48900000
prediction_orientation_error_deg,0,48900000
owd_uplink_ms,296.7865,49000000
owd_downlink_ms,293.828,49000000
prediction_position_error_mm,25.413652881979942,49000000
prediction_orientation_error_deg,0,49000000
owd_uplink_ms,293.9793,49100000
owd_downlink_ms,290.724,49100000
prediction_position_error_mm,25.759603828191757,49100000
prediction_orientation_error_deg,0,49100000
owd_uplink_ms,296.5962,49200000
owd_downlink_ms,292.7864,49200000
prediction_position_error_mm,26.3139009475708,49200000
prediction_orientation_error_deg,0,49200000
owd_uplink_ms,289.9981,49300000
owd_downlink_ms,292.8686,49300000
prediction_position_error_mm,21.33134752511978,49300000
prediction_orientation_error_deg,0,49300000
owd_uplink_ms,295.2477,49400000
owd_downlink_ms,292.786,49400000
prediction_position_error_mm,25.245988741517067,49400000
prediction_orientation_error_deg,0,49400000
owd_uplink_ms,293.7607,49500000
owd_downlink_ms,295.517,49500000
prediction_position_error_mm,22.288264706730843,49500000
prediction_orientation_error_deg,0,49500000
owd_uplink_ms,293.8224,49600000
owd_downlink_ms,293.0186,49600000
prediction_position_error_mm,24.086127057671547,49600000
prediction_orientation_error_deg,0,49600000
owd_uplink_ms,294.6424,49700000
owd_downlink_ms,295.5036,49700000
prediction_position_error_mm,23.023005574941635,49700000
prediction_orientation_error_deg,0,49700000
owd_uplink_ms,293.7577,49800000
owd_downlink_ms,295.7179,49800000
prediction_position_error_mm,22.381147369742393,49800000
prediction_orientation_error_deg,0,49800000
owd_uplink_ms,294.0591,49900000
owd_downlink_ms,299.75,49900000
prediction_position_error_mm,20.283952355384827,49900000
prediction_orientation_error_deg,0,49900000
owd_uplink_ms,291.6448,50000000
owd_downlink_ms,290.8359,50000000
prediction_position_error_mm,24.075862020254135,50000000
prediction_orientation_error_deg,0,50000000
prediction_position_error_mm,0,100000
prediction_orientation_error_deg,0,100000
prediction_position_error_mm,0,200000
prediction_orientation_error_deg,0,200000
prediction_position_error_mm,0,300000
prediction_orientation_error_deg,0,300000
prediction_position_error_mm,0,400000
prediction_orientation_error_deg,0,400000
prediction_position_error_mm,0,500000
prediction_orientation_error_deg,0,500000
prediction_position_error_mm,0,600000
prediction_orientation_error_deg,0,600000
prediction_position_error_mm,0,700000
prediction_orientation_error_deg,0,700000
prediction_position_error_mm,0,800000
prediction_orientation_error_deg,0,800000
prediction_position_error_mm,0,900000
prediction_orientation_error_deg,0,900000
prediction_position_error_mm,0,1000000
prediction_orientation_error_deg,0,1000000
prediction_position_error_mm,0,1100000
prediction_orientation_error_deg,0,1100000
prediction_position_error_mm,0,1200000
prediction_orientation_error_deg,0,1200000
prediction_position_error_mm,0,1300000
prediction_orientation_error_deg,0,1300000
prediction_position_error_mm,0,1400000
prediction_orientation_error_deg,0,1400000
prediction_position_error_mm,0,1500000
prediction_orientation_error_deg,0,1500000
prediction_position_error_mm,0,1600000
prediction_orientation_error_deg,0,1600000
prediction_position_error_mm,0,1700000
prediction_orientation_error_deg,0,1700000
prediction_position_error_mm,0,1800000
prediction_orientation_error_deg,0,1800000
prediction_position_error_mm,0,1900000
prediction_orientation_error_deg,0,1900000
prediction_position_error_mm,0,2000000
prediction_orientation_error_deg,0,2000000
prediction_position_error_mm,0,2100000
prediction_orientation_error_deg,0,2100000
prediction_position_error_mm,0,2200000
prediction_orientation_error_deg,0,2200000
prediction_position_error_mm,0,2300000
prediction_orientation_error_deg,0,2300000
prediction_position_error_mm,0,2400000
prediction_orientation_error_deg,0,2400000
prediction_position_error_mm,0,2500000
prediction_orientation_error_deg,0,2500000
prediction_position_error_mm,0,2600000
prediction_orientation_error_deg,0,2600000
prediction_position_error_mm,0,2700000
prediction_orientation_error_deg,0,2700000
prediction_position_error_mm,0,2800000
prediction_orientation_error_deg,0,2800000
prediction_position_error_mm,0,2900000
prediction_orientation_error_deg,0,2900000
prediction_position_error_mm,0,3000000
prediction_orientation_error_deg,0,3000000
prediction_position_error_mm,1299.9999523162842,3100000
prediction_orientation_error_deg,0,3100000
prediction_position_error_mm,1300.0023365020752,3200000
prediction_orientation_error_deg,0,3200000
prediction_position_error_mm,1300.0091314315796,3300000
prediction_orientation_error_deg,0,3300000
prediction_position_error_mm,1300.020456314087,3400000
prediction_orientation_error_deg,0,3400000
prediction_position_error_mm,1300.0361919403076,3500000
prediction_orientation_error_deg,0,3500000
prediction_position_error_mm,1300.0564575195312,3600000
prediction_orientation_error_deg,0,3600000
prediction_position_error_mm,1300.0812530517578,3700000
prediction_orientation_error_deg,0,3700000
prediction_position_error_mm,1300.1103401184082,3800000
prediction_orientation_error_deg,0,3800000
prediction_position_error_mm,1300.143837928772,3900000
prediction_orientation_error_deg,0,3900000
prediction_position_error_mm,1300.1817464828491,4000000
prediction_orientation_error_deg,0,4000000
prediction_position_error_mm,1300.2238273620605,4100000
prediction_orientation_error_deg,0,4100000
prediction_position_error_mm,1300.2701997756958,4200000
prediction_orientation_error_deg,0,4200000
prediction_position_error_mm,1300.3205060958862,4300000
prediction_orientation_error_deg,0,4300000
prediction_position_error_mm,1300.3751039505005,4400000
prediction_orientation_error_deg,0,4400000
prediction_position_error_mm,1300.4335165023804,4500000
prediction_orientation_error_deg,0,4500000
prediction_position_error_mm,1300.495982170105,4600000
prediction_orientation_error_deg,0,4600000
prediction_position_error_mm,1300.5622625350952,4700000
prediction_orientation_error_deg,0,4700000
prediction_position_error_mm,1300.632119178772,4800000
prediction_orientation_error_deg,0,4800000
prediction_position_error_mm,1300.7055521011353,4900000
prediction_orientation_error_deg,0,4900000
prediction_position_error_mm,1300.782561302185,5000000
prediction_orientation_error_deg,0,5000000
prediction_position_error_mm,1300.8630275726318,5100000
prediction_orientation_error_deg,0,5100000
prediction_position_error_mm,1300.946593284607,5200000
prediction_orientation_error_deg,0,5200000
prediction_position_error_mm,1301.0333776474,5300000
prediction_orientation_error_deg,0,5300000
prediction_position_error_mm,1301.1231422424316,5400000
prediction_orientation_error_deg,0,5400000
prediction_position_error_mm,1301.2155294418335,5500000
prediction_orientation_error_deg,0,5500000
prediction_position_error_mm,1301.3107776641846,5600000
prediction_orientation_error_deg,0,5600000
prediction_position_error_mm,1301.4086484909058,5700000
prediction_orientation_error_deg,0,5700000
prediction_position_error_mm,1301.5087842941284,5800000
prediction_orientation_error_deg,0,5800000
prediction_position_error_mm,1301.6111850738525,5900000
prediction_orientation_error_deg,0,5900000
prediction_position_error_mm,1301.715612411499,6000000
prediction_orientation_error_deg,0,6000000
owd_uplink_ms,295.1553,6100000
owd_downlink_ms,295.1554,6100000
correction_magnitude_mm,1299.9999523162842,3141742
correction_magnitude_deg,0,3141742
prediction_position_error_mm,147.90701866149902,6100000
prediction_orientation_error_deg,0,6100000
owd_uplink_ms,299.9886,6200000
owd_downlink_ms,288.4894,6200000
prediction_position_error_mm,26.918860152363777,6200000
prediction_orientation_error_deg,0,6200000
owd_uplink_ms,295.3545,6300000
owd_downlink_ms,288.9096,6300000
prediction_position_error_mm,16.259249299764633,6300000
prediction_orientation_error_deg,0,6300000
owd_uplink_ms,295.7098,6400000
owd_downlink_ms,292.4107,6400000
prediction_position_error_mm,10.928310453891754,6400000
prediction_orientation_error_deg,0,6400000
owd_uplink_ms,294.6778,6500000
owd_downlink_ms,296.4106,6500000
prediction_position_error_mm,6.890194956213236,6500000
prediction_orientation_error_deg,0,6500000
owd_uplink_ms,294.7611,6600000
owd_downlink_ms,295.5204,6600000
prediction_position_error_mm,6.905079819262028,6600000
prediction_orientation_error_deg,0,6600000
owd_uplink_ms,294.0607,6700000
owd_downlink_ms,292.6475,6700000
prediction_position_error_mm,8.693570271134377,6700000
prediction_orientation_error_deg,0,6700000
owd_uplink_ms,295.1106,6800000
owd_downlink_ms,289.1734,6800000
prediction_position_error_mm,16.698431223630905,6800000
prediction_orientation_error_deg,0,6800000
owd_uplink_ms,292.2922,6900000
owd_downlink_ms,296.2435,6900000
prediction_position_error_mm,7.835328578948975,6900000
prediction_orientation_error_deg,0,6900000
owd_uplink_ms,293.1377,7000000
owd_downlink_ms,290.1273,7000000
prediction_position_error_mm,11.68442890048027,7000000
prediction_orientation_error_deg,0,7000000
owd_uplink_ms,292.0127,7100000
owd_downlink_ms,291.3257,7100000
prediction_position_error_mm,8.604208007454872,7100000
prediction_orientation_error_deg,0,7100000
owd_uplink_ms,292.5764,7200000
owd_downlink_ms,289.7791,7200000
prediction_position_error_mm,11.863170191645622,7200000
prediction_orientation_error_deg,0,7200000
owd_uplink_ms,297.498,7300000
owd_downlink_ms,298.4873,7300000
prediction_position_error_mm,7.378242444247007,7300000
prediction_orientation_error_deg,0,7300000
owd_uplink_ms,293.5361,7400000
owd_downlink_ms,294.2026,7400000
prediction_position_error_mm,7.690813392400742,7400000
prediction_orientation_error_deg,0,7400000
owd_uplink_ms,293.4602,7500000
owd_downlink_ms,296.581,7500000
prediction_position_error_mm,7.0127868093550205,7500000
prediction_orientation_error_deg,0,7500000
owd_uplink_ms,295.9478,7600000
owd_downlink_ms,294.1849,7600000
prediction_position_error_mm,10.775668546557426,7600000
prediction_orientation_error_deg,0,7600000
owd_uplink_ms,293.513,7700000
owd_downlink_ms,294.6834,7700000
prediction_position_error_mm,7.556907366961241,7700000
prediction_orientation_error_deg,0,7700000
owd_uplink_ms,299.5189,7800000
owd_downlink_ms,290.3319,7800000
prediction_position_error_mm,25.971053168177605,7800000
prediction_orientation_error_deg,0,7800000
owd_uplink_ms,296.2911,7900000
owd_downlink_ms,294.3231,7900000
prediction_position_error_mm,12.092561461031437,7900000
prediction_orientation_error_deg,0,7900000
owd_uplink_ms,297.2417,8000000
owd_downlink_ms,296.6642,8000000
prediction_position_error_mm,10.23176871240139,8000000
prediction_orientation_error_deg,0,8000000
owd_uplink_ms,295.4278,8100000
owd_downlink_ms,297.3088,8100000
prediction_position_error_mm,7.692455779761076,8100000
prediction_orientation_error_deg,0,8100000
owd_uplink_ms,296.629,8200000
owd_downlink_ms,291.8544,8200000
prediction_position_error_mm,17.763223499059677,8200000
prediction_orientation_error_deg,0,8200000
owd_uplink_ms,294.8226,8300000
owd_downlink_ms,291.7399,8300000
prediction_position_error_mm,15.012053772807121,8300000
prediction_orientation_error_deg,0,8300000
owd_uplink_ms,298.1724,8400000
owd_downlink_ms,292.8251,8400000
prediction_position_error_mm,19.732683897018433,8400000
prediction_orientation_error_deg,0,8400000
owd_uplink_ms,295.6115,8500000
owd_downlink_ms,297.4214,8500000
prediction_position_error_mm,8.549563586711884,8500000
prediction_orientation_error_deg,0,8500000
owd_uplink_ms,291.1314,8600000
owd_downlink_ms,297.0912,8600000
prediction_position_error_mm,7.573537528514862,8600000
prediction_orientation_error_deg,0,8600000
owd_uplink_ms,291.8797,8700000
owd_downlink_ms,294.206,8700000
prediction_position_error_mm,8.107563480734825,8700000
prediction_orientation_error_deg,0,8700000
owd_uplink_ms,297.9991,8800000
owd_downlink_ms,295.4914,8800000
prediction_position_error_mm,14.766158536076546,8800000
prediction_orientation_error_deg,0,8800000
owd_uplink_ms,296.9956,8900000
owd_downlink_ms,297.4894,8900000
prediction_position_error_mm,10.394293814897537,8900000
prediction_orientation_error_deg,0,8900000
owd_uplink_ms,292.9804,9000000
owd_downlink_ms,296.8242,9000000
prediction_position_error_mm,7.49251339584589,9000000
prediction_orientation_error_deg,0,9000000
owd_uplink_ms,291.312,9100000
owd_downlink_ms,297.9298,9100000
prediction_position_error_mm,7.900966331362724,9100000
prediction_orientation_error_deg,0,9100000
owd_uplink_ms,299.2541,9200000
owd_downlink_ms,293.014,9200000
prediction_position_error_mm,22.06810563802719,9200000
prediction_orientation_error_deg,0,9200000
owd_uplink_ms,290.9095,9300000
owd_downlink_ms,292.2608,9300000
prediction_position_error_mm,9.764675050973892,9300000
prediction_orientation_error_deg,0,9300000
owd_uplink_ms,292.4223,9400000
owd_downlink_ms,298.9703,9400000
prediction_position_error_mm,7.777421269565821,9400000
prediction_orientation_error_deg,0,9400000
owd_uplink_ms,291.8244,9500000
owd_downlink_ms,292.6637,9500000
prediction_position_error_mm,10.387311689555645,9500000
prediction_orientation_error_deg,0,9500000
owd_uplink_ms,299.145,9600000
owd_downlink_ms,293.6625,9600000
prediction_position_error_mm,21.01781778037548,9600000
prediction_orientation_error_deg,0,9600000
owd_uplink_ms,292.3469,9700000
owd_downlink_ms,294.9563,9700000
prediction_position_error_mm,8.931589312851429,9700000
prediction_orientation_error_deg,0,9700000
owd_uplink_ms,291.6601,9800000
owd_downlink_ms,290.5844,9800000
prediction_position_error_mm,13.687344267964363,9800000
prediction_orientation_error_deg,0,9800000
owd_uplink_ms,297.9437,9900000
owd_downlink_ms,296.1724,9900000
prediction_position_error_mm,15.018670819699764,9900000
prediction_orientation_error_deg,0,9900000
owd_uplink_ms,296.9454,10000000
owd_downlink_ms,298.272,10000000
prediction_position_error_mm,10.78754011541605,10000000
prediction_orientation_error_deg,0,10000000
owd_uplink_ms,297.7257,10100000
owd_downlink_ms,295.2276,10100000
prediction_position_error_mm,16.582701355218887,10100000
prediction_orientation_error_deg,0,10100000
owd_uplink_ms,295.365,10200000
owd_downlink_ms,291.9859,10200000
prediction_position_error_mm,18.406052142381668,10200000
prediction_orientation_error_deg,0,10200000
owd_uplink_ms,295.5006,10300000
owd_downlink_ms,297.704,10300000
prediction_position_error_mm,10.416247881948948,10300000
prediction_orientation_error_deg,0,10300000
owd_uplink_ms,299.0828,10400000
owd_downlink_ms,298.3345,10400000
prediction_position_error_mm,14.443309977650642,10400000
prediction_orientation_error_deg,0,10400000
owd_uplink_ms,294.4053,10500000
owd_downlink_ms,298.554,10500000
prediction_position_error_mm,8.86537041515112,10500000
prediction_orientation_error_deg,0,10500000
owd_uplink_ms,291.3515,10600000
owd_downlink_ms,292.7517,10600000
prediction_position_error_mm,11.638795956969261,10600000
prediction_orientation_error_deg,0,10600000
owd_uplink_ms,291.4069,10700000
owd_downlink_ms,294.4606,10700000
prediction_position_error_mm,9.921874850988388,10700000
prediction_orientation_error_deg,0,10700000
owd_uplink_ms,294.0448,10800000
owd_downlink_ms,295.1034,10800000
prediction_position_error_mm,12.221320532262325,10800000
prediction_orientation_error_deg,0,10800000
owd_uplink_ms,297.6006,10900000
owd_downlink_ms,291.1148,10900000
prediction_position_error_mm,24.744372814893723,10900000
prediction_orientation_error_deg,0,10900000
owd_uplink_ms,299.6277,11000000
owd_downlink_ms,299.3957,11000000
prediction_position_error_mm,14.554252848029137,11000000
prediction_orientation_error_deg,0,11000000
owd_uplink_ms,293.9932,11100000
owd_downlink_ms,298.6091,11100000
prediction_position_error_mm,9.287131950259209,11100000
prediction_orientation_error_deg,0,11100000
owd_uplink_ms,297.2299,11200000
owd_downlink_ms,299.0486,11200000
prediction_position_error_mm,11.995735578238964,11200000
prediction_orientation_error_deg,0,11200000
owd_uplink_ms,291.9096,11300000
owd_downlink_ms,291.2507,11300000
prediction_position_error_mm,15.376060269773006,11300000
prediction_orientation_error_deg,0,11300000
owd_uplink_ms,295.3718,11400000
owd_downlink_ms,290.461,11400000
prediction_position_error_mm,22.4789846688509,11400000
prediction_orientation_error_deg,0,11400000
owd_uplink_ms,297.1016,11500000
owd_downlink_ms,291.0992,11500000
prediction_position_error_mm,24.8564463108778,11500000
prediction_orientation_error_deg,0,11500000
owd_uplink_ms,290.9611,11600000
owd_downlink_ms,297.7352,11600000
prediction_position_error_mm,8.865478448569775,11600000
prediction_orientation_error_deg,0,11600000
owd_uplink_ms,297.5374,11700000
owd_downlink_ms,298.6381,11700000
prediction_position_error_mm,13.83963506668806,11700000
prediction_orientation_error_deg,0,11700000
owd_uplink_ms,299.5839,11800000
owd_downlink_ms,294.4924,11800000
prediction_position_error_mm,23.44592474400997,11800000
prediction_orientation_error_deg,0,11800000
owd_uplink_ms,292.0666,11900000
owd_downlink_ms,291.9282,11900000
prediction_position_error_mm,15.989553183317184,11900000
prediction_orientation_error_deg,0,11900000
owd_uplink_ms,296.2315,12000000
owd_downlink_ms,297.2676,12000000
prediction_position_error_mm,14.58745263516903,12000000
prediction_orientation_error_deg,0,12000000
owd_uplink_ms,291.7083,12100000
owd_downlink_ms,291.8687,12100000
prediction_position_error_mm,15.85683599114418,12100000
prediction_orientation_error_deg,0,12100000
owd_uplink_ms,296.8101,12200000
owd_downlink_ms,298.3972,12200000
prediction_position_error_mm,14.18015081435442,12200000
prediction_orientation_error_deg,0,12200000
owd_uplink_ms,290.3534,12300000
owd_downlink_ms,290.2631,12300000
prediction_position_error_mm,16.430972144007683,12300000
prediction_orientation_error_deg,0,12300000
owd_uplink_ms,297.7794,12400000
owd_downlink_ms,299.2603,12400000
prediction_position_error_mm,14.578038826584816,12400000
prediction_orientation_error_deg,0,12400000
owd_uplink_ms,298.0369,12500000
owd_downlink_ms,297.637,12500000
prediction_position_error_mm,17.094237729907036,12500000
prediction_orientation_error_deg,0,12500000
owd_uplink_ms,292.251,12600000
owd_downlink_ms,298.2336,12600000
prediction_position_error_mm,10.583853349089622,12600000
prediction_orientation_error_deg,0,12600000
owd_uplink_ms,294.7943,12700000
owd_downlink_ms,294.0188,12700000
prediction_position_error_mm,17.655644565820694,12700000
prediction_orientation_error_deg,0,12700000
owd_uplink_ms,295.4092,12800000
owd_downlink_ms,292.141,12800000
prediction_position_error_mm,21.422727033495903,12800000
prediction_orientation_error_deg,0,12800000
owd_uplink_ms,299.2182,12900000
owd_downlink_ms,298.9248,12900000
prediction_position_error_mm,17.474666237831116,12900000
prediction_orientation_error_deg,0,12900000
owd_uplink_ms,298.9848,13000000
owd_downlink_ms,295.2301,13000000
prediction_position_error_mm,22.560179233551025,13000000
prediction_orientation_error_deg,0,13000000
owd_uplink_ms,292.8904,13100000
owd_downlink_ms,298.0276,13100000
prediction_position_error_mm,12.098955921828747,13100000
prediction_orientation_error_deg,0,13100000
owd_uplink_ms,295.1924,13200000
owd_downlink_ms,290.2454,13200000
prediction_position_error_mm,24.54937994480133,13200000
prediction_orientation_error_deg,0,13200000
owd_uplink_ms,291.7229,13300000
owd_downlink_ms,291.9234,13300000
prediction_position_error_mm,17.584167420864105,13300000
prediction_orientation_error_deg,0,13300000
owd_uplink_ms,292.5041,13400000
owd_downlink_ms,296.8469,13400000
prediction_position_error_mm,13.28110322356224,13400000
prediction_orientation_error_deg,0,13400000
owd_uplink_ms,293.6072,13500000
owd_downlink_ms,292.9223,13500000
prediction_position_error_mm,18.794385716319084,13500000
prediction_orientation_error_deg,0,13500000
owd_uplink_ms,296.9829,13600000
owd_downlink_ms,298.1037,13600000
prediction_position_error_mm,16.777679324150085,13600000
prediction_orientation_error_deg,0,13600000
owd_uplink_ms,297.7501,13700000
owd_downlink_ms,293.5517,13700000
prediction_position_error_mm,23.838061839342117,13700000
prediction_orientation_error_deg,0,13700000
owd_uplink_ms,297.4239,13800000
owd_downlink_ms,294.1799,13800000
prediction_position_error_mm,22.73954264819622,13800000
prediction_orientation_error_deg,0,13800000
owd_uplink_ms,290.9303,13900000
owd_downlink_ms,297.0951,13900000
prediction_position_error_mm,12.773284688591957,13900000
prediction_orientation_error_deg,0,13900000
owd_uplink_ms,293.9177,14000000
owd_downlink_ms,296.4008,14000000
prediction_position_error_mm,15.938665717840195,14000000
prediction_orientation_error_deg,0,14000000
owd_uplink_ms,293.6802,14100000
owd_downlink_ms,295.3843,14100000
prediction_position_error_mm,16.80959016084671,14100000
prediction_orientation_error_deg,0,14100000
owd_uplink_ms,297.9573,14200000
owd_downlink_ms,298.6259,14200000
prediction_position_error_mm,18.009601160883904,14200000
prediction_orientation_error_deg,0,14200000
owd_uplink_ms,292.4303,14300000
owd_downlink_ms,293.1991,14300000
prediction_position_error_mm,18.014663830399513,14300000
prediction_orientation_error_deg,0,14300000
owd_uplink_ms,295.2537,14400000
owd_downlink_ms,296.4535,14400000
prediction_position_error_mm,17.670268192887306,14400000
prediction_orientation_error_deg,0,14400000
owd_uplink_ms,294.3448,14500000
owd_downlink_ms,293.2377,14500000
prediction_position_error_mm,20.319435745477676,14500000
prediction_orientation_error_deg,0,14500000
owd_uplink_ms,297.1795,14600000
owd_downlink_ms,290.4337,14600000
prediction_position_error_mm,27.934972196817398,14600000
prediction_orientation_error_deg,0,14600000
owd_uplink_ms,293.0749,14700000
owd_downlink_ms,295.657,14700000
prediction_position_error_mm,16.96264185011387,14700000
prediction_orientation_error_deg,0,14700000
owd_uplink_ms,299.5225,14800000
owd_downlink_ms,291.1143,14800000
prediction_position_error_mm,30.654605478048325,14800000
prediction_orientation_error_deg,0,14800000
owd_uplink_ms,293.1988,14900000
owd_downlink_ms,292.2569,14900000
prediction_position_error_mm,21.066725254058838,14900000
prediction_orientation_error_deg,0,14900000
owd_uplink_ms,293.1121,15000000
owd_downlink_ms,294.4434,15000000
prediction_position_error_mm,18.805524334311485,15000000
prediction_orientation_error_deg,0,15000000
owd_uplink_ms,292.7623,15100000
owd_downlink_ms,291.6471,15100000
prediction_position_error_mm,21.447570994496346,15100000
prediction_orientation_error_deg,0,15100000
owd_uplink_ms,298.662,15200000
owd_downlink_ms,295.9436,15200000
prediction_position_error_mm,23.4112199395895,15200000
prediction_orientation_error_deg,0,15200000
owd_uplink_ms,296.3261,15300000
owd_downlink_ms,293.0272,15300000
prediction_position_error_mm,24.26837757229805,15300000
prediction_orientation_error_deg,0,15300000
owd_uplink_ms,297.5841,15400000
owd_downlink_ms,294.3046,15400000
prediction_position_error_mm,24.42491054534912,15400000
prediction_orientation_error_deg,0,15400000
owd_uplink_ms,292.5566,15500000
owd_downlink_ms,296.7357,15500000
prediction_position_error_mm,17.270561307668686,15500000
prediction_orientation_error_deg,0,15500000
owd_uplink_ms,291.7312,15600000
owd_downlink_ms,292.58,15600000
prediction_position_error_mm,20.160529762506485,15600000
prediction_orientation_error_deg,0,15600000
owd_uplink_ms,296.2039,15700000
owd_downlink_ms,297.7907,15700000
prediction_position_error_mm,19.573315978050232,15700000
prediction_orientation_error_deg,0,15700000
owd_uplink_ms,296.2077,15800000
owd_downlink_ms,295.7725,15800000
prediction_position_error_mm,21.523775532841682,15800000
prediction_orientation_error_deg,0,15800000
owd_uplink_ms,293.9014,15900000
owd_downlink_ms,292.9178,15900000
prediction_position_error_mm,22.164762020111084,15900000
prediction_orientation_error_deg,0,15900000
owd_uplink_ms,292.7331,16000000
owd_downlink_ms,298.2211,16000000
prediction_position_error_mm,17.004989087581635,16000000
prediction_orientation_error_deg,0,16000000
owd_uplink_ms,290.5603,16100000
owd_downlink_ms,293.3577,16100000
prediction_position_error_mm,18.924187868833542,16100000
prediction_orientation_error_deg,0,16100000
owd_uplink_ms,290.9966,16200000
owd_downlink_ms,295.1929,16200000
prediction_position_error_mm,17.98779144883156,16200000
prediction_orientation_error_deg,0,16200000
owd_uplink_ms,299.9893,16300000
owd_downlink_ms,298.8637,16300000
prediction_position_error_mm,22.26550318300724,16300000
prediction_orientation_error_deg,0,16300000
owd_uplink_ms,291.494,16400000
owd_downlink_ms,297.9078,16400000
prediction_position_error_mm,16.89615286886692,16400000
prediction_orientation_error_deg,0,16400000
owd_uplink_ms,296.315,16500000
owd_downlink_ms,290.4576,16500000
prediction_position_error_mm,26.984823867678642,16500000
prediction_orientation_error_deg,0,16500000
owd_uplink_ms,292.8521,16600000
owd_downlink_ms,293.4506,16600000
prediction_position_error_mm,21.060876548290253,16600000
prediction_orientation_error_deg,0,16600000
owd_uplink_ms,293.3567,16700000
owd_downlink_ms,294.1559,16700000
prediction_position_error_mm,20.983904600143433,16700000
prediction_orientation_error_deg,0,16700000
owd_uplink_ms,291.444,16800000
owd_downlink_ms,296.4929,16800000
prediction_position_error_mm,18.26438680291176,16800000
prediction_orientation_error_deg,0,16800000
owd_uplink_ms,292.4977,16900000
owd_downlink_ms,293.7107,16900000
prediction_position_error_mm,20.736660808324814,16900000
prediction_orientation_error_deg,0,16900000
owd_uplink_ms,300.2953,17000000
owd_downlink_ms,292.727,17000000
prediction_position_error_mm,28.67572195827961,17000000
prediction_orientation_error_deg,0,17000000
owd_uplink_ms,297.0886,17100000
owd_downlink_ms,293.321,17100000
prediction_position_error_mm,25.079039856791496,17100000
prediction_orientation_error_deg,0,17100000
owd_uplink_ms,291.3861,17200000
owd_downlink_ms,297.1021,17200000
prediction_position_error_mm,18.62163469195366,17200000
prediction_orientation_error_deg,0,17200000
owd_uplink_ms,291.0155,17300000
owd_downlink_ms,289.6439,17300000
prediction_position_error_mm,23.081796243786812,17300000
prediction_orientation_error_deg,0,17300000
owd_uplink_ms,296.9948,17400000
owd_downlink_ms,298.236,17400000
prediction_position_error_mm,21.334176883101463,17400000
prediction_orientation_error_deg,0,17400000
owd_uplink_ms,298.9225,17500000
owd_downlink_ms,294.7828,17500000
prediction_position_error_mm,25.383885949850082,17500000
prediction_orientation_error_deg,0,17500000
owd_uplink_ms,296.0675,17600000
owd_downlink_ms,297.9877,17600000
prediction_position_error_mm,21.1632177233696,17600000
prediction_orientation_error_deg,0,17600000
owd_uplink_ms,295.2422,17700000
owd_downlink_ms,290.5468,17700000
prediction_position_error_mm,25.894101709127426,17700000
prediction_orientation_error_deg,0,17700000
owd_uplink_ms,293.4426,17800000
owd_downlink_ms,294.3814,17800000
prediction_position_error_mm,21.974777802824974,17800000
prediction_orientation_error_deg,0,17800000
owd_uplink_ms,298.2554,17900000
owd_downlink_ms,295.372,17900000
prediction_position_error_mm,24.549048393964767,17900000
prediction_orientation_error_deg,0,17900000
owd_uplink_ms,294.6136,18000000
owd_downlink_ms,294.7714,18000000
prediction_position_error_mm,22.616297006607056,18000000
prediction_orientation_error_deg,0,18000000
owd_uplink_ms,297.3682,18100000
owd_downlink_ms,298.6268,18100000
prediction_position_error_mm,22.049561142921448,18100000
prediction_orientation_error_deg,0,18100000
owd_uplink_ms,293.7801,18200000
owd_downlink_ms,294.4732,18200000
prediction_position_error_mm,22.404665127396584,18200000
prediction_orientation_error_deg,0,18200000
owd_uplink_ms,291.7018,18300000
owd_downlink_ms,290.7169,18300000
prediction_position_error_mm,23.39329570531845,18300000
prediction_orientation_error_deg,0,18300000
owd_uplink_ms,294.61,18400000
owd_downlink_ms,294.0217,18400000
prediction_position_error_mm,23.21876399219036,18400000
prediction_orientation_error_deg,0,18400000
owd_uplink_ms,291.4201,18500000
owd_downlink_ms,295.391,18500000
prediction_position_error_mm,21.15865983068943,18500000
prediction_orientation_error_deg,0,18500000
owd_uplink_ms,299.258,18600000
owd_downlink_ms,294.3875,18600000
prediction_position_error_mm,25.799205526709557,18600000
prediction_orientation_error_deg,0,18600000
owd_uplink_ms,298.5766,18700000
owd_downlink_ms,296.6653,18700000
prediction_position_error_mm,24.047940969467163,18700000
prediction_orientation_error_deg,0,18700000
owd_uplink_ms,295.162,18800000
owd_downlink_ms,291.1201,18800000
prediction_position_error_mm,25.31418949365616,18800000
prediction_orientation_error_deg,0,18800000
owd_uplink_ms,298.2626,18900000
owd_downlink_ms,293.5442,18900000
prediction_position_error_mm,25.764312595129013,18900000
prediction_orientation_error_deg,0,18900000
owd_uplink_ms,289.3618,19000000
owd_downlink_ms,296.7675,19000000
prediction_position_error_mm,20.875705406069756,19000000
prediction_orientation_error_deg,0,19000000
owd_uplink_ms,298.9145,19100000
owd_downlink_ms,298.6665,19100000
prediction_position_error_mm,23.345617577433586,19100000
prediction_orientation_error_deg,0,19100000
owd_uplink_ms,298.7286,19200000
owd_downlink_ms,295.2263,19200000
prediction_position_error_mm,24.88628961145878,19200000
prediction_orientation_error_deg,0,19200000
owd_uplink_ms,294.986,19300000
owd_downlink_ms,292.4396,19300000
prediction_position_error_mm,24.434395134449005,19300000
prediction_orientation_error_deg,0,19300000
owd_uplink_ms,296.7144,19400000
owd_downlink_ms,295.2654,19400000
prediction_position_error_mm,23.967022076249123,19400000
prediction_orientation_error_deg,0,19400000
owd_uplink_ms,296.0053,19500000
owd_downlink_ms,298.5895,19500000
prediction_position_error_mm,22.608116269111633,19500000
prediction_orientation_error_deg,0,19500000
owd_uplink_ms,292.154,19600000
owd_downlink_ms,297.6671,19600000
prediction_position_error_mm,21.995458751916885,19600000
prediction_orientation_error_deg,0,19600000
owd_uplink_ms,298.462,19700000
owd_downlink_ms,293.7285,19700000
prediction_position_error_mm,25.209983810782433,19700000
prediction_orientation_error_deg,0,19700000
owd_uplink_ms,293.3107,19800000
owd_downlink_ms,297.636,19800000
prediction_position_error_mm,22.39922806620598,19800000
prediction_orientation_error_deg,0,19800000
owd_uplink_ms,291.2063,19900000
owd_downlink_ms,298.2548,19900000
prediction_position_error_mm,22.099191322922707,19900000
prediction_orientation_error_deg,0,19900000
owd_uplink_ms,299.2448,20000000
owd_downlink_ms,295.6947,20000000
prediction_position_error_mm,24.44758079946041,20000000
prediction_orientation_error_deg,0,20000000
owd_uplink_ms,298.6246,20100000
owd_downlink_ms,297.9501,20100000
prediction_position_error_mm,23.56543391942978,20100000
prediction_orientation_error_deg,0,20100000
owd_uplink_ms,295.3414,20200000
owd_downlink_ms,299.8,20200000
prediction_position_error_mm,22.67850749194622,20200000
prediction_orientation_error_deg,0,20200000
owd_uplink_ms,297.7017,20300000
owd_downlink_ms,297.777,20300000
prediction_position_error_mm,23.372316733002663,20300000
prediction_orientation_error_deg,0,20300000
owd_uplink_ms,294.7232,20400000
owd_downlink_ms,299.0832,20400000
prediction_position_error_mm,22.833624854683876,20400000
prediction_orientation_error_deg,0,20400000
owd_uplink_ms,298.2342,20500000
owd_downlink_ms,290.3383,20500000
prediction_position_error_mm,25.560012087225914,20500000
prediction_orientation_error_deg,0,20500000
owd_uplink_ms,291.5687,20600000
owd_downlink_ms,293.7973,20600000
prediction_position_error_mm,23.145150393247604,20600000
prediction_orientation_error_deg,0,20600000
owd_uplink_ms,290.848,20700000
owd_downlink_ms,296.7717,20700000
prediction_position_error_mm,23.03600311279297,20700000
prediction_orientation_error_deg,0,20700000
owd_uplink_ms,297.0987,20800000
owd_downlink_ms,293.6137,20800000
prediction_position_error_mm,23.90740066766739,20800000
prediction_orientation_error_deg,0,20800000
owd_uplink_ms,297.7053,20900000
owd_downlink_ms,296.9952,20900000
prediction_position_error_mm,23.456009104847908,20900000
prediction_orientation_error_deg,0,20900000
owd_uplink_ms,299.2836,21000000
owd_downlink_ms,297.4311,21000000
prediction_position_error_mm,23.558083921670914,21000000
prediction_orientation_error_deg,0,21000000
owd_uplink_ms,296.332,21100000
owd_downlink_ms,291.0031,21100000
prediction_position_error_mm,24.043763056397438,21100000
prediction_orientation_error_deg,0,21100000
owd_uplink_ms,295.8141,21200000
owd_downlink_ms,297.1076,21200000
prediction_position_error_mm,23.333782330155373,21200000
prediction_orientation_error_deg,0,21200000
owd_uplink_ms,296.6568,21300000
owd_downlink_ms,297.2095,21300000
prediction_position_error_mm,23.34103174507618,21300000
prediction_orientation_error_deg,0,21300000
owd_uplink_ms,293.1587,21400000
owd_downlink_ms,294.946,21400000
prediction_position_error_mm,23.357011377811432,21400000
prediction_orientation_error_deg,0,21400000
owd_uplink_ms,292.3203,21500000
owd_downlink_ms,298.2306,21500000
prediction_position_error_mm,23.730769753456116,21500000
prediction_orientation_error_deg,0,21500000
owd_uplink_ms,297.3002,21600000
owd_downlink_ms,297.3149,21600000
prediction_position_error_mm,23.293647915124893,21600000
prediction_orientation_error_deg,0,21600000
owd_uplink_ms,295.0161,21700000
owd_downlink_ms,294.4673,21700000
prediction_position_error_mm,23.2441034168005,21700000
prediction_orientation_error_deg,0,21700000
owd_uplink_ms,292.0833,21800000
owd_downlink_ms,294.152,21800000
prediction_position_error_mm,23.44246581196785,21800000
prediction_orientation_error_deg,0,21800000
owd_uplink_ms,295.5764,21900000
owd_downlink_ms,298.8069,21900000
prediction_position_error_mm,23.625044152140617,21900000
prediction_orientation_error_deg,0,21900000
owd_uplink_ms,294.5991,22000000
owd_downlink_ms,292.3222,22000000
prediction_position_error_mm,23.00480008125305,22000000
prediction_orientation_error_deg,0,22000000
owd_uplink_ms,291.7942,22100000
owd_downlink_ms,294.3039,22100000
prediction_position_error_mm,23.558558896183968,22100000
prediction_orientation_error_deg,0,22100000
owd_uplink_ms,300.1271,22200000
owd_downlink_ms,293.9624,22200000
prediction_position_error_mm,22.65831269323826,22200000
prediction_orientation_error_deg,0,22200000
owd_uplink_ms,291.6311,22300000
owd_downlink_ms,298.5728,22300000
prediction_position_error_mm,24.582119658589363,22300000
prediction_orientation_error_deg,0,22300000
owd_uplink_ms,296.3026,22400000
owd_downlink_ms,298.328,22400000
prediction_position_error_mm,23.508626967668533,22400000
prediction_orientation_error_deg,0,22400000
owd_uplink_ms,291.8396,22500000
owd_downlink_ms,291.178,22500000
prediction_position_error_mm,22.937731817364693,22500000
prediction_orientation_error_deg,0,22500000
owd_uplink_ms,299.5972,22600000
owd_downlink_ms,294.6063,22600000
prediction_position_error_mm,22.162755951285362,22600000
prediction_orientation_error_deg,0,22600000
owd_uplink_ms,295.7685,22700000
owd_downlink_ms,291.1388,22700000
prediction_position_error_mm,22.057607769966125,22700000
prediction_orientation_error_deg,0,22700000
owd_uplink_ms,290.9307,22800000
owd_downlink_ms,291.8284,22800000
prediction_position_error_mm,23.10323715209961,22800000
prediction_orientation_error_deg,0,22800000
owd_uplink_ms,293.9386,22900000
owd_downlink_ms,294.7847,22900000
prediction_position_error_mm,23.06365966796875,22900000
prediction_orientation_error_deg,0,22900000
owd_uplink_ms,297.6537,23000000
owd_downlink_ms,294.9546,23000000
prediction_position_error_mm,22.057779133319855,23000000
prediction_orientation_error_deg,0,23000000
owd_uplink_ms,291.3009,23100000
owd_downlink_ms,297.7242,23100000
prediction_position_error_mm,24.920564144849777,23100000
prediction_orientation_error_deg,0,23100000
owd_uplink_ms,291.5355,23200000
owd_downlink_ms,294.7557,23200000
prediction_position_error_mm,23.845141753554344,23200000
prediction_orientation_error_deg,0,23200000
owd_uplink_ms,293.1628,23300000
owd_downlink_ms,290.1306,23300000
prediction_position_error_mm,21.708576008677483,23300000
prediction_orientation_error_deg,0,23300000
owd_uplink_ms,299.3088,23400000
owd_downlink_ms,298.5569,23400000
prediction_position_error_mm,22.332103922963142,23400000
prediction_orientation_error_deg,0,23400000
owd_uplink_ms,298.7499,23500000
owd_downlink_ms,296.7229,23500000
prediction_position_error_mm,21.787766367197037,23500000
prediction_orientation_error_deg,0,23500000
owd_uplink_ms,292.4497,23600000
owd_downlink_ms,293.4704,23600000
prediction_position_error_mm,22.861892357468605,23600000
prediction_orientation_error_deg,0,23600000
owd_uplink_ms,297.8945,23700000
owd_downlink_ms,293.056,23700000
prediction_position_error_mm,20.580537617206573,23700000
prediction_orientation_error_deg,0,23700000
owd_uplink_ms,294.4725,23800000
owd_downlink_ms,296.2557,23800000
prediction_position_error_mm,23.053336888551712,23800000
prediction_orientation_error_deg,0,23800000
owd_uplink_ms,295.1712,23900000
owd_downlink_ms,295.1258,23900000
prediction_position_error_mm,22.193139418959618,23900000
prediction_orientation_error_deg,0,23900000
owd_uplink_ms,298.5571,24000000
owd_downlink_ms,291.3463,24000000
prediction_position_error_mm,19.310874864459038,24000000
prediction_orientation_error_deg,0,24000000
owd_uplink_ms,294.7411,24100000
owd_downlink_ms,296.7323,24100000
prediction_position_error_mm,22.937729954719543,24100000
prediction_orientation_error_deg,0,24100000
owd_uplink_ms,296.8022,24200000
owd_downlink_ms,297.4623,24200000
prediction_position_error_mm,22.23830483853817,24200000
prediction_orientation_error_deg,0,24200000
owd_uplink_ms,290.9529,24300000
owd_downlink_ms,298.4161,24300000
prediction_position_error_mm,25.88951215147972,24300000
prediction_orientation_error_deg,0,24300000
owd_uplink_ms,292.3153,24400000
owd_downlink_ms,290.2057,24400000
prediction_position_error_mm,20.76328918337822,24400000
prediction_orientation_error_deg,0,24400000
owd_uplink_ms,293.0104,24500000
owd_downlink_ms,294.1705,24500000
prediction_position_error_mm,22.4123727530241,24500000
prediction_orientation_error_deg,0,24500000
owd_uplink_ms,299.2325,24600000
owd_downlink_ms,296.7901,24600000
prediction_position_error_mm,20.32630145549774,24600000
prediction_orientation_error_deg,0,24600000
owd_uplink_ms,291.4438,24700000
owd_downlink_ms,298.4442,24700000
prediction_position_error_mm,25.826234370470047,24700000
prediction_orientation_error_deg,0,24700000
owd_uplink_ms,300.0644,24800000
owd_downlink_ms,297.946,24800000
prediction_position_error_mm,20.335976034402847,24800000
prediction_orientation_error_deg,0,24800000
owd_uplink_ms,299.434,24900000
owd_downlink_ms,293.1171,24900000
prediction_position_error_mm,17.899662256240845,24900000
prediction_orientation_error_deg,0,24900000
owd_uplink_ms,290.6258,25000000
owd_downlink_ms,292.2722,25000000
prediction_position_error_mm,22.323880344629288,25000000
prediction_orientation_error_deg,0,25000000
owd_uplink_ms,297.6601,25100000
owd_downlink_ms,293.6016,25100000
prediction_position_error_mm,18.644364550709724,25100000
prediction_orientation_error_deg,0,25100000
owd_uplink_ms,297.5889,25200000
owd_downlink_ms,298.0579,25200000
prediction_position_error_mm,21.32267877459526,25200000
prediction_orientation_error_deg,0,25200000
owd_uplink_ms,294.8881,25300000
owd_downlink_ms,295.291,25300000
prediction_position_error_mm,21.192651242017746,25300000
prediction_orientation_error_deg,0,25300000
owd_uplink_ms,291.3966,25400000
owd_downlink_ms,291.6797,25400000
prediction_position_error_mm,21.019471809267998,25400000
prediction_orientation_error_deg,0,25400000
owd_uplink_ms,297.3325,25500000
owd_downlink_ms,297.3785,25500000
prediction_position_error_mm,20.75188234448433,25500000
prediction_orientation_error_deg,0,25500000
owd_uplink_ms,296.059,25600000
owd_downlink_ms,296.0281,25600000
prediction_position_error_mm,20.588524639606476,25600000
prediction_orientation_error_deg,0,25600000
owd_uplink_ms,291.036,25700000
owd_downlink_ms,291.7568,25700000
prediction_position_error_mm,21.051669493317604,25700000
prediction_orientation_error_deg,0,25700000
owd_uplink_ms,296.2951,25800000
owd_downlink_ms,296.1236,25800000
prediction_position_error_mm,20.273858681321144,25800000
prediction_orientation_error_deg,0,25800000
owd_uplink_ms,297.6154,25900000
owd_downlink_ms,295.6546,25900000
prediction_position_error_mm,18.76044273376465,25900000
prediction_orientation_error_deg,0,25900000
owd_uplink_ms,297.1726,26000000
owd_downlink_ms,291.9049,26000000
prediction_position_error_mm,16.17056131362915,26000000
prediction_orientation_error_deg,0,26000000
owd_uplink_ms,294.554,26100000
owd_downlink_ms,297.7126,26100000
prediction_position_error_mm,22.48413674533367,26100000
prediction_orientation_error_deg,0,26100000
owd_uplink_ms,293.5889,26200000
owd_downlink_ms,292.0832,26200000
prediction_position_error_mm,18.58072727918625,26200000
prediction_orientation_error_deg,0,26200000
owd_uplink_ms,297.1004,26300000
owd_downlink_ms,299.4495,26300000
prediction_position_error_mm,21.684210747480392,26300000
prediction_orientation_error_deg,0,26300000
owd_uplink_ms,295.852,26400000
owd_downlink_ms,296.763,26400000
prediction_position_error_mm,20.399561151862144,26400000
prediction_orientation_error_deg,0,26400000
owd_uplink_ms,297.0807,26500000
owd_downlink_ms,296.9002,26500000
prediction_position_error_mm,19.34332214295864,26500000
prediction_orientation_error_deg,0,26500000
owd_uplink_ms,299.2127,26600000
owd_downlink_ms,296.515,26600000
prediction_position_error_mm,16.995858401060104,26600000
prediction_orientation_error_deg,0,26600000
owd_uplink_ms,292.4626,26700000
owd_downlink_ms,299.38,26700000
prediction_position_error_mm,25.495611131191254,26700000
prediction_orientation_error_deg,0,26700000
owd_uplink_ms,290.8817,26800000
owd_downlink_ms,290.662,26800000
prediction_position_error_mm,19.02986131608486,26800000
prediction_orientation_error_deg,0,26800000
owd_uplink_ms,295.7797,26900000
owd_downlink_ms,295.2814,26900000
prediction_position_error_mm,18.624957650899887,26900000
prediction_orientation_error_deg,0,26900000
owd_uplink_ms,295.6012,27000000
owd_downlink_ms,291.1477,27000000
prediction_position_error_mm,14.877337031066418,27000000
prediction_orientation_error_deg,0,27000000
owd_uplink_ms,299.1249,27100000
owd_downlink_ms,296.9753,27100000
prediction_position_error_mm,16.610844060778618,27100000
prediction_orientation_error_deg,0,27100000
owd_uplink_ms,292.84,27200000
owd_downlink_ms,291.6718,27200000
prediction_position_error_mm,17.318420112133026,27200000
prediction_orientation_error_deg,0,27200000
owd_uplink_ms,297.7937,27300000
owd_downlink_ms,292.9033,27300000
prediction_position_error_mm,13.733183033764362,27300000
prediction_orientation_error_deg,0,27300000
owd_uplink_ms,291.5302,27400000
owd_downlink_ms,296.5375,27400000
prediction_position_error_mm,23.092012852430344,27400000
prediction_orientation_error_deg,0,27400000
owd_uplink_ms,292.0075,27500000
owd_downlink_ms,292.3925,27500000
prediction_position_error_mm,18.398774787783623,27500000
prediction_orientation_error_deg,0,27500000
owd_uplink_ms,290.8103,27600000
owd_downlink_ms,292.7909,27600000
prediction_position_error_mm,19.95154470205307,27600000
prediction_orientation_error_deg,0,27600000
owd_uplink_ms,298.1645,27700000
owd_downlink_ms,294.6436,27700000
prediction_position_error_mm,14.199905097484589,27700000
prediction_orientation_error_deg,0,27700000
owd_uplink_ms,291.2531,27800000
owd_downlink_ms,292.409,27800000
prediction_position_error_mm,18.7597144395113,27800000
prediction_orientation_error_deg,0,27800000
owd_uplink_ms,295.1022,27900000
owd_downlink_ms,294.2981,27900000
prediction_position_error_mm,16.53061993420124,27900000
prediction_orientation_error_deg,0,27900000
owd_uplink_ms,293.1175,28000000
owd_downlink_ms,296.948,28000000
prediction_position_error_mm,21.46173268556595,28000000
prediction_orientation_error_deg,0,28000000
owd_uplink_ms,294.3726,28100000
owd_downlink_ms,292.5629,28100000
prediction_position_error_mm,15.211736783385277,28100000
prediction_orientation_error_deg,0,28100000
owd_uplink_ms,293.6592,28200000
owd_downlink_ms,291.4366,28200000
prediction_position_error_mm,14.526646584272385,28200000
prediction_orientation_error_deg,0,28200000
owd_uplink_ms,297.5224,28300000
owd_downlink_ms,294.2076,28300000
prediction_position_error_mm,13.136017136275768,28300000
prediction_orientation_error_deg,0,28300000
owd_uplink_ms,298.0373,28400000
owd_downlink_ms,300.2948,28400000
prediction_position_error_mm,19.073471426963806,28400000
prediction_orientation_error_deg,0,28400000
owd_uplink_ms,296.5916,28500000
owd_downlink_ms,292.514,28500000
prediction_position_error_mm,11.970696039497852,28500000
prediction_orientation_error_deg,0,28500000
owd_uplink_ms,289.5957,28600000
owd_downlink_ms,293.0542,28600000
prediction_position_error_mm,20.15487290918827,28600000
prediction_orientation_error_deg,0,28600000
owd_uplink_ms,297.9846,28700000
owd_downlink_ms,294.452,28700000
prediction_position_error_mm,12.078532949090004,28700000
prediction_orientation_error_deg,0,28700000
owd_uplink_ms,292.4717,28800000
owd_downlink_ms,298.1948,28800000
prediction_position_error_mm,22.611171007156372,28800000
prediction_orientation_error_deg,0,28800000
owd_uplink_ms,295.609,28900000
owd_downlink_ms,294.6105,28900000
prediction_position_error_mm,14.575802721083164,28900000
prediction_orientation_error_deg,0,28900000
owd_uplink_ms,296.5469,29000000
owd_downlink_ms,298.9474,29000000
prediction_position_error_mm,18.53424310684204,29000000
prediction_orientation_error_deg,0,29000000
owd_uplink_ms,292.7859,29100000
owd_downlink_ms,298.065,29100000
prediction_position_error_mm,22.06261269748211,29100000
prediction_orientation_error_deg,0,29100000
owd_uplink_ms,299.1286,29200000
owd_downlink_ms,296.8994,29200000
prediction_position_error_mm,12.814677320420742,29200000
prediction_orientation_error_deg,0,29200000
owd_uplink_ms,297.1275,29300000
owd_downlink_ms,291.5786,29300000
prediction_position_error_mm,9.384220466017723,29300000
prediction_orientation_error_deg,0,29300000
owd_uplink_ms,296.8463,29400000
owd_downlink_ms,291.8356,29400000
prediction_position_error_mm,9.449431672692299,29400000
prediction_orientation_error_deg,0,29400000
owd_uplink_ms,289.7301,29500000
owd_downlink_ms,292.2409,29500000
prediction_position_error_mm,17.7304707467556,29500000
prediction_orientation_error_deg,0,29500000
owd_uplink_ms,294.4084,29600000
owd_downlink_ms,293.4259,29600000
prediction_position_error_mm,13.170677237212658,29600000
prediction_orientation_error_deg,0,29600000
owd_uplink_ms,293.2567,29700000
owd_downlink_ms,293.4951,29700000
prediction_position_error_mm,14.505265280604362,29700000
prediction_orientation_error_deg,0,29700000
owd_uplink_ms,294.3897,29800000
owd_downlink_ms,298.1926,29800000
prediction_position_error_mm,19.06551606953144,29800000
prediction_orientation_error_deg,0,29800000
owd_uplink_ms,289.7497,29900000
owd_downlink_ms,293.5713,29900000
prediction_position_error_mm,19.12144012749195,29900000
prediction_orientation_error_deg,0,29900000
owd_uplink_ms,296.4062,30000000
owd_downlink_ms,298.3922,30000000
prediction_position_error_mm,16.667859628796577,30000000
prediction_orientation_error_deg,0,30000000
owd_uplink_ms,292.3333,30100000
owd_downlink_ms,295.8059,30100000
prediction_position_error_mm,18.626635894179344,30100000
prediction_orientation_error_deg,0,30100000
owd_uplink_ms,296.8198,30200000
owd_downlink_ms,290.7733,30200000
prediction_position_error_mm,7.867632433772087,30200000
prediction_orientation_error_deg,0,30200000
owd_uplink_ms,293.3123,30300000
owd_downlink_ms,295.6915,30300000
prediction_position_error_mm,16.69677346944809,30300000
prediction_orientation_error_deg,0,30300000
owd_uplink_ms,290.1121,30400000
owd_downlink_ms,292.4655,30400000
prediction_position_error_mm,16.610190272331238,30400000
prediction_orientation_error_deg,0,30400000
owd_uplink_ms,291.8549,30500000
owd_downlink_ms,294.7122,30500000
prediction_position_error_mm,17.26517826318741,30500000
prediction_orientation_error_deg,0,30500000
owd_uplink_ms,297.6814,30600000
owd_downlink_ms,292.8397,30600000
prediction_position_error_mm,7.771318778395653,30600000
prediction_orientation_error_deg,0,30600000
owd_uplink_ms,291.1674,30700000
owd_downlink_ms,291.9544,30700000
prediction_position_error_mm,13.89971375465393,30700000
prediction_orientation_error_deg,0,30700000
owd_uplink_ms,294.7392,30800000
owd_downlink_ms,292.812,30800000
prediction_position_error_mm,10.066400282084942,30800000
prediction_orientation_error_deg,0,30800000
owd_uplink_ms,298.3054,30900000
owd_downlink_ms,300.0775,30900000
prediction_position_error_mm,14.900716952979565,30900000
prediction_orientation_error_deg,0,30900000
owd_uplink_ms,296.6743,31000000
owd_downlink_ms,293.4974,31000000
prediction_position_error_mm,8.278296329081059,31000000
prediction_orientation_error_deg,0,31000000
owd_uplink_ms,297.362,31100000
owd_downlink_ms,293.0851,31100000
prediction_position_error_mm,7.228644099086523,31100000
prediction_orientation_error_deg,0,31100000
owd_uplink_ms,298.1259,31200000
owd_downlink_ms,294.1239,31200000
prediction_position_error_mm,7.161303889006376,31200000
prediction_orientation_error_deg,0,31200000
owd_uplink_ms,296.0481,31300000
owd_downlink_ms,299.0955,31300000
prediction_position_error_mm,15.59976302087307,31300000
prediction_orientation_error_deg,0,31300000
owd_uplink_ms,291.4463,31400000
owd_downlink_ms,297.35,31400000
prediction_position_error_mm,19.779914990067482,31400000
prediction_orientation_error_deg,0,31400000
owd_uplink_ms,297.6022,31500000
owd_downlink_ms,292.2347,31500000
prediction_position_error_mm,6.802739575505257,31500000
prediction_orientation_error_deg,0,31500000
owd_uplink_ms,293.1436,31600000
owd_downlink_ms,293.118,31600000
prediction_position_error_mm,10.708419606089592,31600000
prediction_orientation_error_deg,0,31600000
owd_uplink_ms,298.423,31700000
owd_downlink_ms,300.1412,31700000
prediction_position_error_mm,13.072817586362362,31700000
prediction_orientation_error_deg,0,31700000
owd_uplink_ms,294.5157,31800000
owd_downlink_ms,296.1437,31800000
prediction_position_error_mm,12.835144065320492,31800000
prediction_orientation_error_deg,0,31800000
owd_uplink_ms,295.8617,31900000
owd_downlink_ms,298.8268,31900000
prediction_position_error_mm,14.76404070854187,31900000
prediction_orientation_error_deg,0,31900000
owd_uplink_ms,294.2346,32000000
owd_downlink_ms,291.7013,32000000
prediction_position_error_mm,7.1129342541098595,32000000
prediction_orientation_error_deg,0,32000000
owd_uplink_ms,289.9344,32100000
owd_downlink_ms,292.6449,32100000
prediction_position_error_mm,14.031248167157173,32100000
prediction_orientation_error_deg,0,32100000
owd_uplink_ms,298.141,32200000
owd_downlink_ms,293.0033,32200000
prediction_position_error_mm,6.593672558665276,32200000
prediction_orientation_error_deg,0,32200000
owd_uplink_ms,292.4496,32300000
owd_downlink_ms,295.5252,32300000
prediction_position_error_mm,14.102756977081299,32300000
prediction_orientation_error_deg,0,32300000
owd_uplink_ms,293.5719,32400000
owd_downlink_ms,296.5649,32400000
prediction_position_error_mm,13.949660584330559,32400000
prediction_orientation_error_deg,0,32400000
owd_uplink_ms,291.6365,32500000
owd_downlink_ms,295.1238,32500000
prediction_position_error_mm,14.695720747113228,32500000
prediction_orientation_error_deg,0,32500000
owd_uplink_ms,297.0897,32600000
owd_downlink_ms,294.9705,32600000
prediction_position_error_mm,6.649583112448454,32600000
prediction_orientation_error_deg,0,32600000
owd_uplink_ms,294.7414,32700000
owd_downlink_ms,298.4638,32700000
prediction_position_error_mm,14.771372079849243,32700000
prediction_orientation_error_deg,0,32700000
owd_uplink_ms,292.9322,32800000
owd_downlink_ms,298.7548,32800000
prediction_position_error_mm,18.09263601899147,32800000
prediction_orientation_error_deg,0,32800000
owd_uplink_ms,292.4329,32900000
owd_downlink_ms,297.7572,32900000
prediction_position_error_mm,17.454693093895912,32900000
prediction_orientation_error_deg,0,32900000
owd_uplink_ms,291.7049,33000000
owd_downlink_ms,290.1505,33000000
prediction_position_error_mm,6.997192278504372,33000000
prediction_orientation_error_deg,0,33000000
owd_uplink_ms,298.8652,33100000
owd_downlink_ms,296.5208,33100000
prediction_position_error_mm,5.995785351842642,33100000
prediction_orientation_error_deg,0,33100000
owd_uplink_ms,299.097,33200000
owd_downlink_ms,297.7611,33200000
prediction_position_error_mm,6.755066104233265,33200000
prediction_orientation_error_deg,0,33200000
owd_uplink_ms,297.6327,33300000
owd_downlink_ms,296.8508,33300000
prediction_position_error_mm,7.203271146863699,33300000
prediction_orientation_error_deg,0,33300000
owd_uplink_ms,292.0304,33400000
owd_downlink_ms,289.3914,33400000
prediction_position_error_mm,5.3977323696017265,33400000
prediction_orientation_error_deg,0,33400000
owd_uplink_ms,293.3553,33500000
owd_downlink_ms,296.146,33500000
prediction_position_error_mm,12.08378467708826,33500000
prediction_orientation_error_deg,0,33500000
owd_uplink_ms,299.8039,33600000
owd_downlink_ms,296.0237,33600000
prediction_position_error_mm,5.614252761006355,33600000
prediction_orientation_error_deg,0,33600000
owd_uplink_ms,296.9877,33700000
owd_downlink_ms,290.9221,33700000
prediction_position_error_mm,9.179841727018356,33700000
prediction_orientation_error_deg,0,33700000
owd_uplink_ms,292.822,33800000
owd_downlink_ms,295.299,33800000
prediction_position_error_mm,10.5983205139637,33800000
prediction_orientation_error_deg,0,33800000
owd_uplink_ms,296.8774,33900000
owd_downlink_ms,297.5396,33900000
prediction_position_error_mm,7.702729664742947,33900000
prediction_orientation_error_deg,0,33900000
owd_uplink_ms,292.8781,34000000
owd_downlink_ms,295.5374,34000000
prediction_position_error_mm,10.661328211426735,34000000
prediction_orientation_error_deg,0,34000000
owd_uplink_ms,291.6031,34100000
owd_downlink_ms,298.4438,34100000
prediction_position_error_mm,17.438147217035294,34100000
prediction_orientation_error_deg,0,34100000
owd_uplink_ms,295.2138,34200000
owd_downlink_ms,290.2049,34200000
prediction_position_error_mm,7.7129872515797615,34200000
prediction_orientation_error_deg,0,34200000
owd_uplink_ms,291.7093,34300000
owd_downlink_ms,291.5974,34300000
prediction_position_error_mm,6.13414729014039,34300000
prediction_orientation_error_deg,0,34300000
owd_uplink_ms,292.0346,34400000
owd_downlink_ms,293.5737,34400000
prediction_position_error_mm,8.291682228446007,34400000
prediction_orientation_error_deg,0,34400000
owd_uplink_ms,299.3771,34500000
owd_downlink_ms,294.3187,34500000
prediction_position_error_mm,8.480820804834366,34500000
prediction_orientation_error_deg,0,34500000
owd_uplink_ms,293.8228,34600000
owd_downlink_ms,297.1736,34600000
prediction_position_error_mm,10.624101385474205,34600000
prediction_orientation_error_deg,0,34600000
owd_uplink_ms,292.6878,34700000
owd_downlink_ms,297.7645,34700000
prediction_position_error_mm,13.472750782966614,34700000
prediction_orientation_error_deg,0,34700000
owd_uplink_ms,297.2298,34800000
owd_downlink_ms,297.8882,34800000
prediction_position_error_mm,6.440750788897276,34800000
prediction_orientation_error_deg,0,34800000
owd_uplink_ms,297.8963,34900000
owd_downlink_ms,289.9139,34900000
prediction_position_error_mm,15.339385718107224,34900000
prediction_orientation_error_deg,0,34900000
owd_uplink_ms,299.2165,35000000
owd_downlink_ms,296.0371,35000000
prediction_position_error_mm,6.210936699062586,35000000
prediction_orientation_error_deg,0,35000000
owd_uplink_ms,293.368,35100000
owd_downlink_ms,298.4659,35100000
prediction_position_error_mm,12.379786930978298,35100000
prediction_orientation_error_deg,0,35100000
owd_uplink_ms,291.5252,35200000
owd_downlink_ms,296.0482,35200000
prediction_position_error_mm,11.503757908940315,35200000
prediction_orientation_error_deg,0,35200000
owd_uplink_ms,296.6414,35300000
owd_downlink_ms,295.7187,35300000
prediction_position_error_mm,4.323860630393028,35300000
prediction_orientation_error_deg,0,35300000
owd_uplink_ms,296.7798,35400000
owd_downlink_ms,295.9803,35400000
prediction_position_error_mm,4.274688195437193,35400000
prediction_orientation_error_deg,0,35400000
owd_uplink_ms,291.8862,35500000
owd_downlink_ms,295.7521,35500000
prediction_position_error_mm,9.937760420143604,35500000
prediction_orientation_error_deg,0,35500000
owd_uplink_ms,297.095,35600000
owd_downlink_ms,290.5301,35600000
prediction_position_error_mm,13.546165078878403,35600000
prediction_orientation_error_deg,0,35600000
owd_uplink_ms,296.6999,35700000
owd_downlink_ms,295.9961,35700000
prediction_position_error_mm,4.167678765952587,35700000
prediction_orientation_error_deg,0,35700000
owd_uplink_ms,299.5345,35800000
owd_downlink_ms,298.0304,35800000
prediction_position_error_mm,4.7744642943143845,35800000
prediction_orientation_error_deg,0,35800000
owd_uplink_ms,298.5529,35900000
owd_downlink_ms,298.7515,35900000
prediction_position_error_mm,4.111875779926777,35900000
prediction_orientation_error_deg,0,35900000
owd_uplink_ms,296.14,36000000
owd_downlink_ms,294.3927,36000000
prediction_position_error_mm,5.331224761903286,36000000
prediction_orientation_error_deg,0,36000000
owd_uplink_ms,295.7585,36100000
owd_downlink_ms,290.9788,36100000
prediction_position_error_mm,11.307579465210438,36100000
prediction_orientation_error_deg,0,36100000
owd_uplink_ms,294.6119,36200000
owd_downlink_ms,293.2193,36200000
prediction_position_error_mm,5.3601935505867,36200000
prediction_orientation_error_deg,0,36200000
owd_uplink_ms,295.4203,36300000
owd_downlink_ms,299.8339,36300000
prediction_position_error_mm,8.435485884547234,36300000
prediction_orientation_error_deg,0,36300000
owd_uplink_ms,295.9796,36400000
owd_downlink_ms,295.5139,36400000
prediction_position_error_mm,4.312549717724323,36400000
prediction_orientation_error_deg,0,36400000
owd_uplink_ms,297.3808,36500000
owd_downlink_ms,293.1272,36500000
prediction_position_error_mm,11.129895225167274,36500000
prediction_orientation_error_deg,0,36500000
owd_uplink_ms,291.7939,36600000
owd_downlink_ms,296.5651,36600000
prediction_position_error_mm,8.358579128980637,36600000
prediction_orientation_error_deg,0,36600000
owd_uplink_ms,294.5146,36700000
owd_downlink_ms,295.8613,36700000
prediction_position_error_mm,3.860191209241748,36700000
prediction_orientation_error_deg,0,36700000
owd_uplink_ms,295.1719,36800000
owd_downlink_ms,294.9496,36800000
prediction_position_error_mm,4.3253907933831215,36800000
prediction_orientation_error_deg,0,36800000
owd_uplink_ms,295.3436,36900000
owd_downlink_ms,298.9644,36900000
prediction_position_error_mm,6.216277368366718,36900000
prediction_orientation_error_deg,0,36900000
owd_uplink_ms,299.7107,37000000
owd_downlink_ms,295.7063,37000000
prediction_position_error_mm,11.257307603955269,37000000
prediction_orientation_error_deg,0,37000000
owd_uplink_ms,291.4175,37100000
owd_downlink_ms,295.4707,37100000
prediction_position_error_mm,6.447772029787302,37100000
prediction_orientation_error_deg,0,37100000
owd_uplink_ms,299.5868,37200000
owd_downlink_ms,297.0481,37200000
prediction_position_error_mm,8.60931258648634,37200000
prediction_orientation_error_deg,0,37200000
owd_uplink_ms,297.5954,37300000
owd_downlink_ms,296.2815,37300000
prediction_position_error_mm,6.616862490773201,37300000
prediction_orientation_error_deg,0,37300000
owd_uplink_ms,294.7218,37400000
owd_downlink_ms,295.7124,37400000
prediction_position_error_mm,3.661219496279955,37400000
prediction_orientation_error_deg,0,37400000
owd_uplink_ms,298.2437,37500000
owd_downlink_ms,295.594,37500000
prediction_position_error_mm,9.592338465154171,37500000
prediction_orientation_error_deg,0,37500000
owd_uplink_ms,292.8661,37600000
owd_downlink_ms,296.0621,37600000
prediction_position_error_mm,4.234552849084139,37600000
prediction_orientation_error_deg,0,37600000
owd_uplink_ms,294.902,37700000
owd_downlink_ms,298.8137,37700000
prediction_position_error_mm,5.1084961742162704,37700000
prediction_orientation_error_deg,0,37700000
owd_uplink_ms,298.3098,37800000
owd_downlink_ms,295.9985,37800000
prediction_position_error_mm,9.208206087350845,37800000
prediction_orientation_error_deg,0,37800000
owd_uplink_ms,292.5537,37900000
owd_downlink_ms,290.0882,37900000
prediction_position_error_mm,9.86411888152361,37900000
prediction_orientation_error_deg,0,37900000
owd_uplink_ms,290.6071,38000000
owd_downlink_ms,291.5816,38000000
prediction_position_error_mm,4.1321334429085255,38000000
prediction_orientation_error_deg,0,38000000
owd_uplink_ms,297.8152,38100000
owd_downlink_ms,294.0612,38100000
prediction_position_error_mm,13.080430217087269,38100000
prediction_orientation_error_deg,0,38100000
owd_uplink_ms,296.5384,38200000
owd_downlink_ms,294.0316,38200000
prediction_position_error_mm,10.880247689783573,38200000
prediction_orientation_error_deg,0,38200000
owd_uplink_ms,293.891,38300000
owd_downlink_ms,291.8013,38300000
prediction_position_error_mm,10.379686951637268,38300000
prediction_orientation_error_deg,0,38300000
owd_uplink_ms,291.3494,38400000
owd_downlink_ms,298.0238,38400000
prediction_position_error_mm,7.363019045442343,38400000
prediction_orientation_error_deg,0,38400000
owd_uplink_ms,295.5155,38500000
owd_downlink_ms,293.1959,38500000
prediction_position_error_mm,10.954209603369236,38500000
prediction_orientation_error_deg,0,38500000
owd_uplink_ms,290.6805,38600000
owd_downlink_ms,292.6661,38600000
prediction_position_error_mm,3.7346777971833944,38600000
prediction_orientation_error_deg,0,38600000
owd_uplink_ms,290.6333,38700000
owd_downlink_ms,291.3935,38700000
prediction_position_error_mm,5.527402274310589,38700000
prediction_orientation_error_deg,0,38700000
owd_uplink_ms,299.2041,38800000
owd_downlink_ms,299.3553,38800000
prediction_position_error_mm,6.715608295053244,38800000
prediction_orientation_error_deg,0,38800000
owd_uplink_ms,292.6702,38900000
owd_downlink_ms,291.4134,38900000
prediction_position_error_mm,9.56523884087801,38900000
prediction_orientation_error_deg,0,38900000
owd_uplink_ms,293.2863,39000000
owd_downlink_ms,292.9453,39000000
prediction_position_error_mm,8.071653544902802,39000000
prediction_orientation_error_deg,0,39000000
owd_uplink_ms,298.8496,39100000
owd_downlink_ms,294.8065,39100000
prediction_position_error_mm,15.878496691584587,39100000
prediction_orientation_error_deg,0,39100000
owd_uplink_ms,298.1842,39200000
owd_downlink_ms,295.0702,39200000
prediction_position_error_mm,14.339461922645569,39200000
prediction_orientation_error_deg,0,39200000
owd_uplink_ms,297.8467,39300000
owd_downlink_ms,299.2529,39300000
prediction_position_error_mm,5.938392132520676,39300000
prediction_orientation_error_deg,0,39300000
owd_uplink_ms,290.1185,39400000
owd_downlink_ms,295.1288,39400000
prediction_position_error_mm,3.1657987274229527,39400000
prediction_orientation_error_deg,0,39400000
owd_uplink_ms,291.24,39500000
owd_downlink_ms,295.0869,39500000
prediction_position_error_mm,2.9227568302303553,39500000
prediction_orientation_error_deg,0,39500000
owd_uplink_ms,291.2346,39600000
owd_downlink_ms,292.4962,39600000
prediction_position_error_mm,6.170649081468582,39600000
prediction_orientation_error_deg,0,39600000
owd_uplink_ms,291.6752,39700000
owd_downlink_ms,291.6574,39700000
prediction_position_error_mm,8.59163235872984,39700000
prediction_orientation_error_deg,0,39700000
owd_uplink_ms,293.4813,39800000
owd_downlink_ms,296.8991,39800000
prediction_position_error_mm,3.3289219718426466,39800000
prediction_orientation_error_deg,0,39800000
owd_uplink_ms,295.0676,39900000
owd_downlink_ms,295.9912,39900000
prediction_position_error_mm,7.068551145493984,39900000
prediction_orientation_error_deg,0,39900000
owd_uplink_ms,296.8111,40000000
owd_downlink_ms,296.5545,40000000
prediction_position_error_mm,9.37165878713131,40000000
prediction_orientation_error_deg,0,40000000
owd_uplink_ms,295.1201,40100000
owd_downlink_ms,292.6731,40100000
prediction_position_error_mm,13.887191191315651,40100000
prediction_orientation_error_deg,0,40100000
owd_uplink_ms,299.9229,40200000
owd_downlink_ms,296.4287,40200000
prediction_position_error_mm,16.400424763560295,40200000
prediction_orientation_error_deg,0,40200000
owd_uplink_ms,298.2024,40300000
owd_downlink_ms,293.3251,40300000
prediction_position_error_mm,19.774312153458595,40300000
prediction_orientation_error_deg,0,40300000
owd_uplink_ms,292.7955,40400000
owd_downlink_ms,294.2813,40400000
prediction_position_error_mm,7.650422863662243,40400000
prediction_orientation_error_deg,0,40400000
owd_uplink_ms,291.5404,40500000
owd_downlink_ms,291.5301,40500000
prediction_position_error_mm,10.482817888259888,40500000
prediction_orientation_error_deg,0,40500000
owd_uplink_ms,290.8266,40600000
owd_downlink_ms,292.6584,40600000
prediction_position_error_mm,7.365245837718248,40600000
prediction_orientation_error_deg,0,40600000
owd_uplink_ms,297.3017,40700000
owd_downlink_ms,299.4716,40700000
prediction_position_error_mm,6.886699236929417,40700000
prediction_orientation_error_deg,0,40700000
owd_uplink_ms,291.2623,40800000
owd_downlink_ms,291.0655,40800000
prediction_position_error_mm,11.188002303242683,40800000
prediction_orientation_error_deg,0,40800000
owd_uplink_ms,296.726,40900000
owd_downlink_ms,293.368,40900000
prediction_position_error_mm,17.58779026567936,40900000
prediction_orientation_error_deg,0,40900000
owd_uplink_ms,292.5127,41000000
owd_downlink_ms,296.2014,41000000
prediction_position_error_mm,5.1191868260502815,41000000
prediction_orientation_error_deg,0,41000000
owd_uplink_ms,294.9993,41100000
owd_downlink_ms,294.2222,41100000
prediction_position_error_mm,12.85533607006073,41100000
prediction_orientation_error_deg,0,41100000
owd_uplink_ms,292.8294,41200000
owd_downlink_ms,295.7193,41200000
prediction_position_error_mm,6.618719082325697,41200000
prediction_orientation_error_deg,0,41200000
owd_uplink_ms,296.3249,41300000
owd_downlink_ms,290.8423,41300000
prediction_position_error_mm,22.556209936738014,41300000
prediction_orientation_error_deg,0,41300000
owd_uplink_ms,291.4584,41400000
owd_downlink_ms,296.6548,41400000
prediction_position_error_mm,3.755235346034169,41400000
prediction_orientation_error_deg,0,41400000
owd_uplink_ms,296.5936,41500000
owd_downlink_ms,297.5171,41500000
prediction_position_error_mm,10.428385809063911,41500000
prediction_orientation_error_deg,0,41500000
owd_uplink_ms,293.4026,41600000
owd_downlink_ms,290.8905,41600000
prediction_position_error_mm,16.940342262387276,41600000
prediction_orientation_error_deg,0,41600000
owd_uplink_ms,293.5243,41700000
owd_downlink_ms,293.6535,41700000
prediction_position_error_mm,12.328988872468472,41700000
prediction_orientation_error_deg,0,41700000
owd_uplink_ms,291.9918,41800000
owd_downlink_ms,296.1516,41800000
prediction_position_error_mm,5.806093104183674,41800000
prediction_orientation_error_deg,0,41800000
owd_uplink_ms,292.0546,41900000
owd_downlink_ms,293.9656,41900000
prediction_position_error_mm,9.387612342834473,41900000
prediction_orientation_error_deg,0,41900000
owd_uplink_ms,298.8918,42000000
owd_downlink_ms,292.7797,42000000
prediction_position_error_mm,24.63732101023197,42000000
prediction_orientation_error_deg,0,42000000
owd_uplink_ms,297.1974,42100000
owd_downlink_ms,292.6007,42100000
prediction_position_error_mm,22.02877402305603,42100000
prediction_orientation_error_deg,0,42100000
owd_uplink_ms,295.0899,42200000
owd_downlink_ms,295.5534,42200000
prediction_position_error_mm,12.957919389009476,42200000
prediction_orientation_error_deg,0,42200000
owd_uplink_ms,295.0394,42300000
owd_downlink_ms,291.5009,42300000
prediction_position_error_mm,20.485401153564453,42300000
prediction_orientation_error_deg,0,42300000
owd_uplink_ms,290.6197,42400000
owd_downlink_ms,292.4369,42400000
prediction_position_error_mm,11.212507262825966,42400000
prediction_orientation_error_deg,0,42400000
owd_uplink_ms,296.8829,42500000
owd_downlink_ms,297.4924,42500000
prediction_position_error_mm,13.348445296287537,42500000
prediction_orientation_error_deg,0,42500000
owd_uplink_ms,290.9925,42600000
owd_downlink_ms,298.8851,42600000
prediction_position_error_mm,2.9062272515147924,42600000
prediction_orientation_error_deg,0,42600000
owd_uplink_ms,292.5848,42700000
owd_downlink_ms,296.779,42700000
prediction_position_error_mm,7.531957235187292,42700000
prediction_orientation_error_deg,0,42700000
owd_uplink_ms,299.6806,42800000
owd_downlink_ms,296.1656,42800000
prediction_position_error_mm,20.544296130537987,42800000
prediction_orientation_error_deg,0,42800000
owd_uplink_ms,293.4408,42900000
owd_downlink_ms,293.7808,42900000
prediction_position_error_mm,14.051995240151882,42900000
prediction_orientation_error_deg,0,42900000
owd_uplink_ms,291.7461,43000000
owd_downlink_ms,291.7421,43000000
prediction_position_error_mm,14.796103350818157,43000000
prediction_orientation_error_deg,0,43000000
owd_uplink_ms,293.0132,43100000
owd_downlink_ms,290.2017,43100000
prediction_position_error_mm,19.874749705195427,43100000
prediction_orientation_error_deg,0,43100000
owd_uplink_ms,296.4961,43200000
owd_downlink_ms,295.7285,43200000
prediction_position_error_mm,16.597799956798553,43200000
prediction_orientation_error_deg,0,43200000
owd_uplink_ms,299.4948,43300000
owd_downlink_ms,297.7303,43300000
prediction_position_error_mm,18.521282821893692,43300000
prediction_orientation_error_deg,0,43300000
owd_uplink_ms,291.7105,43400000
owd_downlink_ms,292.7834,43400000
prediction_position_error_mm,14.04452882707119,43400000
prediction_orientation_error_deg,0,43400000
owd_uplink_ms,293.6166,43500000
owd_downlink_ms,297.827,43500000
prediction_position_error_mm,9.401658549904823,43500000
prediction_orientation_error_deg,0,43500000
owd_uplink_ms,292.9949,43600000
owd_downlink_ms,297.6238,43600000
prediction_position_error_mm,8.81250947713852,43600000
prediction_orientation_error_deg,0,43600000
owd_uplink_ms,300.0785,43700000
owd_downlink_ms,290.43,43700000
prediction_position_error_mm,33.544719219207764,43700000
prediction_orientation_error_deg,0,43700000
owd_uplink_ms,296.7115,43800000
owd_downlink_ms,293.9193,43800000
prediction_position_error_mm,21.118026226758957,43800000
prediction_orientation_error_deg,0,43800000
owd_uplink_ms,293.3659,43900000
owd_downlink_ms,296.2463,43900000
prediction_position_error_mm,12.356671504676342,43900000
prediction_orientation_error_deg,0,43900000
owd_uplink_ms,295.4935,44000000
owd_downlink_ms,294.2806,44000000
prediction_position_error_mm,18.746260553598404,44000000
prediction_orientation_error_deg,0,44000000
owd_uplink_ms,293.0508,44100000
owd_downlink_ms,296.7822,44100000
prediction_position_error_mm,11.451030150055885,44100000
prediction_orientation_error_deg,0,44100000
owd_uplink_ms,296.1543,44200000
owd_downlink_ms,290.7079,44200000
prediction_position_error_mm,26.114830747246742,44200000
prediction_orientation_error_deg,0,44200000
owd_uplink_ms,292.0404,44300000
owd_downlink_ms,293.94,44300000
prediction_position_error_mm,14.571723528206348,44300000
prediction_orientation_error_deg,0,44300000
owd_uplink_ms,295.7555,44400000
owd_downlink_ms,296.7264,44400000
prediction_position_error_mm,16.032971441745758,44400000
prediction_orientation_error_deg,0,44400000
owd_uplink_ms,292.1553,44500000
owd_downlink_ms,291.9043,44500000
prediction_position_error_mm,17.99597218632698,44500000
prediction_orientation_error_deg,0,44500000
owd_uplink_ms,294.112,44600000
owd_downlink_ms,291.2751,44600000
prediction_position_error_mm,22.219043225049973,44600000
prediction_orientation_error_deg,0,44600000
owd_uplink_ms,294.2507,44700000
owd_downlink_ms,291.9549,44700000
prediction_position_error_mm,21.613551303744316,44700000
prediction_orientation_error_deg,0,44700000
owd_uplink_ms,294.2422,44800000
owd_downlink_ms,297.2431,44800000
prediction_position_error_mm,14.061398804187775,44800000
prediction_orientation_error_deg,0,44800000
owd_uplink_ms,293.4228,44900000
owd_downlink_ms,296.5685,44900000
prediction_position_error_mm,13.921648263931274,44900000
prediction_orientation_error_deg,0,44900000
owd_uplink_ms,298.0511,45000000
owd_downlink_ms,297.3575,45000000
prediction_position_error_mm,19.36948671936989,45000000
prediction_orientation_error_deg,0,45000000
owd_uplink_ms,299.8331,45100000
owd_downlink_ms,298.7714,45100000
prediction_position_error_mm,20.083492621779442,45100000
prediction_orientation_error_deg,0,45100000
owd_uplink_ms,290.2312,45200000
owd_downlink_ms,290.3692,45200000
prediction_position_error_mm,18.53770576417446,45200000
prediction_orientation_error_deg,0,45200000
owd_uplink_ms,297.9378,45300000
owd_downlink_ms,298.7713,45300000
prediction_position_error_mm,17.711009830236435,45300000
prediction_orientation_error_deg,0,45300000
owd_uplink_ms,291.9239,45400000
owd_downlink_ms,296.7673,45400000
prediction_position_error_mm,12.629643082618713,45400000
prediction_orientation_error_deg,0,45400000
owd_uplink_ms,298.7554,45500000
owd_downlink_ms,298.9761,45500000
prediction_position_error_mm,18.60579662024975,45500000
prediction_orientation_error_deg,0,45500000
owd_uplink_ms,291.8959,45600000
owd_downlink_ms,291.2188,45600000
prediction_position_error_mm,19.9736375361681,45600000
prediction_orientation_error_deg,0,45600000
owd_uplink_ms,298.6013,45700000
owd_downlink_ms,294.2604,45700000
prediction_position_error_mm,25.421366095542908,45700000
prediction_orientation_error_deg,0,45700000
owd_uplink_ms,295.9777,45800000
owd_downlink_ms,295.8049,45800000
prediction_position_error_mm,19.772721454501152,45800000
prediction_orientation_error_deg,0,45800000
owd_uplink_ms,298.1168,45900000
owd_downlink_ms,292.9014,45900000
prediction_position_error_mm,27.08067186176777,45900000
prediction_orientation_error_deg,0,45900000
owd_uplink_ms,293.4808,46000000
owd_downlink_ms,295.2078,46000000
prediction_position_error_mm,17.826315015554428,46000000
prediction_orientation_error_deg,0,46000000
owd_uplink_ms,296.4673,46100000
owd_downlink_ms,293.9744,46100000
prediction_position_error_mm,23.43163825571537,46100000
prediction_orientation_error_deg,0,46100000
owd_uplink_ms,292.2796,46200000
owd_downlink_ms,292.5307,46200000
prediction_position_error_mm,20.00907063484192,46200000
prediction_orientation_error_deg,0,46200000
owd_uplink_ms,294.2713,46300000
owd_downlink_ms,295.1189,46300000
prediction_position_error_mm,19.38573271036148,46300000
prediction_orientation_error_deg,0,46300000
owd_uplink_ms,293.5805,46400000
owd_downlink_ms,292.9016,46400000
prediction_position_error_mm,21.39068953692913,46400000
prediction_orientation_error_deg,0,46400000
owd_uplink_ms,296.7086,46500000
owd_downlink_ms,292.3714,46500000
prediction_position_error_mm,26.350153610110283,46500000
prediction_orientation_error_deg,0,46500000
owd_uplink_ms,296.8761,46600000
owd_downlink_ms,297.6753,46600000
prediction_position_error_mm,20.010877400636673,46600000
prediction_orientation_error_deg,0,46600000
owd_uplink_ms,291.6057,46700000
owd_downlink_ms,291.8688,46700000
prediction_position_error_mm,20.745743066072464,46700000
prediction_orientation_error_deg,0,46700000
owd_uplink_ms,293.1207,46800000
owd_downlink_ms,298.4033,46800000
prediction_position_error_mm,15.302673913538456,46800000
prediction_orientation_error_deg,0,46800000
owd_uplink_ms,294.8762,46900000
owd_downlink_ms,292.4558,46900000
prediction_position_error_mm,23.997103795409203,46900000
prediction_orientation_error_deg,0,46900000
owd_uplink_ms,292.4571,47000000
owd_downlink_ms,296.4348,47000000
prediction_position_error_mm,16.926579177379608,47000000
prediction_orientation_error_deg,0,47000000
owd_uplink_ms,292.2511,47100000
owd_downlink_ms,299.1289,47100000
prediction_position_error_mm,14.095128513872623,47100000
prediction_orientation_error_deg,0,47100000
owd_uplink_ms,298.3248,47200000
owd_downlink_ms,296.3653,47200000
prediction_position_error_mm,23.35246093571186,47200000
prediction_orientation_error_deg,0,47200000
owd_uplink_ms,295.2688,47300000
owd_downlink_ms,298.1968,47300000
prediction_position_error_mm,18.196437507867813,47300000
prediction_orientation_error_deg,0,47300000
owd_uplink_ms,295.8428,47400000
owd_downlink_ms,297.8796,47400000
prediction_position_error_mm,19.157705828547478,47400000
prediction_orientation_error_deg,0,47400000
owd_uplink_ms,296.1393,47500000
owd_downlink_ms,293.3667,47500000
prediction_position_error_mm,24.39597062766552,47500000
prediction_orientation_error_deg,0,47500000
owd_uplink_ms,296.0936,47600000
owd_downlink_ms,298.1017,47600000
prediction_position_error_mm,19.493237137794495,47600000
prediction_orientation_error_deg,0,47600000
owd_uplink_ms,299.0984,47700000
owd_downlink_ms,291.5359,47700000
prediction_position_error_mm,30.195003375411034,47700000
prediction_orientation_error_deg,0,47700000
owd_uplink_ms,292.5021,47800000
owd_downlink_ms,291.8575,47800000
prediction_position_error_mm,22.59046956896782,47800000
prediction_orientation_error_deg,0,47800000
owd_uplink_ms,290.7556,47900000
owd_downlink_ms,295.3988,47900000
prediction_position_error_mm,17.679298296570778,47900000
prediction_orientation_error_deg,0,47900000
owd_uplink_ms,298.7291,48000000
owd_downlink_ms,296.4874,48000000
prediction_position_error_mm,24.255864322185516,48000000
prediction_orientation_error_deg,0,48000000
owd_uplink_ms,293.3055,48100000
owd_downlink_ms,293.9094,48100000
prediction_position_error_mm,21.585997194051743,48100000
prediction_orientation_error_deg,0,48100000
owd_uplink_ms,297.3398,48200000
owd_downlink_ms,297.2516,48200000
prediction_position_error_mm,22.319355979561806,48200000
prediction_orientation_error_deg,0,48200000
owd_uplink_ms,292.5462,48300000
owd_downlink_ms,293.4879,48300000
prediction_position_error_mm,21.466616541147232,48300000
prediction_orientation_error_deg,0,48300000
owd_uplink_ms,296.9289,48400000
owd_downlink_ms,292.496,48400000
prediction_position_error_mm,26.65870636701584,48400000
prediction_orientation_error_deg,0,48400000
owd_uplink_ms,298.9204,48500000
owd_downlink_ms,298.3476,48500000
prediction_position_error_mm,23.1162142008543,48500000
prediction_orientation_error_deg,0,48500000
owd_uplink_ms,298.5641,48600000
owd_downlink_ms,295.8358,48600000
prediction_position_error_mm,25.173194706439972,48600000
prediction_orientation_error_deg,0,48600000
owd_uplink_ms,293.6761,48700000
owd_downlink_ms,293.4483,48700000
prediction_position_error_mm,23.05120974779129,48700000
prediction_orientation_error_deg,0,48700000
owd_uplink_ms,298.908,48800000
owd_downlink_ms,297.48,48800000
prediction_position_error_mm,24.157904088497162,48800000
prediction_orientation_error_deg,0,48800000
owd_uplink_ms,291.7953,48900000
owd_downlink_ms,298.9278,48900000
prediction_position_error_mm,17.691010609269142,48900000
prediction_orientation_error_deg,0,48900000
owd_uplink_ms,294.0024,49000000
owd_downlink_ms,293.8372,49000000
prediction_position_error_mm,23.06719310581684,49000000
prediction_orientation_error_deg,0,49000000
owd_uplink_ms,290.4539,49100000
owd_downlink_ms,290.1539,49100000
prediction_position_error_mm,23.247642442584038,49100000
prediction_orientation_error_deg,0,49100000
owd_uplink_ms,292.3993,49200000
owd_downlink_ms,295.2732,49200000
prediction_position_error_mm,20.973484963178635,49200000
prediction_orientation_error_deg,0,49200000
owd_uplink_ms,293.0381,49300000
owd_downlink_ms,294.6213,49300000
prediction_position_error_mm,21.93334512412548,49300000
prediction_orientation_error_deg,0,49300000
owd_uplink_ms,292.4649,49400000
owd_downlink_ms,291.0015,49400000
prediction_position_error_mm,24.19912815093994,49400000
prediction_orientation_error_deg,0,49400000
owd_uplink_ms,295.3276,49500000
owd_downlink_ms,294.6244,49500000
prediction_position_error_mm,23.717723786830902,49500000
prediction_orientation_error_deg,0,49500000
owd_uplink_ms,292.8598,49600000
owd_downlink_ms,293.9084,49600000
prediction_position_error_mm,22.58390001952648,49600000
prediction_orientation_error_deg,0,49600000
owd_uplink_ms,295.3128,49700000
owd_downlink_ms,294.1956,49700000
prediction_position_error_mm,24.09082092344761,49700000
prediction_orientation_error_deg,0,49700000
owd_uplink_ms,295.2329,49800000
owd_downlink_ms,290.9193,49800000
prediction_position_error_mm,26.386966928839684,49800000
prediction_orientation_error_deg,0,49800000
owd_uplink_ms,299.8059,49900000
owd_downlink_ms,298.4421,49900000
prediction_position_error_mm,24.43649061024189,49900000
prediction_orientation_error_deg,0,49900000
owd_uplink_ms,291.5741,50000000
owd_downlink_ms,297.8429,50000000
prediction_position_error_mm,20.08167840540409,50000000
prediction_orientation_error_deg,0,50000000
