name,value,ticks
prediction_position_error_mm,0,100000
prediction_orientation_error_deg,0,100000
prediction_position_error_mm,0,200000
prediction_orientation_error_deg,0,200000
prediction_position_error_mm,0,300000
prediction_orientation_error_deg,0,300000
prediction_position_error_mm,0,400000
prediction_orientation_error_deg,0,400000
prediction_position_error_mm,0,500000
prediction_orientation_error_deg,0,500000
prediction_position_error_mm,0,600000
prediction_orientation_error_deg,0,600000
prediction_position_error_mm,0,700000
prediction_orientation_error_deg,0,700000
prediction_position_error_mm,0,800000
prediction_orientation_error_deg,0,800000
prediction_position_error_mm,0,900000
prediction_orientation_error_deg,0,900000
prediction_position_error_mm,0,1000000
prediction_orientation_error_deg,0,1000000
prediction_position_error_mm,0,1100000
prediction_orientation_error_deg,0,1100000
prediction_position_error_mm,0,1200000
prediction_orientation_error_deg,0,1200000
prediction_position_error_mm,0,1300000
prediction_orientation_error_deg,0,1300000
prediction_position_error_mm,0,1400000
prediction_orientation_error_deg,0,1400000
prediction_position_error_mm,0,1500000
prediction_orientation_error_deg,0,1500000
prediction_position_error_mm,0,1600000
prediction_orientation_error_deg,0,1600000
prediction_position_error_mm,0,1700000
prediction_orientation_error_deg,0,1700000
prediction_position_error_mm,1299.9999523162842,1800000
prediction_orientation_error_deg,0,1800000
prediction_position_error_mm,1299.9999523162842,1900000
prediction_orientation_error_deg,0,1900000
prediction_position_error_mm,1300.0023365020752,2000000
prediction_orientation_error_deg,0,2000000
prediction_position_error_mm,1300.0091314315796,2100000
prediction_orientation_error_deg,0,2100000
prediction_position_error_mm,1300.0361919403076,2200000
prediction_orientation_error_deg,0,2200000
prediction_position_error_mm,1300.0564575195312,2300000
prediction_orientation_error_deg,0,2300000
prediction_position_error_mm,1300.0812530517578,2400000
prediction_orientation_error_deg,0,2400000
prediction_position_error_mm,1300.0812530517578,2500000
prediction_orientation_error_deg,0,2500000
prediction_position_error_mm,1300.1103401184082,2600000
prediction_orientation_error_deg,0,2600000
prediction_position_error_mm,1300.1817464828491,2700000
prediction_orientation_error_deg,0,2700000
prediction_position_error_mm,1300.2238273620605,2800000
prediction_orientation_error_deg,0,2800000
prediction_position_error_mm,1300.2238273620605,2900000
prediction_orientation_error_deg,0,2900000
prediction_position_error_mm,1300.3205060958862,3000000
prediction_orientation_error_deg,0,3000000
prediction_position_error_mm,1300.3751039505005,3100000
prediction_orientation_error_deg,0,3100000
prediction_position_error_mm,1300.3751039505005,3200000
prediction_orientation_error_deg,0,3200000
prediction_position_error_mm,1300.495982170105,3300000
prediction_orientation_error_deg,0,3300000
prediction_position_error_mm,1300.5622625350952,3400000
prediction_orientation_error_deg,0,3400000
owd_uplink_ms,167.1531,3500000
owd_downlink_ms,167.1531,3500000
correction_magnitude_mm,1299.9999523162842,1804020
correction_magnitude_deg,0,1804020
prediction_position_error_mm,84.61777120828629,3500000
prediction_orientation_error_deg,0,3500000
prediction_position_error_mm,89.54636752605438,3600000
prediction_orientation_error_deg,0,3600000
prediction_position_error_mm,94.46661174297333,3700000
prediction_orientation_error_deg,0,3700000
owd_uplink_ms,171.925,3800000
owd_downlink_ms,173.242,3800000
owd_uplink_ms,170.7593,3800000
owd_downlink_ms,168.7753,3800000
prediction_position_error_mm,89.3825814127922,3800000
prediction_orientation_error_deg,0,3800000
owd_uplink_ms,168.4771,3900000
owd_downlink_ms,164.3716,3900000
correction_magnitude_mm,9.995723143219948,2198054
correction_magnitude_deg,0,2198054
owd_uplink_ms,172.8062,3900000
owd_downlink_ms,167.838,3900000
prediction_position_error_mm,84.29296314716339,3900000
prediction_orientation_error_deg,0,3900000
prediction_position_error_mm,84.29296314716339,4000000
prediction_orientation_error_deg,0,4000000
owd_uplink_ms,164.2561,4100000
owd_downlink_ms,172.3805,4100000
owd_uplink_ms,166.2579,4100000
owd_downlink_ms,168.1531,4100000
prediction_position_error_mm,84.08451825380325,4100000
prediction_orientation_error_deg,0,4100000
prediction_position_error_mm,88.95745128393173,4200000
prediction_orientation_error_deg,0,4200000
owd_uplink_ms,171.0952,4300000
owd_downlink_ms,168.9479,4300000
prediction_position_error_mm,88.83094787597656,4300000
prediction_orientation_error_deg,0,4300000
owd_uplink_ms,167.6108,4400000
owd_downlink_ms,169.5755,4400000
correction_magnitude_mm,9.97062399983406,2704137
correction_magnitude_deg,0,2704137
prediction_position_error_mm,83.71460437774658,4400000
prediction_orientation_error_deg,0,4400000
owd_uplink_ms,170.6983,4500000
owd_downlink_ms,172.4096,4500000
owd_uplink_ms,169.2434,4500000
owd_downlink_ms,167.725,4500000
prediction_position_error_mm,83.57611298561096,4500000
prediction_orientation_error_deg,0,4500000
prediction_position_error_mm,83.57611298561096,4600000
prediction_orientation_error_deg,0,4600000
owd_uplink_ms,172.0536,4700000
owd_downlink_ms,166.2708,4700000
correction_magnitude_mm,9.944643825292587,2997149
correction_magnitude_deg,0,2997149
owd_uplink_ms,168.4529,4700000
owd_downlink_ms,169.5497,4700000
prediction_position_error_mm,78.46179604530334,4700000
prediction_orientation_error_deg,0,4700000
prediction_position_error_mm,88.07796984910965,4800000
prediction_orientation_error_deg,0,4800000
owd_uplink_ms,166.3759,4900000
owd_downlink_ms,170.8685,4900000
prediction_position_error_mm,87.90342509746552,4900000
prediction_orientation_error_deg,0,4900000
owd_uplink_ms,171.0178,5000000
owd_downlink_ms,164.4694,5000000
correction_magnitude_mm,9.910520166158676,3295951
correction_magnitude_deg,0,3295951
prediction_position_error_mm,77.99625396728516,5000000
prediction_orientation_error_deg,0,5000000
owd_uplink_ms,165.8556,5100000
owd_downlink_ms,171.5678,5100000
prediction_position_error_mm,82.7706828713417,5100000
prediction_orientation_error_deg,0,5100000
owd_uplink_ms,170.3021,5200000
owd_downlink_ms,171.7276,5200000
owd_uplink_ms,169.6822,5200000
owd_downlink_ms,164.8947,5200000
prediction_position_error_mm,82.3962613940239,5200000
prediction_orientation_error_deg,0,5200000
owd_uplink_ms,164.5201,5300000
owd_downlink_ms,165.6852,5300000
prediction_position_error_mm,82.19794183969498,5300000
prediction_orientation_error_deg,0,5300000
owd_uplink_ms,167.533,5400000
owd_downlink_ms,169.1112,5400000
prediction_position_error_mm,77.27744430303574,5400000
prediction_orientation_error_deg,0,5400000
owd_uplink_ms,169.8455,5500000
owd_downlink_ms,167.4402,5500000
prediction_position_error_mm,81.77929371595383,5500000
prediction_orientation_error_deg,0,5500000
owd_uplink_ms,169.3045,5600000
owd_downlink_ms,168.4806,5600000
prediction_position_error_mm,81.55903965234756,5600000
prediction_orientation_error_deg,0,5600000
prediction_position_error_mm,81.55903965234756,5700000
prediction_orientation_error_deg,0,5700000
owd_uplink_ms,170.0608,5800000
owd_downlink_ms,165.5414,5800000
correction_magnitude_mm,9.780054911971092,4092632
correction_magnitude_deg,0,4092632
owd_uplink_ms,164.3038,5800000
owd_downlink_ms,167.3151,5800000
prediction_position_error_mm,76.44812762737274,5800000
prediction_orientation_error_deg,0,5800000
prediction_position_error_mm,85.72755008935928,5900000
prediction_orientation_error_deg,0,5900000
owd_uplink_ms,167.534,6000000
owd_downlink_ms,171.3357,6000000
owd_uplink_ms,167.9783,6000000
owd_downlink_ms,165.9223,6000000
prediction_position_error_mm,80.60568571090698,6000000
prediction_orientation_error_deg,0,6000000
owd_uplink_ms,164.7546,6100000
owd_downlink_ms,169.2756,6100000
prediction_position_error_mm,80.34950494766235,6100000
prediction_orientation_error_deg,0,6100000
prediction_position_error_mm,80.34950494766235,6200000
prediction_orientation_error_deg,0,6200000
owd_uplink_ms,170.4823,6300000
owd_downlink_ms,171.2447,6300000
prediction_position_error_mm,84.64273810386658,6300000
prediction_orientation_error_deg,0,6300000
prediction_position_error_mm,84.64273810386658,6400000
prediction_orientation_error_deg,0,6400000
owd_uplink_ms,173.5622,6500000
owd_downlink_ms,171.0566,6500000
owd_uplink_ms,166.635,6500000
owd_downlink_ms,165.4003,6500000
correction_magnitude_mm,9.619619697332382,4800506
correction_magnitude_deg,0,4800506
owd_uplink_ms,170.3831,6500000
owd_downlink_ms,166.3753,6500000
prediction_position_error_mm,74.73716139793396,6500000
prediction_orientation_error_deg,0,6500000
prediction_position_error_mm,83.75107496976852,6600000
prediction_orientation_error_deg,0,6600000
owd_uplink_ms,165.5958,6700000
owd_downlink_ms,169.9449,6700000
prediction_position_error_mm,78.9632797241211,6700000
prediction_orientation_error_deg,0,6700000
owd_uplink_ms,172.3088,6800000
owd_downlink_ms,167.3848,6800000
prediction_position_error_mm,78.66530865430832,6800000
prediction_orientation_error_deg,0,6800000
prediction_position_error_mm,87.55335211753845,6900000
prediction_orientation_error_deg,0,6900000
owd_uplink_ms,166.6704,7000000
owd_downlink_ms,170.8189,7000000
correction_magnitude_mm,9.5090102404356,5199963
correction_magnitude_deg,0,5199963
owd_uplink_ms,172.0859,7000000
owd_downlink_ms,172.675,7000000
prediction_position_error_mm,82.46058225631714,7000000
prediction_orientation_error_deg,0,7000000
owd_uplink_ms,165.9894,7100000
owd_downlink_ms,171.0601,7100000
prediction_position_error_mm,77.73074507713318,7100000
prediction_orientation_error_deg,0,7100000
owd_uplink_ms,167.5435,7200000
owd_downlink_ms,164.9354,7200000
correction_magnitude_mm,9.417220018804073,5503777
correction_magnitude_deg,0,5503777
prediction_position_error_mm,77.07438617944717,7200000
prediction_orientation_error_deg,0,7200000
owd_uplink_ms,171.3778,7300000
owd_downlink_ms,169.9877,7300000
owd_uplink_ms,169.2502,7300000
owd_downlink_ms,167.223,7300000
prediction_position_error_mm,76.73632353544235,7300000
prediction_orientation_error_deg,0,7300000
prediction_position_error_mm,81.05699717998505,7400000
prediction_orientation_error_deg,0,7400000
prediction_position_error_mm,81.05699717998505,7500000
prediction_orientation_error_deg,0,7500000
owd_uplink_ms,173.3299,7600000
owd_downlink_ms,173.1142,7600000
prediction_position_error_mm,80.68884909152985,7600000
prediction_orientation_error_deg,0,7600000
owd_uplink_ms,166.292,7700000
owd_downlink_ms,169.7031,7700000
correction_magnitude_mm,9.283305145800114,5903500
correction_magnitude_deg,0,5903500
owd_uplink_ms,172.6296,7700000
owd_downlink_ms,171.0883,7700000
owd_uplink_ms,167.7448,7700000
owd_downlink_ms,164.6486,7700000
prediction_position_error_mm,71.0708498954773,7700000
prediction_orientation_error_deg,0,7700000
owd_uplink_ms,165.0408,7800000
owd_downlink_ms,169.2015,7800000
prediction_position_error_mm,70.72561234235764,7800000
prediction_orientation_error_deg,0,7800000
prediction_position_error_mm,79.14922386407852,7900000
prediction_orientation_error_deg,0,7900000
owd_uplink_ms,171.3231,8000000
owd_downlink_ms,164.7487,8000000
correction_magnitude_mm,9.136516600847244,6294685
correction_magnitude_deg,0,6294685
prediction_position_error_mm,74.19180870056152,8000000
prediction_orientation_error_deg,0,8000000
owd_uplink_ms,168.3109,8100000
owd_downlink_ms,171.6382,8100000
prediction_position_error_mm,74.19180870056152,8100000
prediction_orientation_error_deg,0,8100000
owd_uplink_ms,172.5931,8200000
owd_downlink_ms,167.0063,8200000
prediction_position_error_mm,77.9259204864502,8200000
prediction_orientation_error_deg,0,8200000
owd_uplink_ms,171.6679,8300000
owd_downlink_ms,166.5251,8300000
correction_magnitude_mm,9.018203243613243,6585434
correction_magnitude_deg,0,6585434
owd_uplink_ms,166.1424,8300000
owd_downlink_ms,167.4226,8300000
prediction_position_error_mm,73.00932705402374,8300000
prediction_orientation_error_deg,0,8300000
prediction_position_error_mm,73.00932705402374,8400000
prediction_orientation_error_deg,0,8400000
owd_uplink_ms,169.3445,8500000
owd_downlink_ms,168.0334,8500000
prediction_position_error_mm,72.60338217020035,8500000
prediction_orientation_error_deg,0,8500000
owd_uplink_ms,169.5186,8600000
owd_downlink_ms,169.5137,8600000
correction_magnitude_mm,8.893068879842758,6885391
correction_magnitude_deg,0,6885391
prediction_position_error_mm,71.77428156137466,8600000
prediction_orientation_error_deg,0,8600000
owd_uplink_ms,164.0083,8700000
owd_downlink_ms,173.0259,8700000
prediction_position_error_mm,71.77428156137466,8700000
prediction_orientation_error_deg,0,8700000
owd_uplink_ms,164.6968,8800000
owd_downlink_ms,170.8367,8800000
prediction_position_error_mm,75.3115639090538,8800000
prediction_orientation_error_deg,0,8800000
prediction_position_error_mm,75.3115639090538,8900000
prediction_orientation_error_deg,0,8900000
owd_uplink_ms,170.8331,9000000
owd_downlink_ms,171.4977,9000000
correction_magnitude_mm,8.761286735534668,7205167
correction_magnitude_deg,0,7205167
owd_uplink_ms,169.8241,9000000
owd_downlink_ms,171.9382,9000000
owd_uplink_ms,167.7997,9000000
owd_downlink_ms,168.1856,9000000
prediction_position_error_mm,66.14518165588379,9000000
prediction_orientation_error_deg,0,9000000
prediction_position_error_mm,73.92483204603195,9100000
prediction_orientation_error_deg,0,9100000
owd_uplink_ms,165.8292,9200000
owd_downlink_ms,170.241,9200000
prediction_position_error_mm,73.45139980316162,9200000
prediction_orientation_error_deg,0,9200000
owd_uplink_ms,171.8147,9300000
owd_downlink_ms,168.6088,9300000
prediction_position_error_mm,72.97254353761673,9300000
prediction_orientation_error_deg,0,9300000
prediction_position_error_mm,72.97254353761673,9400000
prediction_orientation_error_deg,0,9400000
owd_uplink_ms,171.9454,9500000
owd_downlink_ms,171.6362,9500000
owd_uplink_ms,172.6861,9500000
owd_downlink_ms,167.2975,9500000
prediction_position_error_mm,68.24030727148056,9500000
prediction_orientation_error_deg,0,9500000
owd_uplink_ms,165.7128,9600000
owd_downlink_ms,164.7975,9600000
correction_magnitude_mm,8.429024368524551,7901530
correction_magnitude_deg,0,7901530
owd_uplink_ms,172.3267,9600000
owd_downlink_ms,169.0024,9600000
prediction_position_error_mm,67.30586290359497,9600000
prediction_orientation_error_deg,0,9600000
prediction_position_error_mm,71.00451737642288,9700000
prediction_orientation_error_deg,0,9700000
owd_uplink_ms,166.4257,9800000
owd_downlink_ms,172.619,9800000
prediction_position_error_mm,66.8315663933754,9800000
prediction_orientation_error_deg,0,9800000
prediction_position_error_mm,70.49993425607681,9900000
prediction_orientation_error_deg,0,9900000
owd_uplink_ms,172.2756,10000000
owd_downlink_ms,171.1838,10000000
correction_magnitude_mm,8.276653476059437,8203751
correction_magnitude_deg,0,8203751
owd_uplink_ms,168.7817,10000000
owd_downlink_ms,171.1651,10000000
prediction_position_error_mm,69.47634369134903,10000000
prediction_orientation_error_deg,0,10000000
owd_uplink_ms,170.6195,10100000
owd_downlink_ms,170.2192,10100000
prediction_position_error_mm,68.95758211612701,10100000
prediction_orientation_error_deg,0,10100000
owd_uplink_ms,171.2352,10200000
owd_downlink_ms,166.3727,10200000
prediction_position_error_mm,68.43432784080505,10200000
prediction_orientation_error_deg,0,10200000
owd_uplink_ms,165.596,10300000
owd_downlink_ms,165.9432,10300000
correction_magnitude_mm,8.064694702625275,8600584
correction_magnitude_deg,0,8600584
prediction_position_error_mm,63.892461359500885,10300000
prediction_orientation_error_deg,0,10300000
owd_uplink_ms,170.7678,10400000
owd_downlink_ms,171.6523,10400000
prediction_position_error_mm,67.37492233514786,10400000
prediction_orientation_error_deg,0,10400000
owd_uplink_ms,165.3029,10500000
owd_downlink_ms,166.9753,10500000
correction_magnitude_mm,7.955188862979412,8803779
correction_magnitude_deg,0,8803779
owd_uplink_ms,170.192,10500000
owd_downlink_ms,167.3789,10500000
prediction_position_error_mm,62.8800094127655,10500000
prediction_orientation_error_deg,0,10500000
prediction_position_error_mm,62.8800094127655,10600000
prediction_orientation_error_deg,0,10600000
owd_uplink_ms,172.3726,10700000
owd_downlink_ms,168.7094,10700000
prediction_position_error_mm,65.75534492731094,10700000
prediction_orientation_error_deg,0,10700000
owd_uplink_ms,172.1329,10800000
owd_downlink_ms,166.6717,10800000
correction_magnitude_mm,7.786721456795931,9088858
correction_magnitude_deg,0,9088858
prediction_position_error_mm,61.333924531936646,10800000
prediction_orientation_error_deg,0,10800000
owd_uplink_ms,167.55,10900000
owd_downlink_ms,171.1667,10900000
prediction_position_error_mm,61.333924531936646,10900000
prediction_orientation_error_deg,0,10900000
owd_uplink_ms,164.5073,11000000
owd_downlink_ms,173.1193,11000000
prediction_position_error_mm,64.1024187207222,11000000
prediction_orientation_error_deg,0,11000000
owd_uplink_ms,165.6451,11100000
owd_downlink_ms,169.954,11100000
prediction_position_error_mm,60.286495834589005,11100000
prediction_orientation_error_deg,0,11100000
owd_uplink_ms,173.9457,11200000
owd_downlink_ms,166.0961,11200000
prediction_position_error_mm,62.98389285802841,11200000
prediction_orientation_error_deg,0,11200000
prediction_position_error_mm,66.17619842290878,11300000
prediction_orientation_error_deg,0,11300000
owd_uplink_ms,170.2847,11400000
owd_downlink_ms,171.0528,11400000
correction_magnitude_mm,7.4956524185836315,9600676
correction_magnitude_deg,0,9600676
owd_uplink_ms,169.4036,11400000
owd_downlink_ms,171.1191,11400000
owd_uplink_ms,166.7629,11400000
owd_downlink_ms,168.6094,11400000
prediction_position_error_mm,58.15669521689415,11400000
prediction_orientation_error_deg,0,11400000
prediction_position_error_mm,61.284348368644714,11500000
prediction_orientation_error_deg,0,11500000
owd_uplink_ms,170.5086,11600000
owd_downlink_ms,167.6058,11600000
prediction_position_error_mm,60.712698847055435,11600000
prediction_orientation_error_deg,0,11600000
owd_uplink_ms,165.2543,11700000
owd_downlink_ms,165.2639,11700000
correction_magnitude_mm,7.254521362483501,10001510
correction_magnitude_deg,0,10001510
owd_uplink_ms,173.6502,11700000
owd_downlink_ms,169.8869,11700000
prediction_position_error_mm,53.470782935619354,11700000
prediction_orientation_error_deg,0,11700000
prediction_position_error_mm,59.56275388598442,11800000
prediction_orientation_error_deg,0,11800000
owd_uplink_ms,166.6854,11900000
owd_downlink_ms,173.0607,11900000
prediction_position_error_mm,58.98485705256462,11900000
prediction_orientation_error_deg,0,11900000
owd_uplink_ms,170.0423,12000000
owd_downlink_ms,172.2448,12000000
prediction_position_error_mm,55.44189363718033,12000000
prediction_orientation_error_deg,0,12000000
owd_uplink_ms,167.7952,12100000
owd_downlink_ms,172.0336,12100000
owd_uplink_ms,167.5582,12100000
owd_downlink_ms,167.7586,12100000
prediction_position_error_mm,54.3440505862236,12100000
prediction_orientation_error_deg,0,12100000
owd_uplink_ms,170.3872,12200000
owd_downlink_ms,168.5974,12200000
prediction_position_error_mm,53.79336327314377,12200000
prediction_orientation_error_deg,0,12200000
prediction_position_error_mm,56.65820091962814,12300000
prediction_orientation_error_deg,0,12300000
owd_uplink_ms,168.1028,12400000
owd_downlink_ms,167.8948,12400000
correction_magnitude_mm,6.817870307713747,10710578
correction_magnitude_deg,0,10710578
prediction_position_error_mm,49.85625669360161,12400000
prediction_orientation_error_deg,0,12400000
owd_uplink_ms,171.2599,12500000
owd_downlink_ms,171.8422,12500000
prediction_position_error_mm,55.48880994319916,12500000
prediction_orientation_error_deg,0,12500000
owd_uplink_ms,168.318,12600000
owd_downlink_ms,172.1307,12600000
prediction_position_error_mm,52.13659629225731,12600000
prediction_orientation_error_deg,0,12600000
owd_uplink_ms,168.58,12700000
owd_downlink_ms,164.5104,12700000
correction_magnitude_mm,6.626289337873459,11010983
correction_magnitude_deg,0,11010983
prediction_position_error_mm,48.29486459493637,12700000
prediction_orientation_error_deg,0,12700000
owd_uplink_ms,174.0347,12800000
owd_downlink_ms,171.6218,12800000
prediction_position_error_mm,53.732454776763916,12800000
prediction_orientation_error_deg,0,12800000
owd_uplink_ms,173.97,12900000
owd_downlink_ms,168.4868,12900000
correction_magnitude_mm,6.497474852949381,11201112
correction_magnitude_deg,0,11201112
owd_uplink_ms,169.288,12900000
owd_downlink_ms,169.0152,12900000
prediction_position_error_mm,47.253988683223724,12900000
prediction_orientation_error_deg,0,12900000
prediction_position_error_mm,52.56285518407822,13000000
prediction_orientation_error_deg,0,13000000
owd_uplink_ms,168.9393,13100000
owd_downlink_ms,172.9391,13100000
owd_uplink_ms,168.9177,13100000
owd_downlink_ms,165.1391,13100000
prediction_position_error_mm,48.82266744971275,13100000
prediction_orientation_error_deg,0,13100000
prediction_position_error_mm,51.39690265059471,13200000
prediction_orientation_error_deg,0,13200000
owd_uplink_ms,168.3307,13300000
owd_downlink_ms,171.1993,13300000
owd_uplink_ms,166.2458,13300000
owd_downlink_ms,165.7899,13300000
prediction_position_error_mm,47.725263983011246,13300000
prediction_orientation_error_deg,0,13300000
prediction_position_error_mm,47.725263983011246,13400000
prediction_orientation_error_deg,0,13400000
owd_uplink_ms,172.2359,13500000
owd_downlink_ms,164.8294,13500000
correction_magnitude_mm,6.107714958488941,11794802
correction_magnitude_deg,0,11794802
prediction_position_error_mm,46.635329723358154,13500000
prediction_orientation_error_deg,0,13500000
owd_uplink_ms,166.7497,13600000
owd_downlink_ms,170.4295,13600000
owd_uplink_ms,165.5795,13600000
owd_downlink_ms,168.6393,13600000
prediction_position_error_mm,46.09391838312149,13600000
prediction_orientation_error_deg,0,13600000
prediction_position_error_mm,48.51372539997101,13700000
prediction_orientation_error_deg,0,13700000
owd_uplink_ms,170.2703,13800000
owd_downlink_ms,167.3088,13800000
correction_magnitude_mm,5.912257824093103,12099526
correction_magnitude_deg,0,12099526
prediction_position_error_mm,45.01979798078537,13800000
prediction_orientation_error_deg,0,13800000
owd_uplink_ms,168.2964,13900000
owd_downlink_ms,170.5936,13900000
prediction_position_error_mm,47.38010838627815,13900000
prediction_orientation_error_deg,0,13900000
owd_uplink_ms,165.7618,14000000
owd_downlink_ms,171.165,14000000
owd_uplink_ms,167.2239,14000000
owd_downlink_ms,167.2367,14000000
prediction_position_error_mm,41.62658751010895,14000000
prediction_orientation_error_deg,0,14000000
prediction_position_error_mm,43.959587812423706,14100000
prediction_orientation_error_deg,0,14100000
prediction_position_error_mm,48.53373393416405,14200000
prediction_orientation_error_deg,0,14200000
owd_uplink_ms,171.8744,14300000
owd_downlink_ms,170.6105,14300000
correction_magnitude_mm,5.652756430208683,12507585
correction_magnitude_deg,0,12507585
owd_uplink_ms,167.6549,14300000
owd_downlink_ms,171.4726,14300000
prediction_position_error_mm,45.162614434957504,14300000
prediction_orientation_error_deg,0,14300000
owd_uplink_ms,171.1416,14400000
owd_downlink_ms,163.8763,14400000
prediction_position_error_mm,42.40213334560394,14400000
prediction_orientation_error_deg,0,14400000
owd_uplink_ms,173.6204,14500000
owd_downlink_ms,169.7818,14500000
correction_magnitude_mm,5.460182670503855,12798477
correction_magnitude_deg,0,12798477
prediction_position_error_mm,41.39026626944542,14500000
prediction_orientation_error_deg,0,14500000
owd_uplink_ms,169.7981,14600000
owd_downlink_ms,171.6581,14600000
prediction_position_error_mm,43.55620592832565,14600000
prediction_orientation_error_deg,0,14600000
owd_uplink_ms,168.449,14700000
owd_downlink_ms,167.6356,14700000
correction_magnitude_mm,5.333221983164549,12999786
correction_magnitude_deg,0,12999786
prediction_position_error_mm,38.26092928647995,14700000
prediction_orientation_error_deg,0,14700000
owd_uplink_ms,171.3338,14800000
owd_downlink_ms,170.9706,14800000
prediction_position_error_mm,42.519133538007736,14800000
prediction_orientation_error_deg,0,14800000
owd_uplink_ms,165.7185,14900000
owd_downlink_ms,171.3146,14900000
owd_uplink_ms,168.7588,14900000
owd_downlink_ms,165.1436,14900000
prediction_position_error_mm,39.446230977773666,14900000
prediction_orientation_error_deg,0,14900000
owd_uplink_ms,168.1155,15000000
owd_downlink_ms,166.1527,15000000
prediction_position_error_mm,38.97956758737564,15000000
prediction_orientation_error_deg,0,15000000
prediction_position_error_mm,41.02437570691109,15100000
prediction_orientation_error_deg,0,15100000
owd_uplink_ms,170.2806,15200000
owd_downlink_ms,165.9548,15200000
correction_magnitude_mm,5.023538134992123,13493946
correction_magnitude_deg,0,13493946
owd_uplink_ms,167.1024,15200000
owd_downlink_ms,168.6195,15200000
prediction_position_error_mm,38.072843104600906,15200000
prediction_orientation_error_deg,0,15200000
prediction_position_error_mm,40.074534714221954,15300000
prediction_orientation_error_deg,0,15300000
owd_uplink_ms,168.0448,15400000
owd_downlink_ms,170.8264,15400000
owd_uplink_ms,167.8137,15400000
owd_downlink_ms,167.6646,15400000
prediction_position_error_mm,35.22086888551712,15400000
prediction_orientation_error_deg,0,15400000
owd_uplink_ms,165.3234,15500000
owd_downlink_ms,166.9272,15500000
prediction_position_error_mm,36.787837743759155,15500000
prediction_orientation_error_deg,0,15500000
owd_uplink_ms,166.0147,15600000
owd_downlink_ms,166.6314,15600000
prediction_position_error_mm,34.43463146686554,15600000
prediction_orientation_error_deg,0,15600000
prediction_position_error_mm,38.307614624500275,15700000
prediction_orientation_error_deg,0,15700000
prediction_position_error_mm,38.307614624500275,15800000
prediction_orientation_error_deg,0,15800000
owd_uplink_ms,172.3358,15900000
owd_downlink_ms,171.5574,15900000
owd_uplink_ms,166.6397,15900000
owd_downlink_ms,168.4374,15900000
prediction_position_error_mm,35.238008946180344,15900000
prediction_orientation_error_deg,0,15900000
owd_uplink_ms,174.0598,16000000
owd_downlink_ms,172.3702,16000000
owd_uplink_ms,166.8954,16000000
owd_downlink_ms,169.1677,16000000
prediction_position_error_mm,34.883543848991394,16000000
prediction_orientation_error_deg,0,16000000
prediction_position_error_mm,34.883543848991394,16100000
prediction_orientation_error_deg,0,16100000
owd_uplink_ms,165.1248,16200000
owd_downlink_ms,168.6221,16200000
prediction_position_error_mm,34.21876206994057,16200000
prediction_orientation_error_deg,0,16200000
owd_uplink_ms,174.106,16300000
owd_downlink_ms,173.123,16300000
owd_uplink_ms,165.2693,16300000
owd_downlink_ms,166.5148,16300000
prediction_position_error_mm,33.90940651297569,16300000
prediction_orientation_error_deg,0,16300000
prediction_position_error_mm,33.90940651297569,16400000
prediction_orientation_error_deg,0,16400000
owd_uplink_ms,171.6949,16500000
owd_downlink_ms,166.6801,16500000
prediction_position_error_mm,33.339958637952805,16500000
prediction_orientation_error_deg,0,16500000
owd_uplink_ms,169.2617,16600000
owd_downlink_ms,172.6346,16600000
prediction_position_error_mm,33.339958637952805,16600000
prediction_orientation_error_deg,0,16600000
owd_uplink_ms,165.969,16700000
owd_downlink_ms,171.4228,16700000
owd_uplink_ms,169.3393,16700000
owd_downlink_ms,164.5379,16700000
prediction_position_error_mm,32.83970057964325,16700000
prediction_orientation_error_deg,0,16700000
prediction_position_error_mm,34.64800491929054,16800000
prediction_orientation_error_deg,0,16800000
owd_uplink_ms,166.7837,16900000
owd_downlink_ms,171.1555,16900000
owd_uplink_ms,167.5673,16900000
owd_downlink_ms,164.3311,16900000
prediction_position_error_mm,30.602384358644485,16900000
prediction_orientation_error_deg,0,16900000
owd_uplink_ms,168.7953,17000000
owd_downlink_ms,165.7009,17000000
prediction_position_error_mm,32.228246331214905,17000000
prediction_orientation_error_deg,0,17000000
prediction_position_error_mm,34.031420946121216,17100000
prediction_orientation_error_deg,0,17100000
owd_uplink_ms,171.0569,17200000
owd_downlink_ms,166.7793,17200000
owd_uplink_ms,165.6045,17200000
owd_downlink_ms,169.0532,17200000
prediction_position_error_mm,31.918834894895554,17200000
prediction_orientation_error_deg,0,17200000
prediction_position_error_mm,33.7253138422966,17300000
prediction_orientation_error_deg,0,17300000
prediction_position_error_mm,35.52950918674469,17400000
prediction_orientation_error_deg,0,17400000
owd_uplink_ms,168.1565,17500000
owd_downlink_ms,170.9398,17500000
owd_uplink_ms,174.2972,17500000
owd_downlink_ms,172.0495,17500000
prediction_position_error_mm,33.50677713751793,17500000
prediction_orientation_error_deg,0,17500000
owd_uplink_ms,171.9922,17600000
owd_downlink_ms,168.2154,17600000
prediction_position_error_mm,31.548362225294113,17600000
prediction_orientation_error_deg,0,17600000
owd_uplink_ms,168.1632,17700000
owd_downlink_ms,170.1357,17700000
owd_uplink_ms,166.5847,17700000
owd_downlink_ms,169.1179,17700000
prediction_position_error_mm,31.509120017290115,17700000
prediction_orientation_error_deg,0,17700000
prediction_position_error_mm,33.347878605127335,17800000
prediction_orientation_error_deg,0,17800000
owd_uplink_ms,166.4869,17900000
owd_downlink_ms,167.0469,17900000
prediction_position_error_mm,29.64029647409916,17900000
prediction_orientation_error_deg,0,17900000
owd_uplink_ms,173.5688,18000000
owd_downlink_ms,173.252,18000000
owd_uplink_ms,166.7543,18000000
owd_downlink_ms,164.0535,18000000
prediction_position_error_mm,29.654279351234436,18000000
prediction_orientation_error_deg,0,18000000
prediction_position_error_mm,33.39512273669243,18100000
prediction_orientation_error_deg,0,18100000
owd_uplink_ms,165.4435,18200000
owd_downlink_ms,165.9392,18200000
owd_uplink_ms,171.9256,18200000
owd_downlink_ms,168.1222,18200000
prediction_position_error_mm,31.637609004974365,18200000
prediction_orientation_error_deg,0,18200000
prediction_position_error_mm,33.54129195213318,18300000
prediction_orientation_error_deg,0,18300000
owd_uplink_ms,169.8347,18400000
owd_downlink_ms,167.9052,18400000
prediction_position_error_mm,31.839702278375626,18400000
prediction_orientation_error_deg,0,18400000
owd_uplink_ms,169.1353,18500000
owd_downlink_ms,170.8551,18500000
owd_uplink_ms,169.0466,18500000
owd_downlink_ms,169.2885,18500000
prediction_position_error_mm,30.02888709306717,18500000
prediction_orientation_error_deg,0,18500000
prediction_position_error_mm,33.929284662008286,18600000
prediction_orientation_error_deg,0,18600000
prediction_position_error_mm,35.90003773570061,18700000
prediction_orientation_error_deg,0,18700000
owd_uplink_ms,165.8804,18800000
owd_downlink_ms,170.2764,18800000
owd_uplink_ms,172.4662,18800000
owd_downlink_ms,173.2522,18800000
owd_uplink_ms,169.9954,18800000
owd_downlink_ms,167.6615,18800000
prediction_position_error_mm,32.49333053827286,18800000
prediction_orientation_error_deg,0,18800000
prediction_position_error_mm,34.51259806752205,18900000
prediction_orientation_error_deg,0,18900000
owd_uplink_ms,165.6397,19000000
owd_downlink_ms,171.7437,19000000
owd_uplink_ms,167.387,19000000
owd_downlink_ms,166.4755,19000000
prediction_position_error_mm,32.93921798467636,19000000
prediction_orientation_error_deg,0,19000000
prediction_position_error_mm,35.0048765540123,19100000
prediction_orientation_error_deg,0,19100000
owd_uplink_ms,165.9413,19200000
owd_downlink_ms,169.7062,19200000
owd_uplink_ms,166.175,19200000
owd_downlink_ms,167.9524,19200000
prediction_position_error_mm,31.365003436803818,19200000
prediction_orientation_error_deg,0,19200000
owd_uplink_ms,169.8615,19300000
owd_downlink_ms,165.1103,19300000
prediction_position_error_mm,33.747002482414246,19300000
prediction_orientation_error_deg,0,19300000
prediction_position_error_mm,33.747002482414246,19400000
prediction_orientation_error_deg,0,19400000
owd_uplink_ms,167.9396,19500000
owd_downlink_ms,169.4628,19500000
owd_uplink_ms,169.6751,19500000
owd_downlink_ms,165.2639,19500000
prediction_position_error_mm,34.37185287475586,19500000
prediction_orientation_error_deg,0,19500000
prediction_position_error_mm,36.56703233718872,19600000
prediction_orientation_error_deg,0,19600000
prediction_position_error_mm,36.56703233718872,19700000
prediction_orientation_error_deg,0,19700000
owd_uplink_ms,172.3452,19800000
owd_downlink_ms,170.0036,19800000
owd_uplink_ms,170.7402,19800000
owd_downlink_ms,168.3302,19800000
prediction_position_error_mm,33.171672374010086,19800000
prediction_orientation_error_deg,0,19800000
owd_uplink_ms,164.8025,19900000
owd_downlink_ms,169.6897,19900000
prediction_position_error_mm,35.427652299404144,19900000
prediction_orientation_error_deg,0,19900000
owd_uplink_ms,169.0686,20000000
owd_downlink_ms,171.0234,20000000
owd_uplink_ms,168.764,20000000
owd_downlink_ms,168.0568,20000000
prediction_position_error_mm,36.20363771915436,20000000
prediction_orientation_error_deg,0,20000000
owd_uplink_ms,170.1477,20100000
owd_downlink_ms,168.5613,20100000
prediction_position_error_mm,34.267157316207886,20100000
prediction_orientation_error_deg,0,20100000
prediction_position_error_mm,36.61161661148071,20200000
prediction_orientation_error_deg,0,20200000
owd_uplink_ms,172.8249,20300000
owd_downlink_ms,169.0786,20300000
prediction_position_error_mm,37.46447339653969,20300000
prediction_orientation_error_deg,0,20300000
owd_uplink_ms,170.0984,20400000
owd_downlink_ms,170.7856,20400000
owd_uplink_ms,165.1449,20400000
owd_downlink_ms,169.1419,20400000
prediction_position_error_mm,37.908319383859634,20400000
prediction_orientation_error_deg,0,20400000
owd_uplink_ms,167.226,20500000
owd_downlink_ms,165.7474,20500000
prediction_position_error_mm,38.36298733949661,20500000
prediction_orientation_error_deg,0,20500000
owd_uplink_ms,165.3537,20600000
owd_downlink_ms,165.9033,20600000
prediction_position_error_mm,36.32697090506554,20600000
prediction_orientation_error_deg,0,20600000
owd_uplink_ms,166.0387,20700000
owd_downlink_ms,164.8923,20700000
prediction_position_error_mm,39.302486926317215,20700000
prediction_orientation_error_deg,0,20700000
owd_uplink_ms,168.2322,20800000
owd_downlink_ms,167.8455,20800000
prediction_position_error_mm,37.22033277153969,20800000
prediction_orientation_error_deg,0,20800000
prediction_position_error_mm,39.78627547621727,20900000
prediction_orientation_error_deg,0,20900000
owd_uplink_ms,172.692,21000000
owd_downlink_ms,165.5416,21000000
owd_uplink_ms,169.4902,21000000
owd_downlink_ms,169.7689,21000000
prediction_position_error_mm,38.14762458205223,21000000
prediction_orientation_error_deg,0,21000000
prediction_position_error_mm,40.77969864010811,21100000
prediction_orientation_error_deg,0,21100000
owd_uplink_ms,165.2593,21200000
owd_downlink_ms,165.9228,21200000
prediction_position_error_mm,39.10483792424202,21200000
prediction_orientation_error_deg,0,21200000
owd_uplink_ms,170.0785,21300000
owd_downlink_ms,171.1605,21300000
owd_uplink_ms,168.4938,21300000
owd_downlink_ms,169.1803,21300000
prediction_position_error_mm,42.326632887125015,21300000
prediction_orientation_error_deg,0,21300000
prediction_position_error_mm,45.091189444065094,21400000
prediction_orientation_error_deg,0,21400000
prediction_position_error_mm,45.091189444065094,21500000
prediction_orientation_error_deg,0,21500000
owd_uplink_ms,172.92,21600000
owd_downlink_ms,173.6568,21600000
owd_uplink_ms,172.1414,21600000
owd_downlink_ms,169.7414,21600000
prediction_position_error_mm,43.390437960624695,21600000
prediction_orientation_error_deg,0,21600000
owd_uplink_ms,168.45,21700000
owd_downlink_ms,165.896,21700000
prediction_position_error_mm,44.47639733552933,21700000
prediction_orientation_error_deg,0,21700000
owd_uplink_ms,171.7907,21800000
owd_downlink_ms,172.1204,21800000
prediction_position_error_mm,44.47639733552933,21800000
prediction_orientation_error_deg,0,21800000
owd_uplink_ms,172.0184,21900000
owd_downlink_ms,167.3723,21900000
prediction_position_error_mm,47.96335846185684,21900000
prediction_orientation_error_deg,0,21900000
owd_uplink_ms,166.843,22000000
owd_downlink_ms,166.8783,22000000
prediction_position_error_mm,43.16655173897743,22000000
prediction_orientation_error_deg,0,22000000
owd_uplink_ms,170.2639,22100000
owd_downlink_ms,174.5593,22100000
prediction_position_error_mm,46.139735728502274,22100000
prediction_orientation_error_deg,0,22100000
owd_uplink_ms,164.3888,22200000
owd_downlink_ms,170.2484,22200000
owd_uplink_ms,167.9583,22200000
owd_downlink_ms,164.9453,22200000
prediction_position_error_mm,47.26731404662132,22200000
prediction_orientation_error_deg,0,22200000
prediction_position_error_mm,50.34304037690163,22300000
prediction_orientation_error_deg,0,22300000
owd_uplink_ms,170.4291,22400000
owd_downlink_ms,167.5419,22400000
correction_magnitude_mm,5.0772386603057384,20692714
correction_magnitude_deg,0,20692714
owd_uplink_ms,167.0316,22400000
owd_downlink_ms,168.9091,22400000
prediction_position_error_mm,45.29491811990738,22400000
prediction_orientation_error_deg,0,22400000
prediction_position_error_mm,48.40683192014694,22500000
prediction_orientation_error_deg,0,22500000
owd_uplink_ms,171.908,22600000
owd_downlink_ms,167.0262,22600000
prediction_position_error_mm,48.98019880056381,22600000
prediction_orientation_error_deg,0,22600000
owd_uplink_ms,170.5827,22700000
owd_downlink_ms,165.9485,22700000
prediction_position_error_mm,52.770134061574936,22700000
prediction_orientation_error_deg,0,22700000
owd_uplink_ms,170.9602,22800000
owd_downlink_ms,170.1157,22800000
prediction_position_error_mm,50.1326359808445,22800000
prediction_orientation_error_deg,0,22800000
owd_uplink_ms,168.6922,22900000
owd_downlink_ms,168.5007,22900000
prediction_position_error_mm,53.99511754512787,22900000
prediction_orientation_error_deg,0,22900000
owd_uplink_ms,166.5308,23000000
owd_downlink_ms,166.6621,23000000
correction_magnitude_mm,5.465917754918337,21282038
correction_magnitude_deg,0,21282038
owd_uplink_ms,168.3439,23000000
owd_downlink_ms,167.4656,23000000
prediction_position_error_mm,48.55208843946457,23000000
prediction_orientation_error_deg,0,23000000
owd_uplink_ms,167.8651,23100000
owd_downlink_ms,170.0219,23100000
prediction_position_error_mm,49.09906908869743,23100000
prediction_orientation_error_deg,0,23100000
prediction_position_error_mm,52.45301127433777,23200000
prediction_orientation_error_deg,0,23200000
prediction_position_error_mm,55.8401457965374,23300000
prediction_orientation_error_deg,0,23300000
owd_uplink_ms,170.3317,23400000
owd_downlink_ms,173.232,23400000
owd_uplink_ms,166.7696,23400000
owd_downlink_ms,165.7837,23400000
correction_magnitude_mm,5.733623169362545,21686032
correction_magnitude_deg,0,21686032
prediction_position_error_mm,50.7420115172863,23400000
prediction_orientation_error_deg,0,23400000
owd_uplink_ms,169.3641,23500000
owd_downlink_ms,174.4282,23500000
prediction_position_error_mm,54.198458790779114,23500000
prediction_orientation_error_deg,0,23500000
owd_uplink_ms,170.9743,23600000
owd_downlink_ms,168.9833,23600000
correction_magnitude_mm,5.8691599406301975,21889875
correction_magnitude_deg,0,21889875
prediction_position_error_mm,55.36125972867012,23600000
prediction_orientation_error_deg,0,23600000
owd_uplink_ms,165.0808,23700000
owd_downlink_ms,172.3187,23700000
prediction_position_error_mm,55.36125972867012,23700000
prediction_orientation_error_deg,0,23700000
prediction_position_error_mm,58.91837924718857,23800000
prediction_orientation_error_deg,0,23800000
owd_uplink_ms,172.8038,23900000
owd_downlink_ms,173.7144,23900000
owd_uplink_ms,170.516,23900000
owd_downlink_ms,168.6447,23900000
correction_magnitude_mm,6.073834374547005,22197723
correction_magnitude_deg,0,22197723
prediction_position_error_mm,53.47471684217453,23900000
prediction_orientation_error_deg,0,23900000
owd_uplink_ms,168.9448,24000000
owd_downlink_ms,172.5193,24000000
prediction_position_error_mm,57.099662721157074,24000000
prediction_orientation_error_deg,0,24000000
owd_uplink_ms,167.0421,24100000
owd_downlink_ms,170.7654,24100000
prediction_position_error_mm,57.6767735183239,24100000
prediction_orientation_error_deg,0,24100000
prediction_position_error_mm,61.367228627204895,24200000
prediction_orientation_error_deg,0,24200000
owd_uplink_ms,173.4985,24300000
owd_downlink_ms,171.1714,24300000
prediction_position_error_mm,65.73111563920975,24300000
prediction_orientation_error_deg,0,24300000
owd_uplink_ms,172.6609,24400000
owd_downlink_ms,169.9983,24400000
owd_uplink_ms,171.1986,24400000
owd_downlink_ms,168.5675,24400000
correction_magnitude_mm,6.41649030148983,22697318
correction_magnitude_deg,0,22697318
owd_uplink_ms,166.1201,24400000
owd_downlink_ms,168.8909,24400000
prediction_position_error_mm,59.96870622038841,24400000
prediction_orientation_error_deg,0,24400000
prediction_position_error_mm,59.96870622038841,24500000
prediction_orientation_error_deg,0,24500000
owd_uplink_ms,171.3603,24600000
owd_downlink_ms,166.462,24600000
correction_magnitude_mm,6.5534221939742565,22894659
correction_magnitude_deg,0,22894659
owd_uplink_ms,169.2405,24600000
owd_downlink_ms,167.7565,24600000
prediction_position_error_mm,57.248637080192566,24600000
prediction_orientation_error_deg,0,24600000
prediction_position_error_mm,61.10227853059769,24700000
prediction_orientation_error_deg,0,24700000
owd_uplink_ms,171.0711,24800000
owd_downlink_ms,167.2965,24800000
prediction_position_error_mm,61.665426939725876,24800000
prediction_orientation_error_deg,0,24800000
owd_uplink_ms,170.9268,24900000
owd_downlink_ms,167.0835,24900000
prediction_position_error_mm,62.225937843322754,24900000
prediction_orientation_error_deg,0,24900000
owd_uplink_ms,170.4476,25000000
owd_downlink_ms,170.3004,25000000
prediction_position_error_mm,62.783628702163696,25000000
prediction_orientation_error_deg,0,25000000
prediction_position_error_mm,70.77212631702423,25100000
prediction_orientation_error_deg,0,25100000
owd_uplink_ms,170.9325,25200000
owd_downlink_ms,174.0832,25200000
owd_uplink_ms,170.5484,25200000
owd_downlink_ms,171.1856,25200000
prediction_position_error_mm,67.93075799942017,25200000
prediction_orientation_error_deg,0,25200000
owd_uplink_ms,167.4342,25300000
owd_downlink_ms,168.788,25300000
correction_magnitude_mm,7.028493564575911,23589529
correction_magnitude_deg,0,23589529
owd_uplink_ms,170.6756,25300000
owd_downlink_ms,170.5142,25300000
prediction_position_error_mm,64.98357653617859,25300000
prediction_orientation_error_deg,0,25300000
prediction_position_error_mm,69.08474862575531,25400000
prediction_orientation_error_deg,0,25400000
owd_uplink_ms,171.5598,25500000
owd_downlink_ms,168.4213,25500000
prediction_position_error_mm,65.5251294374466,25500000
prediction_orientation_error_deg,0,25500000
prediction_position_error_mm,73.81638884544373,25600000
prediction_orientation_error_deg,0,25600000
owd_uplink_ms,168.8801,25700000
owd_downlink_ms,171.275,25700000
prediction_position_error_mm,74.4132548570633,25700000
prediction_orientation_error_deg,0,25700000
owd_uplink_ms,170.2417,25800000
owd_downlink_ms,172.6968,25800000
owd_uplink_ms,170.9636,25800000
owd_downlink_ms,167.2108,25800000
prediction_position_error_mm,67.12768971920013,25800000
prediction_orientation_error_deg,0,25800000
prediction_position_error_mm,75.59388130903244,25900000
prediction_orientation_error_deg,0,25900000
owd_uplink_ms,171.6619,26000000
owd_downlink_ms,171.745,26000000
owd_uplink_ms,164.6261,26000000
owd_downlink_ms,169.2493,26000000
correction_magnitude_mm,7.491547614336014,24292662
correction_magnitude_deg,0,24292662
prediction_position_error_mm,64.41789120435715,26000000
prediction_orientation_error_deg,0,26000000
owd_uplink_ms,170.0549,26100000
owd_downlink_ms,173.5124,26100000
prediction_position_error_mm,72.99855351448059,26100000
prediction_orientation_error_deg,0,26100000
owd_uplink_ms,165.5494,26200000
owd_downlink_ms,172.8914,26200000
prediction_position_error_mm,73.5400915145874,26200000
prediction_orientation_error_deg,0,26200000
owd_uplink_ms,172.2387,26300000
owd_downlink_ms,166.4638,26300000
prediction_position_error_mm,69.7173923254013,26300000
prediction_orientation_error_deg,0,26300000
owd_uplink_ms,170.6138,26400000
owd_downlink_ms,166.97,26400000
prediction_position_error_mm,70.22213935852051,26400000
prediction_orientation_error_deg,0,26400000
prediction_position_error_mm,74.60872828960419,26500000
prediction_orientation_error_deg,0,26500000
owd_uplink_ms,171.3371,26600000
owd_downlink_ms,171.2593,26600000
owd_uplink_ms,172.2209,26600000
owd_downlink_ms,168.9675,26600000
prediction_position_error_mm,75.6574347615242,26600000
prediction_orientation_error_deg,0,26600000
owd_uplink_ms,171.265,26700000
owd_downlink_ms,168.6258,26700000
prediction_position_error_mm,71.70799374580383,26700000
prediction_orientation_error_deg,0,26700000
prediction_position_error_mm,80.66567033529282,26800000
prediction_orientation_error_deg,0,26800000
owd_uplink_ms,164.9827,26900000
owd_downlink_ms,171.9331,26900000
correction_magnitude_mm,7.99823272973299,25095617
correction_magnitude_deg,0,25095617
owd_uplink_ms,173.1852,26900000
owd_downlink_ms,172.8877,26900000
owd_uplink_ms,164.2283,26900000
owd_downlink_ms,164.5106,26900000
prediction_position_error_mm,73.14933091402054,26900000
prediction_orientation_error_deg,0,26900000
prediction_position_error_mm,77.69181579351425,27000000
prediction_orientation_error_deg,0,27000000
owd_uplink_ms,167.338,27100000
owd_downlink_ms,172.2315,27100000
owd_uplink_ms,166.4003,27100000
owd_downlink_ms,166.4672,27100000
prediction_position_error_mm,69.51671093702316,27100000
prediction_orientation_error_deg,0,27100000
prediction_position_error_mm,78.67592573165894,27200000
prediction_orientation_error_deg,0,27200000
owd_uplink_ms,165.7262,27300000
owd_downlink_ms,165.3144,27300000
correction_magnitude_mm,8.299505338072777,25601283
correction_magnitude_deg,0,25601283
prediction_position_error_mm,74.99751448631287,27300000
prediction_orientation_error_deg,0,27300000
owd_uplink_ms,173.0076,27400000
owd_downlink_ms,170.3901,27400000
prediction_position_error_mm,79.63686436414719,27400000
prediction_orientation_error_deg,0,27400000
owd_uplink_ms,168.8095,27500000
owd_downlink_ms,172.8535,27500000
prediction_position_error_mm,80.10844141244888,27500000
prediction_orientation_error_deg,0,27500000
owd_uplink_ms,166.2111,27600000
owd_downlink_ms,164.5072,27600000
correction_magnitude_mm,8.473680354654789,25900937
correction_magnitude_deg,0,25900937
prediction_position_error_mm,76.32531970739365,27600000
prediction_orientation_error_deg,0,27600000
owd_uplink_ms,172.2955,27700000
owd_downlink_ms,173.0003,27700000
prediction_position_error_mm,81.03346824645996,27700000
prediction_orientation_error_deg,0,27700000
owd_uplink_ms,169.3561,27800000
owd_downlink_ms,167.0467,27800000
correction_magnitude_mm,8.586865849792957,26098932
correction_magnitude_deg,0,26098932
owd_uplink_ms,170.3377,27800000
owd_downlink_ms,168.4611,27800000
prediction_position_error_mm,77.18157023191452,27800000
prediction_orientation_error_deg,0,27800000
owd_uplink_ms,167.3414,27900000
owd_downlink_ms,167.138,27900000
prediction_position_error_mm,77.60072499513626,27900000
prediction_orientation_error_deg,0,27900000
prediction_position_error_mm,82.37424492835999,28000000
prediction_orientation_error_deg,0,28000000
owd_uplink_ms,170.8891,28100000
owd_downlink_ms,168.3651,28100000
prediction_position_error_mm,82.80837535858154,28100000
prediction_orientation_error_deg,0,28100000
prediction_position_error_mm,87.6232385635376,28200000
prediction_orientation_error_deg,0,28200000
owd_uplink_ms,169.9683,28300000
owd_downlink_ms,173.3991,28300000
owd_uplink_ms,166.0485,28300000
owd_downlink_ms,164.5637,28300000
correction_magnitude_mm,8.859026245772839,26595612
correction_magnitude_deg,0,26595612
prediction_position_error_mm,74.38080757856369,28300000
prediction_orientation_error_deg,0,28300000
owd_uplink_ms,170.3606,28400000
owd_downlink_ms,172.9109,28400000
prediction_position_error_mm,84.07138288021088,28400000
prediction_orientation_error_deg,0,28400000
owd_uplink_ms,168.4452,28500000
owd_downlink_ms,166.5332,28500000
correction_magnitude_mm,8.96335206925869,26796411
correction_magnitude_deg,0,26796411
owd_uplink_ms,172.0902,28500000
owd_downlink_ms,167.6285,28500000
prediction_position_error_mm,79.98630404472351,28500000
prediction_orientation_error_deg,0,28500000
owd_uplink_ms,167.307,28600000
owd_downlink_ms,168.6173,28600000
prediction_position_error_mm,80.36170899868011,28600000
prediction_orientation_error_deg,0,28600000
prediction_position_error_mm,85.27371287345886,28700000
prediction_orientation_error_deg,0,28700000
owd_uplink_ms,165.4681,28800000
owd_downlink_ms,172.9434,28800000
prediction_position_error_mm,80.73052018880844,28800000
prediction_orientation_error_deg,0,28800000
owd_uplink_ms,170.7125,28900000
owd_downlink_ms,167.2038,28900000
correction_magnitude_mm,9.163664653897285,27197431
correction_magnitude_deg,0,27197431
owd_uplink_ms,165.8081,28900000
owd_downlink_ms,167.4621,28900000
prediction_position_error_mm,81.44833147525787,28900000
prediction_orientation_error_deg,0,28900000
owd_uplink_ms,167.9767,29000000
owd_downlink_ms,168.2945,29000000
prediction_position_error_mm,81.79718255996704,29000000
prediction_orientation_error_deg,0,29000000
owd_uplink_ms,169.3929,29100000
owd_downlink_ms,166.7473,29100000
prediction_position_error_mm,82.13930577039719,29100000
prediction_orientation_error_deg,0,29100000
owd_uplink_ms,168.3373,29200000
owd_downlink_ms,167.3858,29200000
prediction_position_error_mm,82.47456699609756,29200000
prediction_orientation_error_deg,0,29200000
owd_uplink_ms,166.779,29300000
owd_downlink_ms,169.1192,29300000
prediction_position_error_mm,82.80292898416519,29300000
prediction_orientation_error_deg,0,29300000
owd_uplink_ms,169.3177,29400000
owd_downlink_ms,166.3891,29400000
prediction_position_error_mm,78.09407263994217,29400000
prediction_orientation_error_deg,0,29400000
prediction_position_error_mm,83.12437683343887,29500000
prediction_orientation_error_deg,0,29500000
owd_uplink_ms,168.8474,29600000
owd_downlink_ms,171.0994,29600000
prediction_position_error_mm,88.49882334470749,29600000
prediction_orientation_error_deg,0,29600000
owd_uplink_ms,167.5319,29700000
owd_downlink_ms,173.1818,29700000
prediction_position_error_mm,88.82050961256027,29700000
prediction_orientation_error_deg,0,29700000
owd_uplink_ms,165.6032,29800000
owd_downlink_ms,170.8092,29800000
owd_uplink_ms,165.3877,29800000
owd_downlink_ms,166.875,29800000
prediction_position_error_mm,84.33962613344193,29800000
prediction_orientation_error_deg,0,29800000
prediction_position_error_mm,89.44112807512283,29900000
prediction_orientation_error_deg,0,29900000
owd_uplink_ms,166.8394,30000000
owd_downlink_ms,171.5762,30000000
prediction_position_error_mm,89.74000811576843,30000000
prediction_orientation_error_deg,0,30000000
owd_uplink_ms,172.9359,30100000
owd_downlink_ms,163.8862,30100000
correction_magnitude_mm,9.693758562207222,28407520
correction_magnitude_deg,0,28407520
owd_uplink_ms,166.3516,30100000
owd_downlink_ms,164.5265,30100000
prediction_position_error_mm,85.17569303512573,30100000
prediction_orientation_error_deg,0,30100000
prediction_position_error_mm,85.17569303512573,30200000
prediction_orientation_error_deg,0,30200000
owd_uplink_ms,169.6337,30300000
owd_downlink_ms,170.6469,30300000
prediction_position_error_mm,90.59030562639236,30300000
prediction_orientation_error_deg,0,30300000
owd_uplink_ms,166.9284,30400000
owd_downlink_ms,170.3469,30400000
owd_uplink_ms,168.7669,30400000
owd_downlink_ms,166.5203,30400000
prediction_position_error_mm,80.783911049366,30400000
prediction_orientation_error_deg,0,30400000
prediction_position_error_mm,91.11804515123367,30500000
prediction_orientation_error_deg,0,30500000
owd_uplink_ms,170.8557,30600000
owd_downlink_ms,164.0682,30600000
correction_magnitude_mm,9.881028905510902,28899484
correction_magnitude_deg,0,28899484
owd_uplink_ms,168.808,30600000
owd_downlink_ms,165.5557,30600000
prediction_position_error_mm,86.42178773880005,30600000
prediction_orientation_error_deg,0,30600000
prediction_position_error_mm,86.42178773880005,30700000
prediction_orientation_error_deg,0,30700000
owd_uplink_ms,169.5339,30800000
owd_downlink_ms,172.7998,30800000
prediction_position_error_mm,91.85010939836502,30800000
prediction_orientation_error_deg,0,30800000
owd_uplink_ms,166.8314,30900000
owd_downlink_ms,172.5827,30900000
owd_uplink_ms,166.4995,30900000
owd_downlink_ms,165.0549,30900000
prediction_position_error_mm,81.86870813369751,30900000
prediction_orientation_error_deg,0,30900000
prediction_position_error_mm,87.07920461893082,31000000
prediction_orientation_error_deg,0,31000000
owd_uplink_ms,169.4858,31100000
owd_downlink_ms,170.8026,31100000
correction_magnitude_mm,5.015888717025518,29306529
correction_magnitude_deg,0,29306529
prediction_position_error_mm,92.50971674919128,31100000
prediction_orientation_error_deg,0,31100000
prediction_position_error_mm,92.50971674919128,31200000
prediction_orientation_error_deg,0,31200000
owd_uplink_ms,173.3707,31300000
owd_downlink_ms,172.9868,31300000
correction_magnitude_mm,5.031439010053873,29506049
correction_magnitude_deg,0,29506049
prediction_position_error_mm,97.95418381690979,31300000
prediction_orientation_error_deg,0,31300000
owd_uplink_ms,167.5736,31400000
owd_downlink_ms,170.3725,31400000
correction_magnitude_mm,10.107778944075108,29609547
correction_magnitude_deg,0,29609547
owd_uplink_ms,174.4847,31400000
owd_downlink_ms,171.7166,31400000
owd_uplink_ms,165.8974,31400000
owd_downlink_ms,164.9755,31400000
correction_magnitude_mm,5.075496155768633,29704933
correction_magnitude_deg,0,29704933
prediction_position_error_mm,88.02126348018646,31400000
prediction_orientation_error_deg,0,31400000
owd_uplink_ms,168.0519,31500000
owd_downlink_ms,169.1727,31500000
correction_magnitude_mm,5.089266691356897,29806333
correction_magnitude_deg,0,29806333
prediction_position_error_mm,88.18633109331131,31500000
prediction_orientation_error_deg,0,31500000
prediction_position_error_mm,93.4453085064888,31600000
prediction_orientation_error_deg,0,31600000
owd_uplink_ms,167.1121,31700000
owd_downlink_ms,170.3426,31700000
correction_magnitude_mm,5.1026372238993645,29910371
correction_magnitude_deg,0,29910371
owd_uplink_ms,169.3454,31700000
owd_downlink_ms,167.8419,31700000
correction_magnitude_mm,5.115546751767397,30008491
correction_magnitude_deg,0,30008491
prediction_position_error_mm,88.49286288022995,31700000
prediction_orientation_error_deg,0,31700000
prediction_position_error_mm,93.76146644353867,31800000
prediction_orientation_error_deg,0,31800000
owd_uplink_ms,167.882,31900000
owd_downlink_ms,169.1728,31900000
correction_magnitude_mm,5.128031596541405,30110104
correction_magnitude_deg,0,30110104
prediction_position_error_mm,93.9069464802742,31900000
prediction_orientation_error_deg,0,31900000
owd_uplink_ms,172.0044,32000000
owd_downlink_ms,165.3596,32000000
correction_magnitude_mm,10.29159501194954,30301798
correction_magnitude_deg,0,30301798
prediction_position_error_mm,88.89323472976685,32000000
prediction_orientation_error_deg,0,32000000
owd_uplink_ms,169.3334,32100000
owd_downlink_ms,170.8413,32100000
prediction_position_error_mm,94.1726565361023,32100000
prediction_orientation_error_deg,0,32100000
prediction_position_error_mm,94.1726565361023,32200000
prediction_orientation_error_deg,0,32200000
owd_uplink_ms,172.6797,32300000
owd_downlink_ms,173.2661,32300000
correction_magnitude_mm,10.336006060242653,30504415
correction_magnitude_deg,0,30504415
owd_uplink_ms,166.2517,32300000
owd_downlink_ms,172.5414,32300000
prediction_position_error_mm,89.12024646997452,32300000
prediction_orientation_error_deg,0,32300000
owd_uplink_ms,167.2365,32400000
owd_downlink_ms,170.6941,32400000
correction_magnitude_mm,5.1835267804563046,30616598
correction_magnitude_deg,0,30616598
prediction_position_error_mm,94.5076197385788,32400000
prediction_orientation_error_deg,0,32400000
owd_uplink_ms,174.3129,32500000
owd_downlink_ms,163.8886,32500000
correction_magnitude_mm,10.395723395049572,30803567
correction_magnitude_deg,0,30803567
owd_uplink_ms,169.6407,32500000
owd_downlink_ms,164.9899,32500000
prediction_position_error_mm,89.40043300390244,32500000
prediction_orientation_error_deg,0,32500000
prediction_position_error_mm,94.68826651573181,32600000
prediction_orientation_error_deg,0,32600000
owd_uplink_ms,171.7957,32700000
owd_downlink_ms,169.5269,32700000
correction_magnitude_mm,5.211290437728167,30994919
correction_magnitude_deg,0,30994919
prediction_position_error_mm,94.76573020219803,32700000
prediction_orientation_error_deg,0,32700000
owd_uplink_ms,171.6226,32800000
owd_downlink_ms,170.3913,32800000
correction_magnitude_mm,10.447130538523197,31093381
correction_magnitude_deg,0,31093381
prediction_position_error_mm,84.31986719369888,32800000
prediction_orientation_error_deg,0,32800000
owd_uplink_ms,165.1124,32900000
owd_downlink_ms,173.3692,32900000
prediction_position_error_mm,94.89480406045914,32900000
prediction_orientation_error_deg,0,32900000
owd_uplink_ms,171.7552,33000000
owd_downlink_ms,165.3022,33000000
correction_magnitude_mm,10.476692579686642,31295635
correction_magnitude_deg,0,31295635
owd_uplink_ms,168.2019,33000000
owd_downlink_ms,168.9627,33000000
prediction_position_error_mm,89.70522880554199,33000000
prediction_orientation_error_deg,0,33000000
owd_uplink_ms,167.7012,33100000
owd_downlink_ms,167.9673,33100000
correction_magnitude_mm,5.248276982456446,31396920
correction_magnitude_deg,0,31396920
prediction_position_error_mm,84.45750921964645,33100000
prediction_orientation_error_deg,0,33100000
owd_uplink_ms,169.1562,33200000
owd_downlink_ms,165.2618,33200000
correction_magnitude_mm,5.254238843917847,31492052
correction_magnitude_deg,0,31492052
prediction_position_error_mm,89.76998925209045,33200000
prediction_orientation_error_deg,0,33200000
owd_uplink_ms,168.739,33300000
owd_downlink_ms,169.1004,33300000
correction_magnitude_mm,5.259743891656399,31592504
correction_magnitude_deg,0,31592504
prediction_position_error_mm,84.51078087091446,33300000
prediction_orientation_error_deg,0,33300000
owd_uplink_ms,166.2991,33400000
owd_downlink_ms,167.2011,33400000
correction_magnitude_mm,5.26477862149477,31693632
correction_magnitude_deg,0,31693632
prediction_position_error_mm,89.80190008878708,33400000
prediction_orientation_error_deg,0,33400000
prediction_position_error_mm,89.80190008878708,33500000
prediction_orientation_error_deg,0,33500000
owd_uplink_ms,165.7281,33600000
owd_downlink_ms,170.2085,33600000
correction_magnitude_mm,5.269341170787811,31799233
correction_magnitude_deg,0,31799233
owd_uplink_ms,166.8695,33600000
owd_downlink_ms,164.8299,33600000
correction_magnitude_mm,5.273397546261549,31896684
correction_magnitude_deg,0,31896684
prediction_position_error_mm,89.80090171098709,33600000
prediction_orientation_error_deg,0,33600000
prediction_position_error_mm,95.06447613239288,33700000
prediction_orientation_error_deg,0,33700000
owd_uplink_ms,165.8093,33800000
owd_downlink_ms,172.3504,33800000
correction_magnitude_mm,5.276991985738277,32004860
correction_magnitude_deg,0,32004860
owd_uplink_ms,167.4391,33800000
owd_downlink_ms,165.5565,33800000
correction_magnitude_mm,5.280115641653538,32102506
correction_magnitude_deg,0,32102506
prediction_position_error_mm,89.76689726114273,33800000
prediction_orientation_error_deg,0,33800000
prediction_position_error_mm,89.76689726114273,33900000
prediction_orientation_error_deg,0,33900000
owd_uplink_ms,172.0232,34000000
owd_downlink_ms,164.778,34000000
correction_magnitude_mm,5.28274942189455,32293450
correction_magnitude_deg,0,32293450
prediction_position_error_mm,89.73751217126846,34000000
prediction_orientation_error_deg,0,34000000
owd_uplink_ms,170.9291,34100000
owd_downlink_ms,168.405,34100000
correction_magnitude_mm,10.571461170911789,32390295
correction_magnitude_deg,0,32390295
owd_uplink_ms,164.5578,34100000
owd_downlink_ms,169.3418,34100000
prediction_position_error_mm,89.65389430522919,34100000
prediction_orientation_error_deg,0,34100000
prediction_position_error_mm,89.65389430522919,34200000
prediction_orientation_error_deg,0,34200000
owd_uplink_ms,165.9742,34300000
owd_downlink_ms,170.0876,34300000
correction_magnitude_mm,5.287748761475086,32501417
correction_magnitude_deg,0,32501417
prediction_position_error_mm,89.59968388080597,34300000
prediction_orientation_error_deg,0,34300000
owd_uplink_ms,167.3556,34400000
owd_downlink_ms,170.8181,34400000
correction_magnitude_mm,5.288445390760899,32605744
correction_magnitude_deg,0,32605744
prediction_position_error_mm,94.75460648536682,34400000
prediction_orientation_error_deg,0,34400000
owd_uplink_ms,168.8629,34500000
owd_downlink_ms,172.4197,34500000
correction_magnitude_mm,5.2886661142110825,32710190
correction_magnitude_deg,0,32710190
prediction_position_error_mm,94.67527270317078,34500000
prediction_orientation_error_deg,0,34500000
owd_uplink_ms,170.934,34600000
owd_downlink_ms,165.6743,34600000
correction_magnitude_mm,10.576043277978897,32903615
correction_magnitude_deg,0,32903615
prediction_position_error_mm,89.3000066280365,34600000
prediction_orientation_error_deg,0,34600000
owd_uplink_ms,166.5022,34700000
owd_downlink_ms,170.1846,34700000
prediction_position_error_mm,94.49031203985214,34700000
prediction_orientation_error_deg,0,34700000
owd_uplink_ms,169.7299,34800000
owd_downlink_ms,171.8601,34800000
correction_magnitude_mm,5.286406725645065,33010879
correction_magnitude_deg,0,33010879
prediction_position_error_mm,89.20437097549438,34800000
prediction_orientation_error_deg,0,34800000
owd_uplink_ms,170.018,34900000
owd_downlink_ms,165.5617,34900000
correction_magnitude_mm,10.567143559455872,33205308
correction_magnitude_deg,0,33205308
owd_uplink_ms,172.2743,34900000
owd_downlink_ms,169.2192,34900000
prediction_position_error_mm,88.98822963237762,34900000
prediction_orientation_error_deg,0,34900000
prediction_position_error_mm,94.14708614349365,35000000
prediction_orientation_error_deg,0,35000000
owd_uplink_ms,170.3314,35100000
owd_downlink_ms,168.69,35100000
correction_magnitude_mm,10.556314140558243,33399437
correction_magnitude_deg,0,33399437
owd_uplink_ms,167.3597,35100000
owd_downlink_ms,169.1175,35100000
prediction_position_error_mm,88.73901516199112,35100000
prediction_orientation_error_deg,0,35100000
prediction_position_error_mm,88.73901516199112,35200000
prediction_orientation_error_deg,0,35200000
owd_uplink_ms,173.1114,35300000
owd_downlink_ms,166.8672,35300000
correction_magnitude_mm,10.541624389588833,33593829
correction_magnitude_deg,0,33593829
prediction_position_error_mm,83.33364874124527,35300000
prediction_orientation_error_deg,0,35300000
owd_uplink_ms,164.4869,35400000
owd_downlink_ms,170.7462,35400000
prediction_position_error_mm,93.56687217950821,35400000
prediction_orientation_error_deg,0,35400000
owd_uplink_ms,169.7143,35500000
owd_downlink_ms,170.7799,35500000
correction_magnitude_mm,5.2640726789832115,33702983
correction_magnitude_deg,0,33702983
owd_uplink_ms,169.584,35500000
owd_downlink_ms,166.0863,35500000
correction_magnitude_mm,5.258924327790737,33798611
correction_magnitude_deg,0,33798611
prediction_position_error_mm,83.04463326931,35500000
prediction_orientation_error_deg,0,35500000
prediction_position_error_mm,93.22432428598404,35600000
prediction_orientation_error_deg,0,35600000
prediction_position_error_mm,98.29284250736237,35700000
prediction_orientation_error_deg,0,35700000
owd_uplink_ms,172.1902,35800000
owd_downlink_ms,170.6308,35800000
correction_magnitude_mm,5.253311712294817,33996662
correction_magnitude_deg,0,33996662
owd_uplink_ms,171.7914,35800000
owd_downlink_ms,165.1704,35800000
correction_magnitude_mm,10.487755760550499,34088386
correction_magnitude_deg,0,34088386
owd_uplink_ms,164.6236,35800000
owd_downlink_ms,168.5961,35800000
prediction_position_error_mm,87.60674297809601,35800000
prediction_orientation_error_deg,0,35800000
prediction_position_error_mm,92.64519810676575,35900000
prediction_orientation_error_deg,0,35900000
owd_uplink_ms,169.9399,36000000
owd_downlink_ms,169.5968,36000000
correction_magnitude_mm,5.233482923358679,34292924
correction_magnitude_deg,0,34292924
prediction_position_error_mm,87.41208165884018,36000000
prediction_orientation_error_deg,0,36000000
owd_uplink_ms,171.892,36100000
owd_downlink_ms,170.0044,36100000
correction_magnitude_mm,10.443761013448238,34390565
correction_magnitude_deg,0,34390565
owd_uplink_ms,165.1288,36100000
owd_downlink_ms,169.942,36100000
prediction_position_error_mm,86.99821680784225,36100000
prediction_orientation_error_deg,0,36100000
prediction_position_error_mm,86.99821680784225,36200000
prediction_orientation_error_deg,0,36200000
owd_uplink_ms,169.2955,36300000
owd_downlink_ms,173.7551,36300000
correction_magnitude_mm,5.209285765886307,34502156
correction_magnitude_deg,0,34502156
prediction_position_error_mm,91.75161272287369,36300000
prediction_orientation_error_deg,0,36300000
owd_uplink_ms,169.104,36400000
owd_downlink_ms,170.2959,36400000
correction_magnitude_mm,5.200251471251249,34603645
correction_magnitude_deg,0,34603645
prediction_position_error_mm,91.50665253400803,36400000
prediction_orientation_error_deg,0,36400000
owd_uplink_ms,168.995,36500000
owd_downlink_ms,171.0111,36500000
correction_magnitude_mm,5.190736148506403,34706165
correction_magnitude_deg,0,34706165
prediction_position_error_mm,91.25307947397232,36500000
prediction_orientation_error_deg,0,36500000
prediction_position_error_mm,96.17125242948532,36600000
prediction_orientation_error_deg,0,36600000
owd_uplink_ms,171.2415,36700000
owd_downlink_ms,171.24,36700000
correction_magnitude_mm,10.35093143582344,34906163
correction_magnitude_deg,0,34906163
owd_uplink_ms,166.5311,36700000
owd_downlink_ms,170.7391,36700000
owd_uplink_ms,169.4712,36700000
owd_downlink_ms,165.2164,36700000
correction_magnitude_mm,5.15925046056509,35006104
correction_magnitude_deg,0,35006104
prediction_position_error_mm,85.56130528450012,36700000
prediction_orientation_error_deg,0,36700000
prediction_position_error_mm,85.56130528450012,36800000
prediction_orientation_error_deg,0,36800000
owd_uplink_ms,166.0122,36900000
owd_downlink_ms,170.7874,36900000
correction_magnitude_mm,5.1477765664458275,35112072
correction_magnitude_deg,0,35112072
prediction_position_error_mm,90.15320986509323,36900000
prediction_orientation_error_deg,0,36900000
prediction_position_error_mm,94.99244391918182,37000000
prediction_orientation_error_deg,0,37000000
owd_uplink_ms,172.0642,37100000
owd_downlink_ms,169.6235,37100000
correction_magnitude_mm,5.135856103152037,35309021
correction_magnitude_deg,0,35309021
owd_uplink_ms,170.4887,37100000
owd_downlink_ms,166.6403,37100000
correction_magnitude_mm,10.233927518129349,35404210
correction_magnitude_deg,0,35404210
prediction_position_error_mm,84.44201946258545,37100000
prediction_orientation_error_deg,0,37100000
owd_uplink_ms,166.3578,37200000
owd_downlink_ms,171.0451,37200000
prediction_position_error_mm,89.23905342817307,37200000
prediction_orientation_error_deg,0,37200000
owd_uplink_ms,165.3225,37300000
owd_downlink_ms,165.9377,37300000
correction_magnitude_mm,10.180375538766384,35610836
correction_magnitude_deg,0,35610836
prediction_position_error_mm,79.05926555395126,37300000
prediction_orientation_error_deg,0,37300000
owd_uplink_ms,173.1535,37400000
owd_downlink_ms,171.9267,37400000
prediction_position_error_mm,88.58747035264969,37400000
prediction_orientation_error_deg,0,37400000
owd_uplink_ms,169.6343,37500000
owd_downlink_ms,172.2654,37500000
correction_magnitude_mm,5.068920087069273,35712590
correction_magnitude_deg,0,35712590
owd_uplink_ms,169.473,37500000
owd_downlink_ms,167.524,37500000
correction_magnitude_mm,5.054113455116749,35810153
correction_magnitude_deg,0,35810153
prediction_position_error_mm,83.19532126188278,37500000
prediction_orientation_error_deg,0,37500000
prediction_position_error_mm,87.90240436792374,37600000
prediction_orientation_error_deg,0,37600000
owd_uplink_ms,166.8979,37700000
owd_downlink_ms,170.9368,37700000
correction_magnitude_mm,5.038795527070761,35915201
correction_magnitude_deg,0,35915201
prediction_position_error_mm,82.86390453577042,37700000
prediction_orientation_error_deg,0,37700000
owd_uplink_ms,166.4693,37800000
owd_downlink_ms,164.9428,37800000
correction_magnitude_mm,10.029844008386135,36113292
correction_magnitude_deg,0,36113292
owd_uplink_ms,172.9151,37800000
owd_downlink_ms,166.7703,37800000
prediction_position_error_mm,82.17762410640717,37800000
prediction_orientation_error_deg,0,37800000
prediction_position_error_mm,86.8125930428505,37900000
prediction_orientation_error_deg,0,37900000
owd_uplink_ms,172.5222,38000000
owd_downlink_ms,165.831,38000000
correction_magnitude_mm,9.962981566786766,36297246
correction_magnitude_deg,0,36297246
owd_uplink_ms,166.3628,38000000
owd_downlink_ms,169.3467,38000000
prediction_position_error_mm,81.46023005247116,38000000
prediction_orientation_error_deg,0,38000000
prediction_position_error_mm,86.04489266872406,38100000
prediction_orientation_error_deg,0,38100000
owd_uplink_ms,165.5586,38200000
owd_downlink_ms,172.297,38200000
prediction_position_error_mm,81.08992129564285,38200000
prediction_orientation_error_deg,0,38200000
owd_uplink_ms,170.6873,38300000
owd_downlink_ms,171.0125,38300000
owd_uplink_ms,165.4933,38300000
owd_downlink_ms,167.5634,38300000
prediction_position_error_mm,80.32633364200592,38300000
prediction_orientation_error_deg,0,38300000
owd_uplink_ms,165.563,38400000
owd_downlink_ms,163.8782,38400000
prediction_position_error_mm,79.93308454751968,38400000
prediction_orientation_error_deg,0,38400000
prediction_position_error_mm,79.93308454751968,38500000
prediction_orientation_error_deg,0,38500000
owd_uplink_ms,166.6934,38600000
owd_downlink_ms,168.0846,38600000
correction_magnitude_mm,9.739967063069344,36912023
correction_magnitude_deg,0,36912023
prediction_position_error_mm,79.12386953830719,38600000
prediction_orientation_error_deg,0,38600000
owd_uplink_ms,173.8241,38700000
owd_downlink_ms,172.6434,38700000
owd_uplink_ms,167.6765,38700000
owd_downlink_ms,167.4494,38700000
prediction_position_error_mm,78.7079855799675,38700000
prediction_orientation_error_deg,0,38700000
owd_uplink_ms,168.5394,38800000
owd_downlink_ms,167.4452,38800000
prediction_position_error_mm,78.2846063375473,38800000
prediction_orientation_error_deg,0,38800000
owd_uplink_ms,169.7726,38900000
owd_downlink_ms,168.749,38900000
prediction_position_error_mm,77.85380631685257,38900000
prediction_orientation_error_deg,0,38900000
prediction_position_error_mm,77.85380631685257,39000000
prediction_orientation_error_deg,0,39000000
owd_uplink_ms,169.4867,39100000
owd_downlink_ms,164.0398,39100000
correction_magnitude_mm,9.528749622404575,37400804
correction_magnitude_deg,0,37400804
owd_uplink_ms,171.7442,39100000
owd_downlink_ms,165.0109,39100000
prediction_position_error_mm,72.6626068353653,39100000
prediction_orientation_error_deg,0,39100000
owd_uplink_ms,168.5589,39200000
owd_downlink_ms,168.371,39200000
prediction_position_error_mm,76.51718705892563,39200000
prediction_orientation_error_deg,0,39200000
owd_uplink_ms,165.0296,39300000
owd_downlink_ms,165.4038,39300000
prediction_position_error_mm,71.8100517988205,39300000
prediction_orientation_error_deg,0,39300000
prediction_position_error_mm,80.27315884828568,39400000
prediction_orientation_error_deg,0,39400000
owd_uplink_ms,165.3761,39500000
owd_downlink_ms,166.9201,39500000
correction_magnitude_mm,9.343534708023071,37794553
correction_magnitude_deg,0,37794553
owd_uplink_ms,169.7411,39500000
owd_downlink_ms,167.6917,39500000
prediction_position_error_mm,70.9301233291626,39500000
prediction_orientation_error_deg,0,39500000
prediction_position_error_mm,75.11506229639053,39600000
prediction_orientation_error_deg,0,39600000
owd_uplink_ms,167.9762,39700000
owd_downlink_ms,170.7427,39700000
prediction_position_error_mm,74.63331520557404,39700000
prediction_orientation_error_deg,0,39700000
owd_uplink_ms,169.7891,39800000
owd_downlink_ms,172.6375,39800000
owd_uplink_ms,167.7007,39800000
owd_downlink_ms,164.7585,39800000
prediction_position_error_mm,69.55977529287338,39800000
prediction_orientation_error_deg,0,39800000
prediction_position_error_mm,77.7045413851738,39900000
prediction_orientation_error_deg,0,39900000
owd_uplink_ms,171.9724,40000000
owd_downlink_ms,167.0459,40000000
correction_magnitude_mm,9.092059917747974,38289176
correction_magnitude_deg,0,38289176
prediction_position_error_mm,72.63576239347458,40000000
prediction_orientation_error_deg,0,40000000
owd_uplink_ms,169.3381,40100000
owd_downlink_ms,173.7978,40100000
owd_uplink_ms,165.6707,40100000
owd_downlink_ms,167.3767,40100000
prediction_position_error_mm,72.11895287036896,40100000
prediction_orientation_error_deg,0,40100000
prediction_position_error_mm,76.07416063547134,40200000
prediction_orientation_error_deg,0,40200000
owd_uplink_ms,168.3735,40300000
owd_downlink_ms,169.6056,40300000
correction_magnitude_mm,8.930732496082783,38598424
correction_magnitude_deg,0,38598424
prediction_position_error_mm,71.0647851228714,40300000
prediction_orientation_error_deg,0,40300000
owd_uplink_ms,170.6457,40400000
owd_downlink_ms,170.962,40400000
prediction_position_error_mm,71.0647851228714,40400000
prediction_orientation_error_deg,0,40400000
owd_uplink_ms,170.0473,40500000
owd_downlink_ms,171.8597,40500000
prediction_position_error_mm,74.37851279973984,40500000
prediction_orientation_error_deg,0,40500000
owd_uplink_ms,165.5206,40600000
owd_downlink_ms,171.8877,40600000
owd_uplink_ms,167.0575,40600000
owd_downlink_ms,166.4441,40600000
prediction_position_error_mm,69.43284720182419,40600000
prediction_orientation_error_deg,0,40600000
prediction_position_error_mm,69.43284720182419,40700000
prediction_orientation_error_deg,0,40700000
owd_uplink_ms,173.7238,40800000
owd_downlink_ms,168.6183,40800000
prediction_position_error_mm,72.61908054351807,40800000
prediction_orientation_error_deg,0,40800000
owd_uplink_ms,168.6862,40900000
owd_downlink_ms,166.7777,40900000
correction_magnitude_mm,8.585363626480103,39199509
correction_magnitude_deg,0,39199509
prediction_position_error_mm,67.7412822842598,40900000
prediction_orientation_error_deg,0,40900000
owd_uplink_ms,170.9522,41000000
owd_downlink_ms,170.4416,41000000
prediction_position_error_mm,67.7412822842598,41000000
prediction_orientation_error_deg,0,41000000
owd_uplink_ms,169.5238,41100000
owd_downlink_ms,167.5334,41100000
correction_magnitude_mm,8.463599719107151,39396383
correction_magnitude_deg,0,39396383
owd_uplink_ms,172.5651,41100000
owd_downlink_ms,169.6786,41100000
prediction_position_error_mm,62.948308885097504,41100000
prediction_orientation_error_deg,0,41100000
prediction_position_error_mm,70.17650455236435,41200000
prediction_orientation_error_deg,0,41200000
owd_uplink_ms,169.6063,41300000
owd_downlink_ms,166.0565,41300000
prediction_position_error_mm,65.9916028380394,41300000
prediction_orientation_error_deg,0,41300000
owd_uplink_ms,172.5538,41400000
owd_downlink_ms,170.9989,41400000
prediction_position_error_mm,68.91479343175888,41400000
prediction_orientation_error_deg,0,41400000
owd_uplink_ms,170.236,41500000
owd_downlink_ms,169.0268,41500000
prediction_position_error_mm,68.27402859926224,41500000
prediction_orientation_error_deg,0,41500000
owd_uplink_ms,169.3587,41600000
owd_downlink_ms,167.5636,41600000
correction_magnitude_mm,8.145259693264961,39882641
correction_magnitude_deg,0,39882641
owd_uplink_ms,167.8567,41600000
owd_downlink_ms,169.5203,41600000
prediction_position_error_mm,60.12929603457451,41600000
prediction_orientation_error_deg,0,41600000
owd_uplink_ms,164.8875,41700000
owd_downlink_ms,165.8985,41700000
prediction_position_error_mm,59.54810231924057,41700000
prediction_orientation_error_deg,0,41700000
owd_uplink_ms,168.155,41800000
owd_downlink_ms,168.8293,41800000
prediction_position_error_mm,62.32390180230141,41800000
prediction_orientation_error_deg,0,41800000
owd_uplink_ms,167.1783,41900000
owd_downlink_ms,168.3519,41900000
prediction_position_error_mm,61.69145181775093,41900000
prediction_orientation_error_deg,0,41900000
owd_uplink_ms,168.3727,42000000
owd_downlink_ms,170.1466,42000000
prediction_position_error_mm,57.77061730623245,42000000
prediction_orientation_error_deg,0,42000000
prediction_position_error_mm,64.29515779018402,42100000
prediction_orientation_error_deg,0,42100000
owd_uplink_ms,168.5637,42200000
owd_downlink_ms,169.5219,42200000
correction_magnitude_mm,7.7376896515488625,40491713
correction_magnitude_deg,0,40491713
prediction_position_error_mm,59.7592256963253,42200000
prediction_orientation_error_deg,0,42200000
owd_uplink_ms,172.2643,42300000
owd_downlink_ms,174.1146,42300000
owd_uplink_ms,166.617,42300000
owd_downlink_ms,169.4728,42300000
prediction_position_error_mm,55.94363436102867,42300000
prediction_orientation_error_deg,0,42300000
prediction_position_error_mm,62.222156673669815,42400000
prediction_orientation_error_deg,0,42400000
owd_uplink_ms,171.7988,42500000
owd_downlink_ms,166.6841,42500000
correction_magnitude_mm,7.523831445723772,40791203
correction_magnitude_deg,0,40791203
prediction_position_error_mm,54.69892919063568,42500000
prediction_orientation_error_deg,0,42500000
owd_uplink_ms,168.5683,42600000
owd_downlink_ms,172.3209,42600000
owd_uplink_ms,165.2504,42600000
owd_downlink_ms,169.0554,42600000
prediction_position_error_mm,57.10349231958389,42600000
prediction_orientation_error_deg,0,42600000
prediction_position_error_mm,57.10349231958389,42700000
prediction_orientation_error_deg,0,42700000
owd_uplink_ms,172.7262,42800000
owd_downlink_ms,170.2429,42800000
prediction_position_error_mm,59.37565490603447,42800000
prediction_orientation_error_deg,0,42800000
owd_uplink_ms,166.8684,42900000
owd_downlink_ms,165.1101,42900000
correction_magnitude_mm,7.228734437376261,41195350
correction_magnitude_deg,0,41195350
prediction_position_error_mm,55.05453050136566,42900000
prediction_orientation_error_deg,0,42900000
owd_uplink_ms,172.6411,43000000
owd_downlink_ms,171.8705,43000000
prediction_position_error_mm,57.91830271482468,43000000
prediction_orientation_error_deg,0,43000000
prediction_position_error_mm,57.91830271482468,43100000
prediction_orientation_error_deg,0,43100000
owd_uplink_ms,167.2447,43200000
owd_downlink_ms,170.4481,43200000
correction_magnitude_mm,7.076991721987724,41398392
correction_magnitude_deg,0,41398392
owd_uplink_ms,173.1301,43200000
owd_downlink_ms,172.8339,43200000
owd_uplink_ms,167.3988,43200000
owd_downlink_ms,167.1315,43200000
prediction_position_error_mm,52.95867845416069,43200000
prediction_orientation_error_deg,0,43200000
prediction_position_error_mm,52.95867845416069,43300000
prediction_orientation_error_deg,0,43300000
owd_uplink_ms,171.531,43400000
owd_downlink_ms,169.7397,43400000
prediction_position_error_mm,54.93840202689171,43400000
prediction_orientation_error_deg,0,43400000
owd_uplink_ms,167.8752,43500000
owd_downlink_ms,165.4498,43500000
correction_magnitude_mm,6.7655174061656,41792419
correction_magnitude_deg,0,41792419
prediction_position_error_mm,48.17364364862442,43500000
prediction_orientation_error_deg,0,43500000
owd_uplink_ms,169.8092,43600000
owd_downlink_ms,173.3036,43600000
prediction_position_error_mm,53.41705307364464,43600000
prediction_orientation_error_deg,0,43600000
owd_uplink_ms,166.1805,43700000
owd_downlink_ms,173.3565,43700000
prediction_position_error_mm,50.094425678253174,43700000
prediction_orientation_error_deg,0,43700000
owd_uplink_ms,173.1145,43800000
owd_downlink_ms,165.2568,43800000
correction_magnitude_mm,6.525165867060423,42095935
correction_magnitude_deg,0,42095935
prediction_position_error_mm,48.63376170396805,43800000
prediction_orientation_error_deg,0,43800000
owd_uplink_ms,167.0774,43900000
owd_downlink_ms,172.2371,43900000
prediction_position_error_mm,51.097571849823,43900000
prediction_orientation_error_deg,0,43900000
owd_uplink_ms,168.5339,44000000
owd_downlink_ms,170.2613,44000000
prediction_position_error_mm,47.896552830934525,44000000
prediction_orientation_error_deg,0,44000000
owd_uplink_ms,171.1851,44100000
owd_downlink_ms,165.9341,44100000
correction_magnitude_mm,6.279185879975557,42397980
correction_magnitude_deg,0,42397980
owd_uplink_ms,165.2473,44100000
owd_downlink_ms,169.274,44100000
prediction_position_error_mm,46.408843249082565,44100000
prediction_orientation_error_deg,0,44100000
prediction_position_error_mm,46.408843249082565,44200000
prediction_orientation_error_deg,0,44200000
owd_uplink_ms,166.712,44300000
owd_downlink_ms,165.706,44300000
correction_magnitude_mm,6.112242583185434,42601755
correction_magnitude_deg,0,42601755
owd_uplink_ms,170.1464,44300000
owd_downlink_ms,167.5089,44300000
prediction_position_error_mm,44.903866946697235,44300000
prediction_orientation_error_deg,0,44300000
prediction_position_error_mm,47.13735356926918,44400000
prediction_orientation_error_deg,0,44400000
owd_uplink_ms,172.1949,44500000
owd_downlink_ms,165.669,44500000
correction_magnitude_mm,5.942998919636011,42790302
correction_magnitude_deg,0,42790302
owd_uplink_ms,165.978,44500000
owd_downlink_ms,169.6097,44500000
prediction_position_error_mm,41.195426136255264,44500000
prediction_orientation_error_deg,0,44500000
prediction_position_error_mm,45.52222788333893,44600000
prediction_orientation_error_deg,0,44600000
owd_uplink_ms,169.1215,44700000
owd_downlink_ms,173.1285,44700000
owd_uplink_ms,168.1759,44700000
owd_downlink_ms,167.4809,44700000
prediction_position_error_mm,41.84483364224434,44700000
prediction_orientation_error_deg,0,44700000
prediction_position_error_mm,41.84483364224434,44800000
prediction_orientation_error_deg,0,44800000
prediction_position_error_mm,43.89047995209694,44900000
prediction_orientation_error_deg,0,44900000
owd_uplink_ms,172.4517,45000000
owd_downlink_ms,170.4471,45000000
correction_magnitude_mm,5.597873125225306,43196479
correction_magnitude_deg,0,43196479
owd_uplink_ms,164.5864,45000000
owd_downlink_ms,171.5462,45000000
prediction_position_error_mm,42.242810130119324,45000000
prediction_orientation_error_deg,0,45000000
owd_uplink_ms,171.046,45100000
owd_downlink_ms,165.1501,45100000
correction_magnitude_mm,5.4221078753471375,43397809
correction_magnitude_deg,0,43397809
owd_uplink_ms,165.1988,45100000
owd_downlink_ms,169.0239,45100000
prediction_position_error_mm,36.822106689214706,45100000
prediction_orientation_error_deg,0,45100000
prediction_position_error_mm,38.72508555650711,45200000
prediction_orientation_error_deg,0,45200000
owd_uplink_ms,173.469,45300000
owd_downlink_ms,167.2354,45300000
correction_magnitude_mm,5.244349129498005,43594799
correction_magnitude_deg,0,43594799
prediction_position_error_mm,35.33726930618286,45300000
prediction_orientation_error_deg,0,45300000
owd_uplink_ms,169.4169,45400000
owd_downlink_ms,170.5432,45400000
prediction_position_error_mm,38.90303522348404,45400000
prediction_orientation_error_deg,0,45400000
owd_uplink_ms,167.5018,45500000
owd_downlink_ms,169.0072,45500000
correction_magnitude_mm,5.064684431999922,43798089
correction_magnitude_deg,0,43798089
prediction_position_error_mm,33.84009003639221,45500000
prediction_orientation_error_deg,0,45500000
owd_uplink_ms,172.8696,45600000
owd_downlink_ms,171.9896,45600000
prediction_position_error_mm,35.550639033317566,45600000
prediction_orientation_error_deg,0,45600000
owd_uplink_ms,165.051,45700000
owd_downlink_ms,171.7126,45700000
prediction_position_error_mm,36.36263310909271,45700000
prediction_orientation_error_deg,0,45700000
owd_uplink_ms,171.2746,45800000
owd_downlink_ms,166.9206,45800000
prediction_position_error_mm,31.573008745908737,45800000
prediction_orientation_error_deg,0,45800000
owd_uplink_ms,169.6043,45900000
owd_downlink_ms,171.9361,45900000
prediction_position_error_mm,33.13790261745453,45900000
prediction_orientation_error_deg,0,45900000
owd_uplink_ms,167.4507,46000000
owd_downlink_ms,166.9371,46000000
prediction_position_error_mm,30.04865162074566,46000000
prediction_orientation_error_deg,0,46000000
owd_uplink_ms,171.3875,46100000
owd_downlink_ms,172.6741,46100000
owd_uplink_ms,166.9275,46100000
owd_downlink_ms,166.4888,46100000
prediction_position_error_mm,30.70124238729477,46100000
prediction_orientation_error_deg,0,46100000
prediction_position_error_mm,32.07036107778549,46200000
prediction_orientation_error_deg,0,46200000
owd_uplink_ms,164.5149,46300000
owd_downlink_ms,163.9775,46300000
owd_uplink_ms,170.6449,46300000
owd_downlink_ms,169.2291,46300000
prediction_position_error_mm,29.06525507569313,46300000
prediction_orientation_error_deg,0,46300000
prediction_position_error_mm,30.336184427142143,46400000
prediction_orientation_error_deg,0,46400000
owd_uplink_ms,169.0901,46500000
owd_downlink_ms,172.9005,46500000
prediction_position_error_mm,29.465995728969574,46500000
prediction_orientation_error_deg,0,46500000
owd_uplink_ms,172.5498,46600000
owd_downlink_ms,167.1744,46600000
prediction_position_error_mm,28.593959286808968,46600000
prediction_orientation_error_deg,0,46600000
owd_uplink_ms,167.5373,46700000
owd_downlink_ms,167.9225,46700000
prediction_position_error_mm,24.64723028242588,46700000
prediction_orientation_error_deg,0,46700000
owd_uplink_ms,170.7809,46800000
owd_downlink_ms,171.6618,46800000
prediction_position_error_mm,26.84522420167923,46800000
prediction_orientation_error_deg,0,46800000
owd_uplink_ms,172.2074,46900000
owd_downlink_ms,166.0583,46900000
prediction_position_error_mm,25.96890740096569,46900000
prediction_orientation_error_deg,0,46900000
owd_uplink_ms,169.8425,47000000
owd_downlink_ms,167.4597,47000000
prediction_position_error_mm,25.091610848903656,47000000
prediction_orientation_error_deg,0,47000000
owd_uplink_ms,166.8131,47100000
owd_downlink_ms,165.318,47100000
prediction_position_error_mm,22.456839680671692,47100000
prediction_orientation_error_deg,0,47100000
owd_uplink_ms,171.741,47200000
owd_downlink_ms,172.1402,47200000
prediction_position_error_mm,22.456839680671692,47200000
prediction_orientation_error_deg,0,47200000
prediction_position_error_mm,24.164073169231415,47300000
prediction_orientation_error_deg,0,47300000
owd_uplink_ms,170.2808,47400000
owd_downlink_ms,174.2497,47400000
owd_uplink_ms,170.0077,47400000
owd_downlink_ms,165.802,47400000
owd_uplink_ms,168.633,47400000
owd_downlink_ms,169.4995,47400000
prediction_position_error_mm,19.967658445239067,47400000
prediction_orientation_error_deg,0,47400000
prediction_position_error_mm,20.700370892882347,47500000
prediction_orientation_error_deg,0,47500000
owd_uplink_ms,169.5666,47600000
owd_downlink_ms,170.1609,47600000
prediction_position_error_mm,19.138988107442856,47600000
prediction_orientation_error_deg,0,47600000
prediction_position_error_mm,20.45978233218193,47700000
prediction_orientation_error_deg,0,47700000
owd_uplink_ms,169.5769,47800000
owd_downlink_ms,171.7188,47800000
owd_uplink_ms,171.9128,47800000
owd_downlink_ms,166.3957,47800000
owd_uplink_ms,167.9555,47800000
owd_downlink_ms,168.2419,47800000
prediction_position_error_mm,16.071991994976997,47800000
prediction_orientation_error_deg,0,47800000
prediction_position_error_mm,16.66293479502201,47900000
prediction_orientation_error_deg,0,47900000
owd_uplink_ms,166.3473,48000000
owd_downlink_ms,172.7356,48000000
owd_uplink_ms,163.9659,48000000
owd_downlink_ms,167.9404,48000000
prediction_position_error_mm,14.528488740324974,48000000
prediction_orientation_error_deg,0,48000000
owd_uplink_ms,165.5638,48100000
owd_downlink_ms,168.2974,48100000
prediction_position_error_mm,14.2161063849926,48100000
prediction_orientation_error_deg,0,48100000
owd_uplink_ms,167.9285,48200000
owd_downlink_ms,165.4203,48200000
prediction_position_error_mm,13.002242892980576,48200000
prediction_orientation_error_deg,0,48200000
owd_uplink_ms,166.3539,48300000
owd_downlink_ms,168.0412,48300000
prediction_position_error_mm,12.248502112925053,48300000
prediction_orientation_error_deg,0,48300000
prediction_position_error_mm,12.61508371680975,48400000
prediction_orientation_error_deg,0,48400000
owd_uplink_ms,164.8416,48500000
owd_downlink_ms,165.9248,48500000
prediction_position_error_mm,10.768109001219273,48500000
prediction_orientation_error_deg,0,48500000
owd_uplink_ms,173.3271,48600000
owd_downlink_ms,172.6327,48600000
owd_uplink_ms,166.2885,48600000
owd_downlink_ms,164.1926,48600000
prediction_position_error_mm,10.04616916179657,48600000
prediction_orientation_error_deg,0,48600000
prediction_position_error_mm,10.505367070436478,48700000
prediction_orientation_error_deg,0,48700000
owd_uplink_ms,167.96,48800000
owd_downlink_ms,171.7722,48800000
prediction_position_error_mm,9.735237807035446,48800000
prediction_orientation_error_deg,0,48800000
owd_uplink_ms,170.2569,48900000
owd_downlink_ms,169.7453,48900000
prediction_position_error_mm,8.994857780635357,48900000
prediction_orientation_error_deg,0,48900000
owd_uplink_ms,172.1638,49000000
owd_downlink_ms,166.4723,49000000
owd_uplink_ms,164.2809,49000000
owd_downlink_ms,168.8455,49000000
prediction_position_error_mm,7.517567835748196,49000000
prediction_orientation_error_deg,0,49000000
owd_uplink_ms,165.2683,49100000
owd_downlink_ms,168.7444,49100000
prediction_position_error_mm,6.9280448369681835,49100000
prediction_orientation_error_deg,0,49100000
owd_uplink_ms,168.0083,49200000
owd_downlink_ms,166.4889,49200000
prediction_position_error_mm,6.266453769057989,49200000
prediction_orientation_error_deg,0,49200000
prediction_position_error_mm,6.405553314834833,49300000
prediction_orientation_error_deg,0,49300000
owd_uplink_ms,171.8473,49400000
owd_downlink_ms,165.6809,49400000
prediction_position_error_mm,5.447612144052982,49400000
prediction_orientation_error_deg,0,49400000
owd_uplink_ms,166.606,49500000
owd_downlink_ms,170.1446,49500000
prediction_position_error_mm,5.839056335389614,49500000
prediction_orientation_error_deg,0,49500000
owd_uplink_ms,173.5735,49600000
owd_downlink_ms,170.0859,49600000
prediction_position_error_mm,5.69142634049058,49600000
prediction_orientation_error_deg,0,49600000
owd_uplink_ms,172.703,49700000
owd_downlink_ms,169.4082,49700000
prediction_position_error_mm,5.695455241948366,49700000
prediction_orientation_error_deg,0,49700000
owd_uplink_ms,165.9883,49800000
owd_downlink_ms,169.8767,49800000
prediction_position_error_mm,5.650161765515804,49800000
prediction_orientation_error_deg,0,49800000
owd_uplink_ms,172.7392,49900000
owd_downlink_ms,171.9384,49900000
prediction_position_error_mm,5.650161765515804,49900000
prediction_orientation_error_deg,0,49900000
prediction_position_error_mm,6.692300084978342,50000000
prediction_orientation_error_deg,0,50000000
prediction_position_error_mm,0,100000
prediction_orientation_error_deg,0,100000
prediction_position_error_mm,0,200000
prediction_orientation_error_deg,0,200000
prediction_position_error_mm,0,300000
prediction_orientation_error_deg,0,300000
prediction_position_error_mm,0,400000
prediction_orientation_error_deg,0,400000
prediction_position_error_mm,0,500000
prediction_orientation_error_deg,0,500000
prediction_position_error_mm,0,600000
prediction_orientation_error_deg,0,600000
prediction_position_error_mm,0,700000
prediction_orientation_error_deg,0,700000
prediction_position_error_mm,0,800000
prediction_orientation_error_deg,0,800000
prediction_position_error_mm,0,900000
prediction_orientation_error_deg,0,900000
prediction_position_error_mm,0,1000000
prediction_orientation_error_deg,0,1000000
prediction_position_error_mm,0,1100000
prediction_orientation_error_deg,0,1100000
prediction_position_error_mm,0,1200000
prediction_orientation_error_deg,0,1200000
prediction_position_error_mm,0,1300000
prediction_orientation_error_deg,0,1300000
prediction_position_error_mm,0,1400000
prediction_orientation_error_deg,0,1400000
prediction_position_error_mm,0,1500000
prediction_orientation_error_deg,0,1500000
prediction_position_error_mm,0,1600000
prediction_orientation_error_deg,0,1600000
prediction_position_error_mm,0,1700000
prediction_orientation_error_deg,0,1700000
prediction_position_error_mm,1299.9999523162842,1800000
prediction_orientation_error_deg,0,1800000
prediction_position_error_mm,1299.9999523162842,1900000
prediction_orientation_error_deg,0,1900000
prediction_position_error_mm,1300.0091314315796,2000000
prediction_orientation_error_deg,0,2000000
prediction_position_error_mm,1300.020456314087,2100000
prediction_orientation_error_deg,0,2100000
prediction_position_error_mm,1300.0361919403076,2200000
prediction_orientation_error_deg,0,2200000
prediction_position_error_mm,1300.0361919403076,2300000
prediction_orientation_error_deg,0,2300000
prediction_position_error_mm,1300.0812530517578,2400000
prediction_orientation_error_deg,0,2400000
prediction_position_error_mm,1300.1103401184082,2500000
prediction_orientation_error_deg,0,2500000
prediction_position_error_mm,1300.1103401184082,2600000
prediction_orientation_error_deg,0,2600000
prediction_position_error_mm,1300.1817464828491,2700000
prediction_orientation_error_deg,0,2700000
prediction_position_error_mm,1300.2238273620605,2800000
prediction_orientation_error_deg,0,2800000
prediction_position_error_mm,1300.2238273620605,2900000
prediction_orientation_error_deg,0,2900000
prediction_position_error_mm,1300.3205060958862,3000000
prediction_orientation_error_deg,0,3000000
prediction_position_error_mm,1300.3205060958862,3100000
prediction_orientation_error_deg,0,3100000
prediction_position_error_mm,1300.3751039505005,3200000
prediction_orientation_error_deg,0,3200000
prediction_position_error_mm,1300.4335165023804,3300000
prediction_orientation_error_deg,0,3300000
prediction_position_error_mm,1300.495982170105,3400000
prediction_orientation_error_deg,0,3400000
owd_uplink_ms,168.5506,3500000
owd_downlink_ms,168.5506,3500000
correction_magnitude_mm,1299.9999523162842,1809955
correction_magnitude_deg,0,1809955
prediction_position_error_mm,84.61777120828629,3500000
prediction_orientation_error_deg,0,3500000
prediction_position_error_mm,89.54636752605438,3600000
prediction_orientation_error_deg,0,3600000
owd_uplink_ms,173.8324,3700000
owd_downlink_ms,166.0588,3700000
correction_magnitude_mm,9.99937579035759,2000238
correction_magnitude_deg,0,2000238
prediction_position_error_mm,84.47075635194778,3700000
prediction_orientation_error_deg,0,3700000
owd_uplink_ms,169.4894,3800000
owd_downlink_ms,172.4644,3800000
owd_uplink_ms,165.3166,3800000
owd_downlink_ms,165.0203,3800000
prediction_position_error_mm,84.3857005238533,3800000
prediction_orientation_error_deg,0,3800000
prediction_position_error_mm,89.28846567869186,3900000
prediction_orientation_error_deg,0,3900000
owd_uplink_ms,165.1463,4000000
owd_downlink_ms,170.0334,4000000
prediction_position_error_mm,89.18622881174088,4000000
prediction_orientation_error_deg,0,4000000
owd_uplink_ms,169.0651,4100000
owd_downlink_ms,165.1135,4100000
correction_magnitude_mm,9.98841691762209,2404753
correction_magnitude_deg,0,2404753
owd_uplink_ms,172.392,4100000
owd_downlink_ms,167.0822,4100000
prediction_position_error_mm,84.08451825380325,4100000
prediction_orientation_error_deg,0,4100000
prediction_position_error_mm,84.08451825380325,4200000
prediction_orientation_error_deg,0,4200000
owd_uplink_ms,169.3517,4300000
owd_downlink_ms,172.7444,4300000
prediction_position_error_mm,88.83094787597656,4300000
prediction_orientation_error_deg,0,4300000
owd_uplink_ms,171.1803,4400000
owd_downlink_ms,168.6932,4400000
correction_magnitude_mm,9.97062399983406,2699248
correction_magnitude_deg,0,2699248
owd_uplink_ms,169.8146,4400000
owd_downlink_ms,169.019,4400000
prediction_position_error_mm,83.71460437774658,4400000
prediction_orientation_error_deg,0,4400000
owd_uplink_ms,167.8571,4500000
owd_downlink_ms,166.8089,4500000
prediction_position_error_mm,78.73674482107162,4500000
prediction_orientation_error_deg,0,4500000
prediction_position_error_mm,83.57611298561096,4600000
prediction_orientation_error_deg,0,4600000
prediction_position_error_mm,88.40315788984299,4700000
prediction_orientation_error_deg,0,4700000
owd_uplink_ms,169.4352,4800000
owd_downlink_ms,172.1478,4800000
correction_magnitude_mm,9.944643825292587,3000334
correction_magnitude_deg,0,3000334
owd_uplink_ms,173.3239,4800000
owd_downlink_ms,172.5751,4800000
prediction_position_error_mm,88.07796984910965,4800000
prediction_orientation_error_deg,0,4800000
owd_uplink_ms,170.997,4900000
owd_downlink_ms,169.197,4900000
prediction_position_error_mm,83.11536908149719,4900000
prediction_orientation_error_deg,0,4900000
owd_uplink_ms,170.4839,5000000
owd_downlink_ms,166.4388,5000000
prediction_position_error_mm,87.72097527980804,5000000
prediction_orientation_error_deg,0,5000000
prediction_position_error_mm,92.48072654008865,5100000
prediction_orientation_error_deg,0,5100000
owd_uplink_ms,171.2219,5200000
owd_downlink_ms,172.3071,5200000
prediction_position_error_mm,87.53065019845963,5200000
prediction_orientation_error_deg,0,5200000
owd_uplink_ms,171.7105,5300000
owd_downlink_ms,172.9162,5300000
correction_magnitude_mm,9.883258491754532,3494957
correction_magnitude_deg,0,3494957
owd_uplink_ms,165.1608,5300000
owd_downlink_ms,172.2138,5300000
owd_uplink_ms,165.9604,5300000
owd_downlink_ms,164.8689,5300000
prediction_position_error_mm,77.46758311986923,5300000
prediction_orientation_error_deg,0,5300000
prediction_position_error_mm,86.91257983446121,5400000
prediction_orientation_error_deg,0,5400000
owd_uplink_ms,169.8235,5500000
owd_downlink_ms,171.7431,5500000
owd_uplink_ms,167.7299,5500000
owd_downlink_ms,166.7541,5500000
prediction_position_error_mm,81.77929371595383,5500000
prediction_orientation_error_deg,0,5500000
owd_uplink_ms,168.5265,5600000
owd_downlink_ms,167.3995,5600000
prediction_position_error_mm,81.55903965234756,5600000
prediction_orientation_error_deg,0,5600000
owd_uplink_ms,169.7479,5700000
owd_downlink_ms,169.1855,5700000
prediction_position_error_mm,76.6657292842865,5700000
prediction_orientation_error_deg,0,5700000
owd_uplink_ms,166.7975,5800000
owd_downlink_ms,164.3585,5800000
prediction_position_error_mm,81.09673857688904,5800000
prediction_orientation_error_deg,0,5800000
prediction_position_error_mm,81.09673857688904,5900000
prediction_orientation_error_deg,0,5900000
owd_uplink_ms,170.9628,6000000
owd_downlink_ms,168.3183,6000000
correction_magnitude_mm,9.738579392433167,4295122
correction_magnitude_deg,0,4295122
prediction_position_error_mm,80.60568571090698,6000000
prediction_orientation_error_deg,0,6000000
owd_uplink_ms,165.8737,6100000
owd_downlink_ms,170.5237,6100000
owd_uplink_ms,169.3242,6100000
owd_downlink_ms,165.5807,6100000
prediction_position_error_mm,80.34950494766235,6100000
prediction_orientation_error_deg,0,6100000
prediction_position_error_mm,84.92517471313477,6200000
prediction_orientation_error_deg,0,6200000
prediction_position_error_mm,84.92517471313477,6300000
prediction_orientation_error_deg,0,6300000
owd_uplink_ms,171.3343,6400000
owd_downlink_ms,170.9007,6400000
prediction_position_error_mm,89.17944878339767,6400000
prediction_orientation_error_deg,0,6400000
owd_uplink_ms,170.8565,6500000
owd_downlink_ms,171.0448,6500000
owd_uplink_ms,170.9579,6500000
owd_downlink_ms,166.6211,6500000
correction_magnitude_mm,9.619619697332382,4790529
correction_magnitude_deg,0,4790529
prediction_position_error_mm,74.73716139793396,6500000
prediction_orientation_error_deg,0,6500000
owd_uplink_ms,165.3439,6600000
owd_downlink_ms,172.0646,6600000
prediction_position_error_mm,83.75107496976852,6600000
prediction_orientation_error_deg,0,6600000
owd_uplink_ms,169.5298,6700000
owd_downlink_ms,166.3192,6700000
correction_magnitude_mm,9.565997868776321,4994917
correction_magnitude_deg,0,4994917
prediction_position_error_mm,78.66530865430832,6700000
prediction_orientation_error_deg,0,6700000
owd_uplink_ms,166.9238,6800000
owd_downlink_ms,171.4814,6800000
prediction_position_error_mm,83.120197057724,6800000
prediction_orientation_error_deg,0,6800000
owd_uplink_ms,169.9335,6900000
owd_downlink_ms,172.2759,6900000
prediction_position_error_mm,78.36052030324936,6900000
prediction_orientation_error_deg,0,6900000
owd_uplink_ms,170.4676,7000000
owd_downlink_ms,164.8539,7000000
prediction_position_error_mm,78.04898917675018,7000000
prediction_orientation_error_deg,0,7000000
prediction_position_error_mm,82.46058225631714,7100000
prediction_orientation_error_deg,0,7100000
owd_uplink_ms,171.3359,7200000
owd_downlink_ms,170.6929,7200000
correction_magnitude_mm,9.448655880987644,5395721
correction_magnitude_deg,0,5395721
owd_uplink_ms,168.1692,7200000
owd_downlink_ms,173.5985,7200000
owd_uplink_ms,165.4505,7200000
owd_downlink_ms,164.544,7200000
prediction_position_error_mm,72.70725071430206,7200000
prediction_orientation_error_deg,0,7200000
owd_uplink_ms,167.0482,7300000
owd_downlink_ms,164.9455,7300000
prediction_position_error_mm,76.73632353544235,7300000
prediction_orientation_error_deg,0,7300000
prediction_position_error_mm,76.73632353544235,7400000
prediction_orientation_error_deg,0,7400000
prediction_position_error_mm,85.35373210906982,7500000
prediction_orientation_error_deg,0,7500000
owd_uplink_ms,166.681,7600000
owd_downlink_ms,170.4923,7600000
correction_magnitude_mm,9.317988529801369,5803509
correction_magnitude_deg,0,5803509
owd_uplink_ms,173.3062,7600000
owd_downlink_ms,172.6455,7600000
prediction_position_error_mm,76.0408490896225,7600000
prediction_orientation_error_deg,0,7600000
owd_uplink_ms,165.1396,7700000
owd_downlink_ms,168.7591,7700000
correction_magnitude_mm,9.247791953384876,6007207
correction_magnitude_deg,0,6007207
prediction_position_error_mm,75.31993836164474,7700000
prediction_orientation_error_deg,0,7700000
owd_uplink_ms,170.7283,7800000
owd_downlink_ms,170.3645,7800000
owd_uplink_ms,169.7803,7800000
owd_downlink_ms,166.6871,7800000
prediction_position_error_mm,74.95004683732986,7800000
prediction_orientation_error_deg,0,7800000
owd_uplink_ms,168.2938,7900000
owd_downlink_ms,169.5238,7900000
prediction_position_error_mm,74.57400858402252,7900000
prediction_orientation_error_deg,0,7900000
prediction_position_error_mm,74.57400858402252,8000000
prediction_orientation_error_deg,0,8000000
owd_uplink_ms,166.7393,8100000
owd_downlink_ms,167.5763,8100000
correction_magnitude_mm,9.097868576645851,6405468
correction_magnitude_deg,0,6405468
prediction_position_error_mm,73.8036185503006,8100000
prediction_orientation_error_deg,0,8100000
owd_uplink_ms,172.1103,8200000
owd_downlink_ms,172.4374,8200000
prediction_position_error_mm,73.8036185503006,8200000
prediction_orientation_error_deg,0,8200000
owd_uplink_ms,173.9732,8300000
owd_downlink_ms,169.5819,8300000
correction_magnitude_mm,9.018203243613243,6600386
correction_magnitude_deg,0,6600386
prediction_position_error_mm,68.91295313835144,8300000
prediction_orientation_error_deg,0,8300000
owd_uplink_ms,166.7765,8400000
owd_downlink_ms,171.6716,8400000
owd_uplink_ms,167.3791,8400000
owd_downlink_ms,168.6248,8400000
prediction_position_error_mm,72.60338217020035,8400000
prediction_orientation_error_deg,0,8400000
owd_uplink_ms,167.5048,8500000
owd_downlink_ms,166.5697,8500000
prediction_position_error_mm,72.19167053699493,8500000
prediction_orientation_error_deg,0,8500000
prediction_position_error_mm,76.20713114738464,8600000
prediction_orientation_error_deg,0,8600000
owd_uplink_ms,172.8167,8700000
owd_downlink_ms,168.3003,8700000
prediction_position_error_mm,75.7623016834259,8700000
prediction_orientation_error_deg,0,8700000
owd_uplink_ms,171.2163,8800000
owd_downlink_ms,169.7869,8800000
prediction_position_error_mm,75.3115639090538,8800000
prediction_orientation_error_deg,0,8800000
owd_uplink_ms,170.7183,8900000
owd_downlink_ms,169.4948,8900000
prediction_position_error_mm,74.8550072312355,8900000
prediction_orientation_error_deg,0,8900000
owd_uplink_ms,168.6093,9000000
owd_downlink_ms,167.0215,9000000
correction_magnitude_mm,8.715882897377014,7295946
correction_magnitude_deg,0,7295946
owd_uplink_ms,171.9809,9000000
owd_downlink_ms,169.3177,9000000
prediction_position_error_mm,70.0494796037674,9000000
prediction_orientation_error_deg,0,9000000
prediction_position_error_mm,70.0494796037674,9100000
prediction_orientation_error_deg,0,9100000
owd_uplink_ms,168.5471,9200000
owd_downlink_ms,166.1211,9200000
correction_magnitude_mm,8.62298533320427,7489586
correction_magnitude_deg,0,7489586
prediction_position_error_mm,65.30817598104477,9200000
prediction_orientation_error_deg,0,9200000
owd_uplink_ms,170.7539,9300000
owd_downlink_ms,172.1435,9300000
prediction_position_error_mm,69.15510445833206,9300000
prediction_orientation_error_deg,0,9300000
owd_uplink_ms,166.8523,9400000
owd_downlink_ms,168.0923,9400000
correction_magnitude_mm,8.527393452823162,7692874
correction_magnitude_deg,0,7692874
owd_uplink_ms,171.6687,9400000
owd_downlink_ms,170.1014,9400000
prediction_position_error_mm,68.24030727148056,9400000
prediction_orientation_error_deg,0,9400000
owd_uplink_ms,163.6664,9500000
owd_downlink_ms,166.5337,9500000
prediction_position_error_mm,67.77550280094147,9500000
prediction_orientation_error_deg,0,9500000
owd_uplink_ms,164.4505,9600000
owd_downlink_ms,164.8511,9600000
prediction_position_error_mm,63.57674300670624,9600000
prediction_orientation_error_deg,0,9600000
prediction_position_error_mm,71.00451737642288,9700000
prediction_orientation_error_deg,0,9700000
owd_uplink_ms,168.3396,9800000
owd_downlink_ms,166.2044,9800000
correction_magnitude_mm,8.328071795403957,8092332
correction_magnitude_deg,0,8092332
owd_uplink_ms,171.7747,9800000
owd_downlink_ms,167.0619,9800000
prediction_position_error_mm,66.35259836912155,9800000
prediction_orientation_error_deg,0,9800000
prediction_position_error_mm,69.99044865369797,9900000
prediction_orientation_error_deg,0,9900000
prediction_position_error_mm,73.59715551137924,10000000
prediction_orientation_error_deg,0,10000000
owd_uplink_ms,170.7284,10100000
owd_downlink_ms,172.6972,10100000
owd_uplink_ms,169.7414,10100000
owd_downlink_ms,169.8126,10100000
correction_magnitude_mm,8.171874098479748,8388993
correction_magnitude_deg,0,8388993
prediction_position_error_mm,61.312366276979446,10100000
prediction_orientation_error_deg,0,10100000
owd_uplink_ms,165.9662,10200000
owd_downlink_ms,171.3988,10200000
owd_uplink_ms,168.2267,10200000
owd_downlink_ms,165.8611,10200000
prediction_position_error_mm,60.847118496894836,10200000
prediction_orientation_error_deg,0,10200000
owd_uplink_ms,165.3616,10300000
owd_downlink_ms,165.9797,10300000
prediction_position_error_mm,60.37796288728714,10300000
prediction_orientation_error_deg,0,10300000
prediction_position_error_mm,67.37492233514786,10400000
prediction_orientation_error_deg,0,10400000
owd_uplink_ms,169.2346,10500000
owd_downlink_ms,173.2815,10500000
prediction_position_error_mm,66.83900207281113,10500000
prediction_orientation_error_deg,0,10500000
owd_uplink_ms,167.6256,10600000
owd_downlink_ms,170.878,10600000
prediction_position_error_mm,66.29908829927444,10600000
prediction_orientation_error_deg,0,10600000
owd_uplink_ms,168.6841,10700000
owd_downlink_ms,169.7561,10700000
owd_uplink_ms,168.0299,10700000
owd_downlink_ms,167.5835,10700000
prediction_position_error_mm,61.852775514125824,10700000
prediction_orientation_error_deg,0,10700000
prediction_position_error_mm,61.852775514125824,10800000
prediction_orientation_error_deg,0,10800000
owd_uplink_ms,170.5567,10900000
owd_downlink_ms,168.1707,10900000
prediction_position_error_mm,64.65684622526169,10900000
prediction_orientation_error_deg,0,10900000
owd_uplink_ms,172.8737,11000000
owd_downlink_ms,167.1776,11000000
prediction_position_error_mm,64.1024187207222,11000000
prediction_orientation_error_deg,0,11000000
owd_uplink_ms,165.6975,11100000
owd_downlink_ms,168.0143,11100000
correction_magnitude_mm,7.613580673933029,9396297
correction_magnitude_deg,0,9396297
prediction_position_error_mm,56.49929866194725,11100000
prediction_orientation_error_deg,0,11100000
owd_uplink_ms,170.8334,11200000
owd_downlink_ms,173.2086,11200000
prediction_position_error_mm,62.98389285802841,11200000
prediction_orientation_error_deg,0,11200000
owd_uplink_ms,168.0055,11300000
owd_downlink_ms,171.1477,11300000
prediction_position_error_mm,59.22704190015793,11300000
prediction_orientation_error_deg,0,11300000
owd_uplink_ms,168.8938,11400000
owd_downlink_ms,164.5116,11400000
correction_magnitude_mm,7.436032872647047,9697716
correction_magnitude_deg,0,9697716
prediction_position_error_mm,58.15669521689415,11400000
prediction_orientation_error_deg,0,11400000
owd_uplink_ms,171.433,11500000
owd_downlink_ms,173.5159,11500000
owd_uplink_ms,167.9686,11500000
owd_downlink_ms,169.4169,11500000
prediction_position_error_mm,54.48941886425018,11500000
prediction_orientation_error_deg,0,11500000
prediction_position_error_mm,60.712698847055435,11600000
prediction_orientation_error_deg,0,11600000
owd_uplink_ms,169.0439,11700000
owd_downlink_ms,171.5439,11700000
owd_uplink_ms,165.7448,11700000
owd_downlink_ms,164.1814,11700000
prediction_position_error_mm,56.533586233854294,11700000
prediction_orientation_error_deg,0,11700000
prediction_position_error_mm,56.533586233854294,11800000
prediction_orientation_error_deg,0,11800000
prediction_position_error_mm,62.55808472633362,11900000
prediction_orientation_error_deg,0,11900000
owd_uplink_ms,173.5054,12000000
owd_downlink_ms,170.6031,12000000
owd_uplink_ms,172.2783,12000000
owd_downlink_ms,166.7856,12000000
prediction_position_error_mm,58.405280113220215,12000000
prediction_orientation_error_deg,0,12000000
owd_uplink_ms,172.0953,12100000
owd_downlink_ms,168.0817,12100000
correction_magnitude_mm,7.007021922618151,10387791
correction_magnitude_deg,0,10387791
owd_uplink_ms,168.1154,12100000
owd_downlink_ms,170.276,12100000
prediction_position_error_mm,51.41263082623482,12100000
prediction_orientation_error_deg,0,12100000
prediction_position_error_mm,54.3440505862236,12200000
prediction_orientation_error_deg,0,12200000
owd_uplink_ms,169.2215,12300000
owd_downlink_ms,173.1499,12300000
prediction_position_error_mm,56.65820091962814,12300000
prediction_orientation_error_deg,0,12300000
owd_uplink_ms,165.9012,12400000
owd_downlink_ms,171.2426,12400000
owd_uplink_ms,168.6589,12400000
owd_downlink_ms,164.6457,12400000
prediction_position_error_mm,52.689410746097565,12400000
prediction_orientation_error_deg,0,12400000
prediction_position_error_mm,52.689410746097565,12500000
prediction_orientation_error_deg,0,12500000
prediction_position_error_mm,58.254506438970566,12600000
prediction_orientation_error_deg,0,12600000
owd_uplink_ms,166.5694,12700000
owd_downlink_ms,172.7231,12700000
correction_magnitude_mm,6.6903457045555115,10904755
correction_magnitude_deg,0,10904755
owd_uplink_ms,174.1219,12700000
owd_downlink_ms,173.3918,12700000
prediction_position_error_mm,54.31792885065079,12700000
prediction_orientation_error_deg,0,12700000
owd_uplink_ms,166.5529,12800000
owd_downlink_ms,171.033,12800000
prediction_position_error_mm,51.030416041612625,12800000
prediction_orientation_error_deg,0,12800000
owd_uplink_ms,171.1266,12900000
owd_downlink_ms,164.6803,12900000
correction_magnitude_mm,6.497474852949381,11201384
correction_magnitude_deg,0,11201384
owd_uplink_ms,169.1551,12900000
owd_downlink_ms,168.5511,12900000
prediction_position_error_mm,49.9250590801239,12900000
prediction_orientation_error_deg,0,12900000
prediction_position_error_mm,52.56285518407822,13000000
prediction_orientation_error_deg,0,13000000
owd_uplink_ms,172.7956,13100000
owd_downlink_ms,166.529,13100000
correction_magnitude_mm,6.367948371917009,11392796
correction_magnitude_deg,0,11392796
prediction_position_error_mm,46.21535167098045,13100000
prediction_orientation_error_deg,0,13100000
owd_uplink_ms,165.2215,13200000
owd_downlink_ms,170.8079,13200000
prediction_position_error_mm,51.39690265059471,13200000
prediction_orientation_error_deg,0,13200000
prediction_position_error_mm,53.93822118639946,13300000
prediction_orientation_error_deg,0,13300000
owd_uplink_ms,166.6673,13400000
owd_downlink_ms,170.6169,13400000
correction_magnitude_mm,6.237979978322983,11604715
correction_magnitude_deg,0,11604715
owd_uplink_ms,172.0729,13400000
owd_downlink_ms,171.5866,13400000
owd_uplink_ms,167.2139,13400000
owd_downlink_ms,167.2203,13400000
prediction_position_error_mm,47.17925563454628,13400000
prediction_orientation_error_deg,0,13400000
prediction_position_error_mm,49.660034477710724,13500000
prediction_orientation_error_deg,0,13500000
owd_uplink_ms,168.8439,13600000
owd_downlink_ms,164.6079,13600000
correction_magnitude_mm,6.042571738362312,11898819
correction_magnitude_deg,0,11898819
owd_uplink_ms,170.2312,13600000
owd_downlink_ms,170.0669,13600000
prediction_position_error_mm,43.642133474349976,13600000
prediction_orientation_error_deg,0,13600000
owd_uplink_ms,165.3639,13700000
owd_downlink_ms,165.614,13700000
prediction_position_error_mm,45.555230230093,13700000
prediction_orientation_error_deg,0,13700000
prediction_position_error_mm,47.945134341716766,13800000
prediction_orientation_error_deg,0,13800000
owd_uplink_ms,170.1183,13900000
owd_downlink_ms,165.2566,13900000
prediction_position_error_mm,47.38010838627815,13900000
prediction_orientation_error_deg,0,13900000
prediction_position_error_mm,47.38010838627815,14000000
prediction_orientation_error_deg,0,14000000
owd_uplink_ms,167.891,14100000
owd_downlink_ms,171.512,14100000
correction_magnitude_mm,5.782310385257006,12297377
correction_magnitude_deg,0,12297377
owd_uplink_ms,171.8137,14100000
owd_downlink_ms,171.7809,14100000
prediction_position_error_mm,46.261876821517944,14100000
prediction_orientation_error_deg,0,14100000
owd_uplink_ms,164.7408,14200000
owd_downlink_ms,171.0753,14200000
prediction_position_error_mm,45.70964723825455,14200000
prediction_orientation_error_deg,0,14200000
owd_uplink_ms,172.4557,14300000
owd_downlink_ms,166.2308,14300000
correction_magnitude_mm,5.588320083916187,12597474
correction_magnitude_deg,0,12597474
prediction_position_error_mm,42.40213334560394,14300000
prediction_orientation_error_deg,0,14300000
owd_uplink_ms,164.7734,14400000
owd_downlink_ms,171.3516,14400000
owd_uplink_ms,165.0721,14400000
owd_downlink_ms,164.4066,14400000
prediction_position_error_mm,41.893236339092255,14400000
prediction_orientation_error_deg,0,14400000
prediction_position_error_mm,44.085342437028885,14500000
prediction_orientation_error_deg,0,14500000
owd_uplink_ms,168.6051,14600000
owd_downlink_ms,168.1318,14600000
correction_magnitude_mm,5.39651932194829,12904272
correction_magnitude_deg,0,12904272
owd_uplink_ms,171.9032,14600000
owd_downlink_ms,169.8052,14600000
prediction_position_error_mm,40.89367389678955,14600000
prediction_orientation_error_deg,0,14600000
owd_uplink_ms,167.8153,14700000
owd_downlink_ms,168.1051,14700000
prediction_position_error_mm,38.26092928647995,14700000
prediction_orientation_error_deg,0,14700000
prediction_position_error_mm,40.403734892606735,14800000
prediction_orientation_error_deg,0,14800000
owd_uplink_ms,171.5834,14900000
owd_downlink_ms,167.0638,14900000
correction_magnitude_mm,5.207859445363283,13196362
correction_magnitude_deg,0,13196362
prediction_position_error_mm,37.35232353210449,14900000
prediction_orientation_error_deg,0,14900000
owd_uplink_ms,165.6252,15000000
owd_downlink_ms,170.9443,15000000
owd_uplink_ms,166.3204,15000000
owd_downlink_ms,165.7716,15000000
prediction_position_error_mm,38.97956758737564,15000000
prediction_orientation_error_deg,0,15000000
owd_uplink_ms,166.5538,15100000
owd_downlink_ms,166.6638,15100000
prediction_position_error_mm,36.4738330245018,15100000
prediction_orientation_error_deg,0,15100000
owd_uplink_ms,168.5244,15200000
owd_downlink_ms,169.1213,15200000
prediction_position_error_mm,38.072843104600906,15200000
prediction_orientation_error_deg,0,15200000
prediction_position_error_mm,40.074534714221954,15300000
prediction_orientation_error_deg,0,15300000
prediction_position_error_mm,40.074534714221954,15400000
prediction_orientation_error_deg,0,15400000
owd_uplink_ms,168.1161,15500000
owd_downlink_ms,169.856,15500000
owd_uplink_ms,171.2724,15500000
owd_downlink_ms,171.0805,15500000
owd_uplink_ms,167.4734,15500000
owd_downlink_ms,166.8211,15500000
prediction_position_error_mm,36.787837743759155,15500000
prediction_orientation_error_deg,0,15500000
owd_uplink_ms,167.002,15600000
owd_downlink_ms,164.982,15600000
prediction_position_error_mm,36.38166934251785,15600000
prediction_orientation_error_deg,0,15600000
prediction_position_error_mm,36.38166934251785,15700000
prediction_orientation_error_deg,0,15700000
owd_uplink_ms,164.5064,15800000
owd_downlink_ms,164.0984,15800000
owd_uplink_ms,171.2579,15800000
owd_downlink_ms,167.0843,15800000
prediction_position_error_mm,35.606250166893005,15800000
prediction_orientation_error_deg,0,15800000
owd_uplink_ms,168.0559,15900000
owd_downlink_ms,165.6024,15900000
prediction_position_error_mm,33.3399623632431,15900000
prediction_orientation_error_deg,0,15900000
prediction_position_error_mm,37.117742002010345,16000000
prediction_orientation_error_deg,0,16000000
owd_uplink_ms,169.4375,16100000
owd_downlink_ms,174.0653,16100000
prediction_position_error_mm,36.75016388297081,16100000
prediction_orientation_error_deg,0,16100000
owd_uplink_ms,166.9181,16200000
owd_downlink_ms,170.4669,16200000
owd_uplink_ms,169.4694,16200000
owd_downlink_ms,167.0447,16200000
prediction_position_error_mm,34.21876206994057,16200000
prediction_orientation_error_deg,0,16200000
prediction_position_error_mm,36.06247156858444,16300000
prediction_orientation_error_deg,0,16300000
owd_uplink_ms,167.9444,16400000
owd_downlink_ms,172.3421,16400000
prediction_position_error_mm,35.74349731206894,16400000
prediction_orientation_error_deg,0,16400000
owd_uplink_ms,172.166,16500000
owd_downlink_ms,165.8595,16500000
prediction_position_error_mm,35.442054271698,16500000
prediction_orientation_error_deg,0,16500000
owd_uplink_ms,172.7836,16600000
owd_downlink_ms,170.487,16600000
prediction_position_error_mm,33.339958637952805,16600000
prediction_orientation_error_deg,0,16600000
owd_uplink_ms,164.9264,16700000
owd_downlink_ms,166.19,16700000
owd_uplink_ms,172.2006,16700000
owd_downlink_ms,170.513,16700000
prediction_position_error_mm,31.02179430425167,16700000
prediction_orientation_error_deg,0,16700000
prediction_position_error_mm,34.64800491929054,16800000
prediction_orientation_error_deg,0,16800000
prediction_position_error_mm,34.64800491929054,16900000
prediction_orientation_error_deg,0,16900000
owd_uplink_ms,165.3112,17000000
owd_downlink_ms,170.5974,17000000
owd_uplink_ms,172.6023,17000000
owd_downlink_ms,173.0993,17000000
owd_uplink_ms,166.662,17000000
owd_downlink_ms,169.1085,17000000
prediction_position_error_mm,30.41946329176426,17000000
prediction_orientation_error_deg,0,17000000
prediction_position_error_mm,34.031420946121216,17100000
prediction_orientation_error_deg,0,17100000
owd_uplink_ms,171.6633,17200000
owd_downlink_ms,166.1952,17200000
prediction_position_error_mm,30.109144747257233,17200000
prediction_orientation_error_deg,0,17200000
owd_uplink_ms,169.6683,17300000
owd_downlink_ms,173.1965,17300000
owd_uplink_ms,169.547,17300000
owd_downlink_ms,164.6341,17300000
prediction_position_error_mm,31.794697046279907,17300000
prediction_orientation_error_deg,0,17300000
prediction_position_error_mm,31.794697046279907,17400000
prediction_orientation_error_deg,0,17400000
prediction_position_error_mm,35.41423752903938,17500000
prediction_orientation_error_deg,0,17500000
owd_uplink_ms,171.4076,17600000
owd_downlink_ms,172.3592,17600000
owd_uplink_ms,169.0945,17600000
owd_downlink_ms,173.007,17600000
prediction_position_error_mm,33.430974930524826,17600000
prediction_orientation_error_deg,0,17600000
owd_uplink_ms,169.6641,17700000
owd_downlink_ms,167.8992,17700000
prediction_position_error_mm,29.67364713549614,17700000
prediction_orientation_error_deg,0,17700000
owd_uplink_ms,170.5589,17800000
owd_downlink_ms,172.1085,17800000
owd_uplink_ms,168.5628,17800000
owd_downlink_ms,166.2269,17800000
prediction_position_error_mm,31.491350382566452,17800000
prediction_orientation_error_deg,0,17800000
owd_uplink_ms,167.8108,17900000
owd_downlink_ms,169.7796,17900000
prediction_position_error_mm,29.64029647409916,17900000
prediction_orientation_error_deg,0,17900000
owd_uplink_ms,164.588,18000000
owd_downlink_ms,165.7705,18000000
prediction_position_error_mm,31.521115452051163,18000000
prediction_orientation_error_deg,0,18000000
prediction_position_error_mm,31.521115452051163,18100000
prediction_orientation_error_deg,0,18100000
owd_uplink_ms,167.9317,18200000
owd_downlink_ms,172.8536,18200000
prediction_position_error_mm,31.568512320518494,18200000
prediction_orientation_error_deg,0,18200000
owd_uplink_ms,167.5262,18300000
owd_downlink_ms,170.5301,18300000
prediction_position_error_mm,33.54129195213318,18300000
prediction_orientation_error_deg,0,18300000
owd_uplink_ms,173.7998,18400000
owd_downlink_ms,165.5831,18400000
prediction_position_error_mm,33.648326992988586,18400000
prediction_orientation_error_deg,0,18400000
owd_uplink_ms,170.626,18500000
owd_downlink_ms,168.3251,18500000
prediction_position_error_mm,31.972385942935944,18500000
prediction_orientation_error_deg,0,18500000
owd_uplink_ms,169.364,18600000
owd_downlink_ms,171.5584,18600000
prediction_position_error_mm,31.972385942935944,18600000
prediction_orientation_error_deg,0,18600000
prediction_position_error_mm,35.90003773570061,18700000
prediction_orientation_error_deg,0,18700000
owd_uplink_ms,172.0751,18800000
owd_downlink_ms,171.5463,18800000
owd_uplink_ms,168.1609,18800000
owd_downlink_ms,169.2348,18800000
prediction_position_error_mm,32.49333053827286,18800000
prediction_orientation_error_deg,0,18800000
owd_uplink_ms,170.9418,18900000
owd_downlink_ms,170.7216,18900000
prediction_position_error_mm,34.51259806752205,18900000
prediction_orientation_error_deg,0,18900000
owd_uplink_ms,172.5159,19000000
owd_downlink_ms,168.8156,19000000
prediction_position_error_mm,32.93921798467636,19000000
prediction_orientation_error_deg,0,19000000
owd_uplink_ms,167.6203,19100000
owd_downlink_ms,171.5133,19100000
prediction_position_error_mm,35.0048765540123,19100000
prediction_orientation_error_deg,0,19100000
owd_uplink_ms,169.3144,19200000
owd_downlink_ms,165.5095,19200000
prediction_position_error_mm,33.459827303886414,19200000
prediction_orientation_error_deg,0,19200000
owd_uplink_ms,171.1037,19300000
owd_downlink_ms,173.1652,19300000
prediction_position_error_mm,35.575125366449356,19300000
prediction_orientation_error_deg,0,19300000
owd_uplink_ms,166.7333,19400000
owd_downlink_ms,171.5125,19400000
prediction_position_error_mm,35.888176411390305,19400000
prediction_orientation_error_deg,0,19400000
owd_uplink_ms,171.0303,19500000
owd_downlink_ms,169.0639,19500000
prediction_position_error_mm,34.37185287475586,19500000
prediction_orientation_error_deg,0,19500000
owd_uplink_ms,166.8019,19600000
owd_downlink_ms,170.9786,19600000
prediction_position_error_mm,36.56703233718872,19600000
prediction_orientation_error_deg,0,19600000
prediction_position_error_mm,36.56703233718872,19700000
prediction_orientation_error_deg,0,19700000
owd_uplink_ms,166.1247,19800000
owd_downlink_ms,169.9839,19800000
owd_uplink_ms,171.7285,19800000
owd_downlink_ms,171.7076,19800000
prediction_position_error_mm,37.31244057416916,19800000
prediction_orientation_error_deg,0,19800000
owd_uplink_ms,171.2352,19900000
owd_downlink_ms,167.3239,19900000
prediction_position_error_mm,35.427652299404144,19900000
prediction_orientation_error_deg,0,19900000
owd_uplink_ms,172.0043,20000000
owd_downlink_ms,165.5333,20000000
owd_uplink_ms,168.8252,20000000
owd_downlink_ms,167.8326,20000000
prediction_position_error_mm,36.20363771915436,20000000
prediction_orientation_error_deg,0,20000000
prediction_position_error_mm,38.54437917470932,20100000
prediction_orientation_error_deg,0,20100000
owd_uplink_ms,169.4725,20200000
owd_downlink_ms,172.2022,20200000
owd_uplink_ms,169.2835,20200000
owd_downlink_ms,166.0726,20200000
prediction_position_error_mm,37.03218698501587,20200000
prediction_orientation_error_deg,0,20200000
prediction_position_error_mm,39.4345223903656,20300000
prediction_orientation_error_deg,0,20300000
owd_uplink_ms,169.4317,20400000
owd_downlink_ms,166.7331,20400000
owd_uplink_ms,170.5007,20400000
owd_downlink_ms,169.8994,20400000
prediction_position_error_mm,35.471152514219284,20400000
prediction_orientation_error_deg,0,20400000
owd_uplink_ms,165.6908,20500000
owd_downlink_ms,164.9992,20500000
prediction_position_error_mm,38.36298733949661,20500000
prediction_orientation_error_deg,0,20500000
owd_uplink_ms,166.3198,20600000
owd_downlink_ms,169.5545,20600000
prediction_position_error_mm,38.827914744615555,20600000
prediction_orientation_error_deg,0,20600000
owd_uplink_ms,165.3502,20700000
owd_downlink_ms,166.8286,20700000
prediction_position_error_mm,39.302486926317215,20700000
prediction_orientation_error_deg,0,20700000
prediction_position_error_mm,41.86556860804558,20800000
prediction_orientation_error_deg,0,20800000
owd_uplink_ms,168.8175,20900000
owd_downlink_ms,173.3177,20900000
prediction_position_error_mm,42.38247498869896,20900000
prediction_orientation_error_deg,0,20900000
owd_uplink_ms,168.6657,21000000
owd_downlink_ms,171.9545,21000000
owd_uplink_ms,169.7687,21000000
owd_downlink_ms,165.574,21000000
prediction_position_error_mm,40.77969864010811,21000000
prediction_orientation_error_deg,0,21000000
owd_uplink_ms,169.4918,21100000
owd_downlink_ms,168.3528,21100000
prediction_position_error_mm,41.28814488649368,21100000
prediction_orientation_error_deg,0,21100000
prediction_position_error_mm,43.98485645651817,21200000
prediction_orientation_error_deg,0,21200000
owd_uplink_ms,166.6172,21300000
owd_downlink_ms,172.6492,21300000
prediction_position_error_mm,44.5345938205719,21300000
prediction_orientation_error_deg,0,21300000
owd_uplink_ms,170.1253,21400000
owd_downlink_ms,170.3605,21400000
prediction_position_error_mm,45.091189444065094,21400000
prediction_orientation_error_deg,0,21400000
owd_uplink_ms,173.7413,21500000
owd_downlink_ms,166.1204,21500000
owd_uplink_ms,169.2417,21500000
owd_downlink_ms,166.9672,21500000
prediction_position_error_mm,40.5893437564373,21500000
prediction_orientation_error_deg,0,21500000
prediction_position_error_mm,43.390437960624695,21600000
prediction_orientation_error_deg,0,21600000
owd_uplink_ms,170.1866,21700000
owd_downlink_ms,165.6465,21700000
owd_uplink_ms,165.111,21700000
owd_downlink_ms,169.9223,21700000
prediction_position_error_mm,44.47639733552933,21700000
prediction_orientation_error_deg,0,21700000
prediction_position_error_mm,47.378551214933395,21800000
prediction_orientation_error_deg,0,21800000
owd_uplink_ms,166.6895,21900000
owd_downlink_ms,171.823,21900000
owd_uplink_ms,169.2165,21900000
owd_downlink_ms,168.7237,21900000
prediction_position_error_mm,42.64256730675697,21900000
prediction_orientation_error_deg,0,21900000
owd_uplink_ms,166.1514,22000000
owd_downlink_ms,166.2565,22000000
prediction_position_error_mm,43.16655173897743,22000000
prediction_orientation_error_deg,0,22000000
prediction_position_error_mm,49.14585128426552,22100000
prediction_orientation_error_deg,0,22100000
owd_uplink_ms,165.0777,22200000
owd_downlink_ms,164.8099,22200000
owd_uplink_ms,170.3664,22200000
owd_downlink_ms,167.2387,22200000
prediction_position_error_mm,44.224776327610016,22200000
prediction_orientation_error_deg,0,22200000
prediction_position_error_mm,47.26731404662132,22300000
prediction_orientation_error_deg,0,22300000
owd_uplink_ms,168.7556,22400000
owd_downlink_ms,169.8221,22400000
owd_uplink_ms,168.7182,22400000
owd_downlink_ms,169.2031,22400000
prediction_position_error_mm,45.29491811990738,22400000
prediction_orientation_error_deg,0,22400000
owd_uplink_ms,166.0747,22500000
owd_downlink_ms,164.8715,22500000
prediction_position_error_mm,45.83357647061348,22500000
prediction_orientation_error_deg,0,22500000
owd_uplink_ms,164.485,22600000
owd_downlink_ms,165.0234,22600000
prediction_position_error_mm,46.37422785162926,22600000
prediction_orientation_error_deg,0,22600000
prediction_position_error_mm,52.770134061574936,22700000
prediction_orientation_error_deg,0,22700000
owd_uplink_ms,168.7532,22800000
owd_downlink_ms,170.4054,22800000
prediction_position_error_mm,50.1326359808445,22800000
prediction_orientation_error_deg,0,22800000
owd_uplink_ms,167.723,22900000
owd_downlink_ms,172.5932,22900000
owd_uplink_ms,167.3395,22900000
owd_downlink_ms,164.5396,22900000
prediction_position_error_mm,51.29099264740944,22900000
prediction_orientation_error_deg,0,22900000
owd_uplink_ms,165.4564,23000000
owd_downlink_ms,164.7004,23000000
prediction_position_error_mm,51.87159404158592,23000000
prediction_orientation_error_deg,0,23000000
owd_uplink_ms,169.0169,23100000
owd_downlink_ms,169.3426,23100000
prediction_position_error_mm,52.45301127433777,23100000
prediction_orientation_error_deg,0,23100000
prediction_position_error_mm,55.8401457965374,23200000
prediction_orientation_error_deg,0,23200000
owd_uplink_ms,171.9006,23300000
owd_downlink_ms,166.388,23300000
prediction_position_error_mm,53.03468555212021,23300000
prediction_orientation_error_deg,0,23300000
owd_uplink_ms,164.3464,23400000
owd_downlink_ms,164.4849,23400000
correction_magnitude_mm,5.733623169362545,21699595
correction_magnitude_deg,0,21699595
owd_uplink_ms,172.7791,23400000
owd_downlink_ms,167.5615,23400000
prediction_position_error_mm,54.198458790779114,23400000
prediction_orientation_error_deg,0,23400000
prediction_position_error_mm,57.68804997205734,23500000
prediction_orientation_error_deg,0,23500000
owd_uplink_ms,169.6096,23600000
owd_downlink_ms,172.4581,23600000
prediction_position_error_mm,58.303505182266235,23600000
prediction_orientation_error_deg,0,23600000
prediction_position_error_mm,61.859652400016785,23700000
prediction_orientation_error_deg,0,23700000
owd_uplink_ms,172.0513,23800000
owd_downlink_ms,173.4664,23800000
owd_uplink_ms,168.0442,23800000
owd_downlink_ms,168.9193,23800000
correction_magnitude_mm,6.005449220538139,22099498
correction_magnitude_deg,0,22099498
prediction_position_error_mm,52.92968079447746,23800000
prediction_orientation_error_deg,0,23800000
owd_uplink_ms,173.3599,23900000
owd_downlink_ms,170.8763,23900000
prediction_position_error_mm,56.52127414941788,23900000
prediction_orientation_error_deg,0,23900000
owd_uplink_ms,172.1078,24000000
owd_downlink_ms,169.9478,24000000
prediction_position_error_mm,60.757096856832504,24000000
prediction_orientation_error_deg,0,24000000
owd_uplink_ms,170.5771,24100000
owd_downlink_ms,168.64,24100000
prediction_position_error_mm,57.6767735183239,24100000
prediction_orientation_error_deg,0,24100000
owd_uplink_ms,170.5348,24200000
owd_downlink_ms,169.2748,24200000
prediction_position_error_mm,58.25240910053253,24200000
prediction_orientation_error_deg,0,24200000
owd_uplink_ms,169.2229,24300000
owd_downlink_ms,170.7755,24300000
prediction_position_error_mm,62.582507729530334,24300000
prediction_orientation_error_deg,0,24300000
owd_uplink_ms,169.6447,24400000
owd_downlink_ms,169.3388,24400000
correction_magnitude_mm,6.41649030148983,22691258
correction_magnitude_deg,0,22691258
prediction_position_error_mm,56.17940053343773,24400000
prediction_orientation_error_deg,0,24400000
owd_uplink_ms,168.4378,24500000
owd_downlink_ms,171.1813,24500000
prediction_position_error_mm,63.78961354494095,24500000
prediction_orientation_error_deg,0,24500000
owd_uplink_ms,166.6123,24600000
owd_downlink_ms,167.4644,24600000
correction_magnitude_mm,6.5534221939742565,22895753
correction_magnitude_deg,0,22895753
prediction_position_error_mm,61.10227853059769,24600000
prediction_orientation_error_deg,0,24600000
owd_uplink_ms,170.6381,24700000
owd_downlink_ms,171.7366,24700000
prediction_position_error_mm,61.10227853059769,24700000
prediction_orientation_error_deg,0,24700000
owd_uplink_ms,166.3994,24800000
owd_downlink_ms,171.053,24800000
prediction_position_error_mm,65.58197736740112,24800000
prediction_orientation_error_deg,0,24800000
owd_uplink_ms,166.1861,24900000
owd_downlink_ms,170.0267,24900000
prediction_position_error_mm,66.17385894060135,24900000
prediction_orientation_error_deg,0,24900000
owd_uplink_ms,169.6253,25000000
owd_downlink_ms,171.551,25000000
prediction_position_error_mm,66.76273047924042,25000000
prediction_orientation_error_deg,0,25000000
owd_uplink_ms,172.7848,25100000
owd_downlink_ms,164.6465,25100000
correction_magnitude_mm,6.893618032336235,23399977
correction_magnitude_deg,0,23399977
owd_uplink_ms,169.6745,25100000
owd_downlink_ms,167.335,25100000
prediction_position_error_mm,59.87953022122383,25100000
prediction_orientation_error_deg,0,25100000
owd_uplink_ms,165.8723,25200000
owd_downlink_ms,165.7526,25200000
prediction_position_error_mm,64.43845480680466,25200000
prediction_orientation_error_deg,0,25200000
prediction_position_error_mm,64.43845480680466,25300000
prediction_orientation_error_deg,0,25300000
owd_uplink_ms,167.7887,25400000
owd_downlink_ms,170.6487,25400000
owd_uplink_ms,166.8143,25400000
owd_downlink_ms,165.2514,25400000
prediction_position_error_mm,65.5251294374466,25400000
prediction_orientation_error_deg,0,25400000
prediction_position_error_mm,65.5251294374466,25500000
prediction_orientation_error_deg,0,25500000
prediction_position_error_mm,73.81638884544373,25600000
prediction_orientation_error_deg,0,25600000
owd_uplink_ms,170.3766,25700000
owd_downlink_ms,173.6506,25700000
prediction_position_error_mm,70.22376358509064,25700000
prediction_orientation_error_deg,0,25700000
owd_uplink_ms,171.8777,25800000
owd_downlink_ms,170.0574,25800000
correction_magnitude_mm,7.294976618140936,24000341
correction_magnitude_deg,0,24000341
owd_uplink_ms,166.593,25800000
owd_downlink_ms,171.9563,25800000
prediction_position_error_mm,67.12768971920013,25800000
prediction_orientation_error_deg,0,25800000
owd_uplink_ms,170.6079,25900000
owd_downlink_ms,166.3711,25900000
prediction_position_error_mm,71.90176099538803,25900000
prediction_orientation_error_deg,0,25900000
owd_uplink_ms,171.1857,26000000
owd_downlink_ms,164.8642,26000000
correction_magnitude_mm,7.491547614336014,24293846
correction_magnitude_deg,0,24293846
owd_uplink_ms,167.8563,26000000
owd_downlink_ms,167.5058,26000000
prediction_position_error_mm,68.69440525770187,26000000
prediction_orientation_error_deg,0,26000000
prediction_position_error_mm,72.99855351448059,26100000
prediction_orientation_error_deg,0,26100000
owd_uplink_ms,172.3862,26200000
owd_downlink_ms,168.6886,26200000
correction_magnitude_mm,7.62075325474143,24488786
correction_magnitude_deg,0,24488786
prediction_position_error_mm,69.7173923254013,26200000
prediction_orientation_error_deg,0,26200000
owd_uplink_ms,165.8592,26300000
owd_downlink_ms,170.8382,26300000
owd_uplink_ms,165.9294,26300000
owd_downlink_ms,166.0846,26300000
prediction_position_error_mm,70.22213935852051,26300000
prediction_orientation_error_deg,0,26300000
prediction_position_error_mm,70.22213935852051,26400000
prediction_orientation_error_deg,0,26400000
owd_uplink_ms,167.6609,26500000
owd_downlink_ms,168.8632,26500000
correction_magnitude_mm,7.811535149812698,24796707
correction_magnitude_deg,0,24796707
prediction_position_error_mm,71.21752947568893,26500000
prediction_orientation_error_deg,0,26500000
owd_uplink_ms,170.6887,26600000
owd_downlink_ms,173.3242,26600000
owd_uplink_ms,167.1365,26600000
owd_downlink_ms,165.6783,26600000
prediction_position_error_mm,71.70799374580383,26600000
prediction_orientation_error_deg,0,26600000
owd_uplink_ms,165.7216,26700000
owd_downlink_ms,164.864,26700000
prediction_position_error_mm,72.19351083040237,26700000
prediction_orientation_error_deg,0,26700000
prediction_position_error_mm,76.68543606996536,26800000
prediction_orientation_error_deg,0,26800000
owd_uplink_ms,170.5401,26900000
owd_downlink_ms,165.2158,26900000
correction_magnitude_mm,8.059525862336159,25190453
correction_magnitude_deg,0,25190453
prediction_position_error_mm,73.14933091402054,26900000
prediction_orientation_error_deg,0,26900000
owd_uplink_ms,163.9911,27000000
owd_downlink_ms,170.9928,27000000
prediction_position_error_mm,73.14933091402054,27000000
prediction_orientation_error_deg,0,27000000
owd_uplink_ms,166.4835,27100000
owd_downlink_ms,165.8105,27100000
correction_magnitude_mm,8.180530741810799,25398365
correction_magnitude_deg,0,25398365
owd_uplink_ms,171.9123,27100000
owd_downlink_ms,169.2938,27100000
prediction_position_error_mm,74.08426702022552,27100000
prediction_orientation_error_deg,0,27100000
prediction_position_error_mm,78.67592573165894,27200000
prediction_orientation_error_deg,0,27200000
owd_uplink_ms,170.4368,27300000
owd_downlink_ms,165.7383,27300000
correction_magnitude_mm,8.299505338072777,25589221
correction_magnitude_deg,0,25589221
prediction_position_error_mm,74.99751448631287,27300000
prediction_orientation_error_deg,0,27300000
owd_uplink_ms,165.3612,27400000
owd_downlink_ms,173.3317,27400000
prediction_position_error_mm,79.63686436414719,27400000
prediction_orientation_error_deg,0,27400000
owd_uplink_ms,172.6472,27500000
owd_downlink_ms,169.1945,27500000
prediction_position_error_mm,80.10844141244888,27500000
prediction_orientation_error_deg,0,27500000
prediction_position_error_mm,84.7938060760498,27600000
prediction_orientation_error_deg,0,27600000
owd_uplink_ms,172.4562,27700000
owd_downlink_ms,171.3635,27700000
correction_magnitude_mm,8.473680354654789,25893505
correction_magnitude_deg,0,25893505
owd_uplink_ms,164.9495,27700000
owd_downlink_ms,172.9347,27700000
prediction_position_error_mm,81.03346824645996,27700000
prediction_orientation_error_deg,0,27700000
owd_uplink_ms,169.784,27800000
owd_downlink_ms,170.7166,27800000
prediction_position_error_mm,76.75636559724808,27800000
prediction_orientation_error_deg,0,27800000
owd_uplink_ms,167.9092,27900000
owd_downlink_ms,171.943,27900000
prediction_position_error_mm,77.18157023191452,27900000
prediction_orientation_error_deg,0,27900000
owd_uplink_ms,168.1668,28000000
owd_downlink_ms,171.5768,28000000
owd_uplink_ms,168.6793,28000000
owd_downlink_ms,165.4863,28000000
prediction_position_error_mm,73.24015349149704,28000000
prediction_orientation_error_deg,0,28000000
prediction_position_error_mm,82.80837535858154,28100000
prediction_orientation_error_deg,0,28100000
owd_uplink_ms,169.0323,28200000
owd_downlink_ms,168.4345,28200000
correction_magnitude_mm,8.805881254374981,26509215
correction_magnitude_deg,0,26509215
prediction_position_error_mm,74.00642335414886,28200000
prediction_orientation_error_deg,0,28200000
owd_uplink_ms,173.6701,28300000
owd_downlink_ms,170.4919,28300000
prediction_position_error_mm,83.65701138973236,28300000
prediction_orientation_error_deg,0,28300000
owd_uplink_ms,165.1568,28400000
owd_downlink_ms,169.2186,28400000
owd_uplink_ms,166.2219,28400000
owd_downlink_ms,167.3139,28400000
prediction_position_error_mm,79.60451394319534,28400000
prediction_orientation_error_deg,0,28400000
prediction_position_error_mm,79.60451394319534,28500000
prediction_orientation_error_deg,0,28500000
owd_uplink_ms,167.6419,28600000
owd_downlink_ms,170.0357,28600000
prediction_position_error_mm,79.98630404472351,28600000
prediction_orientation_error_deg,0,28600000
owd_uplink_ms,169.3359,28700000
owd_downlink_ms,169.3656,28700000
prediction_position_error_mm,85.27371287345886,28700000
prediction_orientation_error_deg,0,28700000
owd_uplink_ms,166.8687,28800000
owd_downlink_ms,166.4392,28800000
correction_magnitude_mm,9.114631451666355,27114175
correction_magnitude_deg,0,27114175
prediction_position_error_mm,76.16240531206131,28800000
prediction_orientation_error_deg,0,28800000
owd_uplink_ms,174.2091,28900000
owd_downlink_ms,171.5419,28900000
prediction_position_error_mm,86.04064583778381,28900000
prediction_orientation_error_deg,0,28900000
owd_uplink_ms,168.7688,29000000
owd_downlink_ms,170.9512,29000000
owd_uplink_ms,169.0816,29000000
owd_downlink_ms,164.6064,29000000
prediction_position_error_mm,76.83182507753372,29000000
prediction_orientation_error_deg,0,29000000
prediction_position_error_mm,81.79718255996704,29100000
prediction_orientation_error_deg,0,29100000
owd_uplink_ms,167.4813,29200000
owd_downlink_ms,169.7026,29200000
owd_uplink_ms,167.7329,29200000
owd_downlink_ms,165.5888,29200000
prediction_position_error_mm,82.47456699609756,29200000
prediction_orientation_error_deg,0,29200000
owd_uplink_ms,169.6923,29300000
owd_downlink_ms,169.1597,29300000
prediction_position_error_mm,77.78821140527725,29300000
prediction_orientation_error_deg,0,29300000
owd_uplink_ms,166.7074,29400000
owd_downlink_ms,167.5977,29400000
prediction_position_error_mm,78.09407263994217,29400000
prediction_orientation_error_deg,0,29400000
prediction_position_error_mm,83.12437683343887,29500000
prediction_orientation_error_deg,0,29500000
owd_uplink_ms,171.2308,29600000
owd_downlink_ms,167.483,29600000
prediction_position_error_mm,83.43882113695145,29600000
prediction_orientation_error_deg,0,29600000
owd_uplink_ms,173.3735,29700000
owd_downlink_ms,168.2061,29700000
prediction_position_error_mm,88.82050961256027,29700000
prediction_orientation_error_deg,0,29700000
owd_uplink_ms,167.5432,29800000
owd_downlink_ms,164.6617,29800000
correction_magnitude_mm,9.571671485900879,28093771
correction_magnitude_deg,0,28093771
owd_uplink_ms,171.0485,29800000
owd_downlink_ms,169.1042,29800000
prediction_position_error_mm,84.33962613344193,29800000
prediction_orientation_error_deg,0,29800000
prediction_position_error_mm,84.33962613344193,29900000
prediction_orientation_error_deg,0,29900000
owd_uplink_ms,167.1267,30000000
owd_downlink_ms,167.873,30000000
correction_magnitude_mm,9.653856977820396,28292274
correction_magnitude_deg,0,28292274
prediction_position_error_mm,84.9042683839798,30000000
prediction_orientation_error_deg,0,30000000
owd_uplink_ms,172.4963,30100000
owd_downlink_ms,170.9718,30100000
prediction_position_error_mm,84.9042683839798,30100000
prediction_orientation_error_deg,0,30100000
owd_uplink_ms,165.0355,30200000
owd_downlink_ms,172.622,30200000
prediction_position_error_mm,90.31464159488678,30200000
prediction_orientation_error_deg,0,30200000
prediction_position_error_mm,90.31464159488678,30300000
prediction_orientation_error_deg,0,30300000
owd_uplink_ms,171.4012,30400000
owd_downlink_ms,172.3515,30400000
owd_uplink_ms,167.1089,30400000
owd_downlink_ms,164.6117,30400000
correction_magnitude_mm,9.808591566979885,28697918
correction_magnitude_deg,0,28697918
owd_uplink_ms,170.982,30400000
owd_downlink_ms,169.1063,30400000
prediction_position_error_mm,85.9457179903984,30400000
prediction_orientation_error_deg,0,30400000
prediction_position_error_mm,85.9457179903984,30500000
prediction_orientation_error_deg,0,30500000
owd_uplink_ms,170.059,30600000
owd_downlink_ms,165.3935,30600000
correction_magnitude_mm,9.881028905510902,28889743
correction_magnitude_deg,0,28889743
owd_uplink_ms,164.6192,30600000
owd_downlink_ms,168.9975,30600000
prediction_position_error_mm,81.23911172151566,30600000
prediction_orientation_error_deg,0,30600000
prediction_position_error_mm,86.42178773880005,30700000
prediction_orientation_error_deg,0,30700000
prediction_position_error_mm,96.81554138660431,30800000
prediction_orientation_error_deg,0,30800000
owd_uplink_ms,172.3866,30900000
owd_downlink_ms,173.3066,30900000
owd_uplink_ms,165.6902,30900000
owd_downlink_ms,169.773,30900000
correction_magnitude_mm,9.983343072235584,29201469
correction_magnitude_deg,0,29201469
prediction_position_error_mm,87.07920461893082,30900000
prediction_orientation_error_deg,0,30900000
owd_uplink_ms,173.402,31000000
owd_downlink_ms,173.4292,31000000
prediction_position_error_mm,87.07920461893082,31000000
prediction_orientation_error_deg,0,31000000
prediction_position_error_mm,92.29797124862671,31100000
prediction_orientation_error_deg,0,31100000
owd_uplink_ms,171.6515,31200000
owd_downlink_ms,172.0171,31200000
correction_magnitude_mm,5.015888717025518,29401960
correction_magnitude_deg,0,29401960
prediction_position_error_mm,97.74365276098251,31200000
prediction_orientation_error_deg,0,31200000
owd_uplink_ms,173.5143,31300000
owd_downlink_ms,171.3262,31300000
correction_magnitude_mm,5.031439010053873,29499226
correction_magnitude_deg,0,29499226
owd_uplink_ms,172.2948,31300000
owd_downlink_ms,165.4331,31300000
correction_magnitude_mm,5.0465562380850315,29590649
correction_magnitude_deg,0,29590649
prediction_position_error_mm,92.90868043899536,31300000
prediction_orientation_error_deg,0,31300000
owd_uplink_ms,170.2512,31400000
owd_downlink_ms,169.1237,31400000
correction_magnitude_mm,10.136718861758709,29689240
correction_magnitude_deg,0,29689240
prediction_position_error_mm,88.02126348018646,31400000
prediction_orientation_error_deg,0,31400000
owd_uplink_ms,165.1098,31500000
owd_downlink_ms,170.8456,31500000
prediction_position_error_mm,93.27471256256104,31500000
prediction_orientation_error_deg,0,31500000
owd_uplink_ms,169.5402,31600000
owd_downlink_ms,170.2858,31600000
correction_magnitude_mm,5.089266691356897,29797342
correction_magnitude_deg,0,29797342
prediction_position_error_mm,93.4453085064888,31600000
prediction_orientation_error_deg,0,31600000
prediction_position_error_mm,98.70924800634384,31700000
prediction_orientation_error_deg,0,31700000
owd_uplink_ms,171.119,31800000
owd_downlink_ms,171.1598,31800000
correction_magnitude_mm,10.218177922070026,29997393
correction_magnitude_deg,0,29997393
owd_uplink_ms,168.887,31800000
owd_downlink_ms,172.5406,31800000
prediction_position_error_mm,88.49286288022995,31800000
prediction_orientation_error_deg,0,31800000
owd_uplink_ms,169.0948,31900000
owd_downlink_ms,167.6378,31900000
correction_magnitude_mm,10.268035344779491,30200138
correction_magnitude_deg,0,30200138
owd_uplink_ms,170.0418,31900000
owd_downlink_ms,168.7993,31900000
prediction_position_error_mm,88.76773715019226,31900000
prediction_orientation_error_deg,0,31900000
prediction_position_error_mm,88.76773715019226,32000000
prediction_orientation_error_deg,0,32000000
owd_uplink_ms,167.0943,32100000
owd_downlink_ms,166.8398,32100000
correction_magnitude_mm,10.314282961189747,30398268
correction_magnitude_deg,0,30398268
owd_uplink_ms,170.8264,32100000
owd_downlink_ms,169.1472,32100000
prediction_position_error_mm,89.01073038578033,32100000
prediction_orientation_error_deg,0,32100000
prediction_position_error_mm,94.29280459880829,32200000
prediction_orientation_error_deg,0,32200000
prediction_position_error_mm,99.57695752382278,32300000
prediction_orientation_error_deg,0,32300000
owd_uplink_ms,173.173,32400000
owd_downlink_ms,171.4685,32400000
correction_magnitude_mm,5.173315294086933,30594039
correction_magnitude_deg,0,30594039
owd_uplink_ms,171.0561,32400000
owd_downlink_ms,165.4425,32400000
correction_magnitude_mm,5.1835267804563046,30687022
correction_magnitude_deg,0,30687022
prediction_position_error_mm,94.5076197385788,32400000
prediction_orientation_error_deg,0,32400000
owd_uplink_ms,163.7029,32500000
owd_downlink_ms,165.5854,32500000
correction_magnitude_mm,10.395723395049572,30789376
correction_magnitude_deg,0,30789376
prediction_position_error_mm,84.11324769258499,32500000
prediction_orientation_error_deg,0,32500000
owd_uplink_ms,172.4783,32600000
owd_downlink_ms,174.569,32600000
owd_uplink_ms,168.2981,32600000
owd_downlink_ms,168.9403,32600000
correction_magnitude_mm,5.211290437728167,30892793
correction_magnitude_deg,0,30892793
prediction_position_error_mm,84.189772605896,32600000
prediction_orientation_error_deg,0,32600000
prediction_position_error_mm,89.47766572237015,32700000
prediction_orientation_error_deg,0,32700000
prediction_position_error_mm,100.05346685647964,32800000
prediction_orientation_error_deg,0,32800000
owd_uplink_ms,170.3285,32900000
owd_downlink_ms,172.7296,32900000
correction_magnitude_mm,5.219638347625732,31095795
correction_magnitude_deg,0,31095795
owd_uplink_ms,172.602,32900000
owd_downlink_ms,166.8675,32900000
correction_magnitude_mm,10.462373495101929,31188627
correction_magnitude_deg,0,31188627
prediction_position_error_mm,84.37345176935196,32900000
prediction_orientation_error_deg,0,32900000
owd_uplink_ms,163.9328,33000000
owd_downlink_ms,172.1411,33000000
prediction_position_error_mm,89.66057002544403,33000000
prediction_orientation_error_deg,0,33000000
owd_uplink_ms,168.9277,33100000
owd_downlink_ms,172.268,33100000
correction_magnitude_mm,5.241816863417625,31303063
correction_magnitude_deg,0,31303063
owd_uplink_ms,167.6913,33100000
owd_downlink_ms,165.4977,33100000
correction_magnitude_mm,5.248276982456446,31400320
correction_magnitude_deg,0,31400320
prediction_position_error_mm,84.45750921964645,33100000
prediction_orientation_error_deg,0,33100000
owd_uplink_ms,164.5254,33200000
owd_downlink_ms,164.7373,33200000
correction_magnitude_mm,5.254238843917847,31500584
correction_magnitude_deg,0,31500584
prediction_position_error_mm,89.76998925209045,33200000
prediction_orientation_error_deg,0,33200000
owd_uplink_ms,167.9838,33300000
owd_downlink_ms,164.5803,33300000
correction_magnitude_mm,5.259743891656399,31596330
correction_magnitude_deg,0,31596330
prediction_position_error_mm,89.79004621505737,33300000
prediction_orientation_error_deg,0,33300000
prediction_position_error_mm,95.06609290838242,33400000
prediction_orientation_error_deg,0,33400000
owd_uplink_ms,166.6996,33500000
owd_downlink_ms,170.7185,33500000
correction_magnitude_mm,5.26477862149477,31701353
correction_magnitude_deg,0,31701353
prediction_position_error_mm,95.07426619529724,33500000
prediction_orientation_error_deg,0,33500000
owd_uplink_ms,169.9593,33600000
owd_downlink_ms,167.4964,33600000
correction_magnitude_mm,10.542734526097775,31898275
correction_magnitude_deg,0,31898275
prediction_position_error_mm,84.53260362148285,33600000
prediction_orientation_error_deg,0,33600000
owd_uplink_ms,165.0556,33700000
owd_downlink_ms,170.8946,33700000
prediction_position_error_mm,89.80090171098709,33700000
prediction_orientation_error_deg,0,33700000
prediction_position_error_mm,100.32285004854202,33800000
prediction_orientation_error_deg,0,33800000
owd_uplink_ms,166.7969,33900000
owd_downlink_ms,170.257,33900000
correction_magnitude_mm,10.557103902101517,32109898
correction_magnitude_deg,0,32109898
owd_uplink_ms,173.6394,33900000
owd_downlink_ms,172.1451,33900000
prediction_position_error_mm,89.76689726114273,33900000
prediction_orientation_error_deg,0,33900000
owd_uplink_ms,165.5281,34000000
owd_downlink_ms,170.345,34000000
correction_magnitude_mm,5.28274942189455,32214051
correction_magnitude_deg,0,32214051
prediction_position_error_mm,94.98422592878342,34000000
prediction_orientation_error_deg,0,34000000
owd_uplink_ms,169.8105,34100000
owd_downlink_ms,169.185,34100000
correction_magnitude_mm,5.284891929477453,32313269
correction_magnitude_deg,0,32313269
owd_uplink_ms,169.6542,34100000
owd_downlink_ms,164.5179,34100000
correction_magnitude_mm,5.286572966724634,32406848
correction_magnitude_deg,0,32406848
prediction_position_error_mm,89.65389430522919,34100000
prediction_orientation_error_deg,0,34100000
prediction_position_error_mm,94.88692134618759,34200000
prediction_orientation_error_deg,0,34200000
prediction_position_error_mm,94.88692134618759,34300000
prediction_orientation_error_deg,0,34300000
owd_uplink_ms,170.8004,34400000
owd_downlink_ms,169.8911,34400000
correction_magnitude_mm,5.287748761475086,32605711
correction_magnitude_deg,0,32605711
prediction_position_error_mm,100.04250705242157,34400000
prediction_orientation_error_deg,0,34400000
owd_uplink_ms,171.9498,34500000
owd_downlink_ms,171.8401,34500000
correction_magnitude_mm,5.288445390760899,32705573
correction_magnitude_deg,0,32705573
owd_uplink_ms,173.1711,34500000
owd_downlink_ms,166.5711,34500000
correction_magnitude_mm,10.577072389423847,32797324
correction_magnitude_deg,0,32797324
owd_uplink_ms,169.4336,34500000
owd_downlink_ms,169.1842,34500000
prediction_position_error_mm,84.17843282222748,34500000
prediction_orientation_error_deg,0,34500000
prediction_position_error_mm,89.38734233379364,34600000
prediction_orientation_error_deg,0,34600000
owd_uplink_ms,170.1363,34700000
owd_downlink_ms,165.5653,34700000
correction_magnitude_mm,5.287637002766132,32991300
correction_magnitude_deg,0,32991300
prediction_position_error_mm,89.3000066280365,34700000
prediction_orientation_error_deg,0,34700000
owd_uplink_ms,171.8919,34800000
owd_downlink_ms,170.4028,34800000
correction_magnitude_mm,5.286406725645065,33089439
correction_magnitude_deg,0,33089439
prediction_position_error_mm,94.38466280698776,34800000
prediction_orientation_error_deg,0,34800000
owd_uplink_ms,171.3883,34900000
owd_downlink_ms,168.9154,34900000
correction_magnitude_mm,10.567143559455872,33186348
correction_magnitude_deg,0,33186348
prediction_position_error_mm,83.81835371255875,34900000
prediction_orientation_error_deg,0,34900000
owd_uplink_ms,165.7785,35000000
owd_downlink_ms,174.1878,35000000
prediction_position_error_mm,94.14708614349365,35000000
prediction_orientation_error_deg,0,35000000
owd_uplink_ms,167.7158,35100000
owd_downlink_ms,170.548,35100000
correction_magnitude_mm,5.279742646962404,33300400
correction_magnitude_deg,0,33300400
owd_uplink_ms,168.8202,35100000
owd_downlink_ms,164.8144,35100000
correction_magnitude_mm,5.27657475322485,33395393
correction_magnitude_deg,0,33395393
prediction_position_error_mm,83.59158784151077,35100000
prediction_orientation_error_deg,0,35100000
owd_uplink_ms,169.3312,35200000
owd_downlink_ms,169.824,35200000
correction_magnitude_mm,5.272888112813234,33496009
correction_magnitude_deg,0,33496009
prediction_position_error_mm,83.46650749444962,35200000
prediction_orientation_error_deg,0,35200000
prediction_position_error_mm,93.7250554561615,35300000
prediction_orientation_error_deg,0,35300000
owd_uplink_ms,170.1035,35400000
owd_downlink_ms,166.8327,35400000
correction_magnitude_mm,5.26873953640461,33691921
correction_magnitude_deg,0,33691921
prediction_position_error_mm,88.45672011375427,35400000
prediction_orientation_error_deg,0,35400000
prediction_position_error_mm,98.6635833978653,35500000
prediction_orientation_error_deg,0,35500000
owd_uplink_ms,170.536,35600000
owd_downlink_ms,172.6614,35600000
correction_magnitude_mm,10.522994212806225,33794578
correction_magnitude_deg,0,33794578
owd_uplink_ms,166.1851,35600000
owd_downlink_ms,172.4243,35600000
prediction_position_error_mm,93.22432428598404,35600000
prediction_orientation_error_deg,0,35600000
owd_uplink_ms,170.0682,35700000
owd_downlink_ms,166.3353,35700000
correction_magnitude_mm,10.500493459403515,33997712
correction_magnitude_deg,0,33997712
owd_uplink_ms,166.3844,35700000
owd_downlink_ms,169.3283,35700000
prediction_position_error_mm,82.72457122802734,35700000
prediction_orientation_error_deg,0,35700000
owd_uplink_ms,167.758,35800000
owd_downlink_ms,165.258,35800000
correction_magnitude_mm,5.240574479103088,34098267
correction_magnitude_deg,0,34098267
prediction_position_error_mm,87.60674297809601,35800000
prediction_orientation_error_deg,0,35800000
prediction_position_error_mm,87.60674297809601,35900000
prediction_orientation_error_deg,0,35900000
owd_uplink_ms,168.9512,36000000
owd_downlink_ms,170.8344,36000000
correction_magnitude_mm,5.233482923358679,34200620
correction_magnitude_deg,0,34200620
prediction_position_error_mm,87.41208165884018,36000000
prediction_orientation_error_deg,0,36000000
owd_uplink_ms,172.502,36100000
owd_downlink_ms,165.2979,36100000
correction_magnitude_mm,10.443761013448238,34391615
correction_magnitude_deg,0,34391615
prediction_position_error_mm,86.99821680784225,36100000
prediction_orientation_error_deg,0,36100000
owd_uplink_ms,169.1928,36200000
owd_downlink_ms,172.6413,36200000
prediction_position_error_mm,86.99821680784225,36200000
prediction_orientation_error_deg,0,36200000
owd_uplink_ms,173.1012,36300000
owd_downlink_ms,169.4041,36300000
correction_magnitude_mm,5.209285765886307,34591305
correction_magnitude_deg,0,34591305
prediction_position_error_mm,91.75161272287369,36300000
prediction_orientation_error_deg,0,36300000
prediction_position_error_mm,91.75161272287369,36400000
prediction_orientation_error_deg,0,36400000
owd_uplink_ms,170.2791,36500000
owd_downlink_ms,174.1845,36500000
correction_magnitude_mm,5.200251471251249,34696187
correction_magnitude_deg,0,34696187
owd_uplink_ms,166.4228,36500000
owd_downlink_ms,167.1511,36500000
correction_magnitude_mm,10.371435433626175,34797098
correction_magnitude_deg,0,34797098
prediction_position_error_mm,81.13586902618408,36500000
prediction_orientation_error_deg,0,36500000
owd_uplink_ms,171.391,36600000
owd_downlink_ms,171.8197,36600000
prediction_position_error_mm,90.99093824625015,36600000
prediction_orientation_error_deg,0,36600000
prediction_position_error_mm,95.89007496833801,36700000
prediction_orientation_error_deg,0,36700000
owd_uplink_ms,171.5065,36800000
owd_downlink_ms,170.3993,36800000
correction_magnitude_mm,10.329480282962322,34996251
correction_magnitude_deg,0,34996251
owd_uplink_ms,166.2251,36800000
owd_downlink_ms,172.4109,36800000
prediction_position_error_mm,85.56130528450012,36800000
prediction_orientation_error_deg,0,36800000
owd_uplink_ms,171.8194,36900000
owd_downlink_ms,167.2312,36900000
correction_magnitude_mm,5.1477765664458275,35198248
correction_magnitude_deg,0,35198248
prediction_position_error_mm,90.15320986509323,36900000
prediction_orientation_error_deg,0,36900000
prediction_position_error_mm,94.99244391918182,37000000
prediction_orientation_error_deg,0,37000000
owd_uplink_ms,167.493,37100000
owd_downlink_ms,170.2647,37100000
correction_magnitude_mm,10.259263217449188,35301712
correction_magnitude_deg,0,35301712
owd_uplink_ms,170.8639,37100000
owd_downlink_ms,172.2016,37100000
prediction_position_error_mm,89.55223113298416,37100000
prediction_orientation_error_deg,0,37100000
owd_uplink_ms,171.9713,37200000
owd_downlink_ms,168.6193,37200000
correction_magnitude_mm,10.207642801105976,35499194
correction_magnitude_deg,0,35499194
prediction_position_error_mm,84.14224535226822,37200000
prediction_orientation_error_deg,0,37200000
owd_uplink_ms,166.1931,37300000
owd_downlink_ms,171.0964,37300000
prediction_position_error_mm,88.91745656728745,37300000
prediction_orientation_error_deg,0,37300000
owd_uplink_ms,167.8808,37400000
owd_downlink_ms,170.4998,37400000
correction_magnitude_mm,5.08325407281518,35608595
correction_magnitude_deg,0,35608595
prediction_position_error_mm,88.58747035264969,37400000
prediction_orientation_error_deg,0,37400000
prediction_position_error_mm,93.31770986318588,37500000
prediction_orientation_error_deg,0,37500000
owd_uplink_ms,169.4011,37600000
owd_downlink_ms,169.4201,37600000
correction_magnitude_mm,10.123031213879585,35808618
correction_magnitude_deg,0,35808618
owd_uplink_ms,173.8953,37600000
owd_downlink_ms,169.9684,37600000
prediction_position_error_mm,87.90240436792374,37600000
prediction_orientation_error_deg,0,37600000
owd_uplink_ms,172.4555,37700000
owd_downlink_ms,169.4766,37700000
correction_magnitude_mm,5.038795527070761,35999986
correction_magnitude_deg,0,35999986
prediction_position_error_mm,87.5474289059639,37700000
prediction_orientation_error_deg,0,37700000
owd_uplink_ms,169.746,37800000
owd_downlink_ms,166.7282,37800000
correction_magnitude_mm,10.029844008386135,36096214
correction_magnitude_deg,0,36096214
prediction_position_error_mm,82.17762410640717,37800000
prediction_orientation_error_deg,0,37800000
owd_uplink_ms,166.7342,37900000
owd_downlink_ms,173.4615,37900000
prediction_position_error_mm,82.17762410640717,37900000
prediction_orientation_error_deg,0,37900000
owd_uplink_ms,173.6432,38000000
owd_downlink_ms,167.6255,38000000
correction_magnitude_mm,9.962981566786766,36297101
correction_magnitude_deg,0,36297101
owd_uplink_ms,169.0839,38000000
owd_downlink_ms,168.5207,38000000
prediction_position_error_mm,76.85015350580215,38000000
prediction_orientation_error_deg,0,38000000
prediction_position_error_mm,86.04489266872406,38100000
prediction_orientation_error_deg,0,38100000
prediction_position_error_mm,86.04489266872406,38200000
prediction_orientation_error_deg,0,38200000
owd_uplink_ms,172.9359,38300000
owd_downlink_ms,173.4107,38300000
owd_uplink_ms,171.3117,38300000
owd_downlink_ms,168.2691,38300000
correction_magnitude_mm,9.85566433519125,36593188
correction_magnitude_deg,0,36593188
owd_uplink_ms,168.2617,38300000
owd_downlink_ms,169.3842,38300000
prediction_position_error_mm,75.79366117715836,38300000
prediction_orientation_error_deg,0,38300000
prediction_position_error_mm,84.83229577541351,38400000
prediction_orientation_error_deg,0,38400000
owd_uplink_ms,165.2804,38500000
owd_downlink_ms,172.5978,38500000
prediction_position_error_mm,84.41194891929626,38500000
prediction_orientation_error_deg,0,38500000
owd_uplink_ms,169.0984,38600000
owd_downlink_ms,164.5994,38600000
correction_magnitude_mm,9.739967063069344,36898115
correction_magnitude_deg,0,36898115
owd_uplink_ms,171.3423,38600000
owd_downlink_ms,166.7995,38600000
prediction_position_error_mm,79.12386953830719,38600000
prediction_orientation_error_deg,0,38600000
owd_uplink_ms,167.4655,38700000
owd_downlink_ms,165.4356,38700000
prediction_position_error_mm,74.28453117609024,38700000
prediction_orientation_error_deg,0,38700000
owd_uplink_ms,167.5424,38800000
owd_downlink_ms,169.2854,38800000
prediction_position_error_mm,73.88956099748611,38800000
prediction_orientation_error_deg,0,38800000
prediction_position_error_mm,82.65085518360138,38900000
prediction_orientation_error_deg,0,38900000
owd_uplink_ms,169.216,39000000
owd_downlink_ms,173.1978,39000000
prediction_position_error_mm,82.1908563375473,39000000
prediction_orientation_error_deg,0,39000000
owd_uplink_ms,165.9594,39100000
owd_downlink_ms,173.1986,39100000
owd_uplink_ms,165.088,39100000
owd_downlink_ms,167.9458,39100000
prediction_position_error_mm,76.97004824876785,39100000
prediction_orientation_error_deg,0,39100000
prediction_position_error_mm,81.2474861741066,39200000
prediction_orientation_error_deg,0,39200000
owd_uplink_ms,168.7029,39300000
owd_downlink_ms,169.8928,39300000
prediction_position_error_mm,80.76415210962296,39300000
prediction_orientation_error_deg,0,39300000
owd_uplink_ms,166.2478,39400000
owd_downlink_ms,169.9705,39400000
prediction_position_error_mm,80.27315884828568,39400000
prediction_orientation_error_deg,0,39400000
owd_uplink_ms,168.6031,39500000
owd_downlink_ms,170.6968,39500000
prediction_position_error_mm,79.77452874183655,39500000
prediction_orientation_error_deg,0,39500000
owd_uplink_ms,168.4776,39600000
owd_downlink_ms,170.5481,39600000
prediction_position_error_mm,79.26829904317856,39600000
prediction_orientation_error_deg,0,39600000
prediction_position_error_mm,83.38949084281921,39700000
prediction_orientation_error_deg,0,39700000
owd_uplink_ms,172.0022,39800000
owd_downlink_ms,168.9006,39800000
owd_uplink_ms,173.1329,39800000
owd_downlink_ms,164.1717,39800000
correction_magnitude_mm,9.195255115628242,38105943
correction_magnitude_deg,0,38105943
owd_uplink_ms,165.2543,39800000
owd_downlink_ms,168.2,39800000
prediction_position_error_mm,73.64857196807861,39800000
prediction_orientation_error_deg,0,39800000
prediction_position_error_mm,77.7045413851738,39900000
prediction_orientation_error_deg,0,39900000
prediction_position_error_mm,81.7272737622261,40000000
prediction_orientation_error_deg,0,40000000
owd_uplink_ms,171.089,40100000
owd_downlink_ms,169.2785,40100000
owd_uplink_ms,173.2743,40100000
owd_downlink_ms,167.397,40100000
correction_magnitude_mm,9.039141237735748,38400014
correction_magnitude_deg,0,38400014
owd_uplink_ms,167.1624,40100000
owd_downlink_ms,167.9298,40100000
prediction_position_error_mm,72.11895287036896,40100000
prediction_orientation_error_deg,0,40100000
prediction_position_error_mm,76.07416063547134,40200000
prediction_orientation_error_deg,0,40200000
owd_uplink_ms,168.4273,40300000
owd_downlink_ms,171.3096,40300000
owd_uplink_ms,169.2912,40300000
owd_downlink_ms,164.376,40300000
prediction_position_error_mm,71.0647851228714,40300000
prediction_orientation_error_deg,0,40300000
prediction_position_error_mm,71.0647851228714,40400000
prediction_orientation_error_deg,0,40400000
owd_uplink_ms,171.1018,40500000
owd_downlink_ms,165.425,40500000
prediction_position_error_mm,74.37851279973984,40500000
prediction_orientation_error_deg,0,40500000
owd_uplink_ms,171.7071,40600000
owd_downlink_ms,169.9586,40600000
correction_magnitude_mm,8.76179151237011,38889151
correction_magnitude_deg,0,38889151
owd_uplink_ms,166.6421,40600000
owd_downlink_ms,170.2842,40600000
prediction_position_error_mm,69.43284720182419,40600000
prediction_orientation_error_deg,0,40600000
prediction_position_error_mm,69.43284720182419,40700000
prediction_orientation_error_deg,0,40700000
owd_uplink_ms,168.7711,40800000
owd_downlink_ms,173.5147,40800000
owd_uplink_ms,167.0564,40800000
owd_downlink_ms,166.4687,40800000
prediction_position_error_mm,64.56808745861053,40800000
prediction_orientation_error_deg,0,40800000
owd_uplink_ms,166.7208,40900000
owd_downlink_ms,167.5378,40900000
prediction_position_error_mm,67.7412822842598,40900000
prediction_orientation_error_deg,0,40900000
owd_uplink_ms,168.9237,41000000
owd_downlink_ms,166.9862,41000000
prediction_position_error_mm,67.16445088386536,41000000
prediction_orientation_error_deg,0,41000000
prediction_position_error_mm,67.16445088386536,41100000
prediction_orientation_error_deg,0,41100000
owd_uplink_ms,167.3251,41200000
owd_downlink_ms,170.5519,41200000
owd_uplink_ms,165.1198,41200000
owd_downlink_ms,165.7286,41200000
prediction_position_error_mm,65.9916028380394,41200000
prediction_orientation_error_deg,0,41200000
prediction_position_error_mm,65.9916028380394,41300000
prediction_orientation_error_deg,0,41300000
owd_uplink_ms,170.0931,41400000
owd_downlink_ms,171.8955,41400000
owd_uplink_ms,167.5813,41400000
owd_downlink_ms,164.4725,41400000
prediction_position_error_mm,61.274465173482895,41400000
prediction_orientation_error_deg,0,41400000
owd_uplink_ms,167.4246,41500000
owd_downlink_ms,165.9815,41500000
prediction_position_error_mm,64.18527662754059,41500000
prediction_orientation_error_deg,0,41500000
owd_uplink_ms,167.5586,41600000
owd_downlink_ms,165.0011,41600000
prediction_position_error_mm,63.57087194919586,41600000
prediction_orientation_error_deg,0,41600000
owd_uplink_ms,164.6717,41700000
owd_downlink_ms,169.5405,41700000
prediction_position_error_mm,62.950387597084045,41700000
prediction_orientation_error_deg,0,41700000
owd_uplink_ms,167.5862,41800000
owd_downlink_ms,166.7807,41800000
prediction_position_error_mm,62.32390180230141,41800000
prediction_orientation_error_deg,0,41800000
owd_uplink_ms,166.9883,41900000
owd_downlink_ms,164.8497,41900000
prediction_position_error_mm,58.36869031190872,41900000
prediction_orientation_error_deg,0,41900000
prediction_position_error_mm,61.69145181775093,42000000
prediction_orientation_error_deg,0,42000000
owd_uplink_ms,169.2897,42100000
owd_downlink_ms,171.5698,42100000
prediction_position_error_mm,61.05317920446396,42100000
prediction_orientation_error_deg,0,42100000
owd_uplink_ms,168.338,42200000
owd_downlink_ms,164.7635,42200000
correction_magnitude_mm,7.7376896515488625,40496448
correction_magnitude_deg,0,40496448
owd_uplink_ms,171.044,42200000
owd_downlink_ms,169.7649,42200000
prediction_position_error_mm,56.558042764663696,42200000
prediction_orientation_error_deg,0,42200000
prediction_position_error_mm,62.91919946670532,42300000
prediction_orientation_error_deg,0,42300000
owd_uplink_ms,169.0228,42400000
owd_downlink_ms,171.4659,42400000
prediction_position_error_mm,62.222156673669815,42400000
prediction_orientation_error_deg,0,42400000
owd_uplink_ms,169.9168,42500000
owd_downlink_ms,167.3101,42500000
prediction_position_error_mm,58.44247341156006,42500000
prediction_orientation_error_deg,0,42500000
owd_uplink_ms,171.0163,42600000
owd_downlink_ms,168.1468,42600000
correction_magnitude_mm,7.451142650097609,40891060
correction_magnitude_deg,0,40891060
prediction_position_error_mm,57.10349231958389,42600000
prediction_orientation_error_deg,0,42600000
owd_uplink_ms,168.8747,42700000
owd_downlink_ms,174.061,42700000
prediction_position_error_mm,57.10349231958389,42700000
prediction_orientation_error_deg,0,42700000
owd_uplink_ms,169.8842,42800000
owd_downlink_ms,170.9427,42800000
prediction_position_error_mm,59.37565490603447,42800000
prediction_orientation_error_deg,0,42800000
prediction_position_error_mm,59.37565490603447,42900000
prediction_orientation_error_deg,0,42900000
owd_uplink_ms,165.2742,43000000
owd_downlink_ms,171.2151,43000000
correction_magnitude_mm,7.228734437376261,41206291
correction_magnitude_deg,0,41206291
owd_uplink_ms,174.1859,43000000
owd_downlink_ms,172.2867,43000000
prediction_position_error_mm,57.91830271482468,43000000
prediction_orientation_error_deg,0,43000000
prediction_position_error_mm,60.738589614629745,43100000
prediction_orientation_error_deg,0,43100000
owd_uplink_ms,172.913,43200000
owd_downlink_ms,170.2017,43200000
owd_uplink_ms,166.8155,43200000
owd_downlink_ms,165.7151,43200000
correction_magnitude_mm,7.000122684985399,41499152
correction_magnitude_deg,0,41499152
owd_uplink_ms,170.0449,43200000
owd_downlink_ms,168.7837,43200000
prediction_position_error_mm,50.18196254968643,43200000
prediction_orientation_error_deg,0,43200000
prediction_position_error_mm,55.69135397672653,43300000
prediction_orientation_error_deg,0,43300000
owd_uplink_ms,169.3403,43400000
owd_downlink_ms,171.7249,43400000
owd_uplink_ms,165.0038,43400000
owd_downlink_ms,165.1168,43400000
prediction_position_error_mm,51.53623968362808,43400000
prediction_orientation_error_deg,0,43400000
prediction_position_error_mm,51.53623968362808,43500000
prediction_orientation_error_deg,0,43500000
owd_uplink_ms,165.6643,43600000
owd_downlink_ms,172.8882,43600000
prediction_position_error_mm,50.81772059202194,43600000
prediction_orientation_error_deg,0,43600000
prediction_position_error_mm,55.971402674913406,43700000
prediction_orientation_error_deg,0,43700000
owd_uplink_ms,174.3203,43800000
owd_downlink_ms,169.645,43800000
owd_uplink_ms,172.2038,43800000
owd_downlink_ms,164.8045,43800000
prediction_position_error_mm,51.87562480568886,43800000
prediction_orientation_error_deg,0,43800000
owd_uplink_ms,171.6045,43900000
owd_downlink_ms,168.9293,43900000
prediction_position_error_mm,48.63376170396805,43900000
prediction_orientation_error_deg,0,43900000
owd_uplink_ms,165.878,44000000
owd_downlink_ms,168.7424,44000000
correction_magnitude_mm,6.361805368214846,42294871
correction_magnitude_deg,0,42294871
prediction_position_error_mm,47.154881060123444,44000000
prediction_orientation_error_deg,0,44000000
owd_uplink_ms,170.244,44100000
owd_downlink_ms,170.5743,44100000
owd_uplink_ms,168.8848,44100000
owd_downlink_ms,167.1327,44100000
prediction_position_error_mm,44.03645545244217,44100000
prediction_orientation_error_deg,0,44100000
prediction_position_error_mm,48.73506724834442,44200000
prediction_orientation_error_deg,0,44200000
owd_uplink_ms,172.0949,44300000
owd_downlink_ms,166.5141,44300000
correction_magnitude_mm,6.112242583185434,42586120
correction_magnitude_deg,0,42586120
owd_uplink_ms,164.7332,44300000
owd_downlink_ms,166.6504,44300000
prediction_position_error_mm,44.903866946697235,44300000
prediction_orientation_error_deg,0,44300000
prediction_position_error_mm,47.13735356926918,44400000
prediction_orientation_error_deg,0,44400000
owd_uplink_ms,168.2479,44500000
owd_downlink_ms,170.6661,44500000
correction_magnitude_mm,5.942998919636011,42791540
correction_magnitude_deg,0,42791540
prediction_position_error_mm,43.382298201322556,44500000
prediction_orientation_error_deg,0,44500000
owd_uplink_ms,169.9542,44600000
owd_downlink_ms,174.2871,44600000
prediction_position_error_mm,45.52222788333893,44600000
prediction_orientation_error_deg,0,44600000
owd_uplink_ms,167.2502,44700000
owd_downlink_ms,168.6517,44700000
correction_magnitude_mm,5.771500989794731,42998709
correction_magnitude_deg,0,42998709
prediction_position_error_mm,39.751894772052765,44700000
prediction_orientation_error_deg,0,44700000
owd_uplink_ms,173.0596,44800000
owd_downlink_ms,173.6591,44800000
prediction_position_error_mm,43.89047995209694,44800000
prediction_orientation_error_deg,0,44800000
owd_uplink_ms,167.9417,44900000
owd_downlink_ms,171.4545,44900000
prediction_position_error_mm,43.068595230579376,44900000
prediction_orientation_error_deg,0,44900000
owd_uplink_ms,171.7616,45000000
owd_downlink_ms,166.2615,45000000
correction_magnitude_mm,5.510244984179735,43296976
correction_magnitude_deg,0,43296976
owd_uplink_ms,168.7249,45000000
owd_downlink_ms,167.7513,45000000
prediction_position_error_mm,39.51041027903557,45000000
prediction_orientation_error_deg,0,45000000
owd_uplink_ms,168.951,45100000
owd_downlink_ms,169.6879,45100000
prediction_position_error_mm,38.72508555650711,45100000
prediction_orientation_error_deg,0,45100000
prediction_position_error_mm,40.580060333013535,45200000
prediction_orientation_error_deg,0,45200000
owd_uplink_ms,170.1471,45300000
owd_downlink_ms,166.353,45300000
prediction_position_error_mm,37.93635964393616,45300000
prediction_orientation_error_deg,0,45300000
owd_uplink_ms,169.1944,45400000
owd_downlink_ms,167.8863,45400000
correction_magnitude_mm,5.154759623110294,43690305
correction_magnitude_deg,0,43690305
prediction_position_error_mm,36.349017173051834,45400000
prediction_orientation_error_deg,0,45400000
owd_uplink_ms,166.0336,45500000
owd_downlink_ms,173.7443,45500000
prediction_position_error_mm,36.349017173051834,45500000
prediction_orientation_error_deg,0,45500000
owd_uplink_ms,169.2856,45600000
owd_downlink_ms,173.0867,45600000
prediction_position_error_mm,37.212613970041275,45600000
prediction_orientation_error_deg,0,45600000
prediction_position_error_mm,38.82584720849991,45700000
prediction_orientation_error_deg,0,45700000
owd_uplink_ms,167.99,45800000
owd_downlink_ms,169.6757,45800000
owd_uplink_ms,172.9365,45800000
owd_downlink_ms,173.0349,45800000
prediction_position_error_mm,35.50969436764717,45800000
prediction_orientation_error_deg,0,45800000
prediction_position_error_mm,35.50969436764717,45900000
prediction_orientation_error_deg,0,45900000
owd_uplink_ms,169.4369,46000000
owd_downlink_ms,169.8155,46000000
owd_uplink_ms,172.664,46000000
owd_downlink_ms,170.3404,46000000
prediction_position_error_mm,32.32816979289055,46000000
prediction_orientation_error_deg,0,46000000
owd_uplink_ms,167.9296,46100000
owd_downlink_ms,170.561,46100000
owd_uplink_ms,167.2011,46100000
owd_downlink_ms,164.1125,46100000
prediction_position_error_mm,30.70124238729477,46100000
prediction_orientation_error_deg,0,46100000
owd_uplink_ms,164.6736,46200000
owd_downlink_ms,165.4944,46200000
prediction_position_error_mm,28.515007346868515,46200000
prediction_orientation_error_deg,0,46200000
prediction_position_error_mm,31.204339116811752,46300000
prediction_orientation_error_deg,0,46300000
owd_uplink_ms,165.5075,46400000
owd_downlink_ms,171.7659,46400000
prediction_position_error_mm,30.336184427142143,46400000
prediction_orientation_error_deg,0,46400000
prediction_position_error_mm,31.557653099298477,46500000
prediction_orientation_error_deg,0,46500000
owd_uplink_ms,174.2727,46600000
owd_downlink_ms,170.6174,46600000
owd_uplink_ms,168.3195,46600000
owd_downlink_ms,171.8781,46600000
owd_uplink_ms,165.5429,46600000
owd_downlink_ms,167.2323,46600000
prediction_position_error_mm,26.596901938319206,46600000
prediction_orientation_error_deg,0,46600000
owd_uplink_ms,169.0989,46700000
owd_downlink_ms,167.275,46700000
prediction_position_error_mm,25.770969688892365,46700000
prediction_orientation_error_deg,0,46700000
owd_uplink_ms,166.7148,46800000
owd_downlink_ms,167.825,46800000
prediction_position_error_mm,24.943772703409195,46800000
prediction_orientation_error_deg,0,46800000
prediction_position_error_mm,25.96890740096569,46900000
prediction_orientation_error_deg,0,46900000
owd_uplink_ms,168.1939,47000000
owd_downlink_ms,171.1984,47000000
prediction_position_error_mm,24.115517735481262,47000000
prediction_orientation_error_deg,0,47000000
owd_uplink_ms,171.809,47100000
owd_downlink_ms,163.7619,47100000
owd_uplink_ms,165.1156,47100000
owd_downlink_ms,167.1647,47100000
prediction_position_error_mm,21.529288962483406,47100000
prediction_orientation_error_deg,0,47100000
prediction_position_error_mm,23.335088044404984,47200000
prediction_orientation_error_deg,0,47200000
owd_uplink_ms,166.7666,47300000
owd_downlink_ms,164.612,47300000
prediction_position_error_mm,20.79710364341736,47300000
prediction_orientation_error_deg,0,47300000
owd_uplink_ms,173.9155,47400000
owd_downlink_ms,170.6477,47400000
owd_uplink_ms,168.3496,47400000
owd_downlink_ms,165.1611,47400000
prediction_position_error_mm,19.967658445239067,47400000
prediction_orientation_error_deg,0,47400000
prediction_position_error_mm,20.700370892882347,47500000
prediction_orientation_error_deg,0,47500000
owd_uplink_ms,169.2888,47600000
owd_downlink_ms,170.9167,47600000
prediction_position_error_mm,19.82371136546135,47600000
prediction_orientation_error_deg,0,47600000
owd_uplink_ms,170.5283,47700000
owd_downlink_ms,165.8381,47700000
prediction_position_error_mm,18.311651423573494,47700000
prediction_orientation_error_deg,0,47700000
owd_uplink_ms,166.7457,47800000
owd_downlink_ms,169.5297,47800000
owd_uplink_ms,173.3429,47800000
owd_downlink_ms,170.3417,47800000
prediction_position_error_mm,16.66293479502201,47800000
prediction_orientation_error_deg,0,47800000
prediction_position_error_mm,17.206011340022087,47900000
prediction_orientation_error_deg,0,47900000
owd_uplink_ms,167.1433,48000000
owd_downlink_ms,165.3724,48000000
prediction_position_error_mm,15.026980079710484,48000000
prediction_orientation_error_deg,0,48000000
owd_uplink_ms,171.4238,48100000
owd_downlink_ms,171.2808,48100000
prediction_position_error_mm,15.478646382689476,48100000
prediction_orientation_error_deg,0,48100000
owd_uplink_ms,168.334,48200000
owd_downlink_ms,172.4124,48200000
prediction_position_error_mm,14.2161063849926,48200000
prediction_orientation_error_deg,0,48200000
owd_uplink_ms,165.827,48300000
owd_downlink_ms,171.2964,48300000
prediction_position_error_mm,13.41164018958807,48300000
prediction_orientation_error_deg,0,48300000
owd_uplink_ms,169.0251,48400000
owd_downlink_ms,171.9563,48400000
owd_uplink_ms,169.0066,48400000
owd_downlink_ms,165.3389,48400000
prediction_position_error_mm,11.828428134322166,48400000
prediction_orientation_error_deg,0,48400000
prediction_position_error_mm,11.828428134322166,48500000
prediction_orientation_error_deg,0,48500000
owd_uplink_ms,166.9753,48600000
owd_downlink_ms,170.0935,48600000
owd_uplink_ms,165.2052,48600000
owd_downlink_ms,167.6918,48600000
prediction_position_error_mm,10.295458137989044,48600000
prediction_orientation_error_deg,0,48600000
prediction_position_error_mm,10.505367070436478,48700000
prediction_orientation_error_deg,0,48700000
owd_uplink_ms,172.6035,48800000
owd_downlink_ms,167.3414,48800000
prediction_position_error_mm,9.735237807035446,48800000
prediction_orientation_error_deg,0,48800000
owd_uplink_ms,170.1174,48900000
owd_downlink_ms,166.9558,48900000
owd_uplink_ms,168.5568,48900000
owd_downlink_ms,168.9193,48900000
prediction_position_error_mm,7.997505366802216,48900000
prediction_orientation_error_deg,0,48900000
prediction_position_error_mm,8.292433805763721,49000000
prediction_orientation_error_deg,0,49000000
owd_uplink_ms,169.285,49100000
owd_downlink_ms,170.5893,49100000
owd_uplink_ms,169.2404,49100000
owd_downlink_ms,166.2158,49100000
prediction_position_error_mm,6.791787687689066,49100000
prediction_orientation_error_deg,0,49100000
prediction_position_error_mm,6.9280448369681835,49200000
prediction_orientation_error_deg,0,49200000
owd_uplink_ms,167.5003,49300000
owd_downlink_ms,173.1442,49300000
prediction_position_error_mm,6.5375217236578465,49300000
prediction_orientation_error_deg,0,49300000
owd_uplink_ms,170.0096,49400000
owd_downlink_ms,171.9954,49400000
prediction_position_error_mm,6.127329543232918,49400000
prediction_orientation_error_deg,0,49400000
owd_uplink_ms,170.2347,49500000
owd_downlink_ms,167.4632,49500000
prediction_position_error_mm,5.427946802228689,49500000
prediction_orientation_error_deg,0,49500000
owd_uplink_ms,170.936,49600000
owd_downlink_ms,172.5901,49600000
owd_uplink_ms,169.0688,49600000
owd_downlink_ms,166.8039,49600000
prediction_position_error_mm,5.359360482543707,49600000
prediction_orientation_error_deg,0,49600000
owd_uplink_ms,169.1778,49700000
owd_downlink_ms,165.7556,49700000
prediction_position_error_mm,5.435428582131863,49700000
prediction_orientation_error_deg,0,49700000
prediction_position_error_mm,5.850859452039003,49800000
prediction_orientation_error_deg,0,49800000
owd_uplink_ms,170.0369,49900000
owd_downlink_ms,173.5669,49900000
prediction_position_error_mm,6.1461711302399635,49900000
prediction_orientation_error_deg,0,49900000
prediction_position_error_mm,6.1461711302399635,50000000
prediction_orientation_error_deg,0,50000000
prediction_position_error_mm,0,100000
prediction_orientation_error_deg,0,100000
prediction_position_error_mm,0,200000
prediction_orientation_error_deg,0,200000
prediction_position_error_mm,0,300000
prediction_orientation_error_deg,0,300000
prediction_position_error_mm,0,400000
prediction_orientation_error_deg,0,400000
prediction_position_error_mm,0,500000
prediction_orientation_error_deg,0,500000
prediction_position_error_mm,0,600000
prediction_orientation_error_deg,0,600000
prediction_position_error_mm,0,700000
prediction_orientation_error_deg,0,700000
prediction_position_error_mm,0,800000
prediction_orientation_error_deg,0,800000
prediction_position_error_mm,0,900000
prediction_orientation_error_deg,0,900000
prediction_position_error_mm,0,1000000
prediction_orientation_error_deg,0,1000000
prediction_position_error_mm,0,1100000
prediction_orientation_error_deg,0,1100000
prediction_position_error_mm,0,1200000
prediction_orientation_error_deg,0,1200000
prediction_position_error_mm,0,1300000
prediction_orientation_error_deg,0,1300000
prediction_position_error_mm,0,1400000
prediction_orientation_error_deg,0,1400000
prediction_position_error_mm,0,1500000
prediction_orientation_error_deg,0,1500000
prediction_position_error_mm,0,1600000
prediction_orientation_error_deg,0,1600000
prediction_position_error_mm,0,1700000
prediction_orientation_error_deg,0,1700000
prediction_position_error_mm,1299.9999523162842,1800000
prediction_orientation_error_deg,0,1800000
prediction_position_error_mm,1300.0023365020752,1900000
prediction_orientation_error_deg,0,1900000
prediction_position_error_mm,1300.0023365020752,2000000
prediction_orientation_error_deg,0,2000000
prediction_position_error_mm,1300.020456314087,2100000
prediction_orientation_error_deg,0,2100000
prediction_position_error_mm,1300.020456314087,2200000
prediction_orientation_error_deg,0,2200000
prediction_position_error_mm,1300.0564575195312,2300000
prediction_orientation_error_deg,0,2300000
prediction_position_error_mm,1300.0812530517578,2400000
prediction_orientation_error_deg,0,2400000
prediction_position_error_mm,1300.0812530517578,2500000
prediction_orientation_error_deg,0,2500000
prediction_position_error_mm,1300.143837928772,2600000
prediction_orientation_error_deg,0,2600000
prediction_position_error_mm,1300.1817464828491,2700000
prediction_orientation_error_deg,0,2700000
prediction_position_error_mm,1300.2238273620605,2800000
prediction_orientation_error_deg,0,2800000
prediction_position_error_mm,1300.2701997756958,2900000
prediction_orientation_error_deg,0,2900000
prediction_position_error_mm,1300.2701997756958,3000000
prediction_orientation_error_deg,0,3000000
prediction_position_error_mm,1300.3751039505005,3100000
prediction_orientation_error_deg,0,3100000
prediction_position_error_mm,1300.4335165023804,3200000
prediction_orientation_error_deg,0,3200000
prediction_position_error_mm,1300.4335165023804,3300000
prediction_orientation_error_deg,0,3300000
prediction_position_error_mm,1300.5622625350952,3400000
prediction_orientation_error_deg,0,3400000
prediction_position_error_mm,1300.5622625350952,3500000
prediction_orientation_error_deg,0,3500000
owd_uplink_ms,169.832,3600000
owd_downlink_ms,169.8321,3600000
correction_magnitude_mm,1299.9999523162842,1802859
correction_magnitude_deg,0,1802859
prediction_position_error_mm,89.54636752605438,3600000
prediction_orientation_error_deg,0,3600000
owd_uplink_ms,166.7509,3700000
owd_downlink_ms,169.9213,3700000
prediction_position_error_mm,84.54812318086624,3700000
prediction_orientation_error_deg,0,3700000
owd_uplink_ms,172.5882,3800000
owd_downlink_ms,164.9554,3800000
correction_magnitude_mm,9.998006746172905,2097282
correction_magnitude_deg,0,2097282
owd_uplink_ms,165.6116,3800000
owd_downlink_ms,169.6489,3800000
prediction_position_error_mm,84.3857005238533,3800000
prediction_orientation_error_deg,0,3800000
prediction_position_error_mm,89.28846567869186,3900000
prediction_orientation_error_deg,0,3900000
owd_uplink_ms,165.7674,4000000
owd_downlink_ms,165.6347,4000000
correction_magnitude_mm,9.992526844143867,2302161
correction_magnitude_deg,0,2302161
owd_uplink_ms,170.9499,4000000
owd_downlink_ms,168.7981,4000000
prediction_position_error_mm,84.19256657361984,4000000
prediction_orientation_error_deg,0,4000000
owd_uplink_ms,165.8018,4100000
owd_downlink_ms,167.9288,4100000
prediction_position_error_mm,84.08451825380325,4100000
prediction_orientation_error_deg,0,4100000
prediction_position_error_mm,84.08451825380325,4200000
prediction_orientation_error_deg,0,4200000
owd_uplink_ms,172.6495,4300000
owd_downlink_ms,168.3013,4300000
correction_magnitude_mm,9.977467358112335,2596695
correction_magnitude_deg,0,2596695
prediction_position_error_mm,78.98318767547607,4300000
prediction_orientation_error_deg,0,4300000
owd_uplink_ms,164.3525,4400000
owd_downlink_ms,169.723,4400000
owd_uplink_ms,168.6501,4400000
owd_downlink_ms,164.3683,4400000
prediction_position_error_mm,83.71460437774658,4400000
prediction_orientation_error_deg,0,4400000
prediction_position_error_mm,83.71460437774658,4500000
prediction_orientation_error_deg,0,4500000
owd_uplink_ms,166.7593,4600000
owd_downlink_ms,170.3618,4600000
prediction_position_error_mm,83.57611298561096,4600000
prediction_orientation_error_deg,0,4600000
owd_uplink_ms,167.5277,4700000
owd_downlink_ms,171.8197,4700000
prediction_position_error_mm,88.24454247951508,4700000
prediction_orientation_error_deg,0,4700000
prediction_position_error_mm,88.24454247951508,4800000
prediction_orientation_error_deg,0,4800000
owd_uplink_ms,172.8135,4900000
owd_downlink_ms,171.5329,4900000
correction_magnitude_mm,9.934172965586185,3106323
correction_magnitude_deg,0,3106323
owd_uplink_ms,169.9073,4900000
owd_downlink_ms,172.8128,4900000
owd_uplink_ms,166.5072,4900000
owd_downlink_ms,165.417,4900000
prediction_position_error_mm,82.94674754142761,4900000
prediction_orientation_error_deg,0,4900000
prediction_position_error_mm,82.94674754142761,5000000
prediction_orientation_error_deg,0,5000000
owd_uplink_ms,171.867,5100000
owd_downlink_ms,166.7139,5100000
correction_magnitude_mm,9.897337295114994,3402149
correction_magnitude_deg,0,3402149
owd_uplink_ms,165.4077,5100000
owd_downlink_ms,166.9006,5100000
prediction_position_error_mm,77.82701402902603,5100000
prediction_orientation_error_deg,0,5100000
prediction_position_error_mm,87.33244240283966,5200000
prediction_orientation_error_deg,0,5200000
owd_uplink_ms,165.5902,5300000
owd_downlink_ms,166.2223,5300000
correction_magnitude_mm,9.868287481367588,3604805
correction_magnitude_deg,0,3604805
owd_uplink_ms,172.5535,5300000
owd_downlink_ms,168.4087,5300000
prediction_position_error_mm,82.19794183969498,5300000
prediction_orientation_error_deg,0,5300000
prediction_position_error_mm,82.19794183969498,5400000
prediction_orientation_error_deg,0,5400000
owd_uplink_ms,171.5603,5500000
owd_downlink_ms,166.553,5500000
correction_magnitude_mm,9.835661388933659,3793365
correction_magnitude_deg,0,3793365
prediction_position_error_mm,81.77929371595383,5500000
prediction_orientation_error_deg,0,5500000
owd_uplink_ms,167.1223,5600000
owd_downlink_ms,172.5072,5600000
prediction_position_error_mm,86.461640894413,5600000
prediction_orientation_error_deg,0,5600000
owd_uplink_ms,167.8638,5700000
owd_downlink_ms,169.7603,5700000
owd_uplink_ms,169.2719,5700000
owd_downlink_ms,166.8105,5700000
prediction_position_error_mm,81.33149892091751,5700000
prediction_orientation_error_deg,0,5700000
owd_uplink_ms,164.1532,5800000
owd_downlink_ms,164.2575,5800000
prediction_position_error_mm,76.44812762737274,5800000
prediction_orientation_error_deg,0,5800000
prediction_position_error_mm,85.72755008935928,5900000
prediction_orientation_error_deg,0,5900000
owd_uplink_ms,169.8559,6000000
owd_downlink_ms,168.1767,6000000
prediction_position_error_mm,85.4676216840744,6000000
prediction_orientation_error_deg,0,6000000
owd_uplink_ms,169.8464,6100000
owd_downlink_ms,165.7427,6100000
correction_magnitude_mm,9.716520085930824,4392293
correction_magnitude_deg,0,4392293
prediction_position_error_mm,80.34950494766235,6100000
prediction_orientation_error_deg,0,6100000
owd_uplink_ms,165.1377,6200000
owd_downlink_ms,170.7553,6200000
prediction_position_error_mm,84.92517471313477,6200000
prediction_orientation_error_deg,0,6200000
prediction_position_error_mm,84.92517471313477,6300000
prediction_orientation_error_deg,0,6300000
owd_uplink_ms,170.6703,6400000
owd_downlink_ms,172.8052,6400000
owd_uplink_ms,169.0175,6400000
owd_downlink_ms,164.9504,6400000
correction_magnitude_mm,9.645135141909122,4696900
correction_magnitude_deg,0,4696900
owd_uplink_ms,169.9355,6400000
owd_downlink_ms,166.7819,6400000
prediction_position_error_mm,79.53865081071854,6400000
prediction_orientation_error_deg,0,6400000
prediction_position_error_mm,84.05564725399017,6500000
prediction_orientation_error_deg,0,6500000
owd_uplink_ms,169.2021,6600000
owd_downlink_ms,169.9957,6600000
correction_magnitude_mm,9.593239985406399,4893951
correction_magnitude_deg,0,4893951
prediction_position_error_mm,74.46635514497757,6600000
prediction_orientation_error_deg,0,6600000
owd_uplink_ms,171.543,6700000
owd_downlink_ms,173.0646,6700000
prediction_position_error_mm,83.43925327062607,6700000
prediction_orientation_error_deg,0,6700000
prediction_position_error_mm,87.89388090372086,6800000
prediction_orientation_error_deg,0,6800000
owd_uplink_ms,171.4498,6900000
owd_downlink_ms,174.0231,6900000
owd_uplink_ms,171.8905,6900000
owd_downlink_ms,166.7182,6900000
correction_magnitude_mm,9.5090102404356,5192606
correction_magnitude_deg,0,5192606
owd_uplink_ms,164.1281,6900000
owd_downlink_ms,167.0174,6900000
prediction_position_error_mm,78.04898917675018,6900000
prediction_orientation_error_deg,0,6900000
prediction_position_error_mm,82.46058225631714,7000000
prediction_orientation_error_deg,0,7000000
owd_uplink_ms,168.2643,7100000
owd_downlink_ms,171.2727,7100000
prediction_position_error_mm,82.12016522884369,7100000
prediction_orientation_error_deg,0,7100000
owd_uplink_ms,173.1576,7200000
owd_downlink_ms,167.641,7200000
correction_magnitude_mm,9.417220018804073,5493084
correction_magnitude_deg,0,5493084
prediction_position_error_mm,77.07438617944717,7200000
prediction_orientation_error_deg,0,7200000
owd_uplink_ms,164.9791,7300000
owd_downlink_ms,172.8939,7300000
owd_uplink_ms,165.3783,7300000
owd_downlink_ms,167.4632,7300000
prediction_position_error_mm,76.73632353544235,7300000
prediction_orientation_error_deg,0,7300000
owd_uplink_ms,166.416,7400000
owd_downlink_ms,168.6111,7400000
prediction_position_error_mm,72.07086682319641,7400000
prediction_orientation_error_deg,0,7400000
prediction_position_error_mm,80.68884909152985,7500000
prediction_orientation_error_deg,0,7500000
owd_uplink_ms,171.1708,7600000
owd_downlink_ms,167.1319,7600000
correction_magnitude_mm,9.283305145800114,5903276
correction_magnitude_deg,0,5903276
prediction_position_error_mm,75.68354904651642,7600000
prediction_orientation_error_deg,0,7600000
owd_uplink_ms,169.0497,7700000
owd_downlink_ms,171.2589,7700000
owd_uplink_ms,169.7945,7700000
owd_downlink_ms,167.4825,7700000
prediction_position_error_mm,75.31993836164474,7700000
prediction_orientation_error_deg,0,7700000
owd_uplink_ms,167.1705,7800000
owd_downlink_ms,166.2125,7800000
prediction_position_error_mm,74.95004683732986,7800000
prediction_orientation_error_deg,0,7800000
owd_uplink_ms,170.0353,7900000
owd_downlink_ms,169.0304,7900000
prediction_position_error_mm,74.57400858402252,7900000
prediction_orientation_error_deg,0,7900000
prediction_position_error_mm,78.74786108732224,8000000
prediction_orientation_error_deg,0,8000000
owd_uplink_ms,168.2196,8100000
owd_downlink_ms,168.4377,8100000
correction_magnitude_mm,9.097868576645851,6400965
correction_magnitude_deg,0,6400965
prediction_position_error_mm,73.8036185503006,8100000
prediction_orientation_error_deg,0,8100000
owd_uplink_ms,172.4952,8200000
owd_downlink_ms,172.0024,8200000
owd_uplink_ms,168.2635,8200000
owd_downlink_ms,166.2248,8200000
prediction_position_error_mm,69.28680837154388,8200000
prediction_orientation_error_deg,0,8200000
prediction_position_error_mm,77.50547677278519,8300000
prediction_orientation_error_deg,0,8300000
owd_uplink_ms,168.7646,8400000
owd_downlink_ms,165.1933,8400000
correction_magnitude_mm,8.977255783975124,6693338
correction_magnitude_deg,0,6693338
owd_uplink_ms,171.05,8400000
owd_downlink_ms,166.2033,8400000
prediction_position_error_mm,68.53355467319489,8400000
prediction_orientation_error_deg,0,8400000
owd_uplink_ms,166.1169,8500000
owd_downlink_ms,167.1575,8500000
prediction_position_error_mm,72.19167053699493,8500000
prediction_orientation_error_deg,0,8500000
prediction_position_error_mm,76.20713114738464,8600000
prediction_orientation_error_deg,0,8600000
owd_uplink_ms,167.8531,8700000
owd_downlink_ms,172.4141,8700000
prediction_position_error_mm,71.77428156137466,8700000
prediction_orientation_error_deg,0,8700000
owd_uplink_ms,169.642,8800000
owd_downlink_ms,173.4886,8800000
prediction_position_error_mm,71.35132700204849,8800000
prediction_orientation_error_deg,0,8800000
owd_uplink_ms,169.55,8900000
owd_downlink_ms,172.3747,8900000
prediction_position_error_mm,70.92276960611343,8900000
prediction_orientation_error_deg,0,8900000
owd_uplink_ms,169.8189,9000000
owd_downlink_ms,172.115,9000000
owd_uplink_ms,167.0868,9000000
owd_downlink_ms,166.4599,9000000
prediction_position_error_mm,70.0494796037674,9000000
prediction_orientation_error_deg,0,9000000
prediction_position_error_mm,73.92483204603195,9100000
prediction_orientation_error_deg,0,9100000
owd_uplink_ms,169.8918,9200000
owd_downlink_ms,164.4206,9200000
correction_magnitude_mm,8.62298533320427,7497869
correction_magnitude_deg,0,7497869
owd_uplink_ms,165.1131,9200000
owd_downlink_ms,167.0858,9200000
prediction_position_error_mm,69.15510445833206,9200000
prediction_orientation_error_deg,0,9200000
prediction_position_error_mm,72.97254353761673,9300000
prediction_orientation_error_deg,0,9300000
owd_uplink_ms,169.1888,9400000
owd_downlink_ms,170.3856,9400000
prediction_position_error_mm,72.48829305171967,9400000
prediction_orientation_error_deg,0,9400000
owd_uplink_ms,168.017,9500000
owd_downlink_ms,171.6528,9500000
prediction_position_error_mm,68.24030727148056,9500000
prediction_orientation_error_deg,0,9500000
owd_uplink_ms,167.1907,9600000
owd_downlink_ms,171.7495,9600000
prediction_position_error_mm,71.50418311357498,9600000
prediction_orientation_error_deg,0,9600000
owd_uplink_ms,166.0693,9700000
owd_downlink_ms,170.1582,9700000
owd_uplink_ms,167.5514,9700000
owd_downlink_ms,166.0578,9700000
prediction_position_error_mm,66.8315663933754,9700000
prediction_orientation_error_deg,0,9700000
owd_uplink_ms,166.8982,9800000
owd_downlink_ms,166.3321,9800000
prediction_position_error_mm,66.35259836912155,9800000
prediction_orientation_error_deg,0,9800000
prediction_position_error_mm,66.35259836912155,9900000
prediction_orientation_error_deg,0,9900000
owd_uplink_ms,172.0467,10000000
owd_downlink_ms,164.0363,10000000
correction_magnitude_mm,8.224548771977425,8304592
correction_magnitude_deg,0,8304592
owd_uplink_ms,165.4237,10000000
owd_downlink_ms,167.634,10000000
prediction_position_error_mm,65.38131088018417,10000000
prediction_orientation_error_deg,0,10000000
prediction_position_error_mm,65.38131088018417,10100000
prediction_orientation_error_deg,0,10100000
owd_uplink_ms,165.9128,10200000
owd_downlink_ms,166.182,10200000
correction_magnitude_mm,8.118578232824802,8507690
correction_magnitude_deg,0,8507690
prediction_position_error_mm,64.3928274512291,10200000
prediction_orientation_error_deg,0,10200000
owd_uplink_ms,171.82,10300000
owd_downlink_ms,172.4107,10300000
owd_uplink_ms,165.9405,10300000
owd_downlink_ms,164.0046,10300000
prediction_position_error_mm,60.37796288728714,10300000
prediction_orientation_error_deg,0,10300000
prediction_position_error_mm,67.37492233514786,10400000
prediction_orientation_error_deg,0,10400000
prediction_position_error_mm,67.37492233514786,10500000
prediction_orientation_error_deg,0,10500000
owd_uplink_ms,173.5475,10600000
owd_downlink_ms,171.942,10600000
prediction_position_error_mm,66.83900207281113,10600000
prediction_orientation_error_deg,0,10600000
owd_uplink_ms,171.7091,10700000
owd_downlink_ms,172.9781,10700000
owd_uplink_ms,168.4076,10700000
owd_downlink_ms,167.7282,10700000
correction_magnitude_mm,7.843428291380405,9004737
correction_magnitude_deg,0,9004737
prediction_position_error_mm,61.852775514125824,10700000
prediction_orientation_error_deg,0,10700000
owd_uplink_ms,170.6233,10800000
owd_downlink_ms,170.5217,10800000
owd_uplink_ms,168.2889,10800000
owd_downlink_ms,165.131,10800000
prediction_position_error_mm,61.333924531936646,10800000
prediction_orientation_error_deg,0,10800000
owd_uplink_ms,166.8329,10900000
owd_downlink_ms,168.8261,10900000
prediction_position_error_mm,57.48821422457695,10900000
prediction_orientation_error_deg,0,10900000
owd_uplink_ms,164.7004,11000000
owd_downlink_ms,166.217,11000000
prediction_position_error_mm,56.995198130607605,11000000
prediction_orientation_error_deg,0,11000000
owd_uplink_ms,167.7616,11100000
owd_downlink_ms,164.6648,11100000
prediction_position_error_mm,59.75819751620293,11100000
prediction_orientation_error_deg,0,11100000
prediction_position_error_mm,62.98389285802841,11200000
prediction_orientation_error_deg,0,11200000
owd_uplink_ms,165.1252,11300000
owd_downlink_ms,169.0693,11300000
correction_magnitude_mm,7.4956524185836315,9606105
correction_magnitude_deg,0,9606105
prediction_position_error_mm,58.69314819574356,11300000
prediction_orientation_error_deg,0,11300000
owd_uplink_ms,172.1302,11400000
owd_downlink_ms,172.5527,11400000
owd_uplink_ms,165.2643,11400000
owd_downlink_ms,167.8082,11400000
prediction_position_error_mm,54.99553307890892,11400000
prediction_orientation_error_deg,0,11400000
owd_uplink_ms,170.2058,11500000
owd_downlink_ms,166.965,11500000
prediction_position_error_mm,57.61784687638283,11500000
prediction_orientation_error_deg,0,11500000
prediction_position_error_mm,57.61784687638283,11600000
prediction_orientation_error_deg,0,11600000
owd_uplink_ms,172.0189,11700000
owd_downlink_ms,167.0071,11700000
correction_magnitude_mm,7.254521362483501,9999496
correction_magnitude_deg,0,9999496
prediction_position_error_mm,56.533586233854294,11700000
prediction_orientation_error_deg,0,11700000
owd_uplink_ms,165.2693,11800000
owd_downlink_ms,171.7368,11800000
prediction_position_error_mm,59.56275388598442,11800000
prediction_orientation_error_deg,0,11800000
owd_uplink_ms,166.5881,11900000
owd_downlink_ms,164.6989,11900000
correction_magnitude_mm,7.131447549909353,10205218
correction_magnitude_deg,0,10205218
owd_uplink_ms,170.7483,11900000
owd_downlink_ms,167.998,11900000
prediction_position_error_mm,55.44189363718033,11900000
prediction_orientation_error_deg,0,11900000
prediction_position_error_mm,58.405280113220215,12000000
prediction_orientation_error_deg,0,12000000
owd_uplink_ms,169.1074,12100000
owd_downlink_ms,165.9409,12100000
correction_magnitude_mm,7.007021922618151,10397822
correction_magnitude_deg,0,10397822
prediction_position_error_mm,54.3440505862236,12100000
prediction_orientation_error_deg,0,12100000
owd_uplink_ms,172.2407,12200000
owd_downlink_ms,170.8681,12200000
prediction_position_error_mm,57.24174901843071,12200000
prediction_orientation_error_deg,0,12200000
prediction_position_error_mm,57.24174901843071,12300000
prediction_orientation_error_deg,0,12300000
owd_uplink_ms,172.2896,12400000
owd_downlink_ms,172.1985,12400000
owd_uplink_ms,170.6806,12400000
owd_downlink_ms,167.7253,12400000
correction_magnitude_mm,6.817870307713747,10692301
correction_magnitude_deg,0,10692301
owd_uplink_ms,164.1818,12400000
owd_downlink_ms,168.9787,12400000
prediction_position_error_mm,49.85625669360161,12400000
prediction_orientation_error_deg,0,12400000
owd_uplink_ms,166.4224,12500000
owd_downlink_ms,167.0617,12500000
prediction_position_error_mm,49.33610185980797,12500000
prediction_orientation_error_deg,0,12500000
prediction_position_error_mm,52.13659629225731,12600000
prediction_orientation_error_deg,0,12600000
owd_uplink_ms,172.5644,12700000
owd_downlink_ms,168.2126,12700000
prediction_position_error_mm,54.31792885065079,12700000
prediction_orientation_error_deg,0,12700000
owd_uplink_ms,167.5585,12800000
owd_downlink_ms,168.8679,12800000
correction_magnitude_mm,6.561995018273592,11095295
correction_magnitude_deg,0,11095295
prediction_position_error_mm,50.477515906095505,12800000
prediction_orientation_error_deg,0,12800000
owd_uplink_ms,171.6703,12900000
owd_downlink_ms,172.9786,12900000
owd_uplink_ms,168.3041,12900000
owd_downlink_ms,168.2795,12900000
prediction_position_error_mm,49.9250590801239,12900000
prediction_orientation_error_deg,0,12900000
owd_uplink_ms,167.7349,13000000
owd_downlink_ms,167.4934,13000000
prediction_position_error_mm,49.373384565114975,13000000
prediction_orientation_error_deg,0,13000000
prediction_position_error_mm,51.97933688759804,13100000
prediction_orientation_error_deg,0,13100000
prediction_position_error_mm,51.97933688759804,13200000
prediction_orientation_error_deg,0,13200000
owd_uplink_ms,164.7702,13300000
owd_downlink_ms,169.9506,13300000
correction_magnitude_mm,6.303031928837299,11503075
correction_magnitude_deg,0,11503075
owd_uplink_ms,171.1916,13300000
owd_downlink_ms,171.9788,13300000
prediction_position_error_mm,50.81601440906525,13300000
prediction_orientation_error_deg,0,13300000
owd_uplink_ms,167.8517,13400000
owd_downlink_ms,166.3658,13400000
correction_magnitude_mm,6.172832567244768,11702200
correction_magnitude_deg,0,11702200
prediction_position_error_mm,47.17925563454628,13400000
prediction_orientation_error_deg,0,13400000
owd_uplink_ms,171.1707,13500000
owd_downlink_ms,170.0697,13500000
owd_uplink_ms,166.5494,13500000
owd_downlink_ms,165.3854,13500000
prediction_position_error_mm,46.635329723358154,13500000
prediction_orientation_error_deg,0,13500000
owd_uplink_ms,164.4212,13600000
owd_downlink_ms,164.3778,13600000
prediction_position_error_mm,43.642133474349976,13600000
prediction_orientation_error_deg,0,13600000
owd_uplink_ms,165.7998,13700000
owd_downlink_ms,168.6937,13700000
prediction_position_error_mm,43.13370957970619,13700000
prediction_orientation_error_deg,0,13700000
owd_uplink_ms,165.2368,13800000
owd_downlink_ms,168.4545,13800000
prediction_position_error_mm,45.01979798078537,13800000
prediction_orientation_error_deg,0,13800000
prediction_position_error_mm,47.38010838627815,13900000
prediction_orientation_error_deg,0,13900000
owd_uplink_ms,168.2589,14000000
owd_downlink_ms,170.1321,14000000
prediction_position_error_mm,44.48775202035904,14000000
prediction_orientation_error_deg,0,14000000
prediction_position_error_mm,49.11902919411659,14100000
prediction_orientation_error_deg,0,14100000
owd_uplink_ms,172.1515,14200000
owd_downlink_ms,171.9322,14200000
owd_uplink_ms,172.0955,14200000
owd_downlink_ms,168.8389,14200000
prediction_position_error_mm,45.70964723825455,14200000
prediction_orientation_error_deg,0,14200000
prediction_position_error_mm,45.70964723825455,14300000
prediction_orientation_error_deg,0,14300000
owd_uplink_ms,173.5239,14400000
owd_downlink_ms,172.6438,14400000
owd_uplink_ms,165.5233,14400000
owd_downlink_ms,167.4891,14400000
correction_magnitude_mm,5.524142179638147,12706303
correction_magnitude_deg,0,12706303
prediction_position_error_mm,39.67215493321419,14400000
prediction_orientation_error_deg,0,14400000
owd_uplink_ms,172.5328,14500000
owd_downlink_ms,172.3833,14500000
owd_uplink_ms,164.9059,14500000
owd_downlink_ms,165.2877,14500000
prediction_position_error_mm,41.39026626944542,14500000
prediction_orientation_error_deg,0,14500000
owd_uplink_ms,168.6881,14600000
owd_downlink_ms,164.4472,14600000
prediction_position_error_mm,38.72528672218323,14600000
prediction_orientation_error_deg,0,14600000
owd_uplink_ms,168.2091,14700000
owd_downlink_ms,166.399,14700000
prediction_position_error_mm,40.403734892606735,14700000
prediction_orientation_error_deg,0,14700000
owd_uplink_ms,169.5684,14800000
owd_downlink_ms,168.2199,14800000
prediction_position_error_mm,39.921075105667114,14800000
prediction_orientation_error_deg,0,14800000
prediction_position_error_mm,39.921075105667114,14900000
prediction_orientation_error_deg,0,14900000
prediction_position_error_mm,44.07685622572899,15000000
prediction_orientation_error_deg,0,15000000
owd_uplink_ms,171.1555,15100000
owd_downlink_ms,172.562,15100000
correction_magnitude_mm,5.145829636603594,13299102
correction_magnitude_deg,0,13299102
owd_uplink_ms,166.6989,15100000
owd_downlink_ms,172.9774,15100000
owd_uplink_ms,167.3456,15100000
owd_downlink_ms,165.2728,15100000
prediction_position_error_mm,36.4738330245018,15100000
prediction_orientation_error_deg,0,15100000
owd_uplink_ms,169.8268,15200000
owd_downlink_ms,169.4212,15200000
prediction_position_error_mm,36.047011613845825,15200000
prediction_orientation_error_deg,0,15200000
prediction_position_error_mm,40.074534714221954,15300000
prediction_orientation_error_deg,0,15300000
prediction_position_error_mm,42.052410542964935,15400000
prediction_orientation_error_deg,0,15400000
owd_uplink_ms,170.5615,15500000
owd_downlink_ms,171.9019,15500000
prediction_position_error_mm,39.61535543203354,15500000
prediction_orientation_error_deg,0,15500000
owd_uplink_ms,168.1828,15600000
owd_downlink_ms,171.1988,15600000
owd_uplink_ms,171.4028,15600000
owd_downlink_ms,172.0386,15600000
owd_uplink_ms,166.0007,15600000
owd_downlink_ms,164.6429,15600000
prediction_position_error_mm,36.38166934251785,15600000
prediction_orientation_error_deg,0,15600000
prediction_position_error_mm,36.38166934251785,15700000
prediction_orientation_error_deg,0,15700000
owd_uplink_ms,165.3936,15800000
owd_downlink_ms,168.0151,15800000
prediction_position_error_mm,33.6928591132164,15800000
prediction_orientation_error_deg,0,15800000
owd_uplink_ms,174.1179,15900000
owd_downlink_ms,171.4492,15900000
owd_uplink_ms,165.7367,15900000
owd_downlink_ms,165.7455,15900000
prediction_position_error_mm,35.238008946180344,15900000
prediction_orientation_error_deg,0,15900000
prediction_position_error_mm,37.117742002010345,16000000
prediction_orientation_error_deg,0,16000000
owd_uplink_ms,174.1242,16100000
owd_downlink_ms,168.8935,16100000
prediction_position_error_mm,36.75016388297081,16100000
prediction_orientation_error_deg,0,16100000
owd_uplink_ms,167.2552,16200000
owd_downlink_ms,167.3453,16200000
prediction_position_error_mm,34.21876206994057,16200000
prediction_orientation_error_deg,0,16200000
owd_uplink_ms,171.2079,16300000
owd_downlink_ms,173.0276,16300000
prediction_position_error_mm,36.06247156858444,16300000
prediction_orientation_error_deg,0,16300000
prediction_position_error_mm,36.06247156858444,16400000
prediction_orientation_error_deg,0,16400000
owd_uplink_ms,172.965,16500000
owd_downlink_ms,170.049,16500000
owd_uplink_ms,166.2744,16500000
owd_downlink_ms,170.9169,16500000
owd_uplink_ms,170.3491,16500000
owd_downlink_ms,168.2232,16500000
prediction_position_error_mm,31.509488821029663,16500000
prediction_orientation_error_deg,0,16500000
prediction_position_error_mm,35.15860438346863,16600000
prediction_orientation_error_deg,0,16600000
owd_uplink_ms,166.2595,16700000
owd_downlink_ms,166.6547,16700000
prediction_position_error_mm,31.02179430425167,16700000
prediction_orientation_error_deg,0,16700000
owd_uplink_ms,173.0741,16800000
owd_downlink_ms,170.3006,16800000
prediction_position_error_mm,32.83970057964325,16800000
prediction_orientation_error_deg,0,16800000
owd_uplink_ms,171.6626,16900000
owd_downlink_ms,166.321,16900000
prediction_position_error_mm,32.61678293347359,16900000
prediction_orientation_error_deg,0,16900000
owd_uplink_ms,168.8011,17000000
owd_downlink_ms,167.3603,17000000
owd_uplink_ms,169.9084,17000000
owd_downlink_ms,169.7975,17000000
prediction_position_error_mm,32.228246331214905,17000000
prediction_orientation_error_deg,0,17000000
prediction_position_error_mm,34.031420946121216,17100000
prediction_orientation_error_deg,0,17100000
owd_uplink_ms,167.6934,17200000
owd_downlink_ms,173.9707,17200000
prediction_position_error_mm,33.86758640408516,17200000
prediction_orientation_error_deg,0,17200000
owd_uplink_ms,164.3907,17300000
owd_downlink_ms,165.5876,17300000
owd_uplink_ms,172.8422,17300000
owd_downlink_ms,167.0417,17300000
prediction_position_error_mm,29.982617124915123,17300000
prediction_orientation_error_deg,0,17300000
prediction_position_error_mm,33.604856580495834,17400000
prediction_orientation_error_deg,0,17400000
prediction_position_error_mm,35.41423752903938,17500000
prediction_orientation_error_deg,0,17500000
owd_uplink_ms,173.2539,17600000
owd_downlink_ms,173.8783,17600000
owd_uplink_ms,172.2644,17600000
owd_downlink_ms,168.5816,17600000
prediction_position_error_mm,29.720842838287354,17600000
prediction_orientation_error_deg,0,17600000
owd_uplink_ms,168.6083,17700000
owd_downlink_ms,174.2119,17700000
prediction_position_error_mm,31.548362225294113,17700000
prediction_orientation_error_deg,0,17700000
owd_uplink_ms,168.2253,17800000
owd_downlink_ms,172.9363,17800000
prediction_position_error_mm,31.509120017290115,17800000
prediction_orientation_error_deg,0,17800000
owd_uplink_ms,166.7906,17900000
owd_downlink_ms,169.4784,17900000
owd_uplink_ms,170.2487,17900000
owd_downlink_ms,167.523,17900000
prediction_position_error_mm,31.495381146669388,17900000
prediction_orientation_error_deg,0,17900000
prediction_position_error_mm,31.495381146669388,18000000
prediction_orientation_error_deg,0,18000000
owd_uplink_ms,167.0962,18100000
owd_downlink_ms,172.767,18100000
prediction_position_error_mm,33.39512273669243,18100000
prediction_orientation_error_deg,0,18100000
owd_uplink_ms,174.1929,18200000
owd_downlink_ms,169.3804,18200000
prediction_position_error_mm,33.45683589577675,18200000
prediction_orientation_error_deg,0,18200000
owd_uplink_ms,166.2405,18300000
owd_downlink_ms,165.9991,18300000
prediction_position_error_mm,31.72803297638893,18300000
prediction_orientation_error_deg,0,18300000
owd_uplink_ms,172.0946,18400000
owd_downlink_ms,171.1352,18400000
prediction_position_error_mm,31.72803297638893,18400000
prediction_orientation_error_deg,0,18400000
owd_uplink_ms,170.869,18500000
owd_downlink_ms,166.7398,18500000
prediction_position_error_mm,33.777594566345215,18500000
prediction_orientation_error_deg,0,18500000
owd_uplink_ms,170.8388,18600000
owd_downlink_ms,165.0172,18600000
prediction_position_error_mm,31.972385942935944,18600000
prediction_orientation_error_deg,0,18600000
owd_uplink_ms,170.2131,18700000
owd_downlink_ms,165.8335,18700000
owd_uplink_ms,165.6271,18700000
owd_downlink_ms,169.9067,18700000
prediction_position_error_mm,32.29960799217224,18700000
prediction_orientation_error_deg,0,18700000
owd_uplink_ms,168.6297,18800000
owd_downlink_ms,169.1008,18800000
prediction_position_error_mm,32.49333053827286,18800000
prediction_orientation_error_deg,0,18800000
owd_uplink_ms,164.4479,18900000
owd_downlink_ms,167.7703,18900000
prediction_position_error_mm,32.70668163895607,18900000
prediction_orientation_error_deg,0,18900000
prediction_position_error_mm,34.74866598844528,19000000
prediction_orientation_error_deg,0,19000000
prediction_position_error_mm,34.74866598844528,19100000
prediction_orientation_error_deg,0,19100000
owd_uplink_ms,171.505,19200000
owd_downlink_ms,172.984,19200000
owd_uplink_ms,165.4615,19200000
owd_downlink_ms,173.178,19200000
prediction_position_error_mm,33.19058194756508,19200000
prediction_orientation_error_deg,0,19200000
owd_uplink_ms,166.4616,19300000
owd_downlink_ms,170.2328,19300000
prediction_position_error_mm,35.575125366449356,19300000
prediction_orientation_error_deg,0,19300000
owd_uplink_ms,172.7278,19400000
owd_downlink_ms,167.9936,19400000
prediction_position_error_mm,35.888176411390305,19400000
prediction_orientation_error_deg,0,19400000
owd_uplink_ms,172.6403,19500000
owd_downlink_ms,164.9463,19500000
prediction_position_error_mm,34.05112773180008,19500000
prediction_orientation_error_deg,0,19500000
owd_uplink_ms,170.8917,19600000
owd_downlink_ms,165.9585,19600000
prediction_position_error_mm,32.5089693069458,19600000
prediction_orientation_error_deg,0,19600000
owd_uplink_ms,166.1185,19700000
owd_downlink_ms,171.903,19700000
prediction_position_error_mm,34.70853343605995,19700000
prediction_orientation_error_deg,0,19700000
owd_uplink_ms,170.7904,19800000
owd_downlink_ms,168.2933,19800000
owd_uplink_ms,167.8529,19800000
owd_downlink_ms,169.5663,19800000
prediction_position_error_mm,35.427652299404144,19800000
prediction_orientation_error_deg,0,19800000
owd_uplink_ms,167.6427,19900000
owd_downlink_ms,167.1601,19900000
prediction_position_error_mm,35.80871224403381,19900000
prediction_orientation_error_deg,0,19900000
owd_uplink_ms,167.563,20000000
owd_downlink_ms,169.1203,20000000
prediction_position_error_mm,36.20363771915436,20000000
prediction_orientation_error_deg,0,20000000
prediction_position_error_mm,36.20363771915436,20100000
prediction_orientation_error_deg,0,20100000
owd_uplink_ms,171.8644,20200000
owd_downlink_ms,168.5891,20200000
prediction_position_error_mm,37.03218698501587,20200000
prediction_orientation_error_deg,0,20200000
owd_uplink_ms,166.0669,20300000
owd_downlink_ms,171.9348,20300000
prediction_position_error_mm,39.4345223903656,20300000
prediction_orientation_error_deg,0,20300000
owd_uplink_ms,166.5893,20400000
owd_downlink_ms,168.1831,20400000
prediction_position_error_mm,37.908319383859634,20400000
prediction_orientation_error_deg,0,20400000
owd_uplink_ms,170.5607,20500000
owd_downlink_ms,170.1205,20500000
owd_uplink_ms,164.923,20500000
owd_downlink_ms,167.1966,20500000
prediction_position_error_mm,38.36298733949661,20500000
prediction_orientation_error_deg,0,20500000
prediction_position_error_mm,38.36298733949661,20600000
prediction_orientation_error_deg,0,20600000
owd_uplink_ms,170.0599,20700000
owd_downlink_ms,171.4775,20700000
owd_uplink_ms,167.3294,20700000
owd_downlink_ms,165.8155,20700000
prediction_position_error_mm,39.302486926317215,20700000
prediction_orientation_error_deg,0,20700000
prediction_position_error_mm,41.86556860804558,20800000
prediction_orientation_error_deg,0,20800000
prediction_position_error_mm,44.45880278944969,20900000
prediction_orientation_error_deg,0,20900000
owd_uplink_ms,173.9543,21000000
owd_downlink_ms,170.5409,21000000
owd_uplink_ms,172.6684,21000000
owd_downlink_ms,169.9983,21000000
prediction_position_error_mm,38.14762458205223,21000000
prediction_orientation_error_deg,0,21000000
owd_uplink_ms,166.5603,21100000
owd_downlink_ms,172.9348,21100000
owd_uplink_ms,169.0163,21100000
owd_downlink_ms,167.5738,21100000
prediction_position_error_mm,38.62273693084717,21100000
prediction_orientation_error_deg,0,21100000
prediction_position_error_mm,43.98485645651817,21200000
prediction_orientation_error_deg,0,21200000
prediction_position_error_mm,46.71294242143631,21300000
prediction_orientation_error_deg,0,21300000
owd_uplink_ms,173.6537,21400000
owd_downlink_ms,170.349,21400000
owd_uplink_ms,171.0103,21400000
owd_downlink_ms,167.9375,21400000
prediction_position_error_mm,45.091189444065094,21400000
prediction_orientation_error_deg,0,21400000
prediction_position_error_mm,47.88779839873314,21500000
prediction_orientation_error_deg,0,21500000
owd_uplink_ms,173.0533,21600000
owd_downlink_ms,172.4853,21600000
owd_uplink_ms,166.9727,21600000
owd_downlink_ms,172.2824,21600000
prediction_position_error_mm,43.390437960624695,21600000
prediction_orientation_error_deg,0,21600000
owd_uplink_ms,166.1958,21700000
owd_downlink_ms,170.956,21700000
prediction_position_error_mm,46.79855331778526,21700000
prediction_orientation_error_deg,0,21700000
owd_uplink_ms,170.5335,21800000
owd_downlink_ms,170.3485,21800000
prediction_position_error_mm,44.47639733552933,21800000
prediction_orientation_error_deg,0,21800000
prediction_position_error_mm,47.378551214933395,21900000
prediction_orientation_error_deg,0,21900000
owd_uplink_ms,170.197,22000000
owd_downlink_ms,172.4553,22000000
owd_uplink_ms,173.2741,22000000
owd_downlink_ms,172.6033,22000000
prediction_position_error_mm,48.55258762836456,22000000
prediction_orientation_error_deg,0,22000000
owd_uplink_ms,168.0005,22100000
owd_downlink_ms,170.7333,22100000
owd_uplink_ms,167.8027,22100000
owd_downlink_ms,167.985,22100000
prediction_position_error_mm,46.70186713337898,22100000
prediction_orientation_error_deg,0,22100000
prediction_position_error_mm,49.74278062582016,22200000
prediction_orientation_error_deg,0,22200000
owd_uplink_ms,167.0678,22300000
owd_downlink_ms,171.2662,22300000
prediction_position_error_mm,50.34304037690163,22300000
prediction_orientation_error_deg,0,22300000
owd_uplink_ms,171.0263,22400000
owd_downlink_ms,164.6587,22400000
correction_magnitude_mm,5.0772386603057384,20709617
correction_magnitude_deg,0,20709617
owd_uplink_ms,170.2685,22400000
owd_downlink_ms,168.6747,22400000
prediction_position_error_mm,48.40683192014694,22400000
prediction_orientation_error_deg,0,22400000
owd_uplink_ms,165.5779,22500000
owd_downlink_ms,163.909,22500000
prediction_position_error_mm,48.98019880056381,22500000
prediction_orientation_error_deg,0,22500000
prediction_position_error_mm,52.1601103246212,22600000
prediction_orientation_error_deg,0,22600000
owd_uplink_ms,166.5573,22700000
owd_downlink_ms,172.6397,22700000
prediction_position_error_mm,49.55552890896797,22700000
prediction_orientation_error_deg,0,22700000
owd_uplink_ms,171.3108,22800000
owd_downlink_ms,164.6318,22800000
prediction_position_error_mm,50.1326359808445,22800000
prediction_orientation_error_deg,0,22800000
prediction_position_error_mm,56.66441097855568,22900000
prediction_orientation_error_deg,0,22900000
owd_uplink_ms,166.2217,23000000
owd_downlink_ms,170.3659,23000000
correction_magnitude_mm,5.399781744927168,21209971
correction_magnitude_deg,0,21209971
owd_uplink_ms,174.2885,23000000
owd_downlink_ms,171.5949,23000000
prediction_position_error_mm,51.29099264740944,23000000
prediction_orientation_error_deg,0,23000000
owd_uplink_ms,166.3596,23100000
owd_downlink_ms,169.6277,23100000
owd_uplink_ms,170.4143,23100000
owd_downlink_ms,165.389,23100000
prediction_position_error_mm,49.09906908869743,23100000
prediction_orientation_error_deg,0,23100000
prediction_position_error_mm,52.45301127433777,23200000
prediction_orientation_error_deg,0,23200000
owd_uplink_ms,167.0875,23300000
owd_downlink_ms,169.622,23300000
prediction_position_error_mm,56.45608901977539,23300000
prediction_orientation_error_deg,0,23300000
owd_uplink_ms,165.1895,23400000
owd_downlink_ms,165.0923,23400000
correction_magnitude_mm,5.733623169362545,21707451
correction_magnitude_deg,0,21707451
owd_uplink_ms,172.8562,23400000
owd_downlink_ms,166.8335,23400000
prediction_position_error_mm,54.198458790779114,23400000
prediction_orientation_error_deg,0,23400000
prediction_position_error_mm,57.68804997205734,23500000
prediction_orientation_error_deg,0,23500000
prediction_position_error_mm,57.68804997205734,23600000
prediction_orientation_error_deg,0,23600000
owd_uplink_ms,171.9597,23700000
owd_downlink_ms,170.7265,23700000
owd_uplink_ms,172.5245,23700000
owd_downlink_ms,167.5612,23700000
correction_magnitude_mm,5.937236361205578,21992178
correction_magnitude_deg,0,21992178
prediction_position_error_mm,55.94169721007347,23700000
prediction_orientation_error_deg,0,23700000
owd_uplink_ms,164.1639,23800000
owd_downlink_ms,170.4383,23800000
owd_uplink_ms,168.6357,23800000
owd_downlink_ms,166.7516,23800000
prediction_position_error_mm,52.92968079447746,23800000
prediction_orientation_error_deg,0,23800000
prediction_position_error_mm,56.52127414941788,23900000
prediction_orientation_error_deg,0,23900000
owd_uplink_ms,169.3604,24000000
owd_downlink_ms,171.5741,24000000
owd_uplink_ms,167.8347,24000000
owd_downlink_ms,168.0286,24000000
prediction_position_error_mm,54.0185309946537,24000000
prediction_orientation_error_deg,0,24000000
owd_uplink_ms,168.0789,24100000
owd_downlink_ms,166.2127,24100000
prediction_position_error_mm,58.25240910053253,24100000
prediction_orientation_error_deg,0,24100000
owd_uplink_ms,169.4045,24200000
owd_downlink_ms,166.4501,24200000
prediction_position_error_mm,58.82640182971954,24200000
prediction_orientation_error_deg,0,24200000
owd_uplink_ms,169.4595,24300000
owd_downlink_ms,169.8339,24300000
prediction_position_error_mm,59.39855799078941,24300000
prediction_orientation_error_deg,0,24300000
prediction_position_error_mm,63.187167048454285,24400000
prediction_orientation_error_deg,0,24400000
owd_uplink_ms,169.7623,24500000
owd_downlink_ms,166.5655,24500000
prediction_position_error_mm,59.96870622038841,24500000
prediction_orientation_error_deg,0,24500000
owd_uplink_ms,170.6203,24600000
owd_downlink_ms,166.982,24600000
correction_magnitude_mm,6.5534221939742565,22886575
correction_magnitude_deg,0,22886575
owd_uplink_ms,165.9561,24600000
owd_downlink_ms,168.0264,24600000
prediction_position_error_mm,61.10227853059769,24600000
prediction_orientation_error_deg,0,24600000
prediction_position_error_mm,61.10227853059769,24700000
prediction_orientation_error_deg,0,24700000
owd_uplink_ms,170.0174,24800000
owd_downlink_ms,168.0476,24800000
prediction_position_error_mm,65.58197736740112,24800000
prediction_orientation_error_deg,0,24800000
prediction_position_error_mm,69.52927261590958,24900000
prediction_orientation_error_deg,0,24900000
owd_uplink_ms,169.821,25000000
owd_downlink_ms,172.6195,25000000
owd_uplink_ms,171.2849,25000000
owd_downlink_ms,168.8754,25000000
correction_magnitude_mm,6.825956050306559,23287190
correction_magnitude_deg,0,23287190
prediction_position_error_mm,63.33836913108826,25000000
prediction_orientation_error_deg,0,25000000
owd_uplink_ms,166.2819,25100000
owd_downlink_ms,171.91,25100000
owd_uplink_ms,166.3193,25100000
owd_downlink_ms,165.1697,25100000
prediction_position_error_mm,59.87953022122383,25100000
prediction_orientation_error_deg,0,25100000
prediction_position_error_mm,63.89005482196808,25200000
prediction_orientation_error_deg,0,25200000
owd_uplink_ms,165.4368,25300000
owd_downlink_ms,171.1548,25300000
prediction_position_error_mm,68.5095340013504,25300000
prediction_orientation_error_deg,0,25300000
prediction_position_error_mm,72.61017709970474,25400000
prediction_orientation_error_deg,0,25400000
owd_uplink_ms,165.63,25500000
owd_downlink_ms,169.8884,25500000
correction_magnitude_mm,7.09546497091651,23705261
correction_magnitude_deg,0,23705261
owd_uplink_ms,171.3501,25500000
owd_downlink_ms,172.3701,25500000
prediction_position_error_mm,65.5251294374466,25500000
prediction_orientation_error_deg,0,25500000
owd_uplink_ms,173.7422,25600000
owd_downlink_ms,167.1517,25600000
prediction_position_error_mm,66.06311351060867,25600000
prediction_orientation_error_deg,0,25600000
owd_uplink_ms,171.2352,25700000
owd_downlink_ms,169.4429,25700000
prediction_position_error_mm,70.78732550144196,25700000
prediction_orientation_error_deg,0,25700000
owd_uplink_ms,171.9994,25800000
owd_downlink_ms,169.8616,25800000
correction_magnitude_mm,7.3608472011983395,24093387
correction_magnitude_deg,0,24093387
prediction_position_error_mm,67.65405833721161,25800000
prediction_orientation_error_deg,0,25800000
owd_uplink_ms,166.5784,25900000
owd_downlink_ms,172.1305,25900000
owd_uplink_ms,169.4171,25900000
owd_downlink_ms,168.0656,25900000
prediction_position_error_mm,63.928231596946716,25900000
prediction_orientation_error_deg,0,25900000
owd_uplink_ms,166.8074,26000000
owd_downlink_ms,167.5841,26000000
prediction_position_error_mm,64.41789120435715,26000000
prediction_orientation_error_deg,0,26000000
owd_uplink_ms,169.018,26100000
owd_downlink_ms,167.8154,26100000
prediction_position_error_mm,64.90353494882584,26100000
prediction_orientation_error_deg,0,26100000
prediction_position_error_mm,69.20807808637619,26200000
prediction_orientation_error_deg,0,26200000
owd_uplink_ms,169.834,26300000
owd_downlink_ms,167.3075,26300000
correction_magnitude_mm,7.684752810746431,24594948
correction_magnitude_deg,0,24594948
owd_uplink_ms,165.3216,26300000
owd_downlink_ms,167.0961,26300000
prediction_position_error_mm,70.22213935852051,26300000
prediction_orientation_error_deg,0,26300000
prediction_position_error_mm,70.22213935852051,26400000
prediction_orientation_error_deg,0,26400000
prediction_position_error_mm,79.02180403470993,26500000
prediction_orientation_error_deg,0,26500000
owd_uplink_ms,171.7195,26600000
owd_downlink_ms,172.3471,26600000
correction_magnitude_mm,7.811535149812698,24797951
correction_magnitude_deg,0,24797951
owd_uplink_ms,168.741,26600000
owd_downlink_ms,172.0379,26600000
prediction_position_error_mm,71.21752947568893,26600000
prediction_orientation_error_deg,0,26600000
owd_uplink_ms,166.3303,26700000
owd_downlink_ms,171.3467,26700000
prediction_position_error_mm,76.17408037185669,26700000
prediction_orientation_error_deg,0,26700000
owd_uplink_ms,165.9057,26800000
owd_downlink_ms,169.8805,26800000
prediction_position_error_mm,72.19351083040237,26800000
prediction_orientation_error_deg,0,26800000
owd_uplink_ms,173.447,26900000
owd_downlink_ms,164.6836,26900000
prediction_position_error_mm,72.67404347658157,26900000
prediction_orientation_error_deg,0,26900000
owd_uplink_ms,166.2049,27000000
owd_downlink_ms,169.0706,27000000
correction_magnitude_mm,8.120331913232803,25305935
correction_magnitude_deg,0,25305935
prediction_position_error_mm,73.61944019794464,27000000
prediction_orientation_error_deg,0,27000000
owd_uplink_ms,171.6345,27100000
owd_downlink_ms,172.6557,27100000
owd_uplink_ms,166.275,27100000
owd_downlink_ms,165.5309,27100000
prediction_position_error_mm,74.08426702022552,27100000
prediction_orientation_error_deg,0,27100000
prediction_position_error_mm,74.08426702022552,27200000
prediction_orientation_error_deg,0,27200000
prediction_position_error_mm,83.29135179519653,27300000
prediction_orientation_error_deg,0,27300000
owd_uplink_ms,174.1858,27400000
owd_downlink_ms,172.5034,27400000
owd_uplink_ms,168.9979,27400000
owd_downlink_ms,168.189,27400000
correction_magnitude_mm,8.358131162822247,25703164
correction_magnitude_deg,0,25703164
owd_uplink_ms,173.0993,27400000
owd_downlink_ms,169.3609,27400000
prediction_position_error_mm,70.80616056919098,27400000
prediction_orientation_error_deg,0,27400000
prediction_position_error_mm,80.10844141244888,27500000
prediction_orientation_error_deg,0,27500000
owd_uplink_ms,165.081,27600000
owd_downlink_ms,171.2195,27600000
prediction_position_error_mm,80.57405054569244,27600000
prediction_orientation_error_deg,0,27600000
owd_uplink_ms,172.9392,27700000
owd_downlink_ms,165.2549,27700000
prediction_position_error_mm,81.03346824645996,27700000
prediction_orientation_error_deg,0,27700000
prediction_position_error_mm,85.76353639364243,27800000
prediction_orientation_error_deg,0,27800000
owd_uplink_ms,170.8572,27900000
owd_downlink_ms,171.0135,27900000
owd_uplink_ms,172.0952,27900000
owd_downlink_ms,168.1543,27900000
prediction_position_error_mm,81.93366974592209,27900000
prediction_orientation_error_deg,0,27900000
prediction_position_error_mm,86.70694380998611,28000000
prediction_orientation_error_deg,0,28000000
owd_uplink_ms,166.2677,28100000
owd_downlink_ms,171.0847,28100000
correction_magnitude_mm,8.697676472365856,26297851
correction_magnitude_deg,0,26297851
owd_uplink_ms,172.8697,28100000
owd_downlink_ms,173.7677,28100000
prediction_position_error_mm,82.80837535858154,28100000
prediction_orientation_error_deg,0,28100000
owd_uplink_ms,172.6673,28200000
owd_downlink_ms,166.319,28200000
correction_magnitude_mm,8.805881254374981,26491039
correction_magnitude_deg,0,26491039
owd_uplink_ms,168.6216,28200000
owd_downlink_ms,169.9148,28200000
prediction_position_error_mm,74.00642335414886,28200000
prediction_orientation_error_deg,0,28200000
prediction_position_error_mm,83.65701138973236,28300000
prediction_orientation_error_deg,0,28300000
owd_uplink_ms,167.4569,28400000
owd_downlink_ms,165.1281,28400000
correction_magnitude_mm,8.911499753594398,26689746
correction_magnitude_deg,0,26689746
owd_uplink_ms,168.9287,28400000
owd_downlink_ms,166.557,28400000
prediction_position_error_mm,74.74922388792038,28400000
prediction_orientation_error_deg,0,28400000
prediction_position_error_mm,79.60451394319534,28500000
prediction_orientation_error_deg,0,28500000
owd_uplink_ms,170.293,28600000
owd_downlink_ms,171.1845,28600000
prediction_position_error_mm,84.87977087497711,28600000
prediction_orientation_error_deg,0,28600000
owd_uplink_ms,169.7814,28700000
owd_downlink_ms,171.0198,28700000
correction_magnitude_mm,9.064855054020882,26989445
correction_magnitude_deg,0,26989445
prediction_position_error_mm,80.73052018880844,28700000
prediction_orientation_error_deg,0,28700000
owd_uplink_ms,165.9071,28800000
owd_downlink_ms,170.8384,28800000
prediction_position_error_mm,85.66068112850189,28800000
prediction_orientation_error_deg,0,28800000
owd_uplink_ms,168.0493,28900000
owd_downlink_ms,173.1034,28900000
prediction_position_error_mm,86.04064583778381,28900000
prediction_orientation_error_deg,0,28900000
owd_uplink_ms,171.869,29000000
owd_downlink_ms,166.8155,29000000
correction_magnitude_mm,9.211976081132889,27295610
correction_magnitude_deg,0,27295610
prediction_position_error_mm,76.83182507753372,29000000
prediction_orientation_error_deg,0,29000000
owd_uplink_ms,165.7421,29100000
owd_downlink_ms,171.9611,29100000
prediction_position_error_mm,81.79718255996704,29100000
prediction_orientation_error_deg,0,29100000
prediction_position_error_mm,91.77761524915695,29200000
prediction_orientation_error_deg,0,29200000
owd_uplink_ms,167.198,29300000
owd_downlink_ms,170.9096,29300000
correction_magnitude_mm,9.306369349360466,27508022
correction_magnitude_deg,0,27508022
owd_uplink_ms,171.6848,29300000
owd_downlink_ms,172.5254,29300000
owd_uplink_ms,170.5691,29300000
owd_downlink_ms,168.6639,29300000
prediction_position_error_mm,77.78821140527725,29300000
prediction_orientation_error_deg,0,29300000
owd_uplink_ms,168.8486,29400000
owd_downlink_ms,166.6916,29400000
prediction_position_error_mm,78.09407263994217,29400000
prediction_orientation_error_deg,0,29400000
prediction_position_error_mm,88.16967159509659,29500000
prediction_orientation_error_deg,0,29500000
owd_uplink_ms,168.6064,29600000
owd_downlink_ms,171.3352,29600000
owd_uplink_ms,168.5781,29600000
owd_downlink_ms,167.7343,29600000
prediction_position_error_mm,83.74620974063873,29600000
prediction_orientation_error_deg,0,29600000
owd_uplink_ms,164.5765,29700000
owd_downlink_ms,163.9592,29700000
prediction_position_error_mm,78.97205650806427,29700000
prediction_orientation_error_deg,0,29700000
prediction_position_error_mm,84.04649794101715,29800000
prediction_orientation_error_deg,0,29800000
owd_uplink_ms,165.4557,29900000
owd_downlink_ms,172.3302,29900000
prediction_position_error_mm,89.44112807512283,29900000
prediction_orientation_error_deg,0,29900000
owd_uplink_ms,170.8067,30000000
owd_downlink_ms,164.3949,30000000
correction_magnitude_mm,9.653856977820396,28306154
correction_magnitude_deg,0,28306154
owd_uplink_ms,167.5892,30000000
owd_downlink_ms,166.5766,30000000
prediction_position_error_mm,79.78969812393188,30000000
prediction_orientation_error_deg,0,30000000
prediction_position_error_mm,90.0312140583992,30100000
prediction_orientation_error_deg,0,30100000
owd_uplink_ms,172.6684,30200000
owd_downlink_ms,169.2475,30200000
prediction_position_error_mm,90.31464159488678,30200000
prediction_orientation_error_deg,0,30200000
owd_uplink_ms,171.9786,30300000
owd_downlink_ms,167.6742,30300000
correction_magnitude_mm,9.771142154932022,28595232
correction_magnitude_deg,0,28595232
owd_uplink_ms,169.285,30300000
owd_downlink_ms,168.0015,30300000
prediction_position_error_mm,85.69642901420593,30300000
prediction_orientation_error_deg,0,30300000
owd_uplink_ms,163.9712,30400000
owd_downlink_ms,165.6104,30400000
prediction_position_error_mm,85.9457179903984,30400000
prediction_orientation_error_deg,0,30400000
owd_uplink_ms,166.2304,30500000
owd_downlink_ms,168.8603,30500000
prediction_position_error_mm,81.01505786180496,30500000
prediction_orientation_error_deg,0,30500000
prediction_position_error_mm,91.37006849050522,30600000
prediction_orientation_error_deg,0,30600000
owd_uplink_ms,168.7183,30700000
owd_downlink_ms,171.1407,30700000
prediction_position_error_mm,91.61407500505447,30700000
prediction_orientation_error_deg,0,30700000
prediction_position_error_mm,96.81554138660431,30800000
prediction_orientation_error_deg,0,30800000
owd_uplink_ms,173.0785,30900000
owd_downlink_ms,172.5672,30900000
owd_uplink_ms,169.8199,30900000
owd_downlink_ms,167.9371,30900000
correction_magnitude_mm,9.983343072235584,29199000
correction_magnitude_deg,0,29199000
owd_uplink_ms,170.413,30900000
owd_downlink_ms,169.6801,30900000
prediction_position_error_mm,87.07920461893082,30900000
prediction_orientation_error_deg,0,30900000
prediction_position_error_mm,87.07920461893082,31000000
prediction_orientation_error_deg,0,31000000
owd_uplink_ms,171.7268,31100000
owd_downlink_ms,169.369,31100000
correction_magnitude_mm,5.015888717025518,29395137
correction_magnitude_deg,0,29395137
prediction_position_error_mm,92.50971674919128,31100000
prediction_orientation_error_deg,0,31100000
owd_uplink_ms,170.3013,31200000
owd_downlink_ms,166.6114,31200000
correction_magnitude_mm,10.077987797558308,29490525
correction_magnitude_deg,0,29490525
prediction_position_error_mm,82.4335366487503,31200000
prediction_orientation_error_deg,0,31200000
owd_uplink_ms,164.4122,31300000
owd_downlink_ms,171.3058,31300000
prediction_position_error_mm,87.66768127679825,31300000
prediction_orientation_error_deg,0,31300000
owd_uplink_ms,169.045,31400000
owd_downlink_ms,171.9705,31400000
correction_magnitude_mm,5.061230156570673,29602798
correction_magnitude_deg,0,29602798
prediction_position_error_mm,93.09585392475128,31400000
prediction_orientation_error_deg,0,31400000
owd_uplink_ms,170.5569,31500000
owd_downlink_ms,168.8812,31500000
correction_magnitude_mm,5.075496155768633,29800703
correction_magnitude_deg,0,29800703
prediction_position_error_mm,93.27471256256104,31500000
prediction_orientation_error_deg,0,31500000
owd_uplink_ms,169.8064,31600000
owd_downlink_ms,167.5349,31600000
correction_magnitude_mm,10.191896930336952,29897864
correction_magnitude_deg,0,29897864
prediction_position_error_mm,88.3435308933258,31600000
prediction_orientation_error_deg,0,31600000
owd_uplink_ms,165.0963,31700000
owd_downlink_ms,173.1762,31700000
prediction_position_error_mm,88.3435308933258,31700000
prediction_orientation_error_deg,0,31700000
owd_uplink_ms,173.0669,31800000
owd_downlink_ms,169.3399,31800000
correction_magnitude_mm,10.243572294712067,30103303
correction_magnitude_deg,0,30103303
prediction_position_error_mm,88.63426744937897,31800000
prediction_orientation_error_deg,0,31800000
owd_uplink_ms,167.1603,31900000
owd_downlink_ms,170.5308,31900000
owd_uplink_ms,168.3107,31900000
owd_downlink_ms,167.5712,31900000
correction_magnitude_mm,5.140009336173534,30206591
correction_magnitude_deg,0,30206591
prediction_position_error_mm,83.49497616291046,31900000
prediction_orientation_error_deg,0,31900000
owd_uplink_ms,169.9777,32000000
owd_downlink_ms,164.6209,32000000
correction_magnitude_mm,5.15159172937274,30299896
correction_magnitude_deg,0,30299896
prediction_position_error_mm,88.89323472976685,32000000
prediction_orientation_error_deg,0,32000000
prediction_position_error_mm,88.89323472976685,32100000
prediction_orientation_error_deg,0,32100000
owd_uplink_ms,167.2013,32200000
owd_downlink_ms,171.5625,32200000
correction_magnitude_mm,5.1626963540911674,30405347
correction_magnitude_deg,0,30405347
prediction_position_error_mm,89.01073038578033,32200000
prediction_orientation_error_deg,0,32200000
prediction_position_error_mm,94.29280459880829,32300000
prediction_orientation_error_deg,0,32300000
owd_uplink_ms,171.3122,32400000
owd_downlink_ms,170.5536,32400000
correction_magnitude_mm,10.356836020946503,30604398
correction_magnitude_deg,0,30604398
owd_uplink_ms,165.3601,32400000
owd_downlink_ms,171.5651,32400000
owd_uplink_ms,166.0384,32400000
owd_downlink_ms,165.1382,32400000
correction_magnitude_mm,5.193223711103201,30711028
correction_magnitude_deg,0,30711028
prediction_position_error_mm,89.31511640548706,32400000
prediction_orientation_error_deg,0,32400000
owd_uplink_ms,165.55,32500000
owd_downlink_ms,164.9442,32500000
correction_magnitude_mm,5.2025048062205315,30810270
correction_magnitude_deg,0,30810270
prediction_position_error_mm,84.11324769258499,32500000
prediction_orientation_error_deg,0,32500000
prediction_position_error_mm,89.40043300390244,32600000
prediction_orientation_error_deg,0,32600000
owd_uplink_ms,169.5438,32700000
owd_downlink_ms,171.9223,32700000
correction_magnitude_mm,5.211290437728167,30913242
correction_magnitude_deg,0,30913242
prediction_position_error_mm,89.47766572237015,32700000
prediction_orientation_error_deg,0,32700000
owd_uplink_ms,172.8001,32800000
owd_downlink_ms,166.1351,32800000
correction_magnitude_mm,10.447130538523197,31104910
correction_magnitude_deg,0,31104910
owd_uplink_ms,169.6289,32800000
owd_downlink_ms,169.0958,32800000
prediction_position_error_mm,89.60774540901184,32800000
prediction_orientation_error_deg,0,32800000
prediction_position_error_mm,94.89480406045914,32900000
prediction_orientation_error_deg,0,32900000
owd_uplink_ms,171.7826,33000000
owd_downlink_ms,166.4091,33000000
correction_magnitude_mm,5.234880838543177,31297527
correction_magnitude_deg,0,31297527
prediction_position_error_mm,94.94640678167343,33000000
prediction_orientation_error_deg,0,33000000
owd_uplink_ms,171.5723,33100000
owd_downlink_ms,165.5345,33100000
correction_magnitude_mm,10.49008872359991,31389980
correction_magnitude_deg,0,31389980
prediction_position_error_mm,89.74169194698334,33100000
prediction_orientation_error_deg,0,33100000
owd_uplink_ms,165.3385,33200000
owd_downlink_ms,171.8242,33200000
owd_uplink_ms,164.8977,33200000
owd_downlink_ms,167.2438,33200000
correction_magnitude_mm,5.254238843917847,31501020
correction_magnitude_deg,0,31501020
prediction_position_error_mm,84.48800444602966,33200000
prediction_orientation_error_deg,0,33200000
prediction_position_error_mm,89.76998925209045,33300000
prediction_orientation_error_deg,0,33300000
owd_uplink_ms,165.114,33400000
owd_downlink_ms,171.5043,33400000
correction_magnitude_mm,5.259743891656399,31609007
correction_magnitude_deg,0,31609007
prediction_position_error_mm,95.06609290838242,33400000
prediction_orientation_error_deg,0,33400000
owd_uplink_ms,167.5198,33500000
owd_downlink_ms,165.9645,33500000
correction_magnitude_mm,10.534116066992283,31807062
correction_magnitude_deg,0,31807062
prediction_position_error_mm,89.8054987192154,33500000
prediction_orientation_error_deg,0,33500000
owd_uplink_ms,171.5909,33600000
owd_downlink_ms,171.8382,33600000
prediction_position_error_mm,95.07373720407486,33600000
prediction_orientation_error_deg,0,33600000
owd_uplink_ms,165.4433,33700000
owd_downlink_ms,168.4529,33700000
correction_magnitude_mm,10.55038534104824,32011132
correction_magnitude_deg,0,32011132
prediction_position_error_mm,89.7880345582962,33700000
prediction_orientation_error_deg,0,33700000
owd_uplink_ms,172.4031,33800000
owd_downlink_ms,171.108,33800000
prediction_position_error_mm,89.7880345582962,33800000
prediction_orientation_error_deg,0,33800000
prediction_position_error_mm,95.04646807909012,33900000
prediction_orientation_error_deg,0,33900000
owd_uplink_ms,171.9786,34000000
owd_downlink_ms,170.2242,34000000
correction_magnitude_mm,5.280115641653538,32207318
correction_magnitude_deg,0,32207318
prediction_position_error_mm,100.26638209819794,34000000
prediction_orientation_error_deg,0,34000000
owd_uplink_ms,172.4664,34100000
owd_downlink_ms,172.3426,34100000
correction_magnitude_mm,5.28274942189455,32307163
correction_magnitude_deg,0,32307163
owd_uplink_ms,170.736,34100000
owd_downlink_ms,166.7989,34100000
correction_magnitude_mm,10.571461170911789,32402241
correction_magnitude_deg,0,32402241
owd_uplink_ms,165.824,34100000
owd_downlink_ms,169.0019,34100000
prediction_position_error_mm,89.65389430522919,34100000
prediction_orientation_error_deg,0,34100000
prediction_position_error_mm,89.65389430522919,34200000
prediction_orientation_error_deg,0,34200000
owd_uplink_ms,170.6699,34300000
owd_downlink_ms,167.3614,34300000
correction_magnitude_mm,5.287748761475086,32602077
correction_magnitude_deg,0,32602077
prediction_position_error_mm,89.59968388080597,34300000
prediction_orientation_error_deg,0,34300000
owd_uplink_ms,171.8905,34400000
owd_downlink_ms,166.1735,34400000
correction_magnitude_mm,5.288445390760899,32694931
correction_magnitude_deg,0,32694931
prediction_position_error_mm,89.53718841075897,34400000
prediction_orientation_error_deg,0,34400000
owd_uplink_ms,171.6243,34500000
owd_downlink_ms,168.1867,34500000
correction_magnitude_mm,10.577072389423847,32790635
correction_magnitude_deg,0,32790635
prediction_position_error_mm,89.38734233379364,34500000
prediction_orientation_error_deg,0,34500000
owd_uplink_ms,168.5589,34600000
owd_downlink_ms,173.4374,34600000
owd_uplink_ms,164.703,34600000
owd_downlink_ms,167.3774,34600000
correction_magnitude_mm,5.287637002766132,32900077
correction_magnitude_deg,0,32900077
prediction_position_error_mm,84.10011976957321,34600000
prediction_orientation_error_deg,0,34600000
owd_uplink_ms,169.3184,34700000
owd_downlink_ms,169.0295,34700000
correction_magnitude_mm,5.286406725645065,32999717
correction_magnitude_deg,0,32999717
prediction_position_error_mm,84.01399850845337,34700000
prediction_orientation_error_deg,0,34700000
prediction_position_error_mm,94.38466280698776,34800000
prediction_orientation_error_deg,0,34800000
owd_uplink_ms,169.8543,34900000
owd_downlink_ms,172.475,34900000
correction_magnitude_mm,5.284677725285292,33102992
correction_magnitude_deg,0,33102992
prediction_position_error_mm,94.270259141922,34900000
prediction_orientation_error_deg,0,34900000
prediction_position_error_mm,94.270259141922,35000000
prediction_orientation_error_deg,0,35000000
owd_uplink_ms,173.7321,35100000
owd_downlink_ms,170.2047,35100000
correction_magnitude_mm,5.282469093799591,33298583
correction_magnitude_deg,0,33298583
owd_uplink_ms,164.2887,35100000
owd_downlink_ms,164.9015,35100000
correction_magnitude_mm,10.556314140558243,33399350
correction_magnitude_deg,0,33399350
prediction_position_error_mm,88.73901516199112,35100000
prediction_orientation_error_deg,0,35100000
owd_uplink_ms,170.7374,35200000
owd_downlink_ms,172.4533,35200000
prediction_position_error_mm,88.73901516199112,35200000
prediction_orientation_error_deg,0,35200000
owd_uplink_ms,169.8299,35300000
owd_downlink_ms,171.8752,35300000
correction_magnitude_mm,5.272888112813234,33504050
correction_magnitude_deg,0,33504050
owd_uplink_ms,166.1487,35300000
owd_downlink_ms,163.8998,35300000
correction_magnitude_mm,5.26873953640461,33601239
correction_magnitude_deg,0,33601239
prediction_position_error_mm,83.33364874124527,35300000
prediction_orientation_error_deg,0,35300000
owd_uplink_ms,164.6136,35400000
owd_downlink_ms,166.0401,35400000
correction_magnitude_mm,5.2640726789832115,33703022
correction_magnitude_deg,0,33703022
prediction_position_error_mm,88.30320835113525,35400000
prediction_orientation_error_deg,0,35400000
prediction_position_error_mm,88.30320835113525,35500000
prediction_orientation_error_deg,0,35500000
owd_uplink_ms,172.1941,35600000
owd_downlink_ms,166.0331,35600000
correction_magnitude_mm,5.258924327790737,33895321
correction_magnitude_deg,0,33895321
prediction_position_error_mm,88.14143389463425,35600000
prediction_orientation_error_deg,0,35600000
owd_uplink_ms,168.9261,35700000
owd_downlink_ms,168.3386,35700000
correction_magnitude_mm,10.500493459403515,33994587
correction_magnitude_deg,0,33994587
prediction_position_error_mm,82.72457122802734,35700000
prediction_orientation_error_deg,0,35700000
owd_uplink_ms,169.7176,35800000
owd_downlink_ms,170.4651,35800000
owd_uplink_ms,164.6644,35800000
owd_downlink_ms,164.8841,35800000
correction_magnitude_mm,5.240574479103088,34095797
correction_magnitude_deg,0,34095797
prediction_position_error_mm,82.5529396533966,35800000
prediction_orientation_error_deg,0,35800000
prediction_position_error_mm,92.64519810676575,35900000
prediction_orientation_error_deg,0,35900000
owd_uplink_ms,170.398,36000000
owd_downlink_ms,169.7727,36000000
correction_magnitude_mm,5.233482923358679,34295016
correction_magnitude_deg,0,34295016
prediction_position_error_mm,92.43479371070862,36000000
prediction_orientation_error_deg,0,36000000
owd_uplink_ms,171.5584,36100000
owd_downlink_ms,167.1245,36100000
correction_magnitude_mm,5.225908476859331,34389474
correction_magnitude_deg,0,34389474
prediction_position_error_mm,87.20925450325012,36100000
prediction_orientation_error_deg,0,36100000
prediction_position_error_mm,97.20543026924133,36200000
prediction_orientation_error_deg,0,36200000
owd_uplink_ms,171.2052,36300000
owd_downlink_ms,171.3959,36300000
correction_magnitude_mm,10.427138768136501,34489713
correction_magnitude_deg,0,34489713
owd_uplink_ms,167.9516,36300000
owd_downlink_ms,171.5166,36300000
prediction_position_error_mm,91.75161272287369,36300000
prediction_orientation_error_deg,0,36300000
prediction_position_error_mm,91.75161272287369,36400000
prediction_orientation_error_deg,0,36400000
owd_uplink_ms,173.0957,36500000
owd_downlink_ms,172.0995,36500000
correction_magnitude_mm,5.200251471251249,34692925
correction_magnitude_deg,0,34692925
owd_uplink_ms,166.0109,36500000
owd_downlink_ms,164.8701,36500000
correction_magnitude_mm,10.371435433626175,34791500
correction_magnitude_deg,0,34791500
owd_uplink_ms,170.3931,36500000
owd_downlink_ms,166.6782,36500000
prediction_position_error_mm,86.07272058725357,36500000
prediction_orientation_error_deg,0,36500000
prediction_position_error_mm,90.99093824625015,36600000
prediction_orientation_error_deg,0,36600000
owd_uplink_ms,164.8629,36700000
owd_downlink_ms,172.1595,36700000
correction_magnitude_mm,5.170232616364956,34895978
correction_magnitude_deg,0,34895978
prediction_position_error_mm,85.82103997468948,36700000
prediction_orientation_error_deg,0,36700000
owd_uplink_ms,166.7535,36800000
owd_downlink_ms,167.5509,36800000
correction_magnitude_mm,10.307024233043194,35096975
correction_magnitude_deg,0,35096975
prediction_position_error_mm,80.413818359375,36800000
prediction_orientation_error_deg,0,36800000
owd_uplink_ms,172.3443,36900000
owd_downlink_ms,171.0443,36900000
prediction_position_error_mm,90.15320986509323,36900000
prediction_orientation_error_deg,0,36900000
prediction_position_error_mm,94.99244391918182,37000000
prediction_orientation_error_deg,0,37000000
owd_uplink_ms,173.315,37100000
owd_downlink_ms,172.1678,37100000
correction_magnitude_mm,5.135856103152037,35293917
correction_magnitude_deg,0,35293917
owd_uplink_ms,169.7444,37100000
owd_downlink_ms,169.0783,37100000
correction_magnitude_mm,10.233927518129349,35393085
correction_magnitude_deg,0,35393085
owd_uplink_ms,165.9702,37100000
owd_downlink_ms,170.1031,37100000
prediction_position_error_mm,84.44201946258545,37100000
prediction_orientation_error_deg,0,37100000
prediction_position_error_mm,84.44201946258545,37200000
prediction_orientation_error_deg,0,37200000
owd_uplink_ms,171.0268,37300000
owd_downlink_ms,167.6105,37300000
correction_magnitude_mm,5.097123794257641,35593982
correction_magnitude_deg,0,35593982
prediction_position_error_mm,84.14224535226822,37300000
prediction_orientation_error_deg,0,37300000
prediction_position_error_mm,93.67037564516068,37400000
prediction_orientation_error_deg,0,37400000
owd_uplink_ms,171.1043,37500000
owd_downlink_ms,173.8782,37500000
correction_magnitude_mm,5.08325407281518,35697450
correction_magnitude_deg,0,35697450
prediction_position_error_mm,88.58747035264969,37500000
prediction_orientation_error_deg,0,37500000
owd_uplink_ms,171.9954,37600000
owd_downlink_ms,170.4789,37600000
correction_magnitude_mm,5.068920087069273,35795555
correction_magnitude_deg,0,35795555
owd_uplink_ms,168.8093,37600000
owd_downlink_ms,167.0378,37600000
correction_magnitude_mm,10.092907585203648,35893341
correction_magnitude_deg,0,35893341
prediction_position_error_mm,78.15679162740707,37600000
prediction_orientation_error_deg,0,37600000
owd_uplink_ms,169.9131,37700000
owd_downlink_ms,172.2893,37700000
prediction_position_error_mm,82.86390453577042,37700000
prediction_orientation_error_deg,0,37700000
owd_uplink_ms,169.9056,37800000
owd_downlink_ms,172.94,37800000
correction_magnitude_mm,5.023051053285599,36000104
correction_magnitude_deg,0,36000104
prediction_position_error_mm,82.52467215061188,37800000
prediction_orientation_error_deg,0,37800000
owd_uplink_ms,165.0539,37900000
owd_downlink_ms,168.6723,37900000
correction_magnitude_mm,9.996880777180195,36204627
correction_magnitude_deg,0,36204627
prediction_position_error_mm,77.18779891729355,37900000
prediction_orientation_error_deg,0,37900000
owd_uplink_ms,173.9743,38000000
owd_downlink_ms,170.6781,38000000
owd_uplink_ms,167.7913,38000000
owd_downlink_ms,164.4336,38000000
prediction_position_error_mm,81.46023005247116,38000000
prediction_orientation_error_deg,0,38000000
prediction_position_error_mm,86.04489266872406,38100000
prediction_orientation_error_deg,0,38100000
owd_uplink_ms,171.9103,38200000
owd_downlink_ms,165.267,38200000
correction_magnitude_mm,9.892391972243786,36488005
correction_magnitude_deg,0,36488005
prediction_position_error_mm,76.15303993225098,38200000
prediction_orientation_error_deg,0,38200000
owd_uplink_ms,168.0871,38300000
owd_downlink_ms,170.8682,38300000
prediction_position_error_mm,80.71193844079971,38300000
prediction_orientation_error_deg,0,38300000
owd_uplink_ms,168.5265,38400000
owd_downlink_ms,172.8055,38400000
prediction_position_error_mm,84.83229577541351,38400000
prediction_orientation_error_deg,0,38400000
prediction_position_error_mm,84.83229577541351,38500000
prediction_orientation_error_deg,0,38500000
owd_uplink_ms,172.4918,38600000
owd_downlink_ms,171.188,38600000
owd_uplink_ms,164.526,38600000
owd_downlink_ms,169.2862,38600000
correction_magnitude_mm,9.739967063069344,36901151
correction_magnitude_deg,0,36901151
prediction_position_error_mm,79.12386953830719,38600000
prediction_orientation_error_deg,0,38600000
owd_uplink_ms,173.6779,38700000
owd_downlink_ms,172.6314,38700000
prediction_position_error_mm,83.54728668928146,38700000
prediction_orientation_error_deg,0,38700000
owd_uplink_ms,165.0493,38800000
owd_downlink_ms,170.1646,38800000
owd_uplink_ms,169.0542,38800000
owd_downlink_ms,168.552,38800000
prediction_position_error_mm,73.88956099748611,38800000
prediction_orientation_error_deg,0,38800000
prediction_position_error_mm,82.65085518360138,38900000
prediction_orientation_error_deg,0,38900000
prediction_position_error_mm,82.65085518360138,39000000
prediction_orientation_error_deg,0,39000000
owd_uplink_ms,173.1663,39100000
owd_downlink_ms,170.7819,39100000
owd_uplink_ms,173.4251,39100000
owd_downlink_ms,168.2497,39100000
correction_magnitude_mm,9.528749622404575,37396159
correction_magnitude_deg,0,37396159
owd_uplink_ms,168.5555,39100000
owd_downlink_ms,168.7628,39100000
prediction_position_error_mm,76.97004824876785,39100000
prediction_orientation_error_deg,0,39100000
prediction_position_error_mm,81.2474861741066,39200000
prediction_orientation_error_deg,0,39200000
owd_uplink_ms,170.4017,39300000
owd_downlink_ms,168.4054,39300000
prediction_position_error_mm,80.76415210962296,39300000
prediction_orientation_error_deg,0,39300000
owd_uplink_ms,170.404,39400000
owd_downlink_ms,166.0779,39400000
prediction_position_error_mm,76.05704665184021,39400000
prediction_orientation_error_deg,0,39400000
owd_uplink_ms,170.8743,39500000
owd_downlink_ms,166.732,39500000
prediction_position_error_mm,79.77452874183655,39500000
prediction_orientation_error_deg,0,39500000
prediction_position_error_mm,79.77452874183655,39600000
prediction_orientation_error_deg,0,39600000
owd_uplink_ms,171.1377,39700000
owd_downlink_ms,172.3648,39700000
owd_uplink_ms,163.2072,39700000
owd_downlink_ms,168.3134,39700000
correction_magnitude_mm,9.245561435818672,37991257
correction_magnitude_deg,0,37991257
owd_uplink_ms,169.6637,39700000
owd_downlink_ms,169.0463,39700000
prediction_position_error_mm,74.14448261260986,39700000
prediction_orientation_error_deg,0,39700000
owd_uplink_ms,168.2729,39800000
owd_downlink_ms,168.7676,39800000
prediction_position_error_mm,73.64857196807861,39800000
prediction_orientation_error_deg,0,39800000
prediction_position_error_mm,77.7045413851738,39900000
prediction_orientation_error_deg,0,39900000
owd_uplink_ms,169.1835,40000000
owd_downlink_ms,169.6504,40000000
prediction_position_error_mm,77.16841995716095,40000000
prediction_orientation_error_deg,0,40000000
owd_uplink_ms,170.8215,40100000
owd_downlink_ms,167.3463,40100000
correction_magnitude_mm,9.039141237735748,38387346
correction_magnitude_deg,0,38387346
prediction_position_error_mm,72.11895287036896,40100000
prediction_orientation_error_deg,0,40100000
owd_uplink_ms,167.2134,40200000
owd_downlink_ms,170.8263,40200000
prediction_position_error_mm,76.07416063547134,40200000
prediction_orientation_error_deg,0,40200000
owd_uplink_ms,164.0314,40300000
owd_downlink_ms,169.0384,40300000
correction_magnitude_mm,8.930732496082783,38598122
correction_magnitude_deg,0,38598122
prediction_position_error_mm,67.14391708374023,40300000
prediction_orientation_error_deg,0,40300000
owd_uplink_ms,171.5889,40400000
owd_downlink_ms,171.6649,40400000
prediction_position_error_mm,71.0647851228714,40400000
prediction_orientation_error_deg,0,40400000
owd_uplink_ms,165.006,40500000
owd_downlink_ms,170.0116,40500000
prediction_position_error_mm,74.37851279973984,40500000
prediction_orientation_error_deg,0,40500000
owd_uplink_ms,173.3956,40600000
owd_downlink_ms,165.133,40600000
correction_magnitude_mm,8.76179151237011,38894146
correction_magnitude_deg,0,38894146
owd_uplink_ms,168.9801,40600000
owd_downlink_ms,168.2671,40600000
prediction_position_error_mm,65.61721861362457,40600000
prediction_orientation_error_deg,0,40600000
prediction_position_error_mm,73.21257889270782,40700000
prediction_orientation_error_deg,0,40700000
prediction_position_error_mm,76.95609331130981,40800000
prediction_orientation_error_deg,0,40800000
owd_uplink_ms,166.319,40900000
owd_downlink_ms,171.3966,40900000
correction_magnitude_mm,8.64498782902956,39099603
correction_magnitude_deg,0,39099603
owd_uplink_ms,173.3659,40900000
owd_downlink_ms,172.7856,40900000
owd_uplink_ms,167.6325,40900000
owd_downlink_ms,169.3501,40900000
prediction_position_error_mm,64.03421610593796,40900000
prediction_orientation_error_deg,0,40900000
owd_uplink_ms,166.957,41000000
owd_downlink_ms,167.9032,41000000
prediction_position_error_mm,63.49429488182068,41000000
prediction_orientation_error_deg,0,41000000
prediction_position_error_mm,70.79730927944183,41100000
prediction_orientation_error_deg,0,41100000
owd_uplink_ms,166.2719,41200000
owd_downlink_ms,167.0173,41200000
correction_magnitude_mm,8.401546627283096,39503138
correction_magnitude_deg,0,39503138
prediction_position_error_mm,62.396276742219925,41200000
prediction_orientation_error_deg,0,41200000
owd_uplink_ms,171.0224,41300000
owd_downlink_ms,171.0494,41300000
prediction_position_error_mm,65.9916028380394,41300000
prediction_orientation_error_deg,0,41300000
owd_uplink_ms,164.947,41400000
owd_downlink_ms,165.6782,41400000
correction_magnitude_mm,8.274979889392853,39704084
correction_magnitude_deg,0,39704084
prediction_position_error_mm,64.79358673095703,41400000
prediction_orientation_error_deg,0,41400000
owd_uplink_ms,172.5658,41500000
owd_downlink_ms,171.0234,41500000
owd_uplink_ms,165.8808,41500000
owd_downlink_ms,164.2645,41500000
prediction_position_error_mm,64.18527662754059,41500000
prediction_orientation_error_deg,0,41500000
owd_uplink_ms,164.8493,41600000
owd_downlink_ms,166.9982,41600000
prediction_position_error_mm,60.12929603457451,41600000
prediction_orientation_error_deg,0,41600000
prediction_position_error_mm,66.97312742471695,41700000
prediction_orientation_error_deg,0,41700000
owd_uplink_ms,170.2701,41800000
owd_downlink_ms,172.4541,41800000
owd_uplink_ms,167.4332,41800000
owd_downlink_ms,167.6223,41800000
prediction_position_error_mm,58.96122381091118,41800000
prediction_orientation_error_deg,0,41800000
owd_uplink_ms,165.4556,41900000
owd_downlink_ms,167.2218,41900000
prediction_position_error_mm,58.36869031190872,41900000
prediction_orientation_error_deg,0,41900000
prediction_position_error_mm,64.97398018836975,42000000
prediction_orientation_error_deg,0,42000000
owd_uplink_ms,171.7564,42100000
owd_downlink_ms,166.1235,42100000
prediction_position_error_mm,64.29515779018402,42100000
prediction_orientation_error_deg,0,42100000
owd_uplink_ms,164.8781,42200000
owd_downlink_ms,167.8765,42200000
correction_magnitude_mm,7.7376896515488625,40504698
correction_magnitude_deg,0,40504698
prediction_position_error_mm,59.7592256963253,42200000
prediction_orientation_error_deg,0,42200000
owd_uplink_ms,173.5135,42300000
owd_downlink_ms,172.0509,42300000
prediction_position_error_mm,62.91919946670532,42300000
prediction_orientation_error_deg,0,42300000
owd_uplink_ms,171.0238,42400000
owd_downlink_ms,166.8677,42400000
correction_magnitude_mm,7.595870178192854,40697675
correction_magnitude_deg,0,40697675
prediction_position_error_mm,58.44247341156006,42400000
prediction_orientation_error_deg,0,42400000
owd_uplink_ms,167.1125,42500000
owd_downlink_ms,171.6756,42500000
owd_uplink_ms,167.2259,42500000
owd_downlink_ms,167.5136,42500000
prediction_position_error_mm,54.69892919063568,42500000
prediction_orientation_error_deg,0,42500000
prediction_position_error_mm,60.810476541519165,42600000
prediction_orientation_error_deg,0,42600000
prediction_position_error_mm,60.810476541519165,42700000
prediction_orientation_error_deg,0,42700000
owd_uplink_ms,174.1163,42800000
owd_downlink_ms,173.5353,42800000
prediction_position_error_mm,63.0456805229187,42800000
prediction_orientation_error_deg,0,42800000
owd_uplink_ms,169.5439,42900000
owd_downlink_ms,171.0254,42900000
correction_magnitude_mm,7.303549442440271,41104861
correction_magnitude_deg,0,41104861
owd_uplink_ms,171.5176,42900000
owd_downlink_ms,173.1355,42900000
prediction_position_error_mm,55.74284866452217,42900000
prediction_orientation_error_deg,0,42900000
owd_uplink_ms,171.978,43000000
owd_downlink_ms,167.5426,43000000
prediction_position_error_mm,57.91830271482468,43000000
prediction_orientation_error_deg,0,43000000
owd_uplink_ms,170.0125,43100000
owd_downlink_ms,167.0068,43100000
correction_magnitude_mm,7.076991721987724,41397581
correction_magnitude_deg,0,41397581
prediction_position_error_mm,50.84199085831642,43100000
prediction_orientation_error_deg,0,43100000
owd_uplink_ms,167.626,43200000
owd_downlink_ms,170.1806,43200000
prediction_position_error_mm,56.43904209136963,43200000
prediction_orientation_error_deg,0,43200000
owd_uplink_ms,166.3172,43300000
owd_downlink_ms,171.194,43300000
prediction_position_error_mm,55.69135397672653,43300000
prediction_orientation_error_deg,0,43300000
owd_uplink_ms,171.9037,43400000
owd_downlink_ms,167.3946,43400000
correction_magnitude_mm,6.8444060161709785,41701232
correction_magnitude_deg,0,41701232
prediction_position_error_mm,51.53623968362808,43400000
prediction_orientation_error_deg,0,43400000
owd_uplink_ms,166.0524,43500000
owd_downlink_ms,171.9945,43500000
prediction_position_error_mm,54.18027192354202,43500000
prediction_orientation_error_deg,0,43500000
owd_uplink_ms,174.0562,43600000
owd_downlink_ms,168.6922,43600000
prediction_position_error_mm,53.41705307364464,43600000
prediction_orientation_error_deg,0,43600000
owd_uplink_ms,169.6808,43700000
owd_downlink_ms,165.2984,43700000
correction_magnitude_mm,6.605900824069977,41996477
correction_magnitude_deg,0,41996477
prediction_position_error_mm,46.81195691227913,43700000
prediction_orientation_error_deg,0,43700000
owd_uplink_ms,164.6509,43800000
owd_downlink_ms,170.5346,43800000
owd_uplink_ms,168.1533,43800000
owd_downlink_ms,165.8493,43800000
prediction_position_error_mm,46.12449184060097,43800000
prediction_orientation_error_deg,0,43800000
prediction_position_error_mm,48.63376170396805,43900000
prediction_orientation_error_deg,0,43900000
owd_uplink_ms,166.9295,44000000
owd_downlink_ms,172.6487,44000000
owd_uplink_ms,168.9241,44000000
owd_downlink_ms,168.0026,44000000
prediction_position_error_mm,44.736653566360474,44000000
prediction_orientation_error_deg,0,44000000
prediction_position_error_mm,49.52721297740936,44100000
prediction_orientation_error_deg,0,44100000
owd_uplink_ms,167.5644,44200000
owd_downlink_ms,170.9853,44200000
prediction_position_error_mm,46.408843249082565,44200000
prediction_orientation_error_deg,0,44200000
owd_uplink_ms,166.8271,44300000
owd_downlink_ms,168.4501,44300000
correction_magnitude_mm,6.112242583185434,42613250
correction_magnitude_deg,0,42613250
prediction_position_error_mm,42.623817920684814,44300000
prediction_orientation_error_deg,0,44300000
owd_uplink_ms,174.1562,44400000
owd_downlink_ms,172.0866,44400000
prediction_position_error_mm,47.13735356926918,44400000
prediction_orientation_error_deg,0,44400000
owd_uplink_ms,172.8125,44500000
owd_downlink_ms,165.5141,44500000
correction_magnitude_mm,5.942998919636011,42801539
correction_magnitude_deg,0,42801539
prediction_position_error_mm,43.382298201322556,44500000
prediction_orientation_error_deg,0,44500000
owd_uplink_ms,170.0106,44600000
owd_downlink_ms,170.3038,44600000
prediction_position_error_mm,43.382298201322556,44600000
prediction_orientation_error_deg,0,44600000
owd_uplink_ms,168.4493,44700000
owd_downlink_ms,166.3382,44700000
correction_magnitude_mm,5.771500989794731,42999267
correction_magnitude_deg,0,42999267
owd_uplink_ms,170.4791,44700000
owd_downlink_ms,167.8843,44700000
prediction_position_error_mm,41.84483364224434,44700000
prediction_orientation_error_deg,0,44700000
prediction_position_error_mm,41.84483364224434,44800000
prediction_orientation_error_deg,0,44800000
owd_uplink_ms,168.5332,44900000
owd_downlink_ms,167.9507,44900000
correction_magnitude_mm,5.597873125225306,43195296
correction_magnitude_deg,0,43195296
prediction_position_error_mm,40.292177349328995,44900000
prediction_orientation_error_deg,0,44900000
owd_uplink_ms,171.5714,45000000
owd_downlink_ms,173.189,45000000
owd_uplink_ms,167.2021,45000000
owd_downlink_ms,168.3457,45000000
prediction_position_error_mm,39.51041027903557,45000000
prediction_orientation_error_deg,0,45000000
prediction_position_error_mm,41.41329228878021,45100000
prediction_orientation_error_deg,0,45100000
owd_uplink_ms,169.451,45200000
owd_downlink_ms,171.2122,45200000
prediction_position_error_mm,38.72508555650711,45200000
prediction_orientation_error_deg,0,45200000
owd_uplink_ms,166.3224,45300000
owd_downlink_ms,171.7665,45300000
owd_uplink_ms,168.2152,45300000
owd_downlink_ms,164.6753,45300000
prediction_position_error_mm,37.14430704712868,45300000
prediction_orientation_error_deg,0,45300000
prediction_position_error_mm,38.90303522348404,45400000
prediction_orientation_error_deg,0,45400000
prediction_position_error_mm,38.90303522348404,45500000
prediction_orientation_error_deg,0,45500000
owd_uplink_ms,173.8924,45600000
owd_downlink_ms,172.4586,45600000
owd_uplink_ms,173.2666,45600000
owd_downlink_ms,169.7202,45600000
prediction_position_error_mm,37.212613970041275,45600000
prediction_orientation_error_deg,0,45600000
prediction_position_error_mm,38.82584720849991,45700000
prediction_orientation_error_deg,0,45700000
owd_uplink_ms,170.3981,45800000
owd_downlink_ms,170.3434,45800000
owd_uplink_ms,169.5149,45800000
owd_downlink_ms,165.1587,45800000
owd_uplink_ms,168.806,45800000
owd_downlink_ms,168.5982,45800000
prediction_position_error_mm,31.573008745908737,45800000
prediction_orientation_error_deg,0,45800000
prediction_position_error_mm,34.653812646865845,45900000
prediction_orientation_error_deg,0,45900000
owd_uplink_ms,169.5804,46000000
owd_downlink_ms,168.7159,46000000
prediction_position_error_mm,33.79527106881142,46000000
prediction_orientation_error_deg,0,46000000
owd_uplink_ms,163.9316,46100000
owd_downlink_ms,167.1466,46100000
owd_uplink_ms,170.4532,46100000
owd_downlink_ms,167.9487,46100000
prediction_position_error_mm,30.70124238729477,46100000
prediction_orientation_error_deg,0,46100000
prediction_position_error_mm,32.07036107778549,46200000
prediction_orientation_error_deg,0,46200000
owd_uplink_ms,165.9708,46300000
owd_downlink_ms,172.9122,46300000
prediction_position_error_mm,31.204339116811752,46300000
prediction_orientation_error_deg,0,46300000
owd_uplink_ms,172.1922,46400000
owd_downlink_ms,165.5323,46400000
prediction_position_error_mm,26.973094791173935,46400000
prediction_orientation_error_deg,0,46400000
owd_uplink_ms,165.1776,46500000
owd_downlink_ms,171.0337,46500000
prediction_position_error_mm,28.2442644238472,46500000
prediction_orientation_error_deg,0,46500000
prediction_position_error_mm,29.465995728969574,46600000
prediction_orientation_error_deg,0,46600000
owd_uplink_ms,168.9032,46700000
owd_downlink_ms,171.4128,46700000
owd_uplink_ms,173.323,46700000
owd_downlink_ms,173.2046,46700000
owd_uplink_ms,168.2798,46700000
owd_downlink_ms,164.894,46700000
prediction_position_error_mm,25.770969688892365,46700000
prediction_orientation_error_deg,0,46700000
prediction_position_error_mm,25.770969688892365,46800000
prediction_orientation_error_deg,0,46800000
owd_uplink_ms,169.1168,46900000
owd_downlink_ms,170.3029,46900000
prediction_position_error_mm,25.96890740096569,46900000
prediction_orientation_error_deg,0,46900000
owd_uplink_ms,165.2589,47000000
owd_downlink_ms,168.3696,47000000
owd_uplink_ms,172.8944,47000000
owd_downlink_ms,170.0136,47000000
prediction_position_error_mm,23.286469280719757,47000000
prediction_orientation_error_deg,0,47000000
owd_uplink_ms,168.244,47100000
owd_downlink_ms,169.3089,47100000
prediction_position_error_mm,22.456839680671692,47100000
prediction_orientation_error_deg,0,47100000
prediction_position_error_mm,23.335088044404984,47200000
prediction_orientation_error_deg,0,47200000
owd_uplink_ms,165.6566,47300000
owd_downlink_ms,167.5345,47300000
owd_uplink_ms,170.9136,47300000
owd_downlink_ms,169.7056,47300000
prediction_position_error_mm,19.966954365372658,47300000
prediction_orientation_error_deg,0,47300000
owd_uplink_ms,165.26,47400000
owd_downlink_ms,165.36,47400000
prediction_position_error_mm,19.967658445239067,47400000
prediction_orientation_error_deg,0,47400000
prediction_position_error_mm,19.967658445239067,47500000
prediction_orientation_error_deg,0,47500000
owd_uplink_ms,165.4867,47600000
owd_downlink_ms,164.9471,47600000
prediction_position_error_mm,17.6260806620121,47600000
prediction_orientation_error_deg,0,47600000
owd_uplink_ms,171.089,47700000
owd_downlink_ms,170.5889,47700000
owd_uplink_ms,166.9761,47700000
owd_downlink_ms,165.4717,47700000
prediction_position_error_mm,17.48604141175747,47700000
prediction_orientation_error_deg,0,47700000
prediction_position_error_mm,18.075866624712944,47800000
prediction_orientation_error_deg,0,47800000
owd_uplink_ms,169.653,47900000
owd_downlink_ms,172.6699,47900000
prediction_position_error_mm,17.206011340022087,47900000
prediction_orientation_error_deg,0,47900000
owd_uplink_ms,168.7007,48000000
owd_downlink_ms,172.7814,48000000
prediction_position_error_mm,16.339899972081184,48000000
prediction_orientation_error_deg,0,48000000
owd_uplink_ms,165.9349,48100000
owd_downlink_ms,170.1406,48100000
prediction_position_error_mm,15.026980079710484,48100000
prediction_orientation_error_deg,0,48100000
prediction_position_error_mm,15.478646382689476,48200000
prediction_orientation_error_deg,0,48200000
owd_uplink_ms,173.1661,48300000
owd_downlink_ms,170.7595,48300000
prediction_position_error_mm,14.984984882175922,48300000
prediction_orientation_error_deg,0,48300000
owd_uplink_ms,172.451,48400000
owd_downlink_ms,170.1901,48400000
owd_uplink_ms,172.5195,48400000
owd_downlink_ms,164.8577,48400000
owd_uplink_ms,165.5267,48400000
owd_downlink_ms,166.1912,48400000
prediction_position_error_mm,11.828428134322166,48400000
prediction_orientation_error_deg,0,48400000
prediction_position_error_mm,12.110751122236252,48500000
prediction_orientation_error_deg,0,48500000
owd_uplink_ms,170.4249,48600000
owd_downlink_ms,168.4554,48600000
owd_uplink_ms,168.5155,48600000
owd_downlink_ms,169.9675,48600000
prediction_position_error_mm,10.295458137989044,48600000
prediction_orientation_error_deg,0,48600000
owd_uplink_ms,167.3516,48700000
owd_downlink_ms,166.1052,48700000
prediction_position_error_mm,9.556290693581104,48700000
prediction_orientation_error_deg,0,48700000
owd_uplink_ms,168.1428,48800000
owd_downlink_ms,170.096,48800000
prediction_position_error_mm,8.8420445099473,48800000
prediction_orientation_error_deg,0,48800000
owd_uplink_ms,168.948,48900000
owd_downlink_ms,169.9416,48900000
prediction_position_error_mm,8.159453049302101,48900000
prediction_orientation_error_deg,0,48900000
prediction_position_error_mm,8.292433805763721,49000000
prediction_orientation_error_deg,0,49000000
owd_uplink_ms,170.3284,49100000
owd_downlink_ms,166.7075,49100000
prediction_position_error_mm,6.791787687689066,49100000
prediction_orientation_error_deg,0,49100000
owd_uplink_ms,166.1632,49200000
owd_downlink_ms,170.8544,49200000
prediction_position_error_mm,7.0481388829648495,49200000
prediction_orientation_error_deg,0,49200000
prediction_position_error_mm,7.157514337450266,49300000
prediction_orientation_error_deg,0,49300000
owd_uplink_ms,173.5572,49400000
owd_downlink_ms,171.6384,49400000
owd_uplink_ms,167.0374,49400000
owd_downlink_ms,165.4017,49400000
owd_uplink_ms,171.7847,49400000
owd_downlink_ms,166.4446,49400000
prediction_position_error_mm,5.635712295770645,49400000
prediction_orientation_error_deg,0,49400000
prediction_position_error_mm,5.839056335389614,49500000
prediction_orientation_error_deg,0,49500000
owd_uplink_ms,167.5637,49600000
owd_downlink_ms,172.8248,49600000
owd_uplink_ms,167.1445,49600000
owd_downlink_ms,169.6762,49600000
prediction_position_error_mm,5.05981408059597,49600000
prediction_orientation_error_deg,0,49600000
owd_uplink_ms,165.5903,49700000
owd_downlink_ms,164.9639,49700000
prediction_position_error_mm,5.0633372738957405,49700000
prediction_orientation_error_deg,0,49700000
prediction_position_error_mm,5.850859452039003,49800000
prediction_orientation_error_deg,0,49800000
owd_uplink_ms,173.2476,49900000
owd_downlink_ms,168.4855,49900000
prediction_position_error_mm,5.650161765515804,49900000
prediction_orientation_error_deg,0,49900000
owd_uplink_ms,171.4787,50000000
owd_downlink_ms,166.8605,50000000
prediction_position_error_mm,6.4315455965697765,50000000
prediction_orientation_error_deg,0,50000000
prediction_position_error_mm,0,100000
prediction_orientation_error_deg,0,100000
prediction_position_error_mm,0,200000
prediction_orientation_error_deg,0,200000
prediction_position_error_mm,0,300000
prediction_orientation_error_deg,0,300000
prediction_position_error_mm,0,400000
prediction_orientation_error_deg,0,400000
prediction_position_error_mm,0,500000
prediction_orientation_error_deg,0,500000
prediction_position_error_mm,0,600000
prediction_orientation_error_deg,0,600000
prediction_position_error_mm,0,700000
prediction_orientation_error_deg,0,700000
prediction_position_error_mm,0,800000
prediction_orientation_error_deg,0,800000
prediction_position_error_mm,0,900000
prediction_orientation_error_deg,0,900000
prediction_position_error_mm,0,1000000
prediction_orientation_error_deg,0,1000000
prediction_position_error_mm,0,1100000
prediction_orientation_error_deg,0,1100000
prediction_position_error_mm,0,1200000
prediction_orientation_error_deg,0,1200000
prediction_position_error_mm,0,1300000
prediction_orientation_error_deg,0,1300000
prediction_position_error_mm,0,1400000
prediction_orientation_error_deg,0,1400000
prediction_position_error_mm,0,1500000
prediction_orientation_error_deg,0,1500000
prediction_position_error_mm,0,1600000
prediction_orientation_error_deg,0,1600000
prediction_position_error_mm,0,1700000
prediction_orientation_error_deg,0,1700000
prediction_position_error_mm,0,1800000
prediction_orientation_error_deg,0,1800000
prediction_position_error_mm,1299.9999523162842,1900000
prediction_orientation_error_deg,0,1900000
prediction_position_error_mm,1300.0091314315796,2000000
prediction_orientation_error_deg,0,2000000
prediction_position_error_mm,1300.020456314087,2100000
prediction_orientation_error_deg,0,2100000
prediction_position_error_mm,1300.0361919403076,2200000
prediction_orientation_error_deg,0,2200000
prediction_position_error_mm,1300.0564575195312,2300000
prediction_orientation_error_deg,0,2300000
prediction_position_error_mm,1300.0812530517578,2400000
prediction_orientation_error_deg,0,2400000
prediction_position_error_mm,1300.1103401184082,2500000
prediction_orientation_error_deg,0,2500000
prediction_position_error_mm,1300.1103401184082,2600000
prediction_orientation_error_deg,0,2600000
prediction_position_error_mm,1300.1817464828491,2700000
prediction_orientation_error_deg,0,2700000
prediction_position_error_mm,1300.1817464828491,2800000
prediction_orientation_error_deg,0,2800000
prediction_position_error_mm,1300.2238273620605,2900000
prediction_orientation_error_deg,0,2900000
prediction_position_error_mm,1300.2701997756958,3000000
prediction_orientation_error_deg,0,3000000
prediction_position_error_mm,1300.3205060958862,3100000
prediction_orientation_error_deg,0,3100000
prediction_position_error_mm,1300.4335165023804,3200000
prediction_orientation_error_deg,0,3200000
prediction_position_error_mm,1300.495982170105,3300000
prediction_orientation_error_deg,0,3300000
prediction_position_error_mm,1300.5622625350952,3400000
prediction_orientation_error_deg,0,3400000
prediction_position_error_mm,1300.632119178772,3500000
prediction_orientation_error_deg,0,3500000
owd_uplink_ms,167.5496,3600000
owd_downlink_ms,167.5495,3600000
correction_magnitude_mm,1299.9999523162842,1874316
correction_magnitude_deg,0,1874316
prediction_position_error_mm,89.54636752605438,3600000
prediction_orientation_error_deg,0,3600000
owd_uplink_ms,164.9256,3700000
owd_downlink_ms,169.4289,3700000
correction_magnitude_mm,9.99937579035759,1979946
correction_magnitude_deg,0,1979946
owd_uplink_ms,168.7621,3700000
owd_downlink_ms,170.074,3700000
prediction_position_error_mm,84.47075635194778,3700000
prediction_orientation_error_deg,0,3700000
owd_uplink_ms,168.2396,3800000
owd_downlink_ms,169.8333,3800000
prediction_position_error_mm,79.47369664907455,3800000
prediction_orientation_error_deg,0,3800000
owd_uplink_ms,164.9224,3900000
owd_downlink_ms,168.1778,3900000
prediction_position_error_mm,79.3900117278099,3900000
prediction_orientation_error_deg,0,3900000
owd_uplink_ms,164.9708,4000000
owd_downlink_ms,167.8112,4000000
prediction_position_error_mm,84.19256657361984,4000000
prediction_orientation_error_deg,0,4000000
owd_uplink_ms,167.2644,4100000
owd_downlink_ms,167.2849,4100000
prediction_position_error_mm,84.08451825380325,4100000
prediction_orientation_error_deg,0,4100000
owd_uplink_ms,168.7815,4200000
owd_downlink_ms,169.0441,4200000
prediction_position_error_mm,83.96881818771362,4200000
prediction_orientation_error_deg,0,4200000
prediction_position_error_mm,83.96881818771362,4300000
prediction_orientation_error_deg,0,4300000
owd_uplink_ms,163.692,4400000
owd_downlink_ms,166.5913,4400000
correction_magnitude_mm,9.97062399983406,2695180
correction_magnitude_deg,0,2695180
prediction_position_error_mm,78.86355370283127,4400000
prediction_orientation_error_deg,0,4400000
owd_uplink_ms,169.6818,4500000
owd_downlink_ms,170.4819,4500000
prediction_position_error_mm,83.71460437774658,4500000
prediction_orientation_error_deg,0,4500000
owd_uplink_ms,169.7575,4600000
owd_downlink_ms,165.9305,4600000
prediction_position_error_mm,83.57611298561096,4600000
prediction_orientation_error_deg,0,4600000
owd_uplink_ms,171.2611,4700000
owd_downlink_ms,167.3346,4700000
prediction_position_error_mm,88.24454247951508,4700000
prediction_orientation_error_deg,0,4700000
prediction_position_error_mm,88.24454247951508,4800000
prediction_orientation_error_deg,0,4800000
owd_uplink_ms,171.5246,4900000
owd_downlink_ms,172.065,4900000
owd_uplink_ms,165.2489,4900000
owd_downlink_ms,167.2976,4900000
correction_magnitude_mm,9.922800585627556,3189728
correction_magnitude_deg,0,3189728
prediction_position_error_mm,82.94674754142761,4900000
prediction_orientation_error_deg,0,4900000
owd_uplink_ms,173.0051,5000000
owd_downlink_ms,174.7979,5000000
owd_uplink_ms,167.0186,5000000
owd_downlink_ms,169.4745,5000000
prediction_position_error_mm,77.99625396728516,5000000
prediction_orientation_error_deg,0,5000000
owd_uplink_ms,166.8148,5100000
owd_downlink_ms,166.8847,5100000
prediction_position_error_mm,77.82701402902603,5100000
prediction_orientation_error_deg,0,5100000
prediction_position_error_mm,87.33244240283966,5200000
prediction_orientation_error_deg,0,5200000
owd_uplink_ms,169.2724,5300000
owd_downlink_ms,173.5094,5300000
prediction_position_error_mm,82.3962613940239,5300000
prediction_orientation_error_deg,0,5300000
owd_uplink_ms,167.1232,5400000
owd_downlink_ms,170.1494,5400000
prediction_position_error_mm,82.19794183969498,5400000
prediction_orientation_error_deg,0,5400000
owd_uplink_ms,167.9447,5500000
owd_downlink_ms,170.8136,5500000
prediction_position_error_mm,81.99229091405869,5500000
prediction_orientation_error_deg,0,5500000
owd_uplink_ms,172.8425,5600000
owd_downlink_ms,169.2176,5600000
prediction_position_error_mm,86.461640894413,5600000
prediction_orientation_error_deg,0,5600000
owd_uplink_ms,167.3271,5700000
owd_downlink_ms,169.3426,5700000
correction_magnitude_mm,9.799471125006676,4005777
correction_magnitude_deg,0,4005777
prediction_position_error_mm,81.33149892091751,5700000
prediction_orientation_error_deg,0,5700000
owd_uplink_ms,170.6264,5800000
owd_downlink_ms,170.9622,5800000
prediction_position_error_mm,81.33149892091751,5800000
prediction_orientation_error_deg,0,5800000
owd_uplink_ms,165.678,5900000
owd_downlink_ms,172.47,5900000
prediction_position_error_mm,81.09673857688904,5900000
prediction_orientation_error_deg,0,5900000
owd_uplink_ms,169.4169,6000000
owd_downlink_ms,169.6533,6000000
prediction_position_error_mm,85.4676216840744,6000000
prediction_orientation_error_deg,0,6000000
owd_uplink_ms,173.7707,6100000
owd_downlink_ms,165.4663,6100000
prediction_position_error_mm,85.20014584064484,6100000
prediction_orientation_error_deg,0,6100000
owd_uplink_ms,170.6245,6200000
owd_downlink_ms,166.446,6200000
prediction_position_error_mm,84.92517471313477,6200000
prediction_orientation_error_deg,0,6200000
prediction_position_error_mm,84.92517471313477,6300000
prediction_orientation_error_deg,0,6300000
owd_uplink_ms,172.935,6400000
owd_downlink_ms,172.885,6400000
owd_uplink_ms,170.7213,6400000
owd_downlink_ms,166.55,6400000
correction_magnitude_mm,9.645135141909122,4694101
correction_magnitude_deg,0,4694101
owd_uplink_ms,164.43,6400000
owd_downlink_ms,167.4659,6400000
prediction_position_error_mm,79.53865081071854,6400000
prediction_orientation_error_deg,0,6400000
prediction_position_error_mm,84.05564725399017,6500000
prediction_orientation_error_deg,0,6500000
owd_uplink_ms,170.1336,6600000
owd_downlink_ms,169.2827,6600000
correction_magnitude_mm,9.593239985406399,4896833
correction_magnitude_deg,0,4896833
prediction_position_error_mm,74.46635514497757,6600000
prediction_orientation_error_deg,0,6600000
owd_uplink_ms,169.5465,6700000
owd_downlink_ms,173.3263,6700000
prediction_position_error_mm,83.43925327062607,6700000
prediction_orientation_error_deg,0,6700000
owd_uplink_ms,173.1586,6800000
owd_downlink_ms,165.74,6800000
prediction_position_error_mm,83.120197057724,6800000
prediction_orientation_error_deg,0,6800000
owd_uplink_ms,165.8541,6900000
owd_downlink_ms,165.7452,6900000
correction_magnitude_mm,9.5090102404356,5192149
correction_magnitude_deg,0,5192149
owd_uplink_ms,170.6467,6900000
owd_downlink_ms,169.1295,6900000
prediction_position_error_mm,73.61530512571335,6900000
prediction_orientation_error_deg,0,6900000
prediction_position_error_mm,78.04898917675018,7000000
prediction_orientation_error_deg,0,7000000
prediction_position_error_mm,82.46058225631714,7100000
prediction_orientation_error_deg,0,7100000
owd_uplink_ms,170.6604,7200000
owd_downlink_ms,173.5763,7200000
owd_uplink_ms,170.7825,7200000
owd_downlink_ms,166.9332,7200000
prediction_position_error_mm,77.40585505962372,7200000
prediction_orientation_error_deg,0,7200000
prediction_position_error_mm,86.11636608839035,7300000
prediction_orientation_error_deg,0,7300000
owd_uplink_ms,172.1504,7400000
owd_downlink_ms,172.551,7400000
correction_magnitude_mm,9.38497669994831,5589588
correction_magnitude_deg,0,5589588
owd_uplink_ms,167.5658,7400000
owd_downlink_ms,172.2503,7400000
prediction_position_error_mm,76.73632353544235,7400000
prediction_orientation_error_deg,0,7400000
owd_uplink_ms,169.1979,7500000
owd_downlink_ms,170.8763,7500000
prediction_position_error_mm,80.68884909152985,7500000
prediction_orientation_error_deg,0,7500000
prediction_position_error_mm,80.68884909152985,7600000
prediction_orientation_error_deg,0,7600000
owd_uplink_ms,173.536,7700000
owd_downlink_ms,172.143,7700000
owd_uplink_ms,171.2148,7700000
owd_downlink_ms,169.3905,7700000
correction_magnitude_mm,9.247791953384876,5993522
correction_magnitude_deg,0,5993522
owd_uplink_ms,167.4638,7700000
owd_downlink_ms,169.9783,7700000
prediction_position_error_mm,71.0708498954773,7700000
prediction_orientation_error_deg,0,7700000
prediction_position_error_mm,75.31993836164474,7800000
prediction_orientation_error_deg,0,7800000
owd_uplink_ms,166.832,7900000
owd_downlink_ms,172.896,7900000
owd_uplink_ms,169.3418,7900000
owd_downlink_ms,167.8825,7900000
prediction_position_error_mm,70.37453353404999,7900000
prediction_orientation_error_deg,0,7900000
prediction_position_error_mm,78.74786108732224,8000000
prediction_orientation_error_deg,0,8000000
owd_uplink_ms,168.3315,8100000
owd_downlink_ms,164.7722,8100000
correction_magnitude_mm,9.097868576645851,6397973
correction_magnitude_deg,0,6397973
owd_uplink_ms,171.4292,8100000
owd_downlink_ms,166.7494,8100000
prediction_position_error_mm,73.8036185503006,8100000
prediction_orientation_error_deg,0,8100000
owd_uplink_ms,165.4819,8200000
owd_downlink_ms,167.5981,8200000
prediction_position_error_mm,73.40943813323975,8200000
prediction_orientation_error_deg,0,8200000
prediction_position_error_mm,77.50547677278519,8300000
prediction_orientation_error_deg,0,8300000
prediction_position_error_mm,81.57461881637573,8400000
prediction_orientation_error_deg,0,8400000
owd_uplink_ms,170.8762,8500000
owd_downlink_ms,170.9801,8500000
correction_magnitude_mm,8.977255783975124,6694901
correction_magnitude_deg,0,6694901
owd_uplink_ms,165.0162,8500000
owd_downlink_ms,173.0087,8500000
owd_uplink_ms,166.5339,8500000
owd_downlink_ms,166.7681,8500000
prediction_position_error_mm,72.19167053699493,8500000
prediction_orientation_error_deg,0,8500000
prediction_position_error_mm,76.20713114738464,8600000
prediction_orientation_error_deg,0,8600000
prediction_position_error_mm,76.20713114738464,8700000
prediction_orientation_error_deg,0,8700000
owd_uplink_ms,172.1023,8800000
owd_downlink_ms,170.0359,8800000
owd_uplink_ms,172.7718,8800000
owd_downlink_ms,165.6839,8800000
prediction_position_error_mm,71.35132700204849,8800000
prediction_orientation_error_deg,0,8800000
owd_uplink_ms,171.7859,8900000
owd_downlink_ms,169.985,8900000
prediction_position_error_mm,74.8550072312355,8900000
prediction_orientation_error_deg,0,8900000
owd_uplink_ms,166.0195,9000000
owd_downlink_ms,165.5379,9000000
correction_magnitude_mm,8.715882897377014,7290889
correction_magnitude_deg,0,7290889
owd_uplink_ms,171.5158,9000000
owd_downlink_ms,169.6178,9000000
prediction_position_error_mm,70.0494796037674,9000000
prediction_orientation_error_deg,0,9000000
prediction_position_error_mm,73.92483204603195,9100000
prediction_orientation_error_deg,0,9100000
owd_uplink_ms,169.5964,9200000
owd_downlink_ms,169.8077,9200000
correction_magnitude_mm,8.62298533320427,7488782
correction_magnitude_deg,0,7488782
prediction_position_error_mm,69.15510445833206,9200000
prediction_orientation_error_deg,0,9200000
owd_uplink_ms,166.8847,9300000
owd_downlink_ms,173.983,9300000
prediction_position_error_mm,72.97254353761673,9300000
prediction_orientation_error_deg,0,9300000
owd_uplink_ms,169.9489,9400000
owd_downlink_ms,166.868,9400000
prediction_position_error_mm,72.48829305171967,9400000
prediction_orientation_error_deg,0,9400000
prediction_position_error_mm,76.24633610248566,9500000
prediction_orientation_error_deg,0,9500000
owd_uplink_ms,171.5938,9600000
owd_downlink_ms,170.9801,9600000
owd_uplink_ms,171.678,9600000
owd_downlink_ms,167.0191,9600000
prediction_position_error_mm,71.50418311357498,9600000
prediction_orientation_error_deg,0,9600000
owd_uplink_ms,166.2273,9700000
owd_downlink_ms,165.5605,9700000
correction_magnitude_mm,8.378853090107441,7986381
correction_magnitude_deg,0,7986381
owd_uplink_ms,170.3863,9700000
owd_downlink_ms,169.36,9700000
prediction_position_error_mm,66.8315663933754,9700000
prediction_orientation_error_deg,0,9700000
prediction_position_error_mm,70.49993425607681,9800000
prediction_orientation_error_deg,0,9800000
owd_uplink_ms,166.9653,9900000
owd_downlink_ms,172.2669,9900000
prediction_position_error_mm,69.99044865369797,9900000
prediction_orientation_error_deg,0,9900000
owd_uplink_ms,167.2466,10000000
owd_downlink_ms,171.9825,10000000
owd_uplink_ms,167.8655,10000000
owd_downlink_ms,165.7173,10000000
prediction_position_error_mm,61.773594468832016,10000000
prediction_orientation_error_deg,0,10000000
owd_uplink_ms,164.3371,10100000
owd_downlink_ms,167.9108,10100000
prediction_position_error_mm,64.88914787769318,10100000
prediction_orientation_error_deg,0,10100000
owd_uplink_ms,167.0979,10200000
owd_downlink_ms,168.7303,10200000
prediction_position_error_mm,64.3928274512291,10200000
prediction_orientation_error_deg,0,10200000
prediction_position_error_mm,67.90678203105927,10300000
prediction_orientation_error_deg,0,10300000
owd_uplink_ms,165.5346,10400000
owd_downlink_ms,171.7937,10400000
prediction_position_error_mm,67.37492233514786,10400000
prediction_orientation_error_deg,0,10400000
prediction_position_error_mm,67.37492233514786,10500000
prediction_orientation_error_deg,0,10500000
owd_uplink_ms,173.1471,10600000
owd_downlink_ms,172.1539,10600000
owd_uplink_ms,173.3833,10600000
owd_downlink_ms,165.7148,10600000
correction_magnitude_mm,7.899576798081398,8898465
correction_magnitude_deg,0,8898465
owd_uplink_ms,164.7791,10600000
owd_downlink_ms,168.7944,10600000
prediction_position_error_mm,62.36813962459564,10600000
prediction_orientation_error_deg,0,10600000
owd_uplink_ms,168.2252,10700000
owd_downlink_ms,165.625,10700000
prediction_position_error_mm,61.852775514125824,10700000
prediction_orientation_error_deg,0,10700000
owd_uplink_ms,165.2847,10800000
owd_downlink_ms,165.7991,10800000
prediction_position_error_mm,61.333924531936646,10800000
prediction_orientation_error_deg,0,10800000
owd_uplink_ms,169.0048,10900000
owd_downlink_ms,167.212,10900000
prediction_position_error_mm,60.81178039312363,10900000
prediction_orientation_error_deg,0,10900000
prediction_position_error_mm,60.81178039312363,11000000
prediction_orientation_error_deg,0,11000000
owd_uplink_ms,166.9714,11100000
owd_downlink_ms,170.0614,11100000
prediction_position_error_mm,63.54472041130066,11100000
prediction_orientation_error_deg,0,11100000
owd_uplink_ms,165.6642,11200000
owd_downlink_ms,170.7214,11200000
prediction_position_error_mm,62.98389285802841,11200000
prediction_orientation_error_deg,0,11200000
owd_uplink_ms,167.6712,11300000
owd_downlink_ms,170.453,11300000
owd_uplink_ms,170.1372,11300000
owd_downlink_ms,163.961,11300000
prediction_position_error_mm,58.69314819574356,11300000
prediction_orientation_error_deg,0,11300000
owd_uplink_ms,168.9858,11400000
owd_downlink_ms,166.899,11400000
prediction_position_error_mm,58.15669521689415,11400000
prediction_orientation_error_deg,0,11400000
owd_uplink_ms,167.6086,11500000
owd_downlink_ms,166.5774,11500000
prediction_position_error_mm,54.48941886425018,11500000
prediction_orientation_error_deg,0,11500000
prediction_position_error_mm,57.61784687638283,11600000
prediction_orientation_error_deg,0,11600000
owd_uplink_ms,168.8476,11700000
owd_downlink_ms,170.5573,11700000
prediction_position_error_mm,60.138776898384094,11700000
prediction_orientation_error_deg,0,11700000
owd_uplink_ms,172.1332,11800000
owd_downlink_ms,166.9891,11800000
correction_magnitude_mm,7.193211000412703,10096384
correction_magnitude_deg,0,10096384
owd_uplink_ms,167.5874,11800000
owd_downlink_ms,168.1769,11800000
prediction_position_error_mm,55.988609790802,11800000
prediction_orientation_error_deg,0,11800000
owd_uplink_ms,165.1802,11900000
owd_downlink_ms,167.1591,11900000
prediction_position_error_mm,55.44189363718033,11900000
prediction_orientation_error_deg,0,11900000
prediction_position_error_mm,58.405280113220215,12000000
prediction_orientation_error_deg,0,12000000
owd_uplink_ms,168.1087,12100000
owd_downlink_ms,170.534,12100000
owd_uplink_ms,165.9978,12100000
owd_downlink_ms,166.0946,12100000
prediction_position_error_mm,54.3440505862236,12100000
prediction_orientation_error_deg,0,12100000
prediction_position_error_mm,54.3440505862236,12200000
prediction_orientation_error_deg,0,12200000
owd_uplink_ms,168.8595,12300000
owd_downlink_ms,167.5507,12300000
correction_magnitude_mm,6.881223525851965,10601111
correction_magnitude_deg,0,10601111
prediction_position_error_mm,50.375912338495255,12300000
prediction_orientation_error_deg,0,12300000
owd_uplink_ms,171.8544,12400000
owd_downlink_ms,171.4181,12400000
owd_uplink_ms,168.7138,12400000
owd_downlink_ms,167.5033,12400000
prediction_position_error_mm,52.689410746097565,12400000
prediction_orientation_error_deg,0,12400000
owd_uplink_ms,166.9184,12500000
owd_downlink_ms,167.2512,12500000
prediction_position_error_mm,49.33610185980797,12500000
prediction_orientation_error_deg,0,12500000
prediction_position_error_mm,52.13659629225731,12600000
prediction_orientation_error_deg,0,12600000
owd_uplink_ms,168.1219,12700000
owd_downlink_ms,172.8941,12700000
prediction_position_error_mm,54.31792885065079,12700000
prediction_orientation_error_deg,0,12700000
owd_uplink_ms,173.7476,12800000
owd_downlink_ms,168.6268,12800000
correction_magnitude_mm,6.561995018273592,11099034
correction_magnitude_deg,0,11099034
prediction_position_error_mm,50.477515906095505,12800000
prediction_orientation_error_deg,0,12800000
owd_uplink_ms,168.7985,12900000
owd_downlink_ms,172.7808,12900000
owd_uplink_ms,168.2567,12900000
owd_downlink_ms,167.3449,12900000
prediction_position_error_mm,49.9250590801239,12900000
prediction_orientation_error_deg,0,12900000
owd_uplink_ms,167.3378,13000000
owd_downlink_ms,166.5161,13000000
prediction_position_error_mm,49.373384565114975,13000000
prediction_orientation_error_deg,0,13000000
prediction_position_error_mm,51.97933688759804,13100000
prediction_orientation_error_deg,0,13100000
owd_uplink_ms,169.2715,13200000
owd_downlink_ms,170.6217,13200000
prediction_position_error_mm,51.39690265059471,13200000
prediction_orientation_error_deg,0,13200000
prediction_position_error_mm,51.39690265059471,13300000
prediction_orientation_error_deg,0,13300000
owd_uplink_ms,170.618,13400000
owd_downlink_ms,170.673,13400000
owd_uplink_ms,166.9146,13400000
owd_downlink_ms,166.6664,13400000
correction_magnitude_mm,6.172832567244768,11703288
correction_magnitude_deg,0,11703288
prediction_position_error_mm,47.17925563454628,13400000
prediction_orientation_error_deg,0,13400000
owd_uplink_ms,171.0276,13500000
owd_downlink_ms,172.3868,13500000
owd_uplink_ms,165.6362,13500000
owd_downlink_ms,164.1588,13500000
prediction_position_error_mm,46.635329723358154,13500000
prediction_orientation_error_deg,0,13500000
owd_uplink_ms,164.5679,13600000
owd_downlink_ms,164.1259,13600000
prediction_position_error_mm,43.642133474349976,13600000
prediction_orientation_error_deg,0,13600000
prediction_position_error_mm,46.09391838312149,13700000
prediction_orientation_error_deg,0,13700000
owd_uplink_ms,169.6468,13800000
owd_downlink_ms,172.858,13800000
owd_uplink_ms,169.1848,13800000
owd_downlink_ms,164.1859,13800000
prediction_position_error_mm,42.62810945510864,13800000
prediction_orientation_error_deg,0,13800000
prediction_position_error_mm,47.38010838627815,13900000
prediction_orientation_error_deg,0,13900000
owd_uplink_ms,170.9608,14000000
owd_downlink_ms,169.8748,14000000
prediction_position_error_mm,44.48775202035904,14000000
prediction_orientation_error_deg,0,14000000
owd_uplink_ms,168.9839,14100000
owd_downlink_ms,166.991,14100000
correction_magnitude_mm,5.717437248677015,12396503
correction_magnitude_deg,0,12396503
owd_uplink_ms,172.2414,14100000
owd_downlink_ms,170.2973,14100000
prediction_position_error_mm,43.43562200665474,14100000
prediction_orientation_error_deg,0,14100000
prediction_position_error_mm,45.70964723825455,14200000
prediction_orientation_error_deg,0,14200000
owd_uplink_ms,171.6613,14300000
owd_downlink_ms,165.4647,14300000
prediction_position_error_mm,45.162614434957504,14300000
prediction_orientation_error_deg,0,14300000
prediction_position_error_mm,45.162614434957504,14400000
prediction_orientation_error_deg,0,14400000
owd_uplink_ms,171.1046,14500000
owd_downlink_ms,173.75,14500000
correction_magnitude_mm,5.524142179638147,12689636
correction_magnitude_deg,0,12689636
owd_uplink_ms,167.8527,14500000
owd_downlink_ms,174.0101,14500000
prediction_position_error_mm,44.085342437028885,14500000
prediction_orientation_error_deg,0,14500000
owd_uplink_ms,166.2397,14600000
owd_downlink_ms,170.715,14600000
owd_uplink_ms,164.8119,14600000
owd_downlink_ms,164.3551,14600000
prediction_position_error_mm,40.89367389678955,14600000
prediction_orientation_error_deg,0,14600000
owd_uplink_ms,166.2994,14700000
owd_downlink_ms,164.3941,14700000
prediction_position_error_mm,38.26092928647995,14700000
prediction_orientation_error_deg,0,14700000
prediction_position_error_mm,42.519133538007736,14800000
prediction_orientation_error_deg,0,14800000
owd_uplink_ms,168.1784,14900000
owd_downlink_ms,169.9917,14900000
prediction_position_error_mm,42.012233287096024,14900000
prediction_orientation_error_deg,0,14900000
owd_uplink_ms,169.0948,15000000
owd_downlink_ms,172.0656,15000000
prediction_position_error_mm,41.513826698064804,15000000
prediction_orientation_error_deg,0,15000000
owd_uplink_ms,166.5467,15100000
owd_downlink_ms,168.4894,15100000
correction_magnitude_mm,5.084406118839979,13408382
correction_magnitude_deg,0,13408382
prediction_position_error_mm,38.52161765098572,15100000
prediction_orientation_error_deg,0,15100000
owd_uplink_ms,173.9772,15200000
owd_downlink_ms,169.7112,15200000
owd_uplink_ms,169.8104,15200000
owd_downlink_ms,167.4064,15200000
prediction_position_error_mm,36.047011613845825,15200000
prediction_orientation_error_deg,0,15200000
prediction_position_error_mm,40.074534714221954,15300000
prediction_orientation_error_deg,0,15300000
prediction_position_error_mm,40.074534714221954,15400000
prediction_orientation_error_deg,0,15400000
owd_uplink_ms,172.4707,15500000
owd_downlink_ms,172.5675,15500000
owd_uplink_ms,171.8354,15500000
owd_downlink_ms,169.2314,15500000
prediction_position_error_mm,37.205539643764496,15500000
prediction_orientation_error_deg,0,15500000
owd_uplink_ms,171.3451,15600000
owd_downlink_ms,167.5526,15600000
owd_uplink_ms,165.0917,15600000
owd_downlink_ms,168.2349,15600000
prediction_position_error_mm,36.38166934251785,15600000
prediction_orientation_error_deg,0,15600000
prediction_position_error_mm,36.38166934251785,15700000
prediction_orientation_error_deg,0,15700000
owd_uplink_ms,171.164,15800000
owd_downlink_ms,168.9655,15800000
owd_uplink_ms,168.6187,15800000
owd_downlink_ms,169.4341,15800000
prediction_position_error_mm,35.606250166893005,15800000
prediction_orientation_error_deg,0,15800000
owd_uplink_ms,165.9897,15900000
owd_downlink_ms,165.7747,15900000
prediction_position_error_mm,33.3399623632431,15900000
prediction_orientation_error_deg,0,15900000
prediction_position_error_mm,35.238008946180344,16000000
prediction_orientation_error_deg,0,16000000
owd_uplink_ms,169.0576,16100000
owd_downlink_ms,173.6476,16100000
prediction_position_error_mm,34.883543848991394,16100000
prediction_orientation_error_deg,0,16100000
owd_uplink_ms,170.2421,16200000
owd_downlink_ms,169.5949,16200000
prediction_position_error_mm,34.21876206994057,16200000
prediction_orientation_error_deg,0,16200000
owd_uplink_ms,167.7334,16300000
owd_downlink_ms,170.0829,16300000
prediction_position_error_mm,34.21876206994057,16300000
prediction_orientation_error_deg,0,16300000
owd_uplink_ms,169.4626,16400000
owd_downlink_ms,173.2943,16400000
prediction_position_error_mm,35.74349731206894,16400000
prediction_orientation_error_deg,0,16400000
owd_uplink_ms,171.8782,16500000
owd_downlink_ms,169.0878,16500000
prediction_position_error_mm,33.339958637952805,16500000
prediction_orientation_error_deg,0,16500000
owd_uplink_ms,169.3668,16600000
owd_downlink_ms,172.9521,16600000
prediction_position_error_mm,35.15860438346863,16600000
prediction_orientation_error_deg,0,16600000
owd_uplink_ms,169.1587,16700000
owd_downlink_ms,172.7545,16700000
prediction_position_error_mm,34.89376977086067,16700000
prediction_orientation_error_deg,0,16700000
owd_uplink_ms,168.4004,16800000
owd_downlink_ms,169.2269,16800000
prediction_position_error_mm,34.64800491929054,16800000
prediction_orientation_error_deg,0,16800000
owd_uplink_ms,167.4607,16900000
owd_downlink_ms,170.728,16900000
prediction_position_error_mm,32.61678293347359,16900000
prediction_orientation_error_deg,0,16900000
owd_uplink_ms,168.0034,17000000
owd_downlink_ms,165.4718,17000000
prediction_position_error_mm,32.228246331214905,17000000
prediction_orientation_error_deg,0,17000000
owd_uplink_ms,172.5008,17100000
owd_downlink_ms,172.4935,17100000
prediction_position_error_mm,34.031420946121216,17100000
prediction_orientation_error_deg,0,17100000
prediction_position_error_mm,35.82978621125221,17200000
prediction_orientation_error_deg,0,17200000
owd_uplink_ms,175.0825,17300000
owd_downlink_ms,172.6736,17300000
owd_uplink_ms,171.6429,17300000
owd_downlink_ms,164.7095,17300000
owd_uplink_ms,165.8703,17300000
owd_downlink_ms,164.9749,17300000
prediction_position_error_mm,31.794697046279907,17300000
prediction_orientation_error_deg,0,17300000
prediction_position_error_mm,31.794697046279907,17400000
prediction_orientation_error_deg,0,17400000
owd_uplink_ms,173.1424,17500000
owd_downlink_ms,170.1684,17500000
prediction_position_error_mm,29.78808619081974,17500000
prediction_orientation_error_deg,0,17500000
owd_uplink_ms,167.5497,17600000
owd_downlink_ms,172.6548,17600000
prediction_position_error_mm,33.430974930524826,17600000
prediction_orientation_error_deg,0,17600000
owd_uplink_ms,173.8003,17700000
owd_downlink_ms,169.3683,17700000
prediction_position_error_mm,33.37803855538368,17700000
prediction_orientation_error_deg,0,17700000
prediction_position_error_mm,33.37803855538368,17800000
prediction_orientation_error_deg,0,17800000
owd_uplink_ms,172.9741,17900000
owd_downlink_ms,171.8587,17900000
prediction_position_error_mm,33.347878605127335,17900000
prediction_orientation_error_deg,0,17900000
owd_uplink_ms,170.0913,18000000
owd_downlink_ms,172.0041,18000000
owd_uplink_ms,168.275,18000000
owd_downlink_ms,172.1142,18000000
prediction_position_error_mm,31.495381146669388,18000000
prediction_orientation_error_deg,0,18000000
owd_uplink_ms,169.5866,18100000
owd_downlink_ms,164.362,18100000
owd_uplink_ms,172.7931,18100000
owd_downlink_ms,166.5389,18100000
prediction_position_error_mm,31.568512320518494,18100000
prediction_orientation_error_deg,0,18100000
prediction_position_error_mm,33.45683589577675,18200000
prediction_orientation_error_deg,0,18200000
owd_uplink_ms,166.0848,18300000
owd_downlink_ms,171.1917,18300000
prediction_position_error_mm,33.54129195213318,18300000
prediction_orientation_error_deg,0,18300000
owd_uplink_ms,166.6173,18400000
owd_downlink_ms,171.3016,18400000
prediction_position_error_mm,33.648326992988586,18400000
prediction_orientation_error_deg,0,18400000
owd_uplink_ms,167.3608,18500000
owd_downlink_ms,172.4725,18500000
prediction_position_error_mm,31.839702278375626,18500000
prediction_orientation_error_deg,0,18500000
owd_uplink_ms,165.4382,18600000
owd_downlink_ms,169.6593,18600000
prediction_position_error_mm,33.929284662008286,18600000
prediction_orientation_error_deg,0,18600000
owd_uplink_ms,172.8949,18700000
owd_downlink_ms,163.8716,18700000
prediction_position_error_mm,32.29960799217224,18700000
prediction_orientation_error_deg,0,18700000
owd_uplink_ms,169.3567,18800000
owd_downlink_ms,170.7119,18800000
owd_uplink_ms,168.4477,18800000
owd_downlink_ms,167.1524,18800000
prediction_position_error_mm,32.49333053827286,18800000
prediction_orientation_error_deg,0,18800000
owd_uplink_ms,167.3368,18900000
owd_downlink_ms,165.7711,18900000
prediction_position_error_mm,30.682161450386047,18900000
prediction_orientation_error_deg,0,18900000
prediction_position_error_mm,34.74866598844528,19000000
prediction_orientation_error_deg,0,19000000
owd_uplink_ms,167.5333,19100000
owd_downlink_ms,170.3919,19100000
prediction_position_error_mm,32.93921798467636,19100000
prediction_orientation_error_deg,0,19100000
owd_uplink_ms,173.6438,19200000
owd_downlink_ms,168.7839,19200000
prediction_position_error_mm,35.2805033326149,19200000
prediction_orientation_error_deg,0,19200000
owd_uplink_ms,170.6537,19300000
owd_downlink_ms,166.5229,19300000
owd_uplink_ms,167.9603,19300000
owd_downlink_ms,169.0607,19300000
prediction_position_error_mm,31.626924872398376,19300000
prediction_orientation_error_deg,0,19300000
owd_uplink_ms,164.393,19400000
owd_downlink_ms,167.9264,19400000
prediction_position_error_mm,34.05112773180008,19400000
prediction_orientation_error_deg,0,19400000
prediction_position_error_mm,34.05112773180008,19500000
prediction_orientation_error_deg,0,19500000
owd_uplink_ms,172.2342,19600000
owd_downlink_ms,165.6329,19600000
prediction_position_error_mm,36.56703233718872,19600000
prediction_orientation_error_deg,0,19600000
prediction_position_error_mm,36.56703233718872,19700000
prediction_orientation_error_deg,0,19700000
owd_uplink_ms,171.0417,19800000
owd_downlink_ms,174.3258,19800000
owd_uplink_ms,168.6845,19800000
owd_downlink_ms,169.3032,19800000
prediction_position_error_mm,33.171672374010086,19800000
prediction_orientation_error_deg,0,19800000
owd_uplink_ms,170.2479,19900000
owd_downlink_ms,173.0882,19900000
owd_uplink_ms,166.3726,19900000
owd_downlink_ms,164.7683,19900000
prediction_position_error_mm,33.52392464876175,19900000
prediction_orientation_error_deg,0,19900000
prediction_position_error_mm,35.80871224403381,20000000
prediction_orientation_error_deg,0,20000000
owd_uplink_ms,168.9897,20100000
owd_downlink_ms,172.6876,20100000
owd_uplink_ms,164.8941,20100000
owd_downlink_ms,168.9329,20100000
prediction_position_error_mm,34.267157316207886,20100000
prediction_orientation_error_deg,0,20100000
prediction_position_error_mm,36.61161661148071,20200000
prediction_orientation_error_deg,0,20200000
owd_uplink_ms,168.6344,20300000
owd_downlink_ms,167.0795,20300000
owd_uplink_ms,172.1419,20300000
owd_downlink_ms,169.768,20300000
prediction_position_error_mm,35.05867347121239,20300000
prediction_orientation_error_deg,0,20300000
prediction_position_error_mm,39.89830985665321,20400000
prediction_orientation_error_deg,0,20400000
owd_uplink_ms,168.8733,20500000
owd_downlink_ms,171.1449,20500000
owd_uplink_ms,167.7032,20500000
owd_downlink_ms,164.4019,20500000
prediction_position_error_mm,35.89409589767456,20500000
prediction_orientation_error_deg,0,20500000
prediction_position_error_mm,38.36298733949661,20600000
prediction_orientation_error_deg,0,20600000
owd_uplink_ms,166.303,20700000
owd_downlink_ms,166.2474,20700000
owd_uplink_ms,171.634,20700000
owd_downlink_ms,167.4716,20700000
prediction_position_error_mm,39.302486926317215,20700000
prediction_orientation_error_deg,0,20700000
prediction_position_error_mm,41.86556860804558,20800000
prediction_orientation_error_deg,0,20800000
owd_uplink_ms,169.9632,20900000
owd_downlink_ms,169.017,20900000
prediction_position_error_mm,37.68003731966019,20900000
prediction_orientation_error_deg,0,20900000
owd_uplink_ms,169.1033,21000000
owd_downlink_ms,172.4074,21000000
prediction_position_error_mm,42.90841519832611,21000000
prediction_orientation_error_deg,0,21000000
owd_uplink_ms,172.8597,21100000
owd_downlink_ms,169.871,21100000
prediction_position_error_mm,41.28814488649368,21100000
prediction_orientation_error_deg,0,21100000
owd_uplink_ms,167.8268,21200000
owd_downlink_ms,171.8943,21200000
prediction_position_error_mm,41.28814488649368,21200000
prediction_orientation_error_deg,0,21200000
owd_uplink_ms,170.0355,21300000
owd_downlink_ms,168.8075,21300000
owd_uplink_ms,167.4267,21300000
owd_downlink_ms,168.9206,21300000
prediction_position_error_mm,39.59368169307709,21300000
prediction_orientation_error_deg,0,21300000
prediction_position_error_mm,45.091189444065094,21400000
prediction_orientation_error_deg,0,21400000
prediction_position_error_mm,45.091189444065094,21500000
prediction_orientation_error_deg,0,21500000
owd_uplink_ms,172.0715,21600000
owd_downlink_ms,173.0816,21600000
owd_uplink_ms,172.1432,21600000
owd_downlink_ms,169.3639,21600000
prediction_position_error_mm,46.22355476021767,21600000
prediction_orientation_error_deg,0,21600000
prediction_position_error_mm,49.089107662439346,21700000
prediction_orientation_error_deg,0,21700000
owd_uplink_ms,171.4049,21800000
owd_downlink_ms,171.3493,21800000
owd_uplink_ms,170.1535,21800000
owd_downlink_ms,165.1879,21800000
prediction_position_error_mm,44.47639733552933,21800000
prediction_orientation_error_deg,0,21800000
owd_uplink_ms,169.0196,21900000
owd_downlink_ms,167.059,21900000
prediction_position_error_mm,45.02660036087036,21900000
prediction_orientation_error_deg,0,21900000
owd_uplink_ms,171.8287,22000000
owd_downlink_ms,168.0779,22000000
prediction_position_error_mm,45.5811582505703,22000000
prediction_orientation_error_deg,0,22000000
owd_uplink_ms,167.469,22100000
owd_downlink_ms,166.1113,22100000
owd_uplink_ms,170.0794,22100000
owd_downlink_ms,169.1575,22100000
prediction_position_error_mm,46.70186713337898,22100000
prediction_orientation_error_deg,0,22100000
prediction_position_error_mm,46.70186713337898,22200000
prediction_orientation_error_deg,0,22200000
prediction_position_error_mm,52.81682685017586,22300000
prediction_orientation_error_deg,0,22300000
owd_uplink_ms,171.555,22400000
owd_downlink_ms,174.7166,22400000
owd_uplink_ms,167.7576,22400000
owd_downlink_ms,166.0724,22400000
correction_magnitude_mm,5.0772386603057384,20683205
correction_magnitude_deg,0,20683205
owd_uplink_ms,168.4175,22400000
owd_downlink_ms,167.9807,22400000
prediction_position_error_mm,48.40683192014694,22400000
prediction_orientation_error_deg,0,22400000
prediction_position_error_mm,51.55201628804207,22500000
prediction_orientation_error_deg,0,22500000
owd_uplink_ms,163.8228,22600000
owd_downlink_ms,172.5744,22600000
prediction_position_error_mm,52.1601103246212,22600000
prediction_orientation_error_deg,0,22600000
owd_uplink_ms,164.9932,22700000
owd_downlink_ms,169.171,22700000
correction_magnitude_mm,5.269211251288652,20998823
correction_magnitude_deg,0,20998823
owd_uplink_ms,173.4635,22700000
owd_downlink_ms,170.4822,22700000
prediction_position_error_mm,50.1326359808445,22700000
prediction_orientation_error_deg,0,22700000
owd_uplink_ms,168.9009,22800000
owd_downlink_ms,166.3371,22800000
prediction_position_error_mm,47.46074229478836,22800000
prediction_orientation_error_deg,0,22800000
prediction_position_error_mm,53.99511754512787,22900000
prediction_orientation_error_deg,0,22900000
prediction_position_error_mm,57.312168180942535,23000000
prediction_orientation_error_deg,0,23000000
owd_uplink_ms,170.7238,23100000
owd_downlink_ms,172.0957,23100000
owd_uplink_ms,165.2426,23100000
owd_downlink_ms,165.6605,23100000
correction_magnitude_mm,5.532235838472843,21394131
correction_magnitude_deg,0,21394131
owd_uplink_ms,169.9612,23100000
owd_downlink_ms,168.7747,23100000
prediction_position_error_mm,49.09906908869743,23100000
prediction_orientation_error_deg,0,23100000
prediction_position_error_mm,55.8401457965374,23200000
prediction_orientation_error_deg,0,23200000
prediction_position_error_mm,55.8401457965374,23300000
prediction_orientation_error_deg,0,23300000
owd_uplink_ms,169.7539,23400000
owd_downlink_ms,170.6314,23400000
correction_magnitude_mm,5.6662182323634624,21593746
correction_magnitude_deg,0,21593746
owd_uplink_ms,169.2519,23400000
owd_downlink_ms,172.179,23400000
prediction_position_error_mm,57.072144001722336,23400000
prediction_orientation_error_deg,0,23400000
owd_uplink_ms,166.2595,23500000
owd_downlink_ms,171.713,23500000
prediction_position_error_mm,54.198458790779114,23500000
prediction_orientation_error_deg,0,23500000
owd_uplink_ms,170.758,23600000
owd_downlink_ms,168.9283,23600000
prediction_position_error_mm,58.303505182266235,23600000
prediction_orientation_error_deg,0,23600000
owd_uplink_ms,172.1327,23700000
owd_downlink_ms,168.5937,23700000
prediction_position_error_mm,55.36125972867012,23700000
prediction_orientation_error_deg,0,23700000
prediction_position_error_mm,62.50816583633423,23800000
prediction_orientation_error_deg,0,23800000
owd_uplink_ms,166.6872,23900000
owd_downlink_ms,170.0312,23900000
correction_magnitude_mm,6.005449220538139,22101690
correction_magnitude_deg,0,22101690
owd_uplink_ms,170.8063,23900000
owd_downlink_ms,172.3826,23900000
prediction_position_error_mm,60.14538183808327,23900000
prediction_orientation_error_deg,0,23900000
prediction_position_error_mm,60.14538183808327,24000000
prediction_orientation_error_deg,0,24000000
owd_uplink_ms,172.0899,24100000
owd_downlink_ms,172.9432,24100000
correction_magnitude_mm,6.1423880979418755,22304726
correction_magnitude_deg,0,22304726
owd_uplink_ms,169.0565,24100000
owd_downlink_ms,172.96,24100000
owd_uplink_ms,166.8411,24100000
owd_downlink_ms,165.5116,24100000
prediction_position_error_mm,54.56117540597916,24100000
prediction_orientation_error_deg,0,24100000
owd_uplink_ms,166.4342,24200000
owd_downlink_ms,164.2333,24200000
prediction_position_error_mm,58.82640182971954,24200000
prediction_orientation_error_deg,0,24200000
owd_uplink_ms,169.7976,24300000
owd_downlink_ms,169.2608,24300000
prediction_position_error_mm,59.39855799078941,24300000
prediction_orientation_error_deg,0,24300000
prediction_position_error_mm,63.187167048454285,24400000
prediction_orientation_error_deg,0,24400000
owd_uplink_ms,166.4805,24500000
owd_downlink_ms,169.288,24500000
prediction_position_error_mm,63.78961354494095,24500000
prediction_orientation_error_deg,0,24500000
owd_uplink_ms,167.6651,24600000
owd_downlink_ms,167.0219,24600000
correction_magnitude_mm,6.5534221939742565,22907223
correction_magnitude_deg,0,22907223
prediction_position_error_mm,61.10227853059769,24600000
prediction_orientation_error_deg,0,24600000
owd_uplink_ms,171.5398,24700000
owd_downlink_ms,172.4285,24700000
prediction_position_error_mm,61.10227853059769,24700000
prediction_orientation_error_deg,0,24700000
owd_uplink_ms,168.0435,24800000
owd_downlink_ms,171.9835,24800000
prediction_position_error_mm,61.665426939725876,24800000
prediction_orientation_error_deg,0,24800000
owd_uplink_ms,168.3574,24900000
owd_downlink_ms,165.8381,24900000
correction_magnitude_mm,6.758042145520449,23210107
correction_magnitude_deg,0,23210107
prediction_position_error_mm,58.835119009017944,24900000
prediction_orientation_error_deg,0,24900000
owd_uplink_ms,172.5286,25000000
owd_downlink_ms,171.5551,25000000
prediction_position_error_mm,62.783628702163696,25000000
prediction_orientation_error_deg,0,25000000
prediction_position_error_mm,70.77212631702423,25100000
prediction_orientation_error_deg,0,25100000
owd_uplink_ms,172.1247,25200000
owd_downlink_ms,171.35,25200000
correction_magnitude_mm,6.893618032336235,23407921
correction_magnitude_deg,0,23407921
owd_uplink_ms,165.9573,25200000
owd_downlink_ms,171.6897,25200000
prediction_position_error_mm,67.93075799942017,25200000
prediction_orientation_error_deg,0,25200000
owd_uplink_ms,172.0935,25300000
owd_downlink_ms,167.5844,25300000
correction_magnitude_mm,7.028493564575911,23609449
correction_magnitude_deg,0,23609449
prediction_position_error_mm,64.98357653617859,25300000
prediction_orientation_error_deg,0,25300000
owd_uplink_ms,168.5849,25400000
owd_downlink_ms,169.0846,25400000
prediction_position_error_mm,69.08474862575531,25400000
prediction_orientation_error_deg,0,25400000
owd_uplink_ms,168.0002,25500000
owd_downlink_ms,168.091,25500000
correction_magnitude_mm,7.162296678870916,23810186
correction_magnitude_deg,0,23810186
prediction_position_error_mm,61.93153187632561,25500000
prediction_orientation_error_deg,0,25500000
owd_uplink_ms,171.292,25600000
owd_downlink_ms,170.1635,25600000
owd_uplink_ms,169.7133,25600000
owd_downlink_ms,168.0095,25600000
prediction_position_error_mm,66.5973499417305,25600000
prediction_orientation_error_deg,0,25600000
prediction_position_error_mm,70.78732550144196,25700000
prediction_orientation_error_deg,0,25700000
prediction_position_error_mm,70.78732550144196,25800000
prediction_orientation_error_deg,0,25800000
owd_uplink_ms,171.2493,25900000
owd_downlink_ms,172.1717,25900000
prediction_position_error_mm,75.59388130903244,25900000
prediction_orientation_error_deg,0,25900000
owd_uplink_ms,172.6866,26000000
owd_downlink_ms,170.6363,26000000
correction_magnitude_mm,7.426344323903322,24205235
correction_magnitude_deg,0,24205235
owd_uplink_ms,168.7799,26000000
owd_downlink_ms,171.3975,26000000
owd_uplink_ms,167.9528,26000000
owd_downlink_ms,164.412,26000000
prediction_position_error_mm,64.41789120435715,26000000
prediction_orientation_error_deg,0,26000000
prediction_position_error_mm,72.99855351448059,26100000
prediction_orientation_error_deg,0,26100000
owd_uplink_ms,168.5546,26200000
owd_downlink_ms,172.7216,26200000
owd_uplink_ms,168.7962,26200000
owd_downlink_ms,166.7492,26200000
prediction_position_error_mm,65.38499891757965,26200000
prediction_orientation_error_deg,0,26200000
prediction_position_error_mm,69.7173923254013,26300000
prediction_orientation_error_deg,0,26300000
owd_uplink_ms,167.738,26400000
owd_downlink_ms,169.7587,26400000
prediction_position_error_mm,74.60872828960419,26400000
prediction_orientation_error_deg,0,26400000
prediction_position_error_mm,79.02180403470993,26500000
prediction_orientation_error_deg,0,26500000
owd_uplink_ms,172.5068,26600000
owd_downlink_ms,170.631,26600000
owd_uplink_ms,172.2632,26600000
owd_downlink_ms,166.8827,26600000
prediction_position_error_mm,75.6574347615242,26600000
prediction_orientation_error_deg,0,26600000
prediction_position_error_mm,80.1231786608696,26700000
prediction_orientation_error_deg,0,26700000
owd_uplink_ms,172.3295,26800000
owd_downlink_ms,173.3735,26800000
prediction_position_error_mm,80.66567033529282,26800000
prediction_orientation_error_deg,0,26800000
owd_uplink_ms,165.802,26900000
owd_downlink_ms,171.6767,26900000
correction_magnitude_mm,7.99823272973299,25108830
correction_magnitude_deg,0,25108830
owd_uplink_ms,172.1205,26900000
owd_downlink_ms,172.3301,26900000
owd_uplink_ms,166.1521,26900000
owd_downlink_ms,164.4352,26900000
prediction_position_error_mm,68.63167881965637,26900000
prediction_orientation_error_deg,0,26900000
owd_uplink_ms,170.2462,27000000
owd_downlink_ms,169.3486,27000000
prediction_position_error_mm,69.07664984464645,27000000
prediction_orientation_error_deg,0,27000000
owd_uplink_ms,166.8836,27100000
owd_downlink_ms,168.0245,27100000
prediction_position_error_mm,69.51671093702316,27100000
prediction_orientation_error_deg,0,27100000
prediction_position_error_mm,78.67592573165894,27200000
prediction_orientation_error_deg,0,27200000
owd_uplink_ms,167.4369,27300000
owd_downlink_ms,163.9946,27300000
correction_magnitude_mm,8.299505338072777,25602944
correction_magnitude_deg,0,25602944
prediction_position_error_mm,70.3815296292305,27300000
prediction_orientation_error_deg,0,27300000
owd_uplink_ms,173.132,27400000
owd_downlink_ms,172.4656,27400000
prediction_position_error_mm,74.99751448631287,27400000
prediction_orientation_error_deg,0,27400000
owd_uplink_ms,168.8933,27500000
owd_downlink_ms,170.3093,27500000
prediction_position_error_mm,75.44577866792679,27500000
prediction_orientation_error_deg,0,27500000
owd_uplink_ms,171.381,27600000
owd_downlink_ms,164.6382,27600000
correction_magnitude_mm,8.473680354654789,25895451
correction_magnitude_deg,0,25895451
prediction_position_error_mm,76.32531970739365,27600000
prediction_orientation_error_deg,0,27600000
owd_uplink_ms,165.199,27700000
owd_downlink_ms,171.1443,27700000
prediction_position_error_mm,81.03346824645996,27700000
prediction_orientation_error_deg,0,27700000
owd_uplink_ms,167.2474,27800000
owd_downlink_ms,164.223,27800000
correction_magnitude_mm,8.586865849792957,26099102
correction_magnitude_deg,0,26099102
prediction_position_error_mm,72.45101034641266,27800000
prediction_orientation_error_deg,0,27800000
owd_uplink_ms,170.6549,27900000
owd_downlink_ms,171.0997,27900000
prediction_position_error_mm,81.93366974592209,27900000
prediction_orientation_error_deg,0,27900000
owd_uplink_ms,172.0863,28000000
owd_downlink_ms,166.2789,28000000
prediction_position_error_mm,82.37424492835999,28000000
prediction_orientation_error_deg,0,28000000
owd_uplink_ms,169.6573,28100000
owd_downlink_ms,166.0367,28100000
correction_magnitude_mm,8.752068504691124,26387875
correction_magnitude_deg,0,26387875
owd_uplink_ms,168.3738,28100000
owd_downlink_ms,166.7531,28100000
prediction_position_error_mm,73.62622022628784,28100000
prediction_orientation_error_deg,0,28100000
owd_uplink_ms,168.0455,28200000
owd_downlink_ms,170.2857,28200000
prediction_position_error_mm,74.00642335414886,28200000
prediction_orientation_error_deg,0,28200000
prediction_position_error_mm,83.65701138973236,28300000
prediction_orientation_error_deg,0,28300000
owd_uplink_ms,166.192,28400000
owd_downlink_ms,172.8038,28400000
prediction_position_error_mm,84.07138288021088,28400000
prediction_orientation_error_deg,0,28400000
owd_uplink_ms,164.5718,28500000
owd_downlink_ms,170.7923,28500000
prediction_position_error_mm,79.60451394319534,28500000
prediction_orientation_error_deg,0,28500000
owd_uplink_ms,170.6004,28600000
owd_downlink_ms,171.8575,28600000
prediction_position_error_mm,84.87977087497711,28600000
prediction_orientation_error_deg,0,28600000
prediction_position_error_mm,89.79157358407974,28700000
prediction_orientation_error_deg,0,28700000
owd_uplink_ms,173.3061,28800000
owd_downlink_ms,173.1421,28800000
prediction_position_error_mm,90.2036800980568,28800000
prediction_orientation_error_deg,0,28800000
owd_uplink_ms,170.9728,28900000
owd_downlink_ms,170.7155,28900000
owd_uplink_ms,173.1126,28900000
owd_downlink_ms,167.0571,28900000
correction_magnitude_mm,9.163664653897285,27198166
correction_magnitude_deg,0,27198166
prediction_position_error_mm,76.50025933980942,28900000
prediction_orientation_error_deg,0,28900000
owd_uplink_ms,165.3796,29000000
owd_downlink_ms,172.1173,29000000
prediction_position_error_mm,81.44833147525787,29000000
prediction_orientation_error_deg,0,29000000
owd_uplink_ms,172.4284,29100000
owd_downlink_ms,168.1916,29100000
prediction_position_error_mm,86.77926659584045,29100000
prediction_orientation_error_deg,0,29100000
prediction_position_error_mm,91.77761524915695,29200000
prediction_orientation_error_deg,0,29200000
owd_uplink_ms,171.9981,29300000
owd_downlink_ms,173.1165,29300000
prediction_position_error_mm,92.15221554040909,29300000
prediction_orientation_error_deg,0,29300000
owd_uplink_ms,169.6395,29400000
owd_downlink_ms,169.943,29400000
correction_magnitude_mm,9.35252383351326,27603066
correction_magnitude_deg,0,27603066
owd_uplink_ms,171.9648,29400000
owd_downlink_ms,171.536,29400000
owd_uplink_ms,167.4781,29400000
owd_downlink_ms,168.5519,29400000
prediction_position_error_mm,83.12437683343887,29400000
prediction_orientation_error_deg,0,29400000
prediction_position_error_mm,83.12437683343887,29500000
prediction_orientation_error_deg,0,29500000
prediction_position_error_mm,88.16967159509659,29600000
prediction_orientation_error_deg,0,29600000
owd_uplink_ms,172.3224,29700000
owd_downlink_ms,171.2002,29700000
correction_magnitude_mm,9.486300870776176,27902469
correction_magnitude_deg,0,27902469
owd_uplink_ms,169.0446,29700000
owd_downlink_ms,172.4734,29700000
owd_uplink_ms,165.3128,29700000
owd_downlink_ms,166.277,29700000
prediction_position_error_mm,84.04649794101715,29700000
prediction_orientation_error_deg,0,29700000
prediction_position_error_mm,84.04649794101715,29800000
prediction_orientation_error_deg,0,29800000
owd_uplink_ms,173.7913,29900000
owd_downlink_ms,167.7769,29900000
prediction_position_error_mm,84.33962613344193,29900000
prediction_orientation_error_deg,0,29900000
owd_uplink_ms,171.695,30000000
owd_downlink_ms,168.8985,30000000
correction_magnitude_mm,9.653856977820396,28296947
correction_magnitude_deg,0,28296947
prediction_position_error_mm,84.9042683839798,30000000
prediction_orientation_error_deg,0,30000000
owd_uplink_ms,167.2313,30100000
owd_downlink_ms,171.0019,30100000
owd_uplink_ms,169.3459,30100000
owd_downlink_ms,168.317,30100000
prediction_position_error_mm,80.04861325025558,30100000
prediction_orientation_error_deg,0,30100000
prediction_position_error_mm,90.31464159488678,30200000
prediction_orientation_error_deg,0,30200000
owd_uplink_ms,167.1229,30300000
owd_downlink_ms,164.8938,30300000
correction_magnitude_mm,9.771142154932022,28597586
correction_magnitude_deg,0,28597586
prediction_position_error_mm,85.69642901420593,30300000
prediction_orientation_error_deg,0,30300000
owd_uplink_ms,170.8287,30400000
owd_downlink_ms,171.1585,30400000
owd_uplink_ms,164.9121,30400000
owd_downlink_ms,164.3847,30400000
prediction_position_error_mm,80.783911049366,30400000
prediction_orientation_error_deg,0,30400000
prediction_position_error_mm,85.9457179903984,30500000
prediction_orientation_error_deg,0,30500000
owd_uplink_ms,168.8255,30600000
owd_downlink_ms,171.5034,30600000
prediction_position_error_mm,86.18749678134918,30600000
prediction_orientation_error_deg,0,30600000
prediction_position_error_mm,96.5622290968895,30700000
prediction_orientation_error_deg,0,30700000
owd_uplink_ms,171.4579,30800000
owd_downlink_ms,171.853,30800000
owd_uplink_ms,168.9158,30800000
owd_downlink_ms,165.6253,30800000
correction_magnitude_mm,9.950087405741215,29097068
correction_magnitude_deg,0,29097068
prediction_position_error_mm,86.86767518520355,30800000
prediction_orientation_error_deg,0,30800000
owd_uplink_ms,172.4165,30900000
owd_downlink_ms,172.474,30900000
owd_uplink_ms,167.4555,30900000
owd_downlink_ms,166.6898,30900000
prediction_position_error_mm,81.86870813369751,30900000
prediction_orientation_error_deg,0,30900000
prediction_position_error_mm,87.07920461893082,31000000
prediction_orientation_error_deg,0,31000000
owd_uplink_ms,169.012,31100000
owd_downlink_ms,173.1001,31100000
correction_magnitude_mm,5.015888717025518,29301293
correction_magnitude_deg,0,29301293
prediction_position_error_mm,92.50971674919128,31100000
prediction_orientation_error_deg,0,31100000
owd_uplink_ms,168.363,31200000
owd_downlink_ms,170.7444,31200000
correction_magnitude_mm,5.031439010053873,29404269
correction_magnitude_deg,0,29404269
prediction_position_error_mm,92.71328896284103,31200000
prediction_orientation_error_deg,0,31200000
owd_uplink_ms,171.1092,31300000
owd_downlink_ms,166.8068,31300000
correction_magnitude_mm,5.0465562380850315,29598892
correction_magnitude_deg,0,29598892
prediction_position_error_mm,92.90868043899536,31300000
prediction_orientation_error_deg,0,31300000
owd_uplink_ms,168.6015,31400000
owd_downlink_ms,166.687,31400000
correction_magnitude_mm,10.136718861758709,29696500
correction_magnitude_deg,0,29696500
prediction_position_error_mm,82.77369290590286,31400000
prediction_orientation_error_deg,0,31400000
owd_uplink_ms,171.986,31500000
owd_downlink_ms,172.6716,31500000
prediction_position_error_mm,93.27471256256104,31500000
prediction_orientation_error_deg,0,31500000
owd_uplink_ms,170.1413,31600000
owd_downlink_ms,165.1012,31600000
correction_magnitude_mm,5.089266691356897,29891058
correction_magnitude_deg,0,29891058
prediction_position_error_mm,88.18633109331131,31600000
prediction_orientation_error_deg,0,31600000
owd_uplink_ms,166.8436,31700000
owd_downlink_ms,165.9582,31700000
correction_magnitude_mm,10.218177922070026,29989952
correction_magnitude_deg,0,29989952
owd_uplink_ms,172.2882,31700000
owd_downlink_ms,166.8515,31700000
prediction_position_error_mm,88.49286288022995,31700000
prediction_orientation_error_deg,0,31700000
prediction_position_error_mm,93.76146644353867,31800000
prediction_orientation_error_deg,0,31800000
prediction_position_error_mm,99.03405606746674,31900000
prediction_orientation_error_deg,0,31900000
owd_uplink_ms,169.8071,32000000
owd_downlink_ms,171.4788,32000000
correction_magnitude_mm,10.268035344779491,30185247
correction_magnitude_deg,0,30185247
owd_uplink_ms,167.5332,32000000
owd_downlink_ms,173.7584,32000000
owd_uplink_ms,164.3006,32000000
owd_downlink_ms,167.3981,32000000
correction_magnitude_mm,5.15159172937274,30296901
correction_magnitude_deg,0,30296901
prediction_position_error_mm,88.89323472976685,32000000
prediction_orientation_error_deg,0,32000000
prediction_position_error_mm,88.89323472976685,32100000
prediction_orientation_error_deg,0,32100000
owd_uplink_ms,171.1715,32200000
owd_downlink_ms,166.2444,32200000
correction_magnitude_mm,5.1626963540911674,30490743
correction_magnitude_deg,0,30490743
prediction_position_error_mm,89.01073038578033,32200000
prediction_orientation_error_deg,0,32200000
owd_uplink_ms,170.4903,32300000
owd_downlink_ms,170.6803,32300000
correction_magnitude_mm,5.173315294086933,30590981
correction_magnitude_deg,0,30590981
prediction_position_error_mm,89.12024646997452,32300000
prediction_orientation_error_deg,0,32300000
owd_uplink_ms,171.6453,32400000
owd_downlink_ms,169.7789,32400000
correction_magnitude_mm,10.376744903624058,30688648
correction_magnitude_deg,0,30688648
prediction_position_error_mm,89.31511640548706,32400000
prediction_orientation_error_deg,0,32400000
owd_uplink_ms,166.0248,32500000
owd_downlink_ms,173.3767,32500000
owd_uplink_ms,165.8686,32500000
owd_downlink_ms,166.7774,32500000
correction_magnitude_mm,5.2025048062205315,30798974
correction_magnitude_deg,0,30798974
prediction_position_error_mm,89.40043300390244,32500000
prediction_orientation_error_deg,0,32500000
prediction_position_error_mm,94.68826651573181,32600000
prediction_orientation_error_deg,0,32600000
owd_uplink_ms,172.2665,32700000
owd_downlink_ms,165.2467,32700000
correction_magnitude_mm,5.211290437728167,30990200
correction_magnitude_deg,0,30990200
prediction_position_error_mm,94.76573020219803,32700000
prediction_orientation_error_deg,0,32700000
owd_uplink_ms,169.005,32800000
owd_downlink_ms,167.8452,32800000
correction_magnitude_mm,10.447130538523197,31088751
correction_magnitude_deg,0,31088751
owd_uplink_ms,168.6419,32800000
owd_downlink_ms,170.6149,32800000
prediction_position_error_mm,84.31986719369888,32800000
prediction_orientation_error_deg,0,32800000
owd_uplink_ms,165.2791,32900000
owd_downlink_ms,165.2426,32900000
correction_magnitude_mm,5.234880838543177,31191173
correction_magnitude_deg,0,31191173
prediction_position_error_mm,89.66057002544403,32900000
prediction_orientation_error_deg,0,32900000
prediction_position_error_mm,94.94640678167343,33000000
prediction_orientation_error_deg,0,33000000
owd_uplink_ms,169.2539,33100000
owd_downlink_ms,171.0478,33100000
correction_magnitude_mm,5.241816863417625,31293416
correction_magnitude_deg,0,31293416
prediction_position_error_mm,89.70522880554199,33100000
prediction_orientation_error_deg,0,33100000
owd_uplink_ms,170.8564,33200000
owd_downlink_ms,169.9105,33200000
correction_magnitude_mm,10.502510704100132,31492234
correction_magnitude_deg,0,31492234
prediction_position_error_mm,84.48800444602966,33200000
prediction_orientation_error_deg,0,33200000
owd_uplink_ms,167.3005,33300000
owd_downlink_ms,173.1502,33300000
prediction_position_error_mm,95.049187541008,33300000
prediction_orientation_error_deg,0,33300000
owd_uplink_ms,171.6133,33400000
owd_downlink_ms,165.6415,33400000
correction_magnitude_mm,10.524517856538296,31692083
correction_magnitude_deg,0,31692083
owd_uplink_ms,164.5923,33400000
owd_downlink_ms,170.0175,33400000
prediction_position_error_mm,89.80190008878708,33400000
prediction_orientation_error_deg,0,33400000
prediction_position_error_mm,89.80190008878708,33500000
prediction_orientation_error_deg,0,33500000
owd_uplink_ms,166.9248,33600000
owd_downlink_ms,169.8658,33600000
correction_magnitude_mm,5.269341170787811,31802541
correction_magnitude_deg,0,31802541
owd_uplink_ms,169.3441,33600000
owd_downlink_ms,168.9433,33600000
correction_magnitude_mm,5.273397546261549,31902040
correction_magnitude_deg,0,31902040
prediction_position_error_mm,89.80090171098709,33600000
prediction_orientation_error_deg,0,33600000
owd_uplink_ms,169.7131,33700000
owd_downlink_ms,169.2571,33700000
correction_magnitude_mm,5.276991985738277,32001470
correction_magnitude_deg,0,32001470
prediction_position_error_mm,89.7880345582962,33700000
prediction_orientation_error_deg,0,33700000
prediction_position_error_mm,95.04646807909012,33800000
prediction_orientation_error_deg,0,33800000
prediction_position_error_mm,100.29923915863037,33900000
prediction_orientation_error_deg,0,33900000
owd_uplink_ms,170.9801,34000000
owd_downlink_ms,169.9975,34000000
correction_magnitude_mm,5.280115641653538,32200241
correction_magnitude_deg,0,32200241
prediction_position_error_mm,100.26638209819794,34000000
prediction_orientation_error_deg,0,34000000
owd_uplink_ms,172.9678,34100000
owd_downlink_ms,172.0456,34100000
correction_magnitude_mm,5.28274942189455,32299089
correction_magnitude_deg,0,32299089
owd_uplink_ms,172.7429,34100000
owd_downlink_ms,168.8764,34100000
correction_magnitude_mm,10.571461170911789,32394257
correction_magnitude_deg,0,32394257
owd_uplink_ms,169.0339,34100000
owd_downlink_ms,168.913,34100000
prediction_position_error_mm,89.65389430522919,34100000
prediction_orientation_error_deg,0,34100000
owd_uplink_ms,167.2417,34200000
owd_downlink_ms,169.3362,34200000
correction_magnitude_mm,5.287748761475086,32496726
correction_magnitude_deg,0,32496726
prediction_position_error_mm,89.59968388080597,34200000
prediction_orientation_error_deg,0,34200000
owd_uplink_ms,165.7108,34300000
owd_downlink_ms,168.6838,34300000
correction_magnitude_mm,5.288445390760899,32600442
correction_magnitude_deg,0,32600442
prediction_position_error_mm,89.53718841075897,34300000
prediction_orientation_error_deg,0,34300000
prediction_position_error_mm,89.53718841075897,34400000
prediction_orientation_error_deg,0,34400000
owd_uplink_ms,169.1356,34500000
owd_downlink_ms,173.0609,34500000
correction_magnitude_mm,5.2886661142110825,32705348
correction_magnitude_deg,0,32705348
prediction_position_error_mm,89.46642279624939,34500000
prediction_orientation_error_deg,0,34500000
prediction_position_error_mm,94.67527270317078,34600000
prediction_orientation_error_deg,0,34600000
owd_uplink_ms,173.2551,34700000
owd_downlink_ms,170.1319,34700000
correction_magnitude_mm,10.576043277978897,32901443
correction_magnitude_deg,0,32901443
owd_uplink_ms,168.0902,34700000
owd_downlink_ms,172.5775,34700000
prediction_position_error_mm,94.49031203985214,34700000
prediction_orientation_error_deg,0,34700000
owd_uplink_ms,169.8107,34800000
owd_downlink_ms,170.646,34800000
correction_magnitude_mm,5.286406725645065,33008095
correction_magnitude_deg,0,33008095
prediction_position_error_mm,94.38466280698776,34800000
prediction_orientation_error_deg,0,34800000
owd_uplink_ms,172.9902,34900000
owd_downlink_ms,168.2421,34900000
correction_magnitude_mm,5.284677725285292,33202160
correction_magnitude_deg,0,33202160
prediction_position_error_mm,89.1004279255867,34900000
prediction_orientation_error_deg,0,34900000
owd_uplink_ms,169.8442,35000000
owd_downlink_ms,166.3652,35000000
correction_magnitude_mm,10.562208481132984,33297812
correction_magnitude_deg,0,33297812
owd_uplink_ms,166.6893,35000000
owd_downlink_ms,166.7458,35000000
prediction_position_error_mm,88.86777609586716,35000000
prediction_orientation_error_deg,0,35000000
owd_uplink_ms,164.9916,35100000
owd_downlink_ms,167.926,35100000
correction_magnitude_mm,5.27657475322485,33401551
correction_magnitude_deg,0,33401551
prediction_position_error_mm,88.73901516199112,35100000
prediction_orientation_error_deg,0,35100000
prediction_position_error_mm,88.73901516199112,35200000
prediction_orientation_error_deg,0,35200000
owd_uplink_ms,171.5875,35300000
owd_downlink_ms,164.805,35300000
correction_magnitude_mm,10.541624389588833,33593073
correction_magnitude_deg,0,33593073
owd_uplink_ms,163.7002,35300000
owd_downlink_ms,166.6535,35300000
prediction_position_error_mm,88.45672011375427,35300000
prediction_orientation_error_deg,0,35300000
owd_uplink_ms,165.8755,35400000
owd_downlink_ms,164.7284,35400000
correction_magnitude_mm,5.2640726789832115,33695332
correction_magnitude_deg,0,33695332
prediction_position_error_mm,88.30320835113525,35400000
prediction_orientation_error_deg,0,35400000
prediction_position_error_mm,93.39996427297592,35500000
prediction_orientation_error_deg,0,35500000
owd_uplink_ms,165.8291,35600000
owd_downlink_ms,171.675,35600000
correction_magnitude_mm,5.258924327790737,33802639
correction_magnitude_deg,0,33802639
prediction_position_error_mm,88.14143389463425,35600000
prediction_orientation_error_deg,0,35600000
owd_uplink_ms,168.267,35700000
owd_downlink_ms,170.4399,35700000
correction_magnitude_mm,5.253311712294817,33905355
correction_magnitude_deg,0,33905355
owd_uplink_ms,168.3048,35700000
owd_downlink_ms,168.0816,35700000
correction_magnitude_mm,5.247184075415134,34005075
correction_magnitude_deg,0,34005075
prediction_position_error_mm,82.72457122802734,35700000
prediction_orientation_error_deg,0,35700000
owd_uplink_ms,164.9447,35800000
owd_downlink_ms,164.7324,35800000
correction_magnitude_mm,5.240574479103088,34104809
correction_magnitude_deg,0,34104809
prediction_position_error_mm,82.5529396533966,35800000
prediction_orientation_error_deg,0,35800000
owd_uplink_ms,169.6985,35900000
owd_downlink_ms,169.2451,35900000
correction_magnitude_mm,5.233482923358679,34204242
correction_magnitude_deg,0,34204242
prediction_position_error_mm,87.41208165884018,35900000
prediction_orientation_error_deg,0,35900000
owd_uplink_ms,166.2626,36000000
owd_downlink_ms,164.3954,36000000
correction_magnitude_mm,5.225908476859331,34301907
correction_magnitude_deg,0,34301907
prediction_position_error_mm,82.1865126490593,36000000
prediction_orientation_error_deg,0,36000000
prediction_position_error_mm,87.20925450325012,36100000
prediction_orientation_error_deg,0,36100000
owd_uplink_ms,171.6558,36200000
owd_downlink_ms,165.0757,36200000
correction_magnitude_mm,5.217855330556631,34493682
correction_magnitude_deg,0,34493682
prediction_position_error_mm,91.9879674911499,36200000
prediction_orientation_error_deg,0,36200000
prediction_position_error_mm,96.96049988269806,36300000
prediction_orientation_error_deg,0,36300000
owd_uplink_ms,170.6344,36400000
owd_downlink_ms,173.295,36400000
correction_magnitude_mm,5.209285765886307,34597008
correction_magnitude_deg,0,34597008
owd_uplink_ms,170.4276,36400000
owd_downlink_ms,165.1051,36400000
correction_magnitude_mm,10.390984825789928,34690356
correction_magnitude_deg,0,34690356
owd_uplink_ms,168.495,36400000
owd_downlink_ms,168.2702,36400000
prediction_position_error_mm,81.36129379272461,36400000
prediction_orientation_error_deg,0,36400000
prediction_position_error_mm,86.31626516580582,36500000
prediction_orientation_error_deg,0,36500000
owd_uplink_ms,164.1588,36600000
owd_downlink_ms,173.2077,36600000
correction_magnitude_mm,5.1807016134262085,34801387
correction_magnitude_deg,0,34801387
prediction_position_error_mm,86.07272058725357,36600000
prediction_orientation_error_deg,0,36600000
prediction_position_error_mm,90.99093824625015,36700000
prediction_orientation_error_deg,0,36700000
owd_uplink_ms,171.8059,36800000
owd_downlink_ms,171.0857,36800000
correction_magnitude_mm,10.329480282962322,35000486
correction_magnitude_deg,0,35000486
owd_uplink_ms,168.0967,36800000
owd_downlink_ms,172.0182,36800000
owd_uplink_ms,167.3747,36800000
owd_downlink_ms,164.0761,36800000
correction_magnitude_mm,5.1477765664458275,35101263
correction_magnitude_deg,0,35101263
prediction_position_error_mm,80.413818359375,36800000
prediction_orientation_error_deg,0,36800000
prediction_position_error_mm,90.15320986509323,36900000
prediction_orientation_error_deg,0,36900000
owd_uplink_ms,166.3013,37000000
owd_downlink_ms,164.7479,37000000
correction_magnitude_mm,10.259263217449188,35299322
correction_magnitude_deg,0,35299322
prediction_position_error_mm,79.89455759525299,37000000
prediction_orientation_error_deg,0,37000000
owd_uplink_ms,171.3653,37100000
owd_downlink_ms,170.3536,37100000
owd_uplink_ms,169.2925,37100000
owd_downlink_ms,165.7588,37100000
correction_magnitude_mm,5.110521335154772,35393642
correction_magnitude_deg,0,35393642
prediction_position_error_mm,84.44201946258545,37100000
prediction_orientation_error_deg,0,37100000
owd_uplink_ms,166.4494,37200000
owd_downlink_ms,167.0612,37200000
correction_magnitude_mm,5.097123794257641,35494407
correction_magnitude_deg,0,35494407
prediction_position_error_mm,79.34518158435822,37200000
prediction_orientation_error_deg,0,37200000
prediction_position_error_mm,88.91745656728745,37300000
prediction_orientation_error_deg,0,37300000
owd_uplink_ms,172.6108,37400000
owd_downlink_ms,168.9852,37400000
correction_magnitude_mm,5.08325407281518,35689876
correction_magnitude_deg,0,35689876
prediction_position_error_mm,88.58747035264969,37400000
prediction_orientation_error_deg,0,37400000
owd_uplink_ms,169.1959,37500000
owd_downlink_ms,170.5869,37500000
correction_magnitude_mm,5.068920087069273,35791615
correction_magnitude_deg,0,35791615
prediction_position_error_mm,88.24913203716278,37500000
prediction_orientation_error_deg,0,37500000
prediction_position_error_mm,92.95618534088135,37600000
prediction_orientation_error_deg,0,37600000
owd_uplink_ms,172.3136,37700000
owd_downlink_ms,173.8183,37700000
correction_magnitude_mm,10.092907585203648,35893496
correction_magnitude_deg,0,35893496
owd_uplink_ms,166.5746,37700000
owd_downlink_ms,173.4002,37700000
prediction_position_error_mm,87.5474289059639,37700000
prediction_orientation_error_deg,0,37700000
prediction_position_error_mm,87.5474289059639,37800000
prediction_orientation_error_deg,0,37800000
owd_uplink_ms,173.0667,37900000
owd_downlink_ms,172.3757,37900000
correction_magnitude_mm,5.023051053285599,36101163
correction_magnitude_deg,0,36101163
owd_uplink_ms,168.8791,37900000
owd_downlink_ms,165.9013,37900000
correction_magnitude_mm,9.996880777180195,36197441
correction_magnitude_deg,0,36197441
owd_uplink_ms,170.1825,37900000
owd_downlink_ms,168.9651,37900000
prediction_position_error_mm,81.82279765605927,37900000
prediction_orientation_error_deg,0,37900000
owd_uplink_ms,163.802,38000000
owd_downlink_ms,164.9652,38000000
prediction_position_error_mm,81.46023005247116,38000000
prediction_orientation_error_deg,0,38000000
prediction_position_error_mm,86.04489266872406,38100000
prediction_orientation_error_deg,0,38100000
prediction_position_error_mm,90.60373157262802,38200000
prediction_orientation_error_deg,0,38200000
owd_uplink_ms,171.5888,38300000
owd_downlink_ms,171.2157,38300000
owd_uplink_ms,169.2567,38300000
owd_downlink_ms,165.6516,38300000
prediction_position_error_mm,85.24458855390549,38300000
prediction_orientation_error_deg,0,38300000
prediction_position_error_mm,85.24458855390549,38400000
prediction_orientation_error_deg,0,38400000
owd_uplink_ms,171.7096,38500000
owd_downlink_ms,171.5543,38500000
owd_uplink_ms,169.6243,38500000
owd_downlink_ms,167.1849,38500000
prediction_position_error_mm,84.41194891929626,38500000
prediction_orientation_error_deg,0,38500000
owd_uplink_ms,168.2095,38600000
owd_downlink_ms,167.3455,38600000
correction_magnitude_mm,9.739967063069344,36888082
correction_magnitude_deg,0,36888082
prediction_position_error_mm,79.12386953830719,38600000
prediction_orientation_error_deg,0,38600000
owd_uplink_ms,171.0894,38700000
owd_downlink_ms,173.8389,38700000
prediction_position_error_mm,79.12386953830719,38700000
prediction_orientation_error_deg,0,38700000
owd_uplink_ms,168.005,38800000
owd_downlink_ms,165.9264,38800000
correction_magnitude_mm,9.65823419392109,37088921
correction_magnitude_deg,0,37088921
prediction_position_error_mm,73.88956099748611,38800000
prediction_orientation_error_deg,0,38800000
owd_uplink_ms,170.1172,38900000
owd_downlink_ms,173.6108,38900000
prediction_position_error_mm,82.65085518360138,38900000
prediction_orientation_error_deg,0,38900000
owd_uplink_ms,167.8326,39000000
owd_downlink_ms,167.6547,39000000
correction_magnitude_mm,9.572827257215977,37293067
correction_magnitude_deg,0,37293067
owd_uplink_ms,170.1489,39000000
owd_downlink_ms,168.5288,39000000
prediction_position_error_mm,73.07853549718857,39000000
prediction_orientation_error_deg,0,39000000
owd_uplink_ms,167.5543,39100000
owd_downlink_ms,167.9174,39100000
prediction_position_error_mm,72.6626068353653,39100000
prediction_orientation_error_deg,0,39100000
owd_uplink_ms,166.8392,39200000
owd_downlink_ms,165.9732,39200000
prediction_position_error_mm,76.51718705892563,39200000
prediction_orientation_error_deg,0,39200000
owd_uplink_ms,164.1537,39300000
owd_downlink_ms,165.6145,39300000
prediction_position_error_mm,76.05704665184021,39300000
prediction_orientation_error_deg,0,39300000
prediction_position_error_mm,80.27315884828568,39400000
prediction_orientation_error_deg,0,39400000
owd_uplink_ms,165.1826,39500000
owd_downlink_ms,172.3233,39500000
prediction_position_error_mm,79.77452874183655,39500000
prediction_orientation_error_deg,0,39500000
owd_uplink_ms,170.48,39600000
owd_downlink_ms,166.5689,39600000
correction_magnitude_mm,9.294972755014896,37896278
correction_magnitude_deg,0,37896278
owd_uplink_ms,165.8212,39600000
owd_downlink_ms,169.115,39600000
prediction_position_error_mm,70.48004865646362,39600000
prediction_orientation_error_deg,0,39600000
owd_uplink_ms,167.6814,39700000
owd_downlink_ms,169.304,39700000
prediction_position_error_mm,74.14448261260986,39700000
prediction_orientation_error_deg,0,39700000
owd_uplink_ms,167.7741,39800000
owd_downlink_ms,165.0034,39800000
prediction_position_error_mm,73.64857196807861,39800000
prediction_orientation_error_deg,0,39800000
prediction_position_error_mm,77.7045413851738,39900000
prediction_orientation_error_deg,0,39900000
owd_uplink_ms,168.9628,40000000
owd_downlink_ms,170.9429,40000000
owd_uplink_ms,168.9621,40000000
owd_downlink_ms,164.61,40000000
prediction_position_error_mm,68.6129704117775,40000000
prediction_orientation_error_deg,0,40000000
prediction_position_error_mm,76.62492245435715,40100000
prediction_orientation_error_deg,0,40100000
prediction_position_error_mm,80.58010041713715,40200000
prediction_orientation_error_deg,0,40200000
owd_uplink_ms,169.8697,40300000
owd_downlink_ms,171.9306,40300000
correction_magnitude_mm,8.98535456508398,38498571
correction_magnitude_deg,0,38498571
owd_uplink_ms,166.8712,40300000
owd_downlink_ms,172.2797,40300000
owd_uplink_ms,169.045,40300000
owd_downlink_ms,166.3362,40300000
prediction_position_error_mm,71.0647851228714,40300000
prediction_orientation_error_deg,0,40300000
prediction_position_error_mm,71.0647851228714,40400000
prediction_orientation_error_deg,0,40400000
owd_uplink_ms,170.0523,40500000
owd_downlink_ms,165.2431,40500000
prediction_position_error_mm,74.37851279973984,40500000
prediction_orientation_error_deg,0,40500000
owd_uplink_ms,172.4601,40600000
owd_downlink_ms,168.9814,40600000
correction_magnitude_mm,8.76179151237011,38891585
correction_magnitude_deg,0,38891585
prediction_position_error_mm,65.61721861362457,40600000
prediction_orientation_error_deg,0,40600000
owd_uplink_ms,167.1636,40700000
owd_downlink_ms,170.4629,40700000
prediction_position_error_mm,69.43284720182419,40700000
prediction_orientation_error_deg,0,40700000
prediction_position_error_mm,76.95609331130981,40800000
prediction_orientation_error_deg,0,40800000
owd_uplink_ms,172.0107,40900000
owd_downlink_ms,173.4964,40900000
owd_uplink_ms,168.9843,40900000
owd_downlink_ms,167.1829,40900000
correction_magnitude_mm,8.585363626480103,39195317
correction_magnitude_deg,0,39195317
prediction_position_error_mm,64.03421610593796,40900000
prediction_orientation_error_deg,0,40900000
owd_uplink_ms,170.8703,41000000
owd_downlink_ms,170.7234,41000000
owd_uplink_ms,167.4737,41000000
owd_downlink_ms,166.1645,41000000
prediction_position_error_mm,63.49429488182068,41000000
prediction_orientation_error_deg,0,41000000
prediction_position_error_mm,67.16445088386536,41100000
prediction_orientation_error_deg,0,41100000
owd_uplink_ms,167.4679,41200000
owd_downlink_ms,173.678,41200000
prediction_position_error_mm,70.17650455236435,41200000
prediction_orientation_error_deg,0,41200000
owd_uplink_ms,167.7773,41300000
owd_downlink_ms,170.3398,41300000
prediction_position_error_mm,69.54892724752426,41300000
prediction_orientation_error_deg,0,41300000
owd_uplink_ms,173.2516,41400000
owd_downlink_ms,166.3369,41400000
correction_magnitude_mm,8.274979889392853,39695819
correction_magnitude_deg,0,39695819
owd_uplink_ms,166.0795,41400000
owd_downlink_ms,169.3668,41400000
prediction_position_error_mm,61.274465173482895,41400000
prediction_orientation_error_deg,0,41400000
owd_uplink_ms,164.4895,41500000
owd_downlink_ms,166.2391,41500000
prediction_position_error_mm,60.704804956912994,41500000
prediction_orientation_error_deg,0,41500000
prediction_position_error_mm,67.62681901454926,41600000
prediction_orientation_error_deg,0,41600000
owd_uplink_ms,167.7448,41700000
owd_downlink_ms,169.7703,41700000
prediction_position_error_mm,63.57087194919586,41700000
prediction_orientation_error_deg,0,41700000
owd_uplink_ms,168.7001,41800000
owd_downlink_ms,168.9781,41800000
correction_magnitude_mm,8.012441918253899,40104993
correction_magnitude_deg,0,40104993
prediction_position_error_mm,62.32390180230141,41800000
prediction_orientation_error_deg,0,41800000
owd_uplink_ms,173.2291,41900000
owd_downlink_ms,170.9962,41900000
owd_uplink_ms,167.9859,41900000
owd_downlink_ms,165.9437,41900000
prediction_position_error_mm,61.69145181775093,41900000
prediction_orientation_error_deg,0,41900000
owd_uplink_ms,166.3905,42000000
owd_downlink_ms,168.0479,42000000
prediction_position_error_mm,57.77061730623245,42000000
prediction_orientation_error_deg,0,42000000
prediction_position_error_mm,64.29515779018402,42100000
prediction_orientation_error_deg,0,42100000
owd_uplink_ms,172.5077,42200000
owd_downlink_ms,167.033,42200000
correction_magnitude_mm,7.7376896515488625,40494877
correction_magnitude_deg,0,40494877
owd_uplink_ms,167.9281,42200000
owd_downlink_ms,168.6801,42200000
prediction_position_error_mm,56.558042764663696,42200000
prediction_orientation_error_deg,0,42200000
prediction_position_error_mm,62.91919946670532,42300000
prediction_orientation_error_deg,0,42300000
owd_uplink_ms,169.7212,42400000
owd_downlink_ms,167.7179,42400000
prediction_position_error_mm,59.103645384311676,42400000
prediction_orientation_error_deg,0,42400000
owd_uplink_ms,170.8228,42500000
owd_downlink_ms,166.6454,42500000
correction_magnitude_mm,7.523831445723772,40788094
correction_magnitude_deg,0,40788094
prediction_position_error_mm,57.77575448155403,42500000
prediction_orientation_error_deg,0,42500000
owd_uplink_ms,167.5141,42600000
owd_downlink_ms,174.0524,42600000
prediction_position_error_mm,60.810476541519165,42600000
prediction_orientation_error_deg,0,42600000
owd_uplink_ms,172.5602,42700000
owd_downlink_ms,165.3362,42700000
prediction_position_error_mm,57.10349231958389,42700000
prediction_orientation_error_deg,0,42700000
prediction_position_error_mm,60.09592115879059,42800000
prediction_orientation_error_deg,0,42800000
owd_uplink_ms,170.9639,42900000
owd_downlink_ms,172.7192,42900000
prediction_position_error_mm,62.28252872824669,42900000
prediction_orientation_error_deg,0,42900000
owd_uplink_ms,167.2483,43000000
owd_downlink_ms,172.2754,43000000
correction_magnitude_mm,7.228734437376261,41195719
correction_magnitude_deg,0,41195719
owd_uplink_ms,171.3462,43000000
owd_downlink_ms,173.4487,43000000
owd_uplink_ms,167.9983,43000000
owd_downlink_ms,165.5445,43000000
prediction_position_error_mm,54.361049085855484,43000000
prediction_orientation_error_deg,0,43000000
prediction_position_error_mm,57.18138441443443,43100000
prediction_orientation_error_deg,0,43100000
prediction_position_error_mm,59.95801091194153,43200000
prediction_orientation_error_deg,0,43200000
owd_uplink_ms,170.0866,43300000
owd_downlink_ms,172.4918,43300000
owd_uplink_ms,171.5053,43300000
owd_downlink_ms,169.8703,43300000
correction_magnitude_mm,6.922588683664799,41596244
correction_magnitude_deg,0,41596244
prediction_position_error_mm,52.24989354610443,43300000
prediction_orientation_error_deg,0,43300000
owd_uplink_ms,167.3456,43400000
owd_downlink_ms,172.2696,43400000
prediction_position_error_mm,52.24989354610443,43400000
prediction_orientation_error_deg,0,43400000
owd_uplink_ms,172.3787,43500000
owd_downlink_ms,166.6052,43500000
correction_magnitude_mm,6.7655174061656,41795183
correction_magnitude_deg,0,41795183
prediction_position_error_mm,48.17364364862442,43500000
prediction_orientation_error_deg,0,43500000
owd_uplink_ms,168.7091,43600000
owd_downlink_ms,171.1342,43600000
owd_uplink_ms,168.0501,43600000
owd_downlink_ms,167.0412,43600000
prediction_position_error_mm,50.094425678253174,43600000
prediction_orientation_error_deg,0,43600000
prediction_position_error_mm,50.094425678253174,43700000
prediction_orientation_error_deg,0,43700000
owd_uplink_ms,170.0483,43800000
owd_downlink_ms,165.5292,43800000
correction_magnitude_mm,6.525165867060423,42091306
correction_magnitude_deg,0,42091306
owd_uplink_ms,165.456,43800000
owd_downlink_ms,168.5046,43800000
prediction_position_error_mm,48.63376170396805,43800000
prediction_orientation_error_deg,0,43800000
prediction_position_error_mm,48.63376170396805,43900000
prediction_orientation_error_deg,0,43900000
owd_uplink_ms,172.4611,44000000
owd_downlink_ms,168.3878,44000000
correction_magnitude_mm,6.361805368214846,42290026
correction_magnitude_deg,0,42290026
prediction_position_error_mm,47.154881060123444,44000000
prediction_orientation_error_deg,0,44000000
owd_uplink_ms,168.205,44100000
owd_downlink_ms,172.2462,44100000
prediction_position_error_mm,49.52721297740936,44100000
prediction_orientation_error_deg,0,44100000
owd_uplink_ms,168.6405,44200000
owd_downlink_ms,167.8911,44200000
correction_magnitude_mm,6.196015980094671,42494142
correction_magnitude_deg,0,42494142
prediction_position_error_mm,45.65843567252159,44200000
prediction_orientation_error_deg,0,44200000
owd_uplink_ms,171.5737,44300000
owd_downlink_ms,171.989,44300000
owd_uplink_ms,169.3069,44300000
owd_downlink_ms,169.8315,44300000
prediction_position_error_mm,42.623817920684814,44300000
prediction_orientation_error_deg,0,44300000
prediction_position_error_mm,47.13735356926918,44400000
prediction_orientation_error_deg,0,44400000
owd_uplink_ms,169.6571,44500000
owd_downlink_ms,167.2199,44500000
prediction_position_error_mm,44.14510354399681,44500000
prediction_orientation_error_deg,0,44500000
owd_uplink_ms,169.5259,44600000
owd_downlink_ms,167.9608,44600000
correction_magnitude_mm,5.857506766915321,42890316
correction_magnitude_deg,0,42890316
prediction_position_error_mm,42.61552169919014,44600000
prediction_orientation_error_deg,0,44600000
owd_uplink_ms,164.6242,44700000
owd_downlink_ms,171.7747,44700000
owd_uplink_ms,166.4065,44700000
owd_downlink_ms,168.1366,44700000
prediction_position_error_mm,39.751894772052765,44700000
prediction_orientation_error_deg,0,44700000
owd_uplink_ms,165.0554,44800000
owd_downlink_ms,168.0783,44800000
prediction_position_error_mm,41.07038676738739,44800000
prediction_orientation_error_deg,0,44800000
owd_uplink_ms,168.0718,44900000
owd_downlink_ms,168.6493,44900000
prediction_position_error_mm,38.293883204460144,44900000
prediction_orientation_error_deg,0,44900000
owd_uplink_ms,168.7661,45000000
owd_downlink_ms,168.3987,45000000
prediction_position_error_mm,39.51041027903557,45000000
prediction_orientation_error_deg,0,45000000
prediction_position_error_mm,39.51041027903557,45100000
prediction_orientation_error_deg,0,45100000
prediction_position_error_mm,43.26815903186798,45200000
prediction_orientation_error_deg,0,45200000
owd_uplink_ms,171.9023,45300000
owd_downlink_ms,172.2992,45300000
owd_uplink_ms,165.3887,45300000
owd_downlink_ms,163.6713,45300000
correction_magnitude_mm,5.244349129498005,43603804
correction_magnitude_deg,0,43603804
owd_uplink_ms,172.4394,45300000
owd_downlink_ms,168.575,45300000
prediction_position_error_mm,37.14430704712868,45300000
prediction_orientation_error_deg,0,45300000
prediction_position_error_mm,38.90303522348404,45400000
prediction_orientation_error_deg,0,45400000
owd_uplink_ms,169.0861,45500000
owd_downlink_ms,167.1509,45500000
correction_magnitude_mm,5.064684431999922,43796555
correction_magnitude_deg,0,43796555
owd_uplink_ms,172.0519,45500000
owd_downlink_ms,170.3243,45500000
prediction_position_error_mm,35.550639033317566,45500000
prediction_orientation_error_deg,0,45500000
prediction_position_error_mm,37.212613970041275,45600000
prediction_orientation_error_deg,0,45600000
owd_uplink_ms,163.8485,45700000
owd_downlink_ms,166.2062,45700000
prediction_position_error_mm,33.944953233003616,45700000
prediction_orientation_error_deg,0,45700000
owd_uplink_ms,170.0532,45800000
owd_downlink_ms,172.2288,45800000
prediction_position_error_mm,33.944953233003616,45800000
prediction_orientation_error_deg,0,45800000
owd_uplink_ms,168.0509,45900000
owd_downlink_ms,170.5578,45900000
prediction_position_error_mm,34.653812646865845,45900000
prediction_orientation_error_deg,0,45900000
owd_uplink_ms,168.5166,46000000
owd_downlink_ms,172.1648,46000000
prediction_position_error_mm,33.79527106881142,46000000
prediction_orientation_error_deg,0,46000000
owd_uplink_ms,171.7767,46100000
owd_downlink_ms,166.9703,46100000
owd_uplink_ms,166.8625,46100000
owd_downlink_ms,167.7766,46100000
prediction_position_error_mm,29.2829517275095,46100000
prediction_orientation_error_deg,0,46100000
prediction_position_error_mm,30.70124238729477,46200000
prediction_orientation_error_deg,0,46200000
owd_uplink_ms,168.1789,46300000
owd_downlink_ms,165.5156,46300000
prediction_position_error_mm,27.745023369789124,46300000
prediction_orientation_error_deg,0,46300000
owd_uplink_ms,172.6899,46400000
owd_downlink_ms,171.409,46400000
prediction_position_error_mm,29.06525507569313,46400000
prediction_orientation_error_deg,0,46400000
owd_uplink_ms,167.9189,46500000
owd_downlink_ms,164.7844,46500000
prediction_position_error_mm,26.19938924908638,46500000
prediction_orientation_error_deg,0,46500000
owd_uplink_ms,170.6382,46600000
owd_downlink_ms,173.1894,46600000
prediction_position_error_mm,27.421383187174797,46600000
prediction_orientation_error_deg,0,46600000
owd_uplink_ms,164.586,46700000
owd_downlink_ms,166.2807,46700000
prediction_position_error_mm,25.770969688892365,46700000
prediction_orientation_error_deg,0,46700000
owd_uplink_ms,171.4433,46800000
owd_downlink_ms,170.6462,46800000
prediction_position_error_mm,25.770969688892365,46800000
prediction_orientation_error_deg,0,46800000
owd_uplink_ms,168.3974,46900000
owd_downlink_ms,168.8803,46900000
owd_uplink_ms,170.1015,46900000
owd_downlink_ms,170.0813,46900000
prediction_position_error_mm,24.115517735481262,46900000
prediction_orientation_error_deg,0,46900000
owd_uplink_ms,168.3297,47000000
owd_downlink_ms,166.5113,47000000
prediction_position_error_mm,23.286469280719757,47000000
prediction_orientation_error_deg,0,47000000
owd_uplink_ms,169.0482,47100000
owd_downlink_ms,169.0978,47100000
prediction_position_error_mm,22.456839680671692,47100000
prediction_orientation_error_deg,0,47100000
owd_uplink_ms,168.0823,47200000
owd_downlink_ms,169.3933,47200000
prediction_position_error_mm,21.62693813443184,47200000
prediction_orientation_error_deg,0,47200000
prediction_position_error_mm,21.62693813443184,47300000
prediction_orientation_error_deg,0,47300000
owd_uplink_ms,168.3188,47400000
owd_downlink_ms,173.4903,47400000
owd_uplink_ms,165.8526,47400000
owd_downlink_ms,164.6281,47400000
prediction_position_error_mm,19.186003133654594,47400000
prediction_orientation_error_deg,0,47400000
prediction_position_error_mm,19.967658445239067,47500000
prediction_orientation_error_deg,0,47500000
owd_uplink_ms,165.203,47600000
owd_downlink_ms,163.85,47600000
owd_uplink_ms,172.1916,47600000
owd_downlink_ms,165.7122,47600000
prediction_position_error_mm,18.311651423573494,47600000
prediction_orientation_error_deg,0,47600000
owd_uplink_ms,164.885,47700000
owd_downlink_ms,166.627,47700000
prediction_position_error_mm,17.48604141175747,47700000
prediction_orientation_error_deg,0,47700000
prediction_position_error_mm,17.48604141175747,47800000
prediction_orientation_error_deg,0,47800000
prediction_position_error_mm,18.617669120430946,47900000
prediction_orientation_error_deg,0,47900000
owd_uplink_ms,172.4285,48000000
owd_downlink_ms,172.1734,48000000
owd_uplink_ms,172.1924,48000000
owd_downlink_ms,165.3314,48000000
prediction_position_error_mm,16.339899972081184,48000000
prediction_orientation_error_deg,0,48000000
prediction_position_error_mm,16.78982563316822,48100000
prediction_orientation_error_deg,0,48100000
owd_uplink_ms,170.4176,48200000
owd_downlink_ms,173.1402,48200000
owd_uplink_ms,170.4068,48200000
owd_downlink_ms,167.7756,48200000
prediction_position_error_mm,14.2161063849926,48200000
prediction_orientation_error_deg,0,48200000
owd_uplink_ms,169.4334,48300000
owd_downlink_ms,168.4623,48300000
prediction_position_error_mm,13.41164018958807,48300000
prediction_orientation_error_deg,0,48300000
owd_uplink_ms,165.0755,48400000
owd_downlink_ms,169.1998,48400000
prediction_position_error_mm,11.503085494041443,48400000
prediction_orientation_error_deg,0,48400000
owd_uplink_ms,171.0248,48500000
owd_downlink_ms,171.8168,48500000
prediction_position_error_mm,12.110751122236252,48500000
prediction_orientation_error_deg,0,48500000
prediction_position_error_mm,12.35105749219656,48600000
prediction_orientation_error_deg,0,48600000
owd_uplink_ms,169.1428,48700000
owd_downlink_ms,171.1948,48700000
owd_uplink_ms,172.173,48700000
owd_downlink_ms,172.1697,48700000
owd_uplink_ms,165.2753,48700000
owd_downlink_ms,166.4826,48700000
prediction_position_error_mm,9.556290693581104,48700000
prediction_orientation_error_deg,0,48700000
owd_uplink_ms,169.0277,48800000
owd_downlink_ms,165.1664,48800000
prediction_position_error_mm,8.655893616378307,48800000
prediction_orientation_error_deg,0,48800000
owd_uplink_ms,168.6083,48900000
owd_downlink_ms,165.4944,48900000
prediction_position_error_mm,8.159453049302101,48900000
prediction_orientation_error_deg,0,48900000
prediction_position_error_mm,8.292433805763721,49000000
prediction_orientation_error_deg,0,49000000
owd_uplink_ms,171.4171,49100000
owd_downlink_ms,166.2487,49100000
prediction_position_error_mm,7.517567835748196,49100000
prediction_orientation_error_deg,0,49100000
owd_uplink_ms,169.2264,49200000
owd_downlink_ms,170.9668,49200000
prediction_position_error_mm,6.9280448369681835,49200000
prediction_orientation_error_deg,0,49200000
owd_uplink_ms,163.1683,49300000
owd_downlink_ms,166.3205,49300000
owd_uplink_ms,170.0608,49300000
owd_downlink_ms,169.2296,49300000
prediction_position_error_mm,5.812355782836676,49300000
prediction_orientation_error_deg,0,49300000
owd_uplink_ms,164.0013,49400000
owd_downlink_ms,167.054,49400000
prediction_position_error_mm,5.447612144052982,49400000
prediction_orientation_error_deg,0,49400000
prediction_position_error_mm,5.839056335389614,49500000
prediction_orientation_error_deg,0,49500000
owd_uplink_ms,168.7962,49600000
owd_downlink_ms,170.5053,49600000
prediction_position_error_mm,5.359360482543707,49600000
prediction_orientation_error_deg,0,49600000
owd_uplink_ms,171.8347,49700000
owd_downlink_ms,173.4856,49700000
prediction_position_error_mm,5.359360482543707,49700000
prediction_orientation_error_deg,0,49700000
owd_uplink_ms,165.1683,49800000
owd_downlink_ms,172.8183,49800000
prediction_position_error_mm,5.850859452039003,49800000
prediction_orientation_error_deg,0,49800000
owd_uplink_ms,168.6497,49900000
owd_downlink_ms,173.0906,49900000
prediction_position_error_mm,6.1461711302399635,49900000
prediction_orientation_error_deg,0,49900000
prediction_position_error_mm,6.692300084978342,50000000
prediction_orientation_error_deg,0,50000000
prediction_position_error_mm,0,100000
prediction_orientation_error_deg,0,100000
prediction_position_error_mm,0,200000
prediction_orientation_error_deg,0,200000
prediction_position_error_mm,0,300000
prediction_orientation_error_deg,0,300000
prediction_position_error_mm,0,400000
prediction_orientation_error_deg,0,400000
prediction_position_error_mm,0,500000
prediction_orientation_error_deg,0,500000
prediction_position_error_mm,0,600000
prediction_orientation_error_deg,0,600000
prediction_position_error_mm,0,700000
prediction_orientation_error_deg,0,700000
prediction_position_error_mm,0,800000
prediction_orientation_error_deg,0,800000
prediction_position_error_mm,0,900000
prediction_orientation_error_deg,0,900000
prediction_position_error_mm,0,1000000
prediction_orientation_error_deg,0,1000000
prediction_position_error_mm,0,1100000
prediction_orientation_error_deg,0,1100000
prediction_position_error_mm,0,1200000
prediction_orientation_error_deg,0,1200000
prediction_position_error_mm,0,1300000
prediction_orientation_error_deg,0,1300000
prediction_position_error_mm,0,1400000
prediction_orientation_error_deg,0,1400000
prediction_position_error_mm,0,1500000
prediction_orientation_error_deg,0,1500000
prediction_position_error_mm,0,1600000
prediction_orientation_error_deg,0,1600000
prediction_position_error_mm,0,1700000
prediction_orientation_error_deg,0,1700000
prediction_position_error_mm,1299.9999523162842,1800000
prediction_orientation_error_deg,0,1800000
prediction_position_error_mm,1299.9999523162842,1900000
prediction_orientation_error_deg,0,1900000
prediction_position_error_mm,1300.0091314315796,2000000
prediction_orientation_error_deg,0,2000000
prediction_position_error_mm,1300.020456314087,2100000
prediction_orientation_error_deg,0,2100000
prediction_position_error_mm,1300.0361919403076,2200000
prediction_orientation_error_deg,0,2200000
prediction_position_error_mm,1300.0564575195312,2300000
prediction_orientation_error_deg,0,2300000
prediction_position_error_mm,1300.0812530517578,2400000
prediction_orientation_error_deg,0,2400000
prediction_position_error_mm,1300.1103401184082,2500000
prediction_orientation_error_deg,0,2500000
prediction_position_error_mm,1300.143837928772,2600000
prediction_orientation_error_deg,0,2600000
prediction_position_error_mm,1300.1817464828491,2700000
prediction_orientation_error_deg,0,2700000
prediction_position_error_mm,1300.2238273620605,2800000
prediction_orientation_error_deg,0,2800000
prediction_position_error_mm,1300.2701997756958,2900000
prediction_orientation_error_deg,0,2900000
prediction_position_error_mm,1300.2701997756958,3000000
prediction_orientation_error_deg,0,3000000
prediction_position_error_mm,1300.3751039505005,3100000
prediction_orientation_error_deg,0,3100000
prediction_position_error_mm,1300.4335165023804,3200000
prediction_orientation_error_deg,0,3200000
prediction_position_error_mm,1300.495982170105,3300000
prediction_orientation_error_deg,0,3300000
prediction_position_error_mm,1300.5622625350952,3400000
prediction_orientation_error_deg,0,3400000
prediction_position_error_mm,1300.5622625350952,3500000
prediction_orientation_error_deg,0,3500000
owd_uplink_ms,169.1553,3600000
owd_downlink_ms,169.1554,3600000
correction_magnitude_mm,1299.9999523162842,1841742
correction_magnitude_deg,0,1841742
prediction_position_error_mm,84.61777120828629,3600000
prediction_orientation_error_deg,0,3600000
owd_uplink_ms,173.9448,3700000
owd_downlink_ms,162.0952,3700000
correction_magnitude_mm,9.99937579035759,2026929
correction_magnitude_deg,0,2026929
owd_uplink_ms,169.3195,3700000
owd_downlink_ms,162.9446,3700000
prediction_position_error_mm,79.5501321554184,3700000
prediction_orientation_error_deg,0,3700000
owd_uplink_ms,169.6818,3800000
owd_downlink_ms,166.4387,3800000
prediction_position_error_mm,84.3857005238533,3800000
prediction_orientation_error_deg,0,3800000
prediction_position_error_mm,84.3857005238533,3900000
prediction_orientation_error_deg,0,3900000
owd_uplink_ms,168.6554,4000000
owd_downlink_ms,170.433,4000000
prediction_position_error_mm,89.18622881174088,4000000
prediction_orientation_error_deg,0,4000000
owd_uplink_ms,168.7432,4100000
owd_downlink_ms,169.5383,4100000
owd_uplink_ms,168.0464,4100000
owd_downlink_ms,166.6618,4100000
prediction_position_error_mm,79.20099794864655,4100000
prediction_orientation_error_deg,0,4100000
owd_uplink_ms,169.0992,4200000
owd_downlink_ms,163.1848,4200000
prediction_position_error_mm,79.09569144248962,4200000
prediction_orientation_error_deg,0,4200000
prediction_position_error_mm,88.83094787597656,4300000
prediction_orientation_error_deg,0,4300000
owd_uplink_ms,166.2831,4400000
owd_downlink_ms,170.2526,4400000
owd_uplink_ms,167.1305,4400000
owd_downlink_ms,164.1345,4400000
prediction_position_error_mm,83.71460437774658,4400000
prediction_orientation_error_deg,0,4400000
owd_uplink_ms,166.0069,4500000
owd_downlink_ms,165.3315,4500000
prediction_position_error_mm,78.73674482107162,4500000
prediction_orientation_error_deg,0,4500000
owd_uplink_ms,166.5718,4600000
owd_downlink_ms,163.7837,4600000
prediction_position_error_mm,78.60282808542252,4600000
prediction_orientation_error_deg,0,4600000
prediction_position_error_mm,88.24454247951508,4700000
prediction_orientation_error_deg,0,4700000
owd_uplink_ms,170.6105,4800000
owd_downlink_ms,164.5359,4800000
correction_magnitude_mm,9.934172965586185,3098289
correction_magnitude_deg,0,3098289
owd_uplink_ms,166.8261,4800000
owd_downlink_ms,168.9126,4800000
prediction_position_error_mm,83.11536908149719,4800000
prediction_orientation_error_deg,0,4800000
prediction_position_error_mm,83.11536908149719,4900000
prediction_orientation_error_deg,0,4900000
owd_uplink_ms,166.8922,5000000
owd_downlink_ms,171.149,5000000
owd_uplink_ms,169.4934,5000000
owd_downlink_ms,168.6393,5000000
prediction_position_error_mm,82.7706828713417,5000000
prediction_orientation_error_deg,0,5000000
owd_uplink_ms,167.1495,5100000
owd_downlink_ms,169.0469,5100000
prediction_position_error_mm,82.58718252182007,5100000
prediction_orientation_error_deg,0,5100000
prediction_position_error_mm,87.33244240283966,5200000
prediction_orientation_error_deg,0,5200000
owd_uplink_ms,173.2281,5300000
owd_downlink_ms,164.6227,5300000
prediction_position_error_mm,82.3962613940239,5300000
prediction_orientation_error_deg,0,5300000
owd_uplink_ms,170.0585,5400000
owd_downlink_ms,168.5557,5400000
prediction_position_error_mm,86.91257983446121,5400000
prediction_orientation_error_deg,0,5400000
prediction_position_error_mm,91.61102771759033,5500000
prediction_orientation_error_deg,0,5500000
owd_uplink_ms,169.2994,5600000
owd_downlink_ms,171.4372,5600000
correction_magnitude_mm,9.835661388933659,3797560
correction_magnitude_deg,0,3797560
owd_uplink_ms,171.5121,5600000
owd_downlink_ms,172.8205,5600000
prediction_position_error_mm,81.77929371595383,5600000
prediction_orientation_error_deg,0,5600000
owd_uplink_ms,169.3282,5700000
owd_downlink_ms,165.2343,5700000
correction_magnitude_mm,9.799471125006676,3994079
correction_magnitude_deg,0,3994079
owd_uplink_ms,170.3134,5700000
owd_downlink_ms,166.8253,5700000
prediction_position_error_mm,76.6657292842865,5700000
prediction_orientation_error_deg,0,5700000
prediction_position_error_mm,81.33149892091751,5800000
prediction_orientation_error_deg,0,5800000
owd_uplink_ms,172.2282,5900000
owd_downlink_ms,166.7693,5900000
prediction_position_error_mm,85.72755008935928,5900000
prediction_orientation_error_deg,0,5900000
owd_uplink_ms,169.5473,6000000
owd_downlink_ms,170.3973,6000000
correction_magnitude_mm,9.738579392433167,4283960
correction_magnitude_deg,0,4283960
prediction_position_error_mm,80.60568571090698,6000000
prediction_orientation_error_deg,0,6000000
owd_uplink_ms,165.0801,6100000
owd_downlink_ms,171.1425,6100000
owd_uplink_ms,165.8387,6100000
owd_downlink_ms,168.247,6100000
prediction_position_error_mm,75.75482130050659,6100000
prediction_orientation_error_deg,0,6100000
prediction_position_error_mm,84.92517471313477,6200000
prediction_orientation_error_deg,0,6200000
owd_uplink_ms,171.9663,6300000
owd_downlink_ms,169.5242,6300000
prediction_position_error_mm,84.64273810386658,6300000
prediction_orientation_error_deg,0,6300000
prediction_position_error_mm,89.17944878339767,6400000
prediction_orientation_error_deg,0,6400000
owd_uplink_ms,166.9047,6500000
owd_downlink_ms,170.8999,6500000
correction_magnitude_mm,9.645135141909122,4696492
correction_magnitude_deg,0,4696492
owd_uplink_ms,171.5709,6500000
owd_downlink_ms,172.9341,6500000
prediction_position_error_mm,84.05564725399017,6500000
prediction_orientation_error_deg,0,6500000
owd_uplink_ms,165.3878,6600000
owd_downlink_ms,171.854,6600000
prediction_position_error_mm,79.2543962597847,6600000
prediction_orientation_error_deg,0,6600000
owd_uplink_ms,165.594,6700000
owd_downlink_ms,165.5763,6700000
correction_magnitude_mm,9.565997868776321,5006256
correction_magnitude_deg,0,5006256
prediction_position_error_mm,74.18908178806305,6700000
prediction_orientation_error_deg,0,6700000
owd_uplink_ms,173.7244,6800000
owd_downlink_ms,170.6592,6800000
prediction_position_error_mm,83.120197057724,6800000
prediction_orientation_error_deg,0,6800000
owd_uplink_ms,166.6634,6900000
owd_downlink_ms,172.7292,6900000
owd_uplink_ms,166.0173,6900000
owd_downlink_ms,166.4708,6900000
prediction_position_error_mm,73.61530512571335,6900000
prediction_orientation_error_deg,0,6900000
prediction_position_error_mm,82.46058225631714,7000000
prediction_orientation_error_deg,0,7000000
owd_uplink_ms,172.9543,7100000
owd_downlink_ms,164.4018,7100000
correction_magnitude_mm,9.448655880987644,5399882
correction_magnitude_deg,0,5399882
owd_uplink_ms,166.1944,7100000
owd_downlink_ms,169.1088,7100000
prediction_position_error_mm,77.40585505962372,7100000
prediction_orientation_error_deg,0,7100000
owd_uplink_ms,165.5381,7200000
owd_downlink_ms,164.7064,7200000
prediction_position_error_mm,72.70725071430206,7200000
prediction_orientation_error_deg,0,7200000
prediction_position_error_mm,81.41831308603287,7300000
prediction_orientation_error_deg,0,7300000
prediction_position_error_mm,81.41831308603287,7400000
prediction_orientation_error_deg,0,7400000
owd_uplink_ms,171.8461,7500000
owd_downlink_ms,170.27,7500000
prediction_position_error_mm,81.05699717998505,7500000
prediction_orientation_error_deg,0,7500000
owd_uplink_ms,170.8673,7600000
owd_downlink_ms,172.3501,7600000
owd_uplink_ms,171.1481,7600000
owd_downlink_ms,164.6536,7600000
correction_magnitude_mm,9.283305145800114,5894249
correction_magnitude_deg,0,5894249
owd_uplink_ms,168.9029,7600000
owd_downlink_ms,166.448,7600000
prediction_position_error_mm,75.68354904651642,7600000
prediction_orientation_error_deg,0,7600000
prediction_position_error_mm,75.68354904651642,7700000
prediction_orientation_error_deg,0,7700000
owd_uplink_ms,169.1309,7800000
owd_downlink_ms,172.0737,7800000
prediction_position_error_mm,79.5440748333931,7800000
prediction_orientation_error_deg,0,7800000
owd_uplink_ms,172.4084,7900000
owd_downlink_ms,169.2221,7900000
correction_magnitude_mm,9.174401871860027,6190878
correction_magnitude_deg,0,6190878
prediction_position_error_mm,70.37453353404999,7900000
prediction_orientation_error_deg,0,7900000
owd_uplink_ms,167.8659,8000000
owd_downlink_ms,173.0934,8000000
owd_uplink_ms,164.92,8000000
owd_downlink_ms,167.1832,8000000
prediction_position_error_mm,74.19180870056152,8000000
prediction_orientation_error_deg,0,8000000
owd_uplink_ms,165.0617,8100000
owd_downlink_ms,168.8058,8100000
prediction_position_error_mm,69.65502351522446,8100000
prediction_orientation_error_deg,0,8100000
prediction_position_error_mm,73.8036185503006,8200000
prediction_orientation_error_deg,0,8200000
owd_uplink_ms,167.7686,8300000
owd_downlink_ms,169.3796,8300000
prediction_position_error_mm,77.50547677278519,8300000
prediction_orientation_error_deg,0,8300000
owd_uplink_ms,171.3797,8400000
owd_downlink_ms,165.3357,8400000
prediction_position_error_mm,77.07881182432175,8400000
prediction_orientation_error_deg,0,8400000
owd_uplink_ms,173.0821,8500000
owd_downlink_ms,170.2518,8500000
correction_magnitude_mm,8.935535326600075,6795843
correction_magnitude_deg,0,6795843
prediction_position_error_mm,72.19167053699493,8500000
prediction_orientation_error_deg,0,8500000
owd_uplink_ms,167.5567,8600000
owd_downlink_ms,173.0456,8600000
prediction_position_error_mm,72.19167053699493,8600000
prediction_orientation_error_deg,0,8600000
owd_uplink_ms,169.9917,8700000
owd_downlink_ms,165.3956,8700000
correction_magnitude_mm,8.849851787090302,6996959
correction_magnitude_deg,0,6996959
owd_uplink_ms,164.9191,8700000
owd_downlink_ms,166.2412,8700000
prediction_position_error_mm,67.3629567027092,8700000
prediction_orientation_error_deg,0,8700000
owd_uplink_ms,168.5795,8800000
owd_downlink_ms,165.2533,8800000
prediction_position_error_mm,70.92276960611343,8800000
prediction_orientation_error_deg,0,8800000
prediction_position_error_mm,74.8550072312355,8900000
prediction_orientation_error_deg,0,8900000
prediction_position_error_mm,78.75851541757584,9000000
prediction_orientation_error_deg,0,9000000
owd_uplink_ms,164.9274,9100000
owd_downlink_ms,171.7689,9100000
correction_magnitude_mm,8.715882897377014,7303006
correction_magnitude_deg,0,7303006
owd_uplink_ms,172.0423,9100000
owd_downlink_ms,173.0639,9100000
prediction_position_error_mm,73.92483204603195,9100000
prediction_orientation_error_deg,0,9100000
prediction_position_error_mm,77.77093350887299,9200000
prediction_orientation_error_deg,0,9200000
owd_uplink_ms,171.6126,9300000
owd_downlink_ms,172.5629,9300000
owd_uplink_ms,166.6358,9300000
owd_downlink_ms,165.359,9300000
correction_magnitude_mm,8.575530722737312,7603874
correction_magnitude_deg,0,7603874
owd_uplink_ms,173.3497,9300000
owd_downlink_ms,167.06,9300000
prediction_position_error_mm,64.88234549760818,9300000
prediction_orientation_error_deg,0,9300000
prediction_position_error_mm,68.70019435882568,9400000
prediction_orientation_error_deg,0,9400000
owd_uplink_ms,165.4311,9500000
owd_downlink_ms,166.1459,9500000
correction_magnitude_mm,8.47852323204279,7796906
correction_magnitude_deg,0,7796906
owd_uplink_ms,169.8382,9500000
owd_downlink_ms,168.7486,9500000
prediction_position_error_mm,64.01656568050385,9500000
prediction_orientation_error_deg,0,9500000
prediction_position_error_mm,71.50418311357498,9600000
prediction_orientation_error_deg,0,9600000
owd_uplink_ms,163.8641,9700000
owd_downlink_ms,164.7524,9700000
correction_magnitude_mm,8.378853090107441,7996655
correction_magnitude_deg,0,7996655
owd_uplink_ms,170.0043,9700000
owd_downlink_ms,167.562,9700000
prediction_position_error_mm,66.8315663933754,9700000
prediction_orientation_error_deg,0,9700000
prediction_position_error_mm,70.49993425607681,9800000
prediction_orientation_error_deg,0,9800000
prediction_position_error_mm,70.49993425607681,9900000
prediction_orientation_error_deg,0,9900000
owd_uplink_ms,171.1438,10000000
owd_downlink_ms,173.8959,10000000
prediction_position_error_mm,73.59715551137924,10000000
prediction_orientation_error_deg,0,10000000
owd_uplink_ms,171.3531,10100000
owd_downlink_ms,170.5663,10100000
correction_magnitude_mm,8.224548771977425,8296060
correction_magnitude_deg,0,8296060
owd_uplink_ms,165.7039,10100000
owd_downlink_ms,172.7807,10100000
owd_uplink_ms,168.3566,10100000
owd_downlink_ms,168.4565,10100000
prediction_position_error_mm,64.88914787769318,10100000
prediction_orientation_error_deg,0,10100000
owd_uplink_ms,169.0591,10200000
owd_downlink_ms,166.4911,10200000
prediction_position_error_mm,64.3928274512291,10200000
prediction_orientation_error_deg,0,10200000
prediction_position_error_mm,64.3928274512291,10300000
prediction_orientation_error_deg,0,10300000
prediction_position_error_mm,71.38866931200027,10400000
prediction_orientation_error_deg,0,10400000
owd_uplink_ms,172.9381,10500000
owd_downlink_ms,173.2049,10500000
prediction_position_error_mm,67.37492233514786,10500000
prediction_orientation_error_deg,0,10500000
owd_uplink_ms,167.0418,10600000
owd_downlink_ms,171.8762,10600000
correction_magnitude_mm,7.955188862979412,8808194
correction_magnitude_deg,0,8808194
owd_uplink_ms,173.5913,10600000
owd_downlink_ms,172.0957,10600000
owd_uplink_ms,169.1639,10600000
owd_downlink_ms,164.2739,10600000
prediction_position_error_mm,62.36813962459564,10600000
prediction_orientation_error_deg,0,10600000
owd_uplink_ms,165.7001,10700000
owd_downlink_ms,165.9462,10700000
prediction_position_error_mm,61.852775514125824,10700000
prediction_orientation_error_deg,0,10700000
prediction_position_error_mm,65.20787626504898,10800000
prediction_orientation_error_deg,0,10800000
owd_uplink_ms,166.4859,10900000
owd_downlink_ms,170.8651,10900000
owd_uplink_ms,167.5927,10900000
owd_downlink_ms,166.9368,10900000
prediction_position_error_mm,57.48821422457695,10900000
prediction_orientation_error_deg,0,10900000
prediction_position_error_mm,60.81178039312363,11000000
prediction_orientation_error_deg,0,11000000
prediction_position_error_mm,64.1024187207222,11100000
prediction_orientation_error_deg,0,11100000
owd_uplink_ms,170.9713,11200000
owd_downlink_ms,172.1153,11200000
owd_uplink_ms,171.7409,11200000
owd_downlink_ms,167.5609,11200000
prediction_position_error_mm,62.98389285802841,11200000
prediction_orientation_error_deg,0,11200000
owd_uplink_ms,171.3938,11300000
owd_downlink_ms,167.9824,11300000
correction_magnitude_mm,7.4956524185836315,9597113
correction_magnitude_deg,0,9597113
prediction_position_error_mm,58.69314819574356,11300000
prediction_orientation_error_deg,0,11300000
owd_uplink_ms,164.9063,11400000
owd_downlink_ms,171.1191,11400000
prediction_position_error_mm,58.69314819574356,11400000
prediction_orientation_error_deg,0,11400000
owd_uplink_ms,167.8985,11500000
owd_downlink_ms,170.42,11500000
prediction_position_error_mm,58.15669521689415,11500000
prediction_orientation_error_deg,0,11500000
owd_uplink_ms,167.6648,11600000
owd_downlink_ms,169.3997,11600000
prediction_position_error_mm,60.712698847055435,11600000
prediction_orientation_error_deg,0,11600000
owd_uplink_ms,166.3511,11700000
owd_downlink_ms,167.2783,11700000
correction_magnitude_mm,7.254521362483501,10011356
correction_magnitude_deg,0,10011356
prediction_position_error_mm,56.533586233854294,11700000
prediction_orientation_error_deg,0,11700000
owd_uplink_ms,171.7146,11800000
owd_downlink_ms,169.6384,11800000
prediction_position_error_mm,59.56275388598442,11800000
prediction_orientation_error_deg,0,11800000
owd_uplink_ms,168.9827,11900000
owd_downlink_ms,170.7245,11900000
owd_uplink_ms,168.128,11900000
owd_downlink_ms,167.4545,11900000
prediction_position_error_mm,55.44189363718033,11900000
prediction_orientation_error_deg,0,11900000
prediction_position_error_mm,55.44189363718033,12000000
prediction_orientation_error_deg,0,12000000
owd_uplink_ms,171.3024,12100000
owd_downlink_ms,167.2737,12100000
correction_magnitude_mm,7.007021922618151,10405058
correction_magnitude_deg,0,10405058
prediction_position_error_mm,54.3440505862236,12100000
prediction_orientation_error_deg,0,12100000
owd_uplink_ms,167.1732,12200000
owd_downlink_ms,169.5587,12200000
prediction_position_error_mm,57.24174901843071,12200000
prediction_orientation_error_deg,0,12200000
owd_uplink_ms,168.1181,12300000
owd_downlink_ms,165.3376,12300000
correction_magnitude_mm,6.881223525851965,10604563
correction_magnitude_deg,0,10604563
prediction_position_error_mm,53.24177071452141,12300000
prediction_orientation_error_deg,0,12300000
owd_uplink_ms,174.1774,12400000
owd_downlink_ms,173.0038,12400000
owd_uplink_ms,167.7301,12400000
owd_downlink_ms,167.8254,12400000
prediction_position_error_mm,52.689410746097565,12400000
prediction_orientation_error_deg,0,12400000
owd_uplink_ms,167.2567,12500000
owd_downlink_ms,165.1527,12500000
prediction_position_error_mm,52.13659629225731,12500000
prediction_orientation_error_deg,0,12500000
prediction_position_error_mm,54.90346997976303,12600000
prediction_orientation_error_deg,0,12600000
owd_uplink_ms,173.0575,12700000
owd_downlink_ms,169.5481,12700000
prediction_position_error_mm,51.58355087041855,12700000
prediction_orientation_error_deg,0,12700000
owd_uplink_ms,170.6425,12800000
owd_downlink_ms,166.7108,12800000
prediction_position_error_mm,51.030416041612625,12800000
prediction_orientation_error_deg,0,12800000
owd_uplink_ms,171.7707,12900000
owd_downlink_ms,167.4526,12900000
correction_magnitude_mm,6.497474852949381,11185888
correction_magnitude_deg,0,11185888
owd_uplink_ms,166.7059,12900000
owd_downlink_ms,170.5864,12900000
prediction_position_error_mm,49.9250590801239,12900000
prediction_orientation_error_deg,0,12900000
owd_uplink_ms,165.8507,13000000
owd_downlink_ms,166.4605,13000000
prediction_position_error_mm,49.373384565114975,13000000
prediction_orientation_error_deg,0,13000000
prediction_position_error_mm,49.373384565114975,13100000
prediction_orientation_error_deg,0,13100000
prediction_position_error_mm,51.97933688759804,13200000
prediction_orientation_error_deg,0,13200000
owd_uplink_ms,170.2995,13300000
owd_downlink_ms,171.6951,13300000
owd_uplink_ms,168.0213,13300000
owd_downlink_ms,166.7979,13300000
correction_magnitude_mm,6.237979978322983,11591718
correction_magnitude_deg,0,11591718
prediction_position_error_mm,47.725263983011246,13300000
prediction_orientation_error_deg,0,13300000
owd_uplink_ms,170.6272,13400000
owd_downlink_ms,174.0064,13400000
prediction_position_error_mm,50.236936658620834,13400000
prediction_orientation_error_deg,0,13400000
owd_uplink_ms,167.167,13500000
owd_downlink_ms,171.7872,13500000
owd_uplink_ms,164.9074,13500000
owd_downlink_ms,167.0106,13500000
prediction_position_error_mm,46.635329723358154,13500000
prediction_orientation_error_deg,0,13500000
owd_uplink_ms,165.2743,13600000
owd_downlink_ms,168.9152,13600000
prediction_position_error_mm,43.642133474349976,13600000
prediction_orientation_error_deg,0,13600000
prediction_position_error_mm,48.51372539997101,13700000
prediction_orientation_error_deg,0,13700000
owd_uplink_ms,173.7537,13800000
owd_downlink_ms,168.5224,13800000
correction_magnitude_mm,5.912257824093103,12102357
correction_magnitude_deg,0,12102357
prediction_position_error_mm,42.62810945510864,13800000
prediction_orientation_error_deg,0,13800000
owd_uplink_ms,165.3055,13900000
owd_downlink_ms,172.0963,13900000
owd_uplink_ms,170.1642,13900000
owd_downlink_ms,164.6084,13900000
prediction_position_error_mm,44.48775202035904,13900000
prediction_orientation_error_deg,0,13900000
owd_uplink_ms,166.7315,14000000
owd_downlink_ms,167.5712,14000000
prediction_position_error_mm,43.959587812423706,14000000
prediction_orientation_error_deg,0,14000000
owd_uplink_ms,167.2602,14100000
owd_downlink_ms,168.2524,14100000
prediction_position_error_mm,43.43562200665474,14100000
prediction_orientation_error_deg,0,14100000
prediction_position_error_mm,45.70964723825455,14200000
prediction_orientation_error_deg,0,14200000
owd_uplink_ms,165.3668,14300000
owd_downlink_ms,170.5701,14300000
owd_uplink_ms,166.4359,14300000
owd_downlink_ms,167.7725,14300000
prediction_position_error_mm,40.15372321009636,14300000
prediction_orientation_error_deg,0,14300000
prediction_position_error_mm,42.40213334560394,14400000
prediction_orientation_error_deg,0,14400000
owd_uplink_ms,174.2459,14500000
owd_downlink_ms,166.7764,14500000
prediction_position_error_mm,41.893236339092255,14500000
prediction_orientation_error_deg,0,14500000
owd_uplink_ms,170.7567,14600000
owd_downlink_ms,164.7287,14600000
correction_magnitude_mm,5.39651932194829,12897490
correction_magnitude_deg,0,12897490
prediction_position_error_mm,38.72528672218323,14600000
prediction_orientation_error_deg,0,14600000
owd_uplink_ms,165.1205,14700000
owd_downlink_ms,171.3677,14700000
owd_uplink_ms,164.803,14700000
owd_downlink_ms,163.8564,14700000
prediction_position_error_mm,40.403734892606735,14700000
prediction_orientation_error_deg,0,14700000
prediction_position_error_mm,40.403734892606735,14800000
prediction_orientation_error_deg,0,14800000
prediction_position_error_mm,42.519133538007736,14900000
prediction_orientation_error_deg,0,14900000
owd_uplink_ms,170.8248,15000000
owd_downlink_ms,172.406,15000000
prediction_position_error_mm,42.012233287096024,15000000
prediction_orientation_error_deg,0,15000000
owd_uplink_ms,170.3455,15100000
owd_downlink_ms,171.7097,15100000
correction_magnitude_mm,5.145829636603594,13307795
correction_magnitude_deg,0,13307795
owd_uplink_ms,173.3472,15100000
owd_downlink_ms,172.6016,15100000
owd_uplink_ms,169.3899,15100000
owd_downlink_ms,164.3991,15100000
prediction_position_error_mm,36.4738330245018,15100000
prediction_orientation_error_deg,0,15100000
owd_uplink_ms,167.5608,15200000
owd_downlink_ms,168.2632,15200000
prediction_position_error_mm,36.047011613845825,15200000
prediction_orientation_error_deg,0,15200000
prediction_position_error_mm,40.074534714221954,15300000
prediction_orientation_error_deg,0,15300000
owd_uplink_ms,171.999,15400000
owd_downlink_ms,166.1186,15400000
owd_uplink_ms,168.4085,15400000
owd_downlink_ms,168.9765,15400000
prediction_position_error_mm,35.22086888551712,15400000
prediction_orientation_error_deg,0,15400000
prediction_position_error_mm,39.16742280125618,15500000
prediction_orientation_error_deg,0,15500000
owd_uplink_ms,170.4611,15600000
owd_downlink_ms,166.1036,15600000
owd_uplink_ms,167.0544,15600000
owd_downlink_ms,169.1989,15600000
prediction_position_error_mm,36.38166934251785,15600000
prediction_orientation_error_deg,0,15600000
owd_uplink_ms,165.1212,15700000
owd_downlink_ms,165.2975,15700000
prediction_position_error_mm,34.057941287755966,15700000
prediction_orientation_error_deg,0,15700000
owd_uplink_ms,168.1455,15800000
owd_downlink_ms,168.4862,15800000
prediction_position_error_mm,33.6928591132164,15800000
prediction_orientation_error_deg,0,15800000
owd_uplink_ms,165.0486,15900000
owd_downlink_ms,169.7625,15900000
prediction_position_error_mm,35.238008946180344,15900000
prediction_orientation_error_deg,0,15900000
prediction_position_error_mm,35.238008946180344,16000000
prediction_orientation_error_deg,0,16000000
owd_uplink_ms,172.9608,16100000
owd_downlink_ms,168.6847,16100000
prediction_position_error_mm,36.75016388297081,16100000
prediction_orientation_error_deg,0,16100000
prediction_position_error_mm,36.75016388297081,16200000
prediction_orientation_error_deg,0,16200000
owd_uplink_ms,172.3389,16300000
owd_downlink_ms,170.903,16300000
owd_uplink_ms,168.9719,16300000
owd_downlink_ms,165.3102,16300000
prediction_position_error_mm,36.06247156858444,16300000
prediction_orientation_error_deg,0,16300000
owd_uplink_ms,163.6814,16400000
owd_downlink_ms,170.4479,16400000
prediction_position_error_mm,33.616356551647186,16400000
prediction_orientation_error_deg,0,16400000
owd_uplink_ms,173.2708,16500000
owd_downlink_ms,171.3725,16500000
prediction_position_error_mm,33.616356551647186,16500000
prediction_orientation_error_deg,0,16500000
prediction_position_error_mm,35.442054271698,16600000
prediction_orientation_error_deg,0,16600000
owd_uplink_ms,172.9805,16700000
owd_downlink_ms,172.6005,16700000
owd_uplink_ms,172.7814,16700000
owd_downlink_ms,169.1735,16700000
prediction_position_error_mm,33.08087959885597,16700000
prediction_orientation_error_deg,0,16700000
owd_uplink_ms,169.0283,16800000
owd_downlink_ms,166.3973,16800000
prediction_position_error_mm,32.83970057964325,16800000
prediction_orientation_error_deg,0,16800000
owd_uplink_ms,170.7483,16900000
owd_downlink_ms,169.2315,16900000
prediction_position_error_mm,32.61678293347359,16900000
prediction_orientation_error_deg,0,16900000
owd_uplink_ms,169.7814,17000000
owd_downlink_ms,170.303,17000000
prediction_position_error_mm,30.41946329176426,17000000
prediction_orientation_error_deg,0,17000000
owd_uplink_ms,165.9749,17100000
owd_downlink_ms,171.8462,17100000
prediction_position_error_mm,34.031420946121216,17100000
prediction_orientation_error_deg,0,17100000
owd_uplink_ms,172.3352,17200000
owd_downlink_ms,168.0199,17200000
prediction_position_error_mm,31.918834894895554,17200000
prediction_orientation_error_deg,0,17200000
owd_uplink_ms,167.2093,17300000
owd_downlink_ms,171.7374,17300000
prediction_position_error_mm,31.918834894895554,17300000
prediction_orientation_error_deg,0,17300000
owd_uplink_ms,165.1252,17400000
owd_downlink_ms,172.3359,17400000
prediction_position_error_mm,33.604856580495834,17400000
prediction_orientation_error_deg,0,17400000
owd_uplink_ms,173.1799,17500000
owd_downlink_ms,169.7596,17500000
prediction_position_error_mm,33.50677713751793,17500000
prediction_orientation_error_deg,0,17500000
owd_uplink_ms,171.8795,17600000
owd_downlink_ms,165.7627,17600000
prediction_position_error_mm,31.548362225294113,17600000
prediction_orientation_error_deg,0,17600000
owd_uplink_ms,168.7454,17700000
owd_downlink_ms,174.396,17700000
prediction_position_error_mm,33.37803855538368,17700000
prediction_orientation_error_deg,0,17700000
prediction_position_error_mm,35.21064668893814,17800000
prediction_orientation_error_deg,0,17800000
owd_uplink_ms,171.2678,17900000
owd_downlink_ms,172.6384,17900000
owd_uplink_ms,168.3761,17900000
owd_downlink_ms,173.4303,17900000
prediction_position_error_mm,31.491350382566452,17900000
prediction_orientation_error_deg,0,17900000
owd_uplink_ms,166.0805,18000000
owd_downlink_ms,167.2855,18000000
prediction_position_error_mm,31.521115452051163,18000000
prediction_orientation_error_deg,0,18000000
owd_uplink_ms,172.7382,18100000
owd_downlink_ms,170.4475,18100000
prediction_position_error_mm,33.39512273669243,18100000
prediction_orientation_error_deg,0,18100000
owd_uplink_ms,165.0283,18200000
owd_downlink_ms,170.5914,18200000
prediction_position_error_mm,33.45683589577675,18200000
prediction_orientation_error_deg,0,18200000
owd_uplink_ms,171.243,18300000
owd_downlink_ms,167.4694,18300000
prediction_position_error_mm,31.637609004974365,18300000
prediction_orientation_error_deg,0,18300000
prediction_position_error_mm,35.45555844902992,18400000
prediction_orientation_error_deg,0,18400000
owd_uplink_ms,171.8207,18500000
owd_downlink_ms,170.8798,18500000
prediction_position_error_mm,35.58024764060974,18500000
prediction_orientation_error_deg,0,18500000
owd_uplink_ms,173.3758,18600000
owd_downlink_ms,171.3389,18600000
owd_uplink_ms,170.4057,18600000
owd_downlink_ms,164.9294,18600000
prediction_position_error_mm,33.929284662008286,18600000
prediction_orientation_error_deg,0,18600000
prediction_position_error_mm,33.929284662008286,18700000
prediction_orientation_error_deg,0,18700000
owd_uplink_ms,169.8731,18800000
owd_downlink_ms,171.0486,18800000
owd_uplink_ms,170.2599,18800000
owd_downlink_ms,167.1649,18800000
owd_uplink_ms,166.8412,18800000
owd_downlink_ms,169.2635,18800000
prediction_position_error_mm,32.49333053827286,18800000
prediction_orientation_error_deg,0,18800000
prediction_position_error_mm,34.51259806752205,18900000
prediction_orientation_error_deg,0,18900000
owd_uplink_ms,166.0663,19000000
owd_downlink_ms,172.4846,19000000
prediction_position_error_mm,34.74866598844528,19000000
prediction_orientation_error_deg,0,19000000
owd_uplink_ms,170.778,19100000
owd_downlink_ms,168.6461,19100000
owd_uplink_ms,168.5985,19100000
owd_downlink_ms,168.8849,19100000
prediction_position_error_mm,31.119899824261665,19100000
prediction_orientation_error_deg,0,19100000
owd_uplink_ms,165.7492,19200000
owd_downlink_ms,168.4861,19200000
prediction_position_error_mm,31.365003436803818,19200000
prediction_orientation_error_deg,0,19200000
prediction_position_error_mm,35.575125366449356,19300000
prediction_orientation_error_deg,0,19300000
owd_uplink_ms,169.3092,19400000
owd_downlink_ms,173.0741,19400000
owd_uplink_ms,168.3854,19400000
owd_downlink_ms,166.5359,19400000
prediction_position_error_mm,31.90530464053154,19400000
prediction_orientation_error_deg,0,19400000
owd_uplink_ms,165.6232,19500000
owd_downlink_ms,168.4749,19500000
prediction_position_error_mm,34.37185287475586,19500000
prediction_orientation_error_deg,0,19500000
prediction_position_error_mm,36.56703233718872,19600000
prediction_orientation_error_deg,0,19600000
owd_uplink_ms,173.585,19700000
owd_downlink_ms,164.4506,19700000
prediction_position_error_mm,32.83320739865303,19700000
prediction_orientation_error_deg,0,19700000
owd_uplink_ms,165.1975,19800000
owd_downlink_ms,173.0064,19800000
prediction_position_error_mm,37.31244057416916,19800000
prediction_orientation_error_deg,0,19800000
owd_uplink_ms,169.9557,19900000
owd_downlink_ms,172.6749,19900000
owd_uplink_ms,165.562,19900000
owd_downlink_ms,165.4556,19900000
prediction_position_error_mm,33.52392464876175,19900000
prediction_orientation_error_deg,0,19900000
prediction_position_error_mm,38.11931237578392,20000000
prediction_orientation_error_deg,0,20000000
owd_uplink_ms,170.0456,20100000
owd_downlink_ms,164.8617,20100000
owd_uplink_ms,172.4584,20100000
owd_downlink_ms,165.761,20100000
prediction_position_error_mm,36.61161661148071,20100000
prediction_orientation_error_deg,0,20100000
owd_uplink_ms,164.4827,20200000
owd_downlink_ms,166.2764,20200000
prediction_position_error_mm,37.03218698501587,20200000
prediction_orientation_error_deg,0,20200000
owd_uplink_ms,167.5802,20300000
owd_downlink_ms,169.1431,20300000
prediction_position_error_mm,35.05867347121239,20300000
prediction_orientation_error_deg,0,20300000
prediction_position_error_mm,39.89830985665321,20400000
prediction_orientation_error_deg,0,20400000
owd_uplink_ms,171.321,20500000
owd_downlink_ms,168.8267,20500000
prediction_position_error_mm,35.89409589767456,20500000
prediction_orientation_error_deg,0,20500000
owd_uplink_ms,165.0347,20600000
owd_downlink_ms,171.9904,20600000
prediction_position_error_mm,38.36298733949661,20600000
prediction_orientation_error_deg,0,20600000
owd_uplink_ms,165.3225,20700000
owd_downlink_ms,168.9687,20700000
owd_uplink_ms,166.9924,20700000
owd_downlink_ms,164.301,20700000
prediction_position_error_mm,39.302486926317215,20700000
prediction_orientation_error_deg,0,20700000
prediction_position_error_mm,39.302486926317215,20800000
prediction_orientation_error_deg,0,20800000
prediction_position_error_mm,41.86556860804558,20900000
prediction_orientation_error_deg,0,20900000
owd_uplink_ms,173.1724,21000000
owd_downlink_ms,172.6933,21000000
owd_uplink_ms,166.5433,21000000
owd_downlink_ms,167.3768,21000000
owd_uplink_ms,172.4992,21000000
owd_downlink_ms,168.7256,21000000
prediction_position_error_mm,40.77969864010811,21000000
prediction_orientation_error_deg,0,21000000
prediction_position_error_mm,43.44256967306137,21100000
prediction_orientation_error_deg,0,21100000
prediction_position_error_mm,43.44256967306137,21200000
prediction_orientation_error_deg,0,21200000
owd_uplink_ms,168.6538,21300000
owd_downlink_ms,170.0744,21300000
owd_uplink_ms,172.2236,21300000
owd_downlink_ms,171.6239,21300000
owd_uplink_ms,169.2562,21300000
owd_downlink_ms,169.0408,21300000
prediction_position_error_mm,39.59368169307709,21300000
prediction_orientation_error_deg,0,21300000
prediction_position_error_mm,45.091189444065094,21400000
prediction_orientation_error_deg,0,21400000
owd_uplink_ms,172.5592,21500000
owd_downlink_ms,164.685,21500000
prediction_position_error_mm,40.5893437564373,21500000
prediction_orientation_error_deg,0,21500000
owd_uplink_ms,168.7427,21600000
owd_downlink_ms,170.7307,21600000
prediction_position_error_mm,43.390437960624695,21600000
prediction_orientation_error_deg,0,21600000
owd_uplink_ms,170.4197,21700000
owd_downlink_ms,168.0069,21700000
prediction_position_error_mm,41.606709361076355,21700000
prediction_orientation_error_deg,0,21700000
owd_uplink_ms,164.6469,21800000
owd_downlink_ms,172.7221,21800000
owd_uplink_ms,166.0705,21800000
owd_downlink_ms,164.4505,21800000
prediction_position_error_mm,45.02660036087036,21800000
prediction_orientation_error_deg,0,21800000
owd_uplink_ms,166.8145,21900000
owd_downlink_ms,168.3664,21900000
prediction_position_error_mm,45.5811582505703,21900000
prediction_orientation_error_deg,0,21900000
prediction_position_error_mm,45.5811582505703,22000000
prediction_orientation_error_deg,0,22000000
owd_uplink_ms,172.9273,22100000
owd_downlink_ms,169.6104,22100000
prediction_position_error_mm,43.694060295820236,22100000
prediction_orientation_error_deg,0,22100000
owd_uplink_ms,165.1996,22200000
owd_downlink_ms,172.6884,22200000
prediction_position_error_mm,46.70186713337898,22200000
prediction_orientation_error_deg,0,22200000
prediction_position_error_mm,49.74278062582016,22300000
prediction_orientation_error_deg,0,22300000
owd_uplink_ms,173.869,22400000
owd_downlink_ms,172.1414,22400000
owd_uplink_ms,165.1011,22400000
owd_downlink_ms,165.7969,22400000
correction_magnitude_mm,5.0772386603057384,20707082
correction_magnitude_deg,0,20707082
prediction_position_error_mm,48.40683192014694,22400000
prediction_orientation_error_deg,0,22400000
owd_uplink_ms,173.645,22500000
owd_downlink_ms,169.8849,22500000
prediction_position_error_mm,51.55201628804207,22500000
prediction_orientation_error_deg,0,22500000
owd_uplink_ms,171.6642,22600000
owd_downlink_ms,167.5975,22600000
prediction_position_error_mm,52.1601103246212,22600000
prediction_orientation_error_deg,0,22600000
owd_uplink_ms,168.8444,22700000
owd_downlink_ms,169.3347,22700000
correction_magnitude_mm,5.269211251288652,20997911
correction_magnitude_deg,0,20997911
prediction_position_error_mm,46.91670462489128,22700000
prediction_orientation_error_deg,0,22700000
owd_uplink_ms,171.5105,22800000
owd_downlink_ms,170.8295,22800000
owd_uplink_ms,165.2936,22800000
owd_downlink_ms,165.7827,22800000
prediction_position_error_mm,47.46074229478836,22800000
prediction_orientation_error_deg,0,22800000
prediction_position_error_mm,53.99511754512787,22900000
prediction_orientation_error_deg,0,22900000
prediction_position_error_mm,53.99511754512787,23000000
prediction_orientation_error_deg,0,23000000
owd_uplink_ms,171.2501,23100000
owd_downlink_ms,171.4609,23100000
owd_uplink_ms,169.4972,23100000
owd_downlink_ms,165.6314,23100000
correction_magnitude_mm,5.532235838472843,21393104
correction_magnitude_deg,0,21393104
owd_uplink_ms,164.5865,23100000
owd_downlink_ms,166.2063,23100000
prediction_position_error_mm,52.45301127433777,23100000
prediction_orientation_error_deg,0,23100000
prediction_position_error_mm,55.8401457965374,23200000
prediction_orientation_error_deg,0,23200000
prediction_position_error_mm,59.26041305065155,23300000
prediction_orientation_error_deg,0,23300000
owd_uplink_ms,169.9355,23400000
owd_downlink_ms,170.4832,23400000
owd_uplink_ms,171.3278,23400000
owd_downlink_ms,169.9422,23400000
prediction_position_error_mm,53.616706281900406,23400000
prediction_orientation_error_deg,0,23400000
owd_uplink_ms,171.377,23500000
owd_downlink_ms,170.0449,23500000
correction_magnitude_mm,5.801350809633732,21792419
correction_magnitude_deg,0,21792419
prediction_position_error_mm,54.78015914559364,23500000
prediction_orientation_error_deg,0,23500000
owd_uplink_ms,168.7175,23600000
owd_downlink_ms,171.5491,23600000
owd_uplink_ms,167.7197,23600000
owd_downlink_ms,165.9524,23600000
prediction_position_error_mm,51.836974918842316,23600000
prediction_orientation_error_deg,0,23600000
prediction_position_error_mm,58.91837924718857,23700000
prediction_orientation_error_deg,0,23700000
prediction_position_error_mm,62.50816583633423,23800000
prediction_orientation_error_deg,0,23800000
owd_uplink_ms,171.205,23900000
owd_downlink_ms,173.3449,23900000
prediction_position_error_mm,63.155628740787506,23900000
prediction_orientation_error_deg,0,23900000
owd_uplink_ms,169.9357,24000000
owd_downlink_ms,170.6793,24000000
prediction_position_error_mm,60.14538183808327,24000000
prediction_orientation_error_deg,0,24000000
owd_uplink_ms,171.1477,24100000
owd_downlink_ms,170.8332,24100000
prediction_position_error_mm,60.757096856832504,24100000
prediction_orientation_error_deg,0,24100000
owd_uplink_ms,166.7859,24200000
owd_downlink_ms,173.0567,24200000
correction_magnitude_mm,6.210882682353258,22404801
correction_magnitude_deg,0,22404801
owd_uplink_ms,174.3063,24200000
owd_downlink_ms,173.5522,24200000
owd_uplink_ms,165.0649,24200000
owd_downlink_ms,164.4788,24200000
prediction_position_error_mm,55.10226637125015,24200000
prediction_orientation_error_deg,0,24200000
owd_uplink_ms,169.9262,24300000
owd_downlink_ms,169.1349,24300000
prediction_position_error_mm,59.39855799078941,24300000
prediction_orientation_error_deg,0,24300000
prediction_position_error_mm,59.39855799078941,24400000
prediction_orientation_error_deg,0,24400000
owd_uplink_ms,169.7184,24500000
owd_downlink_ms,165.0305,24500000
prediction_position_error_mm,63.78961354494095,24500000
prediction_orientation_error_deg,0,24500000
owd_uplink_ms,167.1487,24600000
owd_downlink_ms,165.3631,24600000
correction_magnitude_mm,6.5534221939742565,22894045
correction_magnitude_deg,0,22894045
prediction_position_error_mm,57.248637080192566,24600000
prediction_orientation_error_deg,0,24600000
owd_uplink_ms,173.1199,24700000
owd_downlink_ms,171.7782,24700000
prediction_position_error_mm,61.10227853059769,24700000
prediction_orientation_error_deg,0,24700000
owd_uplink_ms,172.265,24800000
owd_downlink_ms,170.0163,24800000
correction_magnitude_mm,6.689938250929117,23089558
correction_magnitude_deg,0,23089558
owd_uplink_ms,165.9072,24800000
owd_downlink_ms,170.1605,24800000
prediction_position_error_mm,62.225937843322754,24800000
prediction_orientation_error_deg,0,24800000
owd_uplink_ms,166.3091,24900000
owd_downlink_ms,166.0909,24900000
prediction_position_error_mm,58.835119009017944,24900000
prediction_orientation_error_deg,0,24900000
owd_uplink_ms,165.0516,25000000
owd_downlink_ms,166.5496,25000000
prediction_position_error_mm,59.35869738459587,25000000
prediction_orientation_error_deg,0,25000000
prediction_position_error_mm,63.33836913108826,25100000
prediction_orientation_error_deg,0,25100000
owd_uplink_ms,165.7982,25200000
owd_downlink_ms,165.8639,25200000
correction_magnitude_mm,6.961184088140726,23496559
correction_magnitude_deg,0,23496559
owd_uplink_ms,172.5646,25200000
owd_downlink_ms,170.2472,25200000
prediction_position_error_mm,64.43845480680466,25200000
prediction_orientation_error_deg,0,25200000
prediction_position_error_mm,68.5095340013504,25300000
prediction_orientation_error_deg,0,25300000
owd_uplink_ms,169.3904,25400000
owd_downlink_ms,168.848,25400000
correction_magnitude_mm,7.09546497091651,23692985
correction_magnitude_deg,0,23692985
prediction_position_error_mm,65.5251294374466,25400000
prediction_orientation_error_deg,0,25400000
owd_uplink_ms,167.3481,25500000
owd_downlink_ms,170.7174,25500000
owd_uplink_ms,168.557,25500000
owd_downlink_ms,166.3785,25500000
prediction_position_error_mm,66.06311351060867,25500000
prediction_orientation_error_deg,0,25500000
owd_uplink_ms,167.8067,25600000
owd_downlink_ms,165.2891,25600000
prediction_position_error_mm,66.5973499417305,25600000
prediction_orientation_error_deg,0,25600000
prediction_position_error_mm,66.5973499417305,25700000
prediction_orientation_error_deg,0,25700000
owd_uplink_ms,171.6404,25800000
owd_downlink_ms,168.0896,25800000
prediction_position_error_mm,71.34663313627243,25800000
prediction_orientation_error_deg,0,25800000
prediction_position_error_mm,71.34663313627243,25900000
prediction_orientation_error_deg,0,25900000
owd_uplink_ms,172.1317,26000000
owd_downlink_ms,174.2004,26000000
owd_uplink_ms,164.079,26000000
owd_downlink_ms,166.5709,26000000
correction_magnitude_mm,7.491547614336014,24292591
correction_magnitude_deg,0,24292591
owd_uplink_ms,171.0816,26000000
owd_downlink_ms,167.6764,26000000
prediction_position_error_mm,68.69440525770187,26000000
prediction_orientation_error_deg,0,26000000
prediction_position_error_mm,72.99855351448059,26100000
prediction_orientation_error_deg,0,26100000
owd_uplink_ms,171.9867,26200000
owd_downlink_ms,168.0094,26200000
correction_magnitude_mm,7.62075325474143,24483364
correction_magnitude_deg,0,24483364
prediction_position_error_mm,69.7173923254013,26200000
prediction_orientation_error_deg,0,26200000
owd_uplink_ms,166.4734,26300000
owd_downlink_ms,172.1931,26300000
prediction_position_error_mm,69.7173923254013,26300000
prediction_orientation_error_deg,0,26300000
owd_uplink_ms,169.6103,26400000
owd_downlink_ms,168.6092,26400000
prediction_position_error_mm,74.60872828960419,26400000
prediction_orientation_error_deg,0,26400000
prediction_position_error_mm,79.02180403470993,26500000
prediction_orientation_error_deg,0,26500000
owd_uplink_ms,166.5469,26600000
owd_downlink_ms,172.304,26600000
correction_magnitude_mm,7.811535149812698,24796460
correction_magnitude_deg,0,24796460
owd_uplink_ms,171.1211,26600000
owd_downlink_ms,172.3473,26600000
prediction_position_error_mm,71.21752947568893,26600000
prediction_orientation_error_deg,0,26600000
prediction_position_error_mm,75.6574347615242,26700000
prediction_orientation_error_deg,0,26700000
owd_uplink_ms,173.06,26800000
owd_downlink_ms,170.968,26800000
owd_uplink_ms,171.0726,26800000
owd_downlink_ms,165.6335,26800000
prediction_position_error_mm,72.19351083040237,26800000
prediction_orientation_error_deg,0,26800000
owd_uplink_ms,164.1872,26900000
owd_downlink_ms,165.7838,26900000
correction_magnitude_mm,8.059525862336159,25190576
correction_magnitude_deg,0,25190576
prediction_position_error_mm,68.63167881965637,26900000
prediction_orientation_error_deg,0,26900000
owd_uplink_ms,171.9045,27000000
owd_downlink_ms,174.2015,27000000
owd_uplink_ms,169.0039,27000000
owd_downlink_ms,166.8304,27000000
prediction_position_error_mm,69.07664984464645,27000000
prediction_orientation_error_deg,0,27000000
owd_uplink_ms,167.7331,27100000
owd_downlink_ms,167.0187,27100000
prediction_position_error_mm,74.08426702022552,27100000
prediction_orientation_error_deg,0,27100000
prediction_position_error_mm,74.08426702022552,27200000
prediction_orientation_error_deg,0,27200000
owd_uplink_ms,168.7708,27300000
owd_downlink_ms,171.8115,27300000
owd_uplink_ms,164.0545,27300000
owd_downlink_ms,167.2665,27300000
prediction_position_error_mm,74.99751448631287,27300000
prediction_orientation_error_deg,0,27300000
prediction_position_error_mm,74.99751448631287,27400000
prediction_orientation_error_deg,0,27400000
owd_uplink_ms,170.2235,27500000
owd_downlink_ms,168.3098,27500000
correction_magnitude_mm,8.416181430220604,25795263
correction_magnitude_deg,0,25795263
owd_uplink_ms,166.1872,27500000
owd_downlink_ms,169.952,27500000
prediction_position_error_mm,75.88842511177063,27500000
prediction_orientation_error_deg,0,27500000
prediction_position_error_mm,75.88842511177063,27600000
prediction_orientation_error_deg,0,27600000
owd_uplink_ms,167.7999,27700000
owd_downlink_ms,169.2039,27700000
correction_magnitude_mm,8.530622348189354,26001723
correction_magnitude_deg,0,26001723
owd_uplink_ms,171.3998,27700000
owd_downlink_ms,169.759,27700000
prediction_position_error_mm,76.75636559724808,27700000
prediction_orientation_error_deg,0,27700000
owd_uplink_ms,164.3381,27800000
owd_downlink_ms,166.2395,27800000
prediction_position_error_mm,77.18157023191452,27800000
prediction_orientation_error_deg,0,27800000
owd_uplink_ms,166.0357,27900000
owd_downlink_ms,168.5314,27900000
prediction_position_error_mm,72.84840196371078,27900000
prediction_orientation_error_deg,0,27900000
prediction_position_error_mm,82.37424492835999,28000000
prediction_orientation_error_deg,0,28000000
owd_uplink_ms,165.7961,28100000
owd_downlink_ms,165.3257,28100000
correction_magnitude_mm,8.752068504691124,26404580
correction_magnitude_deg,0,26404580
owd_uplink_ms,171.8847,28100000
owd_downlink_ms,167.6939,28100000
prediction_position_error_mm,78.42091470956802,28100000
prediction_orientation_error_deg,0,28100000
owd_uplink_ms,168.8232,28200000
owd_downlink_ms,166.728,28200000
prediction_position_error_mm,78.82172614336014,28200000
prediction_orientation_error_deg,0,28200000
prediction_position_error_mm,78.82172614336014,28300000
prediction_orientation_error_deg,0,28300000
prediction_position_error_mm,88.5118916630745,28400000
prediction_orientation_error_deg,0,28400000
owd_uplink_ms,172.3726,28500000
owd_downlink_ms,174.0103,28500000
owd_uplink_ms,170.7281,28500000
owd_downlink_ms,167.4436,28500000
prediction_position_error_mm,84.47898179292679,28500000
prediction_orientation_error_deg,0,28500000
owd_uplink_ms,171.4051,28600000
owd_downlink_ms,167.042,28600000
prediction_position_error_mm,84.87977087497711,28600000
prediction_orientation_error_deg,0,28600000
owd_uplink_ms,172.1604,28700000
owd_downlink_ms,168.0894,28700000
prediction_position_error_mm,85.27371287345886,28700000
prediction_orientation_error_deg,0,28700000
owd_uplink_ms,169.5135,28800000
owd_downlink_ms,168.0084,28800000
correction_magnitude_mm,9.114631451666355,27082245
correction_magnitude_deg,0,27082245
prediction_position_error_mm,76.16240531206131,28800000
prediction_orientation_error_deg,0,28800000
owd_uplink_ms,165.0186,28900000
owd_downlink_ms,171.7777,28900000
prediction_position_error_mm,81.09274506568909,28900000
prediction_orientation_error_deg,0,28900000
owd_uplink_ms,167.3382,29000000
owd_downlink_ms,166.9234,29000000
correction_magnitude_mm,9.211976081132889,27290176
correction_magnitude_deg,0,27290176
prediction_position_error_mm,76.83182507753372,29000000
prediction_orientation_error_deg,0,29000000
owd_uplink_ms,171.7951,29100000
owd_downlink_ms,171.8064,29100000
prediction_position_error_mm,86.77926659584045,29100000
prediction_orientation_error_deg,0,29100000
owd_uplink_ms,168.5007,29200000
owd_downlink_ms,170.1587,29200000
correction_magnitude_mm,9.306369349360466,27492264
correction_magnitude_deg,0,27492264
prediction_position_error_mm,82.47456699609756,29200000
prediction_orientation_error_deg,0,29200000
owd_uplink_ms,172.7145,29300000
owd_downlink_ms,173.5372,29300000
prediction_position_error_mm,82.47456699609756,29300000
prediction_orientation_error_deg,0,29300000
owd_uplink_ms,168.0084,29400000
owd_downlink_ms,165.9275,29400000
correction_magnitude_mm,9.397889487445354,27690693
correction_magnitude_deg,0,27690693
prediction_position_error_mm,78.09407263994217,29400000
prediction_orientation_error_deg,0,29400000
owd_uplink_ms,169.8164,29500000
owd_downlink_ms,173.7961,29500000
owd_uplink_ms,164.1515,29500000
owd_downlink_ms,166.4278,29500000
prediction_position_error_mm,83.43882113695145,29500000
prediction_orientation_error_deg,0,29500000
prediction_position_error_mm,83.43882113695145,29600000
prediction_orientation_error_deg,0,29600000
owd_uplink_ms,167.137,29700000
owd_downlink_ms,168.8378,29700000
correction_magnitude_mm,9.52939223498106,28000640
correction_magnitude_deg,0,28000640
owd_uplink_ms,172.7852,29700000
owd_downlink_ms,169.3635,29700000
prediction_position_error_mm,84.04649794101715,29700000
prediction_orientation_error_deg,0,29700000
prediction_position_error_mm,89.1345962882042,29800000
prediction_orientation_error_deg,0,29800000
owd_uplink_ms,167.7796,29900000
owd_downlink_ms,170.3572,29900000
owd_uplink_ms,165.8026,29900000
owd_downlink_ms,168.9577,29900000
prediction_position_error_mm,84.62557196617126,29900000
prediction_orientation_error_deg,0,29900000
prediction_position_error_mm,89.74000811576843,30000000
prediction_orientation_error_deg,0,30000000
prediction_position_error_mm,94.8668122291565,30100000
prediction_orientation_error_deg,0,30100000
owd_uplink_ms,169.0861,30200000
owd_downlink_ms,172.1191,30200000
correction_magnitude_mm,9.693758562207222,28407319
correction_magnitude_deg,0,28407319
owd_uplink_ms,172.0083,30200000
owd_downlink_ms,172.8777,30200000
prediction_position_error_mm,85.17569303512573,30200000
prediction_orientation_error_deg,0,30200000
owd_uplink_ms,167.2948,30300000
owd_downlink_ms,172.3922,30300000
prediction_position_error_mm,90.59030562639236,30300000
prediction_orientation_error_deg,0,30300000
owd_uplink_ms,166.723,30400000
owd_downlink_ms,171.4671,30400000
owd_uplink_ms,165.9369,30400000
owd_downlink_ms,163.9185,30400000
prediction_position_error_mm,85.9457179903984,30400000
prediction_orientation_error_deg,0,30400000
prediction_position_error_mm,91.11804515123367,30500000
prediction_orientation_error_deg,0,30500000
prediction_position_error_mm,91.11804515123367,30600000
prediction_orientation_error_deg,0,30600000
owd_uplink_ms,173.0508,30700000
owd_downlink_ms,170.3352,30700000
prediction_position_error_mm,91.37006849050522,30700000
prediction_orientation_error_deg,0,30700000
owd_uplink_ms,173.2455,30800000
owd_downlink_ms,171.6126,30800000
owd_uplink_ms,166.2274,30800000
owd_downlink_ms,163.1944,30800000
correction_magnitude_mm,9.950087405741215,29108953
correction_magnitude_deg,0,29108953
owd_uplink_ms,171.107,30800000
owd_downlink_ms,167.965,30800000
prediction_position_error_mm,86.86767518520355,30800000
prediction_orientation_error_deg,0,30800000
prediction_position_error_mm,92.0780673623085,30900000
prediction_orientation_error_deg,0,30900000
owd_uplink_ms,167.1986,31000000
owd_downlink_ms,170.3027,31000000
prediction_position_error_mm,92.29797124862671,31000000
prediction_orientation_error_deg,0,31000000
prediction_position_error_mm,97.52450883388519,31100000
prediction_orientation_error_deg,0,31100000
owd_uplink_ms,173.6786,31200000
owd_downlink_ms,170.149,31200000
correction_magnitude_mm,5.015888717025518,29404492
correction_magnitude_deg,0,29404492
owd_uplink_ms,167.3282,31200000
owd_downlink_ms,168.7928,31200000
correction_magnitude_mm,10.077987797558308,29506322
correction_magnitude_deg,0,29506322
prediction_position_error_mm,87.66768127679825,31200000
prediction_orientation_error_deg,0,31200000
owd_uplink_ms,171.7139,31300000
owd_downlink_ms,170.998,31300000
prediction_position_error_mm,87.66768127679825,31300000
prediction_orientation_error_deg,0,31300000
owd_uplink_ms,170.7511,31400000
owd_downlink_ms,167.0695,31400000
correction_magnitude_mm,10.136718861758709,29700824
correction_magnitude_deg,0,29700824
prediction_position_error_mm,82.77369290590286,31400000
prediction_orientation_error_deg,0,31400000
owd_uplink_ms,166.777,31500000
owd_downlink_ms,169.6385,31500000
prediction_position_error_mm,88.02126348018646,31500000
prediction_orientation_error_deg,0,31500000
owd_uplink_ms,165.5222,31600000
owd_downlink_ms,172.5247,31600000
correction_magnitude_mm,5.089266691356897,29813152
correction_magnitude_deg,0,29813152
owd_uplink_ms,169.1491,31600000
owd_downlink_ms,164.2696,31600000
correction_magnitude_mm,5.1026372238993645,29907052
correction_magnitude_deg,0,29907052
prediction_position_error_mm,83.08446407318115,31600000
prediction_orientation_error_deg,0,31600000
owd_uplink_ms,165.6575,31700000
owd_downlink_ms,165.6492,31700000
correction_magnitude_mm,5.115546751767397,30007041
correction_magnitude_deg,0,30007041
prediction_position_error_mm,88.49286288022995,31700000
prediction_orientation_error_deg,0,31700000
owd_uplink_ms,165.9932,31800000
owd_downlink_ms,167.6151,31800000
correction_magnitude_mm,5.128031596541405,30109068
correction_magnitude_deg,0,30109068
prediction_position_error_mm,83.36556702852249,31800000
prediction_orientation_error_deg,0,31800000
prediction_position_error_mm,93.9069464802742,31900000
prediction_orientation_error_deg,0,31900000
owd_uplink_ms,173.3111,32000000
owd_downlink_ms,168.0553,32000000
correction_magnitude_mm,10.29159501194954,30302498
correction_magnitude_deg,0,30302498
prediction_position_error_mm,88.89323472976685,32000000
prediction_orientation_error_deg,0,32000000
owd_uplink_ms,167.77,32100000
owd_downlink_ms,171.2264,32100000
prediction_position_error_mm,88.89323472976685,32100000
prediction_orientation_error_deg,0,32100000
owd_uplink_ms,166.6456,32200000
owd_downlink_ms,171.8067,32200000
correction_magnitude_mm,5.1626963540911674,30413269
correction_magnitude_deg,0,30413269
prediction_position_error_mm,89.01073038578033,32200000
prediction_orientation_error_deg,0,32200000
owd_uplink_ms,171.196,32300000
owd_downlink_ms,171.922,32300000
correction_magnitude_mm,5.173315294086933,30514176
correction_magnitude_deg,0,30514176
prediction_position_error_mm,94.40448135137558,32300000
prediction_orientation_error_deg,0,32300000
owd_uplink_ms,171.8693,32400000
owd_downlink_ms,163.9409,32400000
correction_magnitude_mm,5.1835267804563046,30704265
correction_magnitude_deg,0,30704265
prediction_position_error_mm,94.5076197385788,32400000
prediction_orientation_error_deg,0,32400000
prediction_position_error_mm,99.7946634888649,32500000
prediction_orientation_error_deg,0,32500000
owd_uplink_ms,167.6644,32600000
owd_downlink_ms,172.1695,32600000
correction_magnitude_mm,10.395723395049572,30809896
correction_magnitude_deg,0,30809896
owd_uplink_ms,174.0044,32600000
owd_downlink_ms,172.8394,32600000
prediction_position_error_mm,94.68826651573181,32600000
prediction_orientation_error_deg,0,32600000
owd_uplink_ms,165.6458,32700000
owd_downlink_ms,169.9276,32700000
correction_magnitude_mm,5.211290437728167,30913791
correction_magnitude_deg,0,30913791
prediction_position_error_mm,89.47766572237015,32700000
prediction_orientation_error_deg,0,32700000
owd_uplink_ms,170.7379,32800000
owd_downlink_ms,169.6222,32800000
correction_magnitude_mm,5.219638347625732,31012396
correction_magnitude_deg,0,31012396
prediction_position_error_mm,94.8345810174942,32800000
prediction_orientation_error_deg,0,32800000
owd_uplink_ms,170.857,32900000
owd_downlink_ms,169.9031,32900000
correction_magnitude_mm,5.227496847510338,31111203
correction_magnitude_deg,0,31111203
prediction_position_error_mm,89.60774540901184,32900000
prediction_orientation_error_deg,0,32900000
owd_uplink_ms,165.9479,33000000
owd_downlink_ms,169.6904,33000000
correction_magnitude_mm,5.234880838543177,31215880
correction_magnitude_deg,0,31215880
prediction_position_error_mm,89.66057002544403,33000000
prediction_orientation_error_deg,0,33000000
owd_uplink_ms,171.1444,33100000
owd_downlink_ms,164.4807,33100000
correction_magnitude_mm,5.241816863417625,31407550
correction_magnitude_deg,0,31407550
prediction_position_error_mm,94.9893444776535,33100000
prediction_orientation_error_deg,0,33100000
prediction_position_error_mm,94.9893444776535,33200000
prediction_orientation_error_deg,0,33200000
owd_uplink_ms,170.7394,33300000
owd_downlink_ms,169.9566,33300000
correction_magnitude_mm,5.248276982456446,31506571
correction_magnitude_deg,0,31506571
prediction_position_error_mm,100.30274838209152,33300000
prediction_orientation_error_deg,0,33300000
owd_uplink_ms,173.5661,33400000
owd_downlink_ms,171.9988,33400000
correction_magnitude_mm,5.254238843917847,31604612
correction_magnitude_deg,0,31604612
owd_uplink_ms,170.1454,33400000
owd_downlink_ms,168.3873,33400000
correction_magnitude_mm,10.524517856538296,31702414
correction_magnitude_deg,0,31702414
prediction_position_error_mm,89.80190008878708,33400000
prediction_orientation_error_deg,0,33400000
owd_uplink_ms,172.215,33500000
owd_downlink_ms,171.2166,33500000
prediction_position_error_mm,89.80190008878708,33500000
prediction_orientation_error_deg,0,33500000
owd_uplink_ms,168.9942,33600000
owd_downlink_ms,166.837,33600000
correction_magnitude_mm,10.542734526097775,31898469
correction_magnitude_deg,0,31898469
prediction_position_error_mm,89.80090171098709,33600000
prediction_orientation_error_deg,0,33600000
owd_uplink_ms,170.2488,33700000
owd_downlink_ms,172.5053,33700000
prediction_position_error_mm,95.06447613239288,33700000
prediction_orientation_error_deg,0,33700000
owd_uplink_ms,169.9518,33800000
owd_downlink_ms,173.3024,33800000
correction_magnitude_mm,5.276991985738277,32005477
correction_magnitude_deg,0,32005477
prediction_position_error_mm,89.7880345582962,33800000
prediction_orientation_error_deg,0,33800000
owd_uplink_ms,170.4048,33900000
owd_downlink_ms,169.0887,33900000
correction_magnitude_mm,5.280115641653538,32203832
correction_magnitude_deg,0,32203832
prediction_position_error_mm,89.76689726114273,33900000
prediction_orientation_error_deg,0,33900000
owd_uplink_ms,171.798,34000000
owd_downlink_ms,167.4803,34000000
correction_magnitude_mm,10.567637160420418,32298435
correction_magnitude_deg,0,32298435
prediction_position_error_mm,89.69984948635101,34000000
prediction_orientation_error_deg,0,34000000
owd_uplink_ms,166.1277,34100000
owd_downlink_ms,170.2313,34100000
prediction_position_error_mm,94.93996202945709,34100000
prediction_orientation_error_deg,0,34100000
owd_uplink_ms,168.7816,34200000
owd_downlink_ms,169.5943,34200000
correction_magnitude_mm,5.286572966724634,32404579
correction_magnitude_deg,0,32404579
owd_uplink_ms,169.3855,34200000
owd_downlink_ms,168.736,34200000
correction_magnitude_mm,5.287748761475086,32503767
correction_magnitude_deg,0,32503767
prediction_position_error_mm,89.59968388080597,34200000
prediction_orientation_error_deg,0,34200000
prediction_position_error_mm,94.8251411318779,34300000
prediction_orientation_error_deg,0,34300000
owd_uplink_ms,169.5145,34400000
owd_downlink_ms,172.7935,34400000
correction_magnitude_mm,5.288445390760899,32607865
correction_magnitude_deg,0,32607865
prediction_position_error_mm,94.75460648536682,34400000
prediction_orientation_error_deg,0,34400000
prediction_position_error_mm,94.75460648536682,34500000
prediction_orientation_error_deg,0,34500000
owd_uplink_ms,165.9547,34600000
owd_downlink_ms,168.9335,34600000
correction_magnitude_mm,10.577072389423847,32811588
correction_magnitude_deg,0,32811588
owd_uplink_ms,174.3972,34600000
owd_downlink_ms,171.5391,34600000
prediction_position_error_mm,94.58716958761215,34600000
prediction_orientation_error_deg,0,34600000
prediction_position_error_mm,99.77743774652481,34700000
prediction_orientation_error_deg,0,34700000
owd_uplink_ms,173.7307,34800000
owd_downlink_ms,170.9042,34800000
correction_magnitude_mm,5.287637002766132,33004481
correction_magnitude_deg,0,33004481
owd_uplink_ms,171.3016,34800000
owd_downlink_ms,166.4854,34800000
correction_magnitude_mm,10.571081191301346,33098461
correction_magnitude_deg,0,33098461
owd_uplink_ms,168.4867,34800000
owd_downlink_ms,169.9475,34800000
prediction_position_error_mm,83.92009139060974,34800000
prediction_orientation_error_deg,0,34800000
prediction_position_error_mm,89.1004279255867,34900000
prediction_orientation_error_deg,0,34900000
owd_uplink_ms,171.6737,35000000
owd_downlink_ms,166.344,35000000
correction_magnitude_mm,10.562208481132984,33293625
correction_magnitude_deg,0,33293625
prediction_position_error_mm,83.70887488126755,35000000
prediction_orientation_error_deg,0,35000000
owd_uplink_ms,166.4101,35100000
owd_downlink_ms,170.5181,35100000
prediction_position_error_mm,94.01515871286392,35100000
prediction_orientation_error_deg,0,35100000
owd_uplink_ms,168.5372,35200000
owd_downlink_ms,173.1785,35200000
correction_magnitude_mm,5.27657475322485,33404561
correction_magnitude_deg,0,33404561
prediction_position_error_mm,93.874491751194,35200000
prediction_orientation_error_deg,0,35200000
owd_uplink_ms,166.493,35300000
owd_downlink_ms,164.1489,35300000
correction_magnitude_mm,10.541624389588833,33601630
correction_magnitude_deg,0,33601630
prediction_position_error_mm,88.45672011375427,35300000
prediction_orientation_error_deg,0,35300000
owd_uplink_ms,171.9333,35400000
owd_downlink_ms,171.8734,35400000
owd_uplink_ms,164.5524,35400000
owd_downlink_ms,165.6363,35400000
correction_magnitude_mm,5.2640726789832115,33702908
correction_magnitude_deg,0,33702908
prediction_position_error_mm,88.30320835113525,35400000
prediction_orientation_error_deg,0,35400000
prediction_position_error_mm,93.39996427297592,35500000
prediction_orientation_error_deg,0,35500000
owd_uplink_ms,171.7714,35600000
owd_downlink_ms,168.105,35600000
correction_magnitude_mm,5.258924327790737,33898325
correction_magnitude_deg,0,33898325
prediction_position_error_mm,93.22432428598404,35600000
prediction_orientation_error_deg,0,35600000
owd_uplink_ms,168.1066,35700000
owd_downlink_ms,165.5857,35700000
correction_magnitude_mm,10.500493459403515,33995175
correction_magnitude_deg,0,33995175
owd_uplink_ms,170.1872,35700000
owd_downlink_ms,167.7412,35700000
prediction_position_error_mm,87.79317140579224,35700000
prediction_orientation_error_deg,0,35700000
prediction_position_error_mm,92.84693747758865,35800000
prediction_orientation_error_deg,0,35800000
owd_uplink_ms,165.2774,35900000
owd_downlink_ms,172.0958,35900000
correction_magnitude_mm,5.240574479103088,34100641
correction_magnitude_deg,0,34100641
owd_uplink_ms,169.4579,35900000
owd_downlink_ms,167.2535,35900000
correction_magnitude_mm,5.233482923358679,34197886
correction_magnitude_deg,0,34197886
prediction_position_error_mm,82.37358927726746,35900000
prediction_orientation_error_deg,0,35900000
owd_uplink_ms,164.6344,36000000
owd_downlink_ms,166.7122,36000000
correction_magnitude_mm,5.225908476859331,34300483
correction_magnitude_deg,0,34300483
prediction_position_error_mm,82.1865126490593,36000000
prediction_orientation_error_deg,0,36000000
owd_uplink_ms,164.5964,36100000
owd_downlink_ms,165.4304,36100000
correction_magnitude_mm,5.217855330556631,34401525
correction_magnitude_deg,0,34401525
prediction_position_error_mm,86.99821680784225,36100000
prediction_orientation_error_deg,0,36100000
prediction_position_error_mm,91.9879674911499,36200000
prediction_orientation_error_deg,0,36200000
owd_uplink_ms,166.6255,36300000
owd_downlink_ms,165.4581,36300000
correction_magnitude_mm,10.40953490883112,34600065
correction_magnitude_deg,0,34600065
owd_uplink_ms,172.6845,36300000
owd_downlink_ms,170.1419,36300000
prediction_position_error_mm,86.5517184138298,36300000
prediction_orientation_error_deg,0,36300000
owd_uplink_ms,166.9964,36400000
owd_downlink_ms,167.2352,36400000
correction_magnitude_mm,5.190736148506403,34697186
correction_magnitude_deg,0,34697186
prediction_position_error_mm,81.36129379272461,36400000
prediction_orientation_error_deg,0,36400000
prediction_position_error_mm,91.25307947397232,36500000
prediction_orientation_error_deg,0,36500000
owd_uplink_ms,172.6177,36600000
owd_downlink_ms,169.0384,36600000
correction_magnitude_mm,5.1807016134262085,34892713
correction_magnitude_deg,0,34892713
prediction_position_error_mm,86.07272058725357,36600000
prediction_orientation_error_deg,0,36600000
owd_uplink_ms,171.9987,36700000
owd_downlink_ms,169.2557,36700000
correction_magnitude_mm,5.170232616364956,34989285
correction_magnitude_deg,0,34989285
prediction_position_error_mm,90.72022140026093,36700000
prediction_orientation_error_deg,0,36700000
owd_uplink_ms,171.0399,36800000
owd_downlink_ms,167.4757,36800000
correction_magnitude_mm,10.307024233043194,35084830
correction_magnitude_deg,0,35084830
owd_uplink_ms,163.4731,36800000
owd_downlink_ms,169.7742,36800000
prediction_position_error_mm,85.29352396726608,36800000
prediction_orientation_error_deg,0,36800000
owd_uplink_ms,164.7238,36900000
owd_downlink_ms,169.6031,36900000
correction_magnitude_mm,5.135856103152037,35198807
correction_magnitude_deg,0,35198807
prediction_position_error_mm,85.01768112182617,36900000
prediction_orientation_error_deg,0,36900000
owd_uplink_ms,164.8217,37000000
owd_downlink_ms,166.9091,37000000
correction_magnitude_mm,5.1234085112810135,35301416
correction_magnitude_deg,0,35301416
prediction_position_error_mm,79.89455759525299,37000000
prediction_orientation_error_deg,0,37000000
owd_uplink_ms,165.3449,37100000
owd_downlink_ms,165.9877,37100000
correction_magnitude_mm,5.110521335154772,35402219
correction_magnitude_deg,0,35402219
prediction_position_error_mm,84.44201946258545,37100000
prediction_orientation_error_deg,0,37100000
prediction_position_error_mm,89.23905342817307,37200000
prediction_orientation_error_deg,0,37200000
owd_uplink_ms,167.217,37300000
owd_downlink_ms,171.1634,37300000
correction_magnitude_mm,5.097123794257641,35507151
correction_magnitude_deg,0,35507151
prediction_position_error_mm,88.91745656728745,37300000
prediction_orientation_error_deg,0,37300000
owd_uplink_ms,168.8562,37400000
owd_downlink_ms,170.2026,37400000
correction_magnitude_mm,5.08325407281518,35608834
correction_magnitude_deg,0,35608834
prediction_position_error_mm,88.58747035264969,37400000
prediction_orientation_error_deg,0,37400000
owd_uplink_ms,170.642,37500000
owd_downlink_ms,170.7236,37500000
correction_magnitude_mm,5.068920087069273,35708936
correction_magnitude_deg,0,35708936
owd_uplink_ms,168.9848,37500000
owd_downlink_ms,166.8084,37500000
correction_magnitude_mm,5.054113455116749,35806215
correction_magnitude_deg,0,35806215
prediction_position_error_mm,83.19532126188278,37500000
prediction_orientation_error_deg,0,37500000
prediction_position_error_mm,87.90240436792374,37600000
prediction_orientation_error_deg,0,37600000
prediction_position_error_mm,87.90240436792374,37700000
prediction_orientation_error_deg,0,37700000
owd_uplink_ms,173.8146,37800000
owd_downlink_ms,170.537,37800000
correction_magnitude_mm,5.038795527070761,36002117
correction_magnitude_deg,0,36002117
owd_uplink_ms,172.0128,37800000
owd_downlink_ms,166.485,37800000
correction_magnitude_mm,10.029844008386135,36095208
correction_magnitude_deg,0,36095208
owd_uplink_ms,166.6438,37800000
owd_downlink_ms,168.433,37800000
prediction_position_error_mm,77.51814275979996,37800000
prediction_orientation_error_deg,0,37800000
owd_uplink_ms,165.419,37900000
owd_downlink_ms,165.6515,37900000
prediction_position_error_mm,81.82279765605927,37900000
prediction_orientation_error_deg,0,37900000
owd_uplink_ms,164.7295,38000000
owd_downlink_ms,166.7555,38000000
prediction_position_error_mm,81.46023005247116,38000000
prediction_orientation_error_deg,0,38000000
prediction_position_error_mm,86.04489266872406,38100000
prediction_orientation_error_deg,0,38100000
owd_uplink_ms,164.9677,38200000
owd_downlink_ms,165.3601,38200000
correction_magnitude_mm,9.892391972243786,36500758
correction_magnitude_deg,0,36500758
prediction_position_error_mm,76.15303993225098,38200000
prediction_orientation_error_deg,0,38200000
owd_uplink_ms,170.8844,38300000
owd_downlink_ms,170.0995,38300000
prediction_position_error_mm,85.24458855390549,38300000
prediction_orientation_error_deg,0,38300000
owd_uplink_ms,170.6686,38400000
owd_downlink_ms,169.9926,38400000
correction_magnitude_mm,9.818017482757568,36698933
correction_magnitude_deg,0,36698933
prediction_position_error_mm,79.93308454751968,38400000
prediction_orientation_error_deg,0,38400000
owd_uplink_ms,166.4668,38500000
owd_downlink_ms,170.2473,38500000
owd_uplink_ms,168.9626,38500000
owd_downlink_ms,168.2589,38500000
prediction_position_error_mm,75.05335658788681,38500000
prediction_orientation_error_deg,0,38500000
prediction_position_error_mm,83.98357778787613,38600000
prediction_orientation_error_deg,0,38600000
owd_uplink_ms,166.8,38700000
owd_downlink_ms,169.7487,38700000
prediction_position_error_mm,83.54728668928146,38700000
prediction_orientation_error_deg,0,38700000
prediction_position_error_mm,87.94226497411728,38800000
prediction_orientation_error_deg,0,38800000
owd_uplink_ms,165.9831,38900000
owd_downlink_ms,170.1301,38900000
correction_magnitude_mm,9.65823419392109,37111646
correction_magnitude_deg,0,37111646
owd_uplink_ms,171.443,38900000
owd_downlink_ms,170.9948,38900000
prediction_position_error_mm,78.2846063375473,38900000
prediction_orientation_error_deg,0,38900000
owd_uplink_ms,170.9685,39000000
owd_downlink_ms,171.1422,39000000
owd_uplink_ms,167.7026,39000000
owd_downlink_ms,164.5905,39000000
prediction_position_error_mm,73.07853549718857,39000000
prediction_orientation_error_deg,0,39000000
owd_uplink_ms,167.7643,39100000
owd_downlink_ms,167.4135,39100000
prediction_position_error_mm,76.97004824876785,39100000
prediction_orientation_error_deg,0,39100000
prediction_position_error_mm,81.2474861741066,39200000
prediction_orientation_error_deg,0,39200000
owd_uplink_ms,166.1838,39300000
owd_downlink_ms,169.9596,39300000
owd_uplink_ms,166.2082,39300000
owd_downlink_ms,167.812,39300000
prediction_position_error_mm,76.05704665184021,39300000
prediction_orientation_error_deg,0,39300000
prediction_position_error_mm,76.05704665184021,39400000
prediction_orientation_error_deg,0,39400000
owd_uplink_ms,173.0147,39500000
owd_downlink_ms,166.6568,39500000
prediction_position_error_mm,75.589619576931,39500000
prediction_orientation_error_deg,0,39500000
owd_uplink_ms,169.6477,39600000
owd_downlink_ms,168.9956,39600000
correction_magnitude_mm,9.294972755014896,37904932
correction_magnitude_deg,0,37904932
prediction_position_error_mm,74.63331520557404,39600000
prediction_orientation_error_deg,0,39600000
owd_uplink_ms,171.9433,39700000
owd_downlink_ms,172.9847,39700000
owd_uplink_ms,169.5897,39700000
owd_downlink_ms,164.9506,39700000
prediction_position_error_mm,74.14448261260986,39700000
prediction_orientation_error_deg,0,39700000
owd_uplink_ms,165.0599,39800000
owd_downlink_ms,165.9967,39800000
prediction_position_error_mm,73.64857196807861,39800000
prediction_orientation_error_deg,0,39800000
prediction_position_error_mm,73.64857196807861,39900000
prediction_orientation_error_deg,0,39900000
owd_uplink_ms,171.0912,40000000
owd_downlink_ms,169.8459,40000000
correction_magnitude_mm,9.092059917747974,38300048
correction_magnitude_deg,0,38300048
prediction_position_error_mm,72.63576239347458,40000000
prediction_orientation_error_deg,0,40000000
owd_uplink_ms,165.1592,40100000
owd_downlink_ms,172.7184,40100000
prediction_position_error_mm,76.62492245435715,40100000
prediction_orientation_error_deg,0,40100000
owd_uplink_ms,166.7182,40200000
owd_downlink_ms,170.6456,40200000
prediction_position_error_mm,76.07416063547134,40200000
prediction_orientation_error_deg,0,40200000
owd_uplink_ms,173.1247,40300000
owd_downlink_ms,164.0953,40300000
correction_magnitude_mm,8.930732496082783,38603119
correction_magnitude_deg,0,38603119
owd_uplink_ms,166.9961,40300000
owd_downlink_ms,168.2255,40300000
prediction_position_error_mm,71.0647851228714,40300000
prediction_orientation_error_deg,0,40300000
owd_uplink_ms,165.3903,40400000
owd_downlink_ms,166.0979,40400000
prediction_position_error_mm,70.52750885486603,40400000
prediction_orientation_error_deg,0,40400000
owd_uplink_ms,166.7286,40500000
owd_downlink_ms,164.4863,40500000
prediction_position_error_mm,69.98349726200104,40500000
prediction_orientation_error_deg,0,40500000
prediction_position_error_mm,73.79909604787827,40600000
prediction_orientation_error_deg,0,40600000
prediction_position_error_mm,73.79909604787827,40700000
prediction_orientation_error_deg,0,40700000
owd_uplink_ms,170.2684,40800000
owd_downlink_ms,169.9562,40800000
owd_uplink_ms,165.7048,40800000
owd_downlink_ms,166.7891,40800000
correction_magnitude_mm,8.64498782902956,39103700
correction_magnitude_deg,0,39103700
prediction_position_error_mm,64.56808745861053,40800000
prediction_orientation_error_deg,0,40800000
owd_uplink_ms,173.462,40900000
owd_downlink_ms,172.1727,40900000
prediction_position_error_mm,72.01870530843735,40900000
prediction_orientation_error_deg,0,40900000
owd_uplink_ms,167.483,41000000
owd_downlink_ms,171.9606,41000000
prediction_position_error_mm,67.7412822842598,41000000
prediction_orientation_error_deg,0,41000000
owd_uplink_ms,166.888,41100000
owd_downlink_ms,171.7307,41100000
prediction_position_error_mm,70.79730927944183,41100000
prediction_orientation_error_deg,0,41100000
owd_uplink_ms,173.993,41200000
owd_downlink_ms,164.5155,41200000
prediction_position_error_mm,66.58120453357697,41200000
prediction_orientation_error_deg,0,41200000
owd_uplink_ms,170.7639,41300000
owd_downlink_ms,169.0744,41300000
correction_magnitude_mm,8.338668383657932,39599779
correction_magnitude_deg,0,39599779
prediction_position_error_mm,65.39570540189743,41300000
prediction_orientation_error_deg,0,41300000
owd_uplink_ms,167.4078,41400000
owd_downlink_ms,170.2044,41400000
owd_uplink_ms,169.5271,41400000
owd_downlink_ms,168.247,41400000
prediction_position_error_mm,61.274465173482895,41400000
prediction_orientation_error_deg,0,41400000
prediction_position_error_mm,68.27402859926224,41500000
prediction_orientation_error_deg,0,41500000
owd_uplink_ms,167.0777,41600000
owd_downlink_ms,170.7553,41600000
prediction_position_error_mm,64.18527662754059,41600000
prediction_orientation_error_deg,0,41600000
owd_uplink_ms,166.6066,41700000
owd_downlink_ms,167.3738,41700000
correction_magnitude_mm,8.079255931079388,40007230
correction_magnitude_deg,0,40007230
owd_uplink_ms,170.7795,41700000
owd_downlink_ms,169.3528,41700000
prediction_position_error_mm,62.950387597084045,41700000
prediction_orientation_error_deg,0,41700000
prediction_position_error_mm,62.950387597084045,41800000
prediction_orientation_error_deg,0,41800000
owd_uplink_ms,170.0657,41900000
owd_downlink_ms,170.4162,41900000
owd_uplink_ms,166.4034,41900000
owd_downlink_ms,165.6562,41900000
prediction_position_error_mm,61.69145181775093,41900000
prediction_orientation_error_deg,0,41900000
owd_uplink_ms,168.3104,42000000
owd_downlink_ms,165.0767,42000000
prediction_position_error_mm,61.05317920446396,42000000
prediction_orientation_error_deg,0,42000000
owd_uplink_ms,168.4094,42100000
owd_downlink_ms,165.7962,42100000
prediction_position_error_mm,60.409050434827805,42100000
prediction_orientation_error_deg,0,42100000
prediction_position_error_mm,60.409050434827805,42200000
prediction_orientation_error_deg,0,42200000
owd_uplink_ms,168.3691,42300000
owd_downlink_ms,171.1162,42300000
prediction_position_error_mm,59.7592256963253,42300000
prediction_orientation_error_deg,0,42300000
owd_uplink_ms,167.5244,42400000
owd_downlink_ms,170.4669,42400000
prediction_position_error_mm,62.222156673669815,42400000
prediction_orientation_error_deg,0,42400000
prediction_position_error_mm,65.2989074587822,42500000
prediction_orientation_error_deg,0,42500000
owd_uplink_ms,172.1324,42600000
owd_downlink_ms,171.2762,42600000
owd_uplink_ms,164.4024,42600000
owd_downlink_ms,164.198,42600000
correction_magnitude_mm,7.451142650097609,40903423
correction_magnitude_deg,0,40903423
owd_uplink_ms,173.0754,42600000
owd_downlink_ms,165.5058,42600000
prediction_position_error_mm,57.10349231958389,42600000
prediction_orientation_error_deg,0,42600000
prediction_position_error_mm,60.09592115879059,42700000
prediction_orientation_error_deg,0,42700000
owd_uplink_ms,170.6848,42800000
owd_downlink_ms,167.6922,42800000
correction_magnitude_mm,7.303549442440271,41090222
correction_magnitude_deg,0,41090222
prediction_position_error_mm,55.74284866452217,42800000
prediction_orientation_error_deg,0,42800000
owd_uplink_ms,164.9216,42900000
owd_downlink_ms,171.7696,42900000
prediction_position_error_mm,55.74284866452217,42900000
prediction_orientation_error_deg,0,42900000
owd_uplink_ms,165.0721,43000000
owd_downlink_ms,166.0426,43000000
correction_magnitude_mm,7.153195794671774,41299996
correction_magnitude_deg,0,41299996
prediction_position_error_mm,54.361049085855484,43000000
prediction_orientation_error_deg,0,43000000
owd_uplink_ms,171.973,43100000
owd_downlink_ms,172.982,43100000
prediction_position_error_mm,57.18138441443443,43100000
prediction_orientation_error_deg,0,43100000
owd_uplink_ms,172.0811,43200000
owd_downlink_ms,169.1597,43200000
correction_magnitude_mm,7.000122684985399,41497606
correction_magnitude_deg,0,41497606
prediction_position_error_mm,52.95867845416069,43200000
prediction_orientation_error_deg,0,43200000
owd_uplink_ms,169.5616,43300000
owd_downlink_ms,170.221,43300000
prediction_position_error_mm,55.69135397672653,43300000
prediction_orientation_error_deg,0,43300000
owd_uplink_ms,171.9665,43400000
owd_downlink_ms,168.8775,43400000
correction_magnitude_mm,6.8444060161709785,41694570
correction_magnitude_deg,0,41694570
owd_uplink_ms,167.3606,43400000
owd_downlink_ms,169.328,43400000
prediction_position_error_mm,48.84768649935722,43400000
prediction_orientation_error_deg,0,43400000
prediction_position_error_mm,54.18027192354202,43500000
prediction_orientation_error_deg,0,43500000
owd_uplink_ms,166.4328,43600000
owd_downlink_ms,166.3775,43600000
correction_magnitude_mm,6.686005741357803,41896962
correction_magnitude_deg,0,41896962
owd_uplink_ms,170.4697,43600000
owd_downlink_ms,169.0114,43600000
prediction_position_error_mm,50.094425678253174,43600000
prediction_orientation_error_deg,0,43600000
owd_uplink_ms,168.2481,43700000
owd_downlink_ms,169.1421,43700000
prediction_position_error_mm,46.81195691227913,43700000
prediction_orientation_error_deg,0,43700000
owd_uplink_ms,167.5619,43800000
owd_downlink_ms,166.9202,43800000
prediction_position_error_mm,48.63376170396805,43800000
prediction_orientation_error_deg,0,43800000
prediction_position_error_mm,48.63376170396805,43900000
prediction_orientation_error_deg,0,43900000
owd_uplink_ms,170.6937,44000000
owd_downlink_ms,166.3863,44000000
prediction_position_error_mm,50.31472444534302,44000000
prediction_orientation_error_deg,0,44000000
owd_uplink_ms,165.5138,44100000
owd_downlink_ms,165.9607,44100000
correction_magnitude_mm,6.279185879975557,42390631
correction_magnitude_deg,0,42390631
prediction_position_error_mm,44.03645545244217,44100000
prediction_orientation_error_deg,0,44100000
owd_uplink_ms,170.9051,44200000
owd_downlink_ms,171.6084,44200000
prediction_position_error_mm,46.408843249082565,44200000
prediction_orientation_error_deg,0,44200000
owd_uplink_ms,167.1176,44300000
owd_downlink_ms,172.4064,44300000
owd_uplink_ms,168.8737,44300000
owd_downlink_ms,166.4583,44300000
prediction_position_error_mm,42.623817920684814,44300000
prediction_orientation_error_deg,0,44300000
prediction_position_error_mm,47.13735356926918,44400000
prediction_orientation_error_deg,0,44400000
owd_uplink_ms,166.4551,44500000
owd_downlink_ms,170.4368,44500000
prediction_position_error_mm,44.14510354399681,44500000
prediction_orientation_error_deg,0,44500000
owd_uplink_ms,166.2495,44600000
owd_downlink_ms,173.1305,44600000
prediction_position_error_mm,45.52222788333893,44600000
prediction_orientation_error_deg,0,44600000
owd_uplink_ms,171.7126,44700000
owd_downlink_ms,164.8685,44700000
correction_magnitude_mm,5.771500989794731,43000125
correction_magnitude_deg,0,43000125
prediction_position_error_mm,41.84483364224434,44700000
prediction_orientation_error_deg,0,44700000
owd_uplink_ms,168.7791,44800000
owd_downlink_ms,172.6865,44800000
prediction_position_error_mm,43.89047995209694,44800000
prediction_orientation_error_deg,0,44800000
owd_uplink_ms,169.4511,44900000
owd_downlink_ms,172.2713,44900000
owd_uplink_ms,169.8259,44900000
owd_downlink_ms,167.6801,44900000
prediction_position_error_mm,40.292177349328995,44900000
prediction_orientation_error_deg,0,44900000
prediction_position_error_mm,42.242810130119324,45000000
prediction_orientation_error_deg,0,45000000
owd_uplink_ms,169.8429,45100000
owd_downlink_ms,172.3524,45100000
prediction_position_error_mm,41.41329228878021,45100000
prediction_orientation_error_deg,0,45100000
owd_uplink_ms,167.0578,45200000
owd_downlink_ms,165.3018,45200000
correction_magnitude_mm,5.3334916010499,43506792
correction_magnitude_deg,0,43506792
owd_uplink_ms,173.004,45200000
owd_downlink_ms,168.448,45200000
prediction_position_error_mm,37.93635964393616,45200000
prediction_orientation_error_deg,0,45200000
prediction_position_error_mm,39.74328562617302,45300000
prediction_orientation_error_deg,0,45300000
owd_uplink_ms,164.7445,45400000
owd_downlink_ms,169.4099,45400000
prediction_position_error_mm,38.90303522348404,45400000
prediction_orientation_error_deg,0,45400000
owd_uplink_ms,172.0591,45500000
owd_downlink_ms,164.5455,45500000
correction_magnitude_mm,5.064684431999922,43797537
correction_magnitude_deg,0,43797537
owd_uplink_ms,166.7696,45500000
owd_downlink_ms,168.4453,45500000
prediction_position_error_mm,35.550639033317566,45500000
prediction_orientation_error_deg,0,45500000
prediction_position_error_mm,35.550639033317566,45600000
prediction_orientation_error_deg,0,45600000
owd_uplink_ms,170.4592,45700000
owd_downlink_ms,167.6128,45700000
owd_uplink_ms,165.8418,45700000
owd_downlink_ms,168.1923,45700000
prediction_position_error_mm,33.944953233003616,45700000
prediction_orientation_error_deg,0,45700000
prediction_position_error_mm,35.50969436764717,45800000
prediction_orientation_error_deg,0,45800000
owd_uplink_ms,170.3654,45900000
owd_downlink_ms,167.0595,45900000
prediction_position_error_mm,34.653812646865845,45900000
prediction_orientation_error_deg,0,45900000
prediction_position_error_mm,36.12073510885239,46000000
prediction_orientation_error_deg,0,46000000
owd_uplink_ms,172.4696,46100000
owd_downlink_ms,172.7984,46100000
owd_uplink_ms,167.5882,46100000
owd_downlink_ms,167.5362,46100000
prediction_position_error_mm,29.2829517275095,46100000
prediction_orientation_error_deg,0,46100000
owd_uplink_ms,172.4144,46200000
owd_downlink_ms,172.1468,46200000
prediction_position_error_mm,32.07036107778549,46200000
prediction_orientation_error_deg,0,46200000
owd_uplink_ms,172.2821,46300000
owd_downlink_ms,166.8172,46300000
prediction_position_error_mm,27.745023369789124,46300000
prediction_orientation_error_deg,0,46300000
owd_uplink_ms,165.2947,46400000
owd_downlink_ms,173.4284,46400000
owd_uplink_ms,167.602,46400000
owd_downlink_ms,168.2376,46400000
prediction_position_error_mm,28.2442644238472,46400000
prediction_orientation_error_deg,0,46400000
owd_uplink_ms,164.1337,46500000
owd_downlink_ms,164.4741,46500000
prediction_position_error_mm,27.421383187174797,46500000
prediction_orientation_error_deg,0,46500000
owd_uplink_ms,166.1431,46600000
owd_downlink_ms,169.5294,46600000
prediction_position_error_mm,26.596901938319206,46600000
prediction_orientation_error_deg,0,46600000
owd_uplink_ms,166.8332,46700000
owd_downlink_ms,168.8262,46700000
prediction_position_error_mm,25.770969688892365,46700000
prediction_orientation_error_deg,0,46700000
owd_uplink_ms,166.301,46800000
owd_downlink_ms,165.1654,46800000
prediction_position_error_mm,23.86917546391487,46800000
prediction_orientation_error_deg,0,46800000
owd_uplink_ms,169.1964,46900000
owd_downlink_ms,168.7556,46900000
prediction_position_error_mm,23.090004920959473,46900000
prediction_orientation_error_deg,0,46900000
owd_uplink_ms,166.7549,47000000
owd_downlink_ms,168.0133,47000000
prediction_position_error_mm,23.286469280719757,47000000
prediction_orientation_error_deg,0,47000000
owd_uplink_ms,169.2289,47100000
owd_downlink_ms,168.2795,47100000
prediction_position_error_mm,22.456839680671692,47100000
prediction_orientation_error_deg,0,47100000
owd_uplink_ms,169.1659,47200000
owd_downlink_ms,164.9863,47200000
prediction_position_error_mm,21.62693813443184,47200000
prediction_orientation_error_deg,0,47200000
prediction_position_error_mm,22.45650626718998,47300000
prediction_orientation_error_deg,0,47300000
owd_uplink_ms,173.3212,47400000
owd_downlink_ms,168.6155,47400000
prediction_position_error_mm,19.967658445239067,47400000
prediction_orientation_error_deg,0,47400000
owd_uplink_ms,165.1864,47500000
owd_downlink_ms,172.2306,47500000
owd_uplink_ms,165.5143,47500000
owd_downlink_ms,164.4244,47500000
prediction_position_error_mm,19.138988107442856,47500000
prediction_orientation_error_deg,0,47500000
owd_uplink_ms,164.3621,47600000
owd_downlink_ms,166.4368,47600000
prediction_position_error_mm,18.311651423573494,47600000
prediction_orientation_error_deg,0,47600000
prediction_position_error_mm,18.948683515191078,47700000
prediction_orientation_error_deg,0,47700000
owd_uplink_ms,167.1,47800000
owd_downlink_ms,171.5247,47800000
prediction_position_error_mm,17.48604141175747,47800000
prediction_orientation_error_deg,0,47800000
owd_uplink_ms,164.7941,47900000
owd_downlink_ms,163.8269,47900000
prediction_position_error_mm,15.842925757169724,47900000
prediction_orientation_error_deg,0,47900000
owd_uplink_ms,172.5603,48000000
owd_downlink_ms,173.0934,48000000
prediction_position_error_mm,15.842925757169724,48000000
prediction_orientation_error_deg,0,48000000
owd_uplink_ms,172.503,48100000
owd_downlink_ms,168.448,48100000
prediction_position_error_mm,13.762655667960644,48100000
prediction_orientation_error_deg,0,48100000
owd_uplink_ms,167.2131,48200000
owd_downlink_ms,170.4418,48200000
prediction_position_error_mm,14.2161063849926,48200000
prediction_orientation_error_deg,0,48200000
owd_uplink_ms,167.9823,48300000
owd_downlink_ms,169.6136,48300000
prediction_position_error_mm,13.775687664747238,48300000
prediction_orientation_error_deg,0,48300000
owd_uplink_ms,168.309,48400000
owd_downlink_ms,169.0893,48400000
owd_uplink_ms,168.8141,48400000
owd_downlink_ms,164.6645,48400000
prediction_position_error_mm,11.503085494041443,48400000
prediction_orientation_error_deg,0,48400000
prediction_position_error_mm,12.110751122236252,48500000
prediction_orientation_error_deg,0,48500000
prediction_position_error_mm,12.110751122236252,48600000
prediction_orientation_error_deg,0,48600000
owd_uplink_ms,172.6413,48700000
owd_downlink_ms,170.6166,48700000
owd_uplink_ms,170.4723,48700000
owd_downlink_ms,166.9579,48700000
prediction_position_error_mm,9.556290693581104,48700000
prediction_orientation_error_deg,0,48700000
owd_uplink_ms,166.5847,48800000
owd_downlink_ms,171.9779,48800000
prediction_position_error_mm,9.556290693581104,48800000
prediction_orientation_error_deg,0,48800000
owd_uplink_ms,165.6424,48900000
owd_downlink_ms,172.4944,48900000
owd_uplink_ms,165.3241,48900000
owd_downlink_ms,163.268,48900000
prediction_position_error_mm,8.159453049302101,48900000
prediction_orientation_error_deg,0,48900000
prediction_position_error_mm,8.159453049302101,49000000
prediction_orientation_error_deg,0,49000000
owd_uplink_ms,166.1639,49100000
owd_downlink_ms,172.0167,49100000
owd_uplink_ms,170.7569,49100000
owd_downlink_ms,168.0158,49100000
prediction_position_error_mm,6.791787687689066,49100000
prediction_orientation_error_deg,0,49100000
prediction_position_error_mm,6.9280448369681835,49200000
prediction_orientation_error_deg,0,49200000
owd_uplink_ms,169.6042,49300000
owd_downlink_ms,170.3686,49300000
prediction_position_error_mm,6.5375217236578465,49300000
prediction_orientation_error_deg,0,49300000
owd_uplink_ms,167.0621,49400000
owd_downlink_ms,170.758,49400000
owd_uplink_ms,167.6486,49400000
owd_downlink_ms,164.2517,49400000
prediction_position_error_mm,5.447612144052982,49400000
prediction_orientation_error_deg,0,49400000
prediction_position_error_mm,5.839056335389614,49500000
prediction_orientation_error_deg,0,49500000
owd_uplink_ms,170.8263,49600000
owd_downlink_ms,166.9278,49600000
prediction_position_error_mm,5.359360482543707,49600000
prediction_orientation_error_deg,0,49600000
owd_uplink_ms,172.3709,49700000
owd_downlink_ms,171.4712,49700000
prediction_position_error_mm,5.359360482543707,49700000
prediction_orientation_error_deg,0,49700000
owd_uplink_ms,173.4572,49800000
owd_downlink_ms,167.5997,49800000
prediction_position_error_mm,5.435428582131863,49800000
prediction_orientation_error_deg,0,49800000
prediction_position_error_mm,5.850859452039003,49900000
prediction_orientation_error_deg,0,49900000
owd_uplink_ms,174.11,50000000
owd_downlink_ms,172.7147,50000000
prediction_position_error_mm,6.692300084978342,50000000
prediction_orientation_error_deg,0,50000000
