name,value,ticks
prediction_position_error_mm,0,100000
prediction_orientation_error_deg,0,100000
prediction_position_error_mm,0,200000
prediction_orientation_error_deg,0,200000
prediction_position_error_mm,0,300000
prediction_orientation_error_deg,0,300000
prediction_position_error_mm,0,400000
prediction_orientation_error_deg,0,400000
prediction_position_error_mm,0,500000
prediction_orientation_error_deg,0,500000
prediction_position_error_mm,0,600000
prediction_orientation_error_deg,0,600000
prediction_position_error_mm,0,700000
prediction_orientation_error_deg,0,700000
prediction_position_error_mm,0,800000
prediction_orientation_error_deg,0,800000
prediction_position_error_mm,0,900000
prediction_orientation_error_deg,0,900000
prediction_position_error_mm,0,1000000
prediction_orientation_error_deg,0,1000000
prediction_position_error_mm,0,1100000
prediction_orientation_error_deg,0,1100000
prediction_position_error_mm,0,1200000
prediction_orientation_error_deg,0,1200000
prediction_position_error_mm,0,1300000
prediction_orientation_error_deg,0,1300000
prediction_position_error_mm,0,1400000
prediction_orientation_error_deg,0,1400000
prediction_position_error_mm,0,1500000
prediction_orientation_error_deg,0,1500000
prediction_position_error_mm,0,1600000
prediction_orientation_error_deg,0,1600000
prediction_position_error_mm,0,1700000
prediction_orientation_error_deg,0,1700000
prediction_position_error_mm,0,1800000
prediction_orientation_error_deg,0,1800000
prediction_position_error_mm,0,1900000
prediction_orientation_error_deg,0,1900000
prediction_position_error_mm,0,2000000
prediction_orientation_error_deg,0,2000000
prediction_position_error_mm,0,2100000
prediction_orientation_error_deg,0,2100000
prediction_position_error_mm,0,2200000
prediction_orientation_error_deg,0,2200000
prediction_position_error_mm,1299.9999523162842,2300000
prediction_orientation_error_deg,0,2300000
prediction_position_error_mm,1299.9999523162842,2400000
prediction_orientation_error_deg,0,2400000
prediction_position_error_mm,1300.0023365020752,2500000
prediction_orientation_error_deg,0,2500000
prediction_position_error_mm,1300.0091314315796,2600000
prediction_orientation_error_deg,0,2600000
prediction_position_error_mm,1300.0361919403076,2700000
prediction_orientation_error_deg,0,2700000
prediction_position_error_mm,1300.0564575195312,2800000
prediction_orientation_error_deg,0,2800000
prediction_position_error_mm,1300.0812530517578,2900000
prediction_orientation_error_deg,0,2900000
prediction_position_error_mm,1300.0812530517578,3000000
prediction_orientation_error_deg,0,3000000
prediction_position_error_mm,1300.1103401184082,3100000
prediction_orientation_error_deg,0,3100000
prediction_position_error_mm,1300.1817464828491,3200000
prediction_orientation_error_deg,0,3200000
prediction_position_error_mm,1300.2238273620605,3300000
prediction_orientation_error_deg,0,3300000
prediction_position_error_mm,1300.2238273620605,3400000
prediction_orientation_error_deg,0,3400000
prediction_position_error_mm,1300.3205060958862,3500000
prediction_orientation_error_deg,0,3500000
prediction_position_error_mm,1300.3751039505005,3600000
prediction_orientation_error_deg,0,3600000
prediction_position_error_mm,1300.3751039505005,3700000
prediction_orientation_error_deg,0,3700000
prediction_position_error_mm,1300.495982170105,3800000
prediction_orientation_error_deg,0,3800000
prediction_position_error_mm,1300.495982170105,3900000
prediction_orientation_error_deg,0,3900000
prediction_position_error_mm,1300.5622625350952,4000000
prediction_orientation_error_deg,0,4000000
prediction_position_error_mm,1300.7055521011353,4100000
prediction_orientation_error_deg,0,4100000
prediction_position_error_mm,1300.782561302185,4200000
prediction_orientation_error_deg,0,4200000
prediction_position_error_mm,1300.782561302185,4300000
prediction_orientation_error_deg,0,4300000
prediction_position_error_mm,1300.8630275726318,4400000
prediction_orientation_error_deg,0,4400000
owd_uplink_ms,218.1531,4500000
owd_downlink_ms,218.1531,4500000
correction_magnitude_mm,1299.9999523162842,2304020
correction_magnitude_deg,0,2304020
prediction_position_error_mm,104.28015142679214,4500000
prediction_orientation_error_deg,0,4500000
prediction_position_error_mm,114.05476927757263,4600000
prediction_orientation_error_deg,0,4600000
prediction_position_error_mm,118.92633140087128,4700000
prediction_orientation_error_deg,0,4700000
owd_uplink_ms,222.925,4800000
owd_downlink_ms,224.242,4800000
prediction_position_error_mm,61.9758777320385,4800000
prediction_orientation_error_deg,0,4800000
owd_uplink_ms,221.7593,4900000
owd_downlink_ms,219.7753,4900000
owd_uplink_ms,219.4771,4900000
owd_downlink_ms,215.3716,4900000
correction_magnitude_mm,5.132207181304693,2698054
correction_magnitude_deg,0,2698054
owd_uplink_ms,223.8062,4900000
owd_downlink_ms,218.838,4900000
prediction_position_error_mm,108.65333676338196,4900000
prediction_orientation_error_deg,0,4900000
prediction_position_error_mm,108.65333676338196,5000000
prediction_orientation_error_deg,0,5000000
owd_uplink_ms,215.2561,5100000
owd_downlink_ms,223.3805,5100000
owd_uplink_ms,217.2579,5100000
owd_downlink_ms,219.1531,5100000
prediction_position_error_mm,4.984164610505104,5100000
prediction_orientation_error_deg,0,5100000
prediction_position_error_mm,5.252557806670666,5200000
prediction_orientation_error_deg,0,5200000
prediction_position_error_mm,4.5342110097408295,5300000
prediction_orientation_error_deg,0,5300000
owd_uplink_ms,222.0952,5400000
owd_downlink_ms,219.9479,5400000
prediction_position_error_mm,59.70107391476631,5400000
prediction_orientation_error_deg,0,5400000
owd_uplink_ms,218.6108,5500000
owd_downlink_ms,220.5755,5500000
correction_magnitude_mm,7.379445713013411,3204137
correction_magnitude_deg,0,3204137
owd_uplink_ms,221.6983,5500000
owd_downlink_ms,223.4096,5500000
owd_uplink_ms,220.2434,5500000
owd_downlink_ms,218.725,5500000
prediction_position_error_mm,9.34502761811018,5500000
prediction_orientation_error_deg,0,5500000
prediction_position_error_mm,9.755381383001804,5600000
prediction_orientation_error_deg,0,5600000
owd_uplink_ms,223.0536,5700000
owd_downlink_ms,217.2708,5700000
prediction_position_error_mm,7.650475483387709,5700000
prediction_orientation_error_deg,0,5700000
owd_uplink_ms,219.4529,5800000
owd_downlink_ms,220.5497,5800000
prediction_position_error_mm,111.87214404344559,5800000
prediction_orientation_error_deg,0,5800000
owd_uplink_ms,217.3759,5900000
owd_downlink_ms,221.8685,5900000
prediction_position_error_mm,3.920714370906353,5900000
prediction_orientation_error_deg,0,5900000
owd_uplink_ms,222.0178,6000000
owd_downlink_ms,215.4694,6000000
prediction_position_error_mm,8.50414764136076,6000000
prediction_orientation_error_deg,0,6000000
owd_uplink_ms,216.8556,6100000
owd_downlink_ms,222.5678,6100000
prediction_position_error_mm,106.41703754663467,6100000
prediction_orientation_error_deg,0,6100000
prediction_position_error_mm,111.09813302755356,6200000
prediction_orientation_error_deg,0,6200000
owd_uplink_ms,221.3021,6300000
owd_downlink_ms,222.7276,6300000
owd_uplink_ms,215.9988,6300000
owd_downlink_ms,216.2065,6300000
correction_magnitude_mm,7.411164231598377,4105131
correction_magnitude_deg,0,4105131
owd_uplink_ms,221.1107,6300000
owd_downlink_ms,219.5451,6300000
prediction_position_error_mm,100.95773637294769,6300000
prediction_orientation_error_deg,0,6300000
prediction_position_error_mm,110.23465543985367,6400000
prediction_orientation_error_deg,0,6400000
owd_uplink_ms,218.7593,6500000
owd_downlink_ms,219.8849,6500000
prediction_position_error_mm,5.621963180601597,6500000
prediction_orientation_error_deg,0,6500000
owd_uplink_ms,221.0265,6600000
owd_downlink_ms,218.2592,6600000
prediction_position_error_mm,54.718367755413055,6600000
prediction_orientation_error_deg,0,6600000
owd_uplink_ms,220.4493,6700000
owd_downlink_ms,219.3358,6700000
prediction_position_error_mm,6.152354646474123,6700000
prediction_orientation_error_deg,0,6700000
owd_uplink_ms,221.1767,6800000
owd_downlink_ms,216.4255,6800000
correction_magnitude_mm,5.101819057017565,4593791
correction_magnitude_deg,0,4593791
owd_uplink_ms,215.3965,6800000
owd_downlink_ms,218.2224,6800000
prediction_position_error_mm,104.0644645690918,6800000
prediction_orientation_error_deg,0,6800000
prediction_position_error_mm,104.0644645690918,6900000
prediction_orientation_error_deg,0,6900000
owd_uplink_ms,218.6081,7000000
owd_downlink_ms,222.2616,7000000
owd_uplink_ms,219.0375,7000000
owd_downlink_ms,216.8631,7000000
prediction_position_error_mm,11.785350739955902,7000000
prediction_orientation_error_deg,0,7000000
prediction_position_error_mm,8.402317762374878,7100000
prediction_orientation_error_deg,0,7100000
owd_uplink_ms,215.8019,7200000
owd_downlink_ms,220.2283,7200000
prediction_position_error_mm,4.700632765889168,7200000
prediction_orientation_error_deg,0,7200000
prediction_position_error_mm,5.073723383247852,7300000
prediction_orientation_error_deg,0,7300000
owd_uplink_ms,221.5202,7400000
owd_downlink_ms,222.2068,7400000
prediction_position_error_mm,56.34862184524536,7400000
prediction_orientation_error_deg,0,7400000
owd_uplink_ms,224.5926,7500000
owd_downlink_ms,222.0262,7500000
owd_uplink_ms,217.6593,7500000
owd_downlink_ms,216.376,7500000
owd_uplink_ms,221.4025,7500000
owd_downlink_ms,217.3559,7500000
prediction_position_error_mm,101.52414441108704,7500000
prediction_orientation_error_deg,0,7500000
prediction_position_error_mm,101.52414441108704,7600000
prediction_orientation_error_deg,0,7600000
owd_uplink_ms,216.6114,7700000
owd_downlink_ms,220.9293,7700000
prediction_position_error_mm,9.57608874887228,7700000
prediction_orientation_error_deg,0,7700000
owd_uplink_ms,223.3213,7800000
owd_downlink_ms,218.3723,7800000
prediction_position_error_mm,50.81965774297714,7800000
prediction_orientation_error_deg,0,7800000
prediction_position_error_mm,52.6883602142334,7900000
prediction_orientation_error_deg,0,7900000
owd_uplink_ms,217.6803,8000000
owd_downlink_ms,221.809,8000000
correction_magnitude_mm,6.917617283761501,5700062
correction_magnitude_deg,0,5700062
owd_uplink_ms,223.0938,8000000
owd_downlink_ms,223.6671,8000000
prediction_position_error_mm,99.8784676194191,8000000
prediction_orientation_error_deg,0,8000000
owd_uplink_ms,216.9957,8100000
owd_downlink_ms,222.0538,8100000
prediction_position_error_mm,4.889311734586954,8100000
prediction_orientation_error_deg,0,8100000
owd_uplink_ms,218.5485,8200000
owd_downlink_ms,215.9304,8200000
prediction_position_error_mm,11.589949019253254,8200000
prediction_orientation_error_deg,0,8200000
owd_uplink_ms,222.3818,8300000
owd_downlink_ms,220.9837,8300000
prediction_position_error_mm,98.55477511882782,8300000
prediction_orientation_error_deg,0,8300000
owd_uplink_ms,220.2534,8400000
owd_downlink_ms,218.2198,8400000
prediction_position_error_mm,49.732401967048645,8400000
prediction_orientation_error_deg,0,8400000
prediction_position_error_mm,51.526136696338654,8500000
prediction_orientation_error_deg,0,8500000
owd_uplink_ms,224.3325,8600000
owd_downlink_ms,224.1116,8600000
prediction_position_error_mm,7.519087288528681,8600000
prediction_orientation_error_deg,0,8600000
owd_uplink_ms,217.2941,8700000
owd_downlink_ms,220.701,8700000
owd_uplink_ms,223.6313,8700000
owd_downlink_ms,222.0866,8700000
owd_uplink_ms,218.7462,8700000
owd_downlink_ms,215.6472,8700000
prediction_position_error_mm,12.545260600745678,8700000
prediction_orientation_error_deg,0,8700000
prediction_position_error_mm,17.235493287444115,8800000
prediction_orientation_error_deg,0,8800000
owd_uplink_ms,216.0419,8900000
owd_downlink_ms,220.2004,8900000
prediction_position_error_mm,6.410055328160524,8900000
prediction_orientation_error_deg,0,8900000
owd_uplink_ms,222.324,9000000
owd_downlink_ms,215.7478,9000000
prediction_position_error_mm,15.100831165909767,9000000
prediction_orientation_error_deg,0,9000000
owd_uplink_ms,219.3116,9100000
owd_downlink_ms,222.6375,9100000
prediction_position_error_mm,98.68030250072479,9100000
prediction_orientation_error_deg,0,9100000
owd_uplink_ms,223.5937,9200000
owd_downlink_ms,218.0057,9200000
prediction_position_error_mm,42.34054684638977,9200000
prediction_orientation_error_deg,0,9200000
owd_uplink_ms,222.6684,9300000
owd_downlink_ms,217.5246,9300000
correction_magnitude_mm,6.817726418375969,7085439
correction_magnitude_deg,0,7085439
owd_uplink_ms,217.1428,9300000
owd_downlink_ms,218.4222,9300000
prediction_position_error_mm,93.08119118213654,9300000
prediction_orientation_error_deg,0,9300000
prediction_position_error_mm,93.08119118213654,9400000
prediction_orientation_error_deg,0,9400000
owd_uplink_ms,220.3448,9500000
owd_downlink_ms,219.0331,9500000
prediction_position_error_mm,42.664945125579834,9500000
prediction_orientation_error_deg,0,9500000
owd_uplink_ms,220.5189,9600000
owd_downlink_ms,220.5134,9600000
correction_magnitude_mm,6.635600235313177,7385394
correction_magnitude_deg,0,7385394
prediction_position_error_mm,105.752132833004,9600000
prediction_orientation_error_deg,0,9600000
owd_uplink_ms,215.0086,9700000
owd_downlink_ms,224.0256,9700000
prediction_position_error_mm,95.27406096458435,9700000
prediction_orientation_error_deg,0,9700000
owd_uplink_ms,215.6971,9800000
owd_downlink_ms,221.8364,9800000
prediction_position_error_mm,4.971777554601431,9800000
prediction_orientation_error_deg,0,9800000
prediction_position_error_mm,6.156641524285078,9900000
prediction_orientation_error_deg,0,9900000
owd_uplink_ms,221.7244,10000000
owd_downlink_ms,221.5173,10000000
prediction_position_error_mm,43.74928027391434,10000000
prediction_orientation_error_deg,0,10000000
owd_uplink_ms,218.5014,10100000
owd_downlink_ms,219.4839,10100000
correction_magnitude_mm,6.490133237093687,7805308
correction_magnitude_deg,0,7805308
owd_uplink_ms,220.7329,10100000
owd_downlink_ms,222.0044,10100000
prediction_position_error_mm,89.13076668977737,10100000
prediction_orientation_error_deg,0,10100000
owd_uplink_ms,216.7177,10200000
owd_downlink_ms,221.3525,10200000
prediction_position_error_mm,5.283072125166655,10200000
prediction_orientation_error_deg,0,10200000
prediction_position_error_mm,7.474839221686125,10300000
prediction_orientation_error_deg,0,10300000
owd_uplink_ms,222.7255,10400000
owd_downlink_ms,219.698,10400000
prediction_position_error_mm,41.576627641916275,10400000
prediction_orientation_error_deg,0,10400000
owd_uplink_ms,222.874,10500000
owd_downlink_ms,222.7076,10500000
owd_uplink_ms,223.629,10500000
owd_downlink_ms,218.3546,10500000
prediction_position_error_mm,11.157726868987083,10500000
prediction_orientation_error_deg,0,10500000
owd_uplink_ms,216.6671,10600000
owd_downlink_ms,215.8432,10600000
owd_uplink_ms,223.2902,10600000
owd_downlink_ms,220.0389,10600000
prediction_position_error_mm,85.48884093761444,10600000
prediction_orientation_error_deg,0,10600000
prediction_position_error_mm,85.48884093761444,10700000
prediction_orientation_error_deg,0,10700000
owd_uplink_ms,217.3965,10800000
owd_downlink_ms,223.6482,10800000
prediction_position_error_mm,6.799438502639532,10800000
prediction_orientation_error_deg,0,10800000
prediction_position_error_mm,7.521043065935373,10900000
prediction_orientation_error_deg,0,10900000
owd_uplink_ms,223.2522,11000000
owd_downlink_ms,222.2072,11000000
owd_uplink_ms,219.763,11000000
owd_downlink_ms,222.1838,11000000
prediction_position_error_mm,83.5883691906929,11000000
prediction_orientation_error_deg,0,11000000
prediction_position_error_mm,87.03606575727463,11100000
prediction_orientation_error_deg,0,11100000
owd_uplink_ms,221.6045,11200000
owd_downlink_ms,221.2342,11200000
owd_uplink_ms,222.2232,11200000
owd_downlink_ms,217.3847,11200000
prediction_position_error_mm,11.317571625113487,11200000
prediction_orientation_error_deg,0,11200000
owd_uplink_ms,216.5864,11300000
owd_downlink_ms,216.9528,11300000
prediction_position_error_mm,95.92528641223907,11300000
prediction_orientation_error_deg,0,11300000
owd_uplink_ms,221.7601,11400000
owd_downlink_ms,222.66,11400000
prediction_position_error_mm,80.98065108060837,11400000
prediction_orientation_error_deg,0,11400000
owd_uplink_ms,216.2967,11500000
owd_downlink_ms,217.9815,11500000
correction_magnitude_mm,7.955188862979412,9303717
correction_magnitude_deg,0,9303717
owd_uplink_ms,221.1871,11500000
owd_downlink_ms,218.3838,11500000
prediction_position_error_mm,79.6479880809784,11500000
prediction_orientation_error_deg,0,11500000
prediction_position_error_mm,79.6479880809784,11600000
prediction_orientation_error_deg,0,11600000
owd_uplink_ms,223.3686,11700000
owd_downlink_ms,219.7134,11700000
prediction_position_error_mm,34.009452909231186,11700000
prediction_orientation_error_deg,0,11700000
owd_uplink_ms,223.1297,11800000
owd_downlink_ms,217.6749,11800000
correction_magnitude_mm,5.875897128134966,9588826
correction_magnitude_deg,0,9588826
prediction_position_error_mm,107.51144587993622,11800000
prediction_orientation_error_deg,0,11800000
owd_uplink_ms,218.5475,11900000
owd_downlink_ms,222.1692,11900000
prediction_position_error_mm,80.77304810285568,11900000
prediction_orientation_error_deg,0,11900000
owd_uplink_ms,215.5053,12000000
owd_downlink_ms,224.1213,12000000
prediction_position_error_mm,5.97599521279335,12000000
prediction_orientation_error_deg,0,12000000
owd_uplink_ms,216.6435,12100000
owd_downlink_ms,220.9556,12100000
prediction_position_error_mm,7.213345263153315,12100000
prediction_orientation_error_deg,0,12100000
owd_uplink_ms,224.9444,12200000
owd_downlink_ms,217.0974,12200000
prediction_position_error_mm,31.965378671884537,12200000
prediction_orientation_error_deg,0,12200000
owd_uplink_ms,220.9404,12300000
owd_downlink_ms,218.9629,12300000
prediction_position_error_mm,9.58679523319006,12300000
prediction_orientation_error_deg,0,12300000
owd_uplink_ms,219.82,12400000
owd_downlink_ms,219.6205,12400000
prediction_position_error_mm,91.20887517929077,12400000
prediction_orientation_error_deg,0,12400000
owd_uplink_ms,217.296,12500000
owd_downlink_ms,220.0763,12500000
prediction_position_error_mm,73.45733791589737,12500000
prediction_orientation_error_deg,0,12500000
owd_uplink_ms,221.1352,12600000
owd_downlink_ms,218.9792,12600000
prediction_position_error_mm,34.99820828437805,12600000
prediction_orientation_error_deg,0,12600000
owd_uplink_ms,215.9557,12700000
owd_downlink_ms,216.5625,12700000
correction_magnitude_mm,5.378964822739363,10498524
correction_magnitude_deg,0,10498524
prediction_position_error_mm,87.6486673951149,12700000
prediction_orientation_error_deg,0,12700000
owd_uplink_ms,224.4113,12800000
owd_downlink_ms,221.1258,12800000
prediction_position_error_mm,74.19950515031815,12800000
prediction_orientation_error_deg,0,12800000
owd_uplink_ms,217.4943,12900000
owd_downlink_ms,224.2518,12900000
prediction_position_error_mm,10.386786423623562,12900000
prediction_orientation_error_deg,0,12900000
owd_uplink_ms,220.0729,13000000
owd_downlink_ms,216.0486,13000000
prediction_position_error_mm,12.66143936663866,13000000
prediction_orientation_error_deg,0,13000000
owd_uplink_ms,218.0196,13100000
owd_downlink_ms,223.8092,13100000
prediction_position_error_mm,69.20678168535233,13100000
prediction_orientation_error_deg,0,13100000
owd_uplink_ms,217.9377,13200000
owd_downlink_ms,219.3791,13200000
prediction_position_error_mm,12.077881954610348,13200000
prediction_orientation_error_deg,0,13200000
prediction_position_error_mm,13.004893437027931,13300000
prediction_orientation_error_deg,0,13300000
owd_uplink_ms,220.8908,13400000
owd_downlink_ms,220.0938,13400000
owd_uplink_ms,218.7056,13400000
owd_downlink_ms,219.292,13400000
correction_magnitude_mm,5.068376660346985,11206606
correction_magnitude_deg,0,11206606
prediction_position_error_mm,85.28342097997665,13400000
prediction_orientation_error_deg,0,13400000
owd_uplink_ms,221.9422,13500000
owd_downlink_ms,223.1599,13500000
prediction_position_error_mm,68.97929310798645,13500000
prediction_orientation_error_deg,0,13500000
owd_uplink_ms,219.0639,13600000
owd_downlink_ms,223.3848,13600000
prediction_position_error_mm,8.717932738363743,13600000
prediction_orientation_error_deg,0,13600000
owd_uplink_ms,219.3767,13700000
owd_downlink_ms,215.7137,13700000
prediction_position_error_mm,12.539067305624485,13700000
prediction_orientation_error_deg,0,13700000
owd_uplink_ms,224.8721,13800000
owd_downlink_ms,222.7844,13800000
prediction_position_error_mm,66.74026697874069,13800000
prediction_orientation_error_deg,0,13800000
prediction_position_error_mm,66.74026697874069,13900000
prediction_orientation_error_deg,0,13900000
owd_uplink_ms,225.0789,14000000
owd_downlink_ms,221.7681,14000000
owd_uplink_ms,220.0248,14000000
owd_downlink_ms,216.7743,14000000
prediction_position_error_mm,86.2802267074585,14000000
prediction_orientation_error_deg,0,14000000
owd_uplink_ms,219.7288,14100000
owd_downlink_ms,224.1496,14100000
owd_uplink_ms,219.7494,14100000
owd_downlink_ms,216.3074,14100000
prediction_position_error_mm,13.786026276648045,14100000
prediction_orientation_error_deg,0,14100000
prediction_position_error_mm,14.936300925910473,14200000
prediction_orientation_error_deg,0,14200000
owd_uplink_ms,219.1961,14300000
owd_downlink_ms,222.3339,14300000
owd_uplink_ms,217.1382,14300000
owd_downlink_ms,216.8975,14300000
prediction_position_error_mm,11.386682279407978,14300000
prediction_orientation_error_deg,0,14300000
prediction_position_error_mm,12.440206483006477,14400000
prediction_orientation_error_deg,0,14400000
owd_uplink_ms,223.1498,14500000
owd_downlink_ms,215.9155,14500000
prediction_position_error_mm,16.31544716656208,14500000
prediction_orientation_error_deg,0,14500000
owd_uplink_ms,217.6808,14600000
owd_downlink_ms,221.4984,14600000
owd_uplink_ms,216.5244,14600000
owd_downlink_ms,219.6944,14600000
prediction_position_error_mm,10.766523890197277,14600000
prediction_orientation_error_deg,0,14600000
prediction_position_error_mm,10.609920136630535,14700000
prediction_orientation_error_deg,0,14700000
owd_uplink_ms,221.2262,14800000
owd_downlink_ms,218.3529,14800000
prediction_position_error_mm,12.995028868317604,14800000
prediction_orientation_error_deg,0,14800000
owd_uplink_ms,219.2611,14900000
owd_downlink_ms,221.6289,14900000
prediction_position_error_mm,56.511279195547104,14900000
prediction_orientation_error_deg,0,14900000
owd_uplink_ms,216.7336,15000000
owd_downlink_ms,222.1932,15000000
owd_uplink_ms,218.2013,15000000
owd_downlink_ms,218.2593,15000000
prediction_position_error_mm,11.449003592133522,15000000
prediction_orientation_error_deg,0,15000000
prediction_position_error_mm,12.52448558807373,15100000
prediction_orientation_error_deg,0,15100000
prediction_position_error_mm,14.752582646906376,15200000
prediction_orientation_error_deg,0,15200000
owd_uplink_ms,222.8564,15300000
owd_downlink_ms,221.6285,15300000
owd_uplink_ms,218.6405,15300000
owd_downlink_ms,222.487,15300000
prediction_position_error_mm,55.95418065786362,15300000
prediction_orientation_error_deg,0,15300000
owd_uplink_ms,222.1301,15400000
owd_downlink_ms,214.8878,15400000
prediction_position_error_mm,24.290502071380615,15400000
prediction_orientation_error_deg,0,15400000
owd_uplink_ms,224.1068,15500000
owd_downlink_ms,216.2516,15500000
prediction_position_error_mm,16.093624755740166,15500000
prediction_orientation_error_deg,0,15500000
prediction_position_error_mm,17.467672005295753,15600000
prediction_orientation_error_deg,0,15600000
owd_uplink_ms,220.3873,15700000
owd_downlink_ms,223.0689,15700000
owd_uplink_ms,219.1203,15700000
owd_downlink_ms,218.9643,15700000
prediction_position_error_mm,68.41105222702026,15700000
prediction_orientation_error_deg,0,15700000
owd_uplink_ms,222.0709,15800000
owd_downlink_ms,222.2335,15800000
prediction_position_error_mm,52.697326987981796,15800000
prediction_orientation_error_deg,0,15800000
owd_uplink_ms,216.5082,15900000
owd_downlink_ms,222.5249,15900000
owd_uplink_ms,219.5906,15900000
owd_downlink_ms,216.3118,15900000
prediction_position_error_mm,14.88514058291912,15900000
prediction_orientation_error_deg,0,15900000
owd_uplink_ms,218.9809,16000000
owd_downlink_ms,217.2873,16000000
prediction_position_error_mm,12.99886405467987,16000000
prediction_orientation_error_deg,0,16000000
prediction_position_error_mm,14.998650178313255,16100000
prediction_orientation_error_deg,0,16100000
owd_uplink_ms,221.1729,16200000
owd_downlink_ms,217.0625,16200000
owd_uplink_ms,218.0162,16200000
owd_downlink_ms,219.7057,16200000
prediction_position_error_mm,47.84853756427765,16200000
prediction_orientation_error_deg,0,16200000
prediction_position_error_mm,47.84853756427765,16300000
prediction_orientation_error_deg,0,16300000
owd_uplink_ms,218.9758,16400000
owd_downlink_ms,221.8954,16400000
owd_uplink_ms,218.7585,16400000
owd_downlink_ms,218.7198,16400000
prediction_position_error_mm,12.29539792984724,16400000
prediction_orientation_error_deg,0,16400000
owd_uplink_ms,216.2793,16500000
owd_downlink_ms,217.9713,16500000
prediction_position_error_mm,11.626376770436764,16500000
prediction_orientation_error_deg,0,16500000
owd_uplink_ms,216.9794,16600000
owd_downlink_ms,217.6667,16600000
prediction_position_error_mm,12.49671820551157,16600000
prediction_orientation_error_deg,0,16600000
prediction_position_error_mm,13.149909675121307,16700000
prediction_orientation_error_deg,0,16700000
prediction_position_error_mm,14.31732065975666,16800000
prediction_orientation_error_deg,0,16800000
owd_uplink_ms,223.3075,16900000
owd_downlink_ms,222.5857,16900000
owd_uplink_ms,217.6171,16900000
owd_downlink_ms,219.46,16900000
prediction_position_error_mm,58.39269980788231,16900000
prediction_orientation_error_deg,0,16900000
owd_uplink_ms,225.0417,17000000
owd_downlink_ms,223.3883,17000000
prediction_position_error_mm,46.26663774251938,17000000
prediction_orientation_error_deg,0,17000000
owd_uplink_ms,217.8809,17100000
owd_downlink_ms,220.1822,17100000
prediction_position_error_mm,13.518616557121277,17100000
prediction_orientation_error_deg,0,17100000
prediction_position_error_mm,14.640667475759983,17200000
prediction_orientation_error_deg,0,17200000
owd_uplink_ms,216.1132,17300000
owd_downlink_ms,219.6337,17300000
owd_uplink_ms,225.0967,17300000
owd_downlink_ms,224.1323,17300000
owd_uplink_ms,216.2619,17300000
owd_downlink_ms,217.5222,17300000
prediction_position_error_mm,12.478405609726906,17300000
prediction_orientation_error_deg,0,17300000
prediction_position_error_mm,13.56075331568718,17400000
prediction_orientation_error_deg,0,17400000
owd_uplink_ms,222.689,17500000
owd_downlink_ms,217.686,17500000
prediction_position_error_mm,13.902115635573864,17500000
prediction_orientation_error_deg,0,17500000
owd_uplink_ms,220.2569,17600000
owd_downlink_ms,223.6394,17600000
prediction_position_error_mm,42.331330478191376,17600000
prediction_orientation_error_deg,0,17600000
owd_uplink_ms,216.9651,17700000
owd_downlink_ms,222.4267,17700000
owd_uplink_ms,220.3362,17700000
owd_downlink_ms,215.541,17700000
prediction_position_error_mm,14.10201471298933,17700000
prediction_orientation_error_deg,0,17700000
prediction_position_error_mm,15.318348072469234,17800000
prediction_orientation_error_deg,0,17800000
owd_uplink_ms,217.7812,17900000
owd_downlink_ms,222.158,17900000
owd_uplink_ms,218.5653,17900000
owd_downlink_ms,215.3331,17900000
prediction_position_error_mm,13.459633104503155,17900000
prediction_orientation_error_deg,0,17900000
owd_uplink_ms,219.7937,18000000
owd_downlink_ms,216.7025,18000000
prediction_position_error_mm,13.436058536171913,18000000
prediction_orientation_error_deg,0,18000000
prediction_position_error_mm,14.625313691794872,18100000
prediction_orientation_error_deg,0,18100000
owd_uplink_ms,222.0556,18200000
owd_downlink_ms,217.7806,18200000
prediction_position_error_mm,13.737442903220654,18200000
prediction_orientation_error_deg,0,18200000
owd_uplink_ms,216.6035,18300000
owd_downlink_ms,220.0542,18300000
prediction_position_error_mm,40.938444435596466,18300000
prediction_orientation_error_deg,0,18300000
prediction_position_error_mm,42.74323955178261,18400000
prediction_orientation_error_deg,0,18400000
owd_uplink_ms,219.1557,18500000
owd_downlink_ms,221.9406,18500000
owd_uplink_ms,225.2966,18500000
owd_downlink_ms,223.0501,18500000
prediction_position_error_mm,40.78151658177376,18500000
prediction_orientation_error_deg,0,18500000
owd_uplink_ms,222.9918,18600000
owd_downlink_ms,219.2158,18600000
prediction_position_error_mm,13.863314874470234,18600000
prediction_orientation_error_deg,0,18600000
owd_uplink_ms,219.1629,18700000
owd_downlink_ms,221.136,18700000
prediction_position_error_mm,42.59026423096657,18700000
prediction_orientation_error_deg,0,18700000
owd_uplink_ms,217.5845,18800000
owd_downlink_ms,220.1181,18800000
prediction_position_error_mm,13.572619296610355,18800000
prediction_orientation_error_deg,0,18800000
owd_uplink_ms,217.4868,18900000
owd_downlink_ms,218.047,18900000
prediction_position_error_mm,12.638225220143795,18900000
prediction_orientation_error_deg,0,18900000
owd_uplink_ms,224.5687,19000000
owd_downlink_ms,224.2521,19000000
owd_uplink_ms,217.7542,19000000
owd_downlink_ms,215.0536,19000000
prediction_position_error_mm,12.773467227816582,19000000
prediction_orientation_error_deg,0,19000000
prediction_position_error_mm,13.878327794373035,19100000
prediction_orientation_error_deg,0,19100000
owd_uplink_ms,216.4434,19200000
owd_downlink_ms,216.9393,19200000
owd_uplink_ms,222.9255,19200000
owd_downlink_ms,219.1223,19200000
prediction_position_error_mm,41.27034917473793,19200000
prediction_orientation_error_deg,0,19200000
prediction_position_error_mm,43.23551431298256,19300000
prediction_orientation_error_deg,0,19300000
prediction_position_error_mm,45.21554708480835,19400000
prediction_orientation_error_deg,0,19400000
owd_uplink_ms,221.4396,19500000
owd_downlink_ms,224.3514,19500000
prediction_position_error_mm,26.08729898929596,19500000
prediction_orientation_error_deg,0,19500000
owd_uplink_ms,220.6192,19600000
owd_downlink_ms,221.3712,19600000
prediction_position_error_mm,15.058118849992752,19600000
prediction_orientation_error_deg,0,19600000
owd_uplink_ms,220.4336,19700000
owd_downlink_ms,219.9015,19700000
prediction_position_error_mm,13.920429162681103,19700000
prediction_orientation_error_deg,0,19700000
owd_uplink_ms,217.19,19800000
owd_downlink_ms,220.9668,19800000
owd_uplink_ms,223.7139,19800000
owd_downlink_ms,224.0045,19800000
prediction_position_error_mm,42.456481605768204,19800000
prediction_orientation_error_deg,0,19800000
owd_uplink_ms,221.154,19900000
owd_downlink_ms,218.1075,19900000
prediction_position_error_mm,12.378948740661144,19900000
prediction_orientation_error_deg,0,19900000
owd_uplink_ms,216.7666,20000000
owd_downlink_ms,222.6168,20000000
owd_uplink_ms,218.4885,20000000
owd_downlink_ms,217.374,20000000
prediction_position_error_mm,12.698712758719921,20000000
prediction_orientation_error_deg,0,20000000
prediction_position_error_mm,13.848502188920975,20100000
prediction_orientation_error_deg,0,20100000
owd_uplink_ms,217.0225,20200000
owd_downlink_ms,220.625,20200000
prediction_position_error_mm,12.725421227514744,20200000
prediction_orientation_error_deg,0,20200000
owd_uplink_ms,217.24,20300000
owd_downlink_ms,218.8874,20300000
owd_uplink_ms,220.9135,20300000
owd_downlink_ms,216.0583,20300000
prediction_position_error_mm,11.829622089862823,20300000
prediction_orientation_error_deg,0,20300000
prediction_position_error_mm,12.886558659374714,20400000
prediction_orientation_error_deg,0,20400000
owd_uplink_ms,218.9812,20500000
owd_downlink_ms,220.4212,20500000
prediction_position_error_mm,12.56178505718708,20500000
prediction_orientation_error_deg,0,20500000
owd_uplink_ms,220.7084,20600000
owd_downlink_ms,216.2306,20600000
prediction_position_error_mm,25.72822943329811,20600000
prediction_orientation_error_deg,0,20600000
prediction_position_error_mm,27.251802384853363,20700000
prediction_orientation_error_deg,0,20700000
owd_uplink_ms,223.3719,20800000
owd_downlink_ms,220.9769,20800000
owd_uplink_ms,221.7616,20800000
owd_downlink_ms,219.3088,20800000
prediction_position_error_mm,43.67825388908386,20800000
prediction_orientation_error_deg,0,20800000
owd_uplink_ms,215.8197,20900000
owd_downlink_ms,220.6725,20900000
prediction_position_error_mm,49.50503632426262,20900000
prediction_orientation_error_deg,0,20900000
owd_uplink_ms,220.0824,21000000
owd_downlink_ms,222.0096,21000000
owd_uplink_ms,219.775,21000000
owd_downlink_ms,219.0458,21000000
prediction_position_error_mm,12.492693029344082,21000000
prediction_orientation_error_deg,0,21000000
prediction_position_error_mm,12.100422754883766,21100000
prediction_orientation_error_deg,0,21100000
prediction_position_error_mm,14.79555107653141,21200000
prediction_orientation_error_deg,0,21200000
owd_uplink_ms,221.1565,21300000
owd_downlink_ms,219.5525,21300000
prediction_position_error_mm,29.745308682322502,21300000
prediction_orientation_error_deg,0,21300000
owd_uplink_ms,223.8482,21400000
owd_downlink_ms,220.2186,21400000
prediction_position_error_mm,13.08300532400608,21400000
prediction_orientation_error_deg,0,21400000
owd_uplink_ms,216.0948,21500000
owd_downlink_ms,220.192,21500000
owd_uplink_ms,221.7351,21500000
owd_downlink_ms,223.2329,21500000
owd_uplink_ms,218.3357,21500000
owd_downlink_ms,216.6377,21500000
prediction_position_error_mm,10.56596264243126,21500000
prediction_orientation_error_deg,0,21500000
owd_uplink_ms,216.4414,21600000
owd_downlink_ms,216.8156,21600000
prediction_position_error_mm,10.746846906840801,21600000
prediction_orientation_error_deg,0,21600000
owd_uplink_ms,217.1088,21700000
owd_downlink_ms,215.8222,21700000
prediction_position_error_mm,10.433042421936989,21700000
prediction_orientation_error_deg,0,21700000
owd_uplink_ms,219.2883,21800000
owd_downlink_ms,218.7894,21800000
prediction_position_error_mm,12.26443238556385,21800000
prediction_orientation_error_deg,0,21800000
prediction_position_error_mm,11.501501314342022,21900000
prediction_orientation_error_deg,0,21900000
owd_uplink_ms,224.0003,22000000
owd_downlink_ms,218.8681,22000000
prediction_position_error_mm,30.3984172642231,22000000
prediction_orientation_error_deg,0,22000000
prediction_position_error_mm,32.18924626708031,22100000
prediction_orientation_error_deg,0,22100000
owd_uplink_ms,220.7368,22200000
owd_downlink_ms,220.5223,22200000
owd_uplink_ms,216.4566,22200000
owd_downlink_ms,216.7255,22200000
prediction_position_error_mm,43.004341423511505,22200000
prediction_orientation_error_deg,0,22200000
owd_uplink_ms,221.2363,22300000
owd_downlink_ms,222.0027,22300000
owd_uplink_ms,219.62,22300000
owd_downlink_ms,220.0541,22300000
prediction_position_error_mm,10.232250206172466,22300000
prediction_orientation_error_deg,0,22300000
prediction_position_error_mm,13.417037203907967,22400000
prediction_orientation_error_deg,0,22400000
prediction_position_error_mm,12.359741143882275,22500000
prediction_orientation_error_deg,0,22500000
owd_uplink_ms,224.0209,22600000
owd_downlink_ms,224.5559,22600000
prediction_position_error_mm,35.02635657787323,22600000
prediction_orientation_error_deg,0,22600000
owd_uplink_ms,223.2221,22700000
owd_downlink_ms,220.6607,22700000
prediction_position_error_mm,14.588787220418453,22700000
prediction_orientation_error_deg,0,22700000
owd_uplink_ms,223.0517,22800000
owd_downlink_ms,222.2707,22800000
owd_uplink_ms,219.4365,22800000
owd_downlink_ms,216.9095,22800000
prediction_position_error_mm,13.390515930950642,22800000
prediction_orientation_error_deg,0,22800000
owd_uplink_ms,222.9746,22900000
owd_downlink_ms,218.4161,22900000
prediction_position_error_mm,10.317275300621986,22900000
prediction_orientation_error_deg,0,22900000
owd_uplink_ms,217.8079,23000000
owd_downlink_ms,217.9134,23000000
prediction_position_error_mm,49.933433532714844,23000000
prediction_orientation_error_deg,0,23000000
owd_uplink_ms,221.2358,23100000
owd_downlink_ms,225.5874,23100000
prediction_position_error_mm,61.500679701566696,23100000
prediction_orientation_error_deg,0,23100000
owd_uplink_ms,215.3664,23200000
owd_downlink_ms,221.2708,23200000
owd_uplink_ms,218.9404,23200000
owd_downlink_ms,215.9632,23200000
prediction_position_error_mm,10.539647191762924,23200000
prediction_orientation_error_deg,0,23200000
prediction_position_error_mm,9.51218418776989,23300000
prediction_orientation_error_deg,0,23300000
owd_uplink_ms,221.4147,23400000
owd_downlink_ms,218.5563,23400000
owd_uplink_ms,218.0201,23400000
owd_downlink_ms,219.9206,23400000
prediction_position_error_mm,61.18684634566307,23400000
prediction_orientation_error_deg,0,23400000
prediction_position_error_mm,64.46479260921478,23500000
prediction_orientation_error_deg,0,23500000
owd_uplink_ms,222.8988,23600000
owd_downlink_ms,218.0354,23600000
prediction_position_error_mm,36.20423376560211,23600000
prediction_orientation_error_deg,0,23600000
owd_uplink_ms,221.5753,23700000
owd_downlink_ms,216.9559,23700000
prediction_position_error_mm,9.405107237398624,23700000
prediction_orientation_error_deg,0,23700000
owd_uplink_ms,221.9543,23800000
owd_downlink_ms,221.1216,23800000
prediction_position_error_mm,10.843983851373196,23800000
prediction_orientation_error_deg,0,23800000
owd_uplink_ms,219.6875,23900000
owd_downlink_ms,219.5054,23900000
prediction_position_error_mm,11.085236445069313,23900000
prediction_orientation_error_deg,0,23900000
owd_uplink_ms,217.527,24000000
owd_downlink_ms,217.6659,24000000
owd_uplink_ms,219.3408,24000000
owd_downlink_ms,218.4687,24000000
prediction_position_error_mm,65.48132002353668,24000000
prediction_orientation_error_deg,0,24000000
prediction_position_error_mm,72.48372584581375,24100000
prediction_orientation_error_deg,0,24100000
owd_uplink_ms,218.8626,24200000
owd_downlink_ms,221.0244,24200000
prediction_position_error_mm,39.48497772216797,24200000
prediction_orientation_error_deg,0,24200000
prediction_position_error_mm,41.69870913028717,24300000
prediction_orientation_error_deg,0,24300000
owd_uplink_ms,221.3297,24400000
owd_downlink_ms,224.234,24400000
owd_uplink_ms,217.768,24400000
owd_downlink_ms,216.7853,24400000
prediction_position_error_mm,61.01035699248314,24400000
prediction_orientation_error_deg,0,24400000
owd_uplink_ms,220.3628,24500000
owd_downlink_ms,225.4295,24500000
prediction_position_error_mm,71.97326421737671,24500000
prediction_orientation_error_deg,0,24500000
owd_uplink_ms,221.9732,24600000
owd_downlink_ms,219.9844,24600000
correction_magnitude_mm,5.8691599406301975,22389864
correction_magnitude_deg,0,22389864
prediction_position_error_mm,8.072557859122753,24600000
prediction_orientation_error_deg,0,24600000
owd_uplink_ms,216.0799,24700000
owd_downlink_ms,223.3196,24700000
prediction_position_error_mm,73.47174733877182,24700000
prediction_orientation_error_deg,0,24700000
prediction_position_error_mm,80.94097673892975,24800000
prediction_orientation_error_deg,0,24800000
owd_uplink_ms,223.8031,24900000
owd_downlink_ms,224.7151,24900000
owd_uplink_ms,221.5154,24900000
owd_downlink_ms,219.6453,24900000
prediction_position_error_mm,62.078628689050674,24900000
prediction_orientation_error_deg,0,24900000
owd_uplink_ms,219.9443,25000000
owd_downlink_ms,223.5198,25000000
prediction_position_error_mm,75.70726424455643,25000000
prediction_orientation_error_deg,0,25000000
owd_uplink_ms,218.0417,25100000
owd_downlink_ms,221.7658,25100000
prediction_position_error_mm,10.987166315317154,25100000
prediction_orientation_error_deg,0,25100000
prediction_position_error_mm,12.046851217746735,25200000
prediction_orientation_error_deg,0,25200000
owd_uplink_ms,224.4982,25300000
owd_downlink_ms,222.1717,25300000
prediction_position_error_mm,44.975265860557556,25300000
prediction_orientation_error_deg,0,25300000
owd_uplink_ms,223.6607,25400000
owd_downlink_ms,220.9985,25400000
owd_uplink_ms,222.1984,25400000
owd_downlink_ms,219.5677,25400000
owd_uplink_ms,217.1199,25400000
owd_downlink_ms,219.8911,25400000
prediction_position_error_mm,75.43980330228806,25400000
prediction_orientation_error_deg,0,25400000
prediction_position_error_mm,79.3849229812622,25500000
prediction_orientation_error_deg,0,25500000
prediction_position_error_mm,87.36629039049149,25600000
prediction_orientation_error_deg,0,25600000
owd_uplink_ms,222.8599,25700000
owd_downlink_ms,221.96,25700000
owd_uplink_ms,220.6401,25700000
owd_downlink_ms,218.3569,25700000
prediction_position_error_mm,12.119501829147339,25700000
prediction_orientation_error_deg,0,25700000
owd_uplink_ms,222.3908,25800000
owd_downlink_ms,217.9768,25800000
prediction_position_error_mm,10.239106602966785,25800000
prediction_orientation_error_deg,0,25800000
owd_uplink_ms,222.1825,25900000
owd_downlink_ms,217.8278,25900000
prediction_position_error_mm,10.04626415669918,25900000
prediction_orientation_error_deg,0,25900000
owd_uplink_ms,221.6522,26000000
owd_downlink_ms,221.0958,26000000
prediction_position_error_mm,9.343214333057404,26000000
prediction_orientation_error_deg,0,26000000
prediction_position_error_mm,13.886891305446625,26100000
prediction_orientation_error_deg,0,26100000
owd_uplink_ms,222.0962,26200000
owd_downlink_ms,224.9195,26200000
prediction_position_error_mm,16.798432916402817,26200000
prediction_orientation_error_deg,0,26200000
owd_uplink_ms,221.6794,26300000
owd_downlink_ms,222.0546,26300000
owd_uplink_ms,218.539,26300000
owd_downlink_ms,219.6832,26300000
prediction_position_error_mm,71.94983959197998,26300000
prediction_orientation_error_deg,0,26300000
owd_uplink_ms,221.7594,26400000
owd_downlink_ms,221.4304,26400000
prediction_position_error_mm,90.02535790205002,26400000
prediction_orientation_error_deg,0,26400000
owd_uplink_ms,222.6269,26500000
owd_downlink_ms,219.3542,26500000
prediction_position_error_mm,46.27099260687828,26500000
prediction_orientation_error_deg,0,26500000
prediction_position_error_mm,48.74182865023613,26600000
prediction_orientation_error_deg,0,26600000
owd_uplink_ms,219.9338,26700000
owd_downlink_ms,222.2213,26700000
prediction_position_error_mm,16.17620512843132,26700000
prediction_orientation_error_deg,0,26700000
owd_uplink_ms,221.2847,26800000
owd_downlink_ms,223.6538,26800000
owd_uplink_ms,221.998,26800000
owd_downlink_ms,218.1764,26800000
prediction_position_error_mm,6.392830982804298,26800000
prediction_orientation_error_deg,0,26800000
prediction_position_error_mm,7.065405137836933,26900000
prediction_orientation_error_deg,0,26900000
owd_uplink_ms,222.6895,27000000
owd_downlink_ms,222.7174,27000000
owd_uplink_ms,215.6481,27000000
owd_downlink_ms,220.2273,27000000
prediction_position_error_mm,70.65971940755844,27000000
prediction_orientation_error_deg,0,27000000
owd_uplink_ms,221.0725,27100000
owd_downlink_ms,224.4948,27100000
prediction_position_error_mm,94.92377936840057,27100000
prediction_orientation_error_deg,0,27100000
owd_uplink_ms,216.5635,27200000
owd_downlink_ms,223.8773,27200000
prediction_position_error_mm,12.411554343998432,27200000
prediction_orientation_error_deg,0,27200000
owd_uplink_ms,223.25,27300000
owd_downlink_ms,217.4525,27300000
prediction_position_error_mm,52.71482840180397,27300000
prediction_orientation_error_deg,0,27300000
owd_uplink_ms,221.6228,27400000
owd_downlink_ms,217.961,27400000
prediction_position_error_mm,9.421516209840775,27400000
prediction_orientation_error_deg,0,27400000
prediction_position_error_mm,10.086679831147194,27500000
prediction_orientation_error_deg,0,27500000
owd_uplink_ms,222.3443,27600000
owd_downlink_ms,222.2521,27600000
owd_uplink_ms,223.2266,27600000
owd_downlink_ms,219.9618,27600000
prediction_position_error_mm,5.926771555095911,27600000
prediction_orientation_error_deg,0,27600000
owd_uplink_ms,222.2696,27700000
owd_downlink_ms,219.6212,27700000
prediction_position_error_mm,9.852448478341103,27700000
prediction_orientation_error_deg,0,27700000
prediction_position_error_mm,10.52639726549387,27800000
prediction_orientation_error_deg,0,27800000
owd_uplink_ms,215.9864,27900000
owd_downlink_ms,222.9294,27900000
owd_uplink_ms,224.1881,27900000
owd_downlink_ms,223.8848,27900000
owd_uplink_ms,215.2307,27900000
owd_downlink_ms,215.5082,27900000
prediction_position_error_mm,4.848069045692682,27900000
prediction_orientation_error_deg,0,27900000
prediction_position_error_mm,9.01357363909483,28000000
prediction_orientation_error_deg,0,28000000
owd_uplink_ms,218.3399,28100000
owd_downlink_ms,223.2296,28100000
owd_uplink_ms,217.4018,28100000
owd_downlink_ms,217.4657,28100000
prediction_position_error_mm,8.385032415390015,28100000
prediction_orientation_error_deg,0,28100000
prediction_position_error_mm,5.45306783169508,28200000
prediction_orientation_error_deg,0,28200000
owd_uplink_ms,216.7274,28300000
owd_downlink_ms,216.3132,28300000
prediction_position_error_mm,4.8219491727650166,28300000
prediction_orientation_error_deg,0,28300000
owd_uplink_ms,224.0085,28400000
owd_downlink_ms,221.3892,28400000
prediction_position_error_mm,103.17153483629227,28400000
prediction_orientation_error_deg,0,28400000
owd_uplink_ms,219.8102,28500000
owd_downlink_ms,223.8528,28500000
prediction_position_error_mm,10.220891796052456,28500000
prediction_orientation_error_deg,0,28500000
owd_uplink_ms,217.2116,28600000
owd_downlink_ms,215.5067,28600000
prediction_position_error_mm,7.376788649708033,28600000
prediction_orientation_error_deg,0,28600000
owd_uplink_ms,223.2959,28700000
owd_downlink_ms,223.9999,28700000
prediction_position_error_mm,104.89512234926224,28700000
prediction_orientation_error_deg,0,28700000
prediction_position_error_mm,104.89512234926224,28800000
prediction_orientation_error_deg,0,28800000
owd_uplink_ms,221.6887,28900000
owd_downlink_ms,220.3092,28900000
owd_uplink_ms,218.6222,28900000
owd_downlink_ms,217.8572,28900000
correction_magnitude_mm,6.504889577627182,26699141
correction_magnitude_deg,0,26699141
owd_uplink_ms,220.1548,28900000
owd_downlink_ms,218.3766,28900000
prediction_position_error_mm,101.67183727025986,28900000
prediction_orientation_error_deg,0,28900000
prediction_position_error_mm,106.5451130270958,29000000
prediction_orientation_error_deg,0,29000000
owd_uplink_ms,221.9359,29100000
owd_downlink_ms,219.3183,29100000
prediction_position_error_mm,57.67383426427841,29100000
prediction_orientation_error_deg,0,29100000
prediction_position_error_mm,60.35159155726433,29200000
prediction_orientation_error_deg,0,29200000
owd_uplink_ms,221.0058,29300000
owd_downlink_ms,224.3616,29300000
owd_uplink_ms,217.0785,29300000
owd_downlink_ms,215.5337,29300000
prediction_position_error_mm,100.50282627344131,29300000
prediction_orientation_error_deg,0,29300000
owd_uplink_ms,221.3846,29400000
owd_downlink_ms,223.8869,29400000
prediction_position_error_mm,103.6793664097786,29400000
prediction_orientation_error_deg,0,29400000
owd_uplink_ms,219.4644,29500000
owd_downlink_ms,217.514,29500000
correction_magnitude_mm,8.96335206925869,27296603
correction_magnitude_deg,0,27296603
owd_uplink_ms,223.1056,29500000
owd_downlink_ms,218.6131,29500000
prediction_position_error_mm,99.66864436864853,29500000
prediction_orientation_error_deg,0,29500000
owd_uplink_ms,218.3193,29600000
owd_downlink_ms,219.605,29600000
prediction_position_error_mm,3.994662780314684,29600000
prediction_orientation_error_deg,0,29600000
prediction_position_error_mm,4.401008598506451,29700000
prediction_orientation_error_deg,0,29700000
owd_uplink_ms,216.478,29800000
owd_downlink_ms,223.9335,29800000
prediction_position_error_mm,15.50624705851078,29800000
prediction_orientation_error_deg,0,29800000
owd_uplink_ms,221.7204,29900000
owd_downlink_ms,218.1959,29900000
owd_uplink_ms,216.8144,29900000
owd_downlink_ms,218.4558,29900000
prediction_position_error_mm,101.40761733055115,29900000
prediction_orientation_error_deg,0,29900000
owd_uplink_ms,218.9817,30000000
owd_downlink_ms,219.2895,30000000
prediction_position_error_mm,3.4007655922323465,30000000
prediction_orientation_error_deg,0,30000000
prediction_position_error_mm,7.242427207529545,30100000
prediction_orientation_error_deg,0,30100000
owd_uplink_ms,219.6059,30200000
owd_downlink_ms,218.1172,30200000
prediction_position_error_mm,5.639979150146246,30200000
prediction_orientation_error_deg,0,30200000
owd_uplink_ms,220.572,30300000
owd_downlink_ms,220.8066,30300000
owd_uplink_ms,218.0173,30300000
owd_downlink_ms,219.8809,30300000
prediction_position_error_mm,8.104326203465462,30300000
prediction_orientation_error_deg,0,30300000
prediction_position_error_mm,8.701293729245663,30400000
prediction_orientation_error_deg,0,30400000
owd_uplink_ms,220.5083,30500000
owd_downlink_ms,217.1985,30500000
prediction_position_error_mm,60.67248061299324,30500000
prediction_orientation_error_deg,0,30500000
prediction_position_error_mm,63.400596380233765,30600000
prediction_orientation_error_deg,0,30600000
owd_uplink_ms,220.0396,30700000
owd_downlink_ms,222.3044,30700000
correction_magnitude_mm,7.013397291302681,28399405
correction_magnitude_deg,0,28399405
owd_uplink_ms,218.6856,30700000
owd_downlink_ms,224.0281,30700000
prediction_position_error_mm,109.24998670816422,30700000
prediction_orientation_error_deg,0,30700000
owd_uplink_ms,216.7262,30800000
owd_downlink_ms,221.6862,30800000
owd_uplink_ms,216.4861,30800000
owd_downlink_ms,217.7766,30800000
prediction_position_error_mm,7.513847202062607,30800000
prediction_orientation_error_deg,0,30800000
prediction_position_error_mm,3.8965477142482996,30900000
prediction_orientation_error_deg,0,30900000
owd_uplink_ms,217.9181,31000000
owd_downlink_ms,222.4975,31000000
prediction_position_error_mm,12.082409113645554,31000000
prediction_orientation_error_deg,0,31000000
owd_uplink_ms,223.9988,31100000
owd_downlink_ms,214.8233,31100000
owd_uplink_ms,217.4019,31100000
owd_downlink_ms,215.4762,31100000
prediction_position_error_mm,110.98045110702515,31100000
prediction_orientation_error_deg,0,31100000
prediction_position_error_mm,110.98045110702515,31200000
prediction_orientation_error_deg,0,31200000
owd_uplink_ms,220.6739,31300000
owd_downlink_ms,221.6067,31300000
prediction_position_error_mm,3.7459596060216427,31300000
prediction_orientation_error_deg,0,31300000
owd_uplink_ms,217.9605,31400000
owd_downlink_ms,221.3148,31400000
owd_uplink_ms,219.7926,31400000
owd_downlink_ms,217.4946,31400000
prediction_position_error_mm,5.096299573779106,31400000
prediction_orientation_error_deg,0,31400000
prediction_position_error_mm,5.131303798407316,31500000
prediction_orientation_error_deg,0,31500000
prediction_position_error_mm,3.8937837816774845,31600000
prediction_orientation_error_deg,0,31600000
owd_uplink_ms,222.583,31700000
owd_downlink_ms,221.409,31700000
correction_magnitude_mm,5.1118661649525166,29406757
correction_magnitude_deg,0,29406757
owd_uplink_ms,220.3898,31700000
owd_downlink_ms,215.9739,31700000
prediction_position_error_mm,4.10624872893095,31700000
prediction_orientation_error_deg,0,31700000
owd_uplink_ms,220.4243,31800000
owd_downlink_ms,218.1586,31800000
prediction_position_error_mm,112.53173649311066,31800000
prediction_orientation_error_deg,0,31800000
owd_uplink_ms,217.7438,31900000
owd_downlink_ms,223.6703,31900000
owd_uplink_ms,217.4294,31900000
owd_downlink_ms,216.125,31900000
prediction_position_error_mm,3.349578706547618,31900000
prediction_orientation_error_deg,0,31900000
prediction_position_error_mm,4.560225177556276,32000000
prediction_orientation_error_deg,0,32000000
owd_uplink_ms,220.4298,32100000
owd_downlink_ms,221.8586,32100000
prediction_position_error_mm,2.9386733658611774,32100000
prediction_orientation_error_deg,0,32100000
prediction_position_error_mm,6.89809862524271,32200000
prediction_orientation_error_deg,0,32200000
owd_uplink_ms,224.3259,32300000
owd_downlink_ms,224.0316,32300000
prediction_position_error_mm,66.45786017179489,32300000
prediction_orientation_error_deg,0,32300000
owd_uplink_ms,218.5378,32400000
owd_downlink_ms,221.4083,32400000
correction_magnitude_mm,7.497005630284548,30109189
correction_magnitude_deg,0,30109189
owd_uplink_ms,225.4561,32400000
owd_downlink_ms,222.7452,32400000
owd_uplink_ms,216.8745,32400000
owd_downlink_ms,215.9984,32400000
correction_magnitude_mm,5.075496155768633,30204704
correction_magnitude_deg,0,30204704
prediction_position_error_mm,3.643106436356902,32400000
prediction_orientation_error_deg,0,32400000
prediction_position_error_mm,3.858773037791252,32500000
prediction_orientation_error_deg,0,32500000
owd_uplink_ms,219.0336,32600000
owd_downlink_ms,220.191,32600000
prediction_position_error_mm,5.564697552472353,32600000
prediction_orientation_error_deg,0,32600000
owd_uplink_ms,218.0974,32700000
owd_downlink_ms,221.3573,32700000
owd_uplink_ms,220.3336,32700000
owd_downlink_ms,218.8537,32700000
prediction_position_error_mm,5.278121214359999,32700000
prediction_orientation_error_deg,0,32700000
prediction_position_error_mm,5.3306869231164455,32800000
prediction_orientation_error_deg,0,32800000
owd_uplink_ms,218.8726,32900000
owd_downlink_ms,220.1822,32900000
prediction_position_error_mm,5.554061848670244,32900000
prediction_orientation_error_deg,0,32900000
owd_uplink_ms,222.9968,33000000
owd_downlink_ms,216.3672,33000000
prediction_position_error_mm,3.8600654806941748,33000000
prediction_orientation_error_deg,0,33000000
owd_uplink_ms,220.3273,33100000
owd_downlink_ms,221.8474,33100000
prediction_position_error_mm,120.59853225946426,33100000
prediction_orientation_error_deg,0,33100000
prediction_position_error_mm,125.88605284690857,33200000
prediction_orientation_error_deg,0,33200000
owd_uplink_ms,223.6748,33300000
owd_downlink_ms,224.271,33300000
correction_magnitude_mm,10.336006060242653,31004366
correction_magnitude_deg,0,31004366
owd_uplink_ms,217.2477,33300000
owd_downlink_ms,223.5454,33300000
prediction_position_error_mm,115.55258929729462,33300000
prediction_orientation_error_deg,0,33300000
owd_uplink_ms,218.2333,33400000
owd_downlink_ms,221.6973,33400000
correction_magnitude_mm,5.1835267804563046,31116566
correction_magnitude_deg,0,31116566
prediction_position_error_mm,7.949915714561939,33400000
prediction_orientation_error_deg,0,33400000
prediction_position_error_mm,8.323254063725471,33500000
prediction_orientation_error_deg,0,33500000
owd_uplink_ms,226.2138,33600000
owd_downlink_ms,223.0217,33600000
owd_uplink_ms,221.3613,33600000
owd_downlink_ms,215.2693,33600000
prediction_position_error_mm,8.182357996702194,33600000
prediction_orientation_error_deg,0,33600000
prediction_position_error_mm,8.582650683820248,33700000
prediction_orientation_error_deg,0,33700000
owd_uplink_ms,223.3721,33800000
owd_downlink_ms,219.9505,33800000
prediction_position_error_mm,4.8131076619029045,33800000
prediction_orientation_error_deg,0,33800000
owd_uplink_ms,223.0837,33900000
owd_downlink_ms,220.9302,33900000
correction_magnitude_mm,5.149551667273045,31597992
correction_magnitude_deg,0,31597992
owd_uplink_ms,216.4813,33900000
owd_downlink_ms,224.0003,33900000
prediction_position_error_mm,121.3008165359497,33900000
prediction_orientation_error_deg,0,33900000
owd_uplink_ms,223.0503,34000000
owd_downlink_ms,216.0071,34000000
correction_magnitude_mm,10.476692579686642,31798586
correction_magnitude_deg,0,31798586
owd_uplink_ms,219.4379,34000000
owd_downlink_ms,219.7267,34000000
prediction_position_error_mm,110.82609742879868,34000000
prediction_orientation_error_deg,0,34000000
owd_uplink_ms,218.89,34100000
owd_downlink_ms,218.7785,34100000
correction_magnitude_mm,5.248276982456446,31898808
correction_magnitude_deg,0,31898808
prediction_position_error_mm,2.3501606192439795,34100000
prediction_orientation_error_deg,0,34100000
prediction_position_error_mm,5.369553808122873,34200000
prediction_orientation_error_deg,0,34200000
owd_uplink_ms,220.3073,34300000
owd_downlink_ms,216.1107,34300000
prediction_position_error_mm,56.62563815712929,34300000
prediction_orientation_error_deg,0,34300000
owd_uplink_ms,217.3838,34400000
owd_downlink_ms,218.1164,34400000
correction_magnitude_mm,7.8019434586167336,32194479
correction_magnitude_deg,0,32194479
owd_uplink_ms,219.7632,34400000
owd_downlink_ms,218.3759,34400000
prediction_position_error_mm,110.86411774158478,34400000
prediction_orientation_error_deg,0,34400000
prediction_position_error_mm,116.11669510602951,34500000
prediction_orientation_error_deg,0,34500000
owd_uplink_ms,216.6572,34600000
owd_downlink_ms,221.2794,34600000
correction_magnitude_mm,5.269341170787811,32298524
correction_magnitude_deg,0,32298524
owd_uplink_ms,217.8128,34600000
owd_downlink_ms,215.8866,34600000
prediction_position_error_mm,3.7533422000706196,34600000
prediction_orientation_error_deg,0,34600000
prediction_position_error_mm,8.72864667326212,34700000
prediction_orientation_error_deg,0,34700000
owd_uplink_ms,216.7639,34800000
owd_downlink_ms,223.3958,34800000
owd_uplink_ms,218.4028,34800000
owd_downlink_ms,216.5928,34800000
prediction_position_error_mm,8.25334433466196,34800000
prediction_orientation_error_deg,0,34800000
prediction_position_error_mm,3.787059336900711,34900000
prediction_orientation_error_deg,0,34900000
owd_uplink_ms,222.9942,35000000
owd_downlink_ms,215.807,35000000
correction_magnitude_mm,5.0367251969873905,32793160
correction_magnitude_deg,0,32793160
prediction_position_error_mm,54.88919094204903,35000000
prediction_orientation_error_deg,0,35000000
owd_uplink_ms,221.9059,35100000
owd_downlink_ms,219.4282,35100000
correction_magnitude_mm,7.891526445746422,32890063
correction_magnitude_deg,0,32890063
owd_uplink_ms,215.5392,35100000
owd_downlink_ms,220.3604,35100000
prediction_position_error_mm,115.7379150390625,35100000
prediction_orientation_error_deg,0,35100000
prediction_position_error_mm,120.92794477939606,35200000
prediction_orientation_error_deg,0,35200000
owd_uplink_ms,216.9593,35300000
owd_downlink_ms,221.1025,35300000
correction_magnitude_mm,5.287748761475086,33001268
correction_magnitude_deg,0,33001268
prediction_position_error_mm,2.063714899122715,35300000
prediction_orientation_error_deg,0,35300000
owd_uplink_ms,218.3437,35400000
owd_downlink_ms,221.83,35400000
prediction_position_error_mm,4.938371479511261,35400000
prediction_orientation_error_deg,0,35400000
owd_uplink_ms,219.8533,35500000
owd_downlink_ms,223.4293,35500000
prediction_position_error_mm,5.1237135194242,35500000
prediction_orientation_error_deg,0,35500000
owd_uplink_ms,221.9263,35600000
owd_downlink_ms,216.682,35600000
prediction_position_error_mm,5.374610889703035,35600000
prediction_orientation_error_deg,0,35600000
owd_uplink_ms,217.4961,35700000
owd_downlink_ms,221.1907,35700000
prediction_position_error_mm,115.14614522457123,35700000
prediction_orientation_error_deg,0,35700000
owd_uplink_ms,220.725,35800000
owd_downlink_ms,222.865,35800000
correction_magnitude_mm,5.286406725645065,33510830
correction_magnitude_deg,0,33510830
prediction_position_error_mm,3.4881136380136013,35800000
prediction_orientation_error_deg,0,35800000
prediction_position_error_mm,3.1856498681008816,35900000
prediction_orientation_error_deg,0,35900000
owd_uplink_ms,224.0547,36000000
owd_downlink_ms,222.8243,36000000
owd_uplink_ms,220.8911,36000000
owd_downlink_ms,216.6886,36000000
prediction_position_error_mm,8.01989808678627,36000000
prediction_orientation_error_deg,0,36000000
owd_uplink_ms,221.5354,36100000
owd_downlink_ms,219.486,36100000
correction_magnitude_mm,5.123848095536232,33901477
correction_magnitude_deg,0,33901477
prediction_position_error_mm,123.93119931221008,36100000
prediction_orientation_error_deg,0,36100000
owd_uplink_ms,218.5229,36200000
owd_downlink_ms,219.9543,36200000
prediction_position_error_mm,119.35514956712723,36200000
prediction_orientation_error_deg,0,36200000
owd_uplink_ms,224.242,36300000
owd_downlink_ms,217.7366,36300000
correction_magnitude_mm,10.541624389588833,34095135
correction_magnitude_deg,0,34095135
prediction_position_error_mm,7.539911661297083,36300000
prediction_orientation_error_deg,0,36300000
owd_uplink_ms,215.5914,36400000
owd_downlink_ms,221.6417,36400000
prediction_position_error_mm,118.90658736228943,36400000
prediction_orientation_error_deg,0,36400000
prediction_position_error_mm,118.90658736228943,36500000
prediction_orientation_error_deg,0,36500000
owd_uplink_ms,220.7979,36600000
owd_downlink_ms,221.6963,36600000
correction_magnitude_mm,5.2640726789832115,34303819
correction_magnitude_deg,0,34303819
owd_uplink_ms,220.6509,36600000
owd_downlink_ms,217.0194,36600000
prediction_position_error_mm,3.4566784743219614,36600000
prediction_orientation_error_deg,0,36600000
prediction_position_error_mm,8.57835728675127,36700000
prediction_orientation_error_deg,0,36700000
owd_uplink_ms,223.2437,36800000
owd_downlink_ms,221.5773,36800000
owd_uplink_ms,222.8342,36800000
owd_downlink_ms,216.1276,36800000
correction_magnitude_mm,5.572464782744646,34588814
correction_magnitude_deg,0,34588814
owd_uplink_ms,215.6578,36800000
owd_downlink_ms,219.5619,36800000
prediction_position_error_mm,112.6362532377243,36800000
prediction_orientation_error_deg,0,36800000
prediction_position_error_mm,117.59096384048462,36900000
prediction_orientation_error_deg,0,36900000
owd_uplink_ms,220.9672,37000000
owd_downlink_ms,220.5695,37000000
correction_magnitude_mm,5.233482923358679,34793197
correction_magnitude_deg,0,34793197
prediction_position_error_mm,54.48232591152191,37000000
prediction_orientation_error_deg,0,37000000
prediction_position_error_mm,61.716120690107346,37100000
prediction_orientation_error_deg,0,37100000
owd_uplink_ms,222.9138,37200000
owd_downlink_ms,220.9826,37200000
correction_magnitude_mm,7.883843965828419,34890783
correction_magnitude_deg,0,34890783
owd_uplink_ms,216.1462,37200000
owd_downlink_ms,220.9246,37200000
prediction_position_error_mm,116.66905134916306,37200000
prediction_orientation_error_deg,0,37200000
prediction_position_error_mm,116.66905134916306,37300000
prediction_orientation_error_deg,0,37300000
owd_uplink_ms,219.6721,37400000
owd_downlink_ms,221.7278,37400000
correction_magnitude_mm,10.40953490883112,35099326
correction_magnitude_deg,0,35099326
owd_uplink_ms,220.4805,37400000
owd_downlink_ms,224.225,37400000
prediction_position_error_mm,115.99960178136826,37400000
prediction_orientation_error_deg,0,37400000
owd_uplink_ms,220.0238,37500000
owd_downlink_ms,221.9823,37500000
correction_magnitude_mm,5.190736148506403,35206453
correction_magnitude_deg,0,35206453
prediction_position_error_mm,1.9026994705200195,37500000
prediction_orientation_error_deg,0,37500000
prediction_position_error_mm,2.129939617589116,37600000
prediction_orientation_error_deg,0,37600000
owd_uplink_ms,222.2645,37700000
owd_downlink_ms,222.217,37700000
owd_uplink_ms,217.5495,37700000
owd_downlink_ms,221.7207,37700000
owd_uplink_ms,220.4859,37700000
owd_downlink_ms,216.2017,37700000
correction_magnitude_mm,5.15925046056509,35506251
correction_magnitude_deg,0,35506251
prediction_position_error_mm,14.714152552187443,37700000
prediction_orientation_error_deg,0,37700000
prediction_position_error_mm,15.380464494228363,37800000
prediction_orientation_error_deg,0,37800000
owd_uplink_ms,217.024,37900000
owd_downlink_ms,221.7756,37900000
prediction_position_error_mm,2.4141862522810698,37900000
prediction_orientation_error_deg,0,37900000
prediction_position_error_mm,2.5879235472530127,38000000
prediction_orientation_error_deg,0,38000000
owd_uplink_ms,223.0736,38100000
owd_downlink_ms,220.6141,38100000
owd_uplink_ms,221.4962,38100000
owd_downlink_ms,217.6328,38100000
correction_magnitude_mm,7.751866709440947,35904285
correction_magnitude_deg,0,35904285
prediction_position_error_mm,127.9309093952179,38100000
prediction_orientation_error_deg,0,38100000
owd_uplink_ms,217.3638,38200000
owd_downlink_ms,222.0391,38200000
prediction_position_error_mm,108.20421576499939,38200000
prediction_orientation_error_deg,0,38200000
owd_uplink_ms,216.3273,38300000
owd_downlink_ms,216.9329,38300000
correction_magnitude_mm,10.180375538766384,36110884
correction_magnitude_deg,0,36110884
prediction_position_error_mm,3.996338229626417,38300000
prediction_orientation_error_deg,0,38300000
owd_uplink_ms,224.1573,38400000
owd_downlink_ms,222.9229,38400000
prediction_position_error_mm,112.00221627950668,38400000
prediction_orientation_error_deg,0,38400000
owd_uplink_ms,220.6374,38500000
owd_downlink_ms,223.2623,38500000
correction_magnitude_mm,5.068920087069273,36212621
correction_magnitude_deg,0,36212621
owd_uplink_ms,220.4755,38500000
owd_downlink_ms,218.5215,38500000
prediction_position_error_mm,11.660667136311531,38500000
prediction_orientation_error_deg,0,38500000
prediction_position_error_mm,7.744430098682642,38600000
prediction_orientation_error_deg,0,38600000
owd_uplink_ms,217.8999,38700000
owd_downlink_ms,221.9348,38700000
prediction_position_error_mm,3.8782034534960985,38700000
prediction_orientation_error_deg,0,38700000
owd_uplink_ms,217.4709,38800000
owd_downlink_ms,215.9412,38800000
owd_uplink_ms,223.9164,38800000
owd_downlink_ms,217.769,38800000
prediction_position_error_mm,100.56596994400024,38800000
prediction_orientation_error_deg,0,38800000
prediction_position_error_mm,109.60424691438675,38900000
prediction_orientation_error_deg,0,38900000
owd_uplink_ms,223.5233,39000000
owd_downlink_ms,216.8299,39000000
correction_magnitude_mm,9.962981566786766,36797257
correction_magnitude_deg,0,36797257
prediction_position_error_mm,19.722051918506622,39000000
prediction_orientation_error_deg,0,39000000
owd_uplink_ms,217.3637,39100000
owd_downlink_ms,220.3458,39100000
prediction_position_error_mm,108.57205092906952,39100000
prediction_orientation_error_deg,0,39100000
owd_uplink_ms,216.5593,39200000
owd_downlink_ms,223.2963,39200000
prediction_position_error_mm,1.8126177601516247,39200000
prediction_orientation_error_deg,0,39200000
owd_uplink_ms,220.946,39300000
owd_downlink_ms,215.3353,39300000
owd_uplink_ms,215.9003,39300000
owd_downlink_ms,219.1564,39300000
prediction_position_error_mm,102.58059203624725,39300000
prediction_orientation_error_deg,0,39300000
owd_uplink_ms,216.0886,39400000
owd_downlink_ms,215.3526,39400000
prediction_position_error_mm,6.6333794966340065,39400000
prediction_orientation_error_deg,0,39400000
prediction_position_error_mm,11.512300930917263,39500000
prediction_orientation_error_deg,0,39500000
prediction_position_error_mm,12.13242020457983,39600000
prediction_orientation_error_deg,0,39600000
owd_uplink_ms,217.3138,39700000
owd_downlink_ms,219.4642,39700000
owd_uplink_ms,224.5205,39700000
owd_downlink_ms,223.947,39700000
owd_uplink_ms,218.4337,39700000
owd_downlink_ms,218.6922,39700000
prediction_position_error_mm,6.287043448537588,39700000
prediction_orientation_error_deg,0,39700000
owd_uplink_ms,219.3451,39800000
owd_downlink_ms,218.6395,39800000
prediction_position_error_mm,11.125931516289711,39800000
prediction_orientation_error_deg,0,39800000
prediction_position_error_mm,11.751171201467514,39900000
prediction_orientation_error_deg,0,39900000
prediction_position_error_mm,12.407846748828888,40000000
prediction_orientation_error_deg,0,40000000
owd_uplink_ms,220.6172,40100000
owd_downlink_ms,219.9044,40100000
owd_uplink_ms,223.2745,40100000
owd_downlink_ms,216.5797,40100000
prediction_position_error_mm,16.195310279726982,40100000
prediction_orientation_error_deg,0,40100000
owd_uplink_ms,219.693,40200000
owd_downlink_ms,215.8335,40200000
prediction_position_error_mm,12.264728546142578,40200000
prediction_orientation_error_deg,0,40200000
owd_uplink_ms,216.0867,40300000
owd_downlink_ms,216.3467,40300000
prediction_position_error_mm,114.88404124975204,40300000
prediction_orientation_error_deg,0,40300000
owd_uplink_ms,220.0274,40400000
owd_downlink_ms,222.9439,40400000
prediction_position_error_mm,96.82097285985947,40400000
prediction_orientation_error_deg,0,40400000
owd_uplink_ms,216.7134,40500000
owd_downlink_ms,217.5828,40500000
correction_magnitude_mm,9.343534708023071,38297926
correction_magnitude_deg,0,38297926
owd_uplink_ms,221.0109,40500000
owd_downlink_ms,218.4219,40500000
prediction_position_error_mm,95.55669873952866,40500000
prediction_orientation_error_deg,0,40500000
prediction_position_error_mm,95.55669873952866,40600000
prediction_orientation_error_deg,0,40600000
owd_uplink_ms,219.1921,40700000
owd_downlink_ms,221.5268,40700000
prediction_position_error_mm,8.331184275448322,40700000
prediction_orientation_error_deg,0,40700000
owd_uplink_ms,218.5885,40800000
owd_downlink_ms,215.8707,40800000
prediction_position_error_mm,13.562279753386974,40800000
prediction_orientation_error_deg,0,40800000
owd_uplink_ms,220.5651,40900000
owd_downlink_ms,222.6117,40900000
prediction_position_error_mm,93.59218180179596,40900000
prediction_orientation_error_deg,0,40900000
prediction_position_error_mm,97.47815132141113,41000000
prediction_orientation_error_deg,0,41000000
owd_uplink_ms,223.5263,41100000
owd_downlink_ms,221.8814,41100000
owd_uplink_ms,216.6678,41100000
owd_downlink_ms,218.3796,41100000
correction_magnitude_mm,6.68660132214427,38896855
correction_magnitude_deg,0,38896855
prediction_position_error_mm,103.44448685646057,41100000
prediction_orientation_error_deg,0,41100000
owd_uplink_ms,220.9532,41200000
owd_downlink_ms,224.1911,41200000
prediction_position_error_mm,91.5474146604538,41200000
prediction_orientation_error_deg,0,41200000
prediction_position_error_mm,99.07031804323196,41300000
prediction_orientation_error_deg,0,41300000
owd_uplink_ms,219.6949,41400000
owd_downlink_ms,220.2842,41400000
correction_magnitude_mm,8.930732496082783,39101638
correction_magnitude_deg,0,39101638
owd_uplink_ms,221.9027,41400000
owd_downlink_ms,221.705,41400000
prediction_position_error_mm,93.8473492860794,41400000
prediction_orientation_error_deg,0,41400000
prediction_position_error_mm,93.8473492860794,41500000
prediction_orientation_error_deg,0,41500000
owd_uplink_ms,216.545,41600000
owd_downlink_ms,222.8633,41600000
correction_magnitude_mm,8.818957954645157,39309287
correction_magnitude_deg,0,39309287
owd_uplink_ms,222.0529,41600000
owd_downlink_ms,223.5363,41600000
owd_uplink_ms,218.2253,41600000
owd_downlink_ms,217.2763,41600000
prediction_position_error_mm,12.507498264312744,41600000
prediction_orientation_error_deg,0,41600000
prediction_position_error_mm,9.745706804096699,41700000
prediction_orientation_error_deg,0,41700000
owd_uplink_ms,224.858,41800000
owd_downlink_ms,219.4841,41800000
prediction_position_error_mm,37.94001415371895,41800000
prediction_orientation_error_deg,0,41800000
owd_uplink_ms,219.7935,41900000
owd_downlink_ms,217.6704,41900000
correction_magnitude_mm,6.400888320058584,39700582
correction_magnitude_deg,0,39700582
prediction_position_error_mm,108.27887058258057,41900000
prediction_orientation_error_deg,0,41900000
owd_uplink_ms,222.0381,42000000
owd_downlink_ms,221.3557,42000000
prediction_position_error_mm,89.19588476419449,42000000
prediction_orientation_error_deg,0,42000000
prediction_position_error_mm,89.19588476419449,42100000
prediction_orientation_error_deg,0,42100000
owd_uplink_ms,223.8546,42200000
owd_downlink_ms,220.6066,42200000
owd_uplink_ms,220.2678,42200000
owd_downlink_ms,218.7894,42200000
prediction_position_error_mm,10.681352578103542,42200000
prediction_orientation_error_deg,0,42200000
owd_uplink_ms,220.6902,42300000
owd_downlink_ms,216.9726,42300000
prediction_position_error_mm,10.383144952356815,42300000
prediction_orientation_error_deg,0,42300000
prediction_position_error_mm,11.456990614533424,42400000
prediction_orientation_error_deg,0,42400000
owd_uplink_ms,223.6209,42500000
owd_downlink_ms,221.9318,42500000
owd_uplink_ms,221.2897,42500000
owd_downlink_ms,219.9731,42500000
prediction_position_error_mm,11.079145595431328,42500000
prediction_orientation_error_deg,0,42500000
owd_uplink_ms,220.5727,42600000
owd_downlink_ms,220.0607,42600000
prediction_position_error_mm,7.071607746183872,42600000
prediction_orientation_error_deg,0,42600000
owd_uplink_ms,215.8923,42700000
owd_downlink_ms,216.8937,42700000
owd_uplink_ms,218.975,42700000
owd_downlink_ms,218.8716,42700000
prediction_position_error_mm,79.36103641986847,42700000
prediction_orientation_error_deg,0,42700000
prediction_position_error_mm,79.36103641986847,42800000
prediction_orientation_error_deg,0,42800000
owd_uplink_ms,218.1043,42900000
owd_downlink_ms,219.4259,42900000
correction_magnitude_mm,7.944890297949314,40687557
correction_magnitude_deg,0,40687557
prediction_position_error_mm,9.629798121750355,42900000
prediction_orientation_error_deg,0,42900000
owd_uplink_ms,219.6931,43000000
owd_downlink_ms,223.4151,43000000
prediction_position_error_mm,77.69519835710526,43000000
prediction_orientation_error_deg,0,43000000
prediction_position_error_mm,83.80622416734695,43100000
prediction_orientation_error_deg,0,43100000
owd_uplink_ms,219.6857,43200000
owd_downlink_ms,220.8336,43200000
prediction_position_error_mm,35.00578925013542,43200000
prediction_orientation_error_deg,0,43200000
owd_uplink_ms,223.2231,43300000
owd_downlink_ms,223.1976,43300000
prediction_position_error_mm,7.878647185862064,43300000
prediction_orientation_error_deg,0,43300000
owd_uplink_ms,217.5841,43400000
owd_downlink_ms,220.5057,43400000
owd_uplink_ms,220.3719,43400000
owd_downlink_ms,222.3939,43400000
prediction_position_error_mm,74.27546381950378,43400000
prediction_orientation_error_deg,0,43400000
owd_uplink_ms,222.9747,43500000
owd_downlink_ms,217.5082,43500000
correction_magnitude_mm,7.523831445723772,41292962
correction_magnitude_deg,0,41292962
prediction_position_error_mm,13.518869876861572,43500000
prediction_orientation_error_deg,0,43500000
owd_uplink_ms,219.7091,43600000
owd_downlink_ms,223.1801,43600000
prediction_position_error_mm,72.52293825149536,43600000
prediction_orientation_error_deg,0,43600000
owd_uplink_ms,216.363,43700000
owd_downlink_ms,219.9428,43700000
prediction_position_error_mm,7.289031520485878,43700000
prediction_orientation_error_deg,0,43700000
prediction_position_error_mm,10.79332735389471,43800000
prediction_orientation_error_deg,0,43800000
owd_uplink_ms,223.8162,43900000
owd_downlink_ms,221.1529,43900000
owd_uplink_ms,217.9404,43900000
owd_downlink_ms,216.0381,43900000
correction_magnitude_mm,5.4068416357040405,41696070
correction_magnitude_deg,0,41696070
prediction_position_error_mm,94.28230673074722,43900000
prediction_orientation_error_deg,0,43900000
owd_uplink_ms,223.6987,44000000
owd_downlink_ms,222.8129,44000000
prediction_position_error_mm,68.93599033355713,44000000
prediction_orientation_error_deg,0,44000000
prediction_position_error_mm,71.57973945140839,44100000
prediction_orientation_error_deg,0,44100000
owd_uplink_ms,218.2908,44200000
owd_downlink_ms,221.402,44200000
correction_magnitude_mm,7.076991721987724,41898853
correction_magnitude_deg,0,41898853
owd_uplink_ms,224.167,44200000
owd_downlink_ms,223.797,44200000
owd_uplink_ms,218.4284,44200000
owd_downlink_ms,218.1019,44200000
prediction_position_error_mm,13.7598542496562,44200000
prediction_orientation_error_deg,0,44200000
prediction_position_error_mm,12.24292442202568,44300000
prediction_orientation_error_deg,0,44300000
prediction_position_error_mm,13.29974364489317,44400000
prediction_orientation_error_deg,0,44400000
owd_uplink_ms,222.5546,44500000
owd_downlink_ms,220.7161,44500000
owd_uplink_ms,218.8941,44500000
owd_downlink_ms,216.4309,44500000
correction_magnitude_mm,5.078180693089962,42292608
correction_magnitude_deg,0,42292608
prediction_position_error_mm,93.16220879554749,44500000
prediction_orientation_error_deg,0,44500000
owd_uplink_ms,220.8244,44600000
owd_downlink_ms,224.2884,44600000
prediction_position_error_mm,63.362039625644684,44600000
prediction_orientation_error_deg,0,44600000
owd_uplink_ms,217.1926,44700000
owd_downlink_ms,224.3444,44700000
prediction_position_error_mm,7.701647467911243,44700000
prediction_orientation_error_deg,0,44700000
owd_uplink_ms,224.1242,44800000
owd_downlink_ms,216.2471,44800000
prediction_position_error_mm,15.219464898109436,44800000
prediction_orientation_error_deg,0,44800000
owd_uplink_ms,218.0851,44900000
owd_downlink_ms,223.2294,44900000
prediction_position_error_mm,62.7266988158226,44900000
prediction_orientation_error_deg,0,44900000
owd_uplink_ms,219.54,45000000
owd_downlink_ms,221.2552,45000000
prediction_position_error_mm,12.511697597801685,45000000
prediction_orientation_error_deg,0,45000000
owd_uplink_ms,222.19,45100000
owd_downlink_ms,216.9292,45100000
prediction_position_error_mm,14.003203250467777,45100000
prediction_orientation_error_deg,0,45100000
owd_uplink_ms,216.2512,45200000
owd_downlink_ms,220.2701,45200000
prediction_position_error_mm,59.66692045331001,45200000
prediction_orientation_error_deg,0,45200000
owd_uplink_ms,217.7151,45300000
owd_downlink_ms,216.7029,45300000
correction_magnitude_mm,6.112242583185434,43101786
correction_magnitude_deg,0,43101786
owd_uplink_ms,221.1489,45300000
owd_downlink_ms,218.5064,45300000
prediction_position_error_mm,53.55645716190338,45300000
prediction_orientation_error_deg,0,45300000
prediction_position_error_mm,55.60174211859703,45400000
prediction_orientation_error_deg,0,45400000
owd_uplink_ms,223.1969,45500000
owd_downlink_ms,216.667,45500000
correction_magnitude_mm,5.942998919636011,43290322
correction_magnitude_deg,0,43290322
prediction_position_error_mm,16.137534752488136,45500000
prediction_orientation_error_deg,0,45500000
owd_uplink_ms,216.9796,45600000
owd_downlink_ms,220.6081,45600000
prediction_position_error_mm,53.60863730311394,45600000
prediction_orientation_error_deg,0,45600000
owd_uplink_ms,218.7764,45700000
owd_downlink_ms,218.8804,45700000
correction_magnitude_mm,5.771500989794731,43494989
correction_magnitude_deg,0,43494989
owd_uplink_ms,219.6107,45700000
owd_downlink_ms,219.4139,45700000
prediction_position_error_mm,49.741603434085846,45700000
prediction_orientation_error_deg,0,45700000
prediction_position_error_mm,51.59613862633705,45800000
prediction_orientation_error_deg,0,45800000
prediction_position_error_mm,55.160440504550934,45900000
prediction_orientation_error_deg,0,45900000
owd_uplink_ms,223.1125,46000000
owd_downlink_ms,221.7863,46000000
correction_magnitude_mm,5.597873125225306,43693087
correction_magnitude_deg,0,43693087
owd_uplink_ms,215.3151,46000000
owd_downlink_ms,222.8175,46000000
prediction_position_error_mm,49.565158784389496,46000000
prediction_orientation_error_deg,0,46000000
owd_uplink_ms,221.8289,46100000
owd_downlink_ms,216.3672,46100000
correction_magnitude_mm,5.4221078753471375,43895638
correction_magnitude_deg,0,43895638
prediction_position_error_mm,16.11214689910412,46100000
prediction_orientation_error_deg,0,46100000
owd_uplink_ms,216.0251,46200000
owd_downlink_ms,220.1976,46200000
prediction_position_error_mm,47.51680791378021,46200000
prediction_orientation_error_deg,0,46200000
prediction_position_error_mm,49.129437655210495,46300000
prediction_orientation_error_deg,0,46300000
owd_uplink_ms,224.7538,46400000
owd_downlink_ms,222.1885,46400000
prediction_position_error_mm,17.168419435620308,46400000
prediction_orientation_error_deg,0,46400000
owd_uplink_ms,220.6448,46500000
owd_downlink_ms,221.3153,46500000
owd_uplink_ms,218.6841,46500000
owd_downlink_ms,219.8249,46500000
prediction_position_error_mm,68.00375878810883,46500000
prediction_orientation_error_deg,0,46500000
owd_uplink_ms,224.0155,46600000
owd_downlink_ms,222.8437,46600000
prediction_position_error_mm,43.372053653001785,46600000
prediction_orientation_error_deg,0,46600000
owd_uplink_ms,216.1678,46700000
owd_downlink_ms,222.5958,46700000
prediction_position_error_mm,9.561998769640923,46700000
prediction_orientation_error_deg,0,46700000
owd_uplink_ms,222.4081,46800000
owd_downlink_ms,218.1891,46800000
prediction_position_error_mm,15.359196811914444,46800000
prediction_orientation_error_deg,0,46800000
prediction_position_error_mm,15.401003882288933,46900000
prediction_orientation_error_deg,0,46900000
owd_uplink_ms,220.7111,47000000
owd_downlink_ms,222.8293,47000000
owd_uplink_ms,218.5362,47000000
owd_downlink_ms,217.8516,47000000
prediction_position_error_mm,64.06264007091522,47000000
prediction_orientation_error_deg,0,47000000
owd_uplink_ms,222.4559,47100000
owd_downlink_ms,223.6057,47100000
owd_uplink_ms,217.9822,47100000
owd_downlink_ms,217.4341,47100000
prediction_position_error_mm,12.540486641228199,47100000
prediction_orientation_error_deg,0,47100000
prediction_position_error_mm,14.768999069929123,47200000
prediction_orientation_error_deg,0,47200000
owd_uplink_ms,215.5586,47300000
owd_downlink_ms,214.9338,47300000
prediction_position_error_mm,13.0203478038311,47300000
prediction_orientation_error_deg,0,47300000
owd_uplink_ms,221.6798,47400000
owd_downlink_ms,220.1942,47400000
prediction_position_error_mm,35.94820201396942,47400000
prediction_orientation_error_deg,0,47400000
owd_uplink_ms,220.1181,47500000
owd_downlink_ms,223.8725,47500000
prediction_position_error_mm,12.13785819709301,47500000
prediction_orientation_error_deg,0,47500000
owd_uplink_ms,223.5722,47600000
owd_downlink_ms,218.152,47600000
prediction_position_error_mm,9.630189277231693,47600000
prediction_orientation_error_deg,0,47600000
owd_uplink_ms,218.5552,47700000
owd_downlink_ms,218.9046,47700000
prediction_position_error_mm,56.890517473220825,47700000
prediction_orientation_error_deg,0,47700000
owd_uplink_ms,221.7953,47800000
owd_downlink_ms,222.6474,47800000
prediction_position_error_mm,31.473755836486816,47800000
prediction_orientation_error_deg,0,47800000
owd_uplink_ms,223.2189,47900000
owd_downlink_ms,217.0468,47900000
prediction_position_error_mm,8.7325070053339,47900000
prediction_orientation_error_deg,0,47900000
owd_uplink_ms,220.8517,48000000
owd_downlink_ms,218.4505,48000000
prediction_position_error_mm,13.383844867348671,48000000
prediction_orientation_error_deg,0,48000000
owd_uplink_ms,217.8204,48100000
owd_downlink_ms,216.3107,48100000
prediction_position_error_mm,54.912056773900986,48100000
prediction_orientation_error_deg,0,48100000
owd_uplink_ms,222.7468,48200000
owd_downlink_ms,223.1344,48200000
prediction_position_error_mm,26.98804810643196,48200000
prediction_orientation_error_deg,0,48200000
prediction_position_error_mm,26.98804810643196,48300000
prediction_orientation_error_deg,0,48300000
owd_uplink_ms,221.2854,48400000
owd_downlink_ms,225.2451,48400000
owd_uplink_ms,221.1529,48400000
owd_downlink_ms,218.0726,48400000
prediction_position_error_mm,14.371959492564201,48400000
prediction_orientation_error_deg,0,48400000
owd_uplink_ms,219.7491,48500000
owd_downlink_ms,220.3834,48500000
prediction_position_error_mm,12.661966495215893,48500000
prediction_orientation_error_deg,0,48500000
prediction_position_error_mm,13.466151431202888,48600000
prediction_orientation_error_deg,0,48600000
owd_uplink_ms,220.6594,48700000
owd_downlink_ms,221.0681,48700000
prediction_position_error_mm,13.948678970336914,48700000
prediction_orientation_error_deg,0,48700000
owd_uplink_ms,220.6511,48800000
owd_downlink_ms,222.6446,48800000
prediction_position_error_mm,13.28534446656704,48800000
prediction_orientation_error_deg,0,48800000
owd_uplink_ms,223.8576,48900000
owd_downlink_ms,225.3052,48900000
prediction_position_error_mm,13.531058095395565,48900000
prediction_orientation_error_deg,0,48900000
owd_uplink_ms,218.0744,49000000
owd_downlink_ms,223.0085,49000000
owd_uplink_ms,220.8777,49000000
owd_downlink_ms,224.0505,49000000
owd_uplink_ms,215.8647,49000000
owd_downlink_ms,218.0416,49000000
prediction_position_error_mm,12.24867720156908,49000000
prediction_orientation_error_deg,0,49000000
owd_uplink_ms,217.2829,49100000
owd_downlink_ms,218.5783,49100000
prediction_position_error_mm,12.519934214651585,49100000
prediction_orientation_error_deg,0,49100000
owd_uplink_ms,219.5037,49200000
owd_downlink_ms,215.8451,49200000
prediction_position_error_mm,14.17564507573843,49200000
prediction_orientation_error_deg,0,49200000
owd_uplink_ms,217.814,49300000
owd_downlink_ms,218.5811,49300000
prediction_position_error_mm,12.7039086073637,49300000
prediction_orientation_error_deg,0,49300000
prediction_position_error_mm,13.827143236994743,49400000
prediction_orientation_error_deg,0,49400000
owd_uplink_ms,216.2096,49500000
owd_downlink_ms,216.5568,49500000
prediction_position_error_mm,13.485971838235855,49500000
prediction_orientation_error_deg,0,49500000
owd_uplink_ms,224.6215,49600000
owd_downlink_ms,223.3383,49600000
owd_uplink_ms,217.5239,49600000
owd_downlink_ms,214.9572,49600000
prediction_position_error_mm,13.989590108394623,49600000
prediction_orientation_error_deg,0,49600000
prediction_position_error_mm,15.17769880592823,49700000
prediction_orientation_error_deg,0,49700000
owd_uplink_ms,219.1483,49800000
owd_downlink_ms,222.5839,49800000
prediction_position_error_mm,13.071338646113873,49800000
prediction_orientation_error_deg,0,49800000
prediction_position_error_mm,14.225064776837826,49900000
prediction_orientation_error_deg,0,49900000
owd_uplink_ms,221.4075,50000000
owd_downlink_ms,220.5947,50000000
owd_uplink_ms,223.2843,50000000
owd_downlink_ms,217.3518,50000000
prediction_position_error_mm,35.110730677843094,50000000
prediction_orientation_error_deg,0,50000000
prediction_position_error_mm,0,100000
prediction_orientation_error_deg,0,100000
prediction_position_error_mm,0,200000
prediction_orientation_error_deg,0,200000
prediction_position_error_mm,0,300000
prediction_orientation_error_deg,0,300000
prediction_position_error_mm,0,400000
prediction_orientation_error_deg,0,400000
prediction_position_error_mm,0,500000
prediction_orientation_error_deg,0,500000
prediction_position_error_mm,0,600000
prediction_orientation_error_deg,0,600000
prediction_position_error_mm,0,700000
prediction_orientation_error_deg,0,700000
prediction_position_error_mm,0,800000
prediction_orientation_error_deg,0,800000
prediction_position_error_mm,0,900000
prediction_orientation_error_deg,0,900000
prediction_position_error_mm,0,1000000
prediction_orientation_error_deg,0,1000000
prediction_position_error_mm,0,1100000
prediction_orientation_error_deg,0,1100000
prediction_position_error_mm,0,1200000
prediction_orientation_error_deg,0,1200000
prediction_position_error_mm,0,1300000
prediction_orientation_error_deg,0,1300000
prediction_position_error_mm,0,1400000
prediction_orientation_error_deg,0,1400000
prediction_position_error_mm,0,1500000
prediction_orientation_error_deg,0,1500000
prediction_position_error_mm,0,1600000
prediction_orientation_error_deg,0,1600000
prediction_position_error_mm,0,1700000
prediction_orientation_error_deg,0,1700000
prediction_position_error_mm,0,1800000
prediction_orientation_error_deg,0,1800000
prediction_position_error_mm,0,1900000
prediction_orientation_error_deg,0,1900000
prediction_position_error_mm,0,2000000
prediction_orientation_error_deg,0,2000000
prediction_position_error_mm,0,2100000
prediction_orientation_error_deg,0,2100000
prediction_position_error_mm,0,2200000
prediction_orientation_error_deg,0,2200000
prediction_position_error_mm,1299.9999523162842,2300000
prediction_orientation_error_deg,0,2300000
prediction_position_error_mm,1299.9999523162842,2400000
prediction_orientation_error_deg,0,2400000
prediction_position_error_mm,1300.0023365020752,2500000
prediction_orientation_error_deg,0,2500000
prediction_position_error_mm,1300.020456314087,2600000
prediction_orientation_error_deg,0,2600000
prediction_position_error_mm,1300.0361919403076,2700000
prediction_orientation_error_deg,0,2700000
prediction_position_error_mm,1300.0361919403076,2800000
prediction_orientation_error_deg,0,2800000
prediction_position_error_mm,1300.0812530517578,2900000
prediction_orientation_error_deg,0,2900000
prediction_position_error_mm,1300.0812530517578,3000000
prediction_orientation_error_deg,0,3000000
prediction_position_error_mm,1300.1103401184082,3100000
prediction_orientation_error_deg,0,3100000
prediction_position_error_mm,1300.143837928772,3200000
prediction_orientation_error_deg,0,3200000
prediction_position_error_mm,1300.2238273620605,3300000
prediction_orientation_error_deg,0,3300000
prediction_position_error_mm,1300.2238273620605,3400000
prediction_orientation_error_deg,0,3400000
prediction_position_error_mm,1300.2701997756958,3500000
prediction_orientation_error_deg,0,3500000
prediction_position_error_mm,1300.3205060958862,3600000
prediction_orientation_error_deg,0,3600000
prediction_position_error_mm,1300.3751039505005,3700000
prediction_orientation_error_deg,0,3700000
prediction_position_error_mm,1300.4335165023804,3800000
prediction_orientation_error_deg,0,3800000
prediction_position_error_mm,1300.495982170105,3900000
prediction_orientation_error_deg,0,3900000
prediction_position_error_mm,1300.632119178772,4000000
prediction_orientation_error_deg,0,4000000
prediction_position_error_mm,1300.7055521011353,4100000
prediction_orientation_error_deg,0,4100000
prediction_position_error_mm,1300.7055521011353,4200000
prediction_orientation_error_deg,0,4200000
prediction_position_error_mm,1300.8630275726318,4300000
prediction_orientation_error_deg,0,4300000
prediction_position_error_mm,1300.946593284607,4400000
prediction_orientation_error_deg,0,4400000
prediction_position_error_mm,1300.946593284607,4500000
prediction_orientation_error_deg,0,4500000
owd_uplink_ms,219.5506,4600000
owd_downlink_ms,219.5506,4600000
correction_magnitude_mm,1299.9999523162842,2309955
correction_magnitude_deg,0,2309955
prediction_position_error_mm,114.05476927757263,4600000
prediction_orientation_error_deg,0,4600000
owd_uplink_ms,224.831,4700000
owd_downlink_ms,217.0463,4700000
prediction_position_error_mm,51.3228215277195,4700000
prediction_orientation_error_deg,0,4700000
owd_uplink_ms,219.7248,4800000
owd_downlink_ms,216.5934,4800000
correction_magnitude_mm,7.473074831068516,2596310
correction_magnitude_deg,0,2596310
owd_uplink_ms,215.705,4800000
owd_downlink_ms,216.6319,4800000
prediction_position_error_mm,108.79799723625183,4800000
prediction_orientation_error_deg,0,4800000
prediction_position_error_mm,108.79799723625183,4900000
prediction_orientation_error_deg,0,4900000
owd_uplink_ms,215.657,5000000
owd_downlink_ms,221.5227,5000000
prediction_position_error_mm,4.100474528968334,5000000
prediction_orientation_error_deg,0,5000000
owd_uplink_ms,219.6737,5100000
owd_downlink_ms,216.5049,5100000
owd_uplink_ms,223.0789,5100000
owd_downlink_ms,218.3953,5100000
prediction_position_error_mm,103.50833088159561,5100000
prediction_orientation_error_deg,0,5100000
prediction_position_error_mm,108.334481716156,5200000
prediction_orientation_error_deg,0,5200000
prediction_position_error_mm,117.94788390398026,5300000
prediction_orientation_error_deg,0,5300000
owd_uplink_ms,220.1013,5400000
owd_downlink_ms,223.9948,5400000
owd_uplink_ms,221.5193,5400000
owd_downlink_ms,215.7479,5400000
prediction_position_error_mm,11.363007128238678,5400000
prediction_orientation_error_deg,0,5400000
owd_uplink_ms,218.4078,5500000
owd_downlink_ms,218.2582,5500000
owd_uplink_ms,220.1574,5500000
owd_downlink_ms,219.5421,5500000
prediction_position_error_mm,107.57918655872345,5500000
prediction_orientation_error_deg,0,5500000
prediction_position_error_mm,107.57918655872345,5600000
prediction_orientation_error_deg,0,5600000
owd_uplink_ms,223.0537,5700000
owd_downlink_ms,219.0656,5700000
prediction_position_error_mm,50.75465887784958,5700000
prediction_orientation_error_deg,0,5700000
prediction_position_error_mm,52.94804275035858,5800000
prediction_orientation_error_deg,0,5800000
owd_uplink_ms,219.6155,5900000
owd_downlink_ms,223.9675,5900000
owd_uplink_ms,221.4161,5900000
owd_downlink_ms,220.7779,5900000
prediction_position_error_mm,4.239420406520367,5900000
prediction_orientation_error_deg,0,5900000
owd_uplink_ms,221.0192,6000000
owd_downlink_ms,217.9035,6000000
prediction_position_error_mm,5.017684772610664,6000000
prediction_orientation_error_deg,0,6000000
prediction_position_error_mm,5.594557151198387,6100000
prediction_orientation_error_deg,0,6100000
owd_uplink_ms,221.8501,6200000
owd_downlink_ms,223.6789,6200000
prediction_position_error_mm,4.214153159409761,6200000
prediction_orientation_error_deg,0,6200000
owd_uplink_ms,222.4131,6300000
owd_downlink_ms,224.2136,6300000
owd_uplink_ms,215.9229,6300000
owd_downlink_ms,223.4517,6300000
owd_uplink_ms,216.7701,6300000
owd_downlink_ms,216.0592,6300000
prediction_position_error_mm,5.4410286247730255,6300000
prediction_orientation_error_deg,0,6300000
prediction_position_error_mm,9.640280157327652,6400000
prediction_orientation_error_deg,0,6400000
owd_uplink_ms,218.3857,6500000
owd_downlink_ms,218.0983,6500000
prediction_position_error_mm,5.276503041386604,6500000
prediction_orientation_error_deg,0,6500000
owd_uplink_ms,220.6275,6600000
owd_downlink_ms,222.7899,6600000
owd_uplink_ms,219.4673,6600000
owd_downlink_ms,218.4587,6600000
prediction_position_error_mm,9.79770440608263,6600000
prediction_orientation_error_deg,0,6600000
prediction_position_error_mm,6.504012271761894,6700000
prediction_orientation_error_deg,0,6700000
owd_uplink_ms,217.8064,6800000
owd_downlink_ms,215.3496,6800000
prediction_position_error_mm,10.558927431702614,6800000
prediction_orientation_error_deg,0,6800000
owd_uplink_ms,220.8751,6900000
owd_downlink_ms,224.2602,6900000
prediction_position_error_mm,108.60005766153336,6900000
prediction_orientation_error_deg,0,6900000
owd_uplink_ms,222.3084,7000000
owd_downlink_ms,218.9727,7000000
correction_magnitude_mm,9.738579392433167,4798578
correction_magnitude_deg,0,4798578
prediction_position_error_mm,11.307553388178349,7000000
prediction_orientation_error_deg,0,7000000
owd_uplink_ms,217.1502,7100000
owd_downlink_ms,221.2472,7100000
prediction_position_error_mm,107.87893831729889,7100000
prediction_orientation_error_deg,0,7100000
owd_uplink_ms,220.5454,7200000
owd_downlink_ms,216.3595,7200000
prediction_position_error_mm,52.741892635822296,7200000
prediction_orientation_error_deg,0,7200000
prediction_position_error_mm,54.716289043426514,7300000
prediction_orientation_error_deg,0,7300000
owd_uplink_ms,222.5113,7400000
owd_downlink_ms,221.7237,7400000
prediction_position_error_mm,7.008946966379881,7400000
prediction_orientation_error_deg,0,7400000
owd_uplink_ms,221.9981,7500000
owd_downlink_ms,221.9032,7500000
owd_uplink_ms,222.0711,7500000
owd_downlink_ms,217.5079,7500000
correction_magnitude_mm,5.060920957475901,5291661
correction_magnitude_deg,0,5291661
prediction_position_error_mm,128.30078601837158,7500000
prediction_orientation_error_deg,0,7500000
owd_uplink_ms,216.4345,7600000
owd_downlink_ms,222.974,7600000
prediction_position_error_mm,101.52414441108704,7600000
prediction_orientation_error_deg,0,7600000
owd_uplink_ms,220.6023,7700000
owd_downlink_ms,217.2467,7700000
correction_magnitude_mm,9.565997868776321,5495642
correction_magnitude_deg,0,5495642
prediction_position_error_mm,12.042107060551643,7700000
prediction_orientation_error_deg,0,7700000
owd_uplink_ms,217.9818,7800000
owd_downlink_ms,222.4234,7800000
prediction_position_error_mm,100.71860253810883,7800000
prediction_orientation_error_deg,0,7800000
prediction_position_error_mm,105.06096482276917,7900000
prediction_orientation_error_deg,0,7900000
owd_uplink_ms,220.9799,8000000
owd_downlink_ms,223.2295,8000000
owd_uplink_ms,221.5047,8000000
owd_downlink_ms,215.8168,8000000
prediction_position_error_mm,13.42321839183569,8000000
prediction_orientation_error_deg,0,8000000
prediction_position_error_mm,14.323851093649864,8100000
prediction_orientation_error_deg,0,8100000
owd_uplink_ms,222.3656,8200000
owd_downlink_ms,221.6632,8200000
owd_uplink_ms,219.193,8200000
owd_downlink_ms,224.5747,8200000
owd_uplink_ms,216.4695,8200000
owd_downlink_ms,215.525,8200000
prediction_position_error_mm,7.370919920504093,8200000
prediction_orientation_error_deg,0,8200000
owd_uplink_ms,218.0634,8300000
owd_downlink_ms,215.9303,8300000
prediction_position_error_mm,8.941949345171452,8300000
prediction_orientation_error_deg,0,8300000
prediction_position_error_mm,9.673772379755974,8400000
prediction_orientation_error_deg,0,8400000
prediction_position_error_mm,14.108124189078808,8500000
prediction_orientation_error_deg,0,8500000
owd_uplink_ms,217.6932,8600000
owd_downlink_ms,221.4801,8600000
owd_uplink_ms,224.3159,8600000
owd_downlink_ms,223.6358,8600000
prediction_position_error_mm,97.1565842628479,8600000
prediction_orientation_error_deg,0,8600000
prediction_position_error_mm,101.30305588245392,8700000
prediction_orientation_error_deg,0,8700000
owd_uplink_ms,216.1473,8800000
owd_downlink_ms,219.7514,8800000
correction_magnitude_mm,9.247791953384876,6507284
correction_magnitude_deg,0,6507284
owd_uplink_ms,221.7344,8800000
owd_downlink_ms,221.3584,8800000
prediction_position_error_mm,96.18422389030457,8800000
prediction_orientation_error_deg,0,8800000
owd_uplink_ms,220.5386,8900000
owd_downlink_ms,215.4633,8900000
correction_magnitude_mm,9.174401871860027,6700468
correction_magnitude_deg,0,6700468
prediction_position_error_mm,10.392752476036549,8900000
prediction_orientation_error_deg,0,8900000
owd_uplink_ms,219.1004,9000000
owd_downlink_ms,220.7172,9000000
prediction_position_error_mm,99.22101348638535,9000000
prediction_orientation_error_deg,0,9000000
owd_uplink_ms,217.5846,9100000
owd_downlink_ms,218.731,9100000
correction_magnitude_mm,9.097868576645851,6903921
correction_magnitude_deg,0,6903921
prediction_position_error_mm,6.857432425022125,9100000
prediction_orientation_error_deg,0,9100000
owd_uplink_ms,222.9866,9200000
owd_downlink_ms,223.5611,9200000
prediction_position_error_mm,94.1457524895668,9200000
prediction_orientation_error_deg,0,9200000
prediction_position_error_mm,102.08940505981445,9300000
prediction_orientation_error_deg,0,9300000
owd_uplink_ms,224.8744,9400000
owd_downlink_ms,220.6807,9400000
correction_magnitude_mm,9.018203243613243,7099398
correction_magnitude_deg,0,7099398
owd_uplink_ms,217.6975,9400000
owd_downlink_ms,222.7506,9400000
prediction_position_error_mm,97.01129794120789,9400000
prediction_orientation_error_deg,0,9400000
owd_uplink_ms,218.3159,9500000
owd_downlink_ms,219.688,9500000
owd_uplink_ms,218.4542,9500000
owd_downlink_ms,217.6203,9500000
prediction_position_error_mm,8.245289325714111,9500000
prediction_orientation_error_deg,0,9500000
prediction_position_error_mm,12.274918146431446,9600000
prediction_orientation_error_deg,0,9600000
owd_uplink_ms,223.7762,9700000
owd_downlink_ms,219.3408,9700000
prediction_position_error_mm,41.39796271920204,9700000
prediction_orientation_error_deg,0,9700000
prediction_position_error_mm,42.98141598701477,9800000
prediction_orientation_error_deg,0,9800000
owd_uplink_ms,222.1839,9900000
owd_downlink_ms,220.8193,9900000
prediction_position_error_mm,7.351427339017391,9900000
prediction_orientation_error_deg,0,9900000
owd_uplink_ms,221.6924,10000000
owd_downlink_ms,220.5207,10000000
prediction_position_error_mm,7.329058833420277,10000000
prediction_orientation_error_deg,0,10000000
owd_uplink_ms,223.1879,10100000
owd_downlink_ms,220.801,10100000
owd_uplink_ms,219.3499,10100000
owd_downlink_ms,218.2809,10100000
prediction_position_error_mm,9.421979077160358,10100000
prediction_orientation_error_deg,0,10100000
prediction_position_error_mm,10.236981324851513,10200000
prediction_orientation_error_deg,0,10200000
owd_uplink_ms,221.938,10300000
owd_downlink_ms,221.7884,10300000
owd_uplink_ms,219.5909,10300000
owd_downlink_ms,217.0773,10300000
prediction_position_error_mm,8.397579193115234,10300000
prediction_orientation_error_deg,0,10300000
owd_uplink_ms,217.7483,10400000
owd_downlink_ms,219.1963,10400000
prediction_position_error_mm,98.49251061677933,10400000
prediction_orientation_error_deg,0,10400000
owd_uplink_ms,222.5855,10500000
owd_downlink_ms,221.1846,10500000
owd_uplink_ms,214.5999,10500000
owd_downlink_ms,217.6002,10500000
prediction_position_error_mm,7.279613520950079,10500000
prediction_orientation_error_deg,0,10500000
owd_uplink_ms,215.3973,10600000
owd_downlink_ms,215.9043,10600000
prediction_position_error_mm,11.21490728110075,10600000
prediction_orientation_error_deg,0,10600000
prediction_position_error_mm,11.953163892030716,10700000
prediction_orientation_error_deg,0,10700000
owd_uplink_ms,222.977,10800000
owd_downlink_ms,218.1736,10800000
prediction_position_error_mm,37.42682933807373,10800000
prediction_orientation_error_deg,0,10800000
owd_uplink_ms,218.8167,10900000
owd_downlink_ms,217.7273,10900000
prediction_position_error_mm,10.312743484973907,10900000
prediction_orientation_error_deg,0,10900000
prediction_position_error_mm,11.18803583085537,11000000
prediction_orientation_error_deg,0,11000000
owd_uplink_ms,221.7813,11100000
owd_downlink_ms,223.6443,11100000
owd_uplink_ms,220.7837,11100000
owd_downlink_ms,220.7703,11100000
prediction_position_error_mm,98.69109839200974,11100000
prediction_orientation_error_deg,0,11100000
owd_uplink_ms,217.0001,11200000
owd_downlink_ms,222.3649,11200000
owd_uplink_ms,219.2539,11200000
owd_downlink_ms,216.8339,11200000
prediction_position_error_mm,11.768783442676067,11200000
prediction_orientation_error_deg,0,11200000
owd_uplink_ms,216.3834,11300000
owd_downlink_ms,216.9579,11300000
prediction_position_error_mm,11.552108451724052,11300000
prediction_orientation_error_deg,0,11300000
prediction_position_error_mm,9.715447202324867,11400000
prediction_orientation_error_deg,0,11400000
prediction_position_error_mm,10.596771724522114,11500000
prediction_orientation_error_deg,0,11500000
owd_uplink_ms,218.2384,11600000
owd_downlink_ms,222.2652,11600000
owd_uplink_ms,220.493,11600000
owd_downlink_ms,222.406,11600000
prediction_position_error_mm,79.6479880809784,11600000
prediction_orientation_error_deg,0,11600000
owd_uplink_ms,219.5657,11700000
owd_downlink_ms,220.8745,11700000
owd_uplink_ms,218.9352,11700000
owd_downlink_ms,218.6782,11700000
prediction_position_error_mm,12.252498418092728,11700000
prediction_orientation_error_deg,0,11700000
prediction_position_error_mm,13.102696277201176,11800000
prediction_orientation_error_deg,0,11800000
owd_uplink_ms,221.481,11900000
owd_downlink_ms,219.2464,11900000
prediction_position_error_mm,37.74334862828255,11900000
prediction_orientation_error_deg,0,11900000
owd_uplink_ms,223.8132,12000000
owd_downlink_ms,218.2381,12000000
prediction_position_error_mm,15.606875531375408,12000000
prediction_orientation_error_deg,0,12000000
owd_uplink_ms,216.6491,12100000
owd_downlink_ms,219.0627,12100000
prediction_position_error_mm,87.76620775461197,12100000
prediction_orientation_error_deg,0,12100000
owd_uplink_ms,221.7947,12200000
owd_downlink_ms,224.2473,12200000
prediction_position_error_mm,78.60883325338364,12200000
prediction_orientation_error_deg,0,12200000
owd_uplink_ms,218.9746,12300000
owd_downlink_ms,222.1786,12300000
prediction_position_error_mm,10.170781053602695,12300000
prediction_orientation_error_deg,0,12300000
owd_uplink_ms,221.9432,12400000
owd_downlink_ms,215.9726,12400000
prediction_position_error_mm,34.717340022325516,12400000
prediction_orientation_error_deg,0,12400000
prediction_position_error_mm,35.78417748212814,12500000
prediction_orientation_error_deg,0,12500000
owd_uplink_ms,218.5768,12600000
owd_downlink_ms,220.8087,12600000
correction_magnitude_mm,5.38313714787364,10298211
correction_magnitude_deg,0,10298211
owd_uplink_ms,220.0444,12600000
owd_downlink_ms,220.8526,12600000
prediction_position_error_mm,72.75390625,12600000
prediction_orientation_error_deg,0,12600000
owd_uplink_ms,219.8113,12700000
owd_downlink_ms,222.7765,12700000
owd_uplink_ms,216.5587,12700000
owd_downlink_ms,215.3675,12700000
prediction_position_error_mm,13.51957954466343,12700000
prediction_orientation_error_deg,0,12700000
prediction_position_error_mm,12.230106629431248,12800000
prediction_orientation_error_deg,0,12800000
prediction_position_error_mm,13.278513215482235,12900000
prediction_orientation_error_deg,0,12900000
owd_uplink_ms,224.3565,13000000
owd_downlink_ms,221.752,13000000
owd_uplink_ms,223.1592,13000000
owd_downlink_ms,217.9047,13000000
prediction_position_error_mm,15.501552261412144,13000000
prediction_orientation_error_deg,0,13000000
prediction_position_error_mm,14.509312808513641,13100000
prediction_orientation_error_deg,0,13100000
owd_uplink_ms,223.5769,13200000
owd_downlink_ms,224.3693,13200000
prediction_position_error_mm,9.48937889188528,13200000
prediction_orientation_error_deg,0,13200000
owd_uplink_ms,219.5007,13300000
owd_downlink_ms,220.8907,13300000
prediction_position_error_mm,10.601861402392387,13300000
prediction_orientation_error_deg,0,13300000
owd_uplink_ms,216.8166,13400000
owd_downlink_ms,222.3272,13400000
owd_uplink_ms,221.0282,13400000
owd_downlink_ms,222.8186,13400000
owd_uplink_ms,219.7702,13400000
owd_downlink_ms,215.5344,13400000
prediction_position_error_mm,14.36998974531889,13400000
prediction_orientation_error_deg,0,13400000
prediction_position_error_mm,15.525681897997856,13500000
prediction_orientation_error_deg,0,13500000
prediction_position_error_mm,18.791351467370987,13600000
prediction_orientation_error_deg,0,13600000
owd_uplink_ms,217.6584,13700000
owd_downlink_ms,223.6341,13700000
owd_uplink_ms,225.1931,13700000
owd_downlink_ms,224.3206,13700000
prediction_position_error_mm,67.48577207326889,13700000
prediction_orientation_error_deg,0,13700000
owd_uplink_ms,217.6098,13800000
owd_downlink_ms,221.9761,13800000
prediction_position_error_mm,9.42838005721569,13800000
prediction_orientation_error_deg,0,13800000
owd_uplink_ms,222.4931,13900000
owd_downlink_ms,218.5241,13900000
prediction_position_error_mm,29.765447601675987,13900000
prediction_orientation_error_deg,0,13900000
owd_uplink_ms,220.4483,14000000
owd_downlink_ms,219.2579,14000000
prediction_position_error_mm,10.393526405096054,14000000
prediction_orientation_error_deg,0,14000000
owd_uplink_ms,224.0302,14100000
owd_downlink_ms,217.2944,14100000
prediction_position_error_mm,94.995878636837,14100000
prediction_orientation_error_deg,0,14100000
owd_uplink_ms,216.4091,14200000
owd_downlink_ms,221.6203,14200000
prediction_position_error_mm,63.77555429935455,14200000
prediction_orientation_error_deg,0,14200000
prediction_position_error_mm,66.15343689918518,14300000
prediction_orientation_error_deg,0,14300000
owd_uplink_ms,217.8174,14400000
owd_downlink_ms,221.4668,14400000
correction_magnitude_mm,6.237979978322983,12106216
correction_magnitude_deg,0,12106216
owd_uplink_ms,223.193,14400000
owd_downlink_ms,222.4665,14400000
owd_uplink_ms,218.3099,14400000
owd_downlink_ms,218.1243,14400000
prediction_position_error_mm,11.84034626930952,14400000
prediction_orientation_error_deg,0,14400000
prediction_position_error_mm,14.419562183320522,14500000
prediction_orientation_error_deg,0,14500000
owd_uplink_ms,219.9207,14600000
owd_downlink_ms,215.5311,14600000
prediction_position_error_mm,13.439038768410683,14600000
prediction_orientation_error_deg,0,14600000
owd_uplink_ms,221.2927,14700000
owd_downlink_ms,221.0054,14700000
owd_uplink_ms,216.4131,14700000
owd_downlink_ms,216.5648,14700000
prediction_position_error_mm,11.61337923258543,14700000
prediction_orientation_error_deg,0,14700000
prediction_position_error_mm,14.011330902576447,14800000
prediction_orientation_error_deg,0,14800000
owd_uplink_ms,221.1577,14900000
owd_downlink_ms,216.2172,14900000
prediction_position_error_mm,26.02393366396427,14900000
prediction_orientation_error_deg,0,14900000
prediction_position_error_mm,24.592062458395958,15000000
prediction_orientation_error_deg,0,15000000
owd_uplink_ms,218.9225,15100000
owd_downlink_ms,222.4805,15100000
owd_uplink_ms,222.8389,15100000
owd_downlink_ms,222.7557,15100000
prediction_position_error_mm,57.32116103172302,15100000
prediction_orientation_error_deg,0,15100000
owd_uplink_ms,215.7609,15200000
owd_downlink_ms,222.0552,15200000
prediction_position_error_mm,10.331409052014351,15200000
prediction_orientation_error_deg,0,15200000
owd_uplink_ms,223.4718,15300000
owd_downlink_ms,217.2147,15300000
prediction_position_error_mm,15.585201792418957,15300000
prediction_orientation_error_deg,0,15300000
owd_uplink_ms,215.7863,15400000
owd_downlink_ms,222.3387,15400000
owd_uplink_ms,216.0824,15400000
owd_downlink_ms,215.3963,15400000
prediction_position_error_mm,13.239692896604538,15400000
prediction_orientation_error_deg,0,15400000
prediction_position_error_mm,13.248884119093418,15500000
prediction_orientation_error_deg,0,15500000
owd_uplink_ms,219.6133,15600000
owd_downlink_ms,219.1236,15600000
prediction_position_error_mm,13.47233820706606,15600000
prediction_orientation_error_deg,0,15600000
owd_uplink_ms,222.9097,15700000
owd_downlink_ms,220.7987,15700000
owd_uplink_ms,218.8205,15700000
owd_downlink_ms,219.0999,15700000
prediction_position_error_mm,12.938263826072216,15700000
prediction_orientation_error_deg,0,15700000
prediction_position_error_mm,14.086039736866951,15800000
prediction_orientation_error_deg,0,15800000
owd_uplink_ms,222.5876,15900000
owd_downlink_ms,218.0596,15900000
prediction_position_error_mm,14.832773245871067,15900000
prediction_orientation_error_deg,0,15900000
owd_uplink_ms,216.6286,16000000
owd_downlink_ms,221.9409,16000000
owd_uplink_ms,217.3231,16000000
owd_downlink_ms,216.7689,16000000
prediction_position_error_mm,13.16389162093401,16000000
prediction_orientation_error_deg,0,16000000
owd_uplink_ms,217.556,16100000
owd_downlink_ms,217.6616,16100000
prediction_position_error_mm,12.7935279160738,16100000
prediction_orientation_error_deg,0,16100000
prediction_position_error_mm,13.84906005114317,16200000
prediction_orientation_error_deg,0,16200000
owd_uplink_ms,219.5262,16300000
owd_downlink_ms,220.1195,16300000
prediction_position_error_mm,12.982196174561977,16300000
prediction_orientation_error_deg,0,16300000
prediction_position_error_mm,14.67591617256403,16400000
prediction_orientation_error_deg,0,16400000
owd_uplink_ms,219.1176,16500000
owd_downlink_ms,220.8545,16500000
owd_uplink_ms,222.2736,16500000
owd_downlink_ms,222.0793,16500000
owd_uplink_ms,218.4744,16500000
owd_downlink_ms,217.8201,16500000
prediction_position_error_mm,13.196555897593498,16500000
prediction_orientation_error_deg,0,16500000
owd_uplink_ms,218.0028,16600000
owd_downlink_ms,215.9812,16600000
prediction_position_error_mm,13.169986195862293,16600000
prediction_orientation_error_deg,0,16600000
prediction_position_error_mm,14.338897541165352,16700000
prediction_orientation_error_deg,0,16700000
owd_uplink_ms,215.5071,16800000
owd_downlink_ms,215.0977,16800000
owd_uplink_ms,222.2585,16800000
owd_downlink_ms,218.0837,16800000
prediction_position_error_mm,44.89750415086746,16800000
prediction_orientation_error_deg,0,16800000
owd_uplink_ms,219.0564,16900000
owd_downlink_ms,216.6019,16900000
prediction_position_error_mm,15.639213845133781,16900000
prediction_orientation_error_deg,0,16900000
prediction_position_error_mm,16.901854425668716,17000000
prediction_orientation_error_deg,0,17000000
owd_uplink_ms,219.8315,17100000
owd_downlink_ms,219.6067,17100000
prediction_position_error_mm,13.435962609946728,17100000
prediction_orientation_error_deg,0,17100000
owd_uplink_ms,217.4334,17200000
owd_downlink_ms,221.9516,17200000
prediction_position_error_mm,43.66854205727577,17200000
prediction_orientation_error_deg,0,17200000
owd_uplink_ms,219.776,17300000
owd_downlink_ms,215.6807,17300000
prediction_position_error_mm,14.200356788933277,17300000
prediction_orientation_error_deg,0,17300000
owd_uplink_ms,218.3897,17400000
owd_downlink_ms,223.8968,17400000
prediction_position_error_mm,42.954377830028534,17400000
prediction_orientation_error_deg,0,17400000
owd_uplink_ms,222.7223,17500000
owd_downlink_ms,217.3032,17500000
prediction_position_error_mm,19.72094178199768,17500000
prediction_orientation_error_deg,0,17500000
prediction_position_error_mm,22.496970370411873,17600000
prediction_orientation_error_deg,0,17600000
owd_uplink_ms,223.4286,17700000
owd_downlink_ms,221.842,17700000
owd_uplink_ms,215.6424,17700000
owd_downlink_ms,217.474,17700000
prediction_position_error_mm,53.37497219443321,17700000
prediction_orientation_error_deg,0,17700000
owd_uplink_ms,222.9734,17800000
owd_downlink_ms,221.7402,17800000
prediction_position_error_mm,43.57881098985672,17800000
prediction_orientation_error_deg,0,17800000
prediction_position_error_mm,43.57881098985672,17900000
prediction_orientation_error_deg,0,17900000
owd_uplink_ms,216.1295,18000000
owd_downlink_ms,221.7791,18000000
owd_uplink_ms,223.4569,18000000
owd_downlink_ms,224.2447,18000000
prediction_position_error_mm,41.37876257300377,18000000
prediction_orientation_error_deg,0,18000000
owd_uplink_ms,217.5457,18100000
owd_downlink_ms,220.2248,18100000
prediction_position_error_mm,13.235513120889664,18100000
prediction_orientation_error_deg,0,18100000
owd_uplink_ms,222.742,18200000
owd_downlink_ms,218.8346,18200000
prediction_position_error_mm,20.3187745064497,18200000
prediction_orientation_error_deg,0,18200000
prediction_position_error_mm,23.253202438354492,18300000
prediction_orientation_error_deg,0,18300000
owd_uplink_ms,220.7312,18400000
owd_downlink_ms,224.1336,18400000
owd_uplink_ms,220.5974,18400000
owd_downlink_ms,215.5837,18400000
prediction_position_error_mm,14.020412229001522,18400000
prediction_orientation_error_deg,0,18400000
prediction_position_error_mm,15.492022968828678,18500000
prediction_orientation_error_deg,0,18500000
owd_uplink_ms,222.4479,18600000
owd_downlink_ms,223.3189,18600000
owd_uplink_ms,220.1267,18600000
owd_downlink_ms,223.9748,18600000
prediction_position_error_mm,40.74476286768913,18600000
prediction_orientation_error_deg,0,18600000
owd_uplink_ms,221.4181,18700000
owd_downlink_ms,219.8182,18700000
prediction_position_error_mm,21.240513771772385,18700000
prediction_orientation_error_deg,0,18700000
owd_uplink_ms,219.4501,18800000
owd_downlink_ms,217.3396,18800000
owd_uplink_ms,220.4051,18800000
owd_downlink_ms,220.0206,18800000
prediction_position_error_mm,40.80290347337723,18800000
prediction_orientation_error_deg,0,18800000
prediction_position_error_mm,40.80290347337723,18900000
prediction_orientation_error_deg,0,18900000
owd_uplink_ms,218.6822,19000000
owd_downlink_ms,220.9082,19000000
owd_uplink_ms,215.4851,19000000
owd_downlink_ms,216.8734,19000000
prediction_position_error_mm,11.911940760910511,19000000
prediction_orientation_error_deg,0,19000000
prediction_position_error_mm,13.006947003304958,19100000
prediction_orientation_error_deg,0,19100000
owd_uplink_ms,218.8494,19200000
owd_downlink_ms,223.9359,19200000
prediction_position_error_mm,12.628652155399323,19200000
prediction_orientation_error_deg,0,19200000
owd_uplink_ms,218.4604,19300000
owd_downlink_ms,221.5959,19300000
prediction_position_error_mm,13.75493686646223,19300000
prediction_orientation_error_deg,0,19300000
owd_uplink_ms,224.7471,19400000
owd_downlink_ms,216.6358,19400000
prediction_position_error_mm,23.968858644366264,19400000
prediction_orientation_error_deg,0,19400000
prediction_position_error_mm,25.257010012865067,19500000
prediction_orientation_error_deg,0,19500000
owd_uplink_ms,221.8648,19600000
owd_downlink_ms,221.8965,19600000
prediction_position_error_mm,15.041742473840714,19600000
prediction_orientation_error_deg,0,19600000
owd_uplink_ms,220.555,19700000
owd_downlink_ms,222.3674,19700000
prediction_position_error_mm,15.168997459113598,19700000
prediction_orientation_error_deg,0,19700000
owd_uplink_ms,223.2279,19800000
owd_downlink_ms,222.3935,19800000
prediction_position_error_mm,13.91974650323391,19800000
prediction_orientation_error_deg,0,19800000
owd_uplink_ms,219.2831,19900000
owd_downlink_ms,220.1126,19900000
owd_uplink_ms,222.0396,19900000
owd_downlink_ms,221.6238,19900000
prediction_position_error_mm,42.769335210323334,19900000
prediction_orientation_error_deg,0,19900000
owd_uplink_ms,223.5942,20000000
owd_downlink_ms,219.7373,20000000
prediction_position_error_mm,13.271125964820385,20000000
prediction_orientation_error_deg,0,20000000
owd_uplink_ms,218.6829,20100000
owd_downlink_ms,222.4507,20100000
prediction_position_error_mm,45.63390463590622,20100000
prediction_orientation_error_deg,0,20100000
owd_uplink_ms,221.6901,20200000
owd_downlink_ms,216.1368,20200000
prediction_position_error_mm,24.291759356856346,20200000
prediction_orientation_error_deg,0,20200000
owd_uplink_ms,219.8029,20300000
owd_downlink_ms,216.9582,20300000
prediction_position_error_mm,46.48088291287422,20300000
prediction_orientation_error_deg,0,20300000
owd_uplink_ms,217.118,20400000
owd_downlink_ms,223.1278,20400000
prediction_position_error_mm,44.677168130874634,20400000
prediction_orientation_error_deg,0,20400000
prediction_position_error_mm,49.21432584524155,20500000
prediction_orientation_error_deg,0,20500000
owd_uplink_ms,221.5382,20600000
owd_downlink_ms,220.556,20600000
owd_uplink_ms,217.4082,20600000
owd_downlink_ms,222.3723,20600000
prediction_position_error_mm,47.905083745718,20600000
prediction_orientation_error_deg,0,20600000
prediction_position_error_mm,50.248757004737854,20700000
prediction_orientation_error_deg,0,20700000
owd_uplink_ms,216.8097,20800000
owd_downlink_ms,221.2989,20800000
owd_uplink_ms,222.4765,20800000
owd_downlink_ms,222.9596,20800000
prediction_position_error_mm,48.953741788864136,20800000
prediction_orientation_error_deg,0,20800000
owd_uplink_ms,222.0336,20900000
owd_downlink_ms,218.5255,20900000
prediction_position_error_mm,26.842568069696426,20900000
prediction_orientation_error_deg,0,20900000
owd_uplink_ms,222.8431,21000000
owd_downlink_ms,216.6945,21000000
owd_uplink_ms,219.6963,21000000
owd_downlink_ms,218.9615,21000000
prediction_position_error_mm,48.17894101142883,21000000
prediction_orientation_error_deg,0,21000000
prediction_position_error_mm,50.65754055976868,21100000
prediction_orientation_error_deg,0,21100000
prediction_position_error_mm,53.164735436439514,21200000
prediction_orientation_error_deg,0,21200000
owd_uplink_ms,220.3694,21300000
owd_downlink_ms,223.3053,21300000
owd_uplink_ms,220.201,21300000
owd_downlink_ms,217.1551,21300000
prediction_position_error_mm,13.724731281399727,21300000
prediction_orientation_error_deg,0,21300000
prediction_position_error_mm,14.872308820486069,21400000
prediction_orientation_error_deg,0,21400000
owd_uplink_ms,221.7981,21500000
owd_downlink_ms,221.5373,21500000
owd_uplink_ms,216.9287,21500000
owd_downlink_ms,215.7613,21500000
owd_uplink_ms,220.3452,21500000
owd_downlink_ms,219.0417,21500000
prediction_position_error_mm,51.147885620594025,21500000
prediction_orientation_error_deg,0,21500000
prediction_position_error_mm,53.794894367456436,21600000
prediction_orientation_error_deg,0,21600000
owd_uplink_ms,217.3798,21700000
owd_downlink_ms,220.4945,21700000
owd_uplink_ms,216.3982,21700000
owd_downlink_ms,217.7806,21700000
prediction_position_error_mm,12.749381363391876,21700000
prediction_orientation_error_deg,0,21700000
prediction_position_error_mm,13.877520337700844,21800000
prediction_orientation_error_deg,0,21800000
owd_uplink_ms,219.8559,21900000
owd_downlink_ms,224.2793,21900000
prediction_position_error_mm,14.853766188025475,21900000
prediction_orientation_error_deg,0,21900000
owd_uplink_ms,219.6965,22000000
owd_downlink_ms,222.9237,22000000
prediction_position_error_mm,12.316609732806683,22000000
prediction_orientation_error_deg,0,22000000
owd_uplink_ms,220.7934,22100000
owd_downlink_ms,216.5493,22100000
prediction_position_error_mm,30.969392508268356,22100000
prediction_orientation_error_deg,0,22100000
owd_uplink_ms,220.2989,22200000
owd_downlink_ms,217.4188,22200000
prediction_position_error_mm,46.64209485054016,22200000
prediction_orientation_error_deg,0,22200000
owd_uplink_ms,217.4628,22300000
owd_downlink_ms,223.8036,22300000
prediction_position_error_mm,55.77480420470238,22300000
prediction_orientation_error_deg,0,22300000
owd_uplink_ms,221.0017,22400000
owd_downlink_ms,221.4841,22400000
prediction_position_error_mm,11.382479220628738,22400000
prediction_orientation_error_deg,0,22400000
prediction_position_error_mm,12.473609298467636,22500000
prediction_orientation_error_deg,0,22500000
owd_uplink_ms,225.3731,22600000
owd_downlink_ms,223.7953,22600000
owd_uplink_ms,220.7471,22600000
owd_downlink_ms,217.4618,22600000
prediction_position_error_mm,13.32255732268095,22600000
prediction_orientation_error_deg,0,22600000
owd_uplink_ms,221.591,22700000
owd_downlink_ms,216.2421,22700000
prediction_position_error_mm,55.211737751960754,22700000
prediction_orientation_error_deg,0,22700000
owd_uplink_ms,216.4345,22800000
owd_downlink_ms,220.5988,22800000
prediction_position_error_mm,59.314098209142685,22800000
prediction_orientation_error_deg,0,22800000
owd_uplink_ms,217.9483,22900000
owd_downlink_ms,222.5642,22900000
prediction_position_error_mm,12.471674010157585,22900000
prediction_orientation_error_deg,0,22900000
owd_uplink_ms,220.4236,23000000
owd_downlink_ms,219.5166,23000000
owd_uplink_ms,217.3171,23000000
owd_downlink_ms,217.0908,23000000
prediction_position_error_mm,9.588164277374744,23000000
prediction_orientation_error_deg,0,23000000
prediction_position_error_mm,10.587753728032112,23100000
prediction_orientation_error_deg,0,23100000
owd_uplink_ms,216.2102,23200000
owd_downlink_ms,215.6774,23200000
owd_uplink_ms,221.4724,23200000
owd_downlink_ms,218.1327,23200000
prediction_position_error_mm,62.97709047794342,23200000
prediction_orientation_error_deg,0,23200000
prediction_position_error_mm,62.97709047794342,23300000
prediction_orientation_error_deg,0,23300000
owd_uplink_ms,219.8404,23400000
owd_downlink_ms,220.7373,23400000
prediction_position_error_mm,11.763076297938824,23400000
prediction_orientation_error_deg,0,23400000
owd_uplink_ms,219.7861,23500000
owd_downlink_ms,220.1352,23500000
owd_uplink_ms,217.129,23500000
owd_downlink_ms,215.8172,23500000
prediction_position_error_mm,11.088430881500244,23500000
prediction_orientation_error_deg,0,23500000
owd_uplink_ms,215.5285,23600000
owd_downlink_ms,215.9799,23600000
prediction_position_error_mm,11.87561359256506,23600000
prediction_orientation_error_deg,0,23600000
prediction_position_error_mm,12.920169159770012,23700000
prediction_orientation_error_deg,0,23700000
owd_uplink_ms,219.788,23800000
owd_downlink_ms,221.3706,23800000
prediction_position_error_mm,10.687085799872875,23800000
prediction_orientation_error_deg,0,23800000
owd_uplink_ms,218.7509,23900000
owd_downlink_ms,223.5653,23900000
owd_uplink_ms,218.3618,23900000
owd_downlink_ms,215.5173,23900000
prediction_position_error_mm,7.951115258038044,23900000
prediction_orientation_error_deg,0,23900000
owd_uplink_ms,216.4742,24000000
owd_downlink_ms,215.6826,24000000
prediction_position_error_mm,11.092077009379864,24000000
prediction_orientation_error_deg,0,24000000
prediction_position_error_mm,12.086900882422924,24100000
prediction_orientation_error_deg,0,24100000
owd_uplink_ms,220.0311,24200000
owd_downlink_ms,220.3284,24200000
prediction_position_error_mm,12.643562629818916,24200000
prediction_orientation_error_deg,0,24200000
owd_uplink_ms,222.9119,24300000
owd_downlink_ms,217.3767,24300000
prediction_position_error_mm,38.74139487743378,24300000
prediction_orientation_error_deg,0,24300000
owd_uplink_ms,215.3555,24400000
owd_downlink_ms,215.4758,24400000
owd_uplink_ms,223.7864,24400000
owd_downlink_ms,218.5542,24400000
prediction_position_error_mm,68.35318356752396,24400000
prediction_orientation_error_deg,0,24400000
prediction_position_error_mm,75.62567293643951,24500000
prediction_orientation_error_deg,0,24500000
prediction_position_error_mm,75.62567293643951,24600000
prediction_orientation_error_deg,0,24600000
owd_uplink_ms,220.6154,24700000
owd_downlink_ms,223.4523,24700000
prediction_position_error_mm,42.653199285268784,24700000
prediction_orientation_error_deg,0,24700000
owd_uplink_ms,223.056,24800000
owd_downlink_ms,224.4617,24800000
owd_uplink_ms,219.0479,24800000
owd_downlink_ms,219.9156,24800000
prediction_position_error_mm,56.66011944413185,24800000
prediction_orientation_error_deg,0,24800000
owd_uplink_ms,224.3629,24900000
owd_downlink_ms,221.8733,24900000
prediction_position_error_mm,74.96406883001328,24900000
prediction_orientation_error_deg,0,24900000
prediction_position_error_mm,82.56404101848602,25000000
prediction_orientation_error_deg,0,25000000
owd_uplink_ms,223.1102,25100000
owd_downlink_ms,220.9454,25100000
owd_uplink_ms,221.579,25100000
owd_downlink_ms,219.6381,25100000
prediction_position_error_mm,12.606569565832615,25100000
prediction_orientation_error_deg,0,25100000
owd_uplink_ms,221.5363,25200000
owd_downlink_ms,220.2733,25200000
prediction_position_error_mm,9.666294790804386,25200000
prediction_orientation_error_deg,0,25200000
prediction_position_error_mm,13.940305449068546,25300000
prediction_orientation_error_deg,0,25300000
owd_uplink_ms,220.2241,25400000
owd_downlink_ms,221.7743,25400000
owd_uplink_ms,220.6457,25400000
owd_downlink_ms,220.3378,25400000
prediction_position_error_mm,63.57259303331375,25400000
prediction_orientation_error_deg,0,25400000
owd_uplink_ms,219.4386,25500000
owd_downlink_ms,222.1805,25500000
prediction_position_error_mm,83.36052298545837,25500000
prediction_orientation_error_deg,0,25500000
owd_uplink_ms,217.613,25600000
owd_downlink_ms,218.4637,25600000
correction_magnitude_mm,6.5534221939742565,23395760
correction_magnitude_deg,0,23395760
prediction_position_error_mm,7.799143437296152,25600000
prediction_orientation_error_deg,0,25600000
owd_uplink_ms,221.6387,25700000
owd_downlink_ms,222.736,25700000
prediction_position_error_mm,84.87158268690109,25700000
prediction_orientation_error_deg,0,25700000
owd_uplink_ms,217.3999,25800000
owd_downlink_ms,222.0525,25800000
prediction_position_error_mm,11.068255640566349,25800000
prediction_orientation_error_deg,0,25800000
owd_uplink_ms,217.1865,25900000
owd_downlink_ms,221.0263,25900000
prediction_position_error_mm,14.29441012442112,25900000
prediction_orientation_error_deg,0,25900000
owd_uplink_ms,220.6256,26000000
owd_downlink_ms,222.5507,26000000
prediction_position_error_mm,9.19912476092577,26000000
prediction_orientation_error_deg,0,26000000
owd_uplink_ms,224.0064,26100000
owd_downlink_ms,217.64,26100000
prediction_position_error_mm,48.79302904009819,26100000
prediction_orientation_error_deg,0,26100000
owd_uplink_ms,217.2834,26200000
owd_downlink_ms,216.3415,26200000
correction_magnitude_mm,5.196334328502417,24001015
correction_magnitude_deg,0,24001015
prediction_position_error_mm,74.42130148410797,26200000
prediction_orientation_error_deg,0,26200000
owd_uplink_ms,221.2288,26300000
owd_downlink_ms,222.4942,26300000
prediction_position_error_mm,85.08709818124771,26300000
prediction_orientation_error_deg,0,26300000
owd_uplink_ms,219.2441,26400000
owd_downlink_ms,221.1933,26400000
owd_uplink_ms,218.1785,26400000
owd_downlink_ms,215.8872,26400000
prediction_position_error_mm,8.058488368988037,26400000
prediction_orientation_error_deg,0,26400000
prediction_position_error_mm,6.09386432915926,26500000
prediction_orientation_error_deg,0,26500000
prediction_position_error_mm,9.636685252189636,26600000
prediction_orientation_error_deg,0,26600000
owd_uplink_ms,221.668,26700000
owd_downlink_ms,224.3592,26700000
prediction_position_error_mm,55.36351725459099,26700000
prediction_orientation_error_deg,0,26700000
owd_uplink_ms,223.1108,26800000
owd_downlink_ms,220.8243,26800000
correction_magnitude_mm,5.576477386057377,24502672
correction_magnitude_deg,0,24502672
owd_uplink_ms,217.7795,26800000
owd_downlink_ms,222.7698,26800000
prediction_position_error_mm,92.85924583673477,26800000
prediction_orientation_error_deg,0,26800000
owd_uplink_ms,221.7571,26900000
owd_downlink_ms,217.2219,26900000
prediction_position_error_mm,47.526855021715164,26900000
prediction_orientation_error_deg,0,26900000
owd_uplink_ms,222.305,27000000
owd_downlink_ms,215.7449,27000000
correction_magnitude_mm,5.745272152125835,24795039
correction_magnitude_deg,0,24795039
owd_uplink_ms,218.9518,27000000
owd_downlink_ms,218.4103,27000000
prediction_position_error_mm,90.48594534397125,27000000
prediction_orientation_error_deg,0,27000000
prediction_position_error_mm,94.92377936840057,27100000
prediction_orientation_error_deg,0,27100000
owd_uplink_ms,223.4626,27200000
owd_downlink_ms,219.6122,27200000
correction_magnitude_mm,7.62075325474143,24989550
correction_magnitude_deg,0,24989550
prediction_position_error_mm,7.401977200061083,27200000
prediction_orientation_error_deg,0,27200000
owd_uplink_ms,216.9203,27300000
owd_downlink_ms,221.7771,27300000
owd_uplink_ms,216.9783,27300000
owd_downlink_ms,217.0357,27300000
prediction_position_error_mm,8.906272239983082,27300000
prediction_orientation_error_deg,0,27300000
prediction_position_error_mm,9.692813269793987,27400000
prediction_orientation_error_deg,0,27400000
owd_uplink_ms,218.7,27500000
owd_downlink_ms,219.8241,27500000
prediction_position_error_mm,5.975925829261541,27500000
prediction_orientation_error_deg,0,27500000
owd_uplink_ms,221.72,27600000
owd_downlink_ms,224.2929,27600000
owd_uplink_ms,218.1615,27600000
owd_downlink_ms,216.6533,27600000
prediction_position_error_mm,7.358969189226627,27600000
prediction_orientation_error_deg,0,27600000
owd_uplink_ms,216.7416,27700000
owd_downlink_ms,215.844,27700000
prediction_position_error_mm,7.7482229098677635,27700000
prediction_orientation_error_deg,0,27700000
prediction_position_error_mm,8.462117053568363,27800000
prediction_orientation_error_deg,0,27800000
owd_uplink_ms,221.5561,27900000
owd_downlink_ms,216.1998,27900000
prediction_position_error_mm,6.294069346040487,27900000
prediction_orientation_error_deg,0,27900000
owd_uplink_ms,215.0039,28000000
owd_downlink_ms,221.98,28000000
prediction_position_error_mm,100.76376050710678,28000000
prediction_orientation_error_deg,0,28000000
owd_uplink_ms,217.4938,28100000
owd_downlink_ms,216.8002,28100000
correction_magnitude_mm,8.180530741810799,25898468
correction_magnitude_deg,0,25898468
owd_uplink_ms,222.9205,28100000
owd_downlink_ms,220.2856,28100000
prediction_position_error_mm,97.27633744478226,28100000
prediction_orientation_error_deg,0,28100000
prediction_position_error_mm,101.98299586772919,28200000
prediction_orientation_error_deg,0,28200000
owd_uplink_ms,221.4433,28300000
owd_downlink_ms,216.7318,28300000
correction_magnitude_mm,8.299505338072777,26089286
correction_magnitude_deg,0,26089286
prediction_position_error_mm,5.03476383164525,28300000
prediction_orientation_error_deg,0,28300000
owd_uplink_ms,216.3664,28400000
owd_downlink_ms,224.3265,28400000
prediction_position_error_mm,98.42085093259811,28400000
prediction_orientation_error_deg,0,28400000
owd_uplink_ms,223.6513,28500000
owd_downlink_ms,220.1904,28500000
prediction_position_error_mm,51.814042031764984,28500000
prediction_orientation_error_deg,0,28500000
prediction_position_error_mm,59.25064906477928,28600000
prediction_orientation_error_deg,0,28600000
owd_uplink_ms,223.4595,28700000
owd_downlink_ms,222.3602,28700000
correction_magnitude_mm,6.359961349517107,26393538
correction_magnitude_deg,0,26393538
owd_uplink_ms,215.9521,28700000
owd_downlink_ms,223.9321,28700000
prediction_position_error_mm,100.08132457733154,28700000
prediction_orientation_error_deg,0,28700000
prediction_position_error_mm,109.7288504242897,28800000
prediction_orientation_error_deg,0,28800000
owd_uplink_ms,220.8959,28900000
owd_downlink_ms,222.7028,28900000
correction_magnitude_mm,8.586865849792957,26605770
correction_magnitude_deg,0,26605770
owd_uplink_ms,218.9987,28900000
owd_downlink_ms,222.8535,28900000
prediction_position_error_mm,106.00348562002182,28900000
prediction_orientation_error_deg,0,28900000
owd_uplink_ms,219.2384,29000000
owd_downlink_ms,222.5052,29000000
owd_uplink_ms,219.7366,29000000
owd_downlink_ms,216.429,29000000
prediction_position_error_mm,4.478071350604296,29000000
prediction_orientation_error_deg,0,29000000
prediction_position_error_mm,4.629285074770451,29100000
prediction_orientation_error_deg,0,29100000
prediction_position_error_mm,5.805294029414654,29200000
prediction_orientation_error_deg,0,29200000
owd_uplink_ms,220.0782,29300000
owd_downlink_ms,219.3886,29300000
owd_uplink_ms,224.7068,29300000
owd_downlink_ms,221.4552,29300000
prediction_position_error_mm,103.1898632645607,29300000
prediction_orientation_error_deg,0,29300000
owd_uplink_ms,216.1861,29400000
owd_downlink_ms,220.1893,29400000
owd_uplink_ms,217.2453,29400000
owd_downlink_ms,218.2905,29400000
prediction_position_error_mm,8.528782986104488,29400000
prediction_orientation_error_deg,0,29400000
prediction_position_error_mm,5.045160185545683,29500000
prediction_orientation_error_deg,0,29500000
owd_uplink_ms,218.6606,29600000
owd_downlink_ms,221.017,29600000
prediction_position_error_mm,6.172472611069679,29600000
prediction_orientation_error_deg,0,29600000
owd_uplink_ms,220.3508,29700000
owd_downlink_ms,220.3507,29700000
prediction_position_error_mm,7.922273129224777,29700000
prediction_orientation_error_deg,0,29700000
owd_uplink_ms,217.8807,29800000
owd_downlink_ms,217.4272,29800000
prediction_position_error_mm,3.752132412046194,29800000
prediction_orientation_error_deg,0,29800000
owd_uplink_ms,225.2187,29900000
owd_downlink_ms,222.5323,29900000
prediction_position_error_mm,105.99915683269501,29900000
prediction_orientation_error_deg,0,29900000
owd_uplink_ms,219.7765,30000000
owd_downlink_ms,221.9435,30000000
owd_uplink_ms,220.0877,30000000
owd_downlink_ms,215.6003,30000000
prediction_position_error_mm,6.420744117349386,30000000
prediction_orientation_error_deg,0,30000000
prediction_position_error_mm,6.468629464507103,30100000
prediction_orientation_error_deg,0,30100000
owd_uplink_ms,218.4862,30200000
owd_downlink_ms,220.6977,30200000
owd_uplink_ms,218.7368,30200000
owd_downlink_ms,216.5849,30200000
prediction_position_error_mm,4.40242001786828,30200000
prediction_orientation_error_deg,0,30200000
prediction_position_error_mm,4.217058885842562,30300000
prediction_orientation_error_deg,0,30300000
owd_uplink_ms,220.6954,30400000
owd_downlink_ms,220.1566,30400000
owd_uplink_ms,217.7099,30400000
owd_downlink_ms,218.5952,30400000
prediction_position_error_mm,3.4356764517724514,30400000
prediction_orientation_error_deg,0,30400000
prediction_position_error_mm,7.78369652107358,30500000
prediction_orientation_error_deg,0,30500000
owd_uplink_ms,222.2328,30600000
owd_downlink_ms,218.481,30600000
prediction_position_error_mm,55.71610853075981,30600000
prediction_orientation_error_deg,0,30600000
owd_uplink_ms,224.3751,30700000
owd_downlink_ms,219.2045,30700000
prediction_position_error_mm,4.385869484394789,30700000
prediction_orientation_error_deg,0,30700000
owd_uplink_ms,218.5445,30800000
owd_downlink_ms,215.6604,30800000
owd_uplink_ms,222.0496,30800000
owd_downlink_ms,220.1031,30800000
prediction_position_error_mm,104.8206090927124,30800000
prediction_orientation_error_deg,0,30800000
prediction_position_error_mm,115.13154953718185,30900000
prediction_orientation_error_deg,0,30900000
owd_uplink_ms,218.1276,31000000
owd_downlink_ms,218.8721,31000000
correction_magnitude_mm,9.653856977820396,28792283
correction_magnitude_deg,0,28792283
prediction_position_error_mm,3.684803145006299,31000000
prediction_orientation_error_deg,0,31000000
owd_uplink_ms,223.497,31100000
owd_downlink_ms,221.9711,31100000
prediction_position_error_mm,110.65337806940079,31100000
prediction_orientation_error_deg,0,31100000
owd_uplink_ms,216.0361,31200000
owd_downlink_ms,223.6214,31200000
prediction_position_error_mm,7.786320056766272,31200000
prediction_orientation_error_deg,0,31200000
prediction_position_error_mm,13.498823158442974,31300000
prediction_orientation_error_deg,0,31300000
owd_uplink_ms,222.4017,31400000
owd_downlink_ms,223.351,31400000
owd_uplink_ms,218.1093,31400000
owd_downlink_ms,215.6113,31400000
correction_magnitude_mm,7.460606750100851,29197922
correction_magnitude_deg,0,29197922
owd_uplink_ms,221.9823,31400000
owd_downlink_ms,220.106,31400000
prediction_position_error_mm,106.69374465942383,31400000
prediction_orientation_error_deg,0,31400000
prediction_position_error_mm,111.90363764762878,31500000
prediction_orientation_error_deg,0,31500000
owd_uplink_ms,221.0592,31600000
owd_downlink_ms,216.3933,31600000
correction_magnitude_mm,9.881028905510902,29389745
correction_magnitude_deg,0,29389745
owd_uplink_ms,215.6194,31600000
owd_downlink_ms,219.9973,31600000
prediction_position_error_mm,107.244111597538,31600000
prediction_orientation_error_deg,0,31600000
prediction_position_error_mm,117.70371347665787,31700000
prediction_orientation_error_deg,0,31700000
prediction_position_error_mm,122.94398248195648,31800000
prediction_orientation_error_deg,0,31800000
owd_uplink_ms,223.3868,31900000
owd_downlink_ms,224.3064,31900000
prediction_position_error_mm,66.3905218243599,31900000
prediction_orientation_error_deg,0,31900000
owd_uplink_ms,216.6904,32000000
owd_downlink_ms,220.7728,32000000
correction_magnitude_mm,7.3882704600691795,29701471
correction_magnitude_deg,0,29701471
owd_uplink_ms,224.4021,32000000
owd_downlink_ms,224.4291,32000000
prediction_position_error_mm,118.49891394376755,32000000
prediction_orientation_error_deg,0,32000000
prediction_position_error_mm,123.75721335411072,32100000
prediction_orientation_error_deg,0,32100000
owd_uplink_ms,222.6515,32200000
owd_downlink_ms,223.0171,32200000
correction_magnitude_mm,5.015888717025518,29901960
correction_magnitude_deg,0,29901960
prediction_position_error_mm,66.54498726129532,32200000
prediction_orientation_error_deg,0,32200000
owd_uplink_ms,224.5143,32300000
owd_downlink_ms,222.3262,32300000
owd_uplink_ms,223.2948,32300000
owd_downlink_ms,216.4331,32300000
prediction_position_error_mm,8.548162877559662,32300000
prediction_orientation_error_deg,0,32300000
owd_uplink_ms,221.2512,32400000
owd_downlink_ms,220.1237,32400000
prediction_position_error_mm,113.03801834583282,32400000
prediction_orientation_error_deg,0,32400000
owd_uplink_ms,216.1098,32500000
owd_downlink_ms,221.8456,32500000
prediction_position_error_mm,114.33802545070648,32500000
prediction_orientation_error_deg,0,32500000
prediction_position_error_mm,124.89262968301773,32600000
prediction_orientation_error_deg,0,32600000
owd_uplink_ms,220.5402,32700000
owd_downlink_ms,221.2858,32700000
correction_magnitude_mm,5.089266691356897,30397342
correction_magnitude_deg,0,30397342
prediction_position_error_mm,66.80066883563995,32700000
prediction_orientation_error_deg,0,32700000
owd_uplink_ms,222.119,32800000
owd_downlink_ms,222.1598,32800000
correction_magnitude_mm,7.684078998863697,30497393
correction_magnitude_deg,0,30497393
owd_uplink_ms,219.887,32800000
owd_downlink_ms,223.5406,32800000
prediction_position_error_mm,120.15478312969208,32800000
prediction_orientation_error_deg,0,32800000
owd_uplink_ms,220.9626,32900000
owd_downlink_ms,217.6293,32900000
correction_magnitude_mm,5.128031596541405,30697794
correction_magnitude_deg,0,30697794
prediction_position_error_mm,62.67953664064407,32900000
prediction_orientation_error_deg,0,32900000
owd_uplink_ms,219.7616,33000000
owd_downlink_ms,218.971,33000000
prediction_position_error_mm,2.7432136703282595,33000000
prediction_orientation_error_deg,0,33000000
owd_uplink_ms,217.9519,33100000
owd_downlink_ms,217.9822,33100000
correction_magnitude_mm,5.121068097651005,30896844
correction_magnitude_deg,0,30896844
owd_uplink_ms,221.7125,33100000
owd_downlink_ms,220.2611,33100000
prediction_position_error_mm,110.14958471059799,33100000
prediction_orientation_error_deg,0,33100000
prediction_position_error_mm,115.43706059455872,33200000
prediction_orientation_error_deg,0,33200000
prediction_position_error_mm,120.72469294071198,33300000
prediction_orientation_error_deg,0,33300000
owd_uplink_ms,224.0819,33400000
owd_downlink_ms,222.5596,33400000
correction_magnitude_mm,5.173315294086933,31093128
correction_magnitude_deg,0,31093128
owd_uplink_ms,221.9833,33400000
owd_downlink_ms,216.5153,33400000
prediction_position_error_mm,7.945808582007885,33400000
prediction_orientation_error_deg,0,33400000
owd_uplink_ms,214.6446,33500000
owd_downlink_ms,216.6437,33500000
prediction_position_error_mm,113.76598477363586,33500000
prediction_orientation_error_deg,0,33500000
owd_uplink_ms,223.4316,33600000
owd_downlink_ms,225.6157,33600000
prediction_position_error_mm,115.8362552523613,33600000
prediction_orientation_error_deg,0,33600000
owd_uplink_ms,219.2608,33700000
owd_downlink_ms,219.9776,33700000
correction_magnitude_mm,5.211290437728167,31492420
correction_magnitude_deg,0,31492420
prediction_position_error_mm,63.95246833562851,33700000
prediction_orientation_error_deg,0,33700000
prediction_position_error_mm,66.64052605628967,33800000
prediction_orientation_error_deg,0,33800000
owd_uplink_ms,221.2986,33900000
owd_downlink_ms,223.7595,33900000
owd_uplink_ms,223.5781,33900000
owd_downlink_ms,217.8914,33900000
correction_magnitude_mm,5.758475512266159,31688388
correction_magnitude_deg,0,31688388
prediction_position_error_mm,138.34333419799805,33900000
prediction_orientation_error_deg,0,33900000
owd_uplink_ms,214.9137,34000000
owd_downlink_ms,223.1602,34000000
prediction_position_error_mm,116.06697738170624,34000000
prediction_orientation_error_deg,0,34000000
owd_uplink_ms,219.9124,34100000
owd_downlink_ms,223.2833,34100000
correction_magnitude_mm,5.241816863417625,31802910
correction_magnitude_deg,0,31802910
owd_uplink_ms,218.6791,34100000
owd_downlink_ms,216.5099,34100000
prediction_position_error_mm,8.121127262711525,34100000
prediction_orientation_error_deg,0,34100000
owd_uplink_ms,215.5157,34200000
owd_downlink_ms,215.747,34200000
prediction_position_error_mm,4.864356946200132,34200000
prediction_orientation_error_deg,0,34200000
owd_uplink_ms,218.9761,34300000
owd_downlink_ms,215.588,34300000
prediction_position_error_mm,5.425578914582729,34300000
prediction_orientation_error_deg,0,34300000
prediction_position_error_mm,10.665732435882092,34400000
prediction_orientation_error_deg,0,34400000
owd_uplink_ms,217.6934,34500000
owd_downlink_ms,221.7247,34500000
prediction_position_error_mm,6.588644813746214,34500000
prediction_orientation_error_deg,0,34500000
owd_uplink_ms,220.9543,34600000
owd_downlink_ms,218.5014,34600000
prediction_position_error_mm,2.9389276169240475,34600000
prediction_orientation_error_deg,0,34600000
owd_uplink_ms,216.0516,34700000
owd_downlink_ms,221.8986,34700000
prediction_position_error_mm,121.29464745521545,34700000
prediction_orientation_error_deg,0,34700000
prediction_position_error_mm,121.29464745521545,34800000
prediction_orientation_error_deg,0,34800000
owd_uplink_ms,217.7937,34900000
owd_downlink_ms,221.2602,34900000
correction_magnitude_mm,10.557103902101517,32609866
correction_magnitude_deg,0,32609866
owd_uplink_ms,224.6368,34900000
owd_downlink_ms,223.1477,34900000
prediction_position_error_mm,115.96444249153137,34900000
prediction_orientation_error_deg,0,34900000
owd_uplink_ms,216.526,35000000
owd_downlink_ms,221.3471,35000000
correction_magnitude_mm,5.28274942189455,32714030
correction_magnitude_deg,0,32714030
prediction_position_error_mm,2.1286976989358664,35000000
prediction_orientation_error_deg,0,35000000
owd_uplink_ms,220.8088,35100000
owd_downlink_ms,220.1867,35100000
owd_uplink_ms,220.6529,35100000
owd_downlink_ms,215.5192,35100000
prediction_position_error_mm,13.507522642612457,35100000
prediction_orientation_error_deg,0,35100000
prediction_position_error_mm,13.979824259877205,35200000
prediction_orientation_error_deg,0,35200000
prediction_position_error_mm,9.43257100880146,35300000
prediction_orientation_error_deg,0,35300000
owd_uplink_ms,221.7993,35400000
owd_downlink_ms,220.8922,35400000
correction_magnitude_mm,5.946304649114609,33105700
correction_magnitude_deg,0,33105700
prediction_position_error_mm,59.83760952949524,35400000
prediction_orientation_error_deg,0,35400000
owd_uplink_ms,222.9489,35500000
owd_downlink_ms,222.841,35500000
prediction_position_error_mm,4.955049604177475,35500000
prediction_orientation_error_deg,0,35500000
owd_uplink_ms,224.796,35600000
owd_downlink_ms,223.2035,35600000
owd_uplink_ms,220.9334,35600000
owd_downlink_ms,219.6844,35600000
prediction_position_error_mm,3.453914076089859,35600000
prediction_orientation_error_deg,0,35600000
owd_uplink_ms,221.5361,35700000
owd_downlink_ms,216.1655,35700000
prediction_position_error_mm,10.033924132585526,35700000
prediction_orientation_error_deg,0,35700000
prediction_position_error_mm,5.74552733451128,35800000
prediction_orientation_error_deg,0,35800000
owd_uplink_ms,223.2118,35900000
owd_downlink_ms,221.0829,35900000
owd_uplink_ms,222.6443,35900000
owd_downlink_ms,219.6594,35900000
correction_magnitude_mm,5.338885355740786,33688908
correction_magnitude_deg,0,33688908
prediction_position_error_mm,133.1777721643448,35900000
prediction_orientation_error_deg,0,35900000
owd_uplink_ms,216.9833,36000000
owd_downlink_ms,224.983,36000000
prediction_position_error_mm,119.75912004709244,36000000
prediction_orientation_error_deg,0,36000000
owd_uplink_ms,218.8796,36100000
owd_downlink_ms,221.3842,36100000
correction_magnitude_mm,5.279742646962404,33802038
correction_magnitude_deg,0,33802038
prediction_position_error_mm,2.8088183607906103,36100000
prediction_orientation_error_deg,0,36100000
owd_uplink_ms,219.9513,36200000
owd_downlink_ms,215.6833,36200000
prediction_position_error_mm,54.58178371191025,36200000
prediction_orientation_error_deg,0,36200000
prediction_position_error_mm,61.99589744210243,36300000
prediction_orientation_error_deg,0,36300000
owd_uplink_ms,220.4361,36400000
owd_downlink_ms,220.7191,36400000
owd_uplink_ms,221.1874,36400000
owd_downlink_ms,217.7488,36400000
prediction_position_error_mm,7.883298210799694,36400000
prediction_orientation_error_deg,0,36400000
prediction_position_error_mm,8.377094753086567,36500000
prediction_orientation_error_deg,0,36500000
owd_uplink_ms,221.6031,36600000
owd_downlink_ms,223.5943,36600000
owd_uplink_ms,217.2387,36600000
owd_downlink_ms,223.3707,36600000
prediction_position_error_mm,118.41358989477158,36600000
prediction_orientation_error_deg,0,36600000
owd_uplink_ms,221.1111,36700000
owd_downlink_ms,217.2924,36700000
correction_magnitude_mm,10.500493459403515,34498141
correction_magnitude_deg,0,34498141
prediction_position_error_mm,10.666044428944588,36700000
prediction_orientation_error_deg,0,36700000
owd_uplink_ms,217.4187,36800000
owd_downlink_ms,220.294,36800000
owd_uplink_ms,218.7854,36800000
owd_downlink_ms,216.2306,36800000
correction_magnitude_mm,5.240574479103088,34598541
correction_magnitude_deg,0,34598541
prediction_position_error_mm,11.635314673185349,36800000
prediction_orientation_error_deg,0,36800000
prediction_position_error_mm,12.094462290406227,36900000
prediction_orientation_error_deg,0,36900000
owd_uplink_ms,219.9732,37000000
owd_downlink_ms,221.8124,37000000
prediction_position_error_mm,5.558917764574289,37000000
prediction_orientation_error_deg,0,37000000
prediction_position_error_mm,2.1249542478471994,37100000
prediction_orientation_error_deg,0,37100000
owd_uplink_ms,224.3348,37200000
owd_downlink_ms,223.6167,37200000
prediction_position_error_mm,61.53276935219765,37200000
prediction_orientation_error_deg,0,37200000
owd_uplink_ms,220.859,37300000
owd_downlink_ms,222.9751,37300000
owd_uplink_ms,224.6342,37300000
owd_downlink_ms,219.8711,37300000
prediction_position_error_mm,10.732785798609257,37300000
prediction_orientation_error_deg,0,37300000
prediction_position_error_mm,11.409078724682331,37400000
prediction_orientation_error_deg,0,37400000
owd_uplink_ms,221.7054,37500000
owd_downlink_ms,224.7582,37500000
owd_uplink_ms,217.7637,37500000
owd_downlink_ms,217.8102,37500000
correction_magnitude_mm,5.359443370252848,35300507
correction_magnitude_deg,0,35300507
prediction_position_error_mm,117.54697561264038,37500000
prediction_orientation_error_deg,0,37500000
owd_uplink_ms,222.6637,37600000
owd_downlink_ms,222.547,37600000
prediction_position_error_mm,115.28650671243668,37600000
prediction_orientation_error_deg,0,37600000
prediction_position_error_mm,115.28650671243668,37700000
prediction_orientation_error_deg,0,37700000
owd_uplink_ms,222.7246,37800000
owd_downlink_ms,221.1812,37800000
correction_magnitude_mm,10.329480282962322,35498432
correction_magnitude_deg,0,35498432
owd_uplink_ms,217.3996,37800000
owd_downlink_ms,223.2364,37800000
prediction_position_error_mm,114.52995240688324,37800000
prediction_orientation_error_deg,0,37800000
owd_uplink_ms,222.959,37900000
owd_downlink_ms,218.0916,37900000
correction_magnitude_mm,5.1477765664458275,35699644
correction_magnitude_deg,0,35699644
prediction_position_error_mm,55.73795363306999,37900000
prediction_orientation_error_deg,0,37900000
prediction_position_error_mm,57.81524255871773,38000000
prediction_orientation_error_deg,0,38000000
owd_uplink_ms,218.6047,38100000
owd_downlink_ms,221.153,38100000
correction_magnitude_mm,7.52008194103837,35802829
correction_magnitude_deg,0,35802829
owd_uplink_ms,221.9533,38100000
owd_downlink_ms,223.1122,38100000
prediction_position_error_mm,113.31421881914139,38100000
prediction_orientation_error_deg,0,38100000
owd_uplink_ms,223.0428,38200000
owd_downlink_ms,219.5478,38200000
correction_magnitude_mm,10.207642801105976,35999909
correction_magnitude_deg,0,35999909
prediction_position_error_mm,7.203883025795221,38200000
prediction_orientation_error_deg,0,38200000
owd_uplink_ms,217.2503,38300000
owd_downlink_ms,222.0392,38300000
prediction_position_error_mm,112.45019733905792,38300000
prediction_orientation_error_deg,0,38300000
owd_uplink_ms,218.9266,38400000
owd_downlink_ms,221.454,38400000
correction_magnitude_mm,5.08325407281518,36109053
correction_magnitude_deg,0,36109053
prediction_position_error_mm,5.743872839957476,38400000
prediction_orientation_error_deg,0,38400000
prediction_position_error_mm,6.0635036788880825,38500000
prediction_orientation_error_deg,0,38500000
owd_uplink_ms,220.4378,38600000
owd_downlink_ms,220.3834,38600000
owd_uplink_ms,224.9247,38600000
owd_downlink_ms,220.939,38600000
prediction_position_error_mm,111.07451468706131,38600000
prediction_orientation_error_deg,0,38600000
prediction_position_error_mm,111.07451468706131,38700000
prediction_orientation_error_deg,0,38700000
owd_uplink_ms,223.4789,38800000
owd_downlink_ms,220.4532,38800000
correction_magnitude_mm,5.038795527070761,36500220
correction_magnitude_deg,0,36500220
owd_uplink_ms,220.7647,38800000
owd_downlink_ms,217.7095,38800000
correction_magnitude_mm,7.495604455471039,36596401
correction_magnitude_deg,0,36596401
prediction_position_error_mm,129.24537062644958,38800000
prediction_orientation_error_deg,0,38800000
owd_uplink_ms,217.7492,38900000
owd_downlink_ms,224.4465,38900000
prediction_position_error_mm,109.60424691438675,38900000
prediction_orientation_error_deg,0,38900000
owd_uplink_ms,224.3807,39000000
owd_downlink_ms,216.1436,39000000
prediction_position_error_mm,51.0912761092186,39000000
prediction_orientation_error_deg,0,39000000
owd_uplink_ms,219.8739,39100000
owd_downlink_ms,219.7307,39100000
prediction_position_error_mm,5.955910310149193,39100000
prediction_orientation_error_deg,0,39100000
prediction_position_error_mm,6.50278152897954,39200000
prediction_orientation_error_deg,0,39200000
owd_uplink_ms,223.7679,39300000
owd_downlink_ms,224.5787,39300000
owd_uplink_ms,222.1773,39300000
owd_downlink_ms,219.4035,39300000
correction_magnitude_mm,5.120239220559597,37091844
correction_magnitude_deg,0,37091844
owd_uplink_ms,219.1541,39300000
owd_downlink_ms,220.4918,39300000
prediction_position_error_mm,98.1857180595398,39300000
prediction_orientation_error_deg,0,39300000
prediction_position_error_mm,106.9466769695282,39400000
prediction_orientation_error_deg,0,39400000
owd_uplink_ms,216.1943,39500000
owd_downlink_ms,223.6839,39500000
prediction_position_error_mm,3.789415117353201,39500000
prediction_orientation_error_deg,0,39500000
prediction_position_error_mm,3.687174990773201,39600000
prediction_orientation_error_deg,0,39600000
owd_uplink_ms,223.4882,39700000
owd_downlink_ms,224.3039,39700000
owd_uplink_ms,219.3822,39700000
owd_downlink_ms,215.5189,39700000
correction_magnitude_mm,7.389172445982695,37499067
correction_magnitude_deg,0,37499067
prediction_position_error_mm,123.94122779369354,39700000
prediction_orientation_error_deg,0,39700000
owd_uplink_ms,220.6306,39800000
owd_downlink_ms,224.1275,39800000
owd_uplink_ms,219.6253,39800000
owd_downlink_ms,219.2025,39800000
prediction_position_error_mm,10.943533852696419,39800000
prediction_orientation_error_deg,0,39800000
prediction_position_error_mm,7.408432196825743,39900000
prediction_orientation_error_deg,0,39900000
prediction_position_error_mm,8.080937899649143,40000000
prediction_orientation_error_deg,0,40000000
owd_uplink_ms,221.1693,40100000
owd_downlink_ms,224.1155,40100000
owd_uplink_ms,217.722,40100000
owd_downlink_ms,223.436,40100000
owd_uplink_ms,216.6981,40100000
owd_downlink_ms,218.3357,40100000
prediction_position_error_mm,7.950363680720329,40100000
prediction_orientation_error_deg,0,40100000
prediction_position_error_mm,4.488886334002018,40200000
prediction_orientation_error_deg,0,40200000
owd_uplink_ms,220.191,40300000
owd_downlink_ms,220.4047,40300000
prediction_position_error_mm,6.410560104995966,40300000
prediction_orientation_error_deg,0,40300000
owd_uplink_ms,217.6383,40400000
owd_downlink_ms,220.58,40400000
prediction_position_error_mm,3.042915603145957,40400000
prediction_orientation_error_deg,0,40400000
owd_uplink_ms,219.9155,40500000
owd_downlink_ms,221.3844,40500000
prediction_position_error_mm,4.8142955638468266,40500000
prediction_orientation_error_deg,0,40500000
owd_uplink_ms,219.7276,40600000
owd_downlink_ms,221.2981,40600000
prediction_position_error_mm,4.728130530565977,40600000
prediction_orientation_error_deg,0,40600000
prediction_position_error_mm,5.352165549993515,40700000
prediction_orientation_error_deg,0,40700000
owd_uplink_ms,223.2022,40800000
owd_downlink_ms,219.7006,40800000
owd_uplink_ms,224.2929,40800000
owd_downlink_ms,215.0117,40800000
correction_magnitude_mm,7.100679446011782,38607543
correction_magnitude_deg,0,38607543
prediction_position_error_mm,138.40483129024506,40800000
prediction_orientation_error_deg,0,40800000
owd_uplink_ms,216.3823,40900000
owd_downlink_ms,219.072,40900000
prediction_position_error_mm,93.59218180179596,40900000
prediction_orientation_error_deg,0,40900000
prediction_position_error_mm,101.32894665002823,41000000
prediction_orientation_error_deg,0,41000000
owd_uplink_ms,222.1914,41100000
owd_downlink_ms,220.1761,41100000
owd_uplink_ms,224.3562,41100000
owd_downlink_ms,218.3151,41100000
correction_magnitude_mm,6.904849782586098,38900833
correction_magnitude_deg,0,38900833
owd_uplink_ms,218.2279,41100000
owd_downlink_ms,218.8643,41100000
prediction_position_error_mm,87.73195743560791,41100000
prediction_orientation_error_deg,0,41100000
prediction_position_error_mm,91.5474146604538,41200000
prediction_orientation_error_deg,0,41200000
owd_uplink_ms,219.4797,41300000
owd_downlink_ms,222.2572,41300000
prediction_position_error_mm,8.602137677371502,41300000
prediction_orientation_error_deg,0,41300000
owd_uplink_ms,220.3331,41400000
owd_downlink_ms,215.3341,41400000
prediction_position_error_mm,39.57917168736458,41400000
prediction_orientation_error_deg,0,41400000
owd_uplink_ms,222.1354,41500000
owd_downlink_ms,216.3914,41500000
prediction_position_error_mm,15.882207080721855,41500000
prediction_orientation_error_deg,0,41500000
owd_uplink_ms,222.734,41600000
owd_downlink_ms,220.9317,41600000
prediction_position_error_mm,113.83108794689178,41600000
prediction_orientation_error_deg,0,41600000
owd_uplink_ms,217.6636,41700000
owd_downlink_ms,221.2627,41700000
prediction_position_error_mm,91.56093001365662,41700000
prediction_orientation_error_deg,0,41700000
owd_uplink_ms,219.7883,41800000
owd_downlink_ms,224.4975,41800000
owd_uplink_ms,218.0702,41800000
owd_downlink_ms,217.4549,41800000
prediction_position_error_mm,12.689103372395039,41800000
prediction_orientation_error_deg,0,41800000
owd_uplink_ms,217.7317,41900000
owd_downlink_ms,218.5269,41900000
prediction_position_error_mm,11.055597104132175,41900000
prediction_orientation_error_deg,0,41900000
prediction_position_error_mm,8.348148316144943,42000000
prediction_orientation_error_deg,0,42000000
prediction_position_error_mm,12.54495233297348,42100000
prediction_orientation_error_deg,0,42100000
owd_uplink_ms,218.5275,42200000
owd_downlink_ms,221.3495,42200000
owd_uplink_ms,220.7406,42200000
owd_downlink_ms,222.4304,42200000
owd_uplink_ms,216.4506,42200000
owd_downlink_ms,216.3978,42200000
prediction_position_error_mm,8.612061850726604,42200000
prediction_orientation_error_deg,0,42200000
prediction_position_error_mm,9.446178562939167,42300000
prediction_orientation_error_deg,0,42300000
owd_uplink_ms,218.6657,42400000
owd_downlink_ms,215.3881,42400000
owd_uplink_ms,220.577,42400000
owd_downlink_ms,218.8812,42400000
prediction_position_error_mm,78.48025113344193,42400000
prediction_orientation_error_deg,0,42400000
owd_uplink_ms,218.3226,42500000
owd_downlink_ms,217.0835,42500000
prediction_position_error_mm,15.811415389180183,42500000
prediction_orientation_error_deg,0,42500000
owd_uplink_ms,218.477,42600000
owd_downlink_ms,216.0827,42600000
prediction_position_error_mm,15.316513366997242,42600000
prediction_orientation_error_deg,0,42600000
prediction_position_error_mm,16.262654215097427,42700000
prediction_orientation_error_deg,0,42700000
owd_uplink_ms,215.6065,42800000
owd_downlink_ms,220.6057,42800000
owd_uplink_ms,218.534,42800000
owd_downlink_ms,217.8329,42800000
prediction_position_error_mm,10.092580690979958,42800000
prediction_orientation_error_deg,0,42800000
owd_uplink_ms,217.9466,42900000
owd_downlink_ms,215.8914,42900000
prediction_position_error_mm,14.886579476296902,42900000
prediction_orientation_error_deg,0,42900000
prediction_position_error_mm,15.834707766771317,43000000
prediction_orientation_error_deg,0,43000000
prediction_position_error_mm,13.81642185151577,43100000
prediction_orientation_error_deg,0,43100000
owd_uplink_ms,220.2564,43200000
owd_downlink_ms,222.6031,43200000
owd_uplink_ms,219.3114,43200000
owd_downlink_ms,215.7901,43200000
correction_magnitude_mm,5.890516564249992,40996182
correction_magnitude_deg,0,40996182
prediction_position_error_mm,106.24299198389053,43200000
prediction_orientation_error_deg,0,43200000
owd_uplink_ms,222.0227,43300000
owd_downlink_ms,220.7862,43300000
prediction_position_error_mm,75.14122873544693,43300000
prediction_orientation_error_deg,0,43300000
prediction_position_error_mm,78.09079438447952,43400000
prediction_orientation_error_deg,0,43400000
owd_uplink_ms,220.0058,43500000
owd_downlink_ms,222.4829,43500000
owd_uplink_ms,220.9032,43500000
owd_downlink_ms,218.3237,43500000
prediction_position_error_mm,9.988351725041866,43500000
prediction_orientation_error_deg,0,43500000
owd_uplink_ms,221.9653,43600000
owd_downlink_ms,218.7972,43600000
prediction_position_error_mm,10.887864977121353,43600000
prediction_orientation_error_deg,0,43600000
prediction_position_error_mm,14.762517996132374,43700000
prediction_orientation_error_deg,0,43700000
owd_uplink_ms,219.8339,43800000
owd_downlink_ms,225.1018,43800000
prediction_position_error_mm,5.868751090019941,43800000
prediction_orientation_error_deg,0,43800000
owd_uplink_ms,220.8516,43900000
owd_downlink_ms,221.9753,43900000
prediction_position_error_mm,9.939871728420258,43900000
prediction_orientation_error_deg,0,43900000
owd_uplink_ms,216.2482,44000000
owd_downlink_ms,222.2411,44000000
owd_uplink_ms,225.1651,44000000
owd_downlink_ms,223.3075,44000000
prediction_position_error_mm,68.93599033355713,44000000
prediction_orientation_error_deg,0,44000000
prediction_position_error_mm,71.57973945140839,44100000
prediction_orientation_error_deg,0,44100000
owd_uplink_ms,223.8964,44200000
owd_downlink_ms,221.2183,44200000
owd_uplink_ms,217.8022,44200000
owd_downlink_ms,216.7284,44200000
correction_magnitude_mm,5.193986464291811,41999019
correction_magnitude_deg,0,41999019
owd_uplink_ms,221.0343,44200000
owd_downlink_ms,219.7943,44200000
prediction_position_error_mm,66.17707014083862,44200000
prediction_orientation_error_deg,0,44200000
prediction_position_error_mm,68.68598610162735,44300000
prediction_orientation_error_deg,0,44300000
owd_uplink_ms,215.757,44400000
owd_downlink_ms,216.3636,44400000
correction_magnitude_mm,6.8444060161709785,42198229
correction_magnitude_deg,0,42198229
prediction_position_error_mm,13.87630682438612,44400000
prediction_orientation_error_deg,0,44400000
owd_uplink_ms,220.6082,44500000
owd_downlink_ms,224.6139,44500000
prediction_position_error_mm,66.72428548336029,44500000
prediction_orientation_error_deg,0,44500000
owd_uplink_ms,216.8674,44600000
owd_downlink_ms,223.6851,44600000
prediction_position_error_mm,7.6799592934548855,44600000
prediction_orientation_error_deg,0,44600000
prediction_position_error_mm,6.173841189593077,44700000
prediction_orientation_error_deg,0,44700000
owd_uplink_ms,225.4828,44800000
owd_downlink_ms,220.4825,44800000
owd_uplink_ms,223.3338,44800000
owd_downlink_ms,215.6745,44800000
prediction_position_error_mm,16.365710645914078,44800000
prediction_orientation_error_deg,0,44800000
owd_uplink_ms,222.7085,44900000
owd_downlink_ms,219.8253,44900000
prediction_position_error_mm,11.642093770205975,44900000
prediction_orientation_error_deg,0,44900000
owd_uplink_ms,216.9612,45000000
owd_downlink_ms,219.6592,45000000
prediction_position_error_mm,77.13590562343597,45000000
prediction_orientation_error_deg,0,45000000
owd_uplink_ms,221.3106,45100000
owd_downlink_ms,221.5077,45100000
prediction_position_error_mm,60.69248169660568,45100000
prediction_orientation_error_deg,0,45100000
owd_uplink_ms,219.938,45200000
owd_downlink_ms,218.0795,45200000
prediction_position_error_mm,22.789498791098595,45200000
prediction_orientation_error_deg,0,45200000
owd_uplink_ms,223.1374,45300000
owd_downlink_ms,217.4716,45300000
owd_uplink_ms,215.7672,45300000
owd_downlink_ms,217.6164,45300000
prediction_position_error_mm,55.60174211859703,45300000
prediction_orientation_error_deg,0,45300000
prediction_position_error_mm,57.599473744630814,45400000
prediction_orientation_error_deg,0,45400000
prediction_position_error_mm,59.549491852521896,45500000
prediction_orientation_error_deg,0,45500000
owd_uplink_ms,220.6071,45600000
owd_downlink_ms,224.31,45600000
prediction_position_error_mm,24.7601717710495,45600000
prediction_orientation_error_deg,0,45600000
owd_uplink_ms,219.6454,45700000
owd_downlink_ms,221.2686,45700000
owd_uplink_ms,218.1349,45700000
owd_downlink_ms,219.767,45700000
prediction_position_error_mm,73.01536947488785,45700000
prediction_orientation_error_deg,0,45700000
owd_uplink_ms,223.9673,45800000
owd_downlink_ms,224.7514,45800000
prediction_position_error_mm,51.59613862633705,45800000
prediction_orientation_error_deg,0,45800000
owd_uplink_ms,218.8678,45900000
owd_downlink_ms,222.5284,45900000
prediction_position_error_mm,9.780853055417538,45900000
prediction_orientation_error_deg,0,45900000
prediction_position_error_mm,12.447823770344257,46000000
prediction_orientation_error_deg,0,46000000
owd_uplink_ms,223.0069,46100000
owd_downlink_ms,220.0607,46100000
owd_uplink_ms,219.9212,46100000
owd_downlink_ms,218.555,46100000
prediction_position_error_mm,11.189940385520458,46100000
prediction_orientation_error_deg,0,46100000
prediction_position_error_mm,12.370631098747253,46200000
prediction_orientation_error_deg,0,46200000
owd_uplink_ms,220.108,46300000
owd_downlink_ms,220.5309,46300000
owd_uplink_ms,221.2727,46300000
owd_downlink_ms,217.2274,46300000
prediction_position_error_mm,15.093259513378143,46300000
prediction_orientation_error_deg,0,46300000
owd_uplink_ms,220.2948,46400000
owd_downlink_ms,218.7859,46400000
prediction_position_error_mm,73.18776100873947,46400000
prediction_orientation_error_deg,0,46400000
owd_uplink_ms,217.1138,46500000
owd_downlink_ms,224.6641,46500000
prediction_position_error_mm,44.413864612579346,46500000
prediction_orientation_error_deg,0,46500000
owd_uplink_ms,220.3497,46600000
owd_downlink_ms,224.0226,46600000
prediction_position_error_mm,10.471325367689133,46600000
prediction_orientation_error_deg,0,46600000
prediction_position_error_mm,12.84104585647583,46700000
prediction_orientation_error_deg,0,46700000
owd_uplink_ms,219.0413,46800000
owd_downlink_ms,220.6244,46800000
owd_uplink_ms,223.9775,46800000
owd_downlink_ms,223.9939,46800000
prediction_position_error_mm,42.596835643053055,46800000
prediction_orientation_error_deg,0,46800000
prediction_position_error_mm,43.866273015737534,46900000
prediction_orientation_error_deg,0,46900000
owd_uplink_ms,220.4697,47000000
owd_downlink_ms,220.7827,47000000
owd_uplink_ms,223.6902,47000000
owd_downlink_ms,221.3142,47000000
prediction_position_error_mm,40.39154574275017,47000000
prediction_orientation_error_deg,0,47000000
owd_uplink_ms,218.9505,47100000
owd_downlink_ms,221.5401,47100000
owd_uplink_ms,218.2178,47100000
owd_downlink_ms,215.0958,47100000
prediction_position_error_mm,14.170550741255283,47100000
prediction_orientation_error_deg,0,47100000
owd_uplink_ms,215.6869,47200000
owd_downlink_ms,216.4811,47200000
prediction_position_error_mm,11.757775209844112,47200000
prediction_orientation_error_deg,0,47200000
prediction_position_error_mm,12.872232124209404,47300000
prediction_orientation_error_deg,0,47300000
owd_uplink_ms,216.5181,47400000
owd_downlink_ms,222.7553,47400000
prediction_position_error_mm,9.765205904841423,47400000
prediction_orientation_error_deg,0,47400000
prediction_position_error_mm,11.711967177689075,47500000
prediction_orientation_error_deg,0,47500000
owd_uplink_ms,225.2812,47600000
owd_downlink_ms,221.6089,47600000
owd_uplink_ms,219.3263,47600000
owd_downlink_ms,222.8713,47600000
owd_uplink_ms,216.5484,47600000
owd_downlink_ms,218.2268,47600000
prediction_position_error_mm,12.199385091662407,47600000
prediction_orientation_error_deg,0,47600000
owd_uplink_ms,220.1033,47700000
owd_downlink_ms,218.2706,47700000
prediction_position_error_mm,13.288244605064392,47700000
prediction_orientation_error_deg,0,47700000
prediction_position_error_mm,15.26337768882513,47800000
prediction_orientation_error_deg,0,47800000
owd_uplink_ms,217.7183,47900000
owd_downlink_ms,218.8215,47900000
prediction_position_error_mm,13.613345101475716,47900000
prediction_orientation_error_deg,0,47900000
owd_uplink_ms,219.1967,48000000
owd_downlink_ms,222.1956,48000000
prediction_position_error_mm,11.950891464948654,48000000
prediction_orientation_error_deg,0,48000000
owd_uplink_ms,222.8112,48100000
owd_downlink_ms,214.7597,48100000
owd_uplink_ms,216.1173,48100000
owd_downlink_ms,218.163,48100000
prediction_position_error_mm,25.67426860332489,48100000
prediction_orientation_error_deg,0,48100000
prediction_position_error_mm,26.3556856662035,48200000
prediction_orientation_error_deg,0,48200000
owd_uplink_ms,217.768,48300000
owd_downlink_ms,215.6106,48300000
prediction_position_error_mm,14.188673347234726,48300000
prediction_orientation_error_deg,0,48300000
owd_uplink_ms,224.9167,48400000
owd_downlink_ms,221.6465,48400000
owd_uplink_ms,219.3506,48400000
owd_downlink_ms,216.1601,48400000
prediction_position_error_mm,15.864849090576172,48400000
prediction_orientation_error_deg,0,48400000
prediction_position_error_mm,17.601029947400093,48500000
prediction_orientation_error_deg,0,48500000
prediction_position_error_mm,18.91116425395012,48600000
prediction_orientation_error_deg,0,48600000
owd_uplink_ms,220.2896,48700000
owd_downlink_ms,221.9159,48700000
owd_uplink_ms,221.5289,48700000
owd_downlink_ms,216.8375,48700000
prediction_position_error_mm,14.951562508940697,48700000
prediction_orientation_error_deg,0,48700000
prediction_position_error_mm,16.219835728406906,48800000
prediction_orientation_error_deg,0,48800000
owd_uplink_ms,217.7461,48900000
owd_downlink_ms,220.5293,48900000
owd_uplink_ms,224.3432,48900000
owd_downlink_ms,221.3414,48900000
prediction_position_error_mm,19.214436411857605,48900000
prediction_orientation_error_deg,0,48900000
owd_uplink_ms,218.1435,49000000
owd_downlink_ms,216.3722,49000000
prediction_position_error_mm,14.639437198638916,49000000
prediction_orientation_error_deg,0,49000000
owd_uplink_ms,222.4239,49100000
owd_downlink_ms,222.2807,49100000
prediction_position_error_mm,17.050592228770256,49100000
prediction_orientation_error_deg,0,49100000
owd_uplink_ms,219.334,49200000
owd_downlink_ms,223.4124,49200000
prediction_position_error_mm,12.894163839519024,49200000
prediction_orientation_error_deg,0,49200000
owd_uplink_ms,216.827,49300000
owd_downlink_ms,222.2964,49300000
prediction_position_error_mm,12.388463132083416,49300000
prediction_orientation_error_deg,0,49300000
owd_uplink_ms,220.0251,49400000
owd_downlink_ms,222.9563,49400000
owd_uplink_ms,220.0066,49400000
owd_downlink_ms,216.3389,49400000
prediction_position_error_mm,14.085082337260246,49400000
prediction_orientation_error_deg,0,49400000
prediction_position_error_mm,15.370449982583523,49500000
prediction_orientation_error_deg,0,49500000
owd_uplink_ms,217.9753,49600000
owd_downlink_ms,221.0935,49600000
owd_uplink_ms,216.2052,49600000
owd_downlink_ms,218.6918,49600000
prediction_position_error_mm,12.147032655775547,49600000
prediction_orientation_error_deg,0,49600000
prediction_position_error_mm,13.256378471851349,49700000
prediction_orientation_error_deg,0,49700000
owd_uplink_ms,223.6035,49800000
owd_downlink_ms,218.3414,49800000
prediction_position_error_mm,4.631688818335533,49800000
prediction_orientation_error_deg,0,49800000
owd_uplink_ms,221.1174,49900000
owd_downlink_ms,217.9558,49900000
prediction_position_error_mm,34.775424748659134,49900000
prediction_orientation_error_deg,0,49900000
owd_uplink_ms,219.5568,50000000
owd_downlink_ms,219.9193,50000000
prediction_position_error_mm,8.659547194838524,50000000
prediction_orientation_error_deg,0,50000000
prediction_position_error_mm,0,100000
prediction_orientation_error_deg,0,100000
prediction_position_error_mm,0,200000
prediction_orientation_error_deg,0,200000
prediction_position_error_mm,0,300000
prediction_orientation_error_deg,0,300000
prediction_position_error_mm,0,400000
prediction_orientation_error_deg,0,400000
prediction_position_error_mm,0,500000
prediction_orientation_error_deg,0,500000
prediction_position_error_mm,0,600000
prediction_orientation_error_deg,0,600000
prediction_position_error_mm,0,700000
prediction_orientation_error_deg,0,700000
prediction_position_error_mm,0,800000
prediction_orientation_error_deg,0,800000
prediction_position_error_mm,0,900000
prediction_orientation_error_deg,0,900000
prediction_position_error_mm,0,1000000
prediction_orientation_error_deg,0,1000000
prediction_position_error_mm,0,1100000
prediction_orientation_error_deg,0,1100000
prediction_position_error_mm,0,1200000
prediction_orientation_error_deg,0,1200000
prediction_position_error_mm,0,1300000
prediction_orientation_error_deg,0,1300000
prediction_position_error_mm,0,1400000
prediction_orientation_error_deg,0,1400000
prediction_position_error_mm,0,1500000
prediction_orientation_error_deg,0,1500000
prediction_position_error_mm,0,1600000
prediction_orientation_error_deg,0,1600000
prediction_position_error_mm,0,1700000
prediction_orientation_error_deg,0,1700000
prediction_position_error_mm,0,1800000
prediction_orientation_error_deg,0,1800000
prediction_position_error_mm,0,1900000
prediction_orientation_error_deg,0,1900000
prediction_position_error_mm,0,2000000
prediction_orientation_error_deg,0,2000000
prediction_position_error_mm,0,2100000
prediction_orientation_error_deg,0,2100000
prediction_position_error_mm,0,2200000
prediction_orientation_error_deg,0,2200000
prediction_position_error_mm,0,2300000
prediction_orientation_error_deg,0,2300000
prediction_position_error_mm,1300.0023365020752,2400000
prediction_orientation_error_deg,0,2400000
prediction_position_error_mm,1300.0023365020752,2500000
prediction_orientation_error_deg,0,2500000
prediction_position_error_mm,1300.020456314087,2600000
prediction_orientation_error_deg,0,2600000
prediction_position_error_mm,1300.020456314087,2700000
prediction_orientation_error_deg,0,2700000
prediction_position_error_mm,1300.0564575195312,2800000
prediction_orientation_error_deg,0,2800000
prediction_position_error_mm,1300.0812530517578,2900000
prediction_orientation_error_deg,0,2900000
prediction_position_error_mm,1300.0812530517578,3000000
prediction_orientation_error_deg,0,3000000
prediction_position_error_mm,1300.143837928772,3100000
prediction_orientation_error_deg,0,3100000
prediction_position_error_mm,1300.1817464828491,3200000
prediction_orientation_error_deg,0,3200000
prediction_position_error_mm,1300.2238273620605,3300000
prediction_orientation_error_deg,0,3300000
prediction_position_error_mm,1300.2701997756958,3400000
prediction_orientation_error_deg,0,3400000
prediction_position_error_mm,1300.2701997756958,3500000
prediction_orientation_error_deg,0,3500000
prediction_position_error_mm,1300.3751039505005,3600000
prediction_orientation_error_deg,0,3600000
prediction_position_error_mm,1300.4335165023804,3700000
prediction_orientation_error_deg,0,3700000
prediction_position_error_mm,1300.4335165023804,3800000
prediction_orientation_error_deg,0,3800000
prediction_position_error_mm,1300.5622625350952,3900000
prediction_orientation_error_deg,0,3900000
prediction_position_error_mm,1300.5622625350952,4000000
prediction_orientation_error_deg,0,4000000
prediction_position_error_mm,1300.7055521011353,4100000
prediction_orientation_error_deg,0,4100000
prediction_position_error_mm,1300.7055521011353,4200000
prediction_orientation_error_deg,0,4200000
prediction_position_error_mm,1300.8630275726318,4300000
prediction_orientation_error_deg,0,4300000
prediction_position_error_mm,1300.946593284607,4400000
prediction_orientation_error_deg,0,4400000
prediction_position_error_mm,1300.946593284607,4500000
prediction_orientation_error_deg,0,4500000
owd_uplink_ms,219.1296,4600000
owd_downlink_ms,219.1296,4600000
correction_magnitude_mm,1300.0023365020752,2385835
correction_magnitude_deg,0,2385835
prediction_position_error_mm,109.05762016773224,4600000
prediction_orientation_error_deg,0,4600000
owd_uplink_ms,216.389,4700000
owd_downlink_ms,222.2832,4700000
prediction_position_error_mm,109.05762016773224,4700000
prediction_orientation_error_deg,0,4700000
owd_uplink_ms,222.4986,4800000
owd_downlink_ms,217.045,4800000
correction_magnitude_mm,9.998006746172905,2586386
correction_magnitude_deg,0,2586386
prediction_position_error_mm,11.260566301643848,4800000
prediction_orientation_error_deg,0,4800000
owd_uplink_ms,215.74,4900000
owd_downlink_ms,221.5205,4900000
prediction_position_error_mm,113.64772915840149,4900000
prediction_orientation_error_deg,0,4900000
owd_uplink_ms,216.0702,5000000
owd_downlink_ms,217.3319,5000000
correction_magnitude_mm,9.992526844143867,2795189
correction_magnitude_deg,0,2795189
owd_uplink_ms,221.3921,5000000
owd_downlink_ms,220.3559,5000000
prediction_position_error_mm,103.66054624319077,5000000
prediction_orientation_error_deg,0,5000000
owd_uplink_ms,216.3557,5100000
owd_downlink_ms,219.3749,5100000
prediction_position_error_mm,5.139078479260206,5100000
prediction_orientation_error_deg,0,5100000
prediction_position_error_mm,5.398180801421404,5200000
prediction_orientation_error_deg,0,5200000
owd_uplink_ms,223.2926,5300000
owd_downlink_ms,219.6582,5300000
prediction_position_error_mm,10.183894075453281,5300000
prediction_orientation_error_deg,0,5300000
owd_uplink_ms,215.0669,5400000
owd_downlink_ms,221.0086,5400000
owd_uplink_ms,219.4216,5400000
owd_downlink_ms,215.5968,5400000
prediction_position_error_mm,12.884826399385929,5400000
prediction_orientation_error_deg,0,5400000
prediction_position_error_mm,13.411036692559719,5500000
prediction_orientation_error_deg,0,5500000
owd_uplink_ms,217.5764,5600000
owd_downlink_ms,221.5447,5600000
prediction_position_error_mm,4.061834421008825,5600000
prediction_orientation_error_deg,0,5600000
owd_uplink_ms,218.3814,5700000
owd_downlink_ms,222.966,5700000
prediction_position_error_mm,5.81064447760582,5700000
prediction_orientation_error_deg,0,5700000
prediction_position_error_mm,6.076265126466751,5800000
prediction_orientation_error_deg,0,5800000
owd_uplink_ms,223.6964,5900000
owd_downlink_ms,222.65,5900000
owd_uplink_ms,220.8136,5900000
owd_downlink_ms,223.9065,5900000
owd_uplink_ms,217.4322,5900000
owd_downlink_ms,216.492,5900000
prediction_position_error_mm,8.79780575633049,5900000
prediction_orientation_error_deg,0,5900000
prediction_position_error_mm,5.549964495003223,6000000
prediction_orientation_error_deg,0,6000000
owd_uplink_ms,222.807,6100000
owd_downlink_ms,217.7739,6100000
owd_uplink_ms,216.3597,6100000
owd_downlink_ms,217.9486,6100000
prediction_position_error_mm,106.1558872461319,6100000
prediction_orientation_error_deg,0,6100000
prediction_position_error_mm,110.82018166780472,6200000
prediction_orientation_error_deg,0,6200000
owd_uplink_ms,216.5518,6300000
owd_downlink_ms,217.2607,6300000
correction_magnitude_mm,9.868287481367588,4104421
correction_magnitude_deg,0,4104421
owd_uplink_ms,223.5228,6300000
owd_downlink_ms,219.4394,6300000
prediction_position_error_mm,100.95773637294769,6300000
prediction_orientation_error_deg,0,6300000
prediction_position_error_mm,110.23465543985367,6400000
prediction_orientation_error_deg,0,6400000
owd_uplink_ms,222.5358,6500000
owd_downlink_ms,217.5775,6500000
correction_magnitude_mm,9.835661388933659,4293120
correction_magnitude_deg,0,4293120
prediction_position_error_mm,15.141136012971401,6500000
prediction_orientation_error_deg,0,6500000
owd_uplink_ms,218.1028,6600000
owd_downlink_ms,223.5267,6600000
prediction_position_error_mm,109.60989445447922,6600000
prediction_orientation_error_deg,0,6600000
owd_uplink_ms,218.8482,6700000
owd_downlink_ms,220.7759,6700000
prediction_position_error_mm,6.6348048858344555,6700000
prediction_orientation_error_deg,0,6700000
owd_uplink_ms,215.3867,6800000
owd_downlink_ms,215.024,6800000
owd_uplink_ms,219.9834,6800000
owd_downlink_ms,215.7022,6800000
prediction_position_error_mm,99.50900822877884,6800000
prediction_orientation_error_deg,0,6800000
prediction_position_error_mm,108.60005766153336,6900000
prediction_orientation_error_deg,0,6900000
owd_uplink_ms,220.6146,7000000
owd_downlink_ms,219.418,7000000
prediction_position_error_mm,52.68420651555061,7000000
prediction_orientation_error_deg,0,7000000
owd_uplink_ms,220.6534,7100000
owd_downlink_ms,216.9357,7100000
correction_magnitude_mm,7.310073357075453,4890363
correction_magnitude_deg,0,4890363
prediction_position_error_mm,126.75262987613678,7100000
prediction_orientation_error_deg,0,7100000
owd_uplink_ms,215.9833,7200000
owd_downlink_ms,221.9097,7200000
prediction_position_error_mm,103.02966833114624,7200000
prediction_orientation_error_deg,0,7200000
prediction_position_error_mm,111.95733398199081,7300000
prediction_orientation_error_deg,0,7300000
owd_uplink_ms,221.5468,7400000
owd_downlink_ms,223.9287,7400000
prediction_position_error_mm,56.80952966213226,7400000
prediction_orientation_error_deg,0,7400000
owd_uplink_ms,221.7666,7500000
owd_downlink_ms,222.1843,7500000
owd_uplink_ms,219.9604,7500000
owd_downlink_ms,216.0075,7500000
prediction_position_error_mm,10.587037540972233,7500000
prediction_orientation_error_deg,0,7500000
prediction_position_error_mm,11.341800913214684,7600000
prediction_orientation_error_deg,0,7600000
owd_uplink_ms,222.5132,7700000
owd_downlink_ms,221.8947,7700000
prediction_position_error_mm,7.1946922689676285,7700000
prediction_orientation_error_deg,0,7700000
owd_uplink_ms,220.4099,7800000
owd_downlink_ms,220.7879,7800000
prediction_position_error_mm,4.7548143193125725,7800000
prediction_orientation_error_deg,0,7800000
owd_uplink_ms,222.4638,7900000
owd_downlink_ms,225.0091,7900000
owd_uplink_ms,222.9017,7900000
owd_downlink_ms,217.707,7900000
correction_magnitude_mm,5.180849693715572,5692718
correction_magnitude_deg,0,5692718
owd_uplink_ms,215.1371,7900000
owd_downlink_ms,218.0084,7900000
prediction_position_error_mm,95.55904567241669,7900000
prediction_orientation_error_deg,0,7900000
prediction_position_error_mm,104.17388379573822,8000000
prediction_orientation_error_deg,0,8000000
owd_uplink_ms,219.2714,8100000
owd_downlink_ms,222.2656,8100000
prediction_position_error_mm,6.888981908559799,8100000
prediction_orientation_error_deg,0,8100000
owd_uplink_ms,224.1633,8200000
owd_downlink_ms,218.6353,8200000
prediction_position_error_mm,10.125366039574146,8200000
prediction_orientation_error_deg,0,8200000
owd_uplink_ms,215.9837,8300000
owd_downlink_ms,223.8893,8300000
owd_uplink_ms,216.382,8300000
owd_downlink_ms,218.4595,8300000
prediction_position_error_mm,4.6860938891768456,8300000
prediction_orientation_error_deg,0,8300000
prediction_position_error_mm,5.201098974794149,8400000
prediction_orientation_error_deg,0,8400000
owd_uplink_ms,217.419,8500000
owd_downlink_ms,219.6081,8500000
prediction_position_error_mm,5.153899546712637,8500000
prediction_orientation_error_deg,0,8500000
owd_uplink_ms,222.1732,8600000
owd_downlink_ms,218.1295,8600000
prediction_position_error_mm,9.154969826340675,8600000
prediction_orientation_error_deg,0,8600000
owd_uplink_ms,220.0516,8700000
owd_downlink_ms,222.257,8700000
prediction_position_error_mm,96.67439013719559,8700000
prediction_orientation_error_deg,0,8700000
owd_uplink_ms,220.4195,8800000
owd_downlink_ms,215.0922,8800000
correction_magnitude_mm,9.211495518684387,6599397
correction_magnitude_deg,0,6599397
owd_uplink_ms,217.8706,8800000
owd_downlink_ms,217.5124,8800000
prediction_position_error_mm,95.6861674785614,8800000
prediction_orientation_error_deg,0,8800000
prediction_position_error_mm,95.6861674785614,8900000
prediction_orientation_error_deg,0,8900000
prediction_position_error_mm,103.79394888877869,9000000
prediction_orientation_error_deg,0,9000000
owd_uplink_ms,220.7954,9100000
owd_downlink_ms,220.2703,9100000
owd_uplink_ms,219.0278,9100000
owd_downlink_ms,219.6295,9100000
correction_magnitude_mm,6.778976880013943,6899047
correction_magnitude_deg,0,6899047
prediction_position_error_mm,104.80425506830215,9100000
prediction_orientation_error_deg,0,9100000
owd_uplink_ms,223.3418,9200000
owd_downlink_ms,223.1558,9200000
owd_uplink_ms,219.1408,9200000
owd_downlink_ms,217.3475,9200000
prediction_position_error_mm,13.182939030230045,9200000
prediction_orientation_error_deg,0,9200000
prediction_position_error_mm,13.92963994294405,9300000
prediction_orientation_error_deg,0,9300000
prediction_position_error_mm,14.711761847138405,9400000
prediction_orientation_error_deg,0,9400000
owd_uplink_ms,222.9544,9500000
owd_downlink_ms,222.7537,9500000
owd_uplink_ms,217.8404,9500000
owd_downlink_ms,217.434,9500000
correction_magnitude_mm,6.694724317640066,7295816
correction_magnitude_deg,0,7295816
prediction_position_error_mm,106.19335621595383,9500000
prediction_orientation_error_deg,0,9500000
owd_uplink_ms,220.3692,9600000
owd_downlink_ms,223.2232,9600000
prediction_position_error_mm,95.86053341627121,9600000
prediction_orientation_error_deg,0,9600000
owd_uplink_ms,219.7172,9700000
owd_downlink_ms,222.55,9700000
prediction_position_error_mm,5.897809285670519,9700000
prediction_orientation_error_deg,0,9700000
prediction_position_error_mm,6.5273381769657135,9800000
prediction_orientation_error_deg,0,9800000
owd_uplink_ms,221.3332,9900000
owd_downlink_ms,223.7974,9900000
prediction_position_error_mm,48.7554706633091,9900000
prediction_orientation_error_deg,0,9900000
owd_uplink_ms,221.103,10000000
owd_downlink_ms,222.8217,10000000
owd_uplink_ms,218.2997,10000000
owd_downlink_ms,217.247,10000000
prediction_position_error_mm,108.53208601474762,10000000
prediction_orientation_error_deg,0,10000000
owd_uplink_ms,220.9238,10100000
owd_downlink_ms,220.6876,10100000
prediction_position_error_mm,92.85692870616913,10100000
prediction_orientation_error_deg,0,10100000
owd_uplink_ms,221.0384,10200000
owd_downlink_ms,215.274,10200000
correction_magnitude_mm,8.62298533320427,7999335
correction_magnitude_deg,0,7999335
owd_uplink_ms,216.2304,10200000
owd_downlink_ms,217.9685,10200000
prediction_position_error_mm,87.94160932302475,10200000
prediction_orientation_error_deg,0,10200000
prediction_position_error_mm,87.94160932302475,10300000
prediction_orientation_error_deg,0,10300000
prediction_position_error_mm,91.60732477903366,10400000
prediction_orientation_error_deg,0,10400000
owd_uplink_ms,220.2855,10500000
owd_downlink_ms,221.3167,10500000
correction_magnitude_mm,8.527393452823162,8202796
correction_magnitude_deg,0,8202796
owd_uplink_ms,219.0944,10500000
owd_downlink_ms,222.5754,10500000
prediction_position_error_mm,90.33166617155075,10500000
prediction_orientation_error_deg,0,10500000
owd_uplink_ms,218.2526,10600000
owd_downlink_ms,222.6876,10600000
prediction_position_error_mm,7.415909320116043,10600000
prediction_orientation_error_deg,0,10600000
owd_uplink_ms,217.1188,10700000
owd_downlink_ms,221.1087,10700000
owd_uplink_ms,218.591,10700000
owd_downlink_ms,217.0182,10700000
prediction_position_error_mm,9.680704213678837,10700000
prediction_orientation_error_deg,0,10700000
owd_uplink_ms,217.9299,10800000
owd_downlink_ms,217.3004,10800000
prediction_position_error_mm,11.741170659661293,10800000
prediction_orientation_error_deg,0,10800000
prediction_position_error_mm,12.546666897833347,10900000
prediction_orientation_error_deg,0,10900000
owd_uplink_ms,223.0721,11000000
owd_downlink_ms,215.0109,11000000
owd_uplink_ms,216.444,11000000
owd_downlink_ms,218.6137,11000000
prediction_position_error_mm,79.49569076299667,11000000
prediction_orientation_error_deg,0,11000000
prediction_position_error_mm,82.94408023357391,11100000
prediction_orientation_error_deg,0,11100000
owd_uplink_ms,216.929,11200000
owd_downlink_ms,217.1658,11200000
correction_magnitude_mm,8.118578232824802,9007852
correction_magnitude_deg,0,9007852
prediction_position_error_mm,9.1073177754879,11200000
prediction_orientation_error_deg,0,11200000
owd_uplink_ms,222.8329,11300000
owd_downlink_ms,223.3978,11300000
owd_uplink_ms,216.9508,11300000
owd_downlink_ms,214.9943,11300000
prediction_position_error_mm,10.871605016291142,11300000
prediction_orientation_error_deg,0,11300000
prediction_position_error_mm,14.627397991716862,11400000
prediction_orientation_error_deg,0,11400000
prediction_position_error_mm,15.566249378025532,11500000
prediction_orientation_error_deg,0,11500000
owd_uplink_ms,224.5557,11600000
owd_downlink_ms,222.9338,11600000
prediction_position_error_mm,40.819037705659866,11600000
prediction_orientation_error_deg,0,11600000
owd_uplink_ms,222.7156,11700000
owd_downlink_ms,223.9716,11700000
owd_uplink_ms,219.4128,11700000
owd_downlink_ms,218.723,11700000
prediction_position_error_mm,95.74230760335922,11700000
prediction_orientation_error_deg,0,11700000
owd_uplink_ms,221.6275,11800000
owd_downlink_ms,221.5175,11800000
owd_uplink_ms,219.2923,11800000
owd_downlink_ms,216.1276,11800000
prediction_position_error_mm,12.74044532328844,11800000
prediction_orientation_error_deg,0,11800000
prediction_position_error_mm,16.49060845375061,11900000
prediction_orientation_error_deg,0,11900000
owd_uplink_ms,217.8356,12000000
owd_downlink_ms,219.8234,12000000
owd_uplink_ms,215.7026,12000000
owd_downlink_ms,217.2148,12000000
prediction_position_error_mm,8.367268368601799,12000000
prediction_orientation_error_deg,0,12000000
owd_uplink_ms,218.7633,12100000
owd_downlink_ms,215.6631,12100000
prediction_position_error_mm,15.33617079257965,12100000
prediction_orientation_error_deg,0,12100000
prediction_position_error_mm,13.744008727371693,12200000
prediction_orientation_error_deg,0,12200000
prediction_position_error_mm,14.836367219686508,12300000
prediction_orientation_error_deg,0,12300000
owd_uplink_ms,216.1266,12400000
owd_downlink_ms,220.0679,12400000
owd_uplink_ms,223.1314,12400000
owd_downlink_ms,223.5515,12400000
owd_uplink_ms,216.2653,12400000
owd_downlink_ms,218.8072,12400000
prediction_position_error_mm,7.877959869801998,12400000
prediction_orientation_error_deg,0,12400000
prediction_position_error_mm,8.71684867888689,12500000
prediction_orientation_error_deg,0,12500000
owd_uplink_ms,221.2066,12600000
owd_downlink_ms,217.9642,12600000
prediction_position_error_mm,34.86615791916847,12600000
prediction_orientation_error_deg,0,12600000
owd_uplink_ms,223.0195,12700000
owd_downlink_ms,218.0065,12700000
correction_magnitude_mm,5.497639533132315,10499502
correction_magnitude_deg,0,10499502
prediction_position_error_mm,99.42639619112015,12700000
prediction_orientation_error_deg,0,12700000
owd_uplink_ms,216.2698,12800000
owd_downlink_ms,222.7363,12800000
prediction_position_error_mm,71.34032249450684,12800000
prediction_orientation_error_deg,0,12800000
owd_uplink_ms,217.5885,12900000
owd_downlink_ms,215.6985,12900000
correction_magnitude_mm,7.131447549909353,10705222
correction_magnitude_deg,0,10705222
owd_uplink_ms,221.7486,12900000
owd_downlink_ms,218.9977,12900000
prediction_position_error_mm,67.0919418334961,12900000
prediction_orientation_error_deg,0,12900000
prediction_position_error_mm,69.91942226886749,13000000
prediction_orientation_error_deg,0,13000000
owd_uplink_ms,223.2943,13100000
owd_downlink_ms,219.1818,13100000
prediction_position_error_mm,29.082393273711205,13100000
prediction_orientation_error_deg,0,13100000
owd_uplink_ms,219.6965,13200000
owd_downlink_ms,217.3518,13200000
prediction_position_error_mm,10.78016310930252,13200000
prediction_orientation_error_deg,0,13200000
prediction_position_error_mm,11.888439767062664,13300000
prediction_orientation_error_deg,0,13300000
owd_uplink_ms,223.0981,13400000
owd_downlink_ms,223.39,13400000
owd_uplink_ms,221.5274,13400000
owd_downlink_ms,218.8785,13400000
owd_uplink_ms,215.0592,13400000
owd_downlink_ms,220.1013,13400000
prediction_position_error_mm,66.34878367185593,13400000
prediction_orientation_error_deg,0,13400000
owd_uplink_ms,217.3244,13500000
owd_downlink_ms,218.1597,13500000
prediction_position_error_mm,10.26221178472042,13500000
prediction_orientation_error_deg,0,13500000
prediction_position_error_mm,13.006123714148998,13600000
prediction_orientation_error_deg,0,13600000
owd_uplink_ms,223.486,13700000
owd_downlink_ms,219.291,13700000
prediction_position_error_mm,27.65115350484848,13700000
prediction_orientation_error_deg,0,13700000
owd_uplink_ms,218.4958,13800000
owd_downlink_ms,219.9306,13800000
prediction_position_error_mm,79.36592400074005,13800000
prediction_orientation_error_deg,0,13800000
owd_uplink_ms,222.6201,13900000
owd_downlink_ms,224.0288,13900000
owd_uplink_ms,219.2639,13900000
owd_downlink_ms,219.3197,13900000
prediction_position_error_mm,11.114204302430153,13900000
prediction_orientation_error_deg,0,13900000
owd_uplink_ms,218.7027,14000000
owd_downlink_ms,218.5256,14000000
prediction_position_error_mm,13.042250648140907,14000000
prediction_orientation_error_deg,0,14000000
prediction_position_error_mm,14.021806418895721,14100000
prediction_orientation_error_deg,0,14100000
prediction_position_error_mm,15.049600973725319,14200000
prediction_orientation_error_deg,0,14200000
owd_uplink_ms,215.7444,14300000
owd_downlink_ms,220.9764,14300000
owd_uplink_ms,222.171,14300000
owd_downlink_ms,222.9994,14300000
prediction_position_error_mm,63.040681183338165,14300000
prediction_orientation_error_deg,0,14300000
owd_uplink_ms,218.8352,14400000
owd_downlink_ms,217.3823,14400000
correction_magnitude_mm,6.172832567244768,12202035
correction_magnitude_deg,0,12202035
prediction_position_error_mm,12.264841236174107,14400000
prediction_orientation_error_deg,0,14400000
owd_uplink_ms,222.1575,14500000
owd_downlink_ms,221.0829,14500000
owd_uplink_ms,217.5389,14500000
owd_downlink_ms,216.3959,14500000
prediction_position_error_mm,14.553594402968884,14500000
prediction_orientation_error_deg,0,14500000
owd_uplink_ms,215.4128,14600000
owd_downlink_ms,215.3862,14600000
prediction_position_error_mm,11.499515734612942,14600000
prediction_orientation_error_deg,0,14600000
owd_uplink_ms,216.7931,14700000
owd_downlink_ms,219.7004,14700000
prediction_position_error_mm,9.845691733062267,14700000
prediction_orientation_error_deg,0,14700000
prediction_position_error_mm,11.893751099705696,14800000
prediction_orientation_error_deg,0,14800000
owd_uplink_ms,216.2315,14900000
owd_downlink_ms,219.4598,14900000
prediction_position_error_mm,11.662240140140057,14900000
prediction_orientation_error_deg,0,14900000
owd_uplink_ms,219.2547,15000000
owd_downlink_ms,221.1363,15000000
prediction_position_error_mm,11.413599364459515,15000000
prediction_orientation_error_deg,0,15000000
prediction_position_error_mm,13.488532975316048,15100000
prediction_orientation_error_deg,0,15100000
owd_uplink_ms,223.1482,15200000
owd_downlink_ms,222.9355,15200000
prediction_position_error_mm,27.36637368798256,15200000
prediction_orientation_error_deg,0,15200000
owd_uplink_ms,223.0928,15300000
owd_downlink_ms,219.8416,15300000
prediction_position_error_mm,14.837640337646008,15300000
prediction_orientation_error_deg,0,15300000
owd_uplink_ms,224.5218,15400000
owd_downlink_ms,223.6459,15400000
owd_uplink_ms,216.5216,15400000
owd_downlink_ms,218.4908,15400000
prediction_position_error_mm,68.84344667196274,15400000
prediction_orientation_error_deg,0,15400000
owd_uplink_ms,223.5314,15500000
owd_downlink_ms,223.3847,15500000
owd_uplink_ms,215.9048,15500000
owd_downlink_ms,216.2888,15500000
prediction_position_error_mm,11.655652895569801,15500000
prediction_orientation_error_deg,0,15500000
owd_uplink_ms,219.6873,15600000
owd_downlink_ms,215.448,15600000
prediction_position_error_mm,15.659043565392494,15600000
prediction_orientation_error_deg,0,15600000
owd_uplink_ms,219.2085,15700000
owd_downlink_ms,217.3996,15700000
prediction_position_error_mm,14.037562534213066,15700000
prediction_orientation_error_deg,0,15700000
prediction_position_error_mm,15.122857876121998,15800000
prediction_orientation_error_deg,0,15800000
owd_uplink_ms,220.5679,15900000
owd_downlink_ms,219.2204,15900000
prediction_position_error_mm,24.069873616099358,15900000
prediction_orientation_error_deg,0,15900000
prediction_position_error_mm,22.862721234560013,16000000
prediction_orientation_error_deg,0,16000000
owd_uplink_ms,222.1551,16100000
owd_downlink_ms,223.5624,16100000
owd_uplink_ms,217.6986,16100000
owd_downlink_ms,223.9777,16100000
owd_uplink_ms,218.3454,16100000
owd_downlink_ms,216.273,16100000
prediction_position_error_mm,13.095383532345295,16100000
prediction_orientation_error_deg,0,16100000
prediction_position_error_mm,15.070524998009205,16200000
prediction_orientation_error_deg,0,16200000
prediction_position_error_mm,16.221532598137856,16300000
prediction_orientation_error_deg,0,16300000
owd_uplink_ms,220.8267,16400000
owd_downlink_ms,220.4213,16400000
prediction_position_error_mm,24.294257164001465,16400000
prediction_orientation_error_deg,0,16400000
owd_uplink_ms,221.5614,16500000
owd_downlink_ms,222.902,16500000
prediction_position_error_mm,12.52648513764143,16500000
prediction_orientation_error_deg,0,16500000
owd_uplink_ms,219.1827,16600000
owd_downlink_ms,222.1989,16600000
owd_uplink_ms,222.4027,16600000
owd_downlink_ms,223.0387,16600000
owd_uplink_ms,217.0006,16600000
owd_downlink_ms,215.643,16600000
prediction_position_error_mm,12.765097431838512,16600000
prediction_orientation_error_deg,0,16600000
prediction_position_error_mm,14.4507996737957,16700000
prediction_orientation_error_deg,0,16700000
prediction_position_error_mm,15.127226710319519,16800000
prediction_orientation_error_deg,0,16800000
owd_uplink_ms,216.3935,16900000
owd_downlink_ms,219.0152,16900000
owd_uplink_ms,225.1178,16900000
owd_downlink_ms,222.4493,16900000
owd_uplink_ms,216.7367,16900000
owd_downlink_ms,216.7455,16900000
prediction_position_error_mm,13.899961486458778,16900000
prediction_orientation_error_deg,0,16900000
prediction_position_error_mm,15.020794235169888,17000000
prediction_orientation_error_deg,0,17000000
prediction_position_error_mm,15.781357884407043,17100000
prediction_orientation_error_deg,0,17100000
owd_uplink_ms,225.1242,17200000
owd_downlink_ms,219.8935,17200000
owd_uplink_ms,218.2552,17200000
owd_downlink_ms,218.3453,17200000
prediction_position_error_mm,58.423832058906555,17200000
prediction_orientation_error_deg,0,17200000
owd_uplink_ms,222.2079,17300000
owd_downlink_ms,224.0276,17300000
prediction_position_error_mm,43.30052807927132,17300000
prediction_orientation_error_deg,0,17300000
prediction_position_error_mm,45.07974535226822,17400000
prediction_orientation_error_deg,0,17400000
owd_uplink_ms,223.965,17500000
owd_downlink_ms,221.049,17500000
owd_uplink_ms,217.2744,17500000
owd_downlink_ms,221.9169,17500000
prediction_position_error_mm,44.40426826477051,17500000
prediction_orientation_error_deg,0,17500000
owd_uplink_ms,221.3491,17600000
owd_downlink_ms,219.2232,17600000
prediction_position_error_mm,20.25359682738781,17600000
prediction_orientation_error_deg,0,17600000
owd_uplink_ms,217.2595,17700000
owd_downlink_ms,217.6547,17700000
prediction_position_error_mm,53.20299789309502,17700000
prediction_orientation_error_deg,0,17700000
owd_uplink_ms,224.0741,17800000
owd_downlink_ms,221.3006,17800000
prediction_position_error_mm,41.80451110005379,17800000
prediction_orientation_error_deg,0,17800000
owd_uplink_ms,222.6626,17900000
owd_downlink_ms,217.321,17900000
prediction_position_error_mm,21.374618634581566,17900000
prediction_orientation_error_deg,0,17900000
prediction_position_error_mm,22.358084097504616,18000000
prediction_orientation_error_deg,0,18000000
owd_uplink_ms,221.26,18100000
owd_downlink_ms,222.5209,18100000
owd_uplink_ms,219.8159,18100000
owd_downlink_ms,217.2317,18100000
prediction_position_error_mm,55.78378960490227,18100000
prediction_orientation_error_deg,0,18100000
owd_uplink_ms,218.7162,18200000
owd_downlink_ms,224.9479,18200000
prediction_position_error_mm,41.05813801288605,18200000
prediction_orientation_error_deg,0,18200000
owd_uplink_ms,215.4089,18300000
owd_downlink_ms,216.5694,18300000
owd_uplink_ms,223.8568,18300000
owd_downlink_ms,218.0271,18300000
prediction_position_error_mm,39.033882319927216,18300000
prediction_orientation_error_deg,0,18300000
prediction_position_error_mm,42.66124591231346,18400000
prediction_orientation_error_deg,0,18400000
prediction_position_error_mm,42.66124591231346,18500000
prediction_orientation_error_deg,0,18500000
owd_uplink_ms,224.2656,18600000
owd_downlink_ms,224.8666,18600000
owd_uplink_ms,223.2738,18600000
owd_downlink_ms,219.5722,18600000
prediction_position_error_mm,52.71831154823303,18600000
prediction_orientation_error_deg,0,18600000
owd_uplink_ms,219.6158,18700000
owd_downlink_ms,225.2044,18700000
prediction_position_error_mm,42.59026423096657,18700000
prediction_orientation_error_deg,0,18700000
owd_uplink_ms,219.2313,18800000
owd_downlink_ms,223.9303,18800000
prediction_position_error_mm,13.439632952213287,18800000
prediction_orientation_error_deg,0,18800000
owd_uplink_ms,217.7954,18900000
owd_downlink_ms,220.4736,18900000
prediction_position_error_mm,12.828456237912178,18900000
prediction_orientation_error_deg,0,18900000
owd_uplink_ms,221.0308,19000000
owd_downlink_ms,216.5238,19000000
prediction_position_error_mm,13.592196628451347,19000000
prediction_orientation_error_deg,0,19000000
owd_uplink_ms,217.9219,19100000
owd_downlink_ms,223.9413,19100000
prediction_position_error_mm,40.98138585686684,19100000
prediction_orientation_error_deg,0,19100000
prediction_position_error_mm,44.84127089381218,19200000
prediction_orientation_error_deg,0,19200000
owd_uplink_ms,225.0534,19300000
owd_downlink_ms,220.5199,19300000
owd_uplink_ms,217.1289,19300000
owd_downlink_ms,217.1107,19300000
prediction_position_error_mm,44.79295760393143,19300000
prediction_orientation_error_deg,0,19300000
owd_uplink_ms,223.0053,19400000
owd_downlink_ms,222.2245,19400000
prediction_position_error_mm,41.45537689328194,19400000
prediction_orientation_error_deg,0,19400000
owd_uplink_ms,221.7976,19500000
owd_downlink_ms,217.8112,19500000
prediction_position_error_mm,24.57020804286003,19500000
prediction_orientation_error_deg,0,19500000
owd_uplink_ms,221.7816,19600000
owd_downlink_ms,216.0744,19600000
prediction_position_error_mm,13.407128863036633,19600000
prediction_orientation_error_deg,0,19600000
owd_uplink_ms,221.1673,19700000
owd_downlink_ms,216.8793,19700000
owd_uplink_ms,216.5905,19700000
owd_downlink_ms,220.9433,19700000
prediction_position_error_mm,40.389757603406906,19700000
prediction_orientation_error_deg,0,19700000
prediction_position_error_mm,44.54255849123001,19800000
prediction_orientation_error_deg,0,19800000
owd_uplink_ms,215.3715,19900000
owd_downlink_ms,218.8467,19900000
owd_uplink_ms,219.9571,19900000
owd_downlink_ms,219.8635,19900000
prediction_position_error_mm,43.10593754053116,19900000
prediction_orientation_error_deg,0,19900000
prediction_position_error_mm,43.10593754053116,20000000
prediction_orientation_error_deg,0,20000000
prediction_position_error_mm,45.24602368474007,20100000
prediction_orientation_error_deg,0,20100000
owd_uplink_ms,222.4346,20200000
owd_downlink_ms,224.0544,20200000
owd_uplink_ms,216.4052,20200000
owd_downlink_ms,224.2343,20200000
prediction_position_error_mm,43.84803771972656,20200000
prediction_orientation_error_deg,0,20200000
owd_uplink_ms,217.4165,20300000
owd_downlink_ms,221.2779,20300000
prediction_position_error_mm,14.231967739760876,20300000
prediction_orientation_error_deg,0,20300000
owd_uplink_ms,223.6917,20400000
owd_downlink_ms,219.0297,20400000
prediction_position_error_mm,27.38123945891857,20400000
prediction_orientation_error_deg,0,20400000
owd_uplink_ms,223.6114,20500000
owd_downlink_ms,215.9752,20500000
prediction_position_error_mm,12.768127024173737,20500000
prediction_orientation_error_deg,0,20500000
owd_uplink_ms,221.8686,20600000
owd_downlink_ms,216.9816,20600000
prediction_position_error_mm,48.631519079208374,20600000
prediction_orientation_error_deg,0,20600000
owd_uplink_ms,217.1,20700000
owd_downlink_ms,222.9215,20700000
prediction_position_error_mm,46.07115313410759,20700000
prediction_orientation_error_deg,0,20700000
owd_uplink_ms,221.7756,20800000
owd_downlink_ms,219.3081,20800000
prediction_position_error_mm,12.99230009317398,20800000
prediction_orientation_error_deg,0,20800000
owd_uplink_ms,218.8411,20900000
owd_downlink_ms,220.5781,20900000
owd_uplink_ms,218.6333,20900000
owd_downlink_ms,218.1695,20900000
prediction_position_error_mm,12.494261376559734,20900000
prediction_orientation_error_deg,0,20900000
owd_uplink_ms,218.5555,21000000
owd_downlink_ms,220.1278,21000000
prediction_position_error_mm,12.80972734093666,21000000
prediction_orientation_error_deg,0,21000000
prediction_position_error_mm,12.276312336325645,21100000
prediction_orientation_error_deg,0,21100000
owd_uplink_ms,222.8584,21200000
owd_downlink_ms,219.5951,21200000
prediction_position_error_mm,11.347028426826,21200000
prediction_orientation_error_deg,0,21200000
owd_uplink_ms,217.0621,21300000
owd_downlink_ms,222.9396,21300000
prediction_position_error_mm,51.87153443694115,21300000
prediction_orientation_error_deg,0,21300000
owd_uplink_ms,217.5854,21400000
owd_downlink_ms,219.187,21400000
prediction_position_error_mm,13.202780857682228,21400000
prediction_orientation_error_deg,0,21400000
owd_uplink_ms,221.5576,21500000
owd_downlink_ms,221.1236,21500000
owd_uplink_ms,215.9205,21500000
owd_downlink_ms,218.1991,21500000
prediction_position_error_mm,11.032242327928543,21500000
prediction_orientation_error_deg,0,21500000
prediction_position_error_mm,12.117195874452591,21600000
prediction_orientation_error_deg,0,21600000
owd_uplink_ms,218.1857,21700000
owd_downlink_ms,216.9592,21700000
owd_uplink_ms,220.6217,21700000
owd_downlink_ms,219.7802,21700000
prediction_position_error_mm,52.421290427446365,21700000
prediction_orientation_error_deg,0,21700000
prediction_position_error_mm,55.1372654736042,21800000
prediction_orientation_error_deg,0,21800000
prediction_position_error_mm,55.1372654736042,21900000
prediction_orientation_error_deg,0,21900000
owd_uplink_ms,224.7552,22000000
owd_downlink_ms,221.74,22000000
prediction_position_error_mm,34.819044172763824,22000000
prediction_orientation_error_deg,0,22000000
owd_uplink_ms,223.5091,22100000
owd_downlink_ms,221.1576,22100000
owd_uplink_ms,217.4328,22100000
owd_downlink_ms,224.0623,22100000
owd_uplink_ms,219.9143,22100000
owd_downlink_ms,218.6758,22100000
prediction_position_error_mm,10.080425068736076,22100000
prediction_orientation_error_deg,0,22100000
prediction_position_error_mm,13.002433814108372,22200000
prediction_orientation_error_deg,0,22200000
prediction_position_error_mm,12.160836718976498,22300000
prediction_orientation_error_deg,0,22300000
owd_uplink_ms,224.5721,22400000
owd_downlink_ms,221.4306,22400000
owd_uplink_ms,221.9451,22400000
owd_downlink_ms,219.0027,22400000
prediction_position_error_mm,11.259149760007858,22400000
prediction_orientation_error_deg,0,22400000
prediction_position_error_mm,14.491269364953041,22500000
prediction_orientation_error_deg,0,22500000
owd_uplink_ms,224.0011,22600000
owd_downlink_ms,223.5375,22600000
owd_uplink_ms,217.931,22600000
owd_downlink_ms,223.3241,22600000
prediction_position_error_mm,60.8757920563221,22600000
prediction_orientation_error_deg,0,22600000
owd_uplink_ms,217.1624,22700000
owd_downlink_ms,221.9894,22700000
prediction_position_error_mm,12.576758861541748,22700000
prediction_orientation_error_deg,0,22700000
prediction_position_error_mm,16.375042498111725,22800000
prediction_orientation_error_deg,0,22800000
owd_uplink_ms,221.5068,22900000
owd_downlink_ms,221.3752,22900000
prediction_position_error_mm,39.312202483415604,22900000
prediction_orientation_error_deg,0,22900000
owd_uplink_ms,223.6928,23000000
owd_downlink_ms,220.8426,23000000
owd_uplink_ms,220.4408,23000000
owd_downlink_ms,219.7136,23000000
prediction_position_error_mm,50.322216004133224,23000000
prediction_orientation_error_deg,0,23000000
owd_uplink_ms,218.4627,23100000
owd_downlink_ms,222.2711,23100000
prediction_position_error_mm,61.500679701566696,23100000
prediction_orientation_error_deg,0,23100000
owd_uplink_ms,218.3725,23200000
owd_downlink_ms,219.4152,23200000
prediction_position_error_mm,10.959300212562084,23200000
prediction_orientation_error_deg,0,23200000
owd_uplink_ms,217.7237,23300000
owd_downlink_ms,222.6103,23300000
prediction_position_error_mm,12.560976669192314,23300000
prediction_orientation_error_deg,0,23300000
prediction_position_error_mm,16.609670594334602,23400000
prediction_orientation_error_deg,0,23400000
owd_uplink_ms,222.2041,23500000
owd_downlink_ms,220.012,23500000
owd_uplink_ms,216.8795,23500000
owd_downlink_ms,214.6074,23500000
prediction_position_error_mm,55.26247248053551,23500000
prediction_orientation_error_deg,0,23500000
owd_uplink_ms,221.5054,23600000
owd_downlink_ms,222.6572,23600000
prediction_position_error_mm,65.21186977624893,23600000
prediction_orientation_error_deg,0,23600000
owd_uplink_ms,217.9137,23700000
owd_downlink_ms,223.2833,23700000
prediction_position_error_mm,12.723122723400593,23700000
prediction_orientation_error_deg,0,23700000
owd_uplink_ms,222.596,23800000
owd_downlink_ms,215.3466,23800000
prediction_position_error_mm,40.15502706170082,23800000
prediction_orientation_error_deg,0,23800000
prediction_position_error_mm,42.268820106983185,23900000
prediction_orientation_error_deg,0,23900000
owd_uplink_ms,217.4498,24000000
owd_downlink_ms,221.1378,24000000
owd_uplink_ms,225.471,24000000
owd_downlink_ms,222.4124,24000000
prediction_position_error_mm,71.6974213719368,24000000
prediction_orientation_error_deg,0,24000000
owd_uplink_ms,217.5056,24100000
owd_downlink_ms,220.4817,24100000
prediction_position_error_mm,9.81244444847107,24100000
prediction_orientation_error_deg,0,24100000
owd_uplink_ms,221.6277,24200000
owd_downlink_ms,217.1412,24200000
prediction_position_error_mm,10.71660965681076,24200000
prediction_orientation_error_deg,0,24200000
owd_uplink_ms,218.2582,24300000
owd_downlink_ms,220.4513,24300000
prediction_position_error_mm,70.47070562839508,24300000
prediction_orientation_error_deg,0,24300000
owd_uplink_ms,216.3261,24400000
owd_downlink_ms,215.9557,24400000
correction_magnitude_mm,5.733623169362545,22208817
correction_magnitude_deg,0,22208817
owd_uplink_ms,223.9654,24400000
owd_downlink_ms,217.7243,24400000
prediction_position_error_mm,68.35318356752396,24400000
prediction_orientation_error_deg,0,24400000
prediction_position_error_mm,71.97326421737671,24500000
prediction_orientation_error_deg,0,24500000
prediction_position_error_mm,79.3101117014885,24600000
prediction_orientation_error_deg,0,24600000
owd_uplink_ms,223.0471,24700000
owd_downlink_ms,221.6391,24700000
owd_uplink_ms,223.5945,24700000
owd_downlink_ms,218.4912,24700000
prediction_position_error_mm,70.1785683631897,24700000
prediction_orientation_error_deg,0,24700000
owd_uplink_ms,215.2199,24800000
owd_downlink_ms,221.3823,24800000
owd_uplink_ms,219.6805,24800000
owd_downlink_ms,217.7068,24800000
prediction_position_error_mm,9.676564484834671,24800000
prediction_orientation_error_deg,0,24800000
prediction_position_error_mm,7.958404719829559,24900000
prediction_orientation_error_deg,0,24900000
owd_uplink_ms,218.6493,25000000
owd_downlink_ms,219.214,25000000
prediction_position_error_mm,8.37260577827692,25000000
prediction_orientation_error_deg,0,25000000
owd_uplink_ms,220.3761,25100000
owd_downlink_ms,221.7921,25100000
owd_uplink_ms,219.0721,25100000
owd_downlink_ms,217.2195,25100000
prediction_position_error_mm,9.489629417657852,25100000
prediction_orientation_error_deg,0,25100000
prediction_position_error_mm,7.664191070944071,25200000
prediction_orientation_error_deg,0,25200000
owd_uplink_ms,220.399,25300000
owd_downlink_ms,217.4556,25300000
prediction_position_error_mm,46.62967845797539,25300000
prediction_orientation_error_deg,0,25300000
prediction_position_error_mm,48.99563267827034,25400000
prediction_orientation_error_deg,0,25400000
owd_uplink_ms,220.4551,25500000
owd_downlink_ms,220.8383,25500000
owd_uplink_ms,220.7588,25500000
owd_downlink_ms,217.569,25500000
prediction_position_error_mm,11.416325345635414,25500000
prediction_orientation_error_deg,0,25500000
owd_uplink_ms,221.6175,25600000
owd_downlink_ms,217.9848,25600000
owd_uplink_ms,216.9538,25600000
owd_downlink_ms,219.0287,25600000
prediction_position_error_mm,76.8267959356308,25600000
prediction_orientation_error_deg,0,25600000
prediction_position_error_mm,80.83415776491165,25700000
prediction_orientation_error_deg,0,25700000
owd_uplink_ms,221.0156,25800000
owd_downlink_ms,219.0494,25800000
prediction_position_error_mm,48.55012148618698,25800000
prediction_orientation_error_deg,0,25800000
prediction_position_error_mm,50.988513976335526,25900000
prediction_orientation_error_deg,0,25900000
owd_uplink_ms,220.8195,26000000
owd_downlink_ms,223.621,26000000
owd_uplink_ms,222.2837,26000000
owd_downlink_ms,219.8766,26000000
prediction_position_error_mm,76.61402970552444,26000000
prediction_orientation_error_deg,0,26000000
owd_uplink_ms,217.2809,26100000
owd_downlink_ms,222.911,26100000
owd_uplink_ms,217.3185,26100000
owd_downlink_ms,216.1705,26100000
prediction_position_error_mm,6.029993295669556,26100000
prediction_orientation_error_deg,0,26100000
prediction_position_error_mm,9.773675352334976,26200000
prediction_orientation_error_deg,0,26200000
owd_uplink_ms,216.4362,26300000
owd_downlink_ms,222.1554,26300000
prediction_position_error_mm,15.412045642733574,26300000
prediction_orientation_error_deg,0,26300000
prediction_position_error_mm,12.523738667368889,26400000
prediction_orientation_error_deg,0,26400000
owd_uplink_ms,216.6295,26500000
owd_downlink_ms,220.8889,26500000
owd_uplink_ms,222.3497,26500000
owd_downlink_ms,223.3705,26500000
prediction_position_error_mm,86.46849542856216,26500000
prediction_orientation_error_deg,0,26500000
owd_uplink_ms,224.7418,26600000
owd_downlink_ms,218.1521,26600000
prediction_position_error_mm,46.0110604763031,26600000
prediction_orientation_error_deg,0,26600000
prediction_position_error_mm,48.457082360982895,26700000
prediction_orientation_error_deg,0,26700000
owd_uplink_ms,222.2349,26800000
owd_downlink_ms,220.4432,26800000
prediction_position_error_mm,12.605474330484867,26800000
prediction_orientation_error_deg,0,26800000
owd_uplink_ms,222.9992,26900000
owd_downlink_ms,220.8618,26900000
owd_uplink_ms,217.5783,26900000
owd_downlink_ms,223.1306,26900000
prediction_position_error_mm,89.16909247636795,26900000
prediction_orientation_error_deg,0,26900000
owd_uplink_ms,220.1903,27000000
owd_downlink_ms,217.0246,27000000
correction_magnitude_mm,7.491547614336014,24796369
correction_magnitude_deg,0,24796369
owd_uplink_ms,217.626,27000000
owd_downlink_ms,218.7655,27000000
prediction_position_error_mm,86.07414364814758,27000000
prediction_orientation_error_deg,0,27000000
prediction_position_error_mm,90.48594534397125,27100000
prediction_orientation_error_deg,0,27100000
owd_uplink_ms,219.8729,27200000
owd_downlink_ms,218.9605,27200000
prediction_position_error_mm,53.69327962398529,27200000
prediction_orientation_error_deg,0,27200000
owd_uplink_ms,220.7179,27300000
owd_downlink_ms,218.4236,27300000
correction_magnitude_mm,5.831473506987095,25093787
correction_magnitude_deg,0,25093787
owd_uplink_ms,216.2288,27300000
owd_downlink_ms,218.1889,27300000
prediction_position_error_mm,87.92593330144882,27300000
prediction_orientation_error_deg,0,27300000
prediction_position_error_mm,92.41635352373123,27400000
prediction_orientation_error_deg,0,27400000
prediction_position_error_mm,101.47201269865036,27500000
prediction_orientation_error_deg,0,27500000
owd_uplink_ms,222.6453,27600000
owd_downlink_ms,223.4213,27600000
correction_magnitude_mm,7.811535149812698,25297209
correction_magnitude_deg,0,25297209
owd_uplink_ms,219.6817,27600000
owd_downlink_ms,223.0972,27600000
prediction_position_error_mm,98.23723882436752,27600000
prediction_orientation_error_deg,0,27600000
owd_uplink_ms,217.2829,27700000
owd_downlink_ms,222.3941,27700000
prediction_position_error_mm,10.259909555315971,27700000
prediction_orientation_error_deg,0,27700000
owd_uplink_ms,216.8678,27800000
owd_downlink_ms,220.9184,27800000
prediction_position_error_mm,13.716649264097214,27800000
prediction_orientation_error_deg,0,27800000
owd_uplink_ms,224.4167,27900000
owd_downlink_ms,215.7139,27900000
prediction_position_error_mm,48.96440729498863,27900000
prediction_orientation_error_deg,0,27900000
prediction_position_error_mm,56.15844205021858,28000000
prediction_orientation_error_deg,0,28000000
owd_uplink_ms,217.1807,28100000
owd_downlink_ms,220.0948,28100000
correction_magnitude_mm,5.920384079217911,25805693
correction_magnitude_deg,0,25805693
owd_uplink_ms,222.6151,28100000
owd_downlink_ms,223.6751,28100000
owd_uplink_ms,217.2595,28100000
owd_downlink_ms,216.5464,28100000
prediction_position_error_mm,4.5280298218131065,28100000
prediction_orientation_error_deg,0,28100000
prediction_position_error_mm,8.49258340895176,28200000
prediction_orientation_error_deg,0,28200000
prediction_position_error_mm,9.20501071959734,28300000
prediction_orientation_error_deg,0,28300000
owd_uplink_ms,225.1734,28400000
owd_downlink_ms,223.5158,28400000
owd_uplink_ms,219.988,28400000
owd_downlink_ms,219.1989,28400000
correction_magnitude_mm,6.2896390445530415,26203065
correction_magnitude_deg,0,26203065
prediction_position_error_mm,86.7072194814682,28400000
prediction_orientation_error_deg,0,28400000
owd_uplink_ms,224.0914,28500000
owd_downlink_ms,220.3688,28500000
prediction_position_error_mm,103.75408083200455,28500000
prediction_orientation_error_deg,0,28500000
owd_uplink_ms,216.0746,28600000
owd_downlink_ms,222.2259,28600000
prediction_position_error_mm,11.277060024440289,28600000
prediction_orientation_error_deg,0,28600000
owd_uplink_ms,223.9341,28700000
owd_downlink_ms,216.26,28700000
prediction_position_error_mm,50.97576603293419,28700000
prediction_orientation_error_deg,0,28700000
prediction_position_error_mm,58.40522423386574,28800000
prediction_orientation_error_deg,0,28800000
owd_uplink_ms,221.8531,28900000
owd_downlink_ms,222.0176,28900000
owd_uplink_ms,223.092,28900000
owd_downlink_ms,219.1575,28900000
prediction_position_error_mm,4.357907921075821,28900000
prediction_orientation_error_deg,0,28900000
prediction_position_error_mm,4.800491500645876,29000000
prediction_orientation_error_deg,0,29000000
owd_uplink_ms,217.2651,29100000
owd_downlink_ms,222.0873,29100000
owd_uplink_ms,223.8676,29100000
owd_downlink_ms,224.7698,29100000
prediction_position_error_mm,102.18601673841476,29100000
prediction_orientation_error_deg,0,29100000
prediction_position_error_mm,111.98892444372177,29200000
prediction_orientation_error_deg,0,29200000
owd_uplink_ms,224.1022,29300000
owd_downlink_ms,221.25,29300000
prediction_position_error_mm,61.11961230635643,29300000
prediction_orientation_error_deg,0,29300000
owd_uplink_ms,219.9695,29400000
owd_downlink_ms,220.5669,29400000
owd_uplink_ms,218.7352,29400000
owd_downlink_ms,215.8498,29400000
owd_uplink_ms,220.1513,29400000
owd_downlink_ms,217.3344,29400000
prediction_position_error_mm,104.16045784950256,29400000
prediction_orientation_error_deg,0,29400000
prediction_position_error_mm,104.16045784950256,29500000
prediction_orientation_error_deg,0,29500000
prediction_position_error_mm,109.12460833787918,29600000
prediction_orientation_error_deg,0,29600000
owd_uplink_ms,221.4711,29700000
owd_downlink_ms,222.0064,29700000
prediction_position_error_mm,57.01947584748268,29700000
prediction_orientation_error_deg,0,29700000
owd_uplink_ms,220.9239,29800000
owd_downlink_ms,221.8773,29800000
correction_magnitude_mm,6.757928989827633,27490870
correction_magnitude_deg,0,27490870
owd_uplink_ms,217.0211,29800000
owd_downlink_ms,221.7244,29800000
prediction_position_error_mm,105.55247217416763,29800000
prediction_orientation_error_deg,0,29800000
owd_uplink_ms,219.1405,29900000
owd_downlink_ms,224.0122,29900000
prediction_position_error_mm,7.9294731840491295,29900000
prediction_orientation_error_deg,0,29900000
owd_uplink_ms,222.942,30000000
owd_downlink_ms,217.7425,30000000
prediction_position_error_mm,4.281457979232073,30000000
prediction_orientation_error_deg,0,30000000
owd_uplink_ms,216.8005,30100000
owd_downlink_ms,222.9027,30100000
prediction_position_error_mm,111.9251549243927,30100000
prediction_orientation_error_deg,0,30100000
prediction_position_error_mm,111.9251549243927,30200000
prediction_orientation_error_deg,0,30200000
owd_uplink_ms,218.2447,30300000
owd_downlink_ms,221.8629,30300000
correction_magnitude_mm,9.306369349360466,28008489
correction_magnitude_deg,0,28008489
owd_uplink_ms,222.7222,30300000
owd_downlink_ms,223.488,30300000
prediction_position_error_mm,107.69721120595932,30300000
prediction_orientation_error_deg,0,30300000
owd_uplink_ms,221.1583,30400000
owd_downlink_ms,215.6674,30400000
correction_magnitude_mm,9.397889487445354,28202582
correction_magnitude_deg,0,28202582
owd_uplink_ms,219.52,30400000
owd_downlink_ms,218.0202,30400000
prediction_position_error_mm,108.49198698997498,30400000
prediction_orientation_error_deg,0,30400000
prediction_position_error_mm,108.49198698997498,30500000
prediction_orientation_error_deg,0,30500000
owd_uplink_ms,219.3436,30600000
owd_downlink_ms,222.598,30600000
owd_uplink_ms,219.3678,30600000
owd_downlink_ms,218.9446,30600000
prediction_position_error_mm,5.455388221889734,30600000
prediction_orientation_error_deg,0,30600000
owd_uplink_ms,215.4082,30700000
owd_downlink_ms,215.1275,30700000
prediction_position_error_mm,5.4830629378557205,30700000
prediction_orientation_error_deg,0,30700000
prediction_position_error_mm,3.409559838473797,30800000
prediction_orientation_error_deg,0,30800000
owd_uplink_ms,216.321,30900000
owd_downlink_ms,223.4649,30900000
prediction_position_error_mm,14.818207360804081,30900000
prediction_orientation_error_deg,0,30900000
owd_uplink_ms,221.6989,31000000
owd_downlink_ms,215.5027,31000000
owd_uplink_ms,218.5029,31000000
owd_downlink_ms,217.6629,31000000
prediction_position_error_mm,105.4815948009491,31000000
prediction_orientation_error_deg,0,31000000
prediction_position_error_mm,115.83524942398071,31100000
prediction_orientation_error_deg,0,31100000
prediction_position_error_mm,121.02668732404709,31200000
prediction_orientation_error_deg,0,31200000
owd_uplink_ms,223.5994,31300000
owd_downlink_ms,220.3165,31300000
prediction_position_error_mm,64.09402191638947,31300000
prediction_orientation_error_deg,0,31300000
owd_uplink_ms,223.3065,31400000
owd_downlink_ms,222.1777,31400000
owd_uplink_ms,215.3619,31400000
owd_downlink_ms,216.2197,31400000
owd_uplink_ms,220.6819,31400000
owd_downlink_ms,219.0915,31400000
prediction_position_error_mm,111.90363764762878,31400000
prediction_orientation_error_deg,0,31400000
owd_uplink_ms,217.3839,31500000
owd_downlink_ms,219.7068,31500000
prediction_position_error_mm,2.8735999949276447,31500000
prediction_orientation_error_deg,0,31500000
prediction_position_error_mm,3.088257974013686,31600000
prediction_orientation_error_deg,0,31600000
owd_uplink_ms,219.8411,31700000
owd_downlink_ms,222.0179,31700000
prediction_position_error_mm,3.519287332892418,31700000
prediction_orientation_error_deg,0,31700000
prediction_position_error_mm,3.962037619203329,31800000
prediction_orientation_error_deg,0,31800000
owd_uplink_ms,224.1767,31900000
owd_downlink_ms,223.469,31900000
prediction_position_error_mm,65.9586638212204,31900000
prediction_orientation_error_deg,0,31900000
owd_uplink_ms,221.6518,32000000
owd_downlink_ms,220.1618,32000000
owd_uplink_ms,220.7494,32000000
owd_downlink_ms,219.0076,32000000
prediction_position_error_mm,6.7330654710531235,32000000
prediction_orientation_error_deg,0,32000000
owd_uplink_ms,222.7437,32100000
owd_downlink_ms,220.3521,32100000
prediction_position_error_mm,5.674290470778942,32100000
prediction_orientation_error_deg,0,32100000
owd_uplink_ms,221.3148,32200000
owd_downlink_ms,217.5979,32200000
correction_magnitude_mm,5.147827323526144,29990660
correction_magnitude_deg,0,29990660
prediction_position_error_mm,124.9021366238594,32200000
prediction_orientation_error_deg,0,32200000
owd_uplink_ms,215.423,32300000
owd_downlink_ms,222.295,32300000
prediction_position_error_mm,119.19967085123062,32300000
prediction_orientation_error_deg,0,32300000
owd_uplink_ms,220.0537,32400000
owd_downlink_ms,222.9618,32400000
correction_magnitude_mm,5.061230156570673,30102885
correction_magnitude_deg,0,30102885
prediction_position_error_mm,3.4076301380991936,32400000
prediction_orientation_error_deg,0,32400000
owd_uplink_ms,221.5639,32500000
owd_downlink_ms,219.8742,32500000
prediction_position_error_mm,63.24151158332825,32500000
prediction_orientation_error_deg,0,32500000
owd_uplink_ms,220.812,32600000
owd_downlink_ms,218.5293,32600000
correction_magnitude_mm,7.700254675000906,30397920
correction_magnitude_deg,0,30397920
prediction_position_error_mm,121.65972590446472,32600000
prediction_orientation_error_deg,0,32600000
owd_uplink_ms,216.1008,32700000
owd_downlink_ms,224.1717,32700000
prediction_position_error_mm,114.70362544059753,32700000
prediction_orientation_error_deg,0,32700000
prediction_position_error_mm,119.98522281646729,32800000
prediction_orientation_error_deg,0,32800000
owd_uplink_ms,224.0705,32900000
owd_downlink_ms,220.3363,32900000
correction_magnitude_mm,10.243572294712067,30603339
correction_magnitude_deg,0,30603339
owd_uplink_ms,218.1631,32900000
owd_downlink_ms,221.528,32900000
owd_uplink_ms,219.3129,32900000
owd_downlink_ms,218.569,32900000
correction_magnitude_mm,5.140009336173534,30706613
correction_magnitude_deg,0,30706613
prediction_position_error_mm,2.9564823489636183,32900000
prediction_orientation_error_deg,0,32900000
prediction_position_error_mm,4.658687859773636,33000000
prediction_orientation_error_deg,0,33000000
owd_uplink_ms,221.2475,33100000
owd_downlink_ms,218.0329,33100000
prediction_position_error_mm,6.055578123778105,33100000
prediction_orientation_error_deg,0,33100000
owd_uplink_ms,218.4171,33200000
owd_downlink_ms,222.3467,33200000
prediction_position_error_mm,115.43706059455872,33200000
prediction_orientation_error_deg,0,33200000
prediction_position_error_mm,126.01198256015778,33300000
prediction_orientation_error_deg,0,33300000
owd_uplink_ms,222.4849,33400000
owd_downlink_ms,221.3809,33400000
correction_magnitude_mm,10.356836020946503,31106125
correction_magnitude_deg,0,31106125
owd_uplink_ms,216.4982,33400000
owd_downlink_ms,222.427,33400000
owd_uplink_ms,217.1489,33400000
owd_downlink_ms,216.0277,33400000
correction_magnitude_mm,5.193223711103201,31212133
correction_magnitude_deg,0,31212133
prediction_position_error_mm,2.5411557871848345,33400000
prediction_orientation_error_deg,0,33400000
owd_uplink_ms,216.6384,33500000
owd_downlink_ms,215.8558,33500000
prediction_position_error_mm,5.011882167309523,33500000
prediction_orientation_error_deg,0,33500000
prediction_position_error_mm,5.083758849650621,33600000
prediction_orientation_error_deg,0,33600000
owd_uplink_ms,220.6146,33700000
owd_downlink_ms,222.8515,33700000
prediction_position_error_mm,2.4404360447078943,33700000
prediction_orientation_error_deg,0,33700000
prediction_position_error_mm,2.660918515175581,33800000
prediction_orientation_error_deg,0,33800000
owd_uplink_ms,224.2071,33900000
owd_downlink_ms,220.2319,33900000
prediction_position_error_mm,65.24207442998886,33900000
prediction_orientation_error_deg,0,33900000
owd_uplink_ms,220.9545,34000000
owd_downlink_ms,219.7702,34000000
owd_uplink_ms,223.043,34000000
owd_downlink_ms,217.1487,34000000
prediction_position_error_mm,8.608332835137844,34000000
prediction_orientation_error_deg,0,34000000
owd_uplink_ms,222.7806,34100000
owd_downlink_ms,216.3262,34100000
correction_magnitude_mm,5.29481191188097,31892063
correction_magnitude_deg,0,31892063
prediction_position_error_mm,135.86930930614471,34100000
prediction_orientation_error_deg,0,34100000
owd_uplink_ms,216.5051,34200000
owd_downlink_ms,222.6576,34200000
owd_uplink_ms,216.031,34200000
owd_downlink_ms,218.1105,34200000
correction_magnitude_mm,5.254238843917847,32002353
correction_magnitude_deg,0,32002353
prediction_position_error_mm,4.233770538121462,34200000
prediction_orientation_error_deg,0,34200000
prediction_position_error_mm,2.769844140857458,34300000
prediction_orientation_error_deg,0,34300000
owd_uplink_ms,216.2207,34400000
owd_downlink_ms,222.3976,34400000
prediction_position_error_mm,4.855339881032705,34400000
prediction_orientation_error_deg,0,34400000
owd_uplink_ms,218.6052,34500000
owd_downlink_ms,216.8791,34500000
prediction_position_error_mm,6.26419996842742,34500000
prediction_orientation_error_deg,0,34500000
owd_uplink_ms,222.6592,34600000
owd_downlink_ms,222.7699,34600000
prediction_position_error_mm,121.33443355560303,34600000
prediction_orientation_error_deg,0,34600000
prediction_position_error_mm,121.33443355560303,34700000
prediction_orientation_error_deg,0,34700000
owd_uplink_ms,216.498,34800000
owd_downlink_ms,219.3982,34800000
correction_magnitude_mm,10.55038534104824,32511679
correction_magnitude_deg,0,32511679
owd_uplink_ms,223.4469,34800000
owd_downlink_ms,222.0642,34800000
prediction_position_error_mm,116.01853370666504,34800000
prediction_orientation_error_deg,0,34800000
prediction_position_error_mm,121.2436854839325,34900000
prediction_orientation_error_deg,0,34900000
owd_uplink_ms,223.0137,35000000
owd_downlink_ms,221.1891,35000000
correction_magnitude_mm,5.280115641653538,32707669
correction_magnitude_deg,0,32707669
prediction_position_error_mm,64.65715169906616,35000000
prediction_orientation_error_deg,0,35000000
owd_uplink_ms,223.4945,35100000
owd_downlink_ms,223.3145,35100000
owd_uplink_ms,221.7585,35100000
owd_downlink_ms,217.7764,35100000
correction_magnitude_mm,5.54040540009737,32902466
correction_magnitude_deg,0,32902466
prediction_position_error_mm,133.97656381130219,35100000
prediction_orientation_error_deg,0,35100000
owd_uplink_ms,216.842,35200000
owd_downlink_ms,219.9839,35200000
prediction_position_error_mm,115.7379150390625,35200000
prediction_orientation_error_deg,0,35200000
owd_uplink_ms,221.6843,35300000
owd_downlink_ms,218.347,35300000
correction_magnitude_mm,5.287748761475086,33102221
correction_magnitude_deg,0,33102221
prediction_position_error_mm,61.49664148688316,35300000
prediction_orientation_error_deg,0,35300000
owd_uplink_ms,222.902,35400000
owd_downlink_ms,217.162,35400000
prediction_position_error_mm,5.414328537881374,35400000
prediction_orientation_error_deg,0,35400000
owd_uplink_ms,222.6335,35500000
owd_downlink_ms,219.1775,35500000
correction_magnitude_mm,5.12594124302268,33290727
correction_magnitude_deg,0,33290727
prediction_position_error_mm,134.12775099277496,35500000
prediction_orientation_error_deg,0,35500000
owd_uplink_ms,219.5662,35600000
owd_downlink_ms,224.4301,35600000
owd_uplink_ms,215.7088,35600000
owd_downlink_ms,218.3716,35600000
correction_magnitude_mm,5.287637002766132,33400135
correction_magnitude_deg,0,33400135
prediction_position_error_mm,3.2326688524335623,35600000
prediction_orientation_error_deg,0,35600000
prediction_position_error_mm,3.2388833351433277,35700000
prediction_orientation_error_deg,0,35700000
prediction_position_error_mm,3.3349236473441124,35800000
prediction_orientation_error_deg,0,35800000
owd_uplink_ms,220.323,35900000
owd_downlink_ms,220.0249,35900000
prediction_position_error_mm,64.33519721031189,35900000
prediction_orientation_error_deg,0,35900000
owd_uplink_ms,220.858,36000000
owd_downlink_ms,223.4713,36000000
prediction_position_error_mm,3.179185325279832,36000000
prediction_orientation_error_deg,0,36000000
owd_uplink_ms,224.7351,36100000
owd_downlink_ms,221.2017,36100000
owd_uplink_ms,215.2911,36100000
owd_downlink_ms,215.8991,36100000
prediction_position_error_mm,121.37492746114731,36100000
prediction_orientation_error_deg,0,36100000
owd_uplink_ms,221.7393,36200000
owd_downlink_ms,223.4514,36200000
prediction_position_error_mm,114.28683251142502,36200000
prediction_orientation_error_deg,0,36200000
owd_uplink_ms,216.9458,36300000
owd_downlink_ms,215.1027,36300000
correction_magnitude_mm,10.541624389588833,34099210
correction_magnitude_deg,0,34099210
prediction_position_error_mm,8.733266964554787,36300000
prediction_orientation_error_deg,0,36300000
owd_uplink_ms,220.4299,36400000
owd_downlink_ms,221.1026,36400000
owd_uplink_ms,215.5184,36400000
owd_downlink_ms,217.1353,36400000
correction_magnitude_mm,5.2640726789832115,34202070
correction_magnitude_deg,0,34202070
prediction_position_error_mm,5.101865157485008,36400000
prediction_orientation_error_deg,0,36400000
prediction_position_error_mm,5.269655026495457,36500000
prediction_orientation_error_deg,0,36500000
owd_uplink_ms,223.118,36600000
owd_downlink_ms,217.1092,36600000
prediction_position_error_mm,53.17005142569542,36600000
prediction_orientation_error_deg,0,36600000
owd_uplink_ms,220.4869,36700000
owd_downlink_ms,219.41,36700000
prediction_position_error_mm,2.0506312139332294,36700000
prediction_orientation_error_deg,0,36700000
owd_uplink_ms,215.4799,36800000
owd_downlink_ms,216.0686,36800000
correction_magnitude_mm,5.12359756976366,34593952
correction_magnitude_deg,0,34593952
owd_uplink_ms,219.7452,36800000
owd_downlink_ms,218.806,36800000
prediction_position_error_mm,112.6362532377243,36800000
prediction_orientation_error_deg,0,36800000
prediction_position_error_mm,112.6362532377243,36900000
prediction_orientation_error_deg,0,36900000
prediction_position_error_mm,122.52750247716904,37000000
prediction_orientation_error_deg,0,37000000
owd_uplink_ms,221.1565,37100000
owd_downlink_ms,221.0142,37100000
correction_magnitude_mm,5.233482923358679,34792601
correction_magnitude_deg,0,34792601
owd_uplink_ms,222.3652,37100000
owd_downlink_ms,218.3177,37100000
prediction_position_error_mm,5.1642959006130695,37100000
prediction_orientation_error_deg,0,37100000
prediction_position_error_mm,10.484149679541588,37200000
prediction_orientation_error_deg,0,37200000
owd_uplink_ms,222.0506,37300000
owd_downlink_ms,222.5505,37300000
owd_uplink_ms,218.8279,37300000
owd_downlink_ms,222.6403,37300000
prediction_position_error_mm,111.46035045385361,37300000
prediction_orientation_error_deg,0,37300000
prediction_position_error_mm,121.19923532009125,37400000
prediction_orientation_error_deg,0,37400000
owd_uplink_ms,223.9968,37500000
owd_downlink_ms,223.1984,37500000
correction_magnitude_mm,5.200251471251249,35191936
correction_magnitude_deg,0,35191936
owd_uplink_ms,216.9317,37500000
owd_downlink_ms,215.9493,37500000
correction_magnitude_mm,7.790382951498032,35290708
correction_magnitude_deg,0,35290708
owd_uplink_ms,221.3297,37500000
owd_downlink_ms,217.7416,37500000
prediction_position_error_mm,110.46834290027618,37500000
prediction_orientation_error_deg,0,37500000
prediction_position_error_mm,115.28650671243668,37600000
prediction_orientation_error_deg,0,37600000
owd_uplink_ms,215.8122,37700000
owd_downlink_ms,223.2102,37700000
correction_magnitude_mm,5.170232616364956,35395471
correction_magnitude_deg,0,35395471
prediction_position_error_mm,3.9813616313040257,37700000
prediction_orientation_error_deg,0,37700000
owd_uplink_ms,217.713,37800000
owd_downlink_ms,218.5914,37800000
prediction_position_error_mm,8.47967341542244,37800000
prediction_orientation_error_deg,0,37800000
owd_uplink_ms,223.3119,37900000
owd_downlink_ms,222.0767,37900000
prediction_position_error_mm,114.13546651601791,37900000
prediction_orientation_error_deg,0,37900000
prediction_position_error_mm,114.13546651601791,38000000
prediction_orientation_error_deg,0,38000000
owd_uplink_ms,224.2891,38100000
owd_downlink_ms,223.1937,38100000
correction_magnitude_mm,5.135856103152037,35793658
correction_magnitude_deg,0,35793658
owd_uplink_ms,220.7237,38100000
owd_downlink_ms,220.099,38100000
correction_magnitude_mm,7.648394908756018,35892878
correction_magnitude_deg,0,35892878
prediction_position_error_mm,124.1738572716713,38100000
prediction_orientation_error_deg,0,38100000
owd_uplink_ms,216.9536,38200000
owd_downlink_ms,221.1197,38200000
prediction_position_error_mm,108.20421576499939,38200000
prediction_orientation_error_deg,0,38200000
owd_uplink_ms,222.0135,38300000
owd_downlink_ms,218.6238,38300000
correction_magnitude_mm,5.097123794257641,36093849
correction_magnitude_deg,0,36093849
prediction_position_error_mm,50.36173015832901,38300000
prediction_orientation_error_deg,0,38300000
prediction_position_error_mm,52.419036626815796,38400000
prediction_orientation_error_deg,0,38400000
owd_uplink_ms,222.0936,38500000
owd_downlink_ms,224.8889,38500000
prediction_position_error_mm,3.94341628998518,38500000
prediction_orientation_error_deg,0,38500000
owd_uplink_ms,222.9868,38600000
owd_downlink_ms,221.4875,38600000
prediction_position_error_mm,7.696847897022963,38600000
prediction_orientation_error_deg,0,38600000
owd_uplink_ms,221.1877,38700000
owd_downlink_ms,224.0582,38700000
owd_uplink_ms,220.0896,38700000
owd_downlink_ms,217.7575,38700000
prediction_position_error_mm,8.490443229675293,38700000
prediction_orientation_error_deg,0,38700000
prediction_position_error_mm,9.136365726590157,38800000
prediction_orientation_error_deg,0,38800000
owd_uplink_ms,220.8923,38900000
owd_downlink_ms,223.9533,38900000
prediction_position_error_mm,3.761744825169444,38900000
prediction_orientation_error_deg,0,38900000
owd_uplink_ms,216.0432,39000000
owd_downlink_ms,219.683,39000000
owd_uplink_ms,224.9658,39000000
owd_downlink_ms,221.6866,39000000
owd_uplink_ms,218.7845,39000000
owd_downlink_ms,215.4404,39000000
prediction_position_error_mm,19.894737750291824,39000000
prediction_orientation_error_deg,0,39000000
prediction_position_error_mm,16.421139240264893,39100000
prediction_orientation_error_deg,0,39100000
owd_uplink_ms,222.9049,39200000
owd_downlink_ms,216.2724,39200000
prediction_position_error_mm,11.15325652062893,39200000
prediction_orientation_error_deg,0,39200000
owd_uplink_ms,219.0828,39300000
owd_downlink_ms,221.8725,39300000
prediction_position_error_mm,103.10382395982742,39300000
prediction_orientation_error_deg,0,39300000
owd_uplink_ms,219.5231,39400000
owd_downlink_ms,223.8089,39400000
prediction_position_error_mm,5.155238788574934,39400000
prediction_orientation_error_deg,0,39400000
prediction_position_error_mm,5.481506697833538,39500000
prediction_orientation_error_deg,0,39500000
owd_uplink_ms,223.4891,39600000
owd_downlink_ms,222.1907,39600000
prediction_position_error_mm,53.78114432096481,39600000
prediction_orientation_error_deg,0,39600000
owd_uplink_ms,215.5239,39700000
owd_downlink_ms,220.2883,39700000
correction_magnitude_mm,7.123116869479418,37401130
correction_magnitude_deg,0,37401130
owd_uplink_ms,224.6762,39700000
owd_downlink_ms,223.6331,39700000
prediction_position_error_mm,105.2299439907074,39700000
prediction_orientation_error_deg,0,39700000
owd_uplink_ms,216.048,39800000
owd_downlink_ms,221.1659,39800000
prediction_position_error_mm,1.81780441198498,39800000
prediction_orientation_error_deg,0,39800000
owd_uplink_ms,220.0531,39900000
owd_downlink_ms,219.5531,39900000
prediction_position_error_mm,11.529983952641487,39900000
prediction_orientation_error_deg,0,39900000
prediction_position_error_mm,8.064196445047855,40000000
prediction_orientation_error_deg,0,40000000
owd_uplink_ms,224.1654,40100000
owd_downlink_ms,221.7828,40100000
owd_uplink_ms,224.4244,40100000
owd_downlink_ms,219.2504,40100000
correction_magnitude_mm,7.251295726746321,37896152
correction_magnitude_deg,0,37896152
owd_uplink_ms,219.5549,40100000
owd_downlink_ms,219.7634,40100000
prediction_position_error_mm,93.89528632164001,40100000
prediction_orientation_error_deg,0,40100000
prediction_position_error_mm,102.16943919658661,40200000
prediction_orientation_error_deg,0,40200000
owd_uplink_ms,221.4012,40300000
owd_downlink_ms,219.4059,40300000
prediction_position_error_mm,48.70055615901947,40300000
prediction_orientation_error_deg,0,40300000
owd_uplink_ms,221.4036,40400000
owd_downlink_ms,217.0783,40400000
prediction_position_error_mm,9.30189248174429,40400000
prediction_orientation_error_deg,0,40400000
owd_uplink_ms,221.874,40500000
owd_downlink_ms,217.7323,40500000
prediction_position_error_mm,13.37485946714878,40500000
prediction_orientation_error_deg,0,40500000
prediction_position_error_mm,10.358881205320358,40600000
prediction_orientation_error_deg,0,40600000
owd_uplink_ms,222.1375,40700000
owd_downlink_ms,223.365,40700000
owd_uplink_ms,214.2071,40700000
owd_downlink_ms,219.3135,40700000
owd_uplink_ms,220.6636,40700000
owd_downlink_ms,220.0464,40700000
prediction_position_error_mm,94.25602108240128,40700000
prediction_orientation_error_deg,0,40700000
prediction_position_error_mm,94.25602108240128,40800000
prediction_orientation_error_deg,0,40800000
owd_uplink_ms,219.2728,40900000
owd_downlink_ms,219.7677,40900000
prediction_position_error_mm,42.926304042339325,40900000
prediction_orientation_error_deg,0,40900000
owd_uplink_ms,220.1834,41000000
owd_downlink_ms,220.6505,41000000
prediction_position_error_mm,3.6268248222768307,41000000
prediction_orientation_error_deg,0,41000000
owd_uplink_ms,221.8214,41100000
owd_downlink_ms,218.3464,41100000
prediction_position_error_mm,121.36885523796082,41100000
prediction_orientation_error_deg,0,41100000
owd_uplink_ms,218.2133,41200000
owd_downlink_ms,221.8264,41200000
prediction_position_error_mm,95.3269749879837,41200000
prediction_orientation_error_deg,0,41200000
owd_uplink_ms,215.0313,41300000
owd_downlink_ms,220.0385,41300000
correction_magnitude_mm,8.930732496082783,39098121
correction_magnitude_deg,0,39098121
prediction_position_error_mm,5.37902070209384,41300000
prediction_orientation_error_deg,0,41300000
owd_uplink_ms,222.5888,41400000
owd_downlink_ms,222.665,41400000
prediction_position_error_mm,90.14048427343369,41400000
prediction_orientation_error_deg,0,41400000
owd_uplink_ms,216.006,41500000
owd_downlink_ms,221.0116,41500000
prediction_position_error_mm,6.285177543759346,41500000
prediction_orientation_error_deg,0,41500000
prediction_position_error_mm,6.792138796299696,41600000
prediction_orientation_error_deg,0,41600000
owd_uplink_ms,225.2709,41700000
owd_downlink_ms,224.0117,41700000
owd_uplink_ms,220.6803,41700000
owd_downlink_ms,218.5669,41700000
prediction_position_error_mm,10.778266936540604,41700000
prediction_orientation_error_deg,0,41700000
prediction_position_error_mm,11.676356196403503,41800000
prediction_orientation_error_deg,0,41800000
owd_uplink_ms,217.879,41900000
owd_downlink_ms,221.8366,41900000
owd_uplink_ms,224.8138,41900000
owd_downlink_ms,223.3377,41900000
prediction_position_error_mm,89.99287337064743,41900000
prediction_orientation_error_deg,0,41900000
owd_uplink_ms,218.9908,42000000
owd_downlink_ms,219.9918,42000000
owd_uplink_ms,218.2437,42000000
owd_downlink_ms,218.6165,42000000
prediction_position_error_mm,7.953150197863579,42000000
prediction_orientation_error_deg,0,42000000
prediction_position_error_mm,12.145336717367172,42100000
prediction_orientation_error_deg,0,42100000
owd_uplink_ms,217.5013,42200000
owd_downlink_ms,217.7879,42200000
prediction_position_error_mm,8.742595091462135,42200000
prediction_orientation_error_deg,0,42200000
owd_uplink_ms,222.2059,42300000
owd_downlink_ms,221.8659,42300000
prediction_position_error_mm,83.39188992977142,42300000
prediction_orientation_error_deg,0,42300000
owd_uplink_ms,216.0938,42400000
owd_downlink_ms,216.5314,42400000
correction_magnitude_mm,8.274979889392853,40205552
correction_magnitude_deg,0,40205552
prediction_position_error_mm,12.328922748565674,42400000
prediction_orientation_error_deg,0,42400000
owd_uplink_ms,223.6832,42500000
owd_downlink_ms,221.906,42500000
owd_uplink_ms,216.9747,42500000
owd_downlink_ms,215.1706,42500000
prediction_position_error_mm,13.203488662838936,42500000
prediction_orientation_error_deg,0,42500000
owd_uplink_ms,215.9245,42600000
owd_downlink_ms,217.923,42600000
prediction_position_error_mm,6.865330506116152,42600000
prediction_orientation_error_deg,0,42600000
prediction_position_error_mm,7.630605716258287,42700000
prediction_orientation_error_deg,0,42700000
owd_uplink_ms,220.6504,42800000
owd_downlink_ms,217.2742,42800000
owd_uplink_ms,217.9374,42800000
owd_downlink_ms,219.1181,42800000
prediction_position_error_mm,78.53187620639801,42800000
prediction_orientation_error_deg,0,42800000
owd_uplink_ms,216.059,42900000
owd_downlink_ms,218.6184,42900000
prediction_position_error_mm,6.605720613151789,42900000
prediction_orientation_error_deg,0,42900000
prediction_position_error_mm,10.393695905804634,43000000
prediction_orientation_error_deg,0,43000000
owd_uplink_ms,222.4392,43100000
owd_downlink_ms,217.4407,43100000
prediction_position_error_mm,35.33268719911575,43100000
prediction_orientation_error_deg,0,43100000
owd_uplink_ms,215.6243,43200000
owd_downlink_ms,219.1303,43200000
correction_magnitude_mm,5.625247023999691,41002160
correction_magnitude_deg,0,41002160
prediction_position_error_mm,90.79206734895706,43200000
prediction_orientation_error_deg,0,43200000
owd_uplink_ms,224.3105,43300000
owd_downlink_ms,223.2539,43300000
prediction_position_error_mm,75.14122873544693,43300000
prediction_orientation_error_deg,0,43300000
owd_uplink_ms,221.8614,43400000
owd_downlink_ms,218.0301,43400000
correction_magnitude_mm,7.595870178192854,41196051
correction_magnitude_deg,0,41196051
prediction_position_error_mm,15.903130173683167,43400000
prediction_orientation_error_deg,0,43400000
owd_uplink_ms,217.9826,43500000
owd_downlink_ms,222.8055,43500000
owd_uplink_ms,218.122,43500000
owd_downlink_ms,218.6175,43500000
prediction_position_error_mm,9.33354813605547,43500000
prediction_orientation_error_deg,0,43500000
prediction_position_error_mm,13.029254041612148,43600000
prediction_orientation_error_deg,0,43600000
prediction_position_error_mm,13.938238844275475,43700000
prediction_orientation_error_deg,0,43700000
owd_uplink_ms,225.0332,43800000
owd_downlink_ms,224.6184,43800000
prediction_position_error_mm,34.458912909030914,43800000
prediction_orientation_error_deg,0,43800000
owd_uplink_ms,222.1227,43900000
owd_downlink_ms,222.7271,43900000
prediction_position_error_mm,10.313580743968487,43900000
prediction_orientation_error_deg,0,43900000
owd_uplink_ms,220.5378,44000000
owd_downlink_ms,222.0315,44000000
owd_uplink_ms,222.8115,44000000
owd_downlink_ms,218.7091,44000000
prediction_position_error_mm,11.908340267837048,44000000
prediction_orientation_error_deg,0,44000000
owd_uplink_ms,220.8793,44100000
owd_downlink_ms,218.14,44100000
prediction_position_error_mm,94.40925717353821,44100000
prediction_orientation_error_deg,0,44100000
owd_uplink_ms,218.5196,44200000
owd_downlink_ms,221.287,44200000
prediction_position_error_mm,67.10305064916611,44200000
prediction_orientation_error_deg,0,44200000
owd_uplink_ms,217.232,44300000
owd_downlink_ms,222.2792,44300000
prediction_position_error_mm,9.042267687618732,44300000
prediction_orientation_error_deg,0,44300000
owd_uplink_ms,222.8356,44400000
owd_downlink_ms,218.4627,44400000
prediction_position_error_mm,15.606456436216831,44400000
prediction_orientation_error_deg,0,44400000
owd_uplink_ms,216.9979,44500000
owd_downlink_ms,223.049,44500000
prediction_position_error_mm,64.30643796920776,44500000
prediction_orientation_error_deg,0,44500000
owd_uplink_ms,225.0126,44600000
owd_downlink_ms,219.7358,44600000
prediction_position_error_mm,25.155838578939438,44600000
prediction_orientation_error_deg,0,44600000
owd_uplink_ms,220.6459,44700000
owd_downlink_ms,216.3333,44700000
prediction_position_error_mm,94.77326273918152,44700000
prediction_orientation_error_deg,0,44700000
owd_uplink_ms,215.623,44800000
owd_downlink_ms,221.5625,44800000
owd_uplink_ms,219.131,44800000
owd_downlink_ms,216.8716,44800000
prediction_position_error_mm,15.231618657708168,44800000
prediction_orientation_error_deg,0,44800000
prediction_position_error_mm,14.087206684052944,44900000
prediction_orientation_error_deg,0,44900000
owd_uplink_ms,217.9117,45000000
owd_downlink_ms,223.6665,45000000
owd_uplink_ms,219.9098,45000000
owd_downlink_ms,219.0169,45000000
prediction_position_error_mm,11.642503552138805,45000000
prediction_orientation_error_deg,0,45000000
prediction_position_error_mm,14.82047513127327,45100000
prediction_orientation_error_deg,0,45100000
owd_uplink_ms,218.5529,45200000
owd_downlink_ms,221.9968,45200000
prediction_position_error_mm,8.92677716910839,45200000
prediction_orientation_error_deg,0,45200000
prediction_position_error_mm,11.883714236319065,45300000
prediction_orientation_error_deg,0,45300000
owd_uplink_ms,217.8179,45400000
owd_downlink_ms,219.4593,45400000
owd_uplink_ms,225.1488,45400000
owd_downlink_ms,223.094,45400000
prediction_position_error_mm,57.599473744630814,45400000
prediction_orientation_error_deg,0,45400000
prediction_position_error_mm,59.549491852521896,45500000
prediction_orientation_error_deg,0,45500000
owd_uplink_ms,224.2828,45600000
owd_downlink_ms,220.8057,45600000
prediction_position_error_mm,21.0416316986084,45600000
prediction_orientation_error_deg,0,45600000
owd_uplink_ms,221.3868,45700000
owd_downlink_ms,220.9276,45700000
owd_uplink_ms,219.7502,45700000
owd_downlink_ms,217.0373,45700000
owd_uplink_ms,221.7198,45700000
owd_downlink_ms,218.6436,45700000
prediction_position_error_mm,49.741603434085846,45700000
prediction_orientation_error_deg,0,45700000
prediction_position_error_mm,53.40247601270676,45800000
prediction_orientation_error_deg,0,45800000
owd_uplink_ms,221.9837,45900000
owd_downlink_ms,216.3918,45900000
prediction_position_error_mm,19.45214718580246,45900000
prediction_orientation_error_deg,0,45900000
owd_uplink_ms,217.7319,46000000
owd_downlink_ms,219.8159,46000000
prediction_position_error_mm,71.67261838912964,46000000
prediction_orientation_error_deg,0,46000000
owd_uplink_ms,219.6051,46100000
owd_downlink_ms,221.1788,46100000
prediction_position_error_mm,50.204385071992874,46100000
prediction_orientation_error_deg,0,46100000
prediction_position_error_mm,51.81685462594032,46200000
prediction_orientation_error_deg,0,46200000
owd_uplink_ms,216.9276,46300000
owd_downlink_ms,223.1613,46300000
correction_magnitude_mm,5.3334916010499,44003807
correction_magnitude_deg,0,44003807
owd_uplink_ms,221.0538,46300000
owd_downlink_ms,223.5912,46300000
owd_uplink_ms,219.153,46300000
owd_downlink_ms,215.7375,46300000
prediction_position_error_mm,15.880761668086052,46300000
prediction_orientation_error_deg,0,46300000
prediction_position_error_mm,15.557059086859226,46400000
prediction_orientation_error_deg,0,46400000
prediction_position_error_mm,16.820743680000305,46500000
prediction_orientation_error_deg,0,46500000
owd_uplink_ms,224.8427,46600000
owd_downlink_ms,223.5083,46600000
prediction_position_error_mm,16.3286030292511,46600000
prediction_orientation_error_deg,0,46600000
owd_uplink_ms,224.2269,46700000
owd_downlink_ms,220.7599,46700000
prediction_position_error_mm,14.447344467043877,46700000
prediction_orientation_error_deg,0,46700000
owd_uplink_ms,221.3664,46800000
owd_downlink_ms,221.3751,46800000
owd_uplink_ms,220.4692,46800000
owd_downlink_ms,216.0008,46800000
prediction_position_error_mm,14.15878813713789,46800000
prediction_orientation_error_deg,0,46800000
owd_uplink_ms,219.7694,46900000
owd_downlink_ms,219.6348,46900000
prediction_position_error_mm,12.445286847651005,46900000
prediction_orientation_error_deg,0,46900000
owd_uplink_ms,220.5511,47000000
owd_downlink_ms,219.7452,47000000
prediction_position_error_mm,12.942490167915821,47000000
prediction_orientation_error_deg,0,47000000
owd_uplink_ms,214.9082,47100000
owd_downlink_ms,218.17,47100000
owd_uplink_ms,221.4345,47100000
owd_downlink_ms,218.9674,47100000
prediction_position_error_mm,35.88152304291725,47100000
prediction_orientation_error_deg,0,47100000
prediction_position_error_mm,38.174763321876526,47200000
prediction_orientation_error_deg,0,47200000
owd_uplink_ms,216.9559,47300000
owd_downlink_ms,223.9271,47300000
prediction_position_error_mm,11.851097457110882,47300000
prediction_orientation_error_deg,0,47300000
owd_uplink_ms,223.1803,47400000
owd_downlink_ms,216.5442,47400000
prediction_position_error_mm,15.126611106097698,47400000
prediction_orientation_error_deg,0,47400000
owd_uplink_ms,216.1681,47500000
owd_downlink_ms,222.0432,47500000
prediction_position_error_mm,34.83187407255173,47500000
prediction_orientation_error_deg,0,47500000
prediction_position_error_mm,35.75615957379341,47600000
prediction_orientation_error_deg,0,47600000
owd_uplink_ms,219.8956,47700000
owd_downlink_ms,222.4204,47700000
owd_uplink_ms,224.317,47700000
owd_downlink_ms,224.2106,47700000
owd_uplink_ms,219.275,47700000
owd_downlink_ms,215.8988,47700000
prediction_position_error_mm,15.354556031525135,47700000
prediction_orientation_error_deg,0,47700000
prediction_position_error_mm,16.542935743927956,47800000
prediction_orientation_error_deg,0,47800000
prediction_position_error_mm,17.0533899217844,47900000
prediction_orientation_error_deg,0,47900000
owd_uplink_ms,220.113,48000000
owd_downlink_ms,221.3067,48000000
owd_uplink_ms,216.2558,48000000
owd_downlink_ms,219.3727,48000000
prediction_position_error_mm,50.92087760567665,48000000
prediction_orientation_error_deg,0,48000000
owd_uplink_ms,223.892,48100000
owd_downlink_ms,221.016,48100000
prediction_position_error_mm,27.428515255451202,48100000
prediction_orientation_error_deg,0,48100000
owd_uplink_ms,219.242,48200000
owd_downlink_ms,220.3109,48200000
prediction_position_error_mm,14.7600332275033,48200000
prediction_orientation_error_deg,0,48200000
owd_uplink_ms,216.655,48300000
owd_downlink_ms,218.5361,48300000
prediction_position_error_mm,12.823554687201977,48300000
prediction_orientation_error_deg,0,48300000
owd_uplink_ms,221.9124,48400000
owd_downlink_ms,220.7068,48400000
owd_uplink_ms,216.259,48400000
owd_downlink_ms,216.361,48400000
prediction_position_error_mm,13.24507687240839,48400000
prediction_orientation_error_deg,0,48400000
prediction_position_error_mm,14.438611455261707,48500000
prediction_orientation_error_deg,0,48500000
owd_uplink_ms,216.4859,48600000
owd_downlink_ms,215.9479,48600000
prediction_position_error_mm,13.850950635969639,48600000
prediction_orientation_error_deg,0,48600000
owd_uplink_ms,222.0883,48700000
owd_downlink_ms,221.5896,48700000
owd_uplink_ms,217.9755,48700000
owd_downlink_ms,216.4723,48700000
prediction_position_error_mm,14.019590802490711,48700000
prediction_orientation_error_deg,0,48700000
prediction_position_error_mm,14.918748289346695,48800000
prediction_orientation_error_deg,0,48800000
owd_uplink_ms,220.0362,48900000
owd_downlink_ms,218.1228,48900000
prediction_position_error_mm,13.888767920434475,48900000
prediction_orientation_error_deg,0,48900000
owd_uplink_ms,219.2073,49000000
owd_downlink_ms,224.2748,49000000
prediction_position_error_mm,18.12710426747799,49000000
prediction_orientation_error_deg,0,49000000
owd_uplink_ms,216.5402,49100000
owd_downlink_ms,221.5353,49100000
prediction_position_error_mm,12.296000495553017,49100000
prediction_orientation_error_deg,0,49100000
prediction_position_error_mm,13.455692678689957,49200000
prediction_orientation_error_deg,0,49200000
owd_uplink_ms,223.8504,49300000
owd_downlink_ms,222.0752,49300000
prediction_position_error_mm,3.9429934695363045,49300000
prediction_orientation_error_deg,0,49300000
owd_uplink_ms,223.1985,49400000
owd_downlink_ms,221.4426,49400000
owd_uplink_ms,223.3175,49400000
owd_downlink_ms,216.0597,49400000
owd_uplink_ms,216.3651,49400000
owd_downlink_ms,217.3528,49400000
prediction_position_error_mm,12.831689789891243,49400000
prediction_orientation_error_deg,0,49400000
prediction_position_error_mm,12.916811741888523,49500000
prediction_orientation_error_deg,0,49500000
owd_uplink_ms,221.2956,49600000
owd_downlink_ms,219.5847,49600000
prediction_position_error_mm,13.765201903879642,49600000
prediction_orientation_error_deg,0,49600000
owd_uplink_ms,219.4121,49700000
owd_downlink_ms,221.0709,49700000
owd_uplink_ms,218.2688,49700000
owd_downlink_ms,217.188,49700000
prediction_position_error_mm,13.402287848293781,49700000
prediction_orientation_error_deg,0,49700000
prediction_position_error_mm,14.607008546590805,49800000
prediction_orientation_error_deg,0,49800000
owd_uplink_ms,219.0766,49900000
owd_downlink_ms,221.1622,49900000
prediction_position_error_mm,13.473732396960258,49900000
prediction_orientation_error_deg,0,49900000
prediction_position_error_mm,15.01123420894146,50000000
prediction_orientation_error_deg,0,50000000
prediction_position_error_mm,0,100000
prediction_orientation_error_deg,0,100000
prediction_position_error_mm,0,200000
prediction_orientation_error_deg,0,200000
prediction_position_error_mm,0,300000
prediction_orientation_error_deg,0,300000
prediction_position_error_mm,0,400000
prediction_orientation_error_deg,0,400000
prediction_position_error_mm,0,500000
prediction_orientation_error_deg,0,500000
prediction_position_error_mm,0,600000
prediction_orientation_error_deg,0,600000
prediction_position_error_mm,0,700000
prediction_orientation_error_deg,0,700000
prediction_position_error_mm,0,800000
prediction_orientation_error_deg,0,800000
prediction_position_error_mm,0,900000
prediction_orientation_error_deg,0,900000
prediction_position_error_mm,0,1000000
prediction_orientation_error_deg,0,1000000
prediction_position_error_mm,0,1100000
prediction_orientation_error_deg,0,1100000
prediction_position_error_mm,0,1200000
prediction_orientation_error_deg,0,1200000
prediction_position_error_mm,0,1300000
prediction_orientation_error_deg,0,1300000
prediction_position_error_mm,0,1400000
prediction_orientation_error_deg,0,1400000
prediction_position_error_mm,0,1500000
prediction_orientation_error_deg,0,1500000
prediction_position_error_mm,0,1600000
prediction_orientation_error_deg,0,1600000
prediction_position_error_mm,0,1700000
prediction_orientation_error_deg,0,1700000
prediction_position_error_mm,0,1800000
prediction_orientation_error_deg,0,1800000
prediction_position_error_mm,0,1900000
prediction_orientation_error_deg,0,1900000
prediction_position_error_mm,0,2000000
prediction_orientation_error_deg,0,2000000
prediction_position_error_mm,0,2100000
prediction_orientation_error_deg,0,2100000
prediction_position_error_mm,0,2200000
prediction_orientation_error_deg,0,2200000
prediction_position_error_mm,0,2300000
prediction_orientation_error_deg,0,2300000
prediction_position_error_mm,1299.9999523162842,2400000
prediction_orientation_error_deg,0,2400000
prediction_position_error_mm,1300.0091314315796,2500000
prediction_orientation_error_deg,0,2500000
prediction_position_error_mm,1300.0091314315796,2600000
prediction_orientation_error_deg,0,2600000
prediction_position_error_mm,1300.0361919403076,2700000
prediction_orientation_error_deg,0,2700000
prediction_position_error_mm,1300.0564575195312,2800000
prediction_orientation_error_deg,0,2800000
prediction_position_error_mm,1300.0812530517578,2900000
prediction_orientation_error_deg,0,2900000
prediction_position_error_mm,1300.0812530517578,3000000
prediction_orientation_error_deg,0,3000000
prediction_position_error_mm,1300.1103401184082,3100000
prediction_orientation_error_deg,0,3100000
prediction_position_error_mm,1300.1817464828491,3200000
prediction_orientation_error_deg,0,3200000
prediction_position_error_mm,1300.1817464828491,3300000
prediction_orientation_error_deg,0,3300000
prediction_position_error_mm,1300.2238273620605,3400000
prediction_orientation_error_deg,0,3400000
prediction_position_error_mm,1300.2701997756958,3500000
prediction_orientation_error_deg,0,3500000
prediction_position_error_mm,1300.3205060958862,3600000
prediction_orientation_error_deg,0,3600000
prediction_position_error_mm,1300.4335165023804,3700000
prediction_orientation_error_deg,0,3700000
prediction_position_error_mm,1300.495982170105,3800000
prediction_orientation_error_deg,0,3800000
prediction_position_error_mm,1300.5622625350952,3900000
prediction_orientation_error_deg,0,3900000
prediction_position_error_mm,1300.5622625350952,4000000
prediction_orientation_error_deg,0,4000000
prediction_position_error_mm,1300.7055521011353,4100000
prediction_orientation_error_deg,0,4100000
prediction_position_error_mm,1300.782561302185,4200000
prediction_orientation_error_deg,0,4200000
prediction_position_error_mm,1300.782561302185,4300000
prediction_orientation_error_deg,0,4300000
prediction_position_error_mm,1300.8630275726318,4400000
prediction_orientation_error_deg,0,4400000
prediction_position_error_mm,1301.0333776474,4500000
prediction_orientation_error_deg,0,4500000
owd_uplink_ms,218.5496,4600000
owd_downlink_ms,218.5495,4600000
correction_magnitude_mm,1299.9999523162842,2374316
correction_magnitude_deg,0,2374316
prediction_position_error_mm,114.05476927757263,4600000
prediction_orientation_error_deg,0,4600000
owd_uplink_ms,215.9256,4700000
owd_downlink_ms,220.4289,4700000
correction_magnitude_mm,9.99937579035759,2479946
correction_magnitude_deg,0,2479946
owd_uplink_ms,219.7621,4700000
owd_downlink_ms,221.074,4700000
prediction_position_error_mm,108.9327484369278,4700000
prediction_orientation_error_deg,0,4700000
prediction_position_error_mm,108.9327484369278,4800000
prediction_orientation_error_deg,0,4800000
owd_uplink_ms,215.7629,4900000
owd_downlink_ms,219.3373,4900000
correction_magnitude_mm,9.995723143219948,2686054
correction_magnitude_deg,0,2686054
owd_uplink_ms,219.491,4900000
owd_downlink_ms,219.5221,4900000
prediction_position_error_mm,103.8033664226532,4900000
prediction_orientation_error_deg,0,4900000
owd_uplink_ms,215.8463,5000000
owd_downlink_ms,218.9357,5000000
prediction_position_error_mm,4.334629978984594,5000000
prediction_orientation_error_deg,0,5000000
owd_uplink_ms,218.1648,5100000
owd_downlink_ms,218.3845,5100000
prediction_position_error_mm,7.408501114696264,5100000
prediction_orientation_error_deg,0,5100000
prediction_position_error_mm,4.503849428147078,5200000
prediction_orientation_error_deg,0,5200000
owd_uplink_ms,219.7018,5300000
owd_downlink_ms,220.1238,5300000
prediction_position_error_mm,53.24772745370865,5300000
prediction_orientation_error_deg,0,5300000
owd_uplink_ms,214.6282,5400000
owd_downlink_ms,217.6551,5400000
correction_magnitude_mm,7.387891411781311,3194542
correction_magnitude_deg,0,3194542
prediction_position_error_mm,109.00522768497467,5400000
prediction_orientation_error_deg,0,5400000
owd_uplink_ms,220.6308,5500000
owd_downlink_ms,221.5329,5500000
prediction_position_error_mm,107.78263211250305,5500000
prediction_orientation_error_deg,0,5500000
owd_uplink_ms,220.7167,5600000
owd_downlink_ms,216.9713,5600000
prediction_position_error_mm,51.3351745903492,5600000
prediction_orientation_error_deg,0,5600000
owd_uplink_ms,222.2284,5700000
owd_downlink_ms,218.3673,5700000
prediction_position_error_mm,5.510867573320866,5700000
prediction_orientation_error_deg,0,5700000
prediction_position_error_mm,9.80845745652914,5800000
prediction_orientation_error_deg,0,5800000
owd_uplink_ms,222.4984,5900000
owd_downlink_ms,223.0912,5900000
owd_uplink_ms,216.2279,5900000
owd_downlink_ms,218.3186,5900000
prediction_position_error_mm,111.92085593938828,5900000
prediction_orientation_error_deg,0,5900000
owd_uplink_ms,223.9883,6000000
owd_downlink_ms,225.8147,6000000
owd_uplink_ms,218.0052,6000000
owd_downlink_ms,220.4879,6000000
prediction_position_error_mm,5.479035433381796,6000000
prediction_orientation_error_deg,0,6000000
owd_uplink_ms,217.8041,6100000
owd_downlink_ms,217.8954,6100000
prediction_position_error_mm,4.736284725368023,6100000
prediction_orientation_error_deg,0,6100000
prediction_position_error_mm,8.64760298281908,6200000
prediction_orientation_error_deg,0,6200000
owd_uplink_ms,219.553,6300000
owd_downlink_ms,218.1192,6300000
prediction_position_error_mm,9.686792269349098,6300000
prediction_orientation_error_deg,0,6300000
owd_uplink_ms,217.5478,6400000
owd_downlink_ms,221.7248,6400000
prediction_position_error_mm,105.60513287782669,6400000
prediction_orientation_error_deg,0,6400000
owd_uplink_ms,218.4844,6500000
owd_downlink_ms,222.2739,6500000
prediction_position_error_mm,4.5916130766272545,6500000
prediction_orientation_error_deg,0,6500000
prediction_position_error_mm,4.8804981634020805,6600000
prediction_orientation_error_deg,0,6600000
owd_uplink_ms,223.4743,6700000
owd_downlink_ms,220.5858,6700000
prediction_position_error_mm,52.14350298047066,6700000
prediction_orientation_error_deg,0,6700000
owd_uplink_ms,218.0325,6800000
owd_downlink_ms,220.6372,6800000
correction_magnitude_mm,7.216149941086769,4502831
correction_magnitude_deg,0,4502831
owd_uplink_ms,221.3907,6800000
owd_downlink_ms,222.1979,6800000
prediction_position_error_mm,104.39112782478333,6800000
prediction_orientation_error_deg,0,6800000
owd_uplink_ms,216.4895,6900000
owd_downlink_ms,223.6585,6900000
prediction_position_error_mm,7.321878336369991,6900000
prediction_orientation_error_deg,0,6900000
owd_uplink_ms,220.2661,7000000
owd_downlink_ms,220.8041,7000000
prediction_position_error_mm,4.956291057169437,7000000
prediction_orientation_error_deg,0,7000000
owd_uplink_ms,224.6501,7100000
owd_downlink_ms,216.5869,7100000
prediction_position_error_mm,47.21628129482269,7100000
prediction_orientation_error_deg,0,7100000
owd_uplink_ms,221.528,7200000
owd_downlink_ms,217.5425,7200000
prediction_position_error_mm,6.59493962302804,7200000
prediction_orientation_error_deg,0,7200000
prediction_position_error_mm,7.34478235244751,7300000
prediction_orientation_error_deg,0,7300000
owd_uplink_ms,223.8578,7400000
owd_downlink_ms,223.9622,7400000
owd_uplink_ms,221.6596,7400000
owd_downlink_ms,217.6117,7400000
correction_magnitude_mm,5.0551919266581535,5193484
correction_magnitude_deg,0,5193484
owd_uplink_ms,215.3807,7400000
owd_downlink_ms,218.5152,7400000
prediction_position_error_mm,97.48156368732452,7400000
prediction_orientation_error_deg,0,7400000
prediction_position_error_mm,101.91384702920914,7500000
prediction_orientation_error_deg,0,7500000
owd_uplink_ms,220.6735,7600000
owd_downlink_ms,216.5367,7600000
prediction_position_error_mm,47.18396067619324,7600000
prediction_orientation_error_deg,0,7600000
prediction_position_error_mm,49.119699746370316,7700000
prediction_orientation_error_deg,0,7700000
owd_uplink_ms,220.1785,7800000
owd_downlink_ms,224.6943,7800000
owd_uplink_ms,223.8642,7800000
owd_downlink_ms,217.0344,7800000
prediction_position_error_mm,11.35269645601511,7800000
prediction_orientation_error_deg,0,7800000
owd_uplink_ms,216.6185,7900000
owd_downlink_ms,216.9808,7900000
owd_uplink_ms,221.4582,7900000
owd_downlink_ms,220.318,7900000
prediction_position_error_mm,95.55904567241669,7900000
prediction_orientation_error_deg,0,7900000
prediction_position_error_mm,104.17388379573822,8000000
prediction_orientation_error_deg,0,8000000
prediction_position_error_mm,104.17388379573822,8100000
prediction_orientation_error_deg,0,8100000
owd_uplink_ms,221.5096,8200000
owd_downlink_ms,224.7271,8200000
owd_uplink_ms,221.6619,8200000
owd_downlink_ms,218.0538,8200000
prediction_position_error_mm,11.128326877951622,8200000
prediction_orientation_error_deg,0,8200000
prediction_position_error_mm,11.921392753720284,8300000
prediction_orientation_error_deg,0,8300000
owd_uplink_ms,223.0539,8400000
owd_downlink_ms,223.6475,8400000
owd_uplink_ms,218.4886,8400000
owd_downlink_ms,223.3275,8400000
prediction_position_error_mm,98.09686243534088,8400000
prediction_orientation_error_deg,0,8400000
prediction_position_error_mm,106.46598786115646,8500000
prediction_orientation_error_deg,0,8500000
owd_uplink_ms,220.1361,8600000
owd_downlink_ms,221.9381,8600000
prediction_position_error_mm,52.91525647044182,8600000
prediction_orientation_error_deg,0,8600000
owd_uplink_ms,224.4866,8700000
owd_downlink_ms,223.1924,8700000
owd_uplink_ms,222.1753,8700000
owd_downlink_ms,220.43,8700000
prediction_position_error_mm,112.64132708311081,8700000
prediction_orientation_error_deg,0,8700000
owd_uplink_ms,218.4322,8800000
owd_downlink_ms,221.0099,8800000
prediction_position_error_mm,100.27838498353958,8800000
prediction_orientation_error_deg,0,8800000
owd_uplink_ms,217.8067,8900000
owd_downlink_ms,223.9213,8900000
prediction_position_error_mm,4.927518777549267,8900000
prediction_orientation_error_deg,0,8900000
owd_uplink_ms,220.3216,9000000
owd_downlink_ms,218.9027,9000000
prediction_position_error_mm,48.581562936306,9000000
prediction_orientation_error_deg,0,9000000
owd_uplink_ms,219.3153,9100000
owd_downlink_ms,215.7884,9100000
correction_magnitude_mm,6.890307646244764,6897811
correction_magnitude_deg,0,6897811
owd_uplink_ms,222.4162,9100000
owd_downlink_ms,217.7624,9100000
prediction_position_error_mm,94.1457524895668,9100000
prediction_orientation_error_deg,0,9100000
owd_uplink_ms,216.4715,9200000
owd_downlink_ms,218.6085,9200000
prediction_position_error_mm,13.944913633167744,9200000
prediction_orientation_error_deg,0,9200000
prediction_position_error_mm,14.719449914991856,9300000
prediction_orientation_error_deg,0,9300000
prediction_position_error_mm,12.041668407619,9400000
prediction_orientation_error_deg,0,9400000
owd_uplink_ms,221.8678,9500000
owd_downlink_ms,221.9885,9500000
owd_uplink_ms,216.0095,9500000
owd_downlink_ms,224.0154,9500000
owd_uplink_ms,217.5286,9500000
owd_downlink_ms,217.7734,9500000
prediction_position_error_mm,7.208932191133499,9500000
prediction_orientation_error_deg,0,9500000
prediction_position_error_mm,7.922270335257053,9600000
prediction_orientation_error_deg,0,9600000
prediction_position_error_mm,11.745807714760303,9700000
prediction_orientation_error_deg,0,9700000
owd_uplink_ms,223.0981,9800000
owd_downlink_ms,221.0401,9800000
owd_uplink_ms,223.7684,9800000
owd_downlink_ms,216.6873,9800000
prediction_position_error_mm,13.252495788037777,9800000
prediction_orientation_error_deg,0,9800000
prediction_position_error_mm,14.411655254662037,9900000
prediction_orientation_error_deg,0,9900000
owd_uplink_ms,222.7831,10000000
owd_downlink_ms,220.9878,10000000
owd_uplink_ms,217.0172,10000000
owd_downlink_ms,216.5402,10000000
owd_uplink_ms,222.514,10000000
owd_downlink_ms,220.6196,10000000
prediction_position_error_mm,89.13076668977737,10000000
prediction_orientation_error_deg,0,10000000
prediction_position_error_mm,89.13076668977737,10100000
prediction_orientation_error_deg,0,10100000
owd_uplink_ms,220.5949,10200000
owd_downlink_ms,220.8092,10200000
correction_magnitude_mm,8.62298533320427,7988767
correction_magnitude_deg,0,7988767
prediction_position_error_mm,9.846635162830353,10200000
prediction_orientation_error_deg,0,10200000
owd_uplink_ms,217.8835,10300000
owd_downlink_ms,224.9842,10300000
prediction_position_error_mm,91.60732477903366,10300000
prediction_orientation_error_deg,0,10300000
owd_uplink_ms,220.948,10400000
owd_downlink_ms,217.8689,10400000
prediction_position_error_mm,43.045610189437866,10400000
prediction_orientation_error_deg,0,10400000
prediction_position_error_mm,40.8824123442173,10500000
prediction_orientation_error_deg,0,10500000
owd_uplink_ms,222.5931,10600000
owd_downlink_ms,221.9808,10600000
owd_uplink_ms,222.6774,10600000
owd_downlink_ms,218.0197,10600000
prediction_position_error_mm,11.114204302430153,10600000
prediction_orientation_error_deg,0,10600000
owd_uplink_ms,217.2268,10700000
owd_downlink_ms,216.561,10700000
owd_uplink_ms,221.3859,10700000
owd_downlink_ms,220.3604,10700000
prediction_position_error_mm,84.86092835664749,10700000
prediction_orientation_error_deg,0,10700000
prediction_position_error_mm,88.37185800075531,10800000
prediction_orientation_error_deg,0,10800000
owd_uplink_ms,217.965,10900000
owd_downlink_ms,223.2672,10900000
prediction_position_error_mm,6.390167400240898,10900000
prediction_orientation_error_deg,0,10900000
owd_uplink_ms,218.2464,11000000
owd_downlink_ms,222.9827,11000000
owd_uplink_ms,218.8654,11000000
owd_downlink_ms,216.7174,11000000
prediction_position_error_mm,14.278142713010311,11000000
prediction_orientation_error_deg,0,11000000
owd_uplink_ms,215.337,11100000
owd_downlink_ms,218.9109,11100000
prediction_position_error_mm,6.255372427403927,11100000
prediction_orientation_error_deg,0,11100000
owd_uplink_ms,218.0978,11200000
owd_downlink_ms,219.7304,11200000
prediction_position_error_mm,7.660162169486284,11200000
prediction_orientation_error_deg,0,11200000
prediction_position_error_mm,8.44729132950306,11300000
prediction_orientation_error_deg,0,11300000
owd_uplink_ms,216.5345,11400000
owd_downlink_ms,222.7938,11400000
prediction_position_error_mm,5.783661734312773,11400000
prediction_orientation_error_deg,0,11400000
prediction_position_error_mm,7.536968216300011,11500000
prediction_orientation_error_deg,0,11500000
owd_uplink_ms,224.147,11600000
owd_downlink_ms,223.154,11600000
owd_uplink_ms,224.3832,11600000
owd_downlink_ms,216.7149,11600000
correction_magnitude_mm,6.083942484110594,9398464
correction_magnitude_deg,0,9398464
prediction_position_error_mm,113.70135843753815,11600000
prediction_orientation_error_deg,0,11600000
owd_uplink_ms,215.779,11700000
owd_downlink_ms,219.7945,11700000
owd_uplink_ms,219.2251,11700000
owd_downlink_ms,216.6251,11700000
prediction_position_error_mm,12.001777067780495,11700000
prediction_orientation_error_deg,0,11700000
owd_uplink_ms,216.2846,11800000
owd_downlink_ms,216.7992,11800000
prediction_position_error_mm,9.121811017394066,11800000
prediction_orientation_error_deg,0,11800000
prediction_position_error_mm,10.000155307352543,11900000
prediction_orientation_error_deg,0,11900000
owd_uplink_ms,219.9599,12000000
owd_downlink_ms,217.8085,12000000
prediction_position_error_mm,13.724394142627716,12000000
prediction_orientation_error_deg,0,12000000
owd_uplink_ms,217.9355,12100000
owd_downlink_ms,221.0973,12100000
prediction_position_error_mm,76.24341547489166,12100000
prediction_orientation_error_deg,0,12100000
owd_uplink_ms,216.6355,12200000
owd_downlink_ms,221.7501,12200000
prediction_position_error_mm,6.933506112545729,12200000
prediction_orientation_error_deg,0,12200000
owd_uplink_ms,218.6482,12300000
owd_downlink_ms,221.476,12300000
prediction_position_error_mm,8.265887387096882,12300000
prediction_orientation_error_deg,0,12300000
owd_uplink_ms,221.294,12400000
owd_downlink_ms,216.5563,12400000
owd_uplink_ms,220.1112,12400000
owd_downlink_ms,217.7736,12400000
prediction_position_error_mm,73.45733791589737,12400000
prediction_orientation_error_deg,0,12400000
owd_uplink_ms,218.7089,12500000
owd_downlink_ms,217.4771,12500000
prediction_position_error_mm,13.33231944590807,12500000
prediction_orientation_error_deg,0,12500000
prediction_position_error_mm,16.874562948942184,12600000
prediction_orientation_error_deg,0,12600000
owd_uplink_ms,219.9278,12700000
owd_downlink_ms,221.4771,12700000
prediction_position_error_mm,11.819850653409958,12700000
prediction_orientation_error_deg,0,12700000
owd_uplink_ms,223.1973,12800000
owd_downlink_ms,217.925,12800000
owd_uplink_ms,218.6387,12800000
owd_downlink_ms,219.1256,12800000
prediction_position_error_mm,67.77027249336243,12800000
prediction_orientation_error_deg,0,12800000
owd_uplink_ms,216.2212,12900000
owd_downlink_ms,218.1181,12900000
prediction_position_error_mm,10.945024900138378,12900000
prediction_orientation_error_deg,0,12900000
prediction_position_error_mm,11.797315441071987,13000000
prediction_orientation_error_deg,0,13000000
owd_uplink_ms,219.1415,13100000
owd_downlink_ms,221.5012,13100000
owd_uplink_ms,217.024,13100000
owd_downlink_ms,217.0684,13100000
prediction_position_error_mm,12.465322390198708,13100000
prediction_orientation_error_deg,0,13100000
prediction_position_error_mm,11.410464532673359,13200000
prediction_orientation_error_deg,0,13200000
owd_uplink_ms,219.8804,13300000
owd_downlink_ms,218.5298,13300000
prediction_position_error_mm,11.61177083849907,13300000
prediction_orientation_error_deg,0,13300000
owd_uplink_ms,222.8711,13400000
owd_downlink_ms,222.4014,13400000
owd_uplink_ms,219.7271,13400000
owd_downlink_ms,218.49,13400000
prediction_position_error_mm,12.116087600588799,13400000
prediction_orientation_error_deg,0,13400000
owd_uplink_ms,217.929,13500000
owd_downlink_ms,218.2406,13500000
prediction_position_error_mm,10.59738826006651,13500000
prediction_orientation_error_deg,0,13500000
prediction_position_error_mm,11.591787450015545,13600000
prediction_orientation_error_deg,0,13600000
owd_uplink_ms,219.1304,13700000
owd_downlink_ms,223.8856,13700000
prediction_position_error_mm,8.755695074796677,13700000
prediction_orientation_error_deg,0,13700000
owd_uplink_ms,224.7544,13800000
owd_downlink_ms,219.62,13800000
prediction_position_error_mm,15.378903597593307,13800000
prediction_orientation_error_deg,0,13800000
owd_uplink_ms,219.804,13900000
owd_downlink_ms,223.7753,13900000
owd_uplink_ms,219.2611,13900000
owd_downlink_ms,218.3405,13900000
prediction_position_error_mm,11.649757623672485,13900000
prediction_orientation_error_deg,0,13900000
owd_uplink_ms,218.3413,14000000
owd_downlink_ms,217.5126,14000000
prediction_position_error_mm,13.394596055150032,14000000
prediction_orientation_error_deg,0,14000000
prediction_position_error_mm,14.395192265510559,14100000
prediction_orientation_error_deg,0,14100000
owd_uplink_ms,220.2743,14200000
owd_downlink_ms,221.6189,14200000
prediction_position_error_mm,12.68212404102087,14200000
prediction_orientation_error_deg,0,14200000
prediction_position_error_mm,13.672051019966602,14300000
prediction_orientation_error_deg,0,14300000
owd_uplink_ms,221.6203,14400000
owd_downlink_ms,221.6707,14400000
owd_uplink_ms,217.9165,14400000
owd_downlink_ms,217.6645,14400000
prediction_position_error_mm,77.61250436306,14400000
prediction_orientation_error_deg,0,14400000
owd_uplink_ms,222.0291,14500000
owd_downlink_ms,223.3853,14500000
owd_uplink_ms,216.6374,14500000
owd_downlink_ms,215.1576,14500000
prediction_position_error_mm,13.878150843083858,14500000
prediction_orientation_error_deg,0,14500000
owd_uplink_ms,215.5689,14600000
owd_downlink_ms,215.1249,14600000
prediction_position_error_mm,13.132361695170403,14600000
prediction_orientation_error_deg,0,14600000
prediction_position_error_mm,12.760745361447334,14700000
prediction_orientation_error_deg,0,14700000
owd_uplink_ms,220.6476,14800000
owd_downlink_ms,223.8572,14800000
prediction_position_error_mm,11.62846852093935,14800000
prediction_orientation_error_deg,0,14800000
owd_uplink_ms,220.1854,14900000
owd_downlink_ms,215.1853,14900000
prediction_position_error_mm,23.87237176299095,14900000
prediction_orientation_error_deg,0,14900000
prediction_position_error_mm,26.896299794316292,15000000
prediction_orientation_error_deg,0,15000000
owd_uplink_ms,221.9613,15100000
owd_downlink_ms,220.8743,15100000
owd_uplink_ms,223.0942,15100000
owd_downlink_ms,217.9764,15100000
prediction_position_error_mm,14.034398831427097,15100000
prediction_orientation_error_deg,0,15100000
owd_uplink_ms,219.4726,15200000
owd_downlink_ms,218.5023,15200000
prediction_position_error_mm,12.484078295528889,15200000
prediction_orientation_error_deg,0,15200000
owd_uplink_ms,222.4466,15300000
owd_downlink_ms,216.6794,15300000
prediction_position_error_mm,14.753365889191628,15300000
prediction_orientation_error_deg,0,15300000
prediction_position_error_mm,16.056858003139496,15400000
prediction_orientation_error_deg,0,15400000
owd_uplink_ms,221.9329,15500000
owd_downlink_ms,224.9217,15500000
owd_uplink_ms,218.7154,15500000
owd_downlink_ms,225.1474,15500000
prediction_position_error_mm,54.6213760972023,15500000
prediction_orientation_error_deg,0,15500000
owd_uplink_ms,217.1298,15600000
owd_downlink_ms,221.8249,15600000
owd_uplink_ms,215.7239,15600000
owd_downlink_ms,215.4431,15600000
prediction_position_error_mm,12.067770585417747,15600000
prediction_orientation_error_deg,0,15600000
owd_uplink_ms,217.229,15700000
owd_downlink_ms,215.4645,15700000
prediction_position_error_mm,14.004185795783997,15700000
prediction_orientation_error_deg,0,15700000
prediction_position_error_mm,14.101618900895119,15800000
prediction_orientation_error_deg,0,15800000
owd_uplink_ms,219.1221,15900000
owd_downlink_ms,221.048,15900000
prediction_position_error_mm,12.858135625720024,15900000
prediction_orientation_error_deg,0,15900000
owd_uplink_ms,220.0498,16000000
owd_downlink_ms,223.1106,16000000
prediction_position_error_mm,12.248536571860313,16000000
prediction_orientation_error_deg,0,16000000
prediction_position_error_mm,12.812529690563679,16100000
prediction_orientation_error_deg,0,16100000
owd_uplink_ms,217.5107,16200000
owd_downlink_ms,219.5254,16200000
owd_uplink_ms,224.9484,16200000
owd_downlink_ms,220.74,16200000
prediction_position_error_mm,48.39549586176872,16200000
prediction_orientation_error_deg,0,16200000
owd_uplink_ms,220.7875,16300000
owd_downlink_ms,218.4293,16300000
prediction_position_error_mm,22.446440532803535,16300000
prediction_orientation_error_deg,0,16300000
prediction_position_error_mm,21.29051648080349,16400000
prediction_orientation_error_deg,0,16400000
owd_uplink_ms,223.4524,16500000
owd_downlink_ms,223.5858,16500000
owd_uplink_ms,222.8208,16500000
owd_downlink_ms,220.246,16500000
prediction_position_error_mm,13.517729938030243,16500000
prediction_orientation_error_deg,0,16500000
owd_uplink_ms,222.3334,16600000
owd_downlink_ms,218.5643,16600000
owd_uplink_ms,216.0824,16600000
owd_downlink_ms,219.2442,16600000
prediction_position_error_mm,43.96520555019379,16600000
prediction_orientation_error_deg,0,16600000
prediction_position_error_mm,47.64316976070404,16700000
prediction_orientation_error_deg,0,16700000
owd_uplink_ms,221.9155,16800000
owd_downlink_ms,217.8029,16800000
prediction_position_error_mm,20.185140892863274,16800000
prediction_orientation_error_deg,0,16800000
owd_uplink_ms,216.7093,16900000
owd_downlink_ms,217.0551,16900000
owd_uplink_ms,219.1113,16900000
owd_downlink_ms,217.5088,16900000
prediction_position_error_mm,42.65422001481056,16900000
prediction_orientation_error_deg,0,16900000
prediction_position_error_mm,46.26663774251938,17000000
prediction_orientation_error_deg,0,17000000
prediction_position_error_mm,48.051562160253525,17100000
prediction_orientation_error_deg,0,17100000
owd_uplink_ms,219.6731,17200000
owd_downlink_ms,225.0321,17200000
prediction_position_error_mm,23.851945996284485,17200000
prediction_orientation_error_deg,0,17200000
owd_uplink_ms,220.9345,17300000
owd_downlink_ms,220.9025,17300000
owd_uplink_ms,218.4874,17300000
owd_downlink_ms,221.3289,17300000
prediction_position_error_mm,45.07974535226822,17300000
prediction_orientation_error_deg,0,17300000
owd_uplink_ms,220.2658,17400000
owd_downlink_ms,224.4911,17400000
prediction_position_error_mm,12.292610481381416,17400000
prediction_orientation_error_deg,0,17400000
prediction_position_error_mm,13.614981435239315,17500000
prediction_orientation_error_deg,0,17500000
owd_uplink_ms,222.7207,17600000
owd_downlink_ms,220.2453,17600000
owd_uplink_ms,220.2408,17600000
owd_downlink_ms,224.0781,17600000
prediction_position_error_mm,44.103436172008514,17600000
prediction_orientation_error_deg,0,17600000
owd_uplink_ms,220.0579,17700000
owd_downlink_ms,223.8553,17700000
prediction_position_error_mm,12.74253148585558,17700000
prediction_orientation_error_deg,0,17700000
owd_uplink_ms,219.3197,17800000
owd_downlink_ms,220.3076,17800000
prediction_position_error_mm,13.379978947341442,17800000
prediction_orientation_error_deg,0,17800000
owd_uplink_ms,218.3961,17900000
owd_downlink_ms,221.7926,17900000
prediction_position_error_mm,12.531216256320477,17900000
prediction_orientation_error_deg,0,17900000
owd_uplink_ms,218.9517,18000000
owd_downlink_ms,216.5235,18000000
prediction_position_error_mm,13.282681815326214,18000000
prediction_orientation_error_deg,0,18000000
owd_uplink_ms,223.4595,18100000
owd_downlink_ms,223.5348,18100000
prediction_position_error_mm,42.99343377351761,18100000
prediction_orientation_error_deg,0,18100000
prediction_position_error_mm,44.78171467781067,18200000
prediction_orientation_error_deg,0,18200000
owd_uplink_ms,226.0495,18300000
owd_downlink_ms,223.7066,18300000
owd_uplink_ms,222.6165,18300000
owd_downlink_ms,215.7359,18300000
owd_uplink_ms,216.8492,18300000
owd_downlink_ms,215.996,18300000
prediction_position_error_mm,39.033882319927216,18300000
prediction_orientation_error_deg,0,18300000
prediction_position_error_mm,40.84610193967819,18400000
prediction_orientation_error_deg,0,18400000
prediction_position_error_mm,42.66124591231346,18500000
prediction_orientation_error_deg,0,18500000
owd_uplink_ms,224.1255,18600000
owd_downlink_ms,221.1853,18600000
owd_uplink_ms,218.5362,18600000
owd_downlink_ms,223.6683,18600000
prediction_position_error_mm,40.74476286768913,18600000
prediction_orientation_error_deg,0,18600000
prediction_position_error_mm,44.43087801337242,18700000
prediction_orientation_error_deg,0,18700000
owd_uplink_ms,224.7895,18800000
owd_downlink_ms,220.3791,18800000
prediction_position_error_mm,23.99796061217785,18800000
prediction_orientation_error_deg,0,18800000
owd_uplink_ms,223.9655,18900000
owd_downlink_ms,222.8673,18900000
prediction_position_error_mm,14.811534434556961,18900000
prediction_orientation_error_deg,0,18900000
owd_uplink_ms,221.0844,19000000
owd_downlink_ms,223.011,19000000
owd_uplink_ms,219.2695,19000000
owd_downlink_ms,223.1197,19000000
prediction_position_error_mm,40.878310799598694,19000000
prediction_orientation_error_deg,0,19000000
owd_uplink_ms,224.3177,19100000
owd_downlink_ms,217.0802,19100000
prediction_position_error_mm,23.2953242957592,19100000
prediction_orientation_error_deg,0,19100000
owd_uplink_ms,220.02,19200000
owd_downlink_ms,217.5437,19200000
prediction_position_error_mm,48.13787341117859,19200000
prediction_orientation_error_deg,0,19200000
owd_uplink_ms,217.2569,19300000
owd_downlink_ms,222.0196,19300000
prediction_position_error_mm,43.23551431298256,19300000
prediction_orientation_error_deg,0,19300000
owd_uplink_ms,217.755,19400000
owd_downlink_ms,222.1639,19400000
prediction_position_error_mm,12.701603583991528,19400000
prediction_orientation_error_deg,0,19400000
owd_uplink_ms,218.471,19500000
owd_downlink_ms,223.3623,19500000
prediction_position_error_mm,13.894641771912575,19500000
prediction_orientation_error_deg,0,19500000
owd_uplink_ms,216.5263,19600000
owd_downlink_ms,220.5712,19600000
prediction_position_error_mm,12.719822116196156,19600000
prediction_orientation_error_deg,0,19600000
owd_uplink_ms,223.9654,19700000
owd_downlink_ms,214.8011,19700000
prediction_position_error_mm,13.024686835706234,19700000
prediction_orientation_error_deg,0,19700000
owd_uplink_ms,220.4131,19800000
owd_downlink_ms,221.6555,19800000
owd_uplink_ms,219.4929,19800000
owd_downlink_ms,218.1072,19800000
prediction_position_error_mm,11.884238570928574,19800000
prediction_orientation_error_deg,0,19800000
owd_uplink_ms,218.373,19900000
owd_downlink_ms,216.7349,19900000
prediction_position_error_mm,12.726375833153725,19900000
prediction_orientation_error_deg,0,19900000
prediction_position_error_mm,12.934575788676739,20000000
prediction_orientation_error_deg,0,20000000
owd_uplink_ms,218.5622,20100000
owd_downlink_ms,221.363,20100000
prediction_position_error_mm,14.030368998646736,20100000
prediction_orientation_error_deg,0,20100000
owd_uplink_ms,224.6669,20200000
owd_downlink_ms,219.7608,20200000
prediction_position_error_mm,24.38102476298809,20200000
prediction_orientation_error_deg,0,20200000
owd_uplink_ms,221.6722,20300000
owd_downlink_ms,217.5044,20300000
owd_uplink_ms,218.9751,20300000
owd_downlink_ms,220.0459,20300000
prediction_position_error_mm,42.44497790932655,20300000
prediction_orientation_error_deg,0,20300000
owd_uplink_ms,215.4049,20400000
owd_downlink_ms,218.9145,20400000
prediction_position_error_mm,11.54919620603323,20400000
prediction_orientation_error_deg,0,20400000
prediction_position_error_mm,12.656651437282562,20500000
prediction_orientation_error_deg,0,20500000
owd_uplink_ms,223.2437,20600000
owd_downlink_ms,216.6234,20600000
prediction_position_error_mm,25.33569000661373,20600000
prediction_orientation_error_deg,0,20600000
prediction_position_error_mm,26.85113251209259,20700000
prediction_orientation_error_deg,0,20700000
owd_uplink_ms,222.0493,20800000
owd_downlink_ms,225.3182,20800000
owd_uplink_ms,220.3362,20800000
owd_downlink_ms,216.4414,20800000
prediction_position_error_mm,12.305740267038345,20800000
prediction_orientation_error_deg,0,20800000
owd_uplink_ms,216.6433,20900000
owd_downlink_ms,216.4976,20900000
prediction_position_error_mm,43.43925788998604,20900000
prediction_orientation_error_deg,0,20900000
owd_uplink_ms,219.6662,21000000
owd_downlink_ms,224.1168,21000000
prediction_position_error_mm,47.62749746441841,21000000
prediction_orientation_error_deg,0,21000000
owd_uplink_ms,219.8514,21100000
owd_downlink_ms,223.8259,21100000
prediction_position_error_mm,12.615804560482502,21100000
prediction_orientation_error_deg,0,21100000
owd_uplink_ms,215.7835,21200000
owd_downlink_ms,220.0435,21200000
prediction_position_error_mm,12.680971063673496,21200000
prediction_orientation_error_deg,0,21200000
owd_uplink_ms,219.5459,21300000
owd_downlink_ms,218.168,21300000
prediction_position_error_mm,12.942726723849773,21300000
prediction_orientation_error_deg,0,21300000
owd_uplink_ms,223.0711,21400000
owd_downlink_ms,220.8388,21400000
prediction_position_error_mm,49.92067441344261,21400000
prediction_orientation_error_deg,0,21400000
owd_uplink_ms,219.8167,21500000
owd_downlink_ms,222.2015,21500000
owd_uplink_ms,218.6579,21500000
owd_downlink_ms,215.4472,21500000
prediction_position_error_mm,11.827100068330765,21500000
prediction_orientation_error_deg,0,21500000
prediction_position_error_mm,11.468002572655678,21600000
prediction_orientation_error_deg,0,21600000
owd_uplink_ms,217.2668,21700000
owd_downlink_ms,217.2836,21700000
owd_uplink_ms,222.6051,21700000
owd_downlink_ms,218.5005,21700000
prediction_position_error_mm,49.73633959889412,21700000
prediction_orientation_error_deg,0,21700000
prediction_position_error_mm,52.421290427446365,21800000
prediction_orientation_error_deg,0,21800000
prediction_position_error_mm,57.884331792593,21900000
prediction_orientation_error_deg,0,21900000
owd_uplink_ms,221.3509,22000000
owd_downlink_ms,223.7382,22000000
prediction_position_error_mm,32.31121972203255,22000000
prediction_orientation_error_deg,0,22000000
owd_uplink_ms,220.4134,22100000
owd_downlink_ms,223.0973,22100000
prediction_position_error_mm,14.25331924110651,22100000
prediction_orientation_error_deg,0,22100000
owd_uplink_ms,224.1078,22200000
owd_downlink_ms,220.6229,22200000
owd_uplink_ms,219.0252,22200000
owd_downlink_ms,222.6959,22200000
prediction_position_error_mm,57.9422265291214,22200000
prediction_orientation_error_deg,0,22200000
owd_uplink_ms,221.1943,22300000
owd_downlink_ms,219.6487,22300000
owd_uplink_ms,218.5536,22300000
owd_downlink_ms,219.7937,22300000
prediction_position_error_mm,53.57702448964119,22300000
prediction_orientation_error_deg,0,22300000
prediction_position_error_mm,56.46995082497597,22400000
prediction_orientation_error_deg,0,22400000
prediction_position_error_mm,59.39523130655289,22500000
prediction_orientation_error_deg,0,22500000
owd_uplink_ms,223.173,22600000
owd_downlink_ms,223.9801,22600000
prediction_position_error_mm,38.11061382293701,22600000
prediction_orientation_error_deg,0,22600000
owd_uplink_ms,223.2244,22700000
owd_downlink_ms,220.2827,22700000
prediction_position_error_mm,12.181971222162247,22700000
prediction_orientation_error_deg,0,22700000
owd_uplink_ms,222.4699,22800000
owd_downlink_ms,222.2843,22800000
owd_uplink_ms,221.2055,22800000
owd_downlink_ms,216.1359,22800000
prediction_position_error_mm,12.373596429824829,22800000
prediction_orientation_error_deg,0,22800000
owd_uplink_ms,220.0612,22900000
owd_downlink_ms,218.0174,22900000
prediction_position_error_mm,13.512268662452698,22900000
prediction_orientation_error_deg,0,22900000
owd_uplink_ms,222.862,23000000
owd_downlink_ms,219.0446,23000000
prediction_position_error_mm,12.639175169169903,23000000
prediction_orientation_error_deg,0,23000000
prediction_position_error_mm,11.39215100556612,23100000
prediction_orientation_error_deg,0,23100000
owd_uplink_ms,221.8151,23200000
owd_downlink_ms,225.1545,23200000
owd_uplink_ms,218.8297,23200000
owd_downlink_ms,216.7506,23200000
prediction_position_error_mm,13.338721357285976,23200000
prediction_orientation_error_deg,0,23200000
prediction_position_error_mm,11.841448955237865,23300000
prediction_orientation_error_deg,0,23300000
owd_uplink_ms,222.9357,23400000
owd_downlink_ms,225.3359,23400000
prediction_position_error_mm,16.70399121940136,23400000
prediction_orientation_error_deg,0,23400000
owd_uplink_ms,220.6065,23500000
owd_downlink_ms,224.9519,23500000
owd_uplink_ms,219.6196,23500000
owd_downlink_ms,217.4387,23500000
prediction_position_error_mm,52.93039605021477,23500000
prediction_orientation_error_deg,0,23500000
owd_uplink_ms,215.5559,23600000
owd_downlink_ms,222.8413,23600000
prediction_position_error_mm,65.21186977624893,23600000
prediction_orientation_error_deg,0,23600000
prediction_position_error_mm,71.93624973297119,23700000
prediction_orientation_error_deg,0,23700000
owd_uplink_ms,216.5796,23800000
owd_downlink_ms,219.5846,23800000
correction_magnitude_mm,5.269211251288652,21504687
correction_magnitude_deg,0,21504687
owd_uplink_ms,224.9326,23800000
owd_downlink_ms,221.0131,23800000
prediction_position_error_mm,66.71081483364105,23800000
prediction_orientation_error_deg,0,23800000
owd_uplink_ms,220.2762,23900000
owd_downlink_ms,216.9618,23900000
prediction_position_error_mm,40.38757458329201,23900000
prediction_orientation_error_deg,0,23900000
prediction_position_error_mm,39.01976719498634,24000000
prediction_orientation_error_deg,0,24000000
owd_uplink_ms,222.0241,24100000
owd_downlink_ms,222.7954,24100000
owd_uplink_ms,216.4828,24100000
owd_downlink_ms,216.4203,24100000
owd_uplink_ms,221.1534,24100000
owd_downlink_ms,219.5825,24100000
prediction_position_error_mm,69.7186216711998,24100000
prediction_orientation_error_deg,0,24100000
prediction_position_error_mm,69.7186216711998,24200000
prediction_orientation_error_deg,0,24200000
prediction_position_error_mm,76.85411721467972,24300000
prediction_orientation_error_deg,0,24300000
owd_uplink_ms,220.9424,24400000
owd_downlink_ms,221.791,24400000
prediction_position_error_mm,41.84985160827637,24400000
prediction_orientation_error_deg,0,24400000
owd_uplink_ms,217.1176,24500000
owd_downlink_ms,222.8549,24500000
owd_uplink_ms,221.0342,24500000
owd_downlink_ms,222.9758,24500000
prediction_position_error_mm,71.97326421737671,24500000
prediction_orientation_error_deg,0,24500000
prediction_position_error_mm,75.62567293643951,24600000
prediction_orientation_error_deg,0,24600000
owd_uplink_ms,221.8386,24700000
owd_downlink_ms,219.8477,24700000
owd_uplink_ms,223.1972,24700000
owd_downlink_ms,219.5292,24700000
prediction_position_error_mm,11.852000840008259,24700000
prediction_orientation_error_deg,0,24700000
prediction_position_error_mm,12.767191044986248,24800000
prediction_orientation_error_deg,0,24800000
owd_uplink_ms,217.7388,24900000
owd_downlink_ms,220.9796,24900000
owd_uplink_ms,221.8476,24900000
owd_downlink_ms,223.3413,24900000
prediction_position_error_mm,78.74833047389984,24900000
prediction_orientation_error_deg,0,24900000
prediction_position_error_mm,82.56404101848602,25000000
prediction_orientation_error_deg,0,25000000
owd_uplink_ms,223.1229,25100000
owd_downlink_ms,223.9102,25100000
correction_magnitude_mm,6.1423880979418755,22805056
correction_magnitude_deg,0,22805056
owd_uplink_ms,220.0829,25100000
owd_downlink_ms,223.9336,25100000
owd_uplink_ms,217.8623,25100000
owd_downlink_ms,216.4904,25100000
prediction_position_error_mm,10.013322345912457,25100000
prediction_orientation_error_deg,0,25100000
owd_uplink_ms,217.4511,25200000
owd_downlink_ms,215.2164,25200000
prediction_position_error_mm,6.719432305544615,25200000
prediction_orientation_error_deg,0,25200000
prediction_position_error_mm,7.492460776120424,25300000
prediction_orientation_error_deg,0,25300000
prediction_position_error_mm,8.312839083373547,25400000
prediction_orientation_error_deg,0,25400000
owd_uplink_ms,217.5478,25500000
owd_downlink_ms,220.2207,25500000
owd_uplink_ms,221.3439,25500000
owd_downlink_ms,222.3693,25500000
prediction_position_error_mm,79.3849229812622,25500000
prediction_orientation_error_deg,0,25500000
owd_uplink_ms,218.8215,25600000
owd_downlink_ms,217.8655,25600000
correction_magnitude_mm,6.5534221939742565,23408787
correction_magnitude_deg,0,23408787
prediction_position_error_mm,10.724097490310669,25600000
prediction_orientation_error_deg,0,25600000
owd_uplink_ms,222.6649,25700000
owd_downlink_ms,223.3034,25700000
prediction_position_error_mm,84.87158268690109,25700000
prediction_orientation_error_deg,0,25700000
owd_uplink_ms,219.1436,25800000
owd_downlink_ms,222.8834,25800000
prediction_position_error_mm,10.720747523009777,25800000
prediction_orientation_error_deg,0,25800000
owd_uplink_ms,219.4375,25900000
owd_downlink_ms,216.758,25900000
prediction_position_error_mm,9.915019385516644,25900000
prediction_orientation_error_deg,0,25900000
owd_uplink_ms,223.5926,26000000
owd_downlink_ms,222.4911,26000000
prediction_position_error_mm,82.97976106405258,26000000
prediction_orientation_error_deg,0,26000000
prediction_position_error_mm,91.265007853508,26100000
prediction_orientation_error_deg,0,26100000
owd_uplink_ms,223.1759,26200000
owd_downlink_ms,222.2988,26200000
correction_magnitude_mm,6.893618032336235,23908433
correction_magnitude_deg,0,23908433
owd_uplink_ms,216.9983,26200000
owd_downlink_ms,222.6487,26200000
prediction_position_error_mm,88.57645094394684,26200000
prediction_orientation_error_deg,0,26200000
owd_uplink_ms,223.1263,26300000
owd_downlink_ms,218.5516,26300000
correction_magnitude_mm,7.028493564575911,24109777
correction_magnitude_deg,0,24109777
prediction_position_error_mm,6.019042804837227,26300000
prediction_orientation_error_deg,0,26300000
owd_uplink_ms,219.6111,26400000
owd_downlink_ms,220.0584,26400000
prediction_position_error_mm,90.02535790205002,26400000
prediction_orientation_error_deg,0,26400000
prediction_position_error_mm,90.02535790205002,26500000
prediction_orientation_error_deg,0,26500000
owd_uplink_ms,219.0212,26600000
owd_downlink_ms,219.07,26600000
correction_magnitude_mm,7.162296678870916,24310396
correction_magnitude_deg,0,24310396
owd_uplink_ms,222.3088,26600000
owd_downlink_ms,221.1467,26600000
prediction_position_error_mm,91.45336598157883,26600000
prediction_orientation_error_deg,0,26600000
owd_uplink_ms,220.7267,26700000
owd_downlink_ms,218.9961,26700000
prediction_position_error_mm,47.43260145187378,26700000
prediction_orientation_error_deg,0,26700000
prediction_position_error_mm,49.93225261569023,26800000
prediction_orientation_error_deg,0,26800000
owd_uplink_ms,222.26,26900000
owd_downlink_ms,223.161,26900000
prediction_position_error_mm,11.353733018040657,26900000
prediction_orientation_error_deg,0,26900000
owd_uplink_ms,223.6951,27000000
owd_downlink_ms,221.6278,27000000
owd_uplink_ms,219.7867,27000000
owd_downlink_ms,222.3907,27000000
owd_uplink_ms,218.9583,27000000
owd_downlink_ms,215.4065,27000000
prediction_position_error_mm,4.899209830909967,27000000
prediction_orientation_error_deg,0,27000000
prediction_position_error_mm,7.257889490574598,27100000
prediction_orientation_error_deg,0,27100000
owd_uplink_ms,219.559,27200000
owd_downlink_ms,223.7172,27200000
owd_uplink_ms,219.7997,27200000
owd_downlink_ms,217.7457,27200000
prediction_position_error_mm,7.559243589639664,27200000
prediction_orientation_error_deg,0,27200000
prediction_position_error_mm,5.420946516096592,27300000
prediction_orientation_error_deg,0,27300000
owd_uplink_ms,218.7408,27400000
owd_downlink_ms,220.7559,27400000
prediction_position_error_mm,7.935946807265282,27400000
prediction_orientation_error_deg,0,27400000
prediction_position_error_mm,8.790837600827217,27500000
prediction_orientation_error_deg,0,27500000
owd_uplink_ms,223.509,27600000
owd_downlink_ms,221.6288,27600000
owd_uplink_ms,223.265,27600000
owd_downlink_ms,217.8809,27600000
prediction_position_error_mm,5.099425092339516,27600000
prediction_orientation_error_deg,0,27600000
prediction_position_error_mm,8.38464591652155,27700000
prediction_orientation_error_deg,0,27700000
owd_uplink_ms,223.3309,27800000
owd_downlink_ms,224.3721,27800000
prediction_position_error_mm,10.517733171582222,27800000
prediction_orientation_error_deg,0,27800000
owd_uplink_ms,216.8031,27900000
owd_downlink_ms,222.6756,27900000
owd_uplink_ms,223.1214,27900000
owd_downlink_ms,223.3292,27900000
owd_uplink_ms,217.1529,27900000
owd_downlink_ms,215.4344,27900000
prediction_position_error_mm,4.394263029098511,27900000
prediction_orientation_error_deg,0,27900000
prediction_position_error_mm,4.889312665909529,28000000
prediction_orientation_error_deg,0,28000000
owd_uplink_ms,220.7172,28100000
owd_downlink_ms,215.5807,28100000
owd_uplink_ms,217.4604,28100000
owd_downlink_ms,219.4477,28100000
prediction_position_error_mm,92.59188920259476,28100000
prediction_orientation_error_deg,0,28100000
prediction_position_error_mm,101.98299586772919,28200000
prediction_orientation_error_deg,0,28200000
owd_uplink_ms,218.0984,28300000
owd_downlink_ms,215.3331,28300000
correction_magnitude_mm,8.299505338072777,26099559
correction_magnitude_deg,0,26099559
prediction_position_error_mm,4.385977052152157,28300000
prediction_orientation_error_deg,0,28300000
owd_uplink_ms,223.8613,28400000
owd_downlink_ms,223.7363,28400000
prediction_position_error_mm,103.17153483629227,28400000
prediction_orientation_error_deg,0,28400000
owd_uplink_ms,219.6768,28500000
owd_downlink_ms,221.5258,28500000
prediction_position_error_mm,10.479363612830639,28500000
prediction_orientation_error_deg,0,28500000
owd_uplink_ms,222.2078,28600000
owd_downlink_ms,215.8114,28600000
prediction_position_error_mm,4.7063445672392845,28600000
prediction_orientation_error_deg,0,28600000
owd_uplink_ms,216.0604,28700000
owd_downlink_ms,222.2829,28700000
prediction_position_error_mm,100.08132457733154,28700000
prediction_orientation_error_deg,0,28700000
owd_uplink_ms,218.1365,28800000
owd_downlink_ms,215.3339,28800000
correction_magnitude_mm,8.586865849792957,26597993
correction_magnitude_deg,0,26597993
prediction_position_error_mm,6.558473221957684,28800000
prediction_orientation_error_deg,0,28800000
owd_uplink_ms,221.5661,28900000
owd_downlink_ms,222.1885,28900000
prediction_position_error_mm,101.14962607622147,28900000
prediction_orientation_error_deg,0,28900000
owd_uplink_ms,223.0153,29000000
owd_downlink_ms,217.3499,29000000
prediction_position_error_mm,52.129942923784256,29000000
prediction_orientation_error_deg,0,29000000
prediction_position_error_mm,59.66135486960411,29100000
prediction_orientation_error_deg,0,29100000
owd_uplink_ms,221.3131,29200000
owd_downlink_ms,223.5072,29200000
owd_uplink_ms,219.8984,29200000
owd_downlink_ms,217.2285,29200000
prediction_position_error_mm,8.463134989142418,29200000
prediction_orientation_error_deg,0,29200000
owd_uplink_ms,219.1679,29300000
owd_downlink_ms,218.1906,29300000
prediction_position_error_mm,94.71291303634644,29300000
prediction_orientation_error_deg,0,29300000
owd_uplink_ms,217.2899,29400000
owd_downlink_ms,223.7059,29400000
prediction_position_error_mm,103.6793664097786,29400000
prediction_orientation_error_deg,0,29400000
owd_uplink_ms,215.6501,29500000
owd_downlink_ms,221.714,29500000
prediction_position_error_mm,9.615171700716019,29500000
prediction_orientation_error_deg,0,29500000
prediction_position_error_mm,10.487883351743221,29600000
prediction_orientation_error_deg,0,29600000
owd_uplink_ms,221.663,29700000
owd_downlink_ms,222.7949,29700000
prediction_position_error_mm,63.51465731859207,29700000
prediction_orientation_error_deg,0,29700000
owd_uplink_ms,224.3561,29800000
owd_downlink_ms,224.0921,29800000
prediction_position_error_mm,11.910349130630493,29800000
prediction_orientation_error_deg,0,29800000
owd_uplink_ms,222.0128,29900000
owd_downlink_ms,221.6755,29900000
owd_uplink_ms,224.1446,29900000
owd_downlink_ms,218.0251,29900000
prediction_position_error_mm,112.14994639158249,29900000
prediction_orientation_error_deg,0,29900000
owd_uplink_ms,216.4052,30000000
owd_downlink_ms,223.0917,30000000
prediction_position_error_mm,106.43704235553741,30000000
prediction_orientation_error_deg,0,30000000
owd_uplink_ms,223.4489,30100000
owd_downlink_ms,219.1711,30100000
prediction_position_error_mm,54.7679141163826,30100000
prediction_orientation_error_deg,0,30100000
prediction_position_error_mm,62.53765523433685,30200000
prediction_orientation_error_deg,0,30200000
owd_uplink_ms,223.0145,30300000
owd_downlink_ms,224.1001,30300000
prediction_position_error_mm,8.114451542496681,30300000
prediction_orientation_error_deg,0,30300000
owd_uplink_ms,222.6962,30400000
owd_downlink_ms,220.2899,30400000
owd_uplink_ms,219.8116,30400000
owd_downlink_ms,215.7652,30400000
owd_uplink_ms,217.8587,30400000
owd_downlink_ms,220.1713,30400000
prediction_position_error_mm,103.3911257982254,30400000
prediction_orientation_error_deg,0,30400000
prediction_position_error_mm,113.60561847686768,30500000
prediction_orientation_error_deg,0,30500000
prediction_position_error_mm,113.60561847686768,30600000
prediction_orientation_error_deg,0,30600000
owd_uplink_ms,222.8269,30700000
owd_downlink_ms,222.6957,30700000
correction_magnitude_mm,9.486300870776176,28397514
correction_magnitude_deg,0,28397514
owd_uplink_ms,219.6482,30700000
owd_downlink_ms,223.8698,30700000
owd_uplink_ms,215.9957,30700000
owd_downlink_ms,217.5941,30700000
prediction_position_error_mm,7.580268196761608,30700000
prediction_orientation_error_deg,0,30700000
prediction_position_error_mm,8.125754073262215,30800000
prediction_orientation_error_deg,0,30800000
owd_uplink_ms,224.5377,30900000
owd_downlink_ms,219.0305,30900000
prediction_position_error_mm,55.32895773649216,30900000
prediction_orientation_error_deg,0,30900000
owd_uplink_ms,222.4921,31000000
owd_downlink_ms,220.1014,31000000
correction_magnitude_mm,7.244464475661516,28794918
correction_magnitude_deg,0,28794918
prediction_position_error_mm,114.04021829366684,31000000
prediction_orientation_error_deg,0,31000000
owd_uplink_ms,218.069,31100000
owd_downlink_ms,222.1642,31100000
prediction_position_error_mm,110.65337806940079,31100000
prediction_orientation_error_deg,0,31100000
owd_uplink_ms,220.2162,31200000
owd_downlink_ms,219.4467,31200000
prediction_position_error_mm,62.51267343759537,31200000
prediction_orientation_error_deg,0,31200000
owd_uplink_ms,218.0192,31300000
owd_downlink_ms,215.9975,31300000
correction_magnitude_mm,7.392700295895338,29096549
correction_magnitude_deg,0,29096549
prediction_position_error_mm,109.37490314245224,31300000
prediction_orientation_error_deg,0,31300000
owd_uplink_ms,221.7457,31400000
owd_downlink_ms,222.2415,31400000
owd_uplink_ms,215.8457,31400000
owd_downlink_ms,215.4511,31400000
prediction_position_error_mm,3.566509112715721,31400000
prediction_orientation_error_deg,0,31400000
prediction_position_error_mm,3.635414643213153,31500000
prediction_orientation_error_deg,0,31500000
owd_uplink_ms,219.7724,31600000
owd_downlink_ms,222.5565,31600000
prediction_position_error_mm,3.9943293668329716,31600000
prediction_orientation_error_deg,0,31600000
prediction_position_error_mm,8.991149254143238,31700000
prediction_orientation_error_deg,0,31700000
owd_uplink_ms,222.4154,31800000
owd_downlink_ms,222.8955,31800000
prediction_position_error_mm,61.01793795824051,31800000
prediction_orientation_error_deg,0,31800000
owd_uplink_ms,223.5531,31900000
owd_downlink_ms,221.7539,31900000
owd_uplink_ms,219.7907,31900000
owd_downlink_ms,217.6387,31900000
correction_magnitude_mm,5.039148963987827,29695817
correction_magnitude_deg,0,29695817
owd_uplink_ms,218.3496,31900000
owd_downlink_ms,217.7957,31900000
prediction_position_error_mm,107.99899697303772,31900000
prediction_orientation_error_deg,0,31900000
prediction_position_error_mm,118.49891394376755,32000000
prediction_orientation_error_deg,0,32000000
owd_uplink_ms,219.9273,32100000
owd_downlink_ms,224.1848,32100000
correction_magnitude_mm,5.015888717025518,29800446
correction_magnitude_deg,0,29800446
prediction_position_error_mm,4.331495612859726,32100000
prediction_orientation_error_deg,0,32100000
owd_uplink_ms,219.2953,32200000
owd_downlink_ms,221.8121,32200000
prediction_position_error_mm,7.592564914375544,32200000
prediction_orientation_error_deg,0,32200000
owd_uplink_ms,222.055,32300000
owd_downlink_ms,217.861,32300000
prediction_position_error_mm,62.187559902668,32300000
prediction_orientation_error_deg,0,32300000
owd_uplink_ms,219.5581,32400000
owd_downlink_ms,217.7304,32400000
correction_magnitude_mm,7.604745682328939,30196066
correction_magnitude_deg,0,30196066
prediction_position_error_mm,119.62548643350601,32400000
prediction_orientation_error_deg,0,32400000
owd_uplink_ms,222.9513,32500000
owd_downlink_ms,223.7063,32500000
prediction_position_error_mm,114.33802545070648,32500000
prediction_orientation_error_deg,0,32500000
owd_uplink_ms,221.1135,32600000
owd_downlink_ms,216.129,32600000
correction_magnitude_mm,5.089266691356897,30390780
correction_magnitude_deg,0,30390780
prediction_position_error_mm,56.53590336441994,32600000
prediction_orientation_error_deg,0,32600000
owd_uplink_ms,217.8213,32700000
owd_downlink_ms,216.9805,32700000
correction_magnitude_mm,7.619353476911783,30489729
correction_magnitude_deg,0,30489729
owd_uplink_ms,223.2703,32700000
owd_downlink_ms,217.8694,32700000
prediction_position_error_mm,109.58932340145111,32700000
prediction_orientation_error_deg,0,32700000
prediction_position_error_mm,114.87101763486862,32800000
prediction_orientation_error_deg,0,32800000
prediction_position_error_mm,120.15478312969208,32900000
prediction_orientation_error_deg,0,32900000
owd_uplink_ms,220.7928,33000000
owd_downlink_ms,222.4931,33000000
correction_magnitude_mm,10.268035344779491,30685104
correction_magnitude_deg,0,30685104
owd_uplink_ms,218.5218,33000000
owd_downlink_ms,224.7698,33000000
owd_uplink_ms,215.2915,33000000
owd_downlink_ms,218.4072,33000000
correction_magnitude_mm,5.15159172937274,30796810
correction_magnitude_deg,0,30796810
prediction_position_error_mm,6.5755583345890045,33000000
prediction_orientation_error_deg,0,33000000
prediction_position_error_mm,6.964738480746746,33100000
prediction_orientation_error_deg,0,33100000
owd_uplink_ms,222.1642,33200000
owd_downlink_ms,217.2517,33200000
prediction_position_error_mm,61.91883981227875,33200000
prediction_orientation_error_deg,0,33200000
prediction_position_error_mm,59.2585913836956,33300000
prediction_orientation_error_deg,0,33300000
owd_uplink_ms,221.4845,33400000
owd_downlink_ms,221.6861,33400000
owd_uplink_ms,222.6407,33400000
owd_downlink_ms,220.7835,33400000
correction_magnitude_mm,5.336297210305929,31188602
correction_magnitude_deg,0,31188602
prediction_position_error_mm,119.22960728406906,33400000
prediction_orientation_error_deg,0,33400000
owd_uplink_ms,217.0211,33500000
owd_downlink_ms,224.3804,33500000
owd_uplink_ms,216.8657,33500000
owd_downlink_ms,217.7803,33500000
correction_magnitude_mm,5.2025048062205315,31298945
correction_magnitude_deg,0,31298945
prediction_position_error_mm,3.511660033836961,33500000
prediction_orientation_error_deg,0,33500000
prediction_position_error_mm,3.5475243348628283,33600000
prediction_orientation_error_deg,0,33600000
owd_uplink_ms,223.2642,33700000
owd_downlink_ms,216.249,33700000
prediction_position_error_mm,55.71736767888069,33700000
prediction_orientation_error_deg,0,33700000
prediction_position_error_mm,63.55711072683334,33800000
prediction_orientation_error_deg,0,33800000
owd_uplink_ms,220.2809,33900000
owd_downlink_ms,221.3473,33900000
owd_uplink_ms,216.3025,33900000
owd_downlink_ms,216.2192,33900000
correction_magnitude_mm,5.316741764545441,31691407
correction_magnitude_deg,0,31691407
owd_uplink_ms,219.7612,33900000
owd_downlink_ms,220.5637,33900000
prediction_position_error_mm,116.06697738170624,33900000
prediction_orientation_error_deg,0,33900000
prediction_position_error_mm,116.06697738170624,34000000
prediction_orientation_error_deg,0,34000000
prediction_position_error_mm,126.6067624092102,34100000
prediction_orientation_error_deg,0,34100000
owd_uplink_ms,220.3529,34200000
owd_downlink_ms,221.9488,34200000
correction_magnitude_mm,5.241816863417625,31894406
correction_magnitude_deg,0,31894406
prediction_position_error_mm,66.82532280683517,34200000
prediction_orientation_error_deg,0,34200000
owd_uplink_ms,221.9356,34300000
owd_downlink_ms,220.8313,34300000
correction_magnitude_mm,7.943306118249893,31993026
correction_magnitude_deg,0,31993026
owd_uplink_ms,218.3637,34300000
owd_downlink_ms,224.087,34300000
prediction_position_error_mm,121.3868260383606,34300000
prediction_orientation_error_deg,0,34300000
owd_uplink_ms,222.6638,34400000
owd_downlink_ms,216.591,34400000
correction_magnitude_mm,10.524517856538296,32192588
correction_magnitude_deg,0,32192588
prediction_position_error_mm,5.208463408052921,34400000
prediction_orientation_error_deg,0,34400000
owd_uplink_ms,215.6327,34500000
owd_downlink_ms,220.9771,34500000
prediction_position_error_mm,121.3630735874176,34500000
prediction_orientation_error_deg,0,34500000
owd_uplink_ms,217.9571,34600000
owd_downlink_ms,220.8335,34600000
correction_magnitude_mm,5.269341170787811,32302864
correction_magnitude_deg,0,32302864
prediction_position_error_mm,5.076469387859106,34600000
prediction_orientation_error_deg,0,34600000
prediction_position_error_mm,2.4899179115891457,34700000
prediction_orientation_error_deg,0,34700000
owd_uplink_ms,220.3699,34800000
owd_downlink_ms,219.9175,34800000
prediction_position_error_mm,65.78867137432098,34800000
prediction_orientation_error_deg,0,34800000
owd_uplink_ms,220.7337,34900000
owd_downlink_ms,220.2365,34900000
prediction_position_error_mm,2.4997005239129066,34900000
prediction_orientation_error_deg,0,34900000
owd_uplink_ms,221.9966,35000000
owd_downlink_ms,220.981,35000000
prediction_position_error_mm,2.964834915474057,35000000
prediction_orientation_error_deg,0,35000000
owd_uplink_ms,223.981,35100000
owd_downlink_ms,223.0324,35100000
owd_uplink_ms,223.5003,35100000
owd_downlink_ms,217.5882,35100000
prediction_position_error_mm,10.421501472592354,35100000
prediction_orientation_error_deg,0,35100000
owd_uplink_ms,219.5123,35200000
owd_downlink_ms,217.1602,35200000
correction_magnitude_mm,5.0355130806565285,32988891
correction_magnitude_deg,0,32988891
prediction_position_error_mm,130.47388195991516,35200000
prediction_orientation_error_deg,0,35200000
owd_uplink_ms,217.8244,35300000
owd_downlink_ms,220.7535,35300000
owd_uplink_ms,216.377,35300000
owd_downlink_ms,220.0176,35300000
correction_magnitude_mm,5.288445390760899,33097104
correction_magnitude_deg,0,33097104
prediction_position_error_mm,4.56901453435421,35300000
prediction_orientation_error_deg,0,35300000
prediction_position_error_mm,2.260833280161023,35400000
prediction_orientation_error_deg,0,35400000
owd_uplink_ms,219.8686,35500000
owd_downlink_ms,224.3279,35500000
prediction_position_error_mm,5.895283538848162,35500000
prediction_orientation_error_deg,0,35500000
prediction_position_error_mm,6.089732516556978,35600000
prediction_orientation_error_deg,0,35600000
owd_uplink_ms,224.0416,35700000
owd_downlink_ms,221.3454,35700000
owd_uplink_ms,218.9194,35700000
owd_downlink_ms,223.7483,35700000
prediction_position_error_mm,115.14614522457123,35700000
prediction_orientation_error_deg,0,35700000
prediction_position_error_mm,125.40405988693237,35800000
prediction_orientation_error_deg,0,35800000
owd_uplink_ms,220.674,35900000
owd_downlink_ms,221.7827,35900000
correction_magnitude_mm,5.286406725645065,33606728
correction_magnitude_deg,0,33606728
owd_uplink_ms,223.8808,35900000
owd_downlink_ms,219.3515,35900000
prediction_position_error_mm,8.5855508223176,35900000
prediction_orientation_error_deg,0,35900000
owd_uplink_ms,220.7567,36000000
owd_downlink_ms,217.4527,36000000
correction_magnitude_mm,5.191686097532511,33796937
correction_magnitude_deg,0,33796937
owd_uplink_ms,217.6193,36000000
owd_downlink_ms,217.8158,36000000
prediction_position_error_mm,114.48007822036743,36000000
prediction_orientation_error_deg,0,36000000
owd_uplink_ms,215.9356,36100000
owd_downlink_ms,218.982,36100000
correction_magnitude_mm,5.27657475322485,33900991
correction_magnitude_deg,0,33900991
prediction_position_error_mm,3.109921235591173,36100000
prediction_orientation_error_deg,0,36100000
prediction_position_error_mm,3.2018874771893024,36200000
prediction_orientation_error_deg,0,36200000
owd_uplink_ms,222.5427,36300000
owd_downlink_ms,215.8498,36300000
owd_uplink_ms,214.6644,36300000
owd_downlink_ms,217.6893,36300000
prediction_position_error_mm,108.8147982954979,36300000
prediction_orientation_error_deg,0,36300000
owd_uplink_ms,216.8468,36400000
owd_downlink_ms,215.7571,36400000
correction_magnitude_mm,5.2640726789832115,34195045
correction_magnitude_deg,0,34195045
prediction_position_error_mm,4.439994227141142,36400000
prediction_orientation_error_deg,0,36400000
prediction_position_error_mm,9.558556601405144,36500000
prediction_orientation_error_deg,0,36500000
owd_uplink_ms,216.8061,36600000
owd_downlink_ms,222.698,36600000
prediction_position_error_mm,2.003474161028862,36600000
prediction_orientation_error_deg,0,36600000
owd_uplink_ms,219.2486,36700000
owd_downlink_ms,221.4583,36700000
owd_uplink_ms,219.2901,36700000
owd_downlink_ms,219.0963,36700000
prediction_position_error_mm,7.732107769697905,36700000
prediction_orientation_error_deg,0,36700000
owd_uplink_ms,215.9329,36800000
owd_downlink_ms,215.7442,36800000
prediction_position_error_mm,3.22246877476573,36800000
prediction_orientation_error_deg,0,36800000
prediction_position_error_mm,8.143704384565353,36900000
prediction_orientation_error_deg,0,36900000
owd_uplink_ms,217.2986,37000000
owd_downlink_ms,215.3594,37000000
owd_uplink_ms,220.336,37000000
owd_downlink_ms,219.0164,37000000
prediction_position_error_mm,107.13272541761398,37000000
prediction_orientation_error_deg,0,37000000
prediction_position_error_mm,112.06936836242676,37100000
prediction_orientation_error_deg,0,37100000
owd_uplink_ms,222.5526,37200000
owd_downlink_ms,216.1789,37200000
correction_magnitude_mm,5.217855330556631,34992650
correction_magnitude_deg,0,34992650
prediction_position_error_mm,51.28845199942589,37200000
prediction_orientation_error_deg,0,37200000
prediction_position_error_mm,53.44878509640694,37300000
prediction_orientation_error_deg,0,37300000
owd_uplink_ms,221.5519,37400000
owd_downlink_ms,224.3775,37400000
owd_uplink_ms,221.6094,37400000
owd_downlink_ms,218.4016,37400000
prediction_position_error_mm,8.645741268992424,37400000
prediction_orientation_error_deg,0,37400000
prediction_position_error_mm,9.223139844834805,37500000
prediction_orientation_error_deg,0,37500000
owd_uplink_ms,220.0165,37600000
owd_downlink_ms,222.5097,37600000
owd_uplink_ms,215.576,37600000
owd_downlink_ms,223.7905,37600000
prediction_position_error_mm,110.46834290027618,37600000
prediction_orientation_error_deg,0,37600000
prediction_position_error_mm,115.28650671243668,37700000
prediction_orientation_error_deg,0,37700000
owd_uplink_ms,223.1397,37800000
owd_downlink_ms,221.7519,37800000
correction_magnitude_mm,10.329480282962322,35503824
correction_magnitude_deg,0,35503824
owd_uplink_ms,219.3638,37800000
owd_downlink_ms,222.7511,37800000
owd_uplink_ms,218.5884,37800000
owd_downlink_ms,214.8624,37800000
correction_magnitude_mm,5.1477765664458275,35603400
correction_magnitude_deg,0,35603400
prediction_position_error_mm,9.369135834276676,37800000
prediction_orientation_error_deg,0,37800000
prediction_position_error_mm,10.031607933342457,37900000
prediction_orientation_error_deg,0,37900000
owd_uplink_ms,217.4722,38000000
owd_downlink_ms,215.577,38000000
prediction_position_error_mm,5.798218306154013,38000000
prediction_orientation_error_deg,0,38000000
owd_uplink_ms,222.502,38100000
owd_downlink_ms,221.2169,38100000
prediction_position_error_mm,113.31421881914139,38100000
prediction_orientation_error_deg,0,38100000
owd_uplink_ms,217.9121,38200000
owd_downlink_ms,217.5985,38200000
correction_magnitude_mm,10.207642801105976,35999034
correction_magnitude_deg,0,35999034
prediction_position_error_mm,5.9164585545659065,38200000
prediction_orientation_error_deg,0,38200000
owd_uplink_ms,221.1984,38300000
owd_downlink_ms,224.1323,38300000
prediction_position_error_mm,107.79093205928802,38300000
prediction_orientation_error_deg,0,38300000
owd_uplink_ms,224.2743,38400000
owd_downlink_ms,219.3217,38400000
correction_magnitude_mm,5.08325407281518,36196511
correction_magnitude_deg,0,36196511
prediction_position_error_mm,54.22244593501091,38400000
prediction_orientation_error_deg,0,38400000
prediction_position_error_mm,56.21130019426346,38500000
prediction_orientation_error_deg,0,38500000
owd_uplink_ms,220.7267,38600000
owd_downlink_ms,221.0561,38600000
prediction_position_error_mm,1.8090525409206748,38600000
prediction_orientation_error_deg,0,38600000
owd_uplink_ms,223.7383,38700000
owd_downlink_ms,224.3936,38700000
correction_magnitude_mm,5.003403406590223,36397743
correction_magnitude_deg,0,36397743
owd_uplink_ms,217.9144,38700000
owd_downlink_ms,224.0604,38700000
prediction_position_error_mm,110.59489101171494,38700000
prediction_orientation_error_deg,0,38700000
prediction_position_error_mm,110.59489101171494,38800000
prediction_orientation_error_deg,0,38800000
owd_uplink_ms,224.3385,38900000
owd_downlink_ms,223.1039,38900000
correction_magnitude_mm,5.023051053285599,36603881
correction_magnitude_deg,0,36603881
owd_uplink_ms,221.5319,38900000
owd_downlink_ms,217.9579,38900000
prediction_position_error_mm,10.349935851991177,38900000
prediction_orientation_error_deg,0,38900000
owd_uplink_ms,215.0814,39000000
owd_downlink_ms,215.6858,39000000
owd_uplink_ms,220.0809,39000000
owd_downlink_ms,219.5129,39000000
prediction_position_error_mm,104.1208952665329,39000000
prediction_orientation_error_deg,0,39000000
prediction_position_error_mm,108.57205092906952,39100000
prediction_orientation_error_deg,0,39100000
prediction_position_error_mm,108.57205092906952,39200000
prediction_orientation_error_deg,0,39200000
owd_uplink_ms,222.7555,39300000
owd_downlink_ms,222.049,39300000
owd_uplink_ms,220.3901,39300000
owd_downlink_ms,216.5182,39300000
prediction_position_error_mm,11.462658643722534,39300000
prediction_orientation_error_deg,0,39300000
prediction_position_error_mm,7.98414833843708,39400000
prediction_orientation_error_deg,0,39400000
owd_uplink_ms,222.8163,39500000
owd_downlink_ms,222.4476,39500000
owd_uplink_ms,220.7097,39500000
owd_downlink_ms,218.0995,39500000
prediction_position_error_mm,9.9931750446558,39500000
prediction_orientation_error_deg,0,39500000
owd_uplink_ms,221.8135,39600000
owd_downlink_ms,220.8088,39600000
prediction_position_error_mm,7.911830209195614,39600000
prediction_orientation_error_deg,0,39600000
owd_uplink_ms,219.1774,39700000
owd_downlink_ms,218.3776,39700000
prediction_position_error_mm,7.784134242683649,39700000
prediction_orientation_error_deg,0,39700000
prediction_position_error_mm,4.368460271507502,39800000
prediction_orientation_error_deg,0,39800000
owd_uplink_ms,220.7638,39900000
owd_downlink_ms,222.359,39900000
owd_uplink_ms,218.8639,39900000
owd_downlink_ms,217.0675,39900000
prediction_position_error_mm,5.257288459688425,39900000
prediction_orientation_error_deg,0,39900000
owd_uplink_ms,218.3703,40000000
owd_downlink_ms,219.117,40000000
owd_uplink_ms,220.7791,40000000
owd_downlink_ms,219.8986,40000000
prediction_position_error_mm,98.64812344312668,40000000
prediction_orientation_error_deg,0,40000000
owd_uplink_ms,218.2585,40100000
owd_downlink_ms,219.2132,40100000
prediction_position_error_mm,11.200265027582645,40100000
prediction_orientation_error_deg,0,40100000
owd_uplink_ms,217.6026,40200000
owd_downlink_ms,217.2098,40200000
prediction_position_error_mm,7.841287180781364,40200000
prediction_orientation_error_deg,0,40200000
owd_uplink_ms,214.9644,40300000
owd_downlink_ms,216.8038,40300000
prediction_position_error_mm,5.049118772149086,40300000
prediction_orientation_error_deg,0,40300000
prediction_position_error_mm,5.607515573501587,40400000
prediction_orientation_error_deg,0,40400000
owd_uplink_ms,216.0313,40500000
owd_downlink_ms,223.4746,40500000
prediction_position_error_mm,2.738532843068242,40500000
prediction_orientation_error_deg,0,40500000
owd_uplink_ms,221.3589,40600000
owd_downlink_ms,217.69,40600000
prediction_position_error_mm,10.073832236230373,40600000
prediction_orientation_error_deg,0,40600000
owd_uplink_ms,216.7244,40700000
owd_downlink_ms,220.2118,40700000
prediction_position_error_mm,98.86590391397476,40700000
prediction_orientation_error_deg,0,40700000
owd_uplink_ms,218.6039,40800000
owd_downlink_ms,220.3815,40800000
owd_uplink_ms,218.7121,40800000
owd_downlink_ms,216.0654,40800000
prediction_position_error_mm,10.89492067694664,40800000
prediction_orientation_error_deg,0,40800000
prediction_position_error_mm,15.61252772808075,40900000
prediction_orientation_error_deg,0,40900000
owd_uplink_ms,219.9132,41000000
owd_downlink_ms,221.9925,41000000
prediction_position_error_mm,5.586903542280197,41000000
prediction_orientation_error_deg,0,41000000
owd_uplink_ms,219.9225,41100000
owd_downlink_ms,215.6496,41100000
prediction_position_error_mm,40.91697558760643,41100000
prediction_orientation_error_deg,0,41100000
prediction_position_error_mm,42.40543022751808,41200000
prediction_orientation_error_deg,0,41200000
owd_uplink_ms,220.8381,41300000
owd_downlink_ms,222.9622,41300000
correction_magnitude_mm,6.5948814153671265,38998255
correction_magnitude_deg,0,38998255
owd_uplink_ms,217.8459,41300000
owd_downlink_ms,223.305,41300000
owd_uplink_ms,220.0248,41300000
owd_downlink_ms,217.3564,41300000
prediction_position_error_mm,11.178509332239628,41300000
prediction_orientation_error_deg,0,41300000
prediction_position_error_mm,15.761889517307281,41400000
prediction_orientation_error_deg,0,41400000
owd_uplink_ms,221.0361,41500000
owd_downlink_ms,216.2593,41500000
prediction_position_error_mm,39.18156400322914,41500000
prediction_orientation_error_deg,0,41500000
owd_uplink_ms,223.4472,41600000
owd_downlink_ms,219.9943,41600000
correction_magnitude_mm,6.580250337719917,39391456
correction_magnitude_deg,0,39391456
prediction_position_error_mm,117.91657656431198,41600000
prediction_orientation_error_deg,0,41600000
owd_uplink_ms,218.1532,41700000
owd_downlink_ms,221.4733,41700000
prediction_position_error_mm,91.56093001365662,41700000
prediction_orientation_error_deg,0,41700000
prediction_position_error_mm,95.11803090572357,41800000
prediction_orientation_error_deg,0,41800000
owd_uplink_ms,223.0023,41900000
owd_downlink_ms,224.5048,41900000
owd_uplink_ms,221.5535,41900000
owd_downlink_ms,217.1382,41900000
prediction_position_error_mm,14.262131415307522,41900000
prediction_orientation_error_deg,0,41900000
owd_uplink_ms,218.2203,42000000
owd_downlink_ms,217.4179,42000000
prediction_position_error_mm,108.77150297164917,42000000
prediction_orientation_error_deg,0,42000000
owd_uplink_ms,220.123,42100000
owd_downlink_ms,224.7145,42100000
prediction_position_error_mm,88.39046210050583,42100000
prediction_orientation_error_deg,0,42100000
owd_uplink_ms,218.7244,42200000
owd_downlink_ms,224.4215,42200000
prediction_position_error_mm,6.341985426843166,42200000
prediction_orientation_error_deg,0,42200000
owd_uplink_ms,218.9825,42300000
owd_downlink_ms,221.1346,42300000
prediction_position_error_mm,6.868691183626652,42300000
prediction_orientation_error_deg,0,42300000
owd_uplink_ms,224.4158,42400000
owd_downlink_ms,217.1727,42400000
prediction_position_error_mm,13.721364550292492,42400000
prediction_orientation_error_deg,0,42400000
owd_uplink_ms,217.2107,42500000
owd_downlink_ms,220.2356,42500000
owd_uplink_ms,215.5945,42500000
owd_downlink_ms,217.1341,42500000
prediction_position_error_mm,10.491769760847092,42500000
prediction_orientation_error_deg,0,42500000
prediction_position_error_mm,8.036202751100063,42600000
prediction_orientation_error_deg,0,42600000
owd_uplink_ms,218.8288,42700000
owd_downlink_ms,220.6863,42700000
prediction_position_error_mm,10.860593058168888,42700000
prediction_orientation_error_deg,0,42700000
prediction_position_error_mm,8.524187840521336,42800000
prediction_orientation_error_deg,0,42800000
owd_uplink_ms,219.7673,42900000
owd_downlink_ms,219.9109,42900000
owd_uplink_ms,224.2829,42900000
owd_downlink_ms,221.9424,42900000
owd_uplink_ms,219.0288,42900000
owd_downlink_ms,216.9008,42900000
prediction_position_error_mm,17.636805772781372,42900000
prediction_orientation_error_deg,0,42900000
owd_uplink_ms,217.4248,43000000
owd_downlink_ms,219.0136,43000000
prediction_position_error_mm,10.802813805639744,43000000
prediction_orientation_error_deg,0,43000000
prediction_position_error_mm,11.57933846116066,43100000
prediction_orientation_error_deg,0,43100000
owd_uplink_ms,223.5352,43200000
owd_downlink_ms,218.0055,43200000
owd_uplink_ms,218.9501,43200000
owd_downlink_ms,219.6581,43200000
prediction_position_error_mm,72.14897871017456,43200000
prediction_orientation_error_deg,0,43200000
prediction_position_error_mm,75.14122873544693,43300000
prediction_orientation_error_deg,0,43300000
owd_uplink_ms,220.7388,43400000
owd_downlink_ms,218.7003,43400000
prediction_position_error_mm,34.55568104982376,43400000
prediction_orientation_error_deg,0,43400000
owd_uplink_ms,221.8369,43500000
owd_downlink_ms,217.6313,43500000
correction_magnitude_mm,5.692875478416681,41288235
correction_magnitude_deg,0,41288235
prediction_position_error_mm,103.13908755779266,43500000
prediction_orientation_error_deg,0,43500000
owd_uplink_ms,218.5253,43600000
owd_downlink_ms,225.0412,43600000
prediction_position_error_mm,75.34302771091461,43600000
prediction_orientation_error_deg,0,43600000
owd_uplink_ms,223.5691,43700000
owd_downlink_ms,216.3273,43700000
prediction_position_error_mm,31.47086128592491,43700000
prediction_orientation_error_deg,0,43700000
prediction_position_error_mm,32.26446732878685,43800000
prediction_orientation_error_deg,0,43800000
owd_uplink_ms,221.971,43900000
owd_downlink_ms,223.7121,43900000
prediction_position_error_mm,9.638193063437939,43900000
prediction_orientation_error_deg,0,43900000
owd_uplink_ms,218.2539,44000000
owd_downlink_ms,223.2698,44000000
owd_uplink_ms,222.3507,44000000
owd_downlink_ms,224.4442,44000000
owd_uplink_ms,219.0019,44000000
owd_downlink_ms,216.5409,44000000
prediction_position_error_mm,15.600945800542831,44000000
prediction_orientation_error_deg,0,44000000
prediction_position_error_mm,14.058082364499569,44100000
prediction_orientation_error_deg,0,44100000
prediction_position_error_mm,17.713697627186775,44200000
prediction_orientation_error_deg,0,44200000
owd_uplink_ms,221.0895,44300000
owd_downlink_ms,223.4889,44300000
prediction_position_error_mm,29.772765934467316,44300000
prediction_orientation_error_deg,0,44300000
owd_uplink_ms,222.5076,44400000
owd_downlink_ms,220.868,44400000
correction_magnitude_mm,5.224434658885002,42096267
correction_magnitude_deg,0,42096267
owd_uplink_ms,218.3474,44400000
owd_downlink_ms,223.2678,44400000
prediction_position_error_mm,65.24480879306793,44400000
prediction_orientation_error_deg,0,44400000
owd_uplink_ms,223.3801,44500000
owd_downlink_ms,217.6038,44500000
correction_magnitude_mm,6.7655174061656,42295197
correction_magnitude_deg,0,42295197
prediction_position_error_mm,14.098800718784332,44500000
prediction_orientation_error_deg,0,44500000
owd_uplink_ms,219.7102,44600000
owd_downlink_ms,222.1331,44600000
owd_uplink_ms,219.051,44600000
owd_downlink_ms,218.0403,44600000
prediction_position_error_mm,11.824758723378181,44600000
prediction_orientation_error_deg,0,44600000
prediction_position_error_mm,12.873392552137375,44700000
prediction_orientation_error_deg,0,44700000
owd_uplink_ms,221.049,44800000
owd_downlink_ms,216.5285,44800000
owd_uplink_ms,216.4566,44800000
owd_downlink_ms,219.504,44800000
prediction_position_error_mm,58.21390077471733,44800000
prediction_orientation_error_deg,0,44800000
prediction_position_error_mm,62.7266988158226,44900000
prediction_orientation_error_deg,0,44900000
owd_uplink_ms,223.4616,45000000
owd_downlink_ms,219.3873,45000000
correction_magnitude_mm,6.361805368214846,42790031
correction_magnitude_deg,0,42790031
prediction_position_error_mm,15.83828590810299,45000000
prediction_orientation_error_deg,0,45000000
owd_uplink_ms,219.2054,45100000
owd_downlink_ms,223.2458,45100000
prediction_position_error_mm,60.69248169660568,45100000
prediction_orientation_error_deg,0,45100000
owd_uplink_ms,222.1484,45200000
owd_downlink_ms,218.4098,45200000
prediction_position_error_mm,22.320199757814407,45200000
prediction_orientation_error_deg,0,45200000
owd_uplink_ms,219.267,45300000
owd_downlink_ms,219.2646,45300000
prediction_position_error_mm,9.50528122484684,45300000
prediction_orientation_error_deg,0,45300000
prediction_position_error_mm,12.551440857350826,45400000
prediction_orientation_error_deg,0,45400000
owd_uplink_ms,219.9665,45500000
owd_downlink_ms,221.1719,45500000
owd_uplink_ms,220.3848,45500000
owd_downlink_ms,218.4922,45500000
prediction_position_error_mm,11.331657879054546,45500000
prediction_orientation_error_deg,0,45500000
owd_uplink_ms,220.3081,45600000
owd_downlink_ms,219.1786,45600000
prediction_position_error_mm,80.74367791414261,45600000
prediction_orientation_error_deg,0,45600000
owd_uplink_ms,215.45,45700000
owd_downlink_ms,222.9489,45700000
owd_uplink_ms,217.2671,45700000
owd_downlink_ms,219.276,45700000
prediction_position_error_mm,10.007080622017384,45700000
prediction_orientation_error_deg,0,45700000
owd_uplink_ms,215.9439,45800000
owd_downlink_ms,219.1898,45800000
prediction_position_error_mm,9.093825705349445,45800000
prediction_orientation_error_deg,0,45800000
prediction_position_error_mm,11.775322258472443,45900000
prediction_orientation_error_deg,0,45900000
owd_uplink_ms,218.9826,46000000
owd_downlink_ms,219.7385,46000000
owd_uplink_ms,219.6948,46000000
owd_downlink_ms,219.47,46000000
prediction_position_error_mm,11.753703467547894,46000000
prediction_orientation_error_deg,0,46000000
prediction_position_error_mm,12.845874764025211,46100000
prediction_orientation_error_deg,0,46100000
prediction_position_error_mm,13.987523503601551,46200000
prediction_orientation_error_deg,0,46200000
owd_uplink_ms,222.8452,46300000
owd_downlink_ms,223.3563,46300000
owd_uplink_ms,216.343,46300000
owd_downlink_ms,214.717,46300000
owd_uplink_ms,223.4028,46300000
owd_downlink_ms,219.6116,46300000
prediction_position_error_mm,43.887969106435776,46300000
prediction_orientation_error_deg,0,46300000
prediction_position_error_mm,46.96712642908096,46400000
prediction_orientation_error_deg,0,46400000
prediction_position_error_mm,48.43311756849289,46500000
prediction_orientation_error_deg,0,46500000
owd_uplink_ms,223.4703,46600000
owd_downlink_ms,223.4474,46600000
owd_uplink_ms,220.0546,46600000
owd_downlink_ms,218.1824,46600000
prediction_position_error_mm,13.399573974311352,46600000
prediction_orientation_error_deg,0,46600000
owd_uplink_ms,214.9961,46700000
owd_downlink_ms,217.0586,46700000
prediction_position_error_mm,64.92891162633896,46700000
prediction_orientation_error_deg,0,46700000
owd_uplink_ms,221.1713,46800000
owd_downlink_ms,223.1107,46800000
prediction_position_error_mm,41.27797484397888,46800000
prediction_orientation_error_deg,0,46800000
owd_uplink_ms,219.1454,46900000
owd_downlink_ms,221.4633,46900000
prediction_position_error_mm,12.879318557679653,46900000
prediction_orientation_error_deg,0,46900000
owd_uplink_ms,219.5922,47000000
owd_downlink_ms,223.0892,47000000
prediction_position_error_mm,12.09043338894844,47000000
prediction_orientation_error_deg,0,47000000
owd_uplink_ms,222.8372,47100000
owd_downlink_ms,217.9098,47100000
owd_uplink_ms,217.9109,47100000
owd_downlink_ms,218.7282,47100000
prediction_position_error_mm,35.88152304291725,47100000
prediction_orientation_error_deg,0,47100000
prediction_position_error_mm,38.174763321876526,47200000
prediction_orientation_error_deg,0,47200000
owd_uplink_ms,219.2176,47300000
owd_downlink_ms,216.4769,47300000
prediction_position_error_mm,14.753192663192749,47300000
prediction_orientation_error_deg,0,47300000
owd_uplink_ms,223.7209,47400000
owd_downlink_ms,222.378,47400000
prediction_position_error_mm,34.92498770356178,47400000
prediction_orientation_error_deg,0,47400000
owd_uplink_ms,218.9437,47500000
owd_downlink_ms,215.7596,47500000
prediction_position_error_mm,14.419358223676682,47500000
prediction_orientation_error_deg,0,47500000
owd_uplink_ms,221.658,47600000
owd_downlink_ms,224.1696,47600000
prediction_position_error_mm,32.789021730422974,47600000
prediction_orientation_error_deg,0,47600000
owd_uplink_ms,215.6018,47700000
owd_downlink_ms,217.2649,47700000
prediction_position_error_mm,13.466188684105873,47700000
prediction_orientation_error_deg,0,47700000
owd_uplink_ms,222.456,47800000
owd_downlink_ms,221.6335,47800000
prediction_position_error_mm,30.647076666355133,47800000
prediction_orientation_error_deg,0,47800000
owd_uplink_ms,219.4076,47900000
owd_downlink_ms,219.8701,47900000
prediction_position_error_mm,13.985050842165947,47900000
prediction_orientation_error_deg,0,47900000
owd_uplink_ms,221.1097,48000000
owd_downlink_ms,221.0731,48000000
owd_uplink_ms,219.3363,48000000
owd_downlink_ms,217.5047,48000000
prediction_position_error_mm,14.325215481221676,48000000
prediction_orientation_error_deg,0,48000000
prediction_position_error_mm,14.852555468678474,48100000
prediction_orientation_error_deg,0,48100000
owd_uplink_ms,219.9311,48200000
owd_downlink_ms,218.9905,48200000
prediction_position_error_mm,13.559681363403797,48200000
prediction_orientation_error_deg,0,48200000
owd_uplink_ms,218.9886,48300000
owd_downlink_ms,220.487,48300000
prediction_position_error_mm,25.283580645918846,48300000
prediction_orientation_error_deg,0,48300000
owd_uplink_ms,219.2438,48400000
owd_downlink_ms,224.5653,48400000
owd_uplink_ms,216.7926,48400000
owd_downlink_ms,215.6881,48400000
prediction_position_error_mm,13.696820475161076,48400000
prediction_orientation_error_deg,0,48400000
prediction_position_error_mm,14.421752654016018,48500000
prediction_orientation_error_deg,0,48500000
owd_uplink_ms,216.155,48600000
owd_downlink_ms,214.898,48600000
owd_uplink_ms,223.1532,48600000
owd_downlink_ms,216.7506,48600000
prediction_position_error_mm,21.015560254454613,48600000
prediction_orientation_error_deg,0,48600000
owd_uplink_ms,215.8543,48700000
owd_downlink_ms,217.6577,48700000
prediction_position_error_mm,15.191041864454746,48700000
prediction_orientation_error_deg,0,48700000
prediction_position_error_mm,16.403982415795326,48800000
prediction_orientation_error_deg,0,48800000
prediction_position_error_mm,17.66902394592762,48900000
prediction_orientation_error_deg,0,48900000
owd_uplink_ms,223.4039,49000000
owd_downlink_ms,223.198,49000000
owd_uplink_ms,223.1727,49000000
owd_downlink_ms,216.3511,49000000
prediction_position_error_mm,15.703819692134857,49000000
prediction_orientation_error_deg,0,49000000
prediction_position_error_mm,17.062116414308548,49100000
prediction_orientation_error_deg,0,49100000
owd_uplink_ms,221.4018,49200000
owd_downlink_ms,224.156,49200000
owd_uplink_ms,221.3941,49200000
owd_downlink_ms,218.7883,49200000
prediction_position_error_mm,14.000519178807735,49200000
prediction_orientation_error_deg,0,49200000
owd_uplink_ms,220.4232,49300000
owd_downlink_ms,219.4725,49300000
prediction_position_error_mm,13.47292773425579,49300000
prediction_orientation_error_deg,0,49300000
owd_uplink_ms,216.0673,49400000
owd_downlink_ms,220.208,49400000
prediction_position_error_mm,36.296285688877106,49400000
prediction_orientation_error_deg,0,49400000
owd_uplink_ms,222.0183,49500000
owd_downlink_ms,222.8233,49500000
prediction_position_error_mm,12.916811741888523,49500000
prediction_orientation_error_deg,0,49500000
prediction_position_error_mm,12.916811741888523,49600000
prediction_orientation_error_deg,0,49600000
owd_uplink_ms,223.0381,49700000
owd_downlink_ms,224.0598,49700000
owd_uplink_ms,219.6334,49700000
owd_downlink_ms,216.6406,49700000
owd_uplink_ms,215.8681,49700000
owd_downlink_ms,217.8898,49700000
prediction_position_error_mm,10.073496960103512,49700000
prediction_orientation_error_deg,0,49700000
prediction_position_error_mm,10.129121132194996,49800000
prediction_orientation_error_deg,0,49800000
owd_uplink_ms,219.7019,49900000
owd_downlink_ms,216.4922,49900000
prediction_position_error_mm,5.001377779990435,49900000
prediction_orientation_error_deg,0,49900000
owd_uplink_ms,219.3477,50000000
owd_downlink_ms,216.755,50000000
prediction_position_error_mm,14.207358472049236,50000000
prediction_orientation_error_deg,0,50000000
prediction_position_error_mm,0,100000
prediction_orientation_error_deg,0,100000
prediction_position_error_mm,0,200000
prediction_orientation_error_deg,0,200000
prediction_position_error_mm,0,300000
prediction_orientation_error_deg,0,300000
prediction_position_error_mm,0,400000
prediction_orientation_error_deg,0,400000
prediction_position_error_mm,0,500000
prediction_orientation_error_deg,0,500000
prediction_position_error_mm,0,600000
prediction_orientation_error_deg,0,600000
prediction_position_error_mm,0,700000
prediction_orientation_error_deg,0,700000
prediction_position_error_mm,0,800000
prediction_orientation_error_deg,0,800000
prediction_position_error_mm,0,900000
prediction_orientation_error_deg,0,900000
prediction_position_error_mm,0,1000000
prediction_orientation_error_deg,0,1000000
prediction_position_error_mm,0,1100000
prediction_orientation_error_deg,0,1100000
prediction_position_error_mm,0,1200000
prediction_orientation_error_deg,0,1200000
prediction_position_error_mm,0,1300000
prediction_orientation_error_deg,0,1300000
prediction_position_error_mm,0,1400000
prediction_orientation_error_deg,0,1400000
prediction_position_error_mm,0,1500000
prediction_orientation_error_deg,0,1500000
prediction_position_error_mm,0,1600000
prediction_orientation_error_deg,0,1600000
prediction_position_error_mm,0,1700000
prediction_orientation_error_deg,0,1700000
prediction_position_error_mm,0,1800000
prediction_orientation_error_deg,0,1800000
prediction_position_error_mm,0,1900000
prediction_orientation_error_deg,0,1900000
prediction_position_error_mm,0,2000000
prediction_orientation_error_deg,0,2000000
prediction_position_error_mm,0,2100000
prediction_orientation_error_deg,0,2100000
prediction_position_error_mm,0,2200000
prediction_orientation_error_deg,0,2200000
prediction_position_error_mm,1299.9999523162842,2300000
prediction_orientation_error_deg,0,2300000
prediction_position_error_mm,1299.9999523162842,2400000
prediction_orientation_error_deg,0,2400000
prediction_position_error_mm,1300.0091314315796,2500000
prediction_orientation_error_deg,0,2500000
prediction_position_error_mm,1300.020456314087,2600000
prediction_orientation_error_deg,0,2600000
prediction_position_error_mm,1300.0361919403076,2700000
prediction_orientation_error_deg,0,2700000
prediction_position_error_mm,1300.0564575195312,2800000
prediction_orientation_error_deg,0,2800000
prediction_position_error_mm,1300.0812530517578,2900000
prediction_orientation_error_deg,0,2900000
prediction_position_error_mm,1300.1103401184082,3000000
prediction_orientation_error_deg,0,3000000
prediction_position_error_mm,1300.143837928772,3100000
prediction_orientation_error_deg,0,3100000
prediction_position_error_mm,1300.1817464828491,3200000
prediction_orientation_error_deg,0,3200000
prediction_position_error_mm,1300.2238273620605,3300000
prediction_orientation_error_deg,0,3300000
prediction_position_error_mm,1300.2701997756958,3400000
prediction_orientation_error_deg,0,3400000
prediction_position_error_mm,1300.2701997756958,3500000
prediction_orientation_error_deg,0,3500000
prediction_position_error_mm,1300.3751039505005,3600000
prediction_orientation_error_deg,0,3600000
prediction_position_error_mm,1300.4335165023804,3700000
prediction_orientation_error_deg,0,3700000
prediction_position_error_mm,1300.495982170105,3800000
prediction_orientation_error_deg,0,3800000
prediction_position_error_mm,1300.5622625350952,3900000
prediction_orientation_error_deg,0,3900000
prediction_position_error_mm,1300.5622625350952,4000000
prediction_orientation_error_deg,0,4000000
prediction_position_error_mm,1300.632119178772,4100000
prediction_orientation_error_deg,0,4100000
prediction_position_error_mm,1300.7055521011353,4200000
prediction_orientation_error_deg,0,4200000
prediction_position_error_mm,1300.782561302185,4300000
prediction_orientation_error_deg,0,4300000
prediction_position_error_mm,1300.8630275726318,4400000
prediction_orientation_error_deg,0,4400000
prediction_position_error_mm,1300.946593284607,4500000
prediction_orientation_error_deg,0,4500000
owd_uplink_ms,220.1553,4600000
owd_downlink_ms,220.1554,4600000
correction_magnitude_mm,1299.9999523162842,2341742
correction_magnitude_deg,0,2341742
prediction_position_error_mm,109.17255282402039,4600000
prediction_orientation_error_deg,0,4600000
owd_uplink_ms,224.9448,4700000
owd_downlink_ms,213.0952,4700000
correction_magnitude_mm,9.99937579035759,2526929
correction_magnitude_deg,0,2526929
owd_uplink_ms,220.3195,4700000
owd_downlink_ms,213.9446,4700000
prediction_position_error_mm,104.06068712472916,4700000
prediction_orientation_error_deg,0,4700000
owd_uplink_ms,220.6818,4800000
owd_downlink_ms,217.4387,4800000
prediction_position_error_mm,15.856996178627014,4800000
prediction_orientation_error_deg,0,4800000
prediction_position_error_mm,16.753898933529854,4900000
prediction_orientation_error_deg,0,4900000
owd_uplink_ms,219.6554,5000000
owd_downlink_ms,221.433,5000000
prediction_position_error_mm,4.784575197845697,5000000
prediction_orientation_error_deg,0,5000000
owd_uplink_ms,219.7432,5100000
owd_downlink_ms,220.5383,5100000
owd_uplink_ms,219.0464,5100000
owd_downlink_ms,217.6618,5100000
prediction_position_error_mm,8.233771659433842,5100000
prediction_orientation_error_deg,0,5100000
owd_uplink_ms,220.0992,5200000
owd_downlink_ms,214.1848,5200000
prediction_position_error_mm,10.646938346326351,5200000
prediction_orientation_error_deg,0,5200000
prediction_position_error_mm,11.325716972351074,5300000
prediction_orientation_error_deg,0,5300000
owd_uplink_ms,217.2831,5400000
owd_downlink_ms,221.2526,5400000
owd_uplink_ms,218.1305,5400000
owd_downlink_ms,215.1345,5400000
prediction_position_error_mm,10.980711318552494,5400000
prediction_orientation_error_deg,0,5400000
owd_uplink_ms,217.0069,5500000
owd_downlink_ms,216.3315,5500000
prediction_position_error_mm,4.502635449171066,5500000
prediction_orientation_error_deg,0,5500000
owd_uplink_ms,217.5718,5600000
owd_downlink_ms,214.7837,5600000
prediction_position_error_mm,6.906108930706978,5600000
prediction_orientation_error_deg,0,5600000
prediction_position_error_mm,7.444096729159355,5700000
prediction_orientation_error_deg,0,5700000
owd_uplink_ms,221.6105,5800000
owd_downlink_ms,215.5359,5800000
prediction_position_error_mm,12.104601599276066,5800000
prediction_orientation_error_deg,0,5800000
owd_uplink_ms,217.8261,5900000
owd_downlink_ms,219.9126,5900000
prediction_position_error_mm,111.62415891885757,5900000
prediction_orientation_error_deg,0,5900000
owd_uplink_ms,217.8922,6000000
owd_downlink_ms,222.149,6000000
prediction_position_error_mm,5.27889933437109,6000000
prediction_orientation_error_deg,0,6000000
owd_uplink_ms,220.4934,6100000
owd_downlink_ms,219.6393,6100000
prediction_position_error_mm,9.323888458311558,6100000
prediction_orientation_error_deg,0,6100000
owd_uplink_ms,218.1495,6200000
owd_downlink_ms,220.0469,6200000
prediction_position_error_mm,6.00866787135601,6200000
prediction_orientation_error_deg,0,6200000
owd_uplink_ms,224.2281,6300000
owd_downlink_ms,215.6227,6300000
prediction_position_error_mm,48.476822674274445,6300000
prediction_orientation_error_deg,0,6300000
owd_uplink_ms,221.0585,6400000
owd_downlink_ms,219.5557,6400000
prediction_position_error_mm,6.501274183392525,6400000
prediction_orientation_error_deg,0,6400000
prediction_position_error_mm,7.033030036836863,6500000
prediction_orientation_error_deg,0,6500000
owd_uplink_ms,222.0556,6600000
owd_downlink_ms,221.8503,6600000
prediction_position_error_mm,5.726031959056854,6600000
prediction_orientation_error_deg,0,6600000
owd_uplink_ms,220.2789,6700000
owd_downlink_ms,222.4577,6700000
owd_uplink_ms,221.5099,6700000
owd_downlink_ms,216.9735,6700000
prediction_position_error_mm,7.013843860477209,6700000
prediction_orientation_error_deg,0,6700000
owd_uplink_ms,219.7273,6800000
owd_downlink_ms,216.8352,6800000
prediction_position_error_mm,5.4617770947515965,6800000
prediction_orientation_error_deg,0,6800000
owd_uplink_ms,223.0962,6900000
owd_downlink_ms,217.9013,6900000
prediction_position_error_mm,8.506487123668194,6900000
prediction_orientation_error_deg,0,6900000
owd_uplink_ms,220.4417,7000000
owd_downlink_ms,221.5029,7000000
prediction_position_error_mm,109.85776036977768,7000000
prediction_orientation_error_deg,0,7000000
owd_uplink_ms,215.9956,7100000
owd_downlink_ms,222.227,7100000
owd_uplink_ms,216.7711,7100000
owd_downlink_ms,219.3146,7100000
prediction_position_error_mm,6.385907530784607,7100000
prediction_orientation_error_deg,0,7100000
prediction_position_error_mm,6.759308744221926,7200000
prediction_orientation_error_deg,0,7200000
owd_uplink_ms,222.9122,7300000
owd_downlink_ms,220.5783,7300000
prediction_position_error_mm,52.947647869586945,7300000
prediction_orientation_error_deg,0,7300000
prediction_position_error_mm,50.499819219112396,7400000
prediction_orientation_error_deg,0,7400000
owd_uplink_ms,217.8615,7500000
owd_downlink_ms,221.9431,7500000
correction_magnitude_mm,7.063526194542646,5196060
correction_magnitude_deg,0,5196060
owd_uplink_ms,222.5363,7500000
owd_downlink_ms,223.9687,7500000
prediction_position_error_mm,106.32394999265671,7500000
prediction_orientation_error_deg,0,7500000
owd_uplink_ms,216.3601,7600000
owd_downlink_ms,222.8817,7600000
prediction_position_error_mm,4.011334851384163,7600000
prediction_orientation_error_deg,0,7600000
owd_uplink_ms,216.5719,7700000
owd_downlink_ms,216.5984,7700000
prediction_position_error_mm,9.45484172552824,7700000
prediction_orientation_error_deg,0,7700000
owd_uplink_ms,224.7067,7800000
owd_downlink_ms,221.6769,7800000
prediction_position_error_mm,105.06096482276917,7800000
prediction_orientation_error_deg,0,7800000
owd_uplink_ms,217.6492,7900000
owd_downlink_ms,223.7434,7900000
owd_uplink_ms,217.006,7900000
owd_downlink_ms,217.4821,7900000
prediction_position_error_mm,8.672650903463364,7900000
prediction_orientation_error_deg,0,7900000
prediction_position_error_mm,9.196333587169647,8000000
prediction_orientation_error_deg,0,8000000
owd_uplink_ms,223.9453,8100000
owd_downlink_ms,215.4108,8100000
prediction_position_error_mm,11.697310954332352,8100000
prediction_orientation_error_deg,0,8100000
owd_uplink_ms,217.1872,8200000
owd_downlink_ms,220.116,8200000
owd_uplink_ms,216.5323,8200000
owd_downlink_ms,215.7122,8200000
prediction_position_error_mm,10.815966874361038,8200000
prediction_orientation_error_deg,0,8200000
prediction_position_error_mm,7.859858684241772,8300000
prediction_orientation_error_deg,0,8300000
prediction_position_error_mm,12.063326314091682,8400000
prediction_orientation_error_deg,0,8400000
owd_uplink_ms,222.8415,8500000
owd_downlink_ms,221.2746,8500000
prediction_position_error_mm,52.19293385744095,8500000
prediction_orientation_error_deg,0,8500000
owd_uplink_ms,221.8636,8600000
owd_downlink_ms,223.3538,8600000
prediction_position_error_mm,5.794587079435587,8600000
prediction_orientation_error_deg,0,8600000
owd_uplink_ms,222.6603,8700000
owd_downlink_ms,220.293,8700000
owd_uplink_ms,220.3127,8700000
owd_downlink_ms,217.0382,8700000
prediction_position_error_mm,10.778989642858505,8700000
prediction_orientation_error_deg,0,8700000
prediction_position_error_mm,8.255193009972572,8800000
prediction_orientation_error_deg,0,8800000
owd_uplink_ms,220.4587,8900000
owd_downlink_ms,222.7459,8900000
owd_uplink_ms,223.6706,8900000
owd_downlink_ms,219.9599,8900000
prediction_position_error_mm,117.28866398334503,8900000
prediction_orientation_error_deg,0,8900000
owd_uplink_ms,219.0756,9000000
owd_downlink_ms,223.8837,9000000
owd_uplink_ms,216.0877,9000000
owd_downlink_ms,218.0155,9000000
prediction_position_error_mm,5.424985662102699,9000000
prediction_orientation_error_deg,0,9000000
prediction_position_error_mm,8.85641761124134,9100000
prediction_orientation_error_deg,0,9100000
owd_uplink_ms,216.1958,9200000
owd_downlink_ms,219.6717,9200000
prediction_position_error_mm,7.201807107776403,9200000
prediction_orientation_error_deg,0,9200000
owd_uplink_ms,218.8759,9300000
owd_downlink_ms,220.2723,9300000
prediction_position_error_mm,6.461946293711662,9300000
prediction_orientation_error_deg,0,9300000
owd_uplink_ms,222.4655,9400000
owd_downlink_ms,216.2499,9400000
prediction_position_error_mm,41.72694683074951,9400000
prediction_orientation_error_deg,0,9400000
prediction_position_error_mm,47.243647277355194,9500000
prediction_orientation_error_deg,0,9500000
owd_uplink_ms,224.1507,9600000
owd_downlink_ms,221.1832,9600000
correction_magnitude_mm,6.681989878416061,7296529
correction_magnitude_deg,0,7296529
owd_uplink_ms,218.6116,9600000
owd_downlink_ms,223.9907,9600000
prediction_position_error_mm,95.86053341627121,9600000
prediction_orientation_error_deg,0,9600000
owd_uplink_ms,221.0356,9700000
owd_downlink_ms,216.3517,9700000
correction_magnitude_mm,8.849851787090302,7497398
correction_magnitude_deg,0,7497398
owd_uplink_ms,215.9542,9700000
owd_downlink_ms,217.2061,9700000
prediction_position_error_mm,90.86528420448303,9700000
prediction_orientation_error_deg,0,9700000
prediction_position_error_mm,90.86528420448303,9800000
prediction_orientation_error_deg,0,9800000
owd_uplink_ms,219.6076,9900000
owd_downlink_ms,216.2252,9900000
prediction_position_error_mm,40.96142575144768,9900000
prediction_orientation_error_deg,0,9900000
prediction_position_error_mm,42.524926364421844,10000000
prediction_orientation_error_deg,0,10000000
owd_uplink_ms,215.9499,10100000
owd_downlink_ms,222.7464,10100000
correction_magnitude_mm,6.282005459070206,7803231
correction_magnitude_deg,0,7803231
owd_uplink_ms,223.0603,10100000
owd_downlink_ms,224.0459,10100000
prediction_position_error_mm,92.85692870616913,10100000
prediction_orientation_error_deg,0,10100000
prediction_position_error_mm,96.55241668224335,10200000
prediction_orientation_error_deg,0,10200000
owd_uplink_ms,222.627,10300000
owd_downlink_ms,223.5485,10300000
owd_uplink_ms,217.6473,10300000
owd_downlink_ms,216.3475,10300000
correction_magnitude_mm,6.461212877184153,8103989
correction_magnitude_deg,0,8103989
owd_uplink_ms,224.3589,10300000
owd_downlink_ms,218.0508,10300000
prediction_position_error_mm,87.33750134706497,10300000
prediction_orientation_error_deg,0,10300000
prediction_position_error_mm,87.33750134706497,10400000
prediction_orientation_error_deg,0,10400000
owd_uplink_ms,216.4385,10500000
owd_downlink_ms,217.1385,10500000
correction_magnitude_mm,8.47852323204279,8296980
correction_magnitude_deg,0,8296980
owd_uplink_ms,220.8442,10500000
owd_downlink_ms,219.7426,10500000
prediction_position_error_mm,86.11102402210236,10500000
prediction_orientation_error_deg,0,10500000
prediction_position_error_mm,89.68441933393478,10600000
prediction_orientation_error_deg,0,10600000
owd_uplink_ms,214.8689,10700000
owd_downlink_ms,215.7476,10700000
correction_magnitude_mm,8.378853090107441,8496703
correction_magnitude_deg,0,8496703
owd_uplink_ms,221.0081,10700000
owd_downlink_ms,218.5582,10700000
prediction_position_error_mm,84.86092835664749,10700000
prediction_orientation_error_deg,0,10700000
prediction_position_error_mm,84.86092835664749,10800000
prediction_orientation_error_deg,0,10800000
prediction_position_error_mm,91.85051918029785,10900000
prediction_orientation_error_deg,0,10900000
owd_uplink_ms,222.1469,11000000
owd_downlink_ms,224.8928,11000000
prediction_position_error_mm,40.192559361457825,11000000
prediction_orientation_error_deg,0,11000000
owd_uplink_ms,222.3556,11100000
owd_downlink_ms,221.5638,11100000
correction_magnitude_mm,6.173309870064259,8796085
correction_magnitude_deg,0,8796085
owd_uplink_ms,216.7059,11100000
owd_downlink_ms,223.7787,11100000
owd_uplink_ms,219.3582,11100000
owd_downlink_ms,219.4549,11100000
prediction_position_error_mm,8.769459091126919,11100000
prediction_orientation_error_deg,0,11100000
owd_uplink_ms,220.0603,11200000
owd_downlink_ms,217.4899,11200000
prediction_position_error_mm,11.603178456425667,11200000
prediction_orientation_error_deg,0,11200000
prediction_position_error_mm,12.574545107781887,11300000
prediction_orientation_error_deg,0,11300000
prediction_position_error_mm,16.423994675278664,11400000
prediction_orientation_error_deg,0,11400000
owd_uplink_ms,223.9391,11500000
owd_downlink_ms,224.2039,11500000
prediction_position_error_mm,38.43064233660698,11500000
prediction_orientation_error_deg,0,11500000
owd_uplink_ms,218.0426,11600000
owd_downlink_ms,222.8754,11600000
correction_magnitude_mm,5.828010383993387,9308202
correction_magnitude_deg,0,9308202
owd_uplink_ms,224.5919,11600000
owd_downlink_ms,223.0951,11600000
prediction_position_error_mm,79.6479880809784,11600000
prediction_orientation_error_deg,0,11600000
owd_uplink_ms,220.3299,11700000
owd_downlink_ms,216.7628,11700000
correction_magnitude_mm,7.843428291380405,9501871
correction_magnitude_deg,0,9501871
owd_uplink_ms,216.8329,11700000
owd_downlink_ms,216.8134,11700000
prediction_position_error_mm,78.29795777797699,11700000
prediction_orientation_error_deg,0,11700000
prediction_position_error_mm,81.48694783449173,11800000
prediction_orientation_error_deg,0,11800000
owd_uplink_ms,217.5921,11900000
owd_downlink_ms,221.7589,11900000
owd_uplink_ms,218.6776,11900000
owd_downlink_ms,217.8519,11900000
prediction_position_error_mm,12.771456502377987,11900000
prediction_orientation_error_deg,0,11900000
prediction_position_error_mm,13.65817990154028,12000000
prediction_orientation_error_deg,0,12000000
prediction_position_error_mm,12.136540375649929,12100000
prediction_orientation_error_deg,0,12100000
owd_uplink_ms,222.0392,12200000
owd_downlink_ms,223.0474,12200000
owd_uplink_ms,222.7952,12200000
owd_downlink_ms,218.5066,12200000
prediction_position_error_mm,11.460773646831512,12200000
prediction_orientation_error_deg,0,12200000
owd_uplink_ms,222.4373,12300000
owd_downlink_ms,218.9389,12300000
prediction_position_error_mm,98.8917425274849,12300000
prediction_orientation_error_deg,0,12300000
owd_uplink_ms,215.9411,12400000
owd_downlink_ms,222.0843,12400000
prediction_position_error_mm,77.14956998825073,12400000
prediction_orientation_error_deg,0,12400000
owd_uplink_ms,218.9264,12500000
owd_downlink_ms,221.3921,12500000
prediction_position_error_mm,10.764697566628456,12500000
prediction_orientation_error_deg,0,12500000
owd_uplink_ms,218.6871,12600000
owd_downlink_ms,220.3774,12600000
prediction_position_error_mm,9.412138722836971,12600000
prediction_orientation_error_deg,0,12600000
owd_uplink_ms,217.369,12700000
owd_downlink_ms,218.2604,12700000
prediction_position_error_mm,12.12278101593256,12700000
prediction_orientation_error_deg,0,12700000
owd_uplink_ms,222.7289,12800000
owd_downlink_ms,220.6241,12800000
prediction_position_error_mm,74.19950515031815,12800000
prediction_orientation_error_deg,0,12800000
owd_uplink_ms,219.9941,12900000
owd_downlink_ms,221.7131,12900000
owd_uplink_ms,219.1372,12900000
owd_downlink_ms,218.4453,12900000
prediction_position_error_mm,10.669588111341,12900000
prediction_orientation_error_deg,0,12900000
prediction_position_error_mm,11.665462516248226,13000000
prediction_orientation_error_deg,0,13000000
owd_uplink_ms,222.3097,13100000
owd_downlink_ms,218.2664,13100000
prediction_position_error_mm,12.496723793447018,13100000
prediction_orientation_error_deg,0,13100000
owd_uplink_ms,218.1791,13200000
owd_downlink_ms,220.5528,13200000
prediction_position_error_mm,68.49318742752075,13200000
prediction_orientation_error_deg,0,13200000
owd_uplink_ms,219.1228,13300000
owd_downlink_ms,216.3329,13300000
correction_magnitude_mm,6.881223525851965,11104610
correction_magnitude_deg,0,11104610
prediction_position_error_mm,14.143682084977627,13300000
prediction_orientation_error_deg,0,13300000
owd_uplink_ms,225.1811,13400000
owd_downlink_ms,224.0001,13400000
owd_uplink_ms,218.733,13400000
owd_downlink_ms,218.8225,13400000
prediction_position_error_mm,11.500837281346321,13400000
prediction_orientation_error_deg,0,13400000
owd_uplink_ms,218.259,13500000
owd_downlink_ms,216.1504,13500000
prediction_position_error_mm,12.453333474695683,13500000
prediction_orientation_error_deg,0,13500000
prediction_position_error_mm,15.501796267926693,13600000
prediction_orientation_error_deg,0,13600000
prediction_position_error_mm,16.57019555568695,13700000
prediction_orientation_error_deg,0,13700000
owd_uplink_ms,224.0593,13800000
owd_downlink_ms,220.5463,13800000
owd_uplink_ms,221.6439,13800000
owd_downlink_ms,217.7094,13800000
prediction_position_error_mm,14.36914224177599,13800000
prediction_orientation_error_deg,0,13800000
owd_uplink_ms,222.7718,13900000
owd_downlink_ms,218.4515,13900000
prediction_position_error_mm,92.37176924943924,13900000
prediction_orientation_error_deg,0,13900000
owd_uplink_ms,217.7068,14000000
owd_downlink_ms,221.5855,14000000
owd_uplink_ms,216.8514,14000000
owd_downlink_ms,217.4598,14000000
prediction_position_error_mm,10.920596309006214,14000000
prediction_orientation_error_deg,0,14000000
prediction_position_error_mm,13.529948890209198,14100000
prediction_orientation_error_deg,0,14100000
prediction_position_error_mm,12.992682866752148,14200000
prediction_orientation_error_deg,0,14200000
owd_uplink_ms,221.3001,14300000
owd_downlink_ms,222.6945,14300000
owd_uplink_ms,219.0218,14300000
owd_downlink_ms,217.7974,14300000
prediction_position_error_mm,82.9973965883255,14300000
prediction_orientation_error_deg,0,14300000
owd_uplink_ms,221.6276,14400000
owd_downlink_ms,225.006,14400000
prediction_position_error_mm,62.3091459274292,14400000
prediction_orientation_error_deg,0,14400000
owd_uplink_ms,218.1673,14500000
owd_downlink_ms,222.7869,14500000
owd_uplink_ms,215.9077,14500000
owd_downlink_ms,218.0103,14500000
prediction_position_error_mm,10.072845965623856,14500000
prediction_orientation_error_deg,0,14500000
prediction_position_error_mm,11.066820472478867,14600000
prediction_orientation_error_deg,0,14600000
owd_uplink_ms,216.2745,14700000
owd_downlink_ms,219.915,14700000
prediction_position_error_mm,10.263821110129356,14700000
prediction_orientation_error_deg,0,14700000
owd_uplink_ms,224.7539,14800000
owd_downlink_ms,219.5222,14800000
prediction_position_error_mm,15.210198238492012,14800000
prediction_orientation_error_deg,0,14800000
owd_uplink_ms,216.3057,14900000
owd_downlink_ms,223.0961,14900000
prediction_position_error_mm,56.511279195547104,14900000
prediction_orientation_error_deg,0,14900000
owd_uplink_ms,218.2873,15000000
owd_downlink_ms,218.0154,15000000
correction_magnitude_mm,5.782310385257006,12810507
correction_magnitude_deg,0,12810507
prediction_position_error_mm,13.234753161668777,15000000
prediction_orientation_error_deg,0,15000000
owd_uplink_ms,221.7607,15100000
owd_downlink_ms,221.2479,15100000
owd_uplink_ms,218.6535,15100000
owd_downlink_ms,218.8591,15100000
prediction_position_error_mm,12.879844754934311,15100000
prediction_orientation_error_deg,0,15100000
prediction_position_error_mm,12.773958966135979,15200000
prediction_orientation_error_deg,0,15200000
owd_uplink_ms,216.6815,15300000
owd_downlink_ms,221.2554,15300000
prediction_position_error_mm,10.987730696797371,15300000
prediction_orientation_error_deg,0,15300000
owd_uplink_ms,217.6877,15400000
owd_downlink_ms,218.5207,15400000
prediction_position_error_mm,13.062041252851486,15400000
prediction_orientation_error_deg,0,15400000
owd_uplink_ms,225.4473,15500000
owd_downlink_ms,217.575,15500000
prediction_position_error_mm,21.870700642466545,15500000
prediction_orientation_error_deg,0,15500000
owd_uplink_ms,221.9179,15600000
owd_downlink_ms,215.5675,15600000
prediction_position_error_mm,80.7865634560585,15600000
prediction_orientation_error_deg,0,15600000
owd_uplink_ms,216.2495,15700000
owd_downlink_ms,222.2387,15700000
owd_uplink_ms,215.9062,15700000
owd_downlink_ms,214.7532,15700000
prediction_position_error_mm,13.495721854269505,15700000
prediction_orientation_error_deg,0,15700000
prediction_position_error_mm,13.630582951009274,15800000
prediction_orientation_error_deg,0,15800000
prediction_position_error_mm,15.688585117459297,15900000
prediction_orientation_error_deg,0,15900000
owd_uplink_ms,221.9074,16000000
owd_downlink_ms,223.3234,16000000
prediction_position_error_mm,25.446683168411255,16000000
prediction_orientation_error_deg,0,16000000
owd_uplink_ms,223.8526,16100000
owd_downlink_ms,219.8527,16100000
prediction_position_error_mm,14.682214707136154,16100000
prediction_orientation_error_deg,0,16100000
owd_uplink_ms,221.0116,16200000
owd_downlink_ms,223.0436,16200000
owd_uplink_ms,218.8674,16200000
owd_downlink_ms,218.9566,16200000
prediction_position_error_mm,65.64933061599731,16200000
prediction_orientation_error_deg,0,16200000
owd_uplink_ms,220.6885,16300000
owd_downlink_ms,219.922,16300000
prediction_position_error_mm,47.84853756427765,16300000
prediction_orientation_error_deg,0,16300000
owd_uplink_ms,223.1676,16400000
owd_downlink_ms,216.95,16400000
owd_uplink_ms,219.5433,16400000
owd_downlink_ms,219.8417,16400000
prediction_position_error_mm,44.92234066128731,16400000
prediction_orientation_error_deg,0,16400000
prediction_position_error_mm,46.7989519238472,16500000
prediction_orientation_error_deg,0,16500000
owd_uplink_ms,221.5689,16600000
owd_downlink_ms,216.9958,16600000
owd_uplink_ms,218.1406,16600000
owd_downlink_ms,220.1127,16600000
prediction_position_error_mm,45.81315070390701,16600000
prediction_orientation_error_deg,0,16600000
owd_uplink_ms,216.1902,16700000
owd_downlink_ms,216.2285,16700000
prediction_position_error_mm,12.924671173095703,16700000
prediction_orientation_error_deg,0,16700000
owd_uplink_ms,219.2007,16800000
owd_downlink_ms,219.431,16800000
prediction_position_error_mm,12.388626113533974,16800000
prediction_orientation_error_deg,0,16800000
prediction_position_error_mm,13.51939793676138,16900000
prediction_orientation_error_deg,0,16900000
owd_uplink_ms,216.0927,17000000
owd_downlink_ms,220.7184,17000000
prediction_position_error_mm,12.090970762073994,17000000
prediction_orientation_error_deg,0,17000000
owd_uplink_ms,223.9961,17100000
owd_downlink_ms,219.6494,17100000
prediction_position_error_mm,19.962405785918236,17100000
prediction_orientation_error_deg,0,17100000
prediction_position_error_mm,20.835030823946,17200000
prediction_orientation_error_deg,0,17200000
owd_uplink_ms,223.3671,17300000
owd_downlink_ms,221.8748,17300000
owd_uplink_ms,219.9944,17300000
owd_downlink_ms,216.2877,17300000
prediction_position_error_mm,14.110864140093327,17300000
prediction_orientation_error_deg,0,17300000
prediction_position_error_mm,15.3126772493124,17400000
prediction_orientation_error_deg,0,17400000
owd_uplink_ms,214.6994,17500000
owd_downlink_ms,221.4299,17500000
owd_uplink_ms,224.2852,17500000
owd_downlink_ms,222.3581,17500000
prediction_position_error_mm,42.63127222657204,17500000
prediction_orientation_error_deg,0,17500000
prediction_position_error_mm,46.16944119334221,17600000
prediction_orientation_error_deg,0,17600000
owd_uplink_ms,223.992,17700000
owd_downlink_ms,223.589,17700000
owd_uplink_ms,223.7906,17700000
owd_downlink_ms,220.1643,17700000
prediction_position_error_mm,13.90610821545124,17700000
prediction_orientation_error_deg,0,17700000
owd_uplink_ms,220.0356,17800000
owd_downlink_ms,217.39,17800000
prediction_position_error_mm,13.58829252421856,17800000
prediction_orientation_error_deg,0,17800000
owd_uplink_ms,221.7541,17900000
owd_downlink_ms,220.2257,17900000
prediction_position_error_mm,13.42390850186348,17900000
prediction_orientation_error_deg,0,17900000
owd_uplink_ms,220.786,18000000
owd_downlink_ms,221.2984,18000000
prediction_position_error_mm,51.9820861518383,18000000
prediction_orientation_error_deg,0,18000000
owd_uplink_ms,216.9785,18100000
owd_downlink_ms,222.8426,18100000
prediction_position_error_mm,42.99343377351761,18100000
prediction_orientation_error_deg,0,18100000
owd_uplink_ms,223.338,18200000
owd_downlink_ms,219.0171,18200000
prediction_position_error_mm,13.87861929833889,18200000
prediction_orientation_error_deg,0,18200000
owd_uplink_ms,218.2115,18300000
owd_downlink_ms,222.7352,18300000
prediction_position_error_mm,42.74323955178261,18300000
prediction_orientation_error_deg,0,18300000
owd_uplink_ms,216.1269,18400000
owd_downlink_ms,223.3342,18400000
prediction_position_error_mm,12.181403115391731,18400000
prediction_orientation_error_deg,0,18400000
prediction_position_error_mm,14.157786965370178,18500000
prediction_orientation_error_deg,0,18500000
owd_uplink_ms,224.1813,18600000
owd_downlink_ms,220.7582,18600000
prediction_position_error_mm,23.72991479933262,18600000
prediction_orientation_error_deg,0,18600000
owd_uplink_ms,223.5738,18700000
owd_downlink_ms,223.0009,18700000
prediction_position_error_mm,14.675510115921497,18700000
prediction_orientation_error_deg,0,18700000
owd_uplink_ms,220.3007,18800000
owd_downlink_ms,224.8407,18800000
prediction_position_error_mm,13.387268409132957,18800000
prediction_orientation_error_deg,0,18800000
owd_uplink_ms,222.7119,18900000
owd_downlink_ms,223.1943,18900000
owd_uplink_ms,219.7314,18900000
owd_downlink_ms,224.075,18900000
prediction_position_error_mm,40.80290347337723,18900000
prediction_orientation_error_deg,0,18900000
owd_uplink_ms,217.3647,19000000
owd_downlink_ms,218.0013,19000000
prediction_position_error_mm,13.23547214269638,19000000
prediction_orientation_error_deg,0,19000000
owd_uplink_ms,223.9656,19100000
owd_downlink_ms,221.2201,19100000
prediction_position_error_mm,42.90512204170227,19100000
prediction_orientation_error_deg,0,19100000
owd_uplink_ms,216.2102,19200000
owd_downlink_ms,221.4095,19200000
prediction_position_error_mm,12.821029871702194,19200000
prediction_orientation_error_deg,0,19200000
owd_uplink_ms,222.3885,19300000
owd_downlink_ms,218.3239,19300000
prediction_position_error_mm,24.207623675465584,19300000
prediction_orientation_error_deg,0,19300000
prediction_position_error_mm,25.487465783953667,19400000
prediction_orientation_error_deg,0,19400000
owd_uplink_ms,222.9371,19500000
owd_downlink_ms,221.7634,19500000
prediction_position_error_mm,15.006031841039658,19500000
prediction_orientation_error_deg,0,19500000
owd_uplink_ms,224.469,19600000
owd_downlink_ms,222.2457,19600000
owd_uplink_ms,221.4803,19600000
owd_downlink_ms,215.8548,19600000
prediction_position_error_mm,13.363183476030827,19600000
prediction_orientation_error_deg,0,19600000
prediction_position_error_mm,14.531315304338932,19700000
prediction_orientation_error_deg,0,19700000
owd_uplink_ms,220.9328,19800000
owd_downlink_ms,221.9889,19800000
owd_uplink_ms,221.3076,19800000
owd_downlink_ms,218.1172,19800000
owd_uplink_ms,217.8794,19800000
owd_downlink_ms,220.2253,19800000
prediction_position_error_mm,42.769335210323334,19800000
prediction_orientation_error_deg,0,19800000
prediction_position_error_mm,42.769335210323334,19900000
prediction_orientation_error_deg,0,19900000
owd_uplink_ms,217.0969,20000000
owd_downlink_ms,223.454,20000000
prediction_position_error_mm,14.324314892292023,20000000
prediction_orientation_error_deg,0,20000000
owd_uplink_ms,221.8025,20100000
owd_downlink_ms,219.6216,20100000
owd_uplink_ms,219.618,20100000
owd_downlink_ms,219.8654,20100000
prediction_position_error_mm,43.84803771972656,20100000
prediction_orientation_error_deg,0,20100000
owd_uplink_ms,216.7648,20200000
owd_downlink_ms,219.4705,20200000
prediction_position_error_mm,11.555780656635761,20200000
prediction_orientation_error_deg,0,20200000
prediction_position_error_mm,12.658522464334965,20300000
prediction_orientation_error_deg,0,20300000
owd_uplink_ms,220.3216,20400000
owd_downlink_ms,224.0617,20400000
owd_uplink_ms,219.3953,20400000
owd_downlink_ms,217.526,20400000
prediction_position_error_mm,11.475106701254845,20400000
prediction_orientation_error_deg,0,20400000
prediction_position_error_mm,13.70258443057537,20500000
prediction_orientation_error_deg,0,20500000
owd_uplink_ms,216.6311,20600000
owd_downlink_ms,219.467,20600000
prediction_position_error_mm,14.185857959091663,20600000
prediction_orientation_error_deg,0,20600000
owd_uplink_ms,224.5913,20700000
owd_downlink_ms,215.4443,20700000
prediction_position_error_mm,12.873263098299503,20700000
prediction_orientation_error_deg,0,20700000
owd_uplink_ms,216.2025,20800000
owd_downlink_ms,224.0014,20800000
prediction_position_error_mm,46.572912484407425,20800000
prediction_orientation_error_deg,0,20800000
owd_uplink_ms,220.9597,20900000
owd_downlink_ms,223.6709,20900000
owd_uplink_ms,216.5652,20900000
owd_downlink_ms,216.4524,20900000
prediction_position_error_mm,12.625427916646004,20900000
prediction_orientation_error_deg,0,20900000
prediction_position_error_mm,12.220910750329494,21000000
prediction_orientation_error_deg,0,21000000
prediction_position_error_mm,13.346020132303238,21100000
prediction_orientation_error_deg,0,21100000
owd_uplink_ms,224.3777,21200000
owd_downlink_ms,219.8258,21200000
owd_uplink_ms,216.2181,21200000
owd_downlink_ms,216.541,21200000
prediction_position_error_mm,40.620725601911545,21200000
prediction_orientation_error_deg,0,21200000
owd_uplink_ms,221.272,21300000
owd_downlink_ms,222.1036,21300000
prediction_position_error_mm,49.32629317045212,21300000
prediction_orientation_error_deg,0,21300000
owd_uplink_ms,219.2516,21400000
owd_downlink_ms,219.4717,21400000
prediction_position_error_mm,11.986764147877693,21400000
prediction_orientation_error_deg,0,21400000
owd_uplink_ms,222.858,21500000
owd_downlink_ms,219.2897,21500000
prediction_position_error_mm,11.088814586400986,21500000
prediction_orientation_error_deg,0,21500000
owd_uplink_ms,216.4643,21600000
owd_downlink_ms,222.5608,21600000
prediction_position_error_mm,53.794894367456436,21600000
prediction_orientation_error_deg,0,21600000
owd_uplink_ms,216.6662,21700000
owd_downlink_ms,219.625,21700000
owd_uplink_ms,218.2674,21700000
owd_downlink_ms,215.026,21700000
prediction_position_error_mm,10.26560366153717,21700000
prediction_orientation_error_deg,0,21700000
prediction_position_error_mm,11.266866698861122,21800000
prediction_orientation_error_deg,0,21800000
prediction_position_error_mm,13.94591573625803,21900000
prediction_orientation_error_deg,0,21900000
owd_uplink_ms,224.3924,22000000
owd_downlink_ms,223.4733,22000000
owd_uplink_ms,217.7193,22000000
owd_downlink_ms,218.2008,22000000
prediction_position_error_mm,43.99852454662323,22000000
prediction_orientation_error_deg,0,22000000
owd_uplink_ms,223.64,22100000
owd_downlink_ms,219.5848,22100000
prediction_position_error_mm,54.40724641084671,22100000
prediction_orientation_error_deg,0,22100000
prediction_position_error_mm,57.227395474910736,22200000
prediction_orientation_error_deg,0,22200000
owd_uplink_ms,219.7665,22300000
owd_downlink_ms,220.9617,22300000
owd_uplink_ms,223.3137,22300000
owd_downlink_ms,222.5338,22300000
prediction_position_error_mm,55.77480420470238,22300000
prediction_orientation_error_deg,0,22300000
owd_uplink_ms,220.3283,22400000
owd_downlink_ms,219.9687,22400000
prediction_position_error_mm,12.94926181435585,22400000
prediction_orientation_error_deg,0,22400000
owd_uplink_ms,223.6828,22500000
owd_downlink_ms,216.2206,22500000
prediction_position_error_mm,31.820915639400482,22500000
prediction_orientation_error_deg,0,22500000
prediction_position_error_mm,33.68639945983887,22600000
prediction_orientation_error_deg,0,22600000
owd_uplink_ms,219.8416,22700000
owd_downlink_ms,221.6318,22700000
owd_uplink_ms,221.4988,22700000
owd_downlink_ms,218.9278,22700000
prediction_position_error_mm,51.497288048267365,22700000
prediction_orientation_error_deg,0,22700000
owd_uplink_ms,215.7102,22800000
owd_downlink_ms,223.6588,22800000
owd_uplink_ms,217.1211,22800000
owd_downlink_ms,215.3999,22800000
prediction_position_error_mm,9.331398643553257,22800000
prediction_orientation_error_deg,0,22800000
owd_uplink_ms,217.855,22900000
owd_downlink_ms,219.3259,22900000
prediction_position_error_mm,12.596124783158302,22900000
prediction_orientation_error_deg,0,22900000
prediction_position_error_mm,13.689856976270676,23000000
prediction_orientation_error_deg,0,23000000
prediction_position_error_mm,12.284765020012856,23100000
prediction_orientation_error_deg,0,23100000
owd_uplink_ms,223.9597,23200000
owd_downlink_ms,220.578,23200000
owd_uplink_ms,216.2256,23200000
owd_downlink_ms,223.6624,23200000
prediction_position_error_mm,62.23729997873306,23200000
prediction_orientation_error_deg,0,23200000
prediction_position_error_mm,65.44359028339386,23300000
prediction_orientation_error_deg,0,23300000
owd_uplink_ms,224.8898,23400000
owd_downlink_ms,223.1206,23400000
owd_uplink_ms,216.1178,23400000
owd_downlink_ms,216.7802,23400000
prediction_position_error_mm,47.54844680428505,23400000
prediction_orientation_error_deg,0,23400000
owd_uplink_ms,224.6584,23500000
owd_downlink_ms,220.8715,23500000
prediction_position_error_mm,64.46479260921478,23500000
prediction_orientation_error_deg,0,23500000
owd_uplink_ms,222.6749,23600000
owd_downlink_ms,218.5868,23600000
prediction_position_error_mm,39.11228105425835,23600000
prediction_orientation_error_deg,0,23600000
prediction_position_error_mm,41.190363466739655,23700000
prediction_orientation_error_deg,0,23700000
owd_uplink_ms,222.6007,23800000
owd_downlink_ms,223.0461,23800000
owd_uplink_ms,216.3657,23800000
owd_downlink_ms,216.7106,23800000
prediction_position_error_mm,50.80943927168846,23800000
prediction_orientation_error_deg,0,23800000
owd_uplink_ms,220.3343,23900000
owd_downlink_ms,223.8682,23900000
prediction_position_error_mm,67.46210157871246,23900000
prediction_orientation_error_deg,0,23900000
prediction_position_error_mm,74.39327239990234,24000000
prediction_orientation_error_deg,0,24000000
owd_uplink_ms,222.6611,24100000
owd_downlink_ms,222.0499,24100000
owd_uplink_ms,220.826,24100000
owd_downlink_ms,216.3026,24100000
owd_uplink_ms,215.8496,24100000
owd_downlink_ms,216.9432,24100000
prediction_position_error_mm,66.19978696107864,24100000
prediction_orientation_error_deg,0,24100000
prediction_position_error_mm,73.27011972665787,24200000
prediction_orientation_error_deg,0,24200000
prediction_position_error_mm,73.27011972665787,24300000
prediction_orientation_error_deg,0,24300000
owd_uplink_ms,221.146,24400000
owd_downlink_ms,221.2727,24400000
prediction_position_error_mm,45.68147286772728,24400000
prediction_orientation_error_deg,0,24400000
owd_uplink_ms,222.4962,24500000
owd_downlink_ms,220.7738,24500000
owd_uplink_ms,222.0772,24500000
owd_downlink_ms,217.0003,24500000
prediction_position_error_mm,8.415818214416504,24500000
prediction_orientation_error_deg,0,24500000
owd_uplink_ms,218.1967,24600000
owd_downlink_ms,217.4754,24600000
owd_uplink_ms,219.0815,24600000
owd_downlink_ms,219.9442,24600000
prediction_position_error_mm,69.78503614664078,24600000
prediction_orientation_error_deg,0,24600000
prediction_position_error_mm,73.47174733877182,24700000
prediction_orientation_error_deg,0,24700000
prediction_position_error_mm,80.94097673892975,24800000
prediction_orientation_error_deg,0,24800000
owd_uplink_ms,221.8729,24900000
owd_downlink_ms,224.677,24900000
prediction_position_error_mm,44.438209384679794,24900000
prediction_orientation_error_deg,0,24900000
owd_uplink_ms,220.67,25000000
owd_downlink_ms,221.945,25000000
prediction_position_error_mm,16.057103872299194,25000000
prediction_orientation_error_deg,0,25000000
owd_uplink_ms,221.9351,25100000
owd_downlink_ms,222.0458,25100000
prediction_position_error_mm,11.761058121919632,25100000
prediction_orientation_error_deg,0,25100000
owd_uplink_ms,217.6158,25200000
owd_downlink_ms,224.2268,25200000
owd_uplink_ms,225.1702,25200000
owd_downlink_ms,224.6883,25200000
owd_uplink_ms,215.956,25200000
owd_downlink_ms,215.5877,25200000
prediction_position_error_mm,7.222292944788933,25200000
prediction_orientation_error_deg,0,25200000
prediction_position_error_mm,11.04552298784256,25300000
prediction_orientation_error_deg,0,25300000
prediction_position_error_mm,8.945699781179428,25400000
prediction_orientation_error_deg,0,25400000
owd_uplink_ms,220.8391,25500000
owd_downlink_ms,220.222,25500000
owd_uplink_ms,220.6487,25500000
owd_downlink_ms,216.1002,25500000
prediction_position_error_mm,7.601614110171795,25500000
prediction_orientation_error_deg,0,25500000
owd_uplink_ms,218.0929,25600000
owd_downlink_ms,216.4189,25600000
prediction_position_error_mm,71.38535380363464,25600000
prediction_orientation_error_deg,0,25600000
owd_uplink_ms,224.0753,25700000
owd_downlink_ms,222.8228,25700000
prediction_position_error_mm,84.87158268690109,25700000
prediction_orientation_error_deg,0,25700000
owd_uplink_ms,223.2293,25800000
owd_downlink_ms,221.052,25800000
correction_magnitude_mm,6.689938250929117,23589201
correction_magnitude_deg,0,23589201
prediction_position_error_mm,6.487851031124592,25800000
prediction_orientation_error_deg,0,25800000
owd_uplink_ms,216.8786,25900000
owd_downlink_ms,221.1891,25900000
owd_uplink_ms,217.2862,25900000
owd_downlink_ms,217.1138,25900000
prediction_position_error_mm,9.862110950052738,25900000
prediction_orientation_error_deg,0,25900000
owd_uplink_ms,216.0333,26000000
owd_downlink_ms,217.5679,26000000
prediction_position_error_mm,7.623424753546715,26000000
prediction_orientation_error_deg,0,26000000
prediction_position_error_mm,12.05805316567421,26100000
prediction_orientation_error_deg,0,26100000
owd_uplink_ms,216.7835,26200000
owd_downlink_ms,216.8786,26200000
prediction_position_error_mm,6.993988063186407,26200000
prediction_orientation_error_deg,0,26200000
owd_uplink_ms,223.5528,26300000
owd_downlink_ms,221.259,26300000
prediction_position_error_mm,89.30335938930511,26300000
prediction_orientation_error_deg,0,26300000
owd_uplink_ms,220.381,26400000
owd_downlink_ms,219.8574,26400000
correction_magnitude_mm,7.09546497091651,24192891
correction_magnitude_deg,0,24192891
prediction_position_error_mm,6.020374596118927,26400000
prediction_orientation_error_deg,0,26400000
owd_uplink_ms,218.3406,26500000
owd_downlink_ms,221.7249,26500000
prediction_position_error_mm,90.7420963048935,26500000
prediction_orientation_error_deg,0,26500000
owd_uplink_ms,219.0186,26600000
owd_downlink_ms,216.0772,26600000
correction_magnitude_mm,7.228766102343798,24393446
correction_magnitude_deg,0,24393446
owd_uplink_ms,219.5255,26600000
owd_downlink_ms,220.0955,26600000
prediction_position_error_mm,87.82953768968582,26600000
prediction_orientation_error_deg,0,26600000
prediction_position_error_mm,92.1591967344284,26700000
prediction_orientation_error_deg,0,26700000
owd_uplink_ms,222.867,26800000
owd_downlink_ms,218.863,26800000
prediction_position_error_mm,47.113075852394104,26800000
prediction_orientation_error_deg,0,26800000
prediction_position_error_mm,53.999513387680054,26900000
prediction_orientation_error_deg,0,26900000
owd_uplink_ms,223.3129,27000000
owd_downlink_ms,225.0192,27000000
owd_uplink_ms,215.224,27000000
owd_downlink_ms,217.4259,27000000
owd_uplink_ms,222.1976,27000000
owd_downlink_ms,218.5604,27000000
prediction_position_error_mm,86.07414364814758,27000000
prediction_orientation_error_deg,0,27000000
prediction_position_error_mm,90.48594534397125,27100000
prediction_orientation_error_deg,0,27100000
owd_uplink_ms,223.0795,27200000
owd_downlink_ms,218.9166,27200000
correction_magnitude_mm,7.62075325474143,24984292
correction_magnitude_deg,0,24984292
prediction_position_error_mm,5.234565585851669,27200000
prediction_orientation_error_deg,0,27200000
owd_uplink_ms,217.5476,27300000
owd_downlink_ms,223.1189,27300000
prediction_position_error_mm,91.77901595830917,27300000
prediction_orientation_error_deg,0,27300000
owd_uplink_ms,220.6697,27400000
owd_downlink_ms,219.5498,27400000
prediction_position_error_mm,49.601759761571884,27400000
prediction_orientation_error_deg,0,27400000
prediction_position_error_mm,52.18961462378502,27500000
prediction_orientation_error_deg,0,27500000
owd_uplink_ms,217.5944,27600000
owd_downlink_ms,223.2565,27600000
correction_magnitude_mm,5.731378681957722,25296935
correction_magnitude_deg,0,25296935
owd_uplink_ms,222.1591,27600000
owd_downlink_ms,223.3093,27600000
prediction_position_error_mm,98.23723882436752,27600000
prediction_orientation_error_deg,0,27600000
prediction_position_error_mm,98.23723882436752,27700000
prediction_orientation_error_deg,0,27700000
owd_uplink_ms,224.0904,27800000
owd_downlink_ms,221.9376,27800000
owd_uplink_ms,222.0969,27800000
owd_downlink_ms,216.6092,27800000
prediction_position_error_mm,7.146742660552263,27800000
prediction_orientation_error_deg,0,27800000
owd_uplink_ms,215.2067,27900000
owd_downlink_ms,216.7643,27900000
prediction_position_error_mm,83.42493325471878,27900000
prediction_orientation_error_deg,0,27900000
owd_uplink_ms,222.9201,28000000
owd_downlink_ms,225.1859,28000000
prediction_position_error_mm,96.10266983509064,28000000
prediction_orientation_error_deg,0,28000000
owd_uplink_ms,218.9629,28100000
owd_downlink_ms,217.7889,28100000
correction_magnitude_mm,8.180530741810799,25892137
correction_magnitude_deg,0,25892137
owd_uplink_ms,219.9177,28100000
owd_downlink_ms,218.1034,28100000
prediction_position_error_mm,92.59188920259476,28100000
prediction_orientation_error_deg,0,28100000
prediction_position_error_mm,101.98299586772919,28200000
prediction_orientation_error_deg,0,28200000
owd_uplink_ms,214.7529,28300000
owd_downlink_ms,218.5681,28300000
correction_magnitude_mm,8.299505338072777,26094639
correction_magnitude_deg,0,26094639
prediction_position_error_mm,9.22471098601818,28300000
prediction_orientation_error_deg,0,28300000
owd_uplink_ms,220.3627,28400000
owd_downlink_ms,224.298,28400000
prediction_position_error_mm,98.42085093259811,28400000
prediction_orientation_error_deg,0,28400000
owd_uplink_ms,221.3759,28500000
owd_downlink_ms,219.1574,28500000
correction_magnitude_mm,8.416181430220604,26296787
correction_magnitude_deg,0,26296787
prediction_position_error_mm,7.110289763659239,28500000
prediction_orientation_error_deg,0,28500000
owd_uplink_ms,217.3091,28600000
owd_downlink_ms,220.8301,28600000
prediction_position_error_mm,104.32865470647812,28600000
prediction_orientation_error_deg,0,28600000
prediction_position_error_mm,109.14214700460434,28700000
prediction_orientation_error_deg,0,28700000
owd_uplink_ms,218.8975,28800000
owd_downlink_ms,220.1063,28800000
correction_magnitude_mm,8.530622348189354,26502699
correction_magnitude_deg,0,26502699
owd_uplink_ms,222.4777,28800000
owd_downlink_ms,220.6811,28800000
owd_uplink_ms,215.4004,28800000
owd_downlink_ms,217.1772,28800000
prediction_position_error_mm,4.179203882813454,28800000
prediction_orientation_error_deg,0,28800000
prediction_position_error_mm,8.315959945321083,28900000
prediction_orientation_error_deg,0,28900000
owd_uplink_ms,217.0855,29000000
owd_downlink_ms,219.4816,29000000
prediction_position_error_mm,10.875474661588669,29000000
prediction_orientation_error_deg,0,29000000
owd_uplink_ms,216.8359,29100000
owd_downlink_ms,216.2859,29100000
owd_uplink_ms,222.9166,29100000
owd_downlink_ms,218.662,29100000
prediction_position_error_mm,102.69208252429962,29100000
prediction_orientation_error_deg,0,29100000
prediction_position_error_mm,107.60295391082764,29200000
prediction_orientation_error_deg,0,29200000
owd_uplink_ms,219.8487,29300000
owd_downlink_ms,217.7025,29300000
prediction_position_error_mm,52.5929369032383,29300000
prediction_orientation_error_deg,0,29300000
prediction_position_error_mm,55.231377482414246,29400000
prediction_orientation_error_deg,0,29400000
owd_uplink_ms,223.393,29500000
owd_downlink_ms,224.9899,29500000
owd_uplink_ms,221.7444,29500000
owd_downlink_ms,218.4273,29500000
prediction_position_error_mm,4.139999393373728,29500000
prediction_orientation_error_deg,0,29500000
owd_uplink_ms,222.4181,29600000
owd_downlink_ms,218.029,29600000
prediction_position_error_mm,6.110526621341705,29600000
prediction_orientation_error_deg,0,29600000
owd_uplink_ms,223.1708,29700000
owd_downlink_ms,219.079,29700000
prediction_position_error_mm,6.119354162365198,29700000
prediction_orientation_error_deg,0,29700000
owd_uplink_ms,220.5218,29800000
owd_downlink_ms,219.0001,29800000
prediction_position_error_mm,105.19281029701233,29800000
prediction_orientation_error_deg,0,29800000
owd_uplink_ms,216.0253,29900000
owd_downlink_ms,222.771,29900000
prediction_position_error_mm,105.99915683269501,29900000
prediction_orientation_error_deg,0,29900000
owd_uplink_ms,218.3436,30000000
owd_downlink_ms,217.918,30000000
correction_magnitude_mm,9.211976081132889,27790230
correction_magnitude_deg,0,27790230
prediction_position_error_mm,6.105225533246994,30000000
prediction_orientation_error_deg,0,30000000
owd_uplink_ms,222.7994,30100000
owd_downlink_ms,222.8021,30100000
prediction_position_error_mm,106.86603933572769,30100000
prediction_orientation_error_deg,0,30100000
prediction_position_error_mm,116.99838191270828,30200000
prediction_orientation_error_deg,0,30200000
owd_uplink_ms,223.5833,30300000
owd_downlink_ms,224.9809,30300000
prediction_position_error_mm,64.41047042608261,30300000
prediction_orientation_error_deg,0,30300000
owd_uplink_ms,219.6439,30400000
owd_downlink_ms,221.0155,30400000
owd_uplink_ms,219.0406,30400000
owd_downlink_ms,216.8953,30400000
prediction_position_error_mm,104.95098680257797,30400000
prediction_orientation_error_deg,0,30400000
owd_uplink_ms,220.8422,30500000
owd_downlink_ms,224.7703,30500000
owd_uplink_ms,215.1721,30500000
owd_downlink_ms,217.4072,30500000
prediction_position_error_mm,8.240852504968643,30500000
prediction_orientation_error_deg,0,30500000
prediction_position_error_mm,8.83647333830595,30600000
prediction_orientation_error_deg,0,30600000
owd_uplink_ms,218.1534,30700000
owd_downlink_ms,219.8214,30700000
owd_uplink_ms,223.7984,30700000
owd_downlink_ms,220.3503,30700000
prediction_position_error_mm,104.47660088539124,30700000
prediction_orientation_error_deg,0,30700000
prediction_position_error_mm,114.76476490497589,30800000
prediction_orientation_error_deg,0,30800000
owd_uplink_ms,218.7902,30900000
owd_downlink_ms,221.3466,30900000
prediction_position_error_mm,5.044765770435333,30900000
prediction_orientation_error_deg,0,30900000
owd_uplink_ms,216.8111,31000000
owd_downlink_ms,219.9492,31000000
prediction_position_error_mm,5.053977947682142,31000000
prediction_orientation_error_deg,0,31000000
prediction_position_error_mm,5.646351724863052,31100000
prediction_orientation_error_deg,0,31100000
owd_uplink_ms,220.0929,31200000
owd_downlink_ms,223.1123,31200000
owd_uplink_ms,223.0138,31200000
owd_downlink_ms,223.8722,31200000
prediction_position_error_mm,110.98045110702515,31200000
prediction_orientation_error_deg,0,31200000
owd_uplink_ms,218.2992,31300000
owd_downlink_ms,223.3878,31300000
prediction_position_error_mm,12.186202220618725,31300000
prediction_orientation_error_deg,0,31300000
owd_uplink_ms,217.7265,31400000
owd_downlink_ms,222.4636,31400000
owd_uplink_ms,216.9397,31400000
owd_downlink_ms,214.9157,31400000
prediction_position_error_mm,3.6343419924378395,31400000
prediction_orientation_error_deg,0,31400000
prediction_position_error_mm,4.442411940544844,31500000
prediction_orientation_error_deg,0,31500000
prediction_position_error_mm,4.522991366684437,31600000
prediction_orientation_error_deg,0,31600000
owd_uplink_ms,224.053,31700000
owd_downlink_ms,221.333,31700000
prediction_position_error_mm,65.37454575300217,31700000
prediction_orientation_error_deg,0,31700000
owd_uplink_ms,224.2473,31800000
owd_downlink_ms,222.6108,31800000
owd_uplink_ms,217.2289,31800000
owd_downlink_ms,214.1929,31800000
correction_magnitude_mm,5.089168436825275,29608968
correction_magnitude_deg,0,29608968
owd_uplink_ms,222.1082,31800000
owd_downlink_ms,218.9638,31800000
prediction_position_error_mm,107.7568307518959,31800000
prediction_orientation_error_deg,0,31800000
prediction_position_error_mm,112.9973828792572,31900000
prediction_orientation_error_deg,0,31900000
owd_uplink_ms,218.1996,32000000
owd_downlink_ms,221.3017,32000000
prediction_position_error_mm,3.2614823430776596,32000000
prediction_orientation_error_deg,0,32000000
prediction_position_error_mm,3.4049677196890116,32100000
prediction_orientation_error_deg,0,32100000
owd_uplink_ms,224.6794,32200000
owd_downlink_ms,221.1482,32200000
prediction_position_error_mm,59.915438294410706,32200000
prediction_orientation_error_deg,0,32200000
owd_uplink_ms,218.3289,32300000
owd_downlink_ms,219.7921,32300000
correction_magnitude_mm,7.466558832675219,30006329
correction_magnitude_deg,0,30006329
owd_uplink_ms,222.7145,32300000
owd_downlink_ms,221.9974,32300000
prediction_position_error_mm,113.93158882856369,32300000
prediction_orientation_error_deg,0,32300000
owd_uplink_ms,221.7515,32400000
owd_downlink_ms,218.0691,32400000
correction_magnitude_mm,10.136718861758709,30200828
correction_magnitude_deg,0,30200828
prediction_position_error_mm,6.189851090312004,32400000
prediction_orientation_error_deg,0,32400000
owd_uplink_ms,217.7773,32500000
owd_downlink_ms,220.6382,32500000
prediction_position_error_mm,114.33802545070648,32500000
prediction_orientation_error_deg,0,32500000
owd_uplink_ms,216.5225,32600000
owd_downlink_ms,223.5244,32600000
correction_magnitude_mm,5.089266691356897,30313155
correction_magnitude_deg,0,30313155
owd_uplink_ms,220.1494,32600000
owd_downlink_ms,215.2693,32600000
prediction_position_error_mm,10.084143839776516,32600000
prediction_orientation_error_deg,0,32600000
owd_uplink_ms,216.6577,32700000
owd_downlink_ms,216.649,32700000
prediction_position_error_mm,3.608107566833496,32700000
prediction_orientation_error_deg,0,32700000
owd_uplink_ms,216.9933,32800000
owd_downlink_ms,218.615,32800000
prediction_position_error_mm,5.5568888783454895,32800000
prediction_orientation_error_deg,0,32800000
prediction_position_error_mm,5.893117282539606,32900000
prediction_orientation_error_deg,0,32900000
owd_uplink_ms,224.3112,33000000
owd_downlink_ms,219.0552,33000000
prediction_position_error_mm,7.362735457718372,33000000
prediction_orientation_error_deg,0,33000000
owd_uplink_ms,218.7701,33100000
owd_downlink_ms,222.2263,33100000
prediction_position_error_mm,120.59853225946426,33100000
prediction_orientation_error_deg,0,33100000
owd_uplink_ms,217.6457,33200000
owd_downlink_ms,222.8066,33200000
correction_magnitude_mm,5.1626963540911674,30913270
correction_magnitude_deg,0,30913270
prediction_position_error_mm,5.190928000956774,33200000
prediction_orientation_error_deg,0,33200000
prediction_position_error_mm,10.664443485438824,33300000
prediction_orientation_error_deg,0,33300000
owd_uplink_ms,222.1961,33400000
owd_downlink_ms,222.9219,33400000
owd_uplink_ms,222.8694,33400000
owd_downlink_ms,214.9408,33400000
prediction_position_error_mm,11.000624857842922,33400000
prediction_orientation_error_deg,0,33400000
prediction_position_error_mm,11.509806849062443,33500000
prediction_orientation_error_deg,0,33500000
owd_uplink_ms,218.6645,33600000
owd_downlink_ms,223.1694,33600000
owd_uplink_ms,225.0045,33600000
owd_downlink_ms,223.8393,33600000
prediction_position_error_mm,121.11997604370117,33600000
prediction_orientation_error_deg,0,33600000
owd_uplink_ms,216.6459,33700000
owd_downlink_ms,220.9275,33700000
correction_magnitude_mm,5.211290437728167,31413792
correction_magnitude_deg,0,31413792
prediction_position_error_mm,2.7237797621637583,33700000
prediction_orientation_error_deg,0,33700000
prediction_position_error_mm,7.333877496421337,33800000
prediction_orientation_error_deg,0,33800000
owd_uplink_ms,221.738,33900000
owd_downlink_ms,220.6221,33900000
prediction_position_error_mm,66.43447279930115,33900000
prediction_orientation_error_deg,0,33900000
owd_uplink_ms,221.6753,34000000
owd_downlink_ms,219.2668,34000000
correction_magnitude_mm,7.913360372185707,31709386
correction_magnitude_deg,0,31709386
owd_uplink_ms,216.8026,34000000
owd_downlink_ms,220.8357,34000000
prediction_position_error_mm,116.06697738170624,34000000
prediction_orientation_error_deg,0,34000000
owd_uplink_ms,222.0282,34100000
owd_downlink_ms,215.5969,34100000
correction_magnitude_mm,5.241816863417625,31906388
correction_magnitude_deg,0,31906388
prediction_position_error_mm,61.49176135659218,34100000
prediction_orientation_error_deg,0,34100000
prediction_position_error_mm,64.0275850892067,34200000
prediction_orientation_error_deg,0,34200000
owd_uplink_ms,221.6464,34300000
owd_downlink_ms,221.0496,34300000
prediction_position_error_mm,2.5159416254609823,34300000
prediction_orientation_error_deg,0,34300000
owd_uplink_ms,224.4917,34400000
owd_downlink_ms,223.0732,34400000
prediction_position_error_mm,2.885490655899048,34400000
prediction_orientation_error_deg,0,34400000
owd_uplink_ms,223.5186,34500000
owd_downlink_ms,223.7858,34500000
owd_uplink_ms,221.1125,34500000
owd_downlink_ms,219.4202,34500000
prediction_position_error_mm,3.960460890084505,34500000
prediction_orientation_error_deg,0,34500000
owd_uplink_ms,220.7365,34600000
owd_downlink_ms,216.0008,34600000
prediction_position_error_mm,3.213068237528205,34600000
prediction_orientation_error_deg,0,34600000
owd_uplink_ms,219.5943,34700000
owd_downlink_ms,218.2369,34700000
prediction_position_error_mm,3.158858045935631,34700000
prediction_orientation_error_deg,0,34700000
prediction_position_error_mm,3.821993013843894,34800000
prediction_orientation_error_deg,0,34800000
owd_uplink_ms,220.4063,34900000
owd_downlink_ms,224.8479,34900000
prediction_position_error_mm,11.731320060789585,34900000
prediction_orientation_error_deg,0,34900000
owd_uplink_ms,220.9684,35000000
owd_downlink_ms,220.5251,35000000
owd_uplink_ms,222.4489,35000000
owd_downlink_ms,218.8294,35000000
correction_magnitude_mm,5.498351529240608,32794944
correction_magnitude_deg,0,32794944
prediction_position_error_mm,133.48212838172913,35000000
prediction_orientation_error_deg,0,35000000
owd_uplink_ms,216.8484,35100000
owd_downlink_ms,221.5106,35100000
prediction_position_error_mm,121.02366238832474,35100000
prediction_orientation_error_deg,0,35100000
owd_uplink_ms,219.5582,35200000
owd_downlink_ms,220.8177,35200000
correction_magnitude_mm,5.286572966724634,32902345
correction_magnitude_deg,0,32902345
prediction_position_error_mm,2.623572712764144,35200000
prediction_orientation_error_deg,0,35200000
owd_uplink_ms,219.7801,35300000
owd_downlink_ms,216.0736,35300000
prediction_position_error_mm,9.09853633493185,35300000
prediction_orientation_error_deg,0,35300000
owd_uplink_ms,220.0302,35400000
owd_downlink_ms,224.2778,35400000
prediction_position_error_mm,115.53334444761276,35400000
prediction_orientation_error_deg,0,35400000
prediction_position_error_mm,120.70289254188538,35500000
prediction_orientation_error_deg,0,35500000
owd_uplink_ms,216.5673,35600000
owd_downlink_ms,220.3209,35600000
correction_magnitude_mm,10.577072389423847,33307714
correction_magnitude_deg,0,33307714
owd_uplink_ms,225.0873,35600000
owd_downlink_ms,222.849,35600000
prediction_position_error_mm,120.43303996324539,35600000
prediction_orientation_error_deg,0,35600000
prediction_position_error_mm,125.56818127632141,35700000
prediction_orientation_error_deg,0,35700000
owd_uplink_ms,224.4828,35800000
owd_downlink_ms,222.1521,35800000
correction_magnitude_mm,5.287637002766132,33502002
correction_magnitude_deg,0,33502002
owd_uplink_ms,222.1033,35800000
owd_downlink_ms,217.6837,35800000
correction_magnitude_mm,7.99989141523838,33596478
correction_magnitude_deg,0,33596478
prediction_position_error_mm,131.7550539970398,35800000
prediction_orientation_error_deg,0,35800000
owd_uplink_ms,219.3282,35900000
owd_downlink_ms,221.106,35900000
prediction_position_error_mm,119.94437873363495,35900000
prediction_orientation_error_deg,0,35900000
owd_uplink_ms,222.5469,36000000
owd_downlink_ms,217.4708,36000000
correction_magnitude_mm,10.562208481132984,33792357
correction_magnitude_deg,0,33792357
prediction_position_error_mm,6.2695518136024475,36000000
prediction_orientation_error_deg,0,36000000
owd_uplink_ms,217.3087,36100000
owd_downlink_ms,221.6195,36100000
prediction_position_error_mm,119.56271529197693,36100000
prediction_orientation_error_deg,0,36100000
owd_uplink_ms,219.4561,36200000
owd_downlink_ms,224.2596,36200000
correction_magnitude_mm,5.27657475322485,33903750
correction_magnitude_deg,0,33903750
prediction_position_error_mm,1.8860059790313244,36200000
prediction_orientation_error_deg,0,36200000
owd_uplink_ms,217.4282,36300000
owd_downlink_ms,215.2137,36300000
prediction_position_error_mm,4.158667754381895,36300000
prediction_orientation_error_deg,0,36300000
owd_uplink_ms,222.8815,36400000
owd_downlink_ms,222.9252,36400000
owd_uplink_ms,215.511,36400000
owd_downlink_ms,216.6777,36400000
correction_magnitude_mm,5.2640726789832115,34202494
correction_magnitude_deg,0,34202494
prediction_position_error_mm,5.677794571965933,36400000
prediction_orientation_error_deg,0,36400000
prediction_position_error_mm,5.868991836905479,36500000
prediction_orientation_error_deg,0,36500000
owd_uplink_ms,222.7383,36600000
owd_downlink_ms,219.1381,36600000
prediction_position_error_mm,59.19632688164711,36600000
prediction_orientation_error_deg,0,36600000
owd_uplink_ms,219.0801,36700000
owd_downlink_ms,216.6122,36700000
correction_magnitude_mm,7.893480360507965,34494910
correction_magnitude_deg,0,34494910
owd_uplink_ms,221.166,36700000
owd_downlink_ms,218.7624,36700000
prediction_position_error_mm,112.90387064218521,36700000
prediction_orientation_error_deg,0,36700000
prediction_position_error_mm,117.87620931863785,36800000
prediction_orientation_error_deg,0,36800000
owd_uplink_ms,216.2604,36900000
owd_downlink_ms,223.1128,36900000
correction_magnitude_mm,5.240574479103088,34600471
correction_magnitude_deg,0,34600471
prediction_position_error_mm,2.3390809074044228,36900000
prediction_orientation_error_deg,0,36900000
owd_uplink_ms,220.2075,37000000
owd_downlink_ms,216.1357,37000000
owd_uplink_ms,215.4341,37000000
owd_downlink_ms,217.9125,37000000
prediction_position_error_mm,112.06936836242676,37000000
prediction_orientation_error_deg,0,37000000
owd_uplink_ms,215.4362,37100000
owd_downlink_ms,216.5906,37100000
correction_magnitude_mm,5.217855330556631,34899923
correction_magnitude_deg,0,34899923
prediction_position_error_mm,6.5159969963133335,37100000
prediction_orientation_error_deg,0,37100000
prediction_position_error_mm,2.491711638867855,37200000
prediction_orientation_error_deg,0,37200000
owd_uplink_ms,217.4974,37300000
owd_downlink_ms,216.5862,37300000
prediction_position_error_mm,4.460632335394621,37300000
prediction_orientation_error_deg,0,37300000
owd_uplink_ms,223.582,37400000
owd_downlink_ms,221.2444,37400000
owd_uplink_ms,217.9144,37400000
owd_downlink_ms,218.3172,37400000
correction_magnitude_mm,5.190736148506403,35196366
correction_magnitude_deg,0,35196366
prediction_position_error_mm,6.635789759457111,37400000
prediction_orientation_error_deg,0,37400000
prediction_position_error_mm,11.859792284667492,37500000
prediction_orientation_error_deg,0,37500000
owd_uplink_ms,223.5521,37600000
owd_downlink_ms,220.104,37600000
correction_magnitude_mm,5.228814668953419,35392057
correction_magnitude_deg,0,35392057
prediction_position_error_mm,56.848056614398956,37600000
prediction_orientation_error_deg,0,37600000
owd_uplink_ms,222.9462,37700000
owd_downlink_ms,220.3082,37700000
prediction_position_error_mm,8.283484727144241,37700000
prediction_orientation_error_deg,0,37700000
owd_uplink_ms,221.9979,37800000
owd_downlink_ms,218.5177,37800000
correction_magnitude_mm,5.193118005990982,35584410
correction_magnitude_deg,0,35584410
prediction_position_error_mm,129.38813865184784,37800000
prediction_orientation_error_deg,0,37800000
owd_uplink_ms,214.4395,37900000
owd_downlink_ms,220.8078,37900000
prediction_position_error_mm,114.13546651601791,37900000
prediction_orientation_error_deg,0,37900000
owd_uplink_ms,215.6969,38000000
owd_downlink_ms,220.63,38000000
correction_magnitude_mm,5.135856103152037,35698538
correction_magnitude_deg,0,35698538
owd_uplink_ms,215.8002,38000000
owd_downlink_ms,217.9306,38000000
prediction_position_error_mm,1.9488538382574916,38000000
prediction_orientation_error_deg,0,38000000
owd_uplink_ms,216.3277,38100000
owd_downlink_ms,217.0049,38100000
prediction_position_error_mm,3.5574818029999733,38100000
prediction_orientation_error_deg,0,38100000
prediction_position_error_mm,8.407511748373508,38200000
prediction_orientation_error_deg,0,38200000
owd_uplink_ms,218.2033,38300000
owd_downlink_ms,222.1771,38300000
prediction_position_error_mm,3.8915418554097414,38300000
prediction_orientation_error_deg,0,38300000
owd_uplink_ms,219.8452,38400000
owd_downlink_ms,221.2136,38400000
prediction_position_error_mm,7.321752142161131,38400000
prediction_orientation_error_deg,0,38400000
owd_uplink_ms,220.9343,38500000
owd_downlink_ms,215.4429,38500000
owd_uplink_ms,219.4186,38500000
owd_downlink_ms,218.3746,38500000
prediction_position_error_mm,101.88013315200806,38500000
prediction_orientation_error_deg,0,38500000
prediction_position_error_mm,111.07451468706131,38600000
prediction_orientation_error_deg,0,38600000
prediction_position_error_mm,111.07451468706131,38700000
prediction_orientation_error_deg,0,38700000
owd_uplink_ms,224.3618,38800000
owd_downlink_ms,221.9898,38800000
correction_magnitude_mm,5.038795527070761,36497589
correction_magnitude_deg,0,36497589
owd_uplink_ms,222.6505,38800000
owd_downlink_ms,217.8473,38800000
correction_magnitude_mm,7.610043045133352,36591585
correction_magnitude_deg,0,36591585
owd_uplink_ms,217.354,38800000
owd_downlink_ms,219.7228,38800000
prediction_position_error_mm,105.09847104549408,38800000
prediction_orientation_error_deg,0,38800000
owd_uplink_ms,216.1872,38900000
owd_downlink_ms,216.8833,38900000
prediction_position_error_mm,4.694149829447269,38900000
prediction_orientation_error_deg,0,38900000
owd_uplink_ms,215.5441,39000000
owd_downlink_ms,217.9409,39000000
prediction_position_error_mm,6.79836655035615,39000000
prediction_orientation_error_deg,0,39000000
prediction_position_error_mm,3.018351271748543,39100000
prediction_orientation_error_deg,0,39100000
owd_uplink_ms,215.8195,39200000
owd_downlink_ms,216.5083,39200000
prediction_position_error_mm,5.503030028194189,39200000
prediction_orientation_error_deg,0,39200000
owd_uplink_ms,221.7658,39300000
owd_downlink_ms,221.2181,39300000
prediction_position_error_mm,107.4986681342125,39300000
prediction_orientation_error_deg,0,39300000
prediction_position_error_mm,107.4986681342125,39400000
prediction_orientation_error_deg,0,39400000
owd_uplink_ms,221.5738,39500000
owd_downlink_ms,221.0874,39500000
correction_magnitude_mm,9.818017482757568,37197985
correction_magnitude_deg,0,37197985
owd_uplink_ms,217.391,39500000
owd_downlink_ms,221.3231,39500000
owd_uplink_ms,219.902,39500000
owd_downlink_ms,219.3195,39500000
prediction_position_error_mm,10.957635007798672,39500000
prediction_orientation_error_deg,0,39500000
prediction_position_error_mm,7.317984011024237,39600000
prediction_orientation_error_deg,0,39600000
owd_uplink_ms,217.7515,39700000
owd_downlink_ms,220.7972,39700000
prediction_position_error_mm,2.6627895422279835,39700000
prediction_orientation_error_deg,0,39700000
prediction_position_error_mm,3.096289001405239,39800000
prediction_orientation_error_deg,0,39800000
owd_uplink_ms,216.9443,39900000
owd_downlink_ms,221.1689,39900000
owd_uplink_ms,222.412,39900000
owd_downlink_ms,222.0258,39900000
prediction_position_error_mm,99.81939196586609,39900000
prediction_orientation_error_deg,0,39900000
owd_uplink_ms,218.6604,40000000
owd_downlink_ms,215.6327,40000000
correction_magnitude_mm,9.572827257215977,37806990
correction_magnitude_deg,0,37806990
owd_uplink_ms,220.9571,40000000
owd_downlink_ms,216.3155,40000000
prediction_position_error_mm,94.46334838867188,40000000
prediction_orientation_error_deg,0,40000000
owd_uplink_ms,218.2664,40100000
owd_downlink_ms,218.9114,40100000
prediction_position_error_mm,12.00928259640932,40100000
prediction_orientation_error_deg,0,40100000
prediction_position_error_mm,16.989691182971,40200000
prediction_orientation_error_deg,0,40200000
owd_uplink_ms,216.7855,40300000
owd_downlink_ms,221.3579,40300000
prediction_position_error_mm,1.8142919288948178,40300000
prediction_orientation_error_deg,0,40300000
owd_uplink_ms,216.8896,40400000
owd_downlink_ms,219.1306,40400000
prediction_position_error_mm,8.138760924339294,40400000
prediction_orientation_error_deg,0,40400000
owd_uplink_ms,223.7598,40500000
owd_downlink_ms,217.9117,40500000
prediction_position_error_mm,46.829137951135635,40500000
prediction_orientation_error_deg,0,40500000
owd_uplink_ms,222.0918,40600000
owd_downlink_ms,217.7063,40600000
prediction_position_error_mm,13.091934844851494,40600000
prediction_orientation_error_deg,0,40600000
prediction_position_error_mm,10.134679265320301,40700000
prediction_orientation_error_deg,0,40700000
owd_uplink_ms,220.0054,40800000
owd_downlink_ms,220.6379,40800000
owd_uplink_ms,220.0696,40800000
owd_downlink_ms,217.4488,40800000
owd_uplink_ms,215.6439,40800000
owd_downlink_ms,217.4127,40800000
prediction_position_error_mm,93.59218180179596,40800000
prediction_orientation_error_deg,0,40800000
prediction_position_error_mm,97.47815132141113,40900000
prediction_orientation_error_deg,0,40900000
prediction_position_error_mm,101.32894665002823,41000000
prediction_orientation_error_deg,0,41000000
owd_uplink_ms,221.7585,41100000
owd_downlink_ms,221.1786,41100000
correction_magnitude_mm,9.092059917747974,38796721
correction_magnitude_deg,0,38796721
owd_uplink_ms,215.893,41100000
owd_downlink_ms,223.9846,41100000
prediction_position_error_mm,96.05321288108826,41100000
prediction_orientation_error_deg,0,41100000
owd_uplink_ms,217.5052,41200000
owd_downlink_ms,221.8586,41200000
prediction_position_error_mm,6.366153713315725,41200000
prediction_orientation_error_deg,0,41200000
owd_uplink_ms,223.9543,41300000
owd_downlink_ms,215.2657,41300000
owd_uplink_ms,217.8598,41300000
owd_downlink_ms,219.3618,41300000
prediction_position_error_mm,86.39706671237946,41300000
prediction_orientation_error_deg,0,41300000
owd_uplink_ms,216.2813,41400000
owd_downlink_ms,217.2069,41400000
prediction_position_error_mm,6.722541060298681,41400000
prediction_orientation_error_deg,0,41400000
owd_uplink_ms,217.6414,41500000
owd_downlink_ms,215.5735,41500000
prediction_position_error_mm,14.205479063093662,41500000
prediction_orientation_error_deg,0,41500000
prediction_position_error_mm,11.45356148481369,41600000
prediction_orientation_error_deg,0,41600000
prediction_position_error_mm,15.941416844725609,41700000
prediction_orientation_error_deg,0,41700000
owd_uplink_ms,221.1987,41800000
owd_downlink_ms,221.0259,41800000
owd_uplink_ms,216.649,41800000
owd_downlink_ms,217.8449,41800000
correction_magnitude_mm,6.426720414310694,39603142
correction_magnitude_deg,0,39603142
prediction_position_error_mm,100.66743940114975,41800000
prediction_orientation_error_deg,0,41800000
owd_uplink_ms,224.4174,41900000
owd_downlink_ms,223.2173,41900000
prediction_position_error_mm,86.4739716053009,41900000
prediction_orientation_error_deg,0,41900000
owd_uplink_ms,218.4474,42000000
owd_downlink_ms,222.9962,42000000
prediction_position_error_mm,8.52208398282528,42000000
prediction_orientation_error_deg,0,42000000
owd_uplink_ms,217.8595,42100000
owd_downlink_ms,222.7592,42100000
prediction_position_error_mm,6.692334543913603,42100000
prediction_orientation_error_deg,0,42100000
owd_uplink_ms,224.9702,42200000
owd_downlink_ms,215.5383,42200000
prediction_position_error_mm,38.34220394492149,42200000
prediction_orientation_error_deg,0,42200000
prediction_position_error_mm,36.103494465351105,42300000
prediction_orientation_error_deg,0,42300000
owd_uplink_ms,221.7456,42400000
owd_downlink_ms,220.0927,42400000
correction_magnitude_mm,6.1447168700397015,40099596
correction_magnitude_deg,0,40099596
owd_uplink_ms,218.3932,42400000
owd_downlink_ms,221.219,42400000
prediction_position_error_mm,85.92384308576584,42400000
prediction_orientation_error_deg,0,42400000
prediction_position_error_mm,89.20612931251526,42500000
prediction_orientation_error_deg,0,42500000
owd_uplink_ms,218.194,42600000
owd_downlink_ms,221.639,42600000
correction_magnitude_mm,8.210510946810246,40307434
correction_magnitude_deg,0,40307434
owd_uplink_ms,221.3173,42600000
owd_downlink_ms,223.0313,42600000
prediction_position_error_mm,84.23838764429092,42600000
prediction_orientation_error_deg,0,42600000
owd_uplink_ms,217.871,42700000
owd_downlink_ms,218.1094,42700000
correction_magnitude_mm,8.079255931079388,40509874
correction_magnitude_deg,0,40509874
prediction_position_error_mm,12.250476516783237,42700000
prediction_orientation_error_deg,0,42700000
owd_uplink_ms,221.991,42800000
owd_downlink_ms,220.1413,42800000
prediction_position_error_mm,79.36103641986847,42800000
prediction_orientation_error_deg,0,42800000
owd_uplink_ms,217.5377,42900000
owd_downlink_ms,216.5219,42900000
correction_magnitude_mm,7.944890297949314,40706291
correction_magnitude_deg,0,40706291
owd_uplink_ms,220.6821,42900000
owd_downlink_ms,217.287,42900000
prediction_position_error_mm,77.69519835710526,42900000
prediction_orientation_error_deg,0,42900000
owd_uplink_ms,219.0784,43000000
owd_downlink_ms,216.3087,43000000
prediction_position_error_mm,16.734084114432335,43000000
prediction_orientation_error_deg,0,43000000
owd_uplink_ms,219.2238,43100000
owd_downlink_ms,216.9818,43100000
prediction_position_error_mm,15.222843736410141,43100000
prediction_orientation_error_deg,0,43100000
prediction_position_error_mm,13.225113973021507,43200000
prediction_orientation_error_deg,0,43200000
owd_uplink_ms,219.2207,43300000
owd_downlink_ms,222.2646,43300000
prediction_position_error_mm,7.399297785013914,43300000
prediction_orientation_error_deg,0,43300000
owd_uplink_ms,218.4056,43400000
owd_downlink_ms,221.5857,43400000
prediction_position_error_mm,10.095695964992046,43400000
prediction_orientation_error_deg,0,43400000
prediction_position_error_mm,8.059128187596798,43500000
prediction_orientation_error_deg,0,43500000
owd_uplink_ms,223.0374,43600000
owd_downlink_ms,222.3712,43600000
owd_uplink_ms,215.3264,43600000
owd_downlink_ms,215.274,43600000
correction_magnitude_mm,5.554495379328728,41402663
correction_magnitude_deg,0,41402663
owd_uplink_ms,224.0146,43600000
owd_downlink_ms,216.5666,43600000
prediction_position_error_mm,71.63627445697784,43600000
prediction_orientation_error_deg,0,43600000
prediction_position_error_mm,71.63627445697784,43700000
prediction_orientation_error_deg,0,43700000
owd_uplink_ms,221.6361,43800000
owd_downlink_ms,218.7409,43800000
correction_magnitude_mm,7.303549442440271,41589735
correction_magnitude_deg,0,41589735
prediction_position_error_mm,16.516873612999916,43800000
prediction_orientation_error_deg,0,43800000
owd_uplink_ms,215.8826,43900000
owd_downlink_ms,222.8086,43900000
prediction_position_error_mm,69.84273344278336,43900000
prediction_orientation_error_deg,0,43900000
owd_uplink_ms,216.041,44000000
owd_downlink_ms,217.0737,44000000
correction_magnitude_mm,7.153195794671774,41799685
correction_magnitude_deg,0,41799685
prediction_position_error_mm,10.27192734181881,44000000
prediction_orientation_error_deg,0,44000000
owd_uplink_ms,222.9481,44100000
owd_downlink_ms,224.0069,44100000
prediction_position_error_mm,70.6217959523201,44100000
prediction_orientation_error_deg,0,44100000
owd_uplink_ms,223.0233,44200000
owd_downlink_ms,219.8384,44200000
prediction_position_error_mm,27.568819001317024,44200000
prediction_orientation_error_deg,0,44200000
prediction_position_error_mm,30.840225517749786,44300000
prediction_orientation_error_deg,0,44300000
owd_uplink_ms,220.5153,44400000
owd_downlink_ms,221.2673,44400000
owd_uplink_ms,222.9295,44400000
owd_downlink_ms,219.9145,44400000
prediction_position_error_mm,95.06402164697647,44400000
prediction_orientation_error_deg,0,44400000
owd_uplink_ms,218.331,44500000
owd_downlink_ms,220.3576,44500000
prediction_position_error_mm,66.72428548336029,44500000
prediction_orientation_error_deg,0,44500000
owd_uplink_ms,217.4091,44600000
owd_downlink_ms,217.4012,44600000
correction_magnitude_mm,6.686005741357803,42396725
correction_magnitude_deg,0,42396725
owd_uplink_ms,221.4507,44600000
owd_downlink_ms,220.0304,44600000
prediction_position_error_mm,60.03965809941292,44600000
prediction_orientation_error_deg,0,44600000
owd_uplink_ms,219.2329,44700000
owd_downlink_ms,220.1573,44700000
prediction_position_error_mm,13.741452246904373,44700000
prediction_orientation_error_deg,0,44700000
owd_uplink_ms,218.5498,44800000
owd_downlink_ms,217.9323,44800000
prediction_position_error_mm,13.8938557356596,44800000
prediction_orientation_error_deg,0,44800000
prediction_position_error_mm,12.68420647829771,44900000
prediction_orientation_error_deg,0,44900000
owd_uplink_ms,221.684,45000000
owd_downlink_ms,217.396,45000000
prediction_position_error_mm,23.20018969476223,45000000
prediction_orientation_error_deg,0,45000000
owd_uplink_ms,216.5061,45100000
owd_downlink_ms,216.9684,45100000
prediction_position_error_mm,80.39383590221405,45100000
prediction_orientation_error_deg,0,45100000
owd_uplink_ms,221.8989,45200000
owd_downlink_ms,222.6146,45200000
prediction_position_error_mm,59.66692045331001,45200000
prediction_orientation_error_deg,0,45200000
owd_uplink_ms,218.1126,45300000
owd_downlink_ms,223.4114,45300000
prediction_position_error_mm,7.969503290951252,45300000
prediction_orientation_error_deg,0,45300000
prediction_position_error_mm,8.86938814073801,45400000
prediction_orientation_error_deg,0,45400000
owd_uplink_ms,220.3116,45500000
owd_downlink_ms,221.4393,45500000
owd_uplink_ms,217.8055,45500000
owd_downlink_ms,221.0864,45500000
prediction_position_error_mm,56.5577857196331,45500000
prediction_orientation_error_deg,0,45500000
owd_uplink_ms,217.5298,45600000
owd_downlink_ms,223.8502,45600000
prediction_position_error_mm,7.261607330292463,45600000
prediction_orientation_error_deg,0,45600000
owd_uplink_ms,222.9369,45700000
owd_downlink_ms,215.6442,45700000
prediction_position_error_mm,14.954982325434685,45700000
prediction_orientation_error_deg,0,45700000
owd_uplink_ms,219.9585,45800000
owd_downlink_ms,223.5071,45800000
prediction_position_error_mm,53.40247601270676,45800000
prediction_orientation_error_deg,0,45800000
owd_uplink_ms,220.5946,45900000
owd_downlink_ms,223.1278,45900000
prediction_position_error_mm,10.43063122779131,45900000
prediction_orientation_error_deg,0,45900000
prediction_position_error_mm,13.13748024404049,46000000
prediction_orientation_error_deg,0,46000000
owd_uplink_ms,221.2442,46100000
owd_downlink_ms,221.2966,46100000
owd_uplink_ms,221.1776,46100000
owd_downlink_ms,223.0177,46100000
prediction_position_error_mm,48.543114215135574,46100000
prediction_orientation_error_deg,0,46100000
owd_uplink_ms,218.3255,46200000
owd_downlink_ms,216.0341,46200000
correction_magnitude_mm,5.3334916010499,44009469
correction_magnitude_deg,0,44009469
owd_uplink_ms,224.2181,46200000
owd_downlink_ms,219.2339,46200000
prediction_position_error_mm,46.486400067806244,46200000
prediction_orientation_error_deg,0,46200000
prediction_position_error_mm,48.05034026503563,46300000
prediction_orientation_error_deg,0,46300000
owd_uplink_ms,215.9158,46400000
owd_downlink_ms,220.2386,46400000
prediction_position_error_mm,13.253835961222649,46400000
prediction_orientation_error_deg,0,46400000
owd_uplink_ms,223.1961,46500000
owd_downlink_ms,215.4085,46500000
owd_uplink_ms,217.8791,46500000
owd_downlink_ms,219.3358,46500000
prediction_position_error_mm,43.372053653001785,46500000
prediction_orientation_error_deg,0,46500000
prediction_position_error_mm,43.372053653001785,46600000
prediction_orientation_error_deg,0,46600000
owd_uplink_ms,221.5468,46700000
owd_downlink_ms,218.5252,46700000
owd_uplink_ms,216.9118,46700000
owd_downlink_ms,219.1223,46700000
prediction_position_error_mm,41.27797484397888,46700000
prediction_orientation_error_deg,0,46700000
prediction_position_error_mm,41.27797484397888,46800000
prediction_orientation_error_deg,0,46800000
owd_uplink_ms,221.4214,46900000
owd_downlink_ms,218.0035,46900000
prediction_position_error_mm,14.848512597382069,46900000
prediction_orientation_error_deg,0,46900000
prediction_position_error_mm,14.872003346681595,47000000
prediction_orientation_error_deg,0,47000000
owd_uplink_ms,223.5144,47100000
owd_downlink_ms,223.7536,47100000
owd_uplink_ms,218.6241,47100000
owd_downlink_ms,218.5003,47100000
prediction_position_error_mm,62.70613521337509,47100000
prediction_orientation_error_deg,0,47100000
owd_uplink_ms,223.4431,47200000
owd_downlink_ms,223.1181,47200000
prediction_position_error_mm,38.174763321876526,47200000
prediction_orientation_error_deg,0,47200000
owd_uplink_ms,223.3051,47300000
owd_downlink_ms,217.7942,47300000
prediction_position_error_mm,15.978693962097168,47300000
prediction_orientation_error_deg,0,47300000
owd_uplink_ms,216.3131,47400000
owd_downlink_ms,224.41,47400000
owd_uplink_ms,218.6167,47400000
owd_downlink_ms,219.2229,47400000
prediction_position_error_mm,13.073252514004707,47400000
prediction_orientation_error_deg,0,47400000
owd_uplink_ms,215.1455,47500000
owd_downlink_ms,215.4623,47500000
prediction_position_error_mm,12.295392341911793,47500000
prediction_orientation_error_deg,0,47500000
prediction_position_error_mm,13.433552347123623,47600000
prediction_orientation_error_deg,0,47600000
owd_uplink_ms,217.1526,47700000
owd_downlink_ms,220.5199,47700000
prediction_position_error_mm,11.753197759389877,47700000
prediction_orientation_error_deg,0,47700000
owd_uplink_ms,217.8408,47800000
owd_downlink_ms,219.8186,47800000
owd_uplink_ms,217.3071,47800000
owd_downlink_ms,216.1593,47800000
prediction_position_error_mm,13.089598156511784,47800000
prediction_orientation_error_deg,0,47800000
prediction_position_error_mm,14.997892081737518,47900000
prediction_orientation_error_deg,0,47900000
owd_uplink_ms,220.2013,48000000
owd_downlink_ms,219.7507,48000000
owd_uplink_ms,217.7588,48000000
owd_downlink_ms,219.0094,48000000
prediction_position_error_mm,11.949682608246803,48000000
prediction_orientation_error_deg,0,48000000
owd_uplink_ms,220.232,48100000
owd_downlink_ms,219.2764,48100000
prediction_position_error_mm,13.066655956208706,48100000
prediction_orientation_error_deg,0,48100000
prediction_position_error_mm,14.251566492021084,48200000
prediction_orientation_error_deg,0,48200000
owd_uplink_ms,220.1684,48300000
owd_downlink_ms,215.9838,48300000
prediction_position_error_mm,6.30683358758688,48300000
prediction_orientation_error_deg,0,48300000
owd_uplink_ms,224.3232,48400000
owd_downlink_ms,219.6135,48400000
prediction_position_error_mm,54.435569792985916,48400000
prediction_orientation_error_deg,0,48400000
owd_uplink_ms,216.188,48500000
owd_downlink_ms,223.229,48500000
owd_uplink_ms,216.5156,48500000
owd_downlink_ms,215.4231,48500000
prediction_position_error_mm,13.684110715985298,48500000
prediction_orientation_error_deg,0,48500000
owd_uplink_ms,215.3631,48600000
owd_downlink_ms,217.4358,48600000
prediction_position_error_mm,12.326684780418873,48600000
prediction_orientation_error_deg,0,48600000
prediction_position_error_mm,13.41294962912798,48700000
prediction_orientation_error_deg,0,48700000
owd_uplink_ms,218.1008,48800000
owd_downlink_ms,222.5239,48800000
prediction_position_error_mm,12.20456138253212,48800000
prediction_orientation_error_deg,0,48800000
owd_uplink_ms,215.7947,48900000
owd_downlink_ms,214.8263,48900000
prediction_position_error_mm,13.755601830780506,48900000
prediction_orientation_error_deg,0,48900000
owd_uplink_ms,223.5608,49000000
owd_downlink_ms,224.0929,49000000
prediction_position_error_mm,18.12710426747799,49000000
prediction_orientation_error_deg,0,49000000
owd_uplink_ms,223.5034,49100000
owd_downlink_ms,219.4476,49100000
prediction_position_error_mm,14.305983670055866,49100000
prediction_orientation_error_deg,0,49100000
owd_uplink_ms,218.2134,49200000
owd_downlink_ms,221.4415,49200000
prediction_position_error_mm,15.987420454621315,49200000
prediction_orientation_error_deg,0,49200000
owd_uplink_ms,218.9826,49300000
owd_downlink_ms,220.6133,49300000
prediction_position_error_mm,13.516808860003948,49300000
prediction_orientation_error_deg,0,49300000
owd_uplink_ms,219.3092,49400000
owd_downlink_ms,220.0891,49400000
owd_uplink_ms,219.8143,49400000
owd_downlink_ms,215.6643,49400000
prediction_position_error_mm,14.272627420723438,49400000
prediction_orientation_error_deg,0,49400000
prediction_position_error_mm,15.424701385200024,49500000
prediction_orientation_error_deg,0,49500000
prediction_position_error_mm,16.672400757670403,49600000
prediction_orientation_error_deg,0,49600000
owd_uplink_ms,223.6414,49700000
owd_downlink_ms,221.6165,49700000
owd_uplink_ms,221.4724,49700000
owd_downlink_ms,217.9578,49700000
prediction_position_error_mm,37.240587174892426,49700000
prediction_orientation_error_deg,0,49700000
owd_uplink_ms,217.5848,49800000
owd_downlink_ms,222.9778,49800000
prediction_position_error_mm,10.161898098886013,49800000
prediction_orientation_error_deg,0,49800000
owd_uplink_ms,216.6424,49900000
owd_downlink_ms,223.4944,49900000
owd_uplink_ms,216.3241,49900000
owd_downlink_ms,214.268,49900000
prediction_position_error_mm,13.179203495383263,49900000
prediction_orientation_error_deg,0,49900000
prediction_position_error_mm,14.342046342790127,50000000
prediction_orientation_error_deg,0,50000000
