name,value,ticks
prediction_position_error_mm,0,100000
prediction_orientation_error_deg,0,100000
prediction_position_error_mm,0,200000
prediction_orientation_error_deg,0,200000
prediction_position_error_mm,0,300000
prediction_orientation_error_deg,0,300000
prediction_position_error_mm,0,400000
prediction_orientation_error_deg,0,400000
prediction_position_error_mm,0,500000
prediction_orientation_error_deg,0,500000
prediction_position_error_mm,0,600000
prediction_orientation_error_deg,0,600000
prediction_position_error_mm,0,700000
prediction_orientation_error_deg,0,700000
prediction_position_error_mm,0,800000
prediction_orientation_error_deg,0,800000
prediction_position_error_mm,0,900000
prediction_orientation_error_deg,0,900000
prediction_position_error_mm,0,1000000
prediction_orientation_error_deg,0,1000000
prediction_position_error_mm,0,1100000
prediction_orientation_error_deg,0,1100000
prediction_position_error_mm,0,1200000
prediction_orientation_error_deg,0,1200000
prediction_position_error_mm,0,1300000
prediction_orientation_error_deg,0,1300000
prediction_position_error_mm,0,1400000
prediction_orientation_error_deg,0,1400000
prediction_position_error_mm,0,1500000
prediction_orientation_error_deg,0,1500000
prediction_position_error_mm,0,1600000
prediction_orientation_error_deg,0,1600000
prediction_position_error_mm,0,1700000
prediction_orientation_error_deg,0,1700000
prediction_position_error_mm,0,1800000
prediction_orientation_error_deg,0,1800000
prediction_position_error_mm,0,1900000
prediction_orientation_error_deg,0,1900000
prediction_position_error_mm,0,2000000
prediction_orientation_error_deg,0,2000000
prediction_position_error_mm,0,2100000
prediction_orientation_error_deg,0,2100000
prediction_position_error_mm,0,2200000
prediction_orientation_error_deg,0,2200000
prediction_position_error_mm,0,2300000
prediction_orientation_error_deg,0,2300000
prediction_position_error_mm,1299.9999523162842,2400000
prediction_orientation_error_deg,0,2400000
prediction_position_error_mm,1299.9999523162842,2500000
prediction_orientation_error_deg,0,2500000
prediction_position_error_mm,1300.0091314315796,2600000
prediction_orientation_error_deg,0,2600000
prediction_position_error_mm,1300.0091314315796,2700000
prediction_orientation_error_deg,0,2700000
prediction_position_error_mm,1300.0361919403076,2800000
prediction_orientation_error_deg,0,2800000
prediction_position_error_mm,1300.0564575195312,2900000
prediction_orientation_error_deg,0,2900000
prediction_position_error_mm,1300.0812530517578,3000000
prediction_orientation_error_deg,0,3000000
prediction_position_error_mm,1300.1103401184082,3100000
prediction_orientation_error_deg,0,3100000
prediction_position_error_mm,1300.143837928772,3200000
prediction_orientation_error_deg,0,3200000
prediction_position_error_mm,1300.1817464828491,3300000
prediction_orientation_error_deg,0,3300000
prediction_position_error_mm,1300.2238273620605,3400000
prediction_orientation_error_deg,0,3400000
prediction_position_error_mm,1300.2238273620605,3500000
prediction_orientation_error_deg,0,3500000
prediction_position_error_mm,1300.3205060958862,3600000
prediction_orientation_error_deg,0,3600000
prediction_position_error_mm,1300.3751039505005,3700000
prediction_orientation_error_deg,0,3700000
prediction_position_error_mm,1300.3751039505005,3800000
prediction_orientation_error_deg,0,3800000
prediction_position_error_mm,1300.495982170105,3900000
prediction_orientation_error_deg,0,3900000
prediction_position_error_mm,1300.5622625350952,4000000
prediction_orientation_error_deg,0,4000000
prediction_position_error_mm,1300.632119178772,4100000
prediction_orientation_error_deg,0,4100000
prediction_position_error_mm,1300.7055521011353,4200000
prediction_orientation_error_deg,0,4200000
prediction_position_error_mm,1300.782561302185,4300000
prediction_orientation_error_deg,0,4300000
prediction_position_error_mm,1300.8630275726318,4400000
prediction_orientation_error_deg,0,4400000
prediction_position_error_mm,1300.946593284607,4500000
prediction_orientation_error_deg,0,4500000
prediction_position_error_mm,1301.0333776474,4600000
prediction_orientation_error_deg,0,4600000
owd_uplink_ms,226.1531,4700000
owd_downlink_ms,226.1531,4700000
correction_magnitude_mm,1299.9999523162842,2404020
correction_magnitude_deg,0,2404020
prediction_position_error_mm,114.05476927757263,4700000
prediction_orientation_error_deg,0,4700000
prediction_position_error_mm,118.92633140087128,4800000
prediction_orientation_error_deg,0,4800000
owd_uplink_ms,229.6277,4900000
owd_downlink_ms,227.9069,4900000
correction_magnitude_mm,9.99937579035759,2601869
correction_magnitude_deg,0,2601869
owd_uplink_ms,230.3503,4900000
owd_downlink_ms,228.7894,4900000
prediction_position_error_mm,113.7937605381012,4900000
prediction_orientation_error_deg,0,4900000
prediction_position_error_mm,118.64322423934937,5000000
prediction_orientation_error_deg,0,5000000
owd_uplink_ms,227.2158,5100000
owd_downlink_ms,223.6329,5100000
correction_magnitude_mm,9.995723143219948,2795441
correction_magnitude_deg,0,2795441
owd_uplink_ms,231.5972,5100000
owd_downlink_ms,227.047,5100000
prediction_position_error_mm,113.49137127399445,5100000
prediction_orientation_error_deg,0,5100000
prediction_position_error_mm,113.49137127399445,5200000
prediction_orientation_error_deg,0,5200000
owd_uplink_ms,223.0889,5300000
owd_downlink_ms,231.5477,5300000
owd_uplink_ms,225.1242,5300000
owd_downlink_ms,227.2868,5300000
prediction_position_error_mm,4.301268141716719,5300000
prediction_orientation_error_deg,0,5300000
owd_uplink_ms,229.9883,5400000
owd_downlink_ms,228.0548,5400000
prediction_position_error_mm,6.21976749971509,5400000
prediction_orientation_error_deg,0,5400000
prediction_position_error_mm,6.706188898533583,5500000
prediction_orientation_error_deg,0,5500000
owd_uplink_ms,229.2382,5600000
owd_downlink_ms,230.088,5600000
owd_uplink_ms,226.6103,5600000
owd_downlink_ms,228.576,5600000
prediction_position_error_mm,5.44457184150815,5600000
prediction_orientation_error_deg,0,5600000
owd_uplink_ms,228.0719,5700000
owd_downlink_ms,226.8965,5700000
prediction_position_error_mm,9.36841033399105,5700000
prediction_orientation_error_deg,0,5700000
prediction_position_error_mm,6.084405817091465,5800000
prediction_orientation_error_deg,0,5800000
owd_uplink_ms,230.9164,5900000
owd_downlink_ms,225.408,5900000
owd_uplink_ms,227.3431,5900000
owd_downlink_ms,228.6595,5900000
prediction_position_error_mm,111.87214404344559,5900000
prediction_orientation_error_deg,0,5900000
prediction_position_error_mm,111.87214404344559,6000000
prediction_orientation_error_deg,0,6000000
owd_uplink_ms,225.2881,6100000
owd_downlink_ms,229.9563,6100000
prediction_position_error_mm,5.87659515440464,6100000
prediction_orientation_error_deg,0,6100000
owd_uplink_ms,229.9476,6200000
owd_downlink_ms,223.5396,6200000
prediction_position_error_mm,9.042470715939999,6200000
prediction_orientation_error_deg,0,6200000
owd_uplink_ms,224.7994,6300000
owd_downlink_ms,230.624,6300000
prediction_position_error_mm,111.09813302755356,6300000
prediction_orientation_error_deg,0,6300000
owd_uplink_ms,229.2572,6400000
owd_downlink_ms,230.7725,6400000
owd_uplink_ms,228.6463,6400000
owd_downlink_ms,223.9306,6400000
prediction_position_error_mm,15.425034798681736,6400000
prediction_orientation_error_deg,0,6400000
owd_uplink_ms,223.4914,6500000
owd_downlink_ms,224.7139,6500000
prediction_position_error_mm,4.436350427567959,6500000
prediction_orientation_error_deg,0,6500000
owd_uplink_ms,226.5101,6600000
owd_downlink_ms,228.1341,6600000
prediction_position_error_mm,4.296769853681326,6600000
prediction_orientation_error_deg,0,6600000
owd_uplink_ms,228.8272,6700000
owd_downlink_ms,226.4585,6700000
prediction_position_error_mm,8.134936913847923,6700000
prediction_orientation_error_deg,0,6700000
owd_uplink_ms,228.2898,6800000
owd_downlink_ms,227.4953,6800000
prediction_position_error_mm,10.149074718356133,6800000
prediction_orientation_error_deg,0,6800000
owd_uplink_ms,229.5286,6900000
owd_downlink_ms,228.8694,6900000
prediction_position_error_mm,6.381109822541475,6900000
prediction_orientation_error_deg,0,6900000
owd_uplink_ms,223.6779,7000000
owd_downlink_ms,225.941,7000000
prediction_position_error_mm,6.541664246469736,7000000
prediction_orientation_error_deg,0,7000000
prediction_position_error_mm,6.934174336493015,7100000
prediction_orientation_error_deg,0,7100000
owd_uplink_ms,226.8332,7200000
owd_downlink_ms,230.0365,7200000
owd_uplink_ms,227.2175,7200000
owd_downlink_ms,224.6831,7200000
prediction_position_error_mm,8.789109997451305,7200000
prediction_orientation_error_deg,0,7200000
owd_uplink_ms,223.9459,7300000
owd_downlink_ms,228.0843,7300000
prediction_position_error_mm,4.563654772937298,7300000
prediction_orientation_error_deg,0,7300000
prediction_position_error_mm,4.862506408244371,7400000
prediction_orientation_error_deg,0,7400000
owd_uplink_ms,229.6354,7500000
owd_downlink_ms,230.0916,7500000
prediction_position_error_mm,5.988452583551407,7500000
prediction_orientation_error_deg,0,7500000
owd_uplink_ms,232.2487,7600000
owd_downlink_ms,226.0093,7600000
prediction_position_error_mm,10.283781215548515,7600000
prediction_orientation_error_deg,0,7600000
owd_uplink_ms,229.8537,7700000
owd_downlink_ms,230.8847,7700000
owd_uplink_ms,225.4873,7700000
owd_downlink_ms,224.548,7700000
prediction_position_error_mm,7.422765251249075,7700000
prediction_orientation_error_deg,0,7700000
owd_uplink_ms,224.8784,7800000
owd_downlink_ms,228.6623,7800000
prediction_position_error_mm,4.388665780425072,7800000
prediction_orientation_error_deg,0,7800000
prediction_position_error_mm,4.755407106131315,7900000
prediction_orientation_error_deg,0,7900000
owd_uplink_ms,231.5349,8000000
owd_downlink_ms,226.1587,8000000
prediction_position_error_mm,52.58463695645332,8000000
prediction_orientation_error_deg,0,8000000
owd_uplink_ms,225.8512,8100000
owd_downlink_ms,229.6381,8100000
correction_magnitude_mm,6.921018473803997,5801771
correction_magnitude_deg,0,5801771
prediction_position_error_mm,104.69240695238113,8100000
prediction_orientation_error_deg,0,8100000
owd_uplink_ms,231.2305,8200000
owd_downlink_ms,231.5304,8200000
prediction_position_error_mm,104.17388379573822,8200000
prediction_orientation_error_deg,0,8200000
owd_uplink_ms,225.1051,8300000
owd_downlink_ms,229.9444,8300000
prediction_position_error_mm,5.431521218270063,8300000
prediction_orientation_error_deg,0,8300000
owd_uplink_ms,226.636,8400000
owd_downlink_ms,223.8429,8400000
owd_uplink_ms,230.4518,8400000
owd_downlink_ms,228.9137,8400000
prediction_position_error_mm,98.55477511882782,8400000
prediction_orientation_error_deg,0,8400000
owd_uplink_ms,228.3093,8500000
owd_downlink_ms,226.1639,8500000
prediction_position_error_mm,11.656396090984344,8500000
prediction_orientation_error_deg,0,8500000
prediction_position_error_mm,12.503447942435741,8600000
prediction_orientation_error_deg,0,8600000
prediction_position_error_mm,17.12700165808201,8700000
prediction_orientation_error_deg,0,8700000
owd_uplink_ms,232.3772,8800000
owd_downlink_ms,232.0669,8800000
correction_magnitude_mm,5.134434439241886,6399710
correction_magnitude_deg,0,6399710
owd_uplink_ms,225.3299,8800000
owd_downlink_ms,228.6652,8800000
correction_magnitude_mm,6.847571115940809,6503879
correction_magnitude_deg,0,6503879
prediction_position_error_mm,104.05395179986954,8800000
prediction_orientation_error_deg,0,8800000
owd_uplink_ms,231.6599,8900000
owd_downlink_ms,230.058,8900000
owd_uplink_ms,226.7691,8900000
owd_downlink_ms,223.6243,8900000
prediction_position_error_mm,13.581633567810059,8900000
prediction_orientation_error_deg,0,8900000
owd_uplink_ms,224.0603,9000000
owd_downlink_ms,228.182,9000000
prediction_position_error_mm,6.436084397137165,9000000
prediction_orientation_error_deg,0,9000000
prediction_position_error_mm,5.187067668884993,9100000
prediction_orientation_error_deg,0,9100000
owd_uplink_ms,230.3387,9200000
owd_downlink_ms,223.7331,9200000
prediction_position_error_mm,12.300425209105015,9200000
prediction_orientation_error_deg,0,9200000
owd_uplink_ms,227.3233,9300000
owd_downlink_ms,230.6258,9300000
prediction_position_error_mm,102.66581922769547,9300000
prediction_orientation_error_deg,0,9300000
owd_uplink_ms,231.603,9400000
owd_downlink_ms,225.9964,9400000
prediction_position_error_mm,47.95252904295921,9400000
prediction_orientation_error_deg,0,9400000
owd_uplink_ms,230.6758,9500000
owd_downlink_ms,225.5172,9500000
correction_magnitude_mm,6.817903369665146,7185513
correction_magnitude_deg,0,7185513
owd_uplink_ms,225.1487,9500000
owd_downlink_ms,226.4163,9500000
prediction_position_error_mm,93.08119118213654,9500000
prediction_orientation_error_deg,0,9500000
owd_uplink_ms,228.3495,9600000
owd_downlink_ms,227.0284,9600000
prediction_position_error_mm,13.700339943170547,9600000
prediction_orientation_error_deg,0,9600000
owd_uplink_ms,228.3989,9700000
owd_downlink_ms,227.3963,9700000
prediction_position_error_mm,10.058652609586716,9700000
prediction_orientation_error_deg,0,9700000
prediction_position_error_mm,10.866560973227024,9800000
prediction_orientation_error_deg,0,9800000
owd_uplink_ms,222.9126,9900000
owd_downlink_ms,232.1216,9900000
prediction_position_error_mm,6.281469948589802,9900000
prediction_orientation_error_deg,0,9900000
owd_uplink_ms,223.6203,10000000
owd_downlink_ms,229.9132,10000000
owd_uplink_ms,229.663,10000000
owd_downlink_ms,229.5787,10000000
prediction_position_error_mm,11.716784909367561,10000000
prediction_orientation_error_deg,0,10000000
prediction_position_error_mm,9.400158189237118,10100000
prediction_orientation_error_deg,0,10100000
owd_uplink_ms,228.688,10200000
owd_downlink_ms,231.0743,10200000
owd_uplink_ms,226.6908,10200000
owd_downlink_ms,227.2945,10200000
prediction_position_error_mm,7.998354732990265,10200000
prediction_orientation_error_deg,0,10200000
prediction_position_error_mm,8.772364817559719,10300000
prediction_orientation_error_deg,0,10300000
owd_uplink_ms,224.7421,10400000
owd_downlink_ms,229.3281,10400000
owd_uplink_ms,230.745,10400000
owd_downlink_ms,227.6785,10400000
prediction_position_error_mm,12.110850773751736,10400000
prediction_orientation_error_deg,0,10400000
prediction_position_error_mm,16.270365566015244,10500000
prediction_orientation_error_deg,0,10500000
prediction_position_error_mm,14.081818051636219,10600000
prediction_orientation_error_deg,0,10600000
owd_uplink_ms,230.8896,10700000
owd_downlink_ms,230.692,10700000
owd_uplink_ms,231.6414,10700000
owd_downlink_ms,226.3422,10700000
prediction_position_error_mm,12.2819310054183,10700000
prediction_orientation_error_deg,0,10700000
owd_uplink_ms,224.677,10800000
owd_downlink_ms,223.8333,10800000
owd_uplink_ms,231.2981,10800000
owd_downlink_ms,228.031,10800000
prediction_position_error_mm,89.03107047080994,10800000
prediction_orientation_error_deg,0,10800000
prediction_position_error_mm,92.54132956266403,10900000
prediction_orientation_error_deg,0,10900000
owd_uplink_ms,225.4028,11000000
owd_downlink_ms,231.6419,11000000
prediction_position_error_mm,7.540691643953323,11000000
prediction_orientation_error_deg,0,11000000
prediction_position_error_mm,8.30383412539959,11100000
prediction_orientation_error_deg,0,11100000
owd_uplink_ms,231.2573,11200000
owd_downlink_ms,230.2021,11200000
owd_uplink_ms,227.767,11200000
owd_downlink_ms,230.1798,11200000
owd_uplink_ms,229.6077,11200000
owd_downlink_ms,229.231,11200000
prediction_position_error_mm,9.947153739631176,11200000
prediction_orientation_error_deg,0,11200000
prediction_position_error_mm,10.846048593521118,11300000
prediction_orientation_error_deg,0,11300000
owd_uplink_ms,230.032,11400000
owd_downlink_ms,223.6383,11400000
owd_uplink_ms,229.283,11400000
owd_downlink_ms,228.2599,11400000
prediction_position_error_mm,84.99167114496231,11400000
prediction_orientation_error_deg,0,11400000
owd_uplink_ms,224.3313,11500000
owd_downlink_ms,225.2079,11500000
prediction_position_error_mm,12.94613815844059,11500000
prediction_orientation_error_deg,0,11500000
owd_uplink_ms,228.9211,11600000
owd_downlink_ms,228.6134,11600000
prediction_position_error_mm,10.521776042878628,11600000
prediction_orientation_error_deg,0,11600000
owd_uplink_ms,223.972,11700000
owd_downlink_ms,226.3062,11700000
prediction_position_error_mm,10.507184080779552,11700000
prediction_orientation_error_deg,0,11700000
prediction_position_error_mm,9.034144692122936,11800000
prediction_orientation_error_deg,0,11800000
owd_uplink_ms,231.3892,11900000
owd_downlink_ms,227.6928,11900000
prediction_position_error_mm,39.24613445997238,11900000
prediction_orientation_error_deg,0,11900000
owd_uplink_ms,231.1462,12000000
owd_downlink_ms,225.6584,12000000
correction_magnitude_mm,5.910535342991352,9688991
correction_magnitude_deg,0,9688991
owd_uplink_ms,226.5607,12000000
owd_downlink_ms,230.156,12000000
prediction_position_error_mm,80.77304810285568,12000000
prediction_orientation_error_deg,0,12000000
prediction_position_error_mm,83.89541506767273,12100000
prediction_orientation_error_deg,0,12100000
owd_uplink_ms,223.5159,12200000
owd_downlink_ms,232.1107,12200000
owd_uplink_ms,224.652,12200000
owd_downlink_ms,228.9471,12200000
prediction_position_error_mm,7.220808882266283,12200000
prediction_orientation_error_deg,0,12200000
prediction_position_error_mm,9.69741027802229,12300000
prediction_orientation_error_deg,0,12300000
owd_uplink_ms,229.7317,12400000
owd_downlink_ms,226.1716,12400000
owd_uplink_ms,232.9762,12400000
owd_downlink_ms,228.8769,12400000
prediction_position_error_mm,77.88072526454926,12400000
prediction_orientation_error_deg,0,12400000
prediction_position_error_mm,80.87094873189926,12500000
prediction_orientation_error_deg,0,12500000
owd_uplink_ms,228.3513,12600000
owd_downlink_ms,230.1714,12600000
owd_uplink_ms,225.721,12600000
owd_downlink_ms,227.6513,12600000
prediction_position_error_mm,9.288149885833263,12600000
prediction_orientation_error_deg,0,12600000
owd_uplink_ms,229.4751,12700000
owd_downlink_ms,226.6393,12700000
prediction_position_error_mm,13.689916580915451,12700000
prediction_orientation_error_deg,0,12700000
prediction_position_error_mm,14.79320414364338,12800000
prediction_orientation_error_deg,0,12800000
owd_uplink_ms,224.2275,12900000
owd_downlink_ms,224.2907,12900000
owd_uplink_ms,232.6287,12900000
owd_downlink_ms,228.9084,12900000
prediction_position_error_mm,74.19950515031815,12900000
prediction_orientation_error_deg,0,12900000
prediction_position_error_mm,74.19950515031815,13000000
prediction_orientation_error_deg,0,13000000
owd_uplink_ms,225.6682,13100000
owd_downlink_ms,232.0779,13100000
prediction_position_error_mm,10.053340345621109,13100000
prediction_orientation_error_deg,0,13100000
owd_uplink_ms,229.0285,13200000
owd_downlink_ms,231.2586,13200000
prediction_position_error_mm,10.418098419904709,13200000
prediction_orientation_error_deg,0,13200000
owd_uplink_ms,226.7841,13300000
owd_downlink_ms,231.0447,13300000
owd_uplink_ms,226.5493,13300000
owd_downlink_ms,226.7675,13300000
prediction_position_error_mm,12.932617217302322,13300000
prediction_orientation_error_deg,0,13300000
owd_uplink_ms,229.3801,13400000
owd_downlink_ms,227.6045,13400000
prediction_position_error_mm,12.78125960379839,13400000
prediction_orientation_error_deg,0,13400000
owd_uplink_ms,229.5471,13500000
owd_downlink_ms,224.2756,13500000
prediction_position_error_mm,18.538212403655052,13500000
prediction_orientation_error_deg,0,13500000
owd_uplink_ms,226.5699,13600000
owd_downlink_ms,227.4277,13600000
prediction_position_error_mm,10.959492065012455,13600000
prediction_orientation_error_deg,0,13600000
prediction_position_error_mm,11.975212953984737,13700000
prediction_orientation_error_deg,0,13700000
owd_uplink_ms,226.8335,13800000
owd_downlink_ms,231.6152,13800000
prediction_position_error_mm,9.419359266757965,13800000
prediction_orientation_error_deg,0,13800000
owd_uplink_ms,227.1924,13900000
owd_downlink_ms,223.898,13900000
prediction_position_error_mm,13.538418337702751,13900000
prediction_orientation_error_deg,0,13900000
owd_uplink_ms,232.7247,14000000
owd_downlink_ms,230.9318,14000000
prediction_position_error_mm,69.24162805080414,14000000
prediction_orientation_error_deg,0,14000000
owd_uplink_ms,232.722,14100000
owd_downlink_ms,227.7348,14100000
correction_magnitude_mm,6.497474852949381,11798632
correction_magnitude_deg,0,11798632
owd_uplink_ms,228.0897,14100000
owd_downlink_ms,228.2135,14100000
prediction_position_error_mm,65.25371223688126,14100000
prediction_orientation_error_deg,0,14100000
prediction_position_error_mm,67.69271939992905,14200000
prediction_orientation_error_deg,0,14200000
owd_uplink_ms,227.7807,14300000
owd_downlink_ms,232.0977,14300000
owd_uplink_ms,227.7909,14300000
owd_downlink_ms,224.2659,14300000
prediction_position_error_mm,14.995732344686985,14300000
prediction_orientation_error_deg,0,14300000
prediction_position_error_mm,16.196465119719505,14400000
prediction_orientation_error_deg,0,14400000
owd_uplink_ms,227.2293,14500000
owd_downlink_ms,230.3007,14500000
owd_uplink_ms,225.1647,14500000
owd_downlink_ms,224.871,14500000
prediction_position_error_mm,12.471194379031658,14500000
prediction_orientation_error_deg,0,14500000
prediction_position_error_mm,15.023532323539257,14600000
prediction_orientation_error_deg,0,14600000
owd_uplink_ms,231.171,14700000
owd_downlink_ms,223.8943,14700000
owd_uplink_ms,225.6977,14700000
owd_downlink_ms,229.4815,14700000
prediction_position_error_mm,58.56660753488541,14700000
prediction_orientation_error_deg,0,14700000
owd_uplink_ms,224.5379,14800000
owd_downlink_ms,227.6809,14800000
prediction_position_error_mm,10.621394962072372,14800000
prediction_orientation_error_deg,0,14800000
owd_uplink_ms,229.058,14900000
owd_downlink_ms,224.7309,14900000
prediction_position_error_mm,15.815868973731995,14900000
prediction_orientation_error_deg,0,14900000
owd_uplink_ms,227.1266,15000000
owd_downlink_ms,229.7634,15000000
prediction_position_error_mm,12.152833864092827,15000000
prediction_orientation_error_deg,0,15000000
prediction_position_error_mm,12.141539715230465,15100000
prediction_orientation_error_deg,0,15100000
owd_uplink_ms,224.626,15200000
owd_downlink_ms,230.3008,15200000
owd_uplink_ms,226.1152,15200000
owd_downlink_ms,226.3454,15200000
prediction_position_error_mm,12.439751997590065,15200000
prediction_orientation_error_deg,0,15200000
prediction_position_error_mm,14.652913436293602,15300000
prediction_orientation_error_deg,0,15300000
prediction_position_error_mm,14.727766625583172,15400000
prediction_orientation_error_deg,0,15400000
owd_uplink_ms,230.7875,15500000
owd_downlink_ms,229.6974,15500000
owd_uplink_ms,226.5853,15500000
owd_downlink_ms,230.5422,15500000
owd_uplink_ms,230.0859,15500000
owd_downlink_ms,222.932,15500000
prediction_position_error_mm,17.902469262480736,15500000
prediction_orientation_error_deg,0,15500000
prediction_position_error_mm,19.24768090248108,15600000
prediction_orientation_error_deg,0,15600000
owd_uplink_ms,232.5759,15700000
owd_downlink_ms,228.8263,15700000
prediction_position_error_mm,14.681088738143444,15700000
prediction_orientation_error_deg,0,15700000
owd_uplink_ms,228.7625,15800000
owd_downlink_ms,230.6937,15800000
prediction_position_error_mm,55.971235036849976,15800000
prediction_orientation_error_deg,0,15800000
owd_uplink_ms,227.4205,15900000
owd_downlink_ms,226.6641,15900000
correction_magnitude_mm,5.333221983164549,13599501
correction_magnitude_deg,0,13599501
owd_uplink_ms,230.311,15900000
owd_downlink_ms,229.9934,15900000
prediction_position_error_mm,52.697326987981796,15900000
prediction_orientation_error_deg,0,15900000
prediction_position_error_mm,52.697326987981796,16000000
prediction_orientation_error_deg,0,16000000
owd_uplink_ms,224.7003,16100000
owd_downlink_ms,230.3328,16100000
owd_uplink_ms,227.7443,16100000
owd_downlink_ms,224.1581,16100000
prediction_position_error_mm,15.187869779765606,16100000
prediction_orientation_error_deg,0,16100000
owd_uplink_ms,227.1039,16200000
owd_downlink_ms,225.1643,16200000
prediction_position_error_mm,15.124768950045109,16200000
prediction_orientation_error_deg,0,16200000
owd_uplink_ms,229.3672,16300000
owd_downlink_ms,225.8265,16300000
prediction_position_error_mm,15.290388837456703,16300000
prediction_orientation_error_deg,0,16300000
owd_uplink_ms,226.1717,16400000
owd_downlink_ms,227.5502,16400000
prediction_position_error_mm,13.294627889990807,16400000
prediction_orientation_error_deg,0,16400000
owd_uplink_ms,227.1002,16500000
owd_downlink_ms,229.771,16500000
prediction_position_error_mm,12.242872267961502,16500000
prediction_orientation_error_deg,0,16500000
owd_uplink_ms,226.858,16600000
owd_downlink_ms,226.6203,16600000
prediction_position_error_mm,13.495317660272121,16600000
prediction_orientation_error_deg,0,16600000
owd_uplink_ms,224.3589,16700000
owd_downlink_ms,225.8917,16700000
prediction_position_error_mm,13.162710703909397,16700000
prediction_orientation_error_deg,0,16700000
owd_uplink_ms,225.0431,16800000
owd_downlink_ms,225.603,16800000
prediction_position_error_mm,13.191692531108856,16800000
prediction_orientation_error_deg,0,16800000
prediction_position_error_mm,14.361444860696793,16900000
prediction_orientation_error_deg,0,16900000
prediction_position_error_mm,15.882402658462524,17000000
prediction_orientation_error_deg,0,17000000
owd_uplink_ms,231.3585,17100000
owd_downlink_ms,230.5347,17100000
owd_uplink_ms,225.6579,17100000
owd_downlink_ms,227.4192,17100000
prediction_position_error_mm,60.022398829460144,17100000
prediction_orientation_error_deg,0,17100000
owd_uplink_ms,233.0743,17200000
owd_downlink_ms,231.3557,17200000
owd_uplink_ms,225.907,17200000
owd_downlink_ms,228.1561,17200000
prediction_position_error_mm,13.33807222545147,17200000
prediction_orientation_error_deg,0,17200000
prediction_position_error_mm,14.518595300614834,17300000
prediction_orientation_error_deg,0,17300000
owd_uplink_ms,224.1341,17400000
owd_downlink_ms,227.6128,17400000
prediction_position_error_mm,13.537757098674774,17400000
prediction_orientation_error_deg,0,17400000
owd_uplink_ms,233.1134,17500000
owd_downlink_ms,232.1156,17500000
owd_uplink_ms,224.2752,17500000
owd_downlink_ms,225.5089,17500000
prediction_position_error_mm,13.582410290837288,17500000
prediction_orientation_error_deg,0,17500000
prediction_position_error_mm,14.678265899419785,17600000
prediction_orientation_error_deg,0,17600000
owd_uplink_ms,230.6996,17700000
owd_downlink_ms,225.6754,17700000
prediction_position_error_mm,15.11348970234394,17700000
prediction_orientation_error_deg,0,17700000
owd_uplink_ms,228.2654,17800000
owd_downlink_ms,231.6309,17800000
prediction_position_error_mm,45.86886987090111,17800000
prediction_orientation_error_deg,0,17800000
owd_uplink_ms,224.9719,17900000
owd_downlink_ms,230.4199,17900000
owd_uplink_ms,228.3416,17900000
owd_downlink_ms,223.5356,17900000
prediction_position_error_mm,15.322179533541203,17900000
prediction_orientation_error_deg,0,17900000
prediction_position_error_mm,16.589071601629257,18000000
prediction_orientation_error_deg,0,18000000
owd_uplink_ms,225.7856,18100000
owd_downlink_ms,230.1536,18100000
owd_uplink_ms,226.5688,18100000
owd_downlink_ms,223.3296,18100000
prediction_position_error_mm,14.653763733804226,18100000
prediction_orientation_error_deg,0,18100000
owd_uplink_ms,227.7965,18200000
owd_downlink_ms,224.6997,18200000
prediction_position_error_mm,14.626799151301384,18200000
prediction_orientation_error_deg,0,18200000
prediction_position_error_mm,15.866497531533241,18300000
prediction_orientation_error_deg,0,18300000
owd_uplink_ms,230.0578,18400000
owd_downlink_ms,225.7784,18400000
owd_uplink_ms,224.6052,18400000
owd_downlink_ms,228.0525,18400000
prediction_position_error_mm,42.74323955178261,18400000
prediction_orientation_error_deg,0,18400000
prediction_position_error_mm,42.74323955178261,18500000
prediction_orientation_error_deg,0,18500000
prediction_position_error_mm,46.36143147945404,18600000
prediction_orientation_error_deg,0,18600000
owd_uplink_ms,227.1571,18700000
owd_downlink_ms,229.9392,18700000
owd_uplink_ms,233.2977,18700000
owd_downlink_ms,231.049,18700000
prediction_position_error_mm,44.44028064608574,18700000
prediction_orientation_error_deg,0,18700000
owd_uplink_ms,230.9926,18800000
owd_downlink_ms,227.215,18800000
owd_uplink_ms,227.1635,18800000
owd_downlink_ms,229.1354,18800000
prediction_position_error_mm,42.59026423096657,18800000
prediction_orientation_error_deg,0,18800000
owd_uplink_ms,225.5849,18900000
owd_downlink_ms,228.1177,18900000
prediction_position_error_mm,13.572730123996735,18900000
prediction_orientation_error_deg,0,18900000
prediction_position_error_mm,14.76382277905941,19000000
prediction_orientation_error_deg,0,19000000
owd_uplink_ms,225.4871,19100000
owd_downlink_ms,226.0467,19100000
prediction_position_error_mm,13.761539943516254,19100000
prediction_orientation_error_deg,0,19100000
owd_uplink_ms,232.5689,19200000
owd_downlink_ms,232.2519,19200000
owd_uplink_ms,225.7543,19200000
owd_downlink_ms,223.0535,19200000
prediction_position_error_mm,14.318804256618023,19200000
prediction_orientation_error_deg,0,19200000
prediction_position_error_mm,15.542661771178246,19300000
prediction_orientation_error_deg,0,19300000
owd_uplink_ms,224.4435,19400000
owd_downlink_ms,224.9392,19400000
owd_uplink_ms,230.9256,19400000
owd_downlink_ms,227.1222,19400000
prediction_position_error_mm,43.23551431298256,19400000
prediction_orientation_error_deg,0,19400000
prediction_position_error_mm,45.21554708480835,19500000
prediction_orientation_error_deg,0,19500000
owd_uplink_ms,229.4397,19600000
owd_downlink_ms,232.3513,19600000
owd_uplink_ms,228.6192,19600000
owd_downlink_ms,229.3712,19600000
prediction_position_error_mm,13.866583816707134,19600000
prediction_orientation_error_deg,0,19600000
owd_uplink_ms,228.4336,19700000
owd_downlink_ms,227.9015,19700000
prediction_position_error_mm,13.920429162681103,19700000
prediction_orientation_error_deg,0,19700000
prediction_position_error_mm,14.211767353117466,19800000
prediction_orientation_error_deg,0,19800000
owd_uplink_ms,225.19,19900000
owd_downlink_ms,228.9668,19900000
prediction_position_error_mm,14.473499730229378,19900000
prediction_orientation_error_deg,0,19900000
owd_uplink_ms,231.7139,20000000
owd_downlink_ms,232.0045,20000000
owd_uplink_ms,229.1936,20000000
owd_downlink_ms,226.4633,20000000
prediction_position_error_mm,13.952009379863739,20000000
prediction_orientation_error_deg,0,20000000
prediction_position_error_mm,15.15552494674921,20100000
prediction_orientation_error_deg,0,20100000
owd_uplink_ms,224.7983,20200000
owd_downlink_ms,230.5851,20200000
owd_uplink_ms,226.5139,20200000
owd_downlink_ms,225.3486,20200000
prediction_position_error_mm,13.847960159182549,20200000
prediction_orientation_error_deg,0,20200000
prediction_position_error_mm,13.935652561485767,20300000
prediction_orientation_error_deg,0,20300000
owd_uplink_ms,225.0428,20400000
owd_downlink_ms,228.6047,20400000
owd_uplink_ms,225.2562,20400000
owd_downlink_ms,226.8712,20400000
prediction_position_error_mm,12.638909742236137,20400000
prediction_orientation_error_deg,0,20400000
owd_uplink_ms,228.9265,20500000
owd_downlink_ms,224.0453,20500000
prediction_position_error_mm,12.889404781162739,20500000
prediction_orientation_error_deg,0,20500000
owd_uplink_ms,226.9916,20600000
owd_downlink_ms,228.4108,20600000
prediction_position_error_mm,13.995761051774025,20600000
prediction_orientation_error_deg,0,20600000
owd_uplink_ms,228.7167,20700000
owd_downlink_ms,224.2223,20700000
prediction_position_error_mm,12.626873329281807,20700000
prediction_orientation_error_deg,0,20700000
prediction_position_error_mm,14.75118100643158,20800000
prediction_orientation_error_deg,0,20800000
owd_uplink_ms,229.6445,20900000
owd_downlink_ms,223.794,20900000
owd_uplink_ms,230.7898,20900000
owd_downlink_ms,229.5214,20900000
prediction_position_error_mm,48.953741788864136,20900000
prediction_orientation_error_deg,0,20900000
owd_uplink_ms,223.5992,21000000
owd_downlink_ms,228.893,21000000
prediction_position_error_mm,14.440381899476051,21000000
prediction_orientation_error_deg,0,21000000
prediction_position_error_mm,15.6474020332098,21100000
prediction_orientation_error_deg,0,21100000
owd_uplink_ms,227.906,21200000
owd_downlink_ms,230.186,21200000
owd_uplink_ms,227.6339,21200000
owd_downlink_ms,227.1869,21200000
prediction_position_error_mm,12.11716327816248,21200000
prediction_orientation_error_deg,0,21200000
owd_uplink_ms,229.0436,21300000
owd_downlink_ms,227.6654,21300000
prediction_position_error_mm,13.466546311974525,21300000
prediction_orientation_error_deg,0,21300000
prediction_position_error_mm,13.076810166239738,21400000
prediction_orientation_error_deg,0,21400000
owd_uplink_ms,231.7417,21500000
owd_downlink_ms,228.1618,21500000
owd_uplink_ms,229.0318,21500000
owd_downlink_ms,229.8522,21500000
prediction_position_error_mm,49.92067441344261,21500000
prediction_orientation_error_deg,0,21500000
owd_uplink_ms,224.0916,21600000
owd_downlink_ms,228.1952,21600000
prediction_position_error_mm,12.609333731234074,21600000
prediction_orientation_error_deg,0,21600000
owd_uplink_ms,226.1834,21700000
owd_downlink_ms,224.79,21700000
prediction_position_error_mm,13.286115601658821,21700000
prediction_orientation_error_deg,0,21700000
owd_uplink_ms,224.3196,21800000
owd_downlink_ms,224.9374,21800000
prediction_position_error_mm,13.7300044298172,21800000
prediction_orientation_error_deg,0,21800000
owd_uplink_ms,225.0114,21900000
owd_downlink_ms,223.9196,21900000
prediction_position_error_mm,13.25648557394743,21900000
prediction_orientation_error_deg,0,21900000
owd_uplink_ms,227.2104,22000000
owd_downlink_ms,226.8673,22000000
prediction_position_error_mm,13.403275981545448,22000000
prediction_orientation_error_deg,0,22000000
prediction_position_error_mm,12.616931460797787,22100000
prediction_orientation_error_deg,0,22100000
owd_uplink_ms,231.6745,22200000
owd_downlink_ms,224.5591,22200000
owd_uplink_ms,228.4762,22200000
owd_downlink_ms,228.7829,22200000
prediction_position_error_mm,57.227395474910736,22200000
prediction_orientation_error_deg,0,22200000
owd_uplink_ms,228.8265,22300000
owd_downlink_ms,228.6681,22300000
prediction_position_error_mm,13.250009156763554,22300000
prediction_orientation_error_deg,0,22300000
owd_uplink_ms,224.2323,22400000
owd_downlink_ms,224.9498,22400000
prediction_position_error_mm,11.384543031454086,22400000
prediction_orientation_error_deg,0,22400000
owd_uplink_ms,227.3639,22500000
owd_downlink_ms,228.3102,22500000
prediction_position_error_mm,13.562905602157116,22500000
prediction_orientation_error_deg,0,22500000
prediction_position_error_mm,12.476541101932526,22600000
prediction_orientation_error_deg,0,22600000
prediction_position_error_mm,15.91089740395546,22700000
prediction_orientation_error_deg,0,22700000
owd_uplink_ms,231.816,22800000
owd_downlink_ms,232.7608,22800000
owd_uplink_ms,231.0582,22800000
owd_downlink_ms,228.8246,22800000
prediction_position_error_mm,14.699416235089302,22800000
prediction_orientation_error_deg,0,22800000
owd_uplink_ms,227.3834,22900000
owd_downlink_ms,224.9626,22900000
prediction_position_error_mm,50.68669095635414,22900000
prediction_orientation_error_deg,0,22900000
owd_uplink_ms,230.7374,23000000
owd_downlink_ms,231.1737,23000000
prediction_position_error_mm,62.380071729421616,23000000
prediction_orientation_error_deg,0,23000000
owd_uplink_ms,229.1682,23100000
owd_downlink_ms,228.5152,23100000
owd_uplink_ms,231.3985,23100000
owd_downlink_ms,230.8722,23100000
prediction_position_error_mm,60.767628252506256,23100000
prediction_orientation_error_deg,0,23100000
owd_uplink_ms,226.1471,23200000
owd_downlink_ms,225.5742,23200000
prediction_position_error_mm,10.155228897929192,23200000
prediction_orientation_error_deg,0,23200000
owd_uplink_ms,223.2026,23300000
owd_downlink_ms,229.4346,23300000
prediction_position_error_mm,15.761777758598328,23300000
prediction_orientation_error_deg,0,23300000
owd_uplink_ms,226.8094,23400000
owd_downlink_ms,224.0942,23400000
prediction_position_error_mm,9.561180137097836,23400000
prediction_orientation_error_deg,0,23400000
prediction_position_error_mm,12.662498280405998,23500000
prediction_orientation_error_deg,0,23500000
owd_uplink_ms,229.3099,23600000
owd_downlink_ms,226.6611,23600000
owd_uplink_ms,225.9363,23600000
owd_downlink_ms,228.0044,23600000
prediction_position_error_mm,64.46479260921478,23600000
prediction_orientation_error_deg,0,23600000
prediction_position_error_mm,67.77574121952057,23700000
prediction_orientation_error_deg,0,23700000
owd_uplink_ms,230.8318,23800000
owd_downlink_ms,226.1024,23800000
prediction_position_error_mm,38.29021379351616,23800000
prediction_orientation_error_deg,0,23800000
owd_uplink_ms,229.5217,23900000
owd_downlink_ms,225.0095,23900000
prediction_position_error_mm,10.358799248933792,23900000
prediction_orientation_error_deg,0,23900000
owd_uplink_ms,227.7278,24000000
owd_downlink_ms,227.4651,24000000
owd_uplink_ms,229.8699,24000000
owd_downlink_ms,229.0532,24000000
prediction_position_error_mm,67.46210157871246,24000000
prediction_orientation_error_deg,0,24000000
owd_uplink_ms,227.387,24100000
owd_downlink_ms,227.5173,24100000
prediction_position_error_mm,9.239192120730877,24100000
prediction_orientation_error_deg,0,24100000
owd_uplink_ms,225.4907,24200000
owd_downlink_ms,225.7022,24200000
prediction_position_error_mm,12.173804454505444,24200000
prediction_orientation_error_deg,0,24200000
owd_uplink_ms,226.9207,24300000
owd_downlink_ms,228.9663,24300000
prediction_position_error_mm,10.255450382828712,24300000
prediction_orientation_error_deg,0,24300000
prediction_position_error_mm,14.296670444309711,24400000
prediction_orientation_error_deg,0,24400000
owd_uplink_ms,229.0021,24500000
owd_downlink_ms,228.821,24500000
prediction_position_error_mm,9.602557867765427,24500000
prediction_orientation_error_deg,0,24500000
owd_uplink_ms,228.1797,24600000
owd_downlink_ms,233.4199,24600000
owd_uplink_ms,226.03,24600000
owd_downlink_ms,224.5233,24600000
prediction_position_error_mm,8.472359739243984,24600000
prediction_orientation_error_deg,0,24600000
prediction_position_error_mm,9.379714727401733,24700000
prediction_orientation_error_deg,0,24700000
owd_uplink_ms,229.6761,24800000
owd_downlink_ms,228.2815,24800000
prediction_position_error_mm,11.83734368532896,24800000
prediction_orientation_error_deg,0,24800000
owd_uplink_ms,223.8422,24900000
owd_downlink_ms,231.5573,24900000
prediction_position_error_mm,80.94097673892975,24900000
prediction_orientation_error_deg,0,24900000
owd_uplink_ms,229.2018,25000000
owd_downlink_ms,227.6363,25000000
correction_magnitude_mm,6.005449220538139,22694581
correction_magnitude_deg,0,22694581
prediction_position_error_mm,11.777903884649277,25000000
prediction_orientation_error_deg,0,25000000
owd_uplink_ms,231.3271,25100000
owd_downlink_ms,231.8968,25100000
prediction_position_error_mm,78.74833047389984,25100000
prediction_orientation_error_deg,0,25100000
owd_uplink_ms,227.7504,25200000
owd_downlink_ms,231.7137,25200000
prediction_position_error_mm,12.12000846862793,25200000
prediction_orientation_error_deg,0,25200000
owd_uplink_ms,225.8866,25300000
owd_downlink_ms,229.9209,25300000
prediction_position_error_mm,12.213965877890587,25300000
prediction_orientation_error_deg,0,25300000
prediction_position_error_mm,13.320842757821083,25400000
prediction_orientation_error_deg,0,25400000
owd_uplink_ms,232.3741,25500000
owd_downlink_ms,230.2958,25500000
owd_uplink_ms,231.5615,25500000
owd_downlink_ms,229.0977,25500000
prediction_position_error_mm,9.917894378304482,25500000
prediction_orientation_error_deg,0,25500000
owd_uplink_ms,230.1191,25600000
owd_downlink_ms,227.647,25600000
owd_uplink_ms,225.0565,25600000
owd_downlink_ms,227.9545,25600000
prediction_position_error_mm,79.3849229812622,25600000
prediction_orientation_error_deg,0,25600000
prediction_position_error_mm,87.36629039049149,25700000
prediction_orientation_error_deg,0,25700000
owd_uplink_ms,230.3094,25800000
owd_downlink_ms,225.5129,25800000
correction_magnitude_mm,6.5534221939742565,23494150
correction_magnitude_deg,0,23494150
owd_uplink_ms,228.1997,25800000
owd_downlink_ms,226.7973,25800000
prediction_position_error_mm,84.87158268690109,25800000
prediction_orientation_error_deg,0,25800000
prediction_position_error_mm,88.93872797489166,25900000
prediction_orientation_error_deg,0,25900000
owd_uplink_ms,230.0385,26000000
owd_downlink_ms,226.3291,26000000
prediction_position_error_mm,50.22412911057472,26000000
prediction_orientation_error_deg,0,26000000
owd_uplink_ms,229.9007,26100000
owd_downlink_ms,226.1096,26100000
prediction_position_error_mm,8.08116514235735,26100000
prediction_orientation_error_deg,0,26100000
owd_uplink_ms,229.4268,26200000
owd_downlink_ms,229.3212,26200000
prediction_position_error_mm,14.203226193785667,26200000
prediction_orientation_error_deg,0,26200000
prediction_position_error_mm,15.154224820435047,26300000
prediction_orientation_error_deg,0,26300000
owd_uplink_ms,229.9158,26400000
owd_downlink_ms,233.0999,26400000
owd_uplink_ms,229.535,26400000
owd_downlink_ms,230.199,26400000
prediction_position_error_mm,11.050878092646599,26400000
prediction_orientation_error_deg,0,26400000
owd_uplink_ms,226.4235,26500000
owd_downlink_ms,227.7987,26500000
owd_uplink_ms,229.667,26500000
owd_downlink_ms,229.5228,26500000
prediction_position_error_mm,90.02535790205002,26500000
prediction_orientation_error_deg,0,26500000
prediction_position_error_mm,94.2983478307724,26600000
prediction_orientation_error_deg,0,26600000
owd_uplink_ms,228.1871,26700000
owd_downlink_ms,229.968,26700000
correction_magnitude_mm,7.162296678870916,24391469
correction_magnitude_deg,0,24391469
owd_uplink_ms,231.0529,26700000
owd_downlink_ms,230.1462,26700000
prediction_position_error_mm,91.45336598157883,26700000
prediction_orientation_error_deg,0,26700000
prediction_position_error_mm,95.78245878219604,26800000
prediction_orientation_error_deg,0,26800000
prediction_position_error_mm,95.78245878219604,26900000
prediction_orientation_error_deg,0,26900000
owd_uplink_ms,229.3967,27000000
owd_downlink_ms,231.5418,27000000
owd_uplink_ms,230.0876,27000000
owd_downlink_ms,226.0868,27000000
prediction_position_error_mm,10.226662270724773,27000000
prediction_orientation_error_deg,0,27000000
prediction_position_error_mm,10.973427444696426,27100000
prediction_orientation_error_deg,0,27100000
owd_uplink_ms,228.5423,27200000
owd_downlink_ms,231.6152,27200000
owd_uplink_ms,231.2362,27200000
owd_downlink_ms,231.8481,27200000
owd_uplink_ms,224.0855,27200000
owd_downlink_ms,227.7899,27200000
prediction_position_error_mm,13.284008018672466,27200000
prediction_orientation_error_deg,0,27200000
prediction_position_error_mm,10.171347297728062,27300000
prediction_orientation_error_deg,0,27300000
owd_uplink_ms,224.5711,27400000
owd_downlink_ms,231.8697,27400000
prediction_position_error_mm,17.786921933293343,27400000
prediction_orientation_error_deg,0,27400000
owd_uplink_ms,231.2561,27500000
owd_downlink_ms,225.4464,27500000
prediction_position_error_mm,55.25907874107361,27500000
prediction_orientation_error_deg,0,27500000
owd_uplink_ms,229.6277,27600000
owd_downlink_ms,225.9561,27600000
prediction_position_error_mm,10.078865103423595,27600000
prediction_orientation_error_deg,0,27600000
owd_uplink_ms,230.3482,27700000
owd_downlink_ms,230.2482,27700000
prediction_position_error_mm,13.563081622123718,27700000
prediction_orientation_error_deg,0,27700000
owd_uplink_ms,231.2298,27800000
owd_downlink_ms,227.9586,27800000
prediction_position_error_mm,10.116868652403355,27800000
prediction_orientation_error_deg,0,27800000
owd_uplink_ms,230.2722,27900000
owd_downlink_ms,227.6186,27900000
prediction_position_error_mm,10.522384196519852,27900000
prediction_orientation_error_deg,0,27900000
prediction_position_error_mm,11.225041933357716,28000000
prediction_orientation_error_deg,0,28000000
owd_uplink_ms,223.9884,28100000
owd_downlink_ms,230.9274,28100000
owd_uplink_ms,232.1897,28100000
owd_downlink_ms,231.8832,28100000
owd_uplink_ms,223.2319,28100000
owd_downlink_ms,223.507,28100000
prediction_position_error_mm,9.007863700389862,28100000
prediction_orientation_error_deg,0,28100000
prediction_position_error_mm,9.767204523086548,28200000
prediction_orientation_error_deg,0,28200000
owd_uplink_ms,226.3409,28300000
owd_downlink_ms,231.2286,28300000
owd_uplink_ms,225.4026,28300000
owd_downlink_ms,225.4649,28300000
prediction_position_error_mm,9.102207608520985,28300000
prediction_orientation_error_deg,0,28300000
prediction_position_error_mm,9.846968576312065,28400000
prediction_orientation_error_deg,0,28400000
owd_uplink_ms,224.728,28500000
owd_downlink_ms,224.3126,28500000
owd_uplink_ms,232.009,28500000
owd_downlink_ms,229.3887,28500000
prediction_position_error_mm,103.17153483629227,28500000
prediction_orientation_error_deg,0,28500000
prediction_position_error_mm,107.94335603713989,28600000
prediction_orientation_error_deg,0,28600000
owd_uplink_ms,227.8106,28700000
owd_downlink_ms,231.8524,28700000
prediction_position_error_mm,10.993575677275658,28700000
prediction_orientation_error_deg,0,28700000
owd_uplink_ms,225.212,28800000
owd_downlink_ms,223.5063,28800000
prediction_position_error_mm,8.028188720345497,28800000
prediction_orientation_error_deg,0,28800000
owd_uplink_ms,231.2962,28900000
owd_downlink_ms,231.9996,28900000
owd_uplink_ms,229.689,28900000
owd_downlink_ms,228.3089,28900000
prediction_position_error_mm,4.30497108027339,28900000
prediction_orientation_error_deg,0,28900000
owd_uplink_ms,228.2186,29000000
owd_downlink_ms,226.1842,29000000
prediction_position_error_mm,6.196070928126574,29000000
prediction_orientation_error_deg,0,29000000
owd_uplink_ms,226.419,29100000
owd_downlink_ms,226.0604,29100000
prediction_position_error_mm,7.664368487894535,29100000
prediction_orientation_error_deg,0,29100000
prediction_position_error_mm,8.315516635775566,29200000
prediction_orientation_error_deg,0,29200000
owd_uplink_ms,229.8864,29300000
owd_downlink_ms,226.7201,29300000
prediction_position_error_mm,6.483934354037046,29300000
prediction_orientation_error_deg,0,29300000
owd_uplink_ms,228.9662,29400000
owd_downlink_ms,232.4012,29400000
owd_uplink_ms,229.0394,29400000
owd_downlink_ms,227.552,29400000
prediction_position_error_mm,6.168212741613388,29400000
prediction_orientation_error_deg,0,29400000
owd_uplink_ms,224.8981,29500000
owd_downlink_ms,223.7141,29500000
prediction_position_error_mm,6.290578283369541,29500000
prediction_orientation_error_deg,0,29500000
prediction_position_error_mm,6.864449474960566,29600000
prediction_orientation_error_deg,0,29600000
owd_uplink_ms,227.0698,29700000
owd_downlink_ms,225.9086,29700000
owd_uplink_ms,230.7899,29700000
owd_downlink_ms,226.9288,29700000
prediction_position_error_mm,109.61409658193588,29700000
prediction_orientation_error_deg,0,29700000
owd_uplink_ms,226.0667,29800000
owd_downlink_ms,227.8576,29800000
prediction_position_error_mm,5.053328815847635,29800000
prediction_orientation_error_deg,0,29800000
prediction_position_error_mm,5.550228524953127,29900000
prediction_orientation_error_deg,0,29900000
owd_uplink_ms,224.276,30000000
owd_downlink_ms,232.1355,30000000
owd_uplink_ms,229.4092,30000000
owd_downlink_ms,225.0114,30000000
prediction_position_error_mm,6.703630089759827,30000000
prediction_orientation_error_deg,0,30000000
owd_uplink_ms,224.5655,30100000
owd_downlink_ms,226.7047,30100000
prediction_position_error_mm,4.98620979487896,30100000
prediction_orientation_error_deg,0,30100000
owd_uplink_ms,226.7826,30200000
owd_downlink_ms,227.4886,30200000
prediction_position_error_mm,7.606036029756069,30200000
prediction_orientation_error_deg,0,30200000
owd_uplink_ms,228.2377,30300000
owd_downlink_ms,225.9025,30300000
prediction_position_error_mm,4.45996318012476,30300000
prediction_orientation_error_deg,0,30300000
owd_uplink_ms,227.2132,30400000
owd_downlink_ms,226.5099,30400000
prediction_position_error_mm,5.728677846491337,30400000
prediction_orientation_error_deg,0,30400000
owd_uplink_ms,225.6797,30500000
owd_downlink_ms,228.2185,30500000
prediction_position_error_mm,9.342641569674015,30500000
prediction_orientation_error_deg,0,30500000
owd_uplink_ms,228.2382,30600000
owd_downlink_ms,225.4686,30600000
prediction_position_error_mm,3.9396709762513638,30600000
prediction_orientation_error_deg,0,30600000
owd_uplink_ms,227.7838,30700000
owd_downlink_ms,230.163,30700000
prediction_position_error_mm,8.927198126912117,30700000
prediction_orientation_error_deg,0,30700000
prediction_position_error_mm,5.137785337865353,30800000
prediction_orientation_error_deg,0,30800000
owd_uplink_ms,226.481,30900000
owd_downlink_ms,232.2327,30900000
prediction_position_error_mm,13.805640861392021,30900000
prediction_orientation_error_deg,0,30900000
owd_uplink_ms,224.5625,31000000
owd_downlink_ms,229.8499,31000000
owd_uplink_ms,224.3551,31000000
owd_downlink_ms,225.9076,31000000
prediction_position_error_mm,4.05078986659646,31000000
prediction_orientation_error_deg,0,31000000
prediction_position_error_mm,8.835130371153355,31100000
prediction_orientation_error_deg,0,31100000
owd_uplink_ms,225.8133,31200000
owd_downlink_ms,230.6023,31200000
prediction_position_error_mm,12.973290868103504,31200000
prediction_orientation_error_deg,0,31200000
owd_uplink_ms,231.915,31300000
owd_downlink_ms,222.9071,31300000
owd_uplink_ms,225.3349,31300000
owd_downlink_ms,223.5432,31300000
prediction_position_error_mm,110.98045110702515,31300000
prediction_orientation_error_deg,0,31300000
prediction_position_error_mm,121.37282639741898,31400000
prediction_orientation_error_deg,0,31400000
owd_uplink_ms,228.6203,31500000
owd_downlink_ms,229.6603,31500000
prediction_position_error_mm,3.7305362056940794,31500000
prediction_orientation_error_deg,0,31500000
owd_uplink_ms,225.9176,31600000
owd_downlink_ms,229.3577,31600000
owd_uplink_ms,227.7583,31600000
owd_downlink_ms,225.5289,31600000
prediction_position_error_mm,5.063795484602451,31600000
prediction_orientation_error_deg,0,31600000
prediction_position_error_mm,3.9245234802365303,31700000
prediction_orientation_error_deg,0,31700000
owd_uplink_ms,230.5556,31800000
owd_downlink_ms,229.4364,31800000
owd_uplink_ms,228.3679,31800000
owd_downlink_ms,223.9958,31800000
prediction_position_error_mm,8.498462848365307,31800000
prediction_orientation_error_deg,0,31800000
prediction_position_error_mm,4.4967602007091045,31900000
prediction_orientation_error_deg,0,31900000
owd_uplink_ms,228.9817,32000000
owd_downlink_ms,231.352,32000000
prediction_position_error_mm,8.38507805019617,32000000
prediction_orientation_error_deg,0,32000000
owd_uplink_ms,226.1897,32100000
owd_downlink_ms,231.2244,32100000
owd_uplink_ms,225.7861,32100000
owd_downlink_ms,223.7683,32100000
prediction_position_error_mm,3.3198620658367872,32100000
prediction_orientation_error_deg,0,32100000
prediction_position_error_mm,3.6113904789090157,32200000
prediction_orientation_error_deg,0,32200000
owd_uplink_ms,228.7151,32300000
owd_downlink_ms,229.5733,32300000
prediction_position_error_mm,6.307333242148161,32300000
prediction_orientation_error_deg,0,32300000
prediction_position_error_mm,6.70840498059988,32400000
prediction_orientation_error_deg,0,32400000
owd_uplink_ms,232.5541,32500000
owd_downlink_ms,231.8034,32500000
prediction_position_error_mm,69.0990537405014,32500000
prediction_orientation_error_deg,0,32500000
owd_uplink_ms,226.7203,32600000
owd_downlink_ms,229.2258,32600000
correction_magnitude_mm,7.501077372580767,30211014
correction_magnitude_deg,0,30211014
owd_uplink_ms,233.6021,32600000
owd_downlink_ms,230.5992,32600000
owd_uplink_ms,224.9913,32600000
owd_downlink_ms,223.8816,32600000
correction_magnitude_mm,5.075496155768633,30305872
correction_magnitude_deg,0,30305872
prediction_position_error_mm,4.38695540651679,32600000
prediction_orientation_error_deg,0,32600000
owd_uplink_ms,227.1271,32700000
owd_downlink_ms,228.0975,32700000
prediction_position_error_mm,5.38227055221796,32700000
prediction_orientation_error_deg,0,32700000
prediction_position_error_mm,3.043840639293194,32800000
prediction_orientation_error_deg,0,32800000
owd_uplink_ms,226.1722,32900000
owd_downlink_ms,229.2825,32900000
owd_uplink_ms,228.3935,32900000
owd_downlink_ms,226.7938,32900000
prediction_position_error_mm,5.460974760353565,32900000
prediction_orientation_error_deg,0,32900000
owd_uplink_ms,226.9205,33000000
owd_downlink_ms,228.1343,33000000
prediction_position_error_mm,5.458500701934099,33000000
prediction_orientation_error_deg,0,33000000
prediction_position_error_mm,5.783069413155317,33100000
prediction_orientation_error_deg,0,33100000
owd_uplink_ms,231.0352,33200000
owd_downlink_ms,224.3288,33200000
prediction_position_error_mm,4.114503972232342,33200000
prediction_orientation_error_deg,0,33200000
owd_uplink_ms,228.3581,33300000
owd_downlink_ms,229.8166,33300000
prediction_position_error_mm,125.88605284690857,33300000
prediction_orientation_error_deg,0,33300000
prediction_position_error_mm,131.173238158226,33400000
prediction_orientation_error_deg,0,33400000
owd_uplink_ms,231.6994,33500000
owd_downlink_ms,232.2464,33500000
correction_magnitude_mm,10.336006060242653,31104612
correction_magnitude_deg,0,31104612
owd_uplink_ms,225.2674,33500000
owd_downlink_ms,231.5257,33500000
prediction_position_error_mm,126.12651288509369,33500000
prediction_orientation_error_deg,0,33500000
owd_uplink_ms,226.2491,33600000
owd_downlink_ms,229.6815,33600000
correction_magnitude_mm,5.1835267804563046,31216724
correction_magnitude_deg,0,31216724
prediction_position_error_mm,8.289238438010216,33600000
prediction_orientation_error_deg,0,33600000
owd_uplink_ms,233.323,33700000
owd_downlink_ms,222.8785,33700000
owd_uplink_ms,228.6488,33700000
owd_downlink_ms,223.9818,33700000
prediction_position_error_mm,115.8362552523613,33700000
prediction_orientation_error_deg,0,33700000
prediction_position_error_mm,126.40140950679779,33800000
prediction_orientation_error_deg,0,33800000
owd_uplink_ms,230.8021,33900000
owd_downlink_ms,228.5205,33900000
correction_magnitude_mm,5.211290437728167,31594983
correction_magnitude_deg,0,31594983
prediction_position_error_mm,63.71515989303589,33900000
prediction_orientation_error_deg,0,33900000
owd_uplink_ms,230.6277,34000000
owd_downlink_ms,229.3862,34000000
correction_magnitude_mm,7.765449117869139,31693432
correction_magnitude_deg,0,31693432
prediction_position_error_mm,123.52592498064041,34000000
prediction_orientation_error_deg,0,34000000
owd_uplink_ms,224.1165,34100000
owd_downlink_ms,232.3651,34100000
prediction_position_error_mm,121.3008165359497,34100000
prediction_orientation_error_deg,0,34100000
owd_uplink_ms,230.7585,34200000
owd_downlink_ms,224.2989,34200000
correction_magnitude_mm,10.476692579686642,31895668
correction_magnitude_deg,0,31895668
owd_uplink_ms,227.2045,34200000
owd_downlink_ms,227.9601,34200000
prediction_position_error_mm,121.36605381965637,34200000
prediction_orientation_error_deg,0,34200000
owd_uplink_ms,226.7033,34300000
owd_downlink_ms,226.9652,34300000
correction_magnitude_mm,5.248276982456446,31996941
correction_magnitude_deg,0,31996941
prediction_position_error_mm,2.665242413058877,34300000
prediction_orientation_error_deg,0,34300000
owd_uplink_ms,228.1579,34400000
owd_downlink_ms,224.2601,34400000
prediction_position_error_mm,6.600564811378717,34400000
prediction_orientation_error_deg,0,34400000
owd_uplink_ms,227.7404,34500000
owd_downlink_ms,228.099,34500000
prediction_position_error_mm,5.234618671238422,34500000
prediction_orientation_error_deg,0,34500000
owd_uplink_ms,225.3002,34600000
owd_downlink_ms,226.2,34600000
prediction_position_error_mm,4.566877149045467,34600000
prediction_orientation_error_deg,0,34600000
owd_uplink_ms,224.729,34700000
owd_downlink_ms,229.2076,34700000
prediction_position_error_mm,6.936435587704182,34700000
prediction_orientation_error_deg,0,34700000
owd_uplink_ms,225.8702,34800000
owd_downlink_ms,223.8292,34800000
prediction_position_error_mm,4.129999782890081,34800000
prediction_orientation_error_deg,0,34800000
prediction_position_error_mm,9.10084042698145,34900000
prediction_orientation_error_deg,0,34900000
owd_uplink_ms,224.8098,35000000
owd_downlink_ms,231.3499,35000000
owd_uplink_ms,226.4395,35000000
owd_downlink_ms,224.5561,35000000
prediction_position_error_mm,3.8639584090560675,35000000
prediction_orientation_error_deg,0,35000000
prediction_position_error_mm,4.142140969634056,35100000
prediction_orientation_error_deg,0,35100000
owd_uplink_ms,231.0235,35200000
owd_downlink_ms,223.7777,35200000
correction_magnitude_mm,5.042432341724634,32893453
correction_magnitude_deg,0,32893453
prediction_position_error_mm,62.5186413526535,35200000
prediction_orientation_error_deg,0,35200000
owd_uplink_ms,229.9294,35300000
owd_downlink_ms,227.4047,35300000
correction_magnitude_mm,7.89208896458149,32990298
correction_magnitude_deg,0,32990298
owd_uplink_ms,223.558,35300000
owd_downlink_ms,228.3416,35300000
prediction_position_error_mm,120.92794477939606,35300000
prediction_orientation_error_deg,0,35300000
owd_uplink_ms,224.9744,35400000
owd_downlink_ms,229.0874,35400000
correction_magnitude_mm,5.287748761475086,33101419
correction_magnitude_deg,0,33101419
prediction_position_error_mm,5.662869196385145,35400000
prediction_orientation_error_deg,0,35400000
prediction_position_error_mm,5.864099133759737,35500000
prediction_orientation_error_deg,0,35500000
owd_uplink_ms,226.3558,35600000
owd_downlink_ms,229.8179,35600000
prediction_position_error_mm,5.076159723103046,35600000
prediction_orientation_error_deg,0,35600000
owd_uplink_ms,227.863,35700000
owd_downlink_ms,231.4196,35700000
owd_uplink_ms,230.3037,35700000
owd_downlink_ms,228.0011,35700000
prediction_position_error_mm,4.9332547932863235,35700000
prediction_orientation_error_deg,0,35700000
prediction_position_error_mm,10.109619237482548,35800000
prediction_orientation_error_deg,0,35800000
owd_uplink_ms,225.798,35900000
owd_downlink_ms,228.8888,35900000
prediction_position_error_mm,4.430839791893959,35900000
prediction_orientation_error_deg,0,35900000
owd_uplink_ms,228.9666,36000000
owd_downlink_ms,230.6234,36000000
prediction_position_error_mm,2.805175259709358,36000000
prediction_orientation_error_deg,0,36000000
owd_uplink_ms,229.2074,36100000
owd_downlink_ms,224.3723,36100000
owd_uplink_ms,231.4259,36100000
owd_downlink_ms,228.0676,36100000
prediction_position_error_mm,114.66262489557266,36100000
prediction_orientation_error_deg,0,36100000
owd_uplink_ms,229.3569,36200000
owd_downlink_ms,226.7066,36200000
correction_magnitude_mm,5.279742646962404,33899692
correction_magnitude_deg,0,33899692
prediction_position_error_mm,11.947374790906906,36200000
prediction_orientation_error_deg,0,36200000
owd_uplink_ms,226.3801,36300000
owd_downlink_ms,228.0971,36300000
prediction_position_error_mm,2.1413774229586124,36300000
prediction_orientation_error_deg,0,36300000
prediction_position_error_mm,2.276101615279913,36400000
prediction_orientation_error_deg,0,36400000
owd_uplink_ms,232.1277,36500000
owd_downlink_ms,225.8509,36500000
owd_uplink_ms,223.5,36500000
owd_downlink_ms,229.7331,36500000
prediction_position_error_mm,118.90658736228943,36500000
prediction_orientation_error_deg,0,36500000
prediction_position_error_mm,118.90658736228943,36600000
prediction_orientation_error_deg,0,36600000
owd_uplink_ms,228.7248,36700000
owd_downlink_ms,229.7694,36700000
correction_magnitude_mm,5.2640726789832115,34303088
correction_magnitude_deg,0,34303088
owd_uplink_ms,228.5924,36700000
owd_downlink_ms,225.0779,36700000
prediction_position_error_mm,8.4213986992836,36700000
prediction_orientation_error_deg,0,36700000
prediction_position_error_mm,13.829266652464867,36800000
prediction_orientation_error_deg,0,36800000
owd_uplink_ms,231.1969,36900000
owd_downlink_ms,229.6241,36900000
correction_magnitude_mm,5.639692302793264,34596729
correction_magnitude_deg,0,34596729
prediction_position_error_mm,62.040988355875015,36900000
prediction_orientation_error_deg,0,36900000
owd_uplink_ms,230.7968,37000000
owd_downlink_ms,224.165,37000000
correction_magnitude_mm,8.054913952946663,34688440
correction_magnitude_deg,0,34688440
owd_uplink_ms,223.6279,37000000
owd_downlink_ms,227.5918,37000000
prediction_position_error_mm,117.59096384048462,37000000
prediction_orientation_error_deg,0,37000000
owd_uplink_ms,228.9433,37100000
owd_downlink_ms,228.5934,37100000
correction_magnitude_mm,5.233482923358679,34792958
correction_magnitude_deg,0,34792958
prediction_position_error_mm,4.417586140334606,37100000
prediction_orientation_error_deg,0,37100000
prediction_position_error_mm,4.792426712810993,37200000
prediction_orientation_error_deg,0,37200000
owd_uplink_ms,230.8947,37300000
owd_downlink_ms,229.0017,37300000
owd_uplink_ms,224.131,37300000
owd_downlink_ms,228.9398,37300000
prediction_position_error_mm,116.66905134916306,37300000
prediction_orientation_error_deg,0,37300000
prediction_position_error_mm,116.66905134916306,37400000
prediction_orientation_error_deg,0,37400000
owd_uplink_ms,228.2973,37500000
owd_downlink_ms,232.7533,37500000
correction_magnitude_mm,5.209285765886307,35102174
correction_magnitude_deg,0,35102174
owd_uplink_ms,228.1055,37500000
owd_downlink_ms,229.2944,37500000
prediction_position_error_mm,2.4851239286363125,37500000
prediction_orientation_error_deg,0,37500000
prediction_position_error_mm,2.7927421033382416,37600000
prediction_orientation_error_deg,0,37600000
owd_uplink_ms,227.9962,37700000
owd_downlink_ms,230.0099,37700000
owd_uplink_ms,229.7281,37700000
owd_downlink_ms,225.6101,37700000
prediction_position_error_mm,10.450082831084728,37700000
prediction_orientation_error_deg,0,37700000
prediction_position_error_mm,11.13259419798851,37800000
prediction_orientation_error_deg,0,37800000
owd_uplink_ms,225.1203,37900000
owd_downlink_ms,230.1499,37900000
owd_uplink_ms,228.1426,37900000
owd_downlink_ms,224.545,37900000
prediction_position_error_mm,14.446851797401905,37900000
prediction_orientation_error_deg,0,37900000
prediction_position_error_mm,10.409967042505741,38000000
prediction_orientation_error_deg,0,38000000
owd_uplink_ms,224.7494,38100000
owd_downlink_ms,230.0502,38100000
prediction_position_error_mm,3.9249518886208534,38100000
prediction_orientation_error_deg,0,38100000
owd_uplink_ms,229.5486,38200000
owd_downlink_ms,225.8409,38200000
owd_uplink_ms,230.4287,38200000
owd_downlink_ms,228.7147,38200000
prediction_position_error_mm,113.31421881914139,38200000
prediction_orientation_error_deg,0,38200000
prediction_position_error_mm,117.99750477075577,38300000
prediction_orientation_error_deg,0,38300000
owd_uplink_ms,225.2343,38400000
owd_downlink_ms,230.1686,38400000
correction_magnitude_mm,5.110521335154772,36008833
correction_magnitude_deg,0,36008833
prediction_position_error_mm,1.8490867223590612,38400000
prediction_orientation_error_deg,0,38400000
owd_uplink_ms,224.2237,38500000
owd_downlink_ms,225.0365,38500000
prediction_position_error_mm,4.363274201750755,38500000
prediction_orientation_error_deg,0,38500000
owd_uplink_ms,232.0745,38600000
owd_downlink_ms,231.0057,38600000
prediction_position_error_mm,116.6120320558548,38600000
prediction_orientation_error_deg,0,38600000
owd_uplink_ms,228.5711,38700000
owd_downlink_ms,231.3286,38700000
correction_magnitude_mm,5.068920087069273,36311958
correction_magnitude_deg,0,36311958
owd_uplink_ms,228.4225,38700000
owd_downlink_ms,226.5745,38700000
prediction_position_error_mm,7.613464258611202,38700000
prediction_orientation_error_deg,0,38700000
prediction_position_error_mm,12.713463045656681,38800000
prediction_orientation_error_deg,0,38800000
owd_uplink_ms,225.8575,38900000
owd_downlink_ms,229.9772,38900000
prediction_position_error_mm,1.951994257979095,38900000
prediction_orientation_error_deg,0,38900000
owd_uplink_ms,225.437,39000000
owd_downlink_ms,223.9751,39000000
owd_uplink_ms,231.8893,39000000
owd_downlink_ms,225.7961,39000000
prediction_position_error_mm,109.60424691438675,39000000
prediction_orientation_error_deg,0,39000000
prediction_position_error_mm,114.08288776874542,39100000
prediction_orientation_error_deg,0,39100000
owd_uplink_ms,231.5016,39200000
owd_downlink_ms,224.8516,39200000
correction_magnitude_mm,9.962981566786766,36897040
correction_magnitude_deg,0,36897040
owd_uplink_ms,225.3463,39200000
owd_downlink_ms,228.3632,39200000
prediction_position_error_mm,108.57205092906952,39200000
prediction_orientation_error_deg,0,39200000
prediction_position_error_mm,112.99525201320648,39300000
prediction_orientation_error_deg,0,39300000
owd_uplink_ms,224.5454,39400000
owd_downlink_ms,231.3102,39400000
prediction_position_error_mm,3.6212827544659376,39400000
prediction_orientation_error_deg,0,39400000
owd_uplink_ms,229.6767,39500000
owd_downlink_ms,230.0231,39500000
owd_uplink_ms,224.4848,39500000
owd_downlink_ms,226.5719,39500000
prediction_position_error_mm,3.138959174975753,39500000
prediction_orientation_error_deg,0,39500000
owd_uplink_ms,224.5562,39600000
owd_downlink_ms,222.885,39600000
prediction_position_error_mm,12.625179253518581,39600000
prediction_orientation_error_deg,0,39600000
prediction_position_error_mm,13.303383253514767,39700000
prediction_orientation_error_deg,0,39700000
owd_uplink_ms,225.6879,39800000
owd_downlink_ms,227.0901,39800000
prediction_position_error_mm,5.477593280375004,39800000
prediction_orientation_error_deg,0,39800000
owd_uplink_ms,232.8197,39900000
owd_downlink_ms,231.6478,39900000
owd_uplink_ms,226.673,39900000
owd_downlink_ms,226.4529,39900000
prediction_position_error_mm,12.47715950012207,39900000
prediction_orientation_error_deg,0,39900000
owd_uplink_ms,227.5366,40000000
owd_downlink_ms,226.448,40000000
prediction_position_error_mm,8.043557405471802,40000000
prediction_orientation_error_deg,0,40000000
owd_uplink_ms,228.7704,40100000
owd_downlink_ms,227.7512,40100000
prediction_position_error_mm,8.120361715555191,40100000
prediction_orientation_error_deg,0,40100000
prediction_position_error_mm,12.927332893013954,40200000
prediction_orientation_error_deg,0,40200000
owd_uplink_ms,228.4849,40300000
owd_downlink_ms,223.0416,40300000
owd_uplink_ms,230.7428,40300000
owd_downlink_ms,224.0123,40300000
prediction_position_error_mm,98.0483889579773,40300000
prediction_orientation_error_deg,0,40300000
owd_uplink_ms,227.5578,40400000
owd_downlink_ms,227.3721,40400000
prediction_position_error_mm,22.115038707852364,40400000
prediction_orientation_error_deg,0,40400000
owd_uplink_ms,224.0287,40500000
owd_downlink_ms,224.4047,40500000
prediction_position_error_mm,7.389272563159466,40500000
prediction_orientation_error_deg,0,40500000
owd_uplink_ms,228.5728,40600000
owd_downlink_ms,226.7287,40600000
prediction_position_error_mm,10.627740062773228,40600000
prediction_orientation_error_deg,0,40600000
owd_uplink_ms,224.191,40700000
owd_downlink_ms,226.1052,40700000
prediction_position_error_mm,5.655041895806789,40700000
prediction_orientation_error_deg,0,40700000
owd_uplink_ms,227.033,40800000
owd_downlink_ms,229.6859,40800000
prediction_position_error_mm,4.736957605928183,40800000
prediction_orientation_error_deg,0,40800000
prediction_position_error_mm,5.3138951770961285,40900000
prediction_orientation_error_deg,0,40900000
owd_uplink_ms,228.8345,41000000
owd_downlink_ms,231.5921,41000000
owd_uplink_ms,226.737,41000000
owd_downlink_ms,223.7222,41000000
prediction_position_error_mm,16.257965937256813,41000000
prediction_orientation_error_deg,0,41000000
prediction_position_error_mm,13.325165025889874,41100000
prediction_orientation_error_deg,0,41100000
owd_uplink_ms,231.0015,41200000
owd_downlink_ms,226.0168,41200000
prediction_position_error_mm,12.460654601454735,41200000
prediction_orientation_error_deg,0,41200000
owd_uplink_ms,228.3614,41300000
owd_downlink_ms,232.7745,41300000
owd_uplink_ms,224.6893,41300000
owd_downlink_ms,226.3581,41300000
prediction_position_error_mm,10.199627839028835,41300000
prediction_orientation_error_deg,0,41300000
owd_uplink_ms,229.25,41400000
owd_downlink_ms,227.4835,41400000
prediction_position_error_mm,11.088543571531773,41400000
prediction_orientation_error_deg,0,41400000
owd_uplink_ms,227.2119,41500000
owd_downlink_ms,228.7672,41500000
prediction_position_error_mm,6.880587432533503,41500000
prediction_orientation_error_deg,0,41500000
prediction_position_error_mm,11.190997436642647,41600000
prediction_orientation_error_deg,0,41600000
owd_uplink_ms,228.8864,41700000
owd_downlink_ms,231.0206,41700000
prediction_position_error_mm,10.442371480166912,41700000
prediction_orientation_error_deg,0,41700000
owd_uplink_ms,224.3919,41800000
owd_downlink_ms,231.0164,41800000
owd_uplink_ms,225.9545,41800000
owd_downlink_ms,225.5471,41800000
prediction_position_error_mm,9.182116948068142,41800000
prediction_orientation_error_deg,0,41800000
prediction_position_error_mm,13.536747545003891,41900000
prediction_orientation_error_deg,0,41900000
owd_uplink_ms,232.6414,42000000
owd_downlink_ms,227.7007,42000000
prediction_position_error_mm,42.869873344898224,42000000
prediction_orientation_error_deg,0,42000000
owd_uplink_ms,227.6203,42100000
owd_downlink_ms,225.8436,42100000
correction_magnitude_mm,6.397288758307695,39798850
correction_magnitude_deg,0,39798850
owd_uplink_ms,229.8995,42100000
owd_downlink_ms,229.4943,42100000
prediction_position_error_mm,89.19588476419449,42100000
prediction_orientation_error_deg,0,42100000
prediction_position_error_mm,89.19588476419449,42200000
prediction_orientation_error_deg,0,42200000
owd_uplink_ms,228.4817,42300000
owd_downlink_ms,226.5755,42300000
correction_magnitude_mm,8.463599719107151,39995962
correction_magnitude_deg,0,39995962
owd_uplink_ms,231.5315,42300000
owd_downlink_ms,228.7122,42300000
prediction_position_error_mm,87.57660537958145,42300000
prediction_orientation_error_deg,0,42300000
owd_uplink_ms,228.5794,42400000
owd_downlink_ms,225.0834,42400000
prediction_position_error_mm,18.358079716563225,42400000
prediction_orientation_error_deg,0,42400000
prediction_position_error_mm,19.586021080613136,42500000
prediction_orientation_error_deg,0,42500000
owd_uplink_ms,231.5323,42600000
owd_downlink_ms,230.0204,42600000
prediction_position_error_mm,37.42767497897148,42600000
prediction_orientation_error_deg,0,42600000
owd_uplink_ms,229.2188,42700000
owd_downlink_ms,228.044,42700000
prediction_position_error_mm,8.66028480231762,42700000
prediction_orientation_error_deg,0,42700000
owd_uplink_ms,228.3449,42800000
owd_downlink_ms,226.5774,42800000
owd_uplink_ms,226.8457,42800000
owd_downlink_ms,228.5313,42800000
prediction_position_error_mm,83.38357508182526,42800000
prediction_orientation_error_deg,0,42800000
owd_uplink_ms,223.8787,42900000
owd_downlink_ms,224.9073,42900000
prediction_position_error_mm,12.62728776782751,42900000
prediction_orientation_error_deg,0,42900000
owd_uplink_ms,227.1479,43000000
owd_downlink_ms,227.8364,43000000
prediction_position_error_mm,9.953770786523819,43000000
prediction_orientation_error_deg,0,43000000
owd_uplink_ms,226.1726,43100000
owd_downlink_ms,227.3576,43100000
prediction_position_error_mm,9.446164593100548,43100000
prediction_orientation_error_deg,0,43100000
owd_uplink_ms,227.3681,43200000
owd_downlink_ms,229.1512,43200000
prediction_position_error_mm,8.8188536465168,43200000
prediction_orientation_error_deg,0,43200000
prediction_position_error_mm,12.621642090380192,43300000
prediction_orientation_error_deg,0,43300000
owd_uplink_ms,227.56,43400000
owd_downlink_ms,228.5256,43400000
prediction_position_error_mm,10.788065381348133,43400000
prediction_orientation_error_deg,0,43400000
owd_uplink_ms,231.2614,43500000
owd_downlink_ms,233.1175,43500000
owd_uplink_ms,225.6147,43500000
owd_downlink_ms,228.4751,43500000
prediction_position_error_mm,7.778684608638287,43500000
prediction_orientation_error_deg,0,43500000
prediction_position_error_mm,8.608579635620117,43600000
prediction_orientation_error_deg,0,43600000
owd_uplink_ms,230.797,43700000
owd_downlink_ms,225.6859,43700000
prediction_position_error_mm,17.262078821659088,43700000
prediction_orientation_error_deg,0,43700000
owd_uplink_ms,227.5669,43800000
owd_downlink_ms,231.3223,43800000
owd_uplink_ms,224.2493,43800000
owd_downlink_ms,228.0565,43800000
prediction_position_error_mm,7.110862992703915,43800000
prediction_orientation_error_deg,0,43800000
prediction_position_error_mm,10.603664442896843,43900000
prediction_orientation_error_deg,0,43900000
owd_uplink_ms,231.7253,44000000
owd_downlink_ms,229.2438,44000000
prediction_position_error_mm,33.26277807354927,44000000
prediction_orientation_error_deg,0,44000000
owd_uplink_ms,225.8677,44100000
owd_downlink_ms,224.1108,44100000
correction_magnitude_mm,5.405555013567209,41795343
correction_magnitude_deg,0,41795343
prediction_position_error_mm,101.42262279987335,44100000
prediction_orientation_error_deg,0,44100000
owd_uplink_ms,231.6406,44200000
owd_downlink_ms,230.871,44200000
prediction_position_error_mm,74.17872548103333,44200000
prediction_orientation_error_deg,0,44200000
owd_uplink_ms,226.2443,44300000
owd_downlink_ms,229.4485,44300000
correction_magnitude_mm,7.076991721987724,41998388
correction_magnitude_deg,0,41998388
prediction_position_error_mm,13.202342204749584,44300000
prediction_orientation_error_deg,0,44300000
owd_uplink_ms,232.1298,44400000
owd_downlink_ms,231.8342,44400000
owd_uplink_ms,226.3986,44400000
owd_downlink_ms,226.1317,44400000
prediction_position_error_mm,12.118304148316383,44400000
prediction_orientation_error_deg,0,44400000
prediction_position_error_mm,13.16925697028637,44500000
prediction_orientation_error_deg,0,44500000
owd_uplink_ms,228.4258,44600000
owd_downlink_ms,224.6388,44600000
prediction_position_error_mm,16.63183607161045,44600000
prediction_orientation_error_deg,0,44600000
owd_uplink_ms,230.6215,44700000
owd_downlink_ms,233.3431,44700000
owd_uplink_ms,226.9476,44700000
owd_downlink_ms,224.3774,44700000
prediction_position_error_mm,14.50906042009592,44700000
prediction_orientation_error_deg,0,44700000
prediction_position_error_mm,17.969384789466858,44800000
prediction_orientation_error_deg,0,44800000
owd_uplink_ms,224.8889,44900000
owd_downlink_ms,232.6481,44900000
prediction_position_error_mm,5.840417463332415,44900000
prediction_orientation_error_deg,0,44900000
owd_uplink_ms,231.8813,45000000
owd_downlink_ms,224.49,45000000
prediction_position_error_mm,16.258396208286285,45000000
prediction_orientation_error_deg,0,45000000
owd_uplink_ms,225.8908,45100000
owd_downlink_ms,231.4237,45100000
owd_uplink_ms,227.3846,45100000
owd_downlink_ms,229.4106,45100000
prediction_position_error_mm,10.138917714357376,45100000
prediction_orientation_error_deg,0,45100000
prediction_position_error_mm,11.132552288472652,45200000
prediction_orientation_error_deg,0,45200000
owd_uplink_ms,230.0656,45300000
owd_downlink_ms,225.0536,45300000
owd_uplink_ms,224.1517,45300000
owd_downlink_ms,228.3696,45300000
prediction_position_error_mm,59.66692045331001,45300000
prediction_orientation_error_deg,0,45300000
prediction_position_error_mm,59.66692045331001,45400000
prediction_orientation_error_deg,0,45400000
owd_uplink_ms,229.7833,45500000
owd_downlink_ms,232.0001,45500000
owd_uplink_ms,225.8572,45500000
owd_downlink_ms,224.5608,45500000
prediction_position_error_mm,13.371657580137253,45500000
prediction_orientation_error_deg,0,45500000
prediction_position_error_mm,14.517427422106266,45600000
prediction_orientation_error_deg,0,45600000
owd_uplink_ms,231.5748,45700000
owd_downlink_ms,224.2891,45700000
owd_uplink_ms,225.2819,45700000
owd_downlink_ms,228.3058,45700000
prediction_position_error_mm,53.60863730311394,45700000
prediction_orientation_error_deg,0,45700000
prediction_position_error_mm,57.365283370018005,45800000
prediction_orientation_error_deg,0,45800000
owd_uplink_ms,228.3645,45900000
owd_downlink_ms,231.8855,45900000
owd_uplink_ms,227.3702,45900000
owd_downlink_ms,226.2866,45900000
prediction_position_error_mm,15.253661200404167,45900000
prediction_orientation_error_deg,0,45900000
prediction_position_error_mm,14.633473008871078,46000000
prediction_orientation_error_deg,0,46000000
owd_uplink_ms,231.6071,46100000
owd_downlink_ms,229.2917,46100000
prediction_position_error_mm,14.236400835216045,46100000
prediction_orientation_error_deg,0,46100000
owd_uplink_ms,223.7107,46200000
owd_downlink_ms,230.4219,46200000
prediction_position_error_mm,51.274918019771576,46200000
prediction_orientation_error_deg,0,46200000
owd_uplink_ms,230.1454,46300000
owd_downlink_ms,224.0507,46300000
correction_magnitude_mm,5.4221078753471375,43998803
correction_magnitude_deg,0,43998803
owd_uplink_ms,224.2783,46300000
owd_downlink_ms,227.9444,46300000
prediction_position_error_mm,49.129437655210495,46300000
prediction_orientation_error_deg,0,46300000
prediction_position_error_mm,50.69320648908615,46400000
prediction_orientation_error_deg,0,46400000
owd_uplink_ms,232.5326,46500000
owd_downlink_ms,226.1718,46500000
correction_magnitude_mm,5.244349129498005,44195435
correction_magnitude_deg,0,44195435
owd_uplink_ms,228.4678,46500000
owd_downlink_ms,229.4923,46500000
prediction_position_error_mm,46.96712642908096,46500000
prediction_orientation_error_deg,0,46500000
prediction_position_error_mm,46.96712642908096,46600000
prediction_orientation_error_deg,0,46600000
owd_uplink_ms,226.5426,46700000
owd_downlink_ms,227.9664,46700000
correction_magnitude_mm,5.064684431999922,44398497
correction_magnitude_deg,0,44398497
prediction_position_error_mm,13.153736479580402,46700000
prediction_orientation_error_deg,0,46700000
owd_uplink_ms,231.9023,46800000
owd_downlink_ms,230.9569,46800000
prediction_position_error_mm,46.157002449035645,46800000
prediction_orientation_error_deg,0,46800000
owd_uplink_ms,224.0772,46900000
owd_downlink_ms,230.6864,46900000
prediction_position_error_mm,10.33574528992176,46900000
prediction_orientation_error_deg,0,46900000
owd_uplink_ms,230.2955,47000000
owd_downlink_ms,225.8997,47000000
prediction_position_error_mm,15.339438803493977,47000000
prediction_orientation_error_deg,0,47000000
owd_uplink_ms,228.621,47100000
owd_downlink_ms,230.9194,47100000
prediction_position_error_mm,42.71584376692772,47100000
prediction_orientation_error_deg,0,47100000
owd_uplink_ms,226.4641,47200000
owd_downlink_ms,225.9237,47200000
prediction_position_error_mm,14.033867046236992,47200000
prediction_orientation_error_deg,0,47200000
owd_uplink_ms,230.3982,47300000
owd_downlink_ms,231.6634,47300000
owd_uplink_ms,225.9361,47300000
owd_downlink_ms,225.4802,47300000
prediction_position_error_mm,14.719459228217602,47300000
prediction_orientation_error_deg,0,47300000
owd_uplink_ms,229.193,47400000
owd_downlink_ms,223.5548,47400000
prediction_position_error_mm,17.335781827569008,47400000
prediction_orientation_error_deg,0,47400000
owd_uplink_ms,222.9581,47500000
owd_downlink_ms,223.5343,47500000
prediction_position_error_mm,13.232335448265076,47500000
prediction_orientation_error_deg,0,47500000
prediction_position_error_mm,14.407580718398094,47600000
prediction_orientation_error_deg,0,47600000
owd_uplink_ms,227.7863,47700000
owd_downlink_ms,232.2043,47700000
prediction_position_error_mm,12.119624763727188,47700000
prediction_orientation_error_deg,0,47700000
owd_uplink_ms,229.2736,47800000
owd_downlink_ms,223.5358,47800000
owd_uplink_ms,230.4909,47800000
owd_downlink_ms,224.8124,47800000
prediction_position_error_mm,31.718652695417404,47800000
prediction_orientation_error_deg,0,47800000
owd_uplink_ms,225.6902,47900000
owd_downlink_ms,227.7696,47900000
prediction_position_error_mm,15.96791110932827,47900000
prediction_orientation_error_deg,0,47900000
prediction_position_error_mm,17.262598499655724,48000000
prediction_orientation_error_deg,0,48000000
owd_uplink_ms,228.6917,48100000
owd_downlink_ms,226.6105,48100000
prediction_position_error_mm,15.117506496608257,48100000
prediction_orientation_error_deg,0,48100000
owd_uplink_ms,231.0557,48200000
owd_downlink_ms,233.4301,48200000
prediction_position_error_mm,29.23073247075081,48200000
prediction_orientation_error_deg,0,48200000
owd_uplink_ms,225.93,48300000
owd_downlink_ms,224.2011,48300000
owd_uplink_ms,230.8345,48300000
owd_downlink_ms,231.0467,48300000
prediction_position_error_mm,26.98804810643196,48300000
prediction_orientation_error_deg,0,48300000
prediction_position_error_mm,26.98804810643196,48400000
prediction_orientation_error_deg,0,48400000
owd_uplink_ms,229.3556,48500000
owd_downlink_ms,233.1749,48500000
prediction_position_error_mm,13.825327157974243,48500000
prediction_orientation_error_deg,0,48500000
owd_uplink_ms,229.0675,48600000
owd_downlink_ms,224.7422,48600000
owd_uplink_ms,227.6808,48600000
owd_downlink_ms,228.4517,48600000
prediction_position_error_mm,23.1440719217062,48600000
prediction_orientation_error_deg,0,48600000
owd_uplink_ms,228.6048,48700000
owd_downlink_ms,229.1227,48700000
prediction_position_error_mm,13.909046538174152,48700000
prediction_orientation_error_deg,0,48700000
owd_uplink_ms,228.6074,48800000
owd_downlink_ms,230.6883,48800000
prediction_position_error_mm,13.256319798529148,48800000
prediction_orientation_error_deg,0,48800000
prediction_position_error_mm,14.701840467751026,48900000
prediction_orientation_error_deg,0,48900000
owd_uplink_ms,230.9372,49000000
owd_downlink_ms,225.3713,49000000
owd_uplink_ms,226.9751,49000000
owd_downlink_ms,227.2223,49000000
prediction_position_error_mm,18.905777484178543,49000000
prediction_orientation_error_deg,0,49000000
prediction_position_error_mm,19.214436411857605,49100000
prediction_orientation_error_deg,0,49100000
owd_uplink_ms,225.363,49200000
owd_downlink_ms,231.7199,49200000
owd_uplink_ms,222.9784,49200000
owd_downlink_ms,226.9279,49200000
prediction_position_error_mm,12.849057093262672,49200000
prediction_orientation_error_deg,0,49200000
owd_uplink_ms,224.5738,49300000
owd_downlink_ms,227.2874,49300000
prediction_position_error_mm,13.193815015256405,49300000
prediction_orientation_error_deg,0,49300000
owd_uplink_ms,226.9365,49400000
owd_downlink_ms,224.4123,49400000
prediction_position_error_mm,15.069459564983845,49400000
prediction_orientation_error_deg,0,49400000
owd_uplink_ms,225.3603,49500000
owd_downlink_ms,227.0348,49500000
prediction_position_error_mm,13.645629398524761,49500000
prediction_orientation_error_deg,0,49500000
prediction_position_error_mm,14.86211083829403,49600000
prediction_orientation_error_deg,0,49600000
owd_uplink_ms,223.8467,49700000
owd_downlink_ms,224.9197,49700000
prediction_position_error_mm,14.628286473453045,49700000
prediction_orientation_error_deg,0,49700000
owd_uplink_ms,232.3311,49800000
owd_downlink_ms,231.6287,49800000
owd_uplink_ms,225.2917,49800000
owd_downlink_ms,223.1894,49800000
prediction_position_error_mm,14.877015724778175,49800000
prediction_orientation_error_deg,0,49800000
prediction_position_error_mm,16.10325463116169,49900000
prediction_orientation_error_deg,0,49900000
owd_uplink_ms,226.9625,50000000
owd_downlink_ms,230.7697,50000000
owd_uplink_ms,229.2589,50000000
owd_downlink_ms,228.7433,50000000
prediction_position_error_mm,14.071077108383179,50000000
prediction_orientation_error_deg,0,50000000
prediction_position_error_mm,0,100000
prediction_orientation_error_deg,0,100000
prediction_position_error_mm,0,200000
prediction_orientation_error_deg,0,200000
prediction_position_error_mm,0,300000
prediction_orientation_error_deg,0,300000
prediction_position_error_mm,0,400000
prediction_orientation_error_deg,0,400000
prediction_position_error_mm,0,500000
prediction_orientation_error_deg,0,500000
prediction_position_error_mm,0,600000
prediction_orientation_error_deg,0,600000
prediction_position_error_mm,0,700000
prediction_orientation_error_deg,0,700000
prediction_position_error_mm,0,800000
prediction_orientation_error_deg,0,800000
prediction_position_error_mm,0,900000
prediction_orientation_error_deg,0,900000
prediction_position_error_mm,0,1000000
prediction_orientation_error_deg,0,1000000
prediction_position_error_mm,0,1100000
prediction_orientation_error_deg,0,1100000
prediction_position_error_mm,0,1200000
prediction_orientation_error_deg,0,1200000
prediction_position_error_mm,0,1300000
prediction_orientation_error_deg,0,1300000
prediction_position_error_mm,0,1400000
prediction_orientation_error_deg,0,1400000
prediction_position_error_mm,0,1500000
prediction_orientation_error_deg,0,1500000
prediction_position_error_mm,0,1600000
prediction_orientation_error_deg,0,1600000
prediction_position_error_mm,0,1700000
prediction_orientation_error_deg,0,1700000
prediction_position_error_mm,0,1800000
prediction_orientation_error_deg,0,1800000
prediction_position_error_mm,0,1900000
prediction_orientation_error_deg,0,1900000
prediction_position_error_mm,0,2000000
prediction_orientation_error_deg,0,2000000
prediction_position_error_mm,0,2100000
prediction_orientation_error_deg,0,2100000
prediction_position_error_mm,0,2200000
prediction_orientation_error_deg,0,2200000
prediction_position_error_mm,0,2300000
prediction_orientation_error_deg,0,2300000
prediction_position_error_mm,1299.9999523162842,2400000
prediction_orientation_error_deg,0,2400000
prediction_position_error_mm,1299.9999523162842,2500000
prediction_orientation_error_deg,0,2500000
prediction_position_error_mm,1300.0091314315796,2600000
prediction_orientation_error_deg,0,2600000
prediction_position_error_mm,1300.020456314087,2700000
prediction_orientation_error_deg,0,2700000
prediction_position_error_mm,1300.0361919403076,2800000
prediction_orientation_error_deg,0,2800000
prediction_position_error_mm,1300.0361919403076,2900000
prediction_orientation_error_deg,0,2900000
prediction_position_error_mm,1300.0812530517578,3000000
prediction_orientation_error_deg,0,3000000
prediction_position_error_mm,1300.1103401184082,3100000
prediction_orientation_error_deg,0,3100000
prediction_position_error_mm,1300.1103401184082,3200000
prediction_orientation_error_deg,0,3200000
prediction_position_error_mm,1300.1817464828491,3300000
prediction_orientation_error_deg,0,3300000
prediction_position_error_mm,1300.2238273620605,3400000
prediction_orientation_error_deg,0,3400000
prediction_position_error_mm,1300.2238273620605,3500000
prediction_orientation_error_deg,0,3500000
prediction_position_error_mm,1300.3205060958862,3600000
prediction_orientation_error_deg,0,3600000
prediction_position_error_mm,1300.3205060958862,3700000
prediction_orientation_error_deg,0,3700000
prediction_position_error_mm,1300.3751039505005,3800000
prediction_orientation_error_deg,0,3800000
prediction_position_error_mm,1300.4335165023804,3900000
prediction_orientation_error_deg,0,3900000
prediction_position_error_mm,1300.495982170105,4000000
prediction_orientation_error_deg,0,4000000
prediction_position_error_mm,1300.632119178772,4100000
prediction_orientation_error_deg,0,4100000
prediction_position_error_mm,1300.7055521011353,4200000
prediction_orientation_error_deg,0,4200000
prediction_position_error_mm,1300.782561302185,4300000
prediction_orientation_error_deg,0,4300000
prediction_position_error_mm,1300.8630275726318,4400000
prediction_orientation_error_deg,0,4400000
prediction_position_error_mm,1300.946593284607,4500000
prediction_orientation_error_deg,0,4500000
prediction_position_error_mm,1301.0333776474,4600000
prediction_orientation_error_deg,0,4600000
owd_uplink_ms,227.5506,4700000
owd_downlink_ms,227.5506,4700000
correction_magnitude_mm,1299.9999523162842,2409955
correction_magnitude_deg,0,2409955
prediction_position_error_mm,114.05476927757263,4700000
prediction_orientation_error_deg,0,4700000
prediction_position_error_mm,114.05476927757263,4800000
prediction_orientation_error_deg,0,4800000
owd_uplink_ms,232.8324,4900000
owd_downlink_ms,225.0588,4900000
correction_magnitude_mm,9.99937579035759,2600238
correction_magnitude_deg,0,2600238
prediction_position_error_mm,8.290923200547695,4900000
prediction_orientation_error_deg,0,4900000
owd_uplink_ms,228.4894,5000000
owd_downlink_ms,231.4644,5000000
owd_uplink_ms,224.3166,5000000
owd_downlink_ms,224.0203,5000000
prediction_position_error_mm,4.3736114166677,5000000
prediction_orientation_error_deg,0,5000000
prediction_position_error_mm,7.794408593326807,5100000
prediction_orientation_error_deg,0,5100000
owd_uplink_ms,224.1463,5200000
owd_downlink_ms,229.0334,5200000
prediction_position_error_mm,4.1433824226260185,5200000
prediction_orientation_error_deg,0,5200000
owd_uplink_ms,228.0651,5300000
owd_downlink_ms,224.1135,5300000
owd_uplink_ms,231.392,5300000
owd_downlink_ms,226.0822,5300000
prediction_position_error_mm,108.334481716156,5300000
prediction_orientation_error_deg,0,5300000
prediction_position_error_mm,117.94788390398026,5400000
prediction_orientation_error_deg,0,5400000
owd_uplink_ms,228.3517,5500000
owd_downlink_ms,231.7444,5500000
prediction_position_error_mm,6.620740983635187,5500000
prediction_orientation_error_deg,0,5500000
owd_uplink_ms,230.1803,5600000
owd_downlink_ms,227.6932,5600000
owd_uplink_ms,228.8146,5600000
owd_downlink_ms,228.019,5600000
prediction_position_error_mm,112.55568265914917,5600000
prediction_orientation_error_deg,0,5600000
owd_uplink_ms,226.8571,5700000
owd_downlink_ms,225.8089,5700000
prediction_position_error_mm,6.551188416779041,5700000
prediction_orientation_error_deg,0,5700000
prediction_position_error_mm,7.056789472699165,5800000
prediction_orientation_error_deg,0,5800000
prediction_position_error_mm,11.474188417196274,5900000
prediction_orientation_error_deg,0,5900000
owd_uplink_ms,228.4352,6000000
owd_downlink_ms,231.1478,6000000
owd_uplink_ms,232.3239,6000000
owd_downlink_ms,231.5751,6000000
prediction_position_error_mm,116.58529192209244,6000000
prediction_orientation_error_deg,0,6000000
owd_uplink_ms,229.997,6100000
owd_downlink_ms,228.197,6100000
prediction_position_error_mm,58.321110904216766,6100000
prediction_orientation_error_deg,0,6100000
owd_uplink_ms,229.4839,6200000
owd_downlink_ms,225.4388,6200000
prediction_position_error_mm,6.398869212716818,6200000
prediction_orientation_error_deg,0,6200000
prediction_position_error_mm,10.768163949251175,6300000
prediction_orientation_error_deg,0,6300000
owd_uplink_ms,230.2219,6400000
owd_downlink_ms,231.3071,6400000
prediction_position_error_mm,5.5801887065172195,6400000
prediction_orientation_error_deg,0,6400000
owd_uplink_ms,230.7105,6500000
owd_downlink_ms,231.9162,6500000
owd_uplink_ms,224.1608,6500000
owd_downlink_ms,231.2138,6500000
owd_uplink_ms,224.9604,6500000
owd_downlink_ms,223.8689,6500000
prediction_position_error_mm,6.271362770348787,6500000
prediction_orientation_error_deg,0,6500000
prediction_position_error_mm,6.809556856751442,6600000
prediction_orientation_error_deg,0,6600000
owd_uplink_ms,228.8235,6700000
owd_downlink_ms,230.7431,6700000
owd_uplink_ms,226.7299,6700000
owd_downlink_ms,225.7541,6700000
prediction_position_error_mm,6.295656785368919,6700000
prediction_orientation_error_deg,0,6700000
owd_uplink_ms,227.5265,6800000
owd_downlink_ms,226.3995,6800000
prediction_position_error_mm,6.612943951040506,6800000
prediction_orientation_error_deg,0,6800000
owd_uplink_ms,228.7479,6900000
owd_downlink_ms,228.1855,6900000
prediction_position_error_mm,9.785591624677181,6900000
prediction_orientation_error_deg,0,6900000
owd_uplink_ms,225.7975,7000000
owd_downlink_ms,223.3585,7000000
prediction_position_error_mm,8.568511344492435,7000000
prediction_orientation_error_deg,0,7000000
prediction_position_error_mm,13.186709024012089,7100000
prediction_orientation_error_deg,0,7100000
owd_uplink_ms,229.9628,7200000
owd_downlink_ms,227.3183,7200000
owd_uplink_ms,224.8737,7200000
owd_downlink_ms,229.5237,7200000
prediction_position_error_mm,107.87893831729889,7200000
prediction_orientation_error_deg,0,7200000
owd_uplink_ms,228.3242,7300000
owd_downlink_ms,224.5807,7300000
prediction_position_error_mm,10.750187560915947,7300000
prediction_orientation_error_deg,0,7300000
prediction_position_error_mm,11.4945312961936,7400000
prediction_orientation_error_deg,0,7400000
owd_uplink_ms,230.3343,7500000
owd_downlink_ms,229.9007,7500000
correction_magnitude_mm,5.3131598979234695,5195713
correction_magnitude_deg,0,5195713
prediction_position_error_mm,51.28777772188187,7500000
prediction_orientation_error_deg,0,7500000
owd_uplink_ms,229.8565,7600000
owd_downlink_ms,230.0448,7600000
prediction_position_error_mm,6.130348891019821,7600000
prediction_orientation_error_deg,0,7600000
owd_uplink_ms,229.9579,7700000
owd_downlink_ms,225.6211,7700000
correction_magnitude_mm,5.063335411250591,5390529
correction_magnitude_deg,0,5390529
prediction_position_error_mm,129.15737926959991,7700000
prediction_orientation_error_deg,0,7700000
owd_uplink_ms,224.3439,7800000
owd_downlink_ms,231.0646,7800000
owd_uplink_ms,228.9294,7800000
owd_downlink_ms,228.9157,7800000
prediction_position_error_mm,10.027792304754257,7800000
prediction_orientation_error_deg,0,7800000
prediction_position_error_mm,7.118899840861559,7900000
prediction_orientation_error_deg,0,7900000
owd_uplink_ms,226.2435,8000000
owd_downlink_ms,230.1617,8000000
prediction_position_error_mm,6.029822397977114,8000000
prediction_orientation_error_deg,0,8000000
owd_uplink_ms,229.1893,8100000
owd_downlink_ms,231.0201,8100000
owd_uplink_ms,229.6722,8100000
owd_downlink_ms,223.6493,8100000
prediction_position_error_mm,14.74983524531126,8100000
prediction_orientation_error_deg,0,8100000
prediction_position_error_mm,19.70650628209114,8200000
prediction_orientation_error_deg,0,8200000
owd_uplink_ms,230.4996,8300000
owd_downlink_ms,229.5292,8300000
prediction_position_error_mm,7.833624258637428,8300000
prediction_orientation_error_deg,0,8300000
owd_uplink_ms,227.3002,8400000
owd_downlink_ms,232.4675,8400000
owd_uplink_ms,224.5553,8400000
owd_downlink_ms,223.4392,8400000
prediction_position_error_mm,8.198067545890808,8400000
prediction_orientation_error_deg,0,8400000
owd_uplink_ms,226.1321,8500000
owd_downlink_ms,223.8616,8500000
prediction_position_error_mm,9.81705542653799,8500000
prediction_orientation_error_deg,0,8500000
prediction_position_error_mm,14.269489794969559,8600000
prediction_orientation_error_deg,0,8600000
owd_uplink_ms,225.7482,8700000
owd_downlink_ms,229.4251,8700000
prediction_position_error_mm,5.82863437011838,8700000
prediction_orientation_error_deg,0,8700000
owd_uplink_ms,232.3599,8800000
owd_downlink_ms,231.5918,8800000
owd_uplink_ms,229.15,8800000
owd_downlink_ms,227.3491,8800000
prediction_position_error_mm,14.11022525280714,8800000
prediction_orientation_error_deg,0,8800000
owd_uplink_ms,224.0025,8900000
owd_downlink_ms,227.8962,8900000
prediction_position_error_mm,4.698794335126877,8900000
prediction_orientation_error_deg,0,8900000
owd_uplink_ms,228.707,9000000
owd_downlink_ms,225.7604,9000000
prediction_position_error_mm,11.048754677176476,9000000
prediction_orientation_error_deg,0,9000000
owd_uplink_ms,227.2352,9100000
owd_downlink_ms,228.5824,9100000
prediction_position_error_mm,6.339259445667267,9100000
prediction_orientation_error_deg,0,9100000
prediction_position_error_mm,6.9823553785681725,9200000
prediction_orientation_error_deg,0,9200000
owd_uplink_ms,225.6924,9300000
owd_downlink_ms,226.6232,9300000
prediction_position_error_mm,7.6034944504499435,9300000
prediction_orientation_error_deg,0,9300000
owd_uplink_ms,231.0728,9400000
owd_downlink_ms,231.4749,9400000
prediction_position_error_mm,102.08940505981445,9400000
prediction_orientation_error_deg,0,9400000
owd_uplink_ms,232.9432,9500000
owd_downlink_ms,228.6119,9500000
correction_magnitude_mm,9.018203243613243,7200086
correction_magnitude_deg,0,7200086
prediction_position_error_mm,10.920122265815735,9500000
prediction_orientation_error_deg,0,9500000
owd_uplink_ms,225.7525,9600000
owd_downlink_ms,230.6956,9600000
owd_uplink_ms,226.3599,9600000
owd_downlink_ms,227.644,9600000
prediction_position_error_mm,6.756952032446861,9600000
prediction_orientation_error_deg,0,9600000
owd_uplink_ms,226.4894,9700000
owd_downlink_ms,225.5851,9700000
prediction_position_error_mm,9.074278175830841,9700000
prediction_orientation_error_deg,0,9700000
prediction_position_error_mm,13.101095333695412,9800000
prediction_orientation_error_deg,0,9800000
owd_uplink_ms,231.8044,9900000
owd_downlink_ms,227.3126,9900000
prediction_position_error_mm,46.7904731631279,9900000
prediction_orientation_error_deg,0,9900000
owd_uplink_ms,229.8514,10000000
owd_downlink_ms,228.3617,10000000
correction_magnitude_mm,6.566462107002735,7699261
correction_magnitude_deg,0,7699261
prediction_position_error_mm,112.62518167495728,10000000
prediction_orientation_error_deg,0,10000000
owd_uplink_ms,230.2802,10100000
owd_downlink_ms,230.9505,10100000
prediction_position_error_mm,97.83501923084259,10100000
prediction_orientation_error_deg,0,10100000
owd_uplink_ms,227.7827,10200000
owd_downlink_ms,225.8481,10200000
correction_magnitude_mm,8.715882897377014,7897680
correction_magnitude_deg,0,7897680
owd_uplink_ms,231.1196,10200000
owd_downlink_ms,228.179,10200000
prediction_position_error_mm,89.13076668977737,10200000
prediction_orientation_error_deg,0,10200000
prediction_position_error_mm,96.55241668224335,10300000
prediction_orientation_error_deg,0,10300000
owd_uplink_ms,227.6581,10400000
owd_downlink_ms,225.0101,10400000
correction_magnitude_mm,8.62298533320427,8090696
correction_magnitude_deg,0,8090696
prediction_position_error_mm,12.873444706201553,10400000
prediction_orientation_error_deg,0,10400000
owd_uplink_ms,229.8427,10500000
owd_downlink_ms,231.0547,10500000
prediction_position_error_mm,95.24185210466385,10500000
prediction_orientation_error_deg,0,10500000
owd_uplink_ms,225.9234,10600000
owd_downlink_ms,227.0212,10600000
correction_magnitude_mm,8.527393452823162,8293585
correction_magnitude_deg,0,8293585
owd_uplink_ms,230.7256,10600000
owd_downlink_ms,229.0445,10600000
prediction_position_error_mm,90.33166617155075,10600000
prediction_orientation_error_deg,0,10600000
owd_uplink_ms,222.712,10700000
owd_downlink_ms,225.4881,10700000
prediction_position_error_mm,11.231000535190105,10700000
prediction_orientation_error_deg,0,10700000
owd_uplink_ms,223.487,10800000
owd_downlink_ms,223.8146,10800000
prediction_position_error_mm,12.115257792174816,10800000
prediction_orientation_error_deg,0,10800000
prediction_position_error_mm,12.901431880891323,10900000
prediction_orientation_error_deg,0,10900000
owd_uplink_ms,227.3688,11000000
owd_downlink_ms,225.1752,11000000
owd_uplink_ms,230.7981,11000000
owd_downlink_ms,226.0385,11000000
prediction_position_error_mm,87.70674467086792,11000000
prediction_orientation_error_deg,0,11000000
prediction_position_error_mm,91.15373343229294,11100000
prediction_orientation_error_deg,0,11100000
owd_uplink_ms,228.1608,11200000
owd_downlink_ms,225.3696,11200000
correction_magnitude_mm,8.224548771977425,8883187
correction_magnitude_deg,0,8883187
owd_uplink_ms,229.3721,11200000
owd_downlink_ms,231.0938,11200000
prediction_position_error_mm,86.35985851287842,11200000
prediction_orientation_error_deg,0,11200000
owd_uplink_ms,224.674,11300000
owd_downlink_ms,230.691,11300000
prediction_position_error_mm,5.856683477759361,11300000
prediction_orientation_error_deg,0,11300000
owd_uplink_ms,226.993,11400000
owd_downlink_ms,225.0948,11400000
prediction_position_error_mm,15.12631494551897,11400000
prediction_orientation_error_deg,0,11400000
owd_uplink_ms,224.1747,11500000
owd_downlink_ms,225.1666,11500000
prediction_position_error_mm,9.39941592514515,11500000
prediction_orientation_error_deg,0,11500000
prediction_position_error_mm,10.26348676532507,11600000
prediction_orientation_error_deg,0,11600000
owd_uplink_ms,228.0851,11700000
owd_downlink_ms,232.431,11700000
prediction_position_error_mm,7.558376993983984,11700000
prediction_orientation_error_deg,0,11700000
owd_uplink_ms,226.506,11800000
owd_downlink_ms,229.9976,11800000
owd_uplink_ms,227.5885,11800000
owd_downlink_ms,228.8517,11800000
prediction_position_error_mm,9.097813628613949,11800000
prediction_orientation_error_deg,0,11800000
owd_uplink_ms,226.9535,11900000
owd_downlink_ms,226.6599,11900000
prediction_position_error_mm,13.13327718526125,11900000
prediction_orientation_error_deg,0,11900000
owd_uplink_ms,229.4957,12000000
owd_downlink_ms,227.2317,12000000
prediction_position_error_mm,12.725569307804108,12000000
prediction_orientation_error_deg,0,12000000
prediction_position_error_mm,16.365235671401024,12100000
prediction_orientation_error_deg,0,12100000
owd_uplink_ms,229.2286,12200000
owd_downlink_ms,223.8739,12200000
prediction_position_error_mm,13.945754617452621,12200000
prediction_orientation_error_deg,0,12200000
owd_uplink_ms,231.7943,12300000
owd_downlink_ms,231.3046,12300000
owd_uplink_ms,224.634,12300000
owd_downlink_ms,227.0778,12300000
prediction_position_error_mm,9.228164330124855,12300000
prediction_orientation_error_deg,0,12300000
prediction_position_error_mm,10.11480949819088,12400000
prediction_orientation_error_deg,0,12400000
owd_uplink_ms,226.7172,12500000
owd_downlink_ms,230.436,12500000
prediction_position_error_mm,8.788191713392735,12500000
prediction_orientation_error_deg,0,12500000
owd_uplink_ms,227.6631,12600000
owd_downlink_ms,223.7423,12600000
prediction_position_error_mm,13.39306402951479,12600000
prediction_orientation_error_deg,0,12600000
owd_uplink_ms,230.2485,12700000
owd_downlink_ms,232.7004,12700000
owd_uplink_ms,226.821,12700000
owd_downlink_ms,228.5645,12700000
prediction_position_error_mm,9.633418172597885,12700000
prediction_orientation_error_deg,0,12700000
prediction_position_error_mm,12.560890056192875,12800000
prediction_orientation_error_deg,0,12800000
owd_uplink_ms,227.9258,12900000
owd_downlink_ms,230.662,12900000
owd_uplink_ms,224.6503,12900000
owd_downlink_ms,223.2759,12900000
prediction_position_error_mm,12.368340976536274,12900000
prediction_orientation_error_deg,0,12900000
prediction_position_error_mm,13.423885218799114,13000000
prediction_orientation_error_deg,0,13000000
owd_uplink_ms,232.4298,13100000
owd_downlink_ms,229.6787,13100000
prediction_position_error_mm,31.92099928855896,13100000
prediction_orientation_error_deg,0,13100000
owd_uplink_ms,231.2178,13200000
owd_downlink_ms,225.8461,13200000
prediction_position_error_mm,14.60996363312006,13200000
prediction_orientation_error_deg,0,13200000
owd_uplink_ms,231.0469,13300000
owd_downlink_ms,227.1301,13300000
owd_uplink_ms,227.0767,13300000
owd_downlink_ms,229.3147,13300000
prediction_position_error_mm,71.22103869915009,13300000
prediction_orientation_error_deg,0,13300000
prediction_position_error_mm,71.22103869915009,13400000
prediction_orientation_error_deg,0,13400000
owd_uplink_ms,228.1905,13500000
owd_downlink_ms,232.1809,13500000
prediction_position_error_mm,9.843925014138222,13500000
prediction_orientation_error_deg,0,13500000
owd_uplink_ms,224.8764,13600000
owd_downlink_ms,230.2674,13600000
owd_uplink_ms,227.6391,13600000
owd_downlink_ms,223.6655,13600000
prediction_position_error_mm,15.313957817852497,13600000
prediction_orientation_error_deg,0,13600000
prediction_position_error_mm,18.559511750936508,13700000
prediction_orientation_error_deg,0,13700000
prediction_position_error_mm,17.74337701499462,13800000
prediction_orientation_error_deg,0,13800000
owd_uplink_ms,225.5535,13900000
owd_downlink_ms,231.739,13900000
owd_uplink_ms,233.1092,13900000
owd_downlink_ms,232.4045,13900000
prediction_position_error_mm,70.0186938047409,13900000
prediction_orientation_error_deg,0,13900000
owd_uplink_ms,225.5427,14000000
owd_downlink_ms,230.0432,14000000
owd_uplink_ms,230.4394,14000000
owd_downlink_ms,226.5778,14000000
prediction_position_error_mm,15.081144869327545,14000000
prediction_orientation_error_deg,0,14000000
owd_uplink_ms,228.4053,14100000
owd_downlink_ms,227.3009,14100000
prediction_position_error_mm,12.842858210206032,14100000
prediction_orientation_error_deg,0,14100000
prediction_position_error_mm,13.952645473182201,14200000
prediction_orientation_error_deg,0,14200000
owd_uplink_ms,231.9958,14300000
owd_downlink_ms,225.3288,14300000
owd_uplink_ms,224.3816,14300000
owd_downlink_ms,229.6478,14300000
prediction_position_error_mm,63.77555429935455,14300000
prediction_orientation_error_deg,0,14300000
prediction_position_error_mm,66.15343689918518,14400000
prediction_orientation_error_deg,0,14400000
prediction_position_error_mm,68.49896162748337,14500000
prediction_orientation_error_deg,0,14500000
owd_uplink_ms,225.7954,14600000
owd_downlink_ms,229.4888,14600000
correction_magnitude_mm,6.237979978322983,12205996
correction_magnitude_deg,0,12205996
owd_uplink_ms,231.1754,14600000
owd_downlink_ms,230.4841,14600000
owd_uplink_ms,226.2959,14600000
owd_downlink_ms,226.1383,14600000
prediction_position_error_mm,14.373543672263622,14600000
prediction_orientation_error_deg,0,14600000
owd_uplink_ms,229.3888,14700000
owd_downlink_ms,225.5936,14700000
prediction_position_error_mm,15.28782956302166,14700000
prediction_orientation_error_deg,0,14700000
owd_uplink_ms,227.53,14800000
owd_downlink_ms,223.9218,14800000
prediction_position_error_mm,15.272361226379871,14800000
prediction_orientation_error_deg,0,14800000
owd_uplink_ms,224.1292,14900000
owd_downlink_ms,224.8487,14900000
prediction_position_error_mm,12.20098789781332,14900000
prediction_orientation_error_deg,0,14900000
owd_uplink_ms,228.9306,15000000
owd_downlink_ms,224.4443,15000000
prediction_position_error_mm,16.1190927028656,15000000
prediction_orientation_error_deg,0,15000000
prediction_position_error_mm,17.37087219953537,15100000
prediction_orientation_error_deg,0,15100000
prediction_position_error_mm,18.671315163373947,15200000
prediction_orientation_error_deg,0,15200000
owd_uplink_ms,226.7408,15300000
owd_downlink_ms,230.6622,15300000
owd_uplink_ms,230.6935,15300000
owd_downlink_ms,230.9011,15300000
prediction_position_error_mm,57.32116103172302,15300000
prediction_orientation_error_deg,0,15300000
owd_uplink_ms,223.6446,15400000
owd_downlink_ms,230.1715,15400000
prediction_position_error_mm,11.144623160362244,15400000
prediction_orientation_error_deg,0,15400000
owd_uplink_ms,231.3788,15500000
owd_downlink_ms,225.3077,15500000
prediction_position_error_mm,16.67325384914875,15500000
prediction_orientation_error_deg,0,15500000
owd_uplink_ms,223.7119,15600000
owd_downlink_ms,230.4131,15600000
owd_uplink_ms,224.0229,15600000
owd_downlink_ms,223.4558,15600000
prediction_position_error_mm,13.19120917469263,15600000
prediction_orientation_error_deg,0,15600000
prediction_position_error_mm,15.325360931456089,15700000
prediction_orientation_error_deg,0,15700000
owd_uplink_ms,227.5657,15800000
owd_downlink_ms,227.1712,15800000
owd_uplink_ms,230.8717,15800000
owd_downlink_ms,228.8367,15800000
prediction_position_error_mm,53.32772806286812,15800000
prediction_orientation_error_deg,0,15800000
owd_uplink_ms,226.7901,15900000
owd_downlink_ms,227.1303,15900000
prediction_position_error_mm,14.010758139193058,15900000
prediction_orientation_error_deg,0,15900000
prediction_position_error_mm,16.12199656665325,16000000
prediction_orientation_error_deg,0,16000000
owd_uplink_ms,230.5632,16100000
owd_downlink_ms,226.084,16100000
prediction_position_error_mm,15.026905573904514,16100000
prediction_orientation_error_deg,0,16100000
owd_uplink_ms,224.6091,16200000
owd_downlink_ms,229.9604,16200000
owd_uplink_ms,225.3075,16200000
owd_downlink_ms,224.7845,16200000
prediction_position_error_mm,13.450165279209614,16200000
prediction_orientation_error_deg,0,16200000
owd_uplink_ms,225.5435,16300000
owd_downlink_ms,225.6741,16300000
prediction_position_error_mm,13.83792795240879,16300000
prediction_orientation_error_deg,0,16300000
owd_uplink_ms,227.5162,16400000
owd_downlink_ms,228.1295,16400000
prediction_position_error_mm,12.97486387193203,16400000
prediction_orientation_error_deg,0,16400000
owd_uplink_ms,229.9334,16500000
owd_downlink_ms,228.8342,16500000
prediction_position_error_mm,13.838197104632854,16500000
prediction_orientation_error_deg,0,16500000
owd_uplink_ms,226.9996,16600000
owd_downlink_ms,228.9725,16600000
prediction_position_error_mm,12.51100655645132,16600000
prediction_orientation_error_deg,0,16600000
owd_uplink_ms,226.3995,16700000
owd_downlink_ms,225.895,16700000
prediction_position_error_mm,13.584364205598831,16700000
prediction_orientation_error_deg,0,16700000
owd_uplink_ms,225.9429,16800000
owd_downlink_ms,224.0411,16800000
prediction_position_error_mm,14.290842227637768,16800000
prediction_orientation_error_deg,0,16800000
prediction_position_error_mm,15.507551841437817,16900000
prediction_orientation_error_deg,0,16900000
owd_uplink_ms,223.4592,17000000
owd_downlink_ms,223.1456,17000000
owd_uplink_ms,230.2202,17000000
owd_downlink_ms,226.122,17000000
prediction_position_error_mm,46.70550674200058,17000000
prediction_orientation_error_deg,0,17000000
owd_uplink_ms,227.0257,17100000
owd_downlink_ms,224.6326,17100000
prediction_position_error_mm,16.825977712869644,17100000
prediction_orientation_error_deg,0,17100000
prediction_position_error_mm,18.78240332007408,17200000
prediction_orientation_error_deg,0,17200000
owd_uplink_ms,228.4134,17300000
owd_downlink_ms,233.0894,17300000
owd_uplink_ms,225.8989,17300000
owd_downlink_ms,229.4861,17300000
prediction_position_error_mm,12.491156347095966,17300000
prediction_orientation_error_deg,0,17300000
owd_uplink_ms,228.454,17400000
owd_downlink_ms,226.0601,17400000
prediction_position_error_mm,14.544070698320866,17400000
prediction_orientation_error_deg,0,17400000
prediction_position_error_mm,16.049116849899292,17500000
prediction_orientation_error_deg,0,17500000
owd_uplink_ms,226.9321,17600000
owd_downlink_ms,231.3544,17600000
prediction_position_error_mm,13.566124252974987,17600000
prediction_orientation_error_deg,0,17600000
owd_uplink_ms,231.1562,17700000
owd_downlink_ms,224.8693,17700000
prediction_position_error_mm,22.41719514131546,17700000
prediction_orientation_error_deg,0,17700000
owd_uplink_ms,231.7757,17800000
owd_downlink_ms,229.4949,17800000
prediction_position_error_mm,14.545555226504803,17800000
prediction_orientation_error_deg,0,17800000
owd_uplink_ms,223.9201,17900000
owd_downlink_ms,225.1963,17900000
owd_uplink_ms,231.1956,17900000
owd_downlink_ms,229.518,17900000
prediction_position_error_mm,43.57881098985672,17900000
prediction_orientation_error_deg,0,17900000
prediction_position_error_mm,43.57881098985672,18000000
prediction_orientation_error_deg,0,18000000
owd_uplink_ms,224.3072,18100000
owd_downlink_ms,229.6014,18100000
prediction_position_error_mm,13.922135345637798,18100000
prediction_orientation_error_deg,0,18100000
owd_uplink_ms,231.5991,18200000
owd_downlink_ms,232.1025,18200000
owd_uplink_ms,225.6595,18200000
owd_downlink_ms,228.111,18200000
prediction_position_error_mm,13.267348520457745,18200000
prediction_orientation_error_deg,0,18200000
prediction_position_error_mm,14.445536769926548,18300000
prediction_orientation_error_deg,0,18300000
owd_uplink_ms,230.6613,18400000
owd_downlink_ms,225.1972,18400000
prediction_position_error_mm,15.125568956136703,18400000
prediction_orientation_error_deg,0,18400000
owd_uplink_ms,228.6667,18500000
owd_downlink_ms,232.1981,18500000
owd_uplink_ms,228.5458,18500000
owd_downlink_ms,223.6353,18500000
prediction_position_error_mm,15.196528285741806,18500000
prediction_orientation_error_deg,0,18500000
prediction_position_error_mm,16.451185569167137,18600000
prediction_orientation_error_deg,0,18600000
prediction_position_error_mm,17.756210640072823,18700000
prediction_orientation_error_deg,0,18700000
owd_uplink_ms,230.4066,18800000
owd_downlink_ms,231.3602,18800000
owd_uplink_ms,228.0937,18800000
owd_downlink_ms,232.0078,18800000
owd_uplink_ms,229.3917,18800000
owd_downlink_ms,227.8446,18800000
prediction_position_error_mm,13.79258744418621,18800000
prediction_orientation_error_deg,0,18800000
owd_uplink_ms,228.5088,18900000
owd_downlink_ms,227.0545,18900000
prediction_position_error_mm,14.13576677441597,18900000
prediction_orientation_error_deg,0,18900000
owd_uplink_ms,227.2837,19000000
owd_downlink_ms,225.506,19000000
prediction_position_error_mm,14.191593043506145,19000000
prediction_orientation_error_deg,0,19000000
owd_uplink_ms,226.5876,19100000
owd_downlink_ms,229.0028,19100000
prediction_position_error_mm,13.676347211003304,19100000
prediction_orientation_error_deg,0,19100000
owd_uplink_ms,223.4094,19200000
owd_downlink_ms,224.9491,19200000
prediction_position_error_mm,13.761469163000584,19200000
prediction_orientation_error_deg,0,19200000
prediction_position_error_mm,14.961819164454937,19300000
prediction_orientation_error_deg,0,19300000
owd_uplink_ms,226.7888,19400000
owd_downlink_ms,231.9965,19400000
prediction_position_error_mm,14.887573197484016,19400000
prediction_orientation_error_deg,0,19400000
owd_uplink_ms,226.4119,19500000
owd_downlink_ms,229.6444,19500000
prediction_position_error_mm,14.948725700378418,19500000
prediction_orientation_error_deg,0,19500000
owd_uplink_ms,232.7745,19600000
owd_downlink_ms,225.2705,19600000
prediction_position_error_mm,14.85325489193201,19600000
prediction_orientation_error_deg,0,19600000
owd_uplink_ms,229.8867,19700000
owd_downlink_ms,229.8746,19700000
prediction_position_error_mm,45.70562392473221,19700000
prediction_orientation_error_deg,0,19700000
owd_uplink_ms,228.5725,19800000
owd_downlink_ms,230.3499,19800000
prediction_position_error_mm,15.065102837979794,19800000
prediction_orientation_error_deg,0,19800000
owd_uplink_ms,229.614,19900000
owd_downlink_ms,225.6465,19900000
prediction_position_error_mm,14.549602754414082,19900000
prediction_orientation_error_deg,0,19900000
owd_uplink_ms,230.9269,20000000
owd_downlink_ms,231.5113,20000000
owd_uplink_ms,227.0423,20000000
owd_downlink_ms,228.3534,20000000
prediction_position_error_mm,13.903750106692314,20000000
prediction_orientation_error_deg,0,20000000
prediction_position_error_mm,15.105689875781536,20100000
prediction_orientation_error_deg,0,20100000
owd_uplink_ms,231.4431,20200000
owd_downlink_ms,227.8884,20200000
prediction_position_error_mm,14.43968340754509,20200000
prediction_orientation_error_deg,0,20200000
owd_uplink_ms,226.562,20300000
owd_downlink_ms,230.5716,20300000
prediction_position_error_mm,45.63390463590622,20300000
prediction_orientation_error_deg,0,20300000
owd_uplink_ms,228.2677,20400000
owd_downlink_ms,224.5562,20400000
prediction_position_error_mm,14.364232309162617,20400000
prediction_orientation_error_deg,0,20400000
owd_uplink_ms,230.0663,20500000
owd_downlink_ms,232.2026,20500000
prediction_position_error_mm,48.72860386967659,20500000
prediction_orientation_error_deg,0,20500000
owd_uplink_ms,225.7033,20600000
owd_downlink_ms,230.5425,20600000
prediction_position_error_mm,15.595866367220879,20600000
prediction_orientation_error_deg,0,20600000
owd_uplink_ms,230.3632,20700000
owd_downlink_ms,231.2997,20700000
prediction_position_error_mm,15.123422257602215,20700000
prediction_orientation_error_deg,0,20700000
owd_uplink_ms,226.0682,20800000
owd_downlink_ms,229.7123,20800000
owd_uplink_ms,229.8852,20800000
owd_downlink_ms,224.8459,20800000
prediction_position_error_mm,13.49699217826128,20800000
prediction_orientation_error_deg,0,20800000
prediction_position_error_mm,14.663933776319027,20900000
prediction_orientation_error_deg,0,20900000
owd_uplink_ms,224.8338,21000000
owd_downlink_ms,229.2748,21000000
owd_uplink_ms,230.0047,21000000
owd_downlink_ms,226.5544,21000000
prediction_position_error_mm,13.402130454778671,21000000
prediction_orientation_error_deg,0,21000000
prediction_position_error_mm,14.567836187779903,21100000
prediction_orientation_error_deg,0,21100000
owd_uplink_ms,230.82,21200000
owd_downlink_ms,224.7176,21200000
owd_uplink_ms,227.6778,21200000
owd_downlink_ms,226.98,21200000
prediction_position_error_mm,50.65754055976868,21200000
prediction_orientation_error_deg,0,21200000
prediction_position_error_mm,53.164735436439514,21300000
prediction_orientation_error_deg,0,21300000
owd_uplink_ms,228.3546,21400000
owd_downlink_ms,231.3201,21400000
owd_uplink_ms,228.1892,21400000
owd_downlink_ms,225.1669,21400000
prediction_position_error_mm,13.148087076842785,21400000
prediction_orientation_error_deg,0,21400000
owd_uplink_ms,229.7886,21500000
owd_downlink_ms,229.5468,21500000
prediction_position_error_mm,13.558752834796906,21500000
prediction_orientation_error_deg,0,21500000
owd_uplink_ms,228.3321,21600000
owd_downlink_ms,225.8327,21600000
prediction_position_error_mm,13.07489350438118,21600000
prediction_orientation_error_deg,0,21600000
owd_uplink_ms,224.6712,21700000
owd_downlink_ms,224.0188,21700000
prediction_position_error_mm,13.371803797781467,21700000
prediction_orientation_error_deg,0,21700000
owd_uplink_ms,225.3041,21800000
owd_downlink_ms,228.5702,21800000
prediction_position_error_mm,14.383350498974323,21800000
prediction_orientation_error_deg,0,21800000
owd_uplink_ms,224.3377,21900000
owd_downlink_ms,225.8411,21900000
prediction_position_error_mm,13.905378989875317,21900000
prediction_orientation_error_deg,0,21900000
prediction_position_error_mm,15.081312507390976,22000000
prediction_orientation_error_deg,0,22000000
owd_uplink_ms,227.8075,22100000
owd_downlink_ms,232.3277,22100000
prediction_position_error_mm,13.801253400743008,22100000
prediction_orientation_error_deg,0,22100000
owd_uplink_ms,227.6577,22200000
owd_downlink_ms,230.9625,22200000
owd_uplink_ms,228.7623,22200000
owd_downlink_ms,224.5804,22200000
prediction_position_error_mm,10.832340456545353,22200000
prediction_orientation_error_deg,0,22200000
owd_uplink_ms,228.4867,22300000
owd_downlink_ms,227.3579,22300000
prediction_position_error_mm,13.050485402345657,22300000
prediction_orientation_error_deg,0,22300000
prediction_position_error_mm,14.181136153638363,22400000
prediction_orientation_error_deg,0,22400000
owd_uplink_ms,225.6131,22500000
owd_downlink_ms,231.6533,22500000
prediction_position_error_mm,14.285599812865257,22500000
prediction_orientation_error_deg,0,22500000
owd_uplink_ms,229.122,22600000
owd_downlink_ms,229.3638,22600000
prediction_position_error_mm,12.418155558407307,22600000
prediction_orientation_error_deg,0,22600000
owd_uplink_ms,232.7387,22700000
owd_downlink_ms,225.123,22700000
owd_uplink_ms,228.2397,22700000
owd_downlink_ms,225.9692,22700000
prediction_position_error_mm,60.8757920563221,22700000
prediction_orientation_error_deg,0,22700000
owd_uplink_ms,229.2367,22800000
owd_downlink_ms,225.1127,22800000
prediction_position_error_mm,9.942645207047462,22800000
prediction_orientation_error_deg,0,22800000
owd_uplink_ms,224.1511,22900000
owd_downlink_ms,228.8822,22900000
prediction_position_error_mm,12.42336630821228,22900000
prediction_orientation_error_deg,0,22900000
prediction_position_error_mm,13.579164631664753,23000000
prediction_orientation_error_deg,0,23000000
owd_uplink_ms,225.7216,23100000
owd_downlink_ms,230.7909,23100000
owd_uplink_ms,228.2422,23100000
owd_downlink_ms,227.698,23100000
prediction_position_error_mm,12.864633463323116,23100000
prediction_orientation_error_deg,0,23100000
owd_uplink_ms,225.1719,23200000
owd_downlink_ms,225.236,23200000
prediction_position_error_mm,13.073581270873547,23200000
prediction_orientation_error_deg,0,23200000
owd_uplink_ms,229.3318,23300000
owd_downlink_ms,225.4951,23300000
prediction_position_error_mm,11.363137513399124,23300000
prediction_orientation_error_deg,0,23300000
owd_uplink_ms,223.7104,23400000
owd_downlink_ms,224.1772,23400000
prediction_position_error_mm,13.096198439598083,23400000
prediction_orientation_error_deg,0,23400000
owd_uplink_ms,227.7745,23500000
owd_downlink_ms,228.8032,23500000
prediction_position_error_mm,13.339275494217873,23500000
prediction_orientation_error_deg,0,23500000
owd_uplink_ms,227.7334,23600000
owd_downlink_ms,228.1879,23600000
prediction_position_error_mm,13.028446584939957,23600000
prediction_orientation_error_deg,0,23600000
owd_uplink_ms,225.0868,23700000
owd_downlink_ms,223.8594,23700000
prediction_position_error_mm,12.13348563760519,23700000
prediction_orientation_error_deg,0,23700000
owd_uplink_ms,223.4947,23800000
owd_downlink_ms,224.0137,23800000
prediction_position_error_mm,12.948475778102875,23800000
prediction_orientation_error_deg,0,23800000
owd_uplink_ms,227.7609,23900000
owd_downlink_ms,229.3977,23900000
prediction_position_error_mm,10.706689208745956,23900000
prediction_orientation_error_deg,0,23900000
prediction_position_error_mm,14.63551726192236,24000000
prediction_orientation_error_deg,0,24000000
owd_uplink_ms,226.7292,24100000
owd_downlink_ms,231.587,24100000
owd_uplink_ms,226.3444,24100000
owd_downlink_ms,223.5347,24100000
prediction_position_error_mm,11.125694960355759,24100000
prediction_orientation_error_deg,0,24100000
owd_uplink_ms,224.4603,24200000
owd_downlink_ms,223.6965,24200000
prediction_position_error_mm,12.099621817469597,24200000
prediction_orientation_error_deg,0,24200000
owd_uplink_ms,228.02,24300000
owd_downlink_ms,228.3395,24300000
prediction_position_error_mm,12.654174119234085,24300000
prediction_orientation_error_deg,0,24300000
prediction_position_error_mm,13.710645027458668,24400000
prediction_orientation_error_deg,0,24400000
owd_uplink_ms,230.9031,24500000
owd_downlink_ms,225.3855,24500000
prediction_position_error_mm,40.91453179717064,24500000
prediction_orientation_error_deg,0,24500000
owd_uplink_ms,223.3484,24600000
owd_downlink_ms,223.4829,24600000
owd_uplink_ms,231.7807,24600000
owd_downlink_ms,226.5599,24600000
prediction_position_error_mm,75.62567293643951,24600000
prediction_orientation_error_deg,0,24600000
prediction_position_error_mm,79.3101117014885,24700000
prediction_orientation_error_deg,0,24700000
owd_uplink_ms,228.6109,24800000
owd_downlink_ms,231.4568,24800000
prediction_position_error_mm,9.012965485453606,24800000
prediction_orientation_error_deg,0,24800000
prediction_position_error_mm,12.566793709993362,24900000
prediction_orientation_error_deg,0,24900000
owd_uplink_ms,231.0524,25000000
owd_downlink_ms,232.4653,25000000
owd_uplink_ms,227.045,25000000
owd_downlink_ms,227.9185,25000000
owd_uplink_ms,232.3605,25000000
owd_downlink_ms,229.8757,25000000
prediction_position_error_mm,74.96406883001328,25000000
prediction_orientation_error_deg,0,25000000
prediction_position_error_mm,82.56404101848602,25100000
prediction_orientation_error_deg,0,25100000
owd_uplink_ms,231.1083,25200000
owd_downlink_ms,228.9473,25200000
prediction_position_error_mm,47.42775112390518,25200000
prediction_orientation_error_deg,0,25200000
owd_uplink_ms,229.5775,25300000
owd_downlink_ms,227.6396,25300000
prediction_position_error_mm,13.53782881051302,25300000
prediction_orientation_error_deg,0,25300000
owd_uplink_ms,228.3492,25400000
owd_downlink_ms,229.6492,25400000
prediction_position_error_mm,61.584364622831345,25400000
prediction_orientation_error_deg,0,25400000
owd_uplink_ms,229.9559,25500000
owd_downlink_ms,230.7615,25500000
owd_uplink_ms,228.9746,25500000
owd_downlink_ms,229.492,25500000
prediction_position_error_mm,11.741746217012405,25500000
prediction_orientation_error_deg,0,25500000
owd_uplink_ms,227.7017,25600000
owd_downlink_ms,229.9174,25600000
prediction_position_error_mm,12.973951175808907,25600000
prediction_orientation_error_deg,0,25600000
prediction_position_error_mm,10.512708686292171,25700000
prediction_orientation_error_deg,0,25700000
owd_uplink_ms,229.8154,25800000
owd_downlink_ms,231.0729,25800000
owd_uplink_ms,225.9492,25800000
owd_downlink_ms,226.1275,25800000
prediction_position_error_mm,11.38465479016304,25800000
prediction_orientation_error_deg,0,25800000
prediction_position_error_mm,9.028051048517227,25900000
prediction_orientation_error_deg,0,25900000
owd_uplink_ms,225.5591,26000000
owd_downlink_ms,229.8933,26000000
owd_uplink_ms,225.3139,26000000
owd_downlink_ms,228.8989,26000000
prediction_position_error_mm,14.134034514427185,26000000
prediction_orientation_error_deg,0,26000000
prediction_position_error_mm,11.422678828239441,26100000
prediction_orientation_error_deg,0,26100000
owd_uplink_ms,228.7275,26200000
owd_downlink_ms,230.4488,26200000
prediction_position_error_mm,13.671782799065113,26200000
prediction_orientation_error_deg,0,26200000
owd_uplink_ms,231.8664,26300000
owd_downlink_ms,223.5649,26300000
owd_uplink_ms,228.7398,26300000
owd_downlink_ms,226.2697,26300000
prediction_position_error_mm,84.38924700021744,26300000
prediction_orientation_error_deg,0,26300000
owd_uplink_ms,224.9245,26400000
owd_downlink_ms,224.7004,26400000
prediction_position_error_mm,6.130258087068796,26400000
prediction_orientation_error_deg,0,26400000
owd_uplink_ms,226.8305,26500000
owd_downlink_ms,229.6069,26500000
prediction_position_error_mm,13.007969595491886,26500000
prediction_orientation_error_deg,0,26500000
owd_uplink_ms,225.8477,26600000
owd_downlink_ms,224.218,26600000
prediction_position_error_mm,9.25662461668253,26600000
prediction_orientation_error_deg,0,26600000
prediction_position_error_mm,10.086620226502419,26700000
prediction_orientation_error_deg,0,26700000
owd_uplink_ms,229.4033,26800000
owd_downlink_ms,232.6239,26800000
prediction_position_error_mm,14.3190398812294,26800000
prediction_orientation_error_deg,0,26800000
owd_uplink_ms,230.8991,26900000
owd_downlink_ms,229.036,26900000
prediction_position_error_mm,10.029909200966358,26900000
prediction_orientation_error_deg,0,26900000
owd_uplink_ms,225.6102,27000000
owd_downlink_ms,230.9391,27000000
owd_uplink_ms,229.6217,27000000
owd_downlink_ms,225.3573,27000000
prediction_position_error_mm,5.518980324268341,27000000
prediction_orientation_error_deg,0,27000000
prediction_position_error_mm,7.65559496358037,27100000
prediction_orientation_error_deg,0,27100000
owd_uplink_ms,230.1967,27200000
owd_downlink_ms,223.8532,27200000
owd_uplink_ms,226.8651,27200000
owd_downlink_ms,226.497,27200000
prediction_position_error_mm,94.92377936840057,27200000
prediction_orientation_error_deg,0,27200000
prediction_position_error_mm,99.38737750053406,27300000
prediction_orientation_error_deg,0,27300000
owd_uplink_ms,231.3933,27400000
owd_downlink_ms,227.6815,27400000
correction_magnitude_mm,7.62075325474143,25088857
correction_magnitude_deg,0,25088857
owd_uplink_ms,224.8649,27400000
owd_downlink_ms,229.8325,27400000
prediction_position_error_mm,96.26899659633636,27400000
prediction_orientation_error_deg,0,27400000
owd_uplink_ms,224.934,27500000
owd_downlink_ms,225.08,27500000
prediction_position_error_mm,9.759452193975449,27500000
prediction_orientation_error_deg,0,27500000
prediction_position_error_mm,6.956491619348526,27600000
prediction_orientation_error_deg,0,27600000
owd_uplink_ms,229.4322,27700000
owd_downlink_ms,231.1808,27700000
owd_uplink_ms,226.8395,27700000
owd_downlink_ms,227.6846,27700000
prediction_position_error_mm,10.322345420718193,27700000
prediction_orientation_error_deg,0,27700000
owd_uplink_ms,226.0158,27800000
owd_downlink_ms,224.799,27800000
prediction_position_error_mm,8.270611055195332,27800000
prediction_orientation_error_deg,0,27800000
owd_uplink_ms,224.625,27900000
owd_downlink_ms,223.9606,27900000
prediction_position_error_mm,8.63906741142273,27900000
prediction_orientation_error_deg,0,27900000
prediction_position_error_mm,9.390557184815407,28000000
prediction_orientation_error_deg,0,28000000
owd_uplink_ms,229.4628,28100000
owd_downlink_ms,224.2931,28100000
owd_uplink_ms,222.9292,28100000
owd_downlink_ms,230.0547,28100000
prediction_position_error_mm,100.76376050710678,28100000
prediction_orientation_error_deg,0,28100000
prediction_position_error_mm,105.44748604297638,28200000
prediction_orientation_error_deg,0,28200000
owd_uplink_ms,225.434,28300000
owd_downlink_ms,224.86,28300000
correction_magnitude_mm,8.180530741810799,25997870
correction_magnitude_deg,0,25997870
owd_uplink_ms,230.8727,28300000
owd_downlink_ms,228.3334,28300000
prediction_position_error_mm,101.98299586772919,28300000
prediction_orientation_error_deg,0,28300000
prediction_position_error_mm,106.71152174472809,28400000
prediction_orientation_error_deg,0,28400000
owd_uplink_ms,229.4051,28500000
owd_downlink_ms,224.77,28500000
correction_magnitude_mm,8.299505338072777,26188904
correction_magnitude_deg,0,26188904
prediction_position_error_mm,5.172897130250931,28500000
prediction_orientation_error_deg,0,28500000
owd_uplink_ms,224.3358,28600000
owd_downlink_ms,232.3571,28600000
prediction_position_error_mm,103.17153483629227,28600000
prediction_orientation_error_deg,0,28600000
owd_uplink_ms,231.6269,28700000
owd_downlink_ms,228.2148,28700000
prediction_position_error_mm,59.2610239982605,28700000
prediction_orientation_error_deg,0,28700000
owd_uplink_ms,231.4399,28800000
owd_downlink_ms,230.3798,28800000
correction_magnitude_mm,6.359613500535488,26493342
correction_magnitude_deg,0,26493342
prediction_position_error_mm,98.21143746376038,28800000
prediction_orientation_error_deg,0,28800000
owd_uplink_ms,223.9365,28900000
owd_downlink_ms,231.9477,28900000
prediction_position_error_mm,109.7288504242897,28900000
prediction_orientation_error_deg,0,28900000
owd_uplink_ms,228.7736,29000000
owd_downlink_ms,229.727,29000000
prediction_position_error_mm,10.225909762084484,29000000
prediction_orientation_error_deg,0,29000000
owd_uplink_ms,226.9009,29100000
owd_downlink_ms,230.9513,29100000
prediction_position_error_mm,9.147739969193935,29100000
prediction_orientation_error_deg,0,29100000
owd_uplink_ms,227.1602,29200000
owd_downlink_ms,230.5834,29200000
owd_uplink_ms,227.674,29200000
owd_downlink_ms,224.4916,29200000
prediction_position_error_mm,4.567622672766447,29200000
prediction_orientation_error_deg,0,29200000
prediction_position_error_mm,5.886922124773264,29300000
prediction_orientation_error_deg,0,29300000
owd_uplink_ms,228.0281,29400000
owd_downlink_ms,227.4387,29400000
prediction_position_error_mm,4.623746033757925,29400000
prediction_orientation_error_deg,0,29400000
owd_uplink_ms,232.6667,29500000
owd_downlink_ms,229.4953,29500000
owd_uplink_ms,224.1541,29500000
owd_downlink_ms,228.2213,29500000
prediction_position_error_mm,9.047441184520721,29500000
prediction_orientation_error_deg,0,29500000
owd_uplink_ms,225.2197,29600000
owd_downlink_ms,226.3161,29600000
prediction_position_error_mm,5.07808942347765,29600000
prediction_orientation_error_deg,0,29600000
prediction_position_error_mm,5.696271080523729,29700000
prediction_orientation_error_deg,0,29700000
owd_uplink_ms,226.6401,29800000
owd_downlink_ms,229.0375,29800000
owd_uplink_ms,228.3344,29800000
owd_downlink_ms,228.3671,29800000
prediction_position_error_mm,7.951970212161541,29800000
prediction_orientation_error_deg,0,29800000
prediction_position_error_mm,4.74696746096015,29900000
prediction_orientation_error_deg,0,29900000
owd_uplink_ms,225.8675,30000000
owd_downlink_ms,225.4404,30000000
prediction_position_error_mm,4.202046897262335,30000000
prediction_orientation_error_deg,0,30000000
owd_uplink_ms,233.2081,30100000
owd_downlink_ms,230.5429,30100000
prediction_position_error_mm,111.02836579084396,30100000
prediction_orientation_error_deg,0,30100000
owd_uplink_ms,227.768,30200000
owd_downlink_ms,229.952,30200000
owd_uplink_ms,228.0809,30200000
owd_downlink_ms,223.6071,30200000
prediction_position_error_mm,6.454728543758392,30200000
prediction_orientation_error_deg,0,30200000
owd_uplink_ms,226.4807,30300000
owd_downlink_ms,228.7032,30300000
prediction_position_error_mm,9.737269021570683,30300000
prediction_orientation_error_deg,0,30300000
owd_uplink_ms,226.7324,30400000
owd_downlink_ms,224.5893,30400000
prediction_position_error_mm,4.8315986059606075,30400000
prediction_orientation_error_deg,0,30400000
owd_uplink_ms,228.6919,30500000
owd_downlink_ms,228.1601,30500000
prediction_position_error_mm,3.5412427969276905,30500000
prediction_orientation_error_deg,0,30500000
owd_uplink_ms,225.7071,30600000
owd_downlink_ms,226.598,30600000
prediction_position_error_mm,7.789005991071463,30600000
prediction_orientation_error_deg,0,30600000
owd_uplink_ms,230.2305,30700000
owd_downlink_ms,226.4833,30700000
prediction_position_error_mm,3.7608128041028976,30700000
prediction_orientation_error_deg,0,30700000
prediction_position_error_mm,4.0777744725346565,30800000
prediction_orientation_error_deg,0,30800000
owd_uplink_ms,232.3733,30900000
owd_downlink_ms,227.2063,30900000
prediction_position_error_mm,57.88714811205864,30900000
prediction_orientation_error_deg,0,30900000
owd_uplink_ms,226.543,31000000
owd_downlink_ms,223.6619,31000000
correction_magnitude_mm,7.203824818134308,28693769
correction_magnitude_deg,0,28693769
owd_uplink_ms,230.0484,31000000
owd_downlink_ms,228.1043,31000000
prediction_position_error_mm,115.13154953718185,31000000
prediction_orientation_error_deg,0,31000000
prediction_position_error_mm,115.13154953718185,31100000
prediction_orientation_error_deg,0,31100000
owd_uplink_ms,226.1267,31200000
owd_downlink_ms,226.873,31200000
correction_magnitude_mm,9.653856977820396,28892274
correction_magnitude_deg,0,28892274
owd_uplink_ms,231.4963,31200000
owd_downlink_ms,229.9718,31200000
prediction_position_error_mm,110.65337806940079,31200000
prediction_orientation_error_deg,0,31200000
prediction_position_error_mm,115.83524942398071,31300000
prediction_orientation_error_deg,0,31300000
owd_uplink_ms,224.0355,31400000
owd_downlink_ms,231.622,31400000
prediction_position_error_mm,13.50144762545824,31400000
prediction_orientation_error_deg,0,31400000
prediction_position_error_mm,14.247631654143333,31500000
prediction_orientation_error_deg,0,31500000
owd_uplink_ms,230.4012,31600000
owd_downlink_ms,231.3515,31600000
owd_uplink_ms,226.1089,31600000
owd_downlink_ms,223.6117,31600000
correction_magnitude_mm,7.460592780262232,29297918
correction_magnitude_deg,0,29297918
owd_uplink_ms,229.982,31600000
owd_downlink_ms,228.1063,31600000
prediction_position_error_mm,117.12176352739334,31600000
prediction_orientation_error_deg,0,31600000
prediction_position_error_mm,117.12176352739334,31700000
prediction_orientation_error_deg,0,31700000
owd_uplink_ms,229.059,31800000
owd_downlink_ms,224.3935,31800000
correction_magnitude_mm,9.881028905510902,29489743
correction_magnitude_deg,0,29489743
owd_uplink_ms,223.6192,31800000
owd_downlink_ms,227.9975,31800000
prediction_position_error_mm,117.70371347665787,31800000
prediction_orientation_error_deg,0,31800000
prediction_position_error_mm,122.94398248195648,31900000
prediction_orientation_error_deg,0,31900000
prediction_position_error_mm,128.19060683250427,32000000
prediction_orientation_error_deg,0,32000000
owd_uplink_ms,231.3866,32100000
owd_downlink_ms,232.3066,32100000
owd_uplink_ms,224.6902,32100000
owd_downlink_ms,228.773,32100000
correction_magnitude_mm,7.3882704600691795,29801469
correction_magnitude_deg,0,29801469
prediction_position_error_mm,99.93342310190201,32100000
prediction_orientation_error_deg,0,32100000
owd_uplink_ms,232.402,32200000
owd_downlink_ms,232.4292,32200000
prediction_position_error_mm,123.75721335411072,32200000
prediction_orientation_error_deg,0,32200000
prediction_position_error_mm,129.02045249938965,32300000
prediction_orientation_error_deg,0,32300000
owd_uplink_ms,230.6515,32400000
owd_downlink_ms,231.0171,32400000
correction_magnitude_mm,5.015888717025518,30001960
correction_magnitude_deg,0,30001960
prediction_position_error_mm,69.3158432841301,32400000
prediction_orientation_error_deg,0,32400000
owd_uplink_ms,232.5143,32500000
owd_downlink_ms,230.3262,32500000
owd_uplink_ms,231.2948,32500000
owd_downlink_ms,224.4331,32500000
prediction_position_error_mm,4.5339069329202175,32500000
prediction_orientation_error_deg,0,32500000
owd_uplink_ms,229.2512,32600000
owd_downlink_ms,228.1237,32600000
owd_uplink_ms,224.1098,32600000
owd_downlink_ms,229.8456,32600000
prediction_position_error_mm,114.33802545070648,32600000
prediction_orientation_error_deg,0,32600000
owd_uplink_ms,228.5402,32700000
owd_downlink_ms,229.2858,32700000
correction_magnitude_mm,5.089266691356897,30397342
correction_magnitude_deg,0,30397342
prediction_position_error_mm,4.728798754513264,32700000
prediction_orientation_error_deg,0,32700000
prediction_position_error_mm,5.068905185908079,32800000
prediction_orientation_error_deg,0,32800000
owd_uplink_ms,230.119,32900000
owd_downlink_ms,230.1598,32900000
prediction_position_error_mm,3.955337218940258,32900000
prediction_orientation_error_deg,0,32900000
owd_uplink_ms,227.887,33000000
owd_downlink_ms,231.5406,33000000
owd_uplink_ms,228.9626,33000000
owd_downlink_ms,225.6293,33000000
correction_magnitude_mm,5.128031596541405,30697794
correction_magnitude_deg,0,30697794
prediction_position_error_mm,4.107109736651182,33000000
prediction_orientation_error_deg,0,33000000
owd_uplink_ms,227.7616,33100000
owd_downlink_ms,226.971,33100000
prediction_position_error_mm,2.9899897053837776,33100000
prediction_orientation_error_deg,0,33100000
prediction_position_error_mm,5.190604832023382,33200000
prediction_orientation_error_deg,0,33200000
owd_uplink_ms,225.9519,33300000
owd_downlink_ms,225.9822,33300000
owd_uplink_ms,229.7125,33300000
owd_downlink_ms,228.2611,33300000
prediction_position_error_mm,115.43706059455872,33300000
prediction_orientation_error_deg,0,33300000
prediction_position_error_mm,126.01198256015778,33400000
prediction_orientation_error_deg,0,33400000
owd_uplink_ms,232.0819,33500000
owd_downlink_ms,230.5596,33500000
correction_magnitude_mm,5.173315294086933,31193128
correction_magnitude_deg,0,31193128
prediction_position_error_mm,60.07160618901253,33500000
prediction_orientation_error_deg,0,33500000
owd_uplink_ms,229.9833,33600000
owd_downlink_ms,224.5153,33600000
prediction_position_error_mm,8.28276202082634,33600000
prediction_orientation_error_deg,0,33600000
owd_uplink_ms,222.6446,33700000
owd_downlink_ms,224.6437,33700000
prediction_position_error_mm,118.62955242395401,33700000
prediction_orientation_error_deg,0,33700000
owd_uplink_ms,231.4316,33800000
owd_downlink_ms,233.6157,33800000
owd_uplink_ms,227.2608,33800000
owd_downlink_ms,227.9776,33800000
correction_magnitude_mm,5.211290437728167,31492420
correction_magnitude_deg,0,31492420
prediction_position_error_mm,3.30871669575572,33800000
prediction_orientation_error_deg,0,33800000
prediction_position_error_mm,3.5521129611879587,33900000
prediction_orientation_error_deg,0,33900000
owd_uplink_ms,229.2986,34000000
owd_downlink_ms,231.7595,34000000
prediction_position_error_mm,5.523126572370529,34000000
prediction_orientation_error_deg,0,34000000
owd_uplink_ms,231.5781,34100000
owd_downlink_ms,225.8914,34100000
prediction_position_error_mm,4.877879749983549,34100000
prediction_orientation_error_deg,0,34100000
owd_uplink_ms,222.9137,34200000
owd_downlink_ms,231.1602,34200000
prediction_position_error_mm,126.6067624092102,34200000
prediction_orientation_error_deg,0,34200000
owd_uplink_ms,227.9124,34300000
owd_downlink_ms,231.2833,34300000
correction_magnitude_mm,5.241816863417625,31902910
correction_magnitude_deg,0,31902910
owd_uplink_ms,226.6791,34300000
owd_downlink_ms,224.5099,34300000
prediction_position_error_mm,8.29809345304966,34300000
prediction_orientation_error_deg,0,34300000
owd_uplink_ms,223.5157,34400000
owd_downlink_ms,223.747,34400000
prediction_position_error_mm,2.642090665176511,34400000
prediction_orientation_error_deg,0,34400000
owd_uplink_ms,226.9761,34500000
owd_downlink_ms,223.588,34500000
prediction_position_error_mm,5.728982388973236,34500000
prediction_orientation_error_deg,0,34500000
owd_uplink_ms,225.6934,34600000
owd_downlink_ms,229.7247,34600000
prediction_position_error_mm,6.588644813746214,34600000
prediction_orientation_error_deg,0,34600000
owd_uplink_ms,228.9033,34700000
owd_downlink_ms,226.0421,34700000
prediction_position_error_mm,5.108952056616545,34700000
prediction_orientation_error_deg,0,34700000
prediction_position_error_mm,5.411227699369192,34800000
prediction_orientation_error_deg,0,34800000
owd_uplink_ms,224.0108,34900000
owd_downlink_ms,229.9394,34900000
prediction_position_error_mm,4.396257922053337,34900000
prediction_orientation_error_deg,0,34900000
prediction_position_error_mm,9.631619788706303,35000000
prediction_orientation_error_deg,0,35000000
owd_uplink_ms,225.761,35100000
owd_downlink_ms,229.2929,35100000
owd_uplink_ms,232.6106,35100000
owd_downlink_ms,231.1739,35100000
prediction_position_error_mm,121.18154019117355,35100000
prediction_orientation_error_deg,0,35100000
owd_uplink_ms,224.505,35200000
owd_downlink_ms,229.3681,35200000
correction_magnitude_mm,5.28274942189455,32813820
correction_magnitude_deg,0,32813820
owd_uplink_ms,228.792,35200000
owd_downlink_ms,228.2035,35200000
prediction_position_error_mm,2.4098828434944153,35200000
prediction_orientation_error_deg,0,35200000
owd_uplink_ms,228.6394,35300000
owd_downlink_ms,223.5327,35300000
prediction_position_error_mm,13.942202553153038,35300000
prediction_orientation_error_deg,0,35300000
owd_uplink_ms,229.7885,35400000
owd_downlink_ms,228.903,35400000
prediction_position_error_mm,2.927191322669387,35400000
prediction_orientation_error_deg,0,35400000
prediction_position_error_mm,7.568450178951025,35500000
prediction_orientation_error_deg,0,35500000
prediction_position_error_mm,3.456283127889037,35600000
prediction_orientation_error_deg,0,35600000
owd_uplink_ms,230.9403,35700000
owd_downlink_ms,230.8496,35700000
correction_magnitude_mm,5.399469286203384,33305478
correction_magnitude_deg,0,33305478
owd_uplink_ms,232.1635,35700000
owd_downlink_ms,225.5787,35700000
correction_magnitude_mm,8.149092085659504,33397248
correction_magnitude_deg,0,33397248
owd_uplink_ms,228.4275,35700000
owd_downlink_ms,228.1903,35700000
prediction_position_error_mm,115.28593301773071,35700000
prediction_orientation_error_deg,0,35700000
prediction_position_error_mm,125.56818127632141,35800000
prediction_orientation_error_deg,0,35800000
owd_uplink_ms,229.1314,35900000
owd_downlink_ms,224.5702,35900000
correction_magnitude_mm,5.287637002766132,33591251
correction_magnitude_deg,0,33591251
prediction_position_error_mm,62.49991059303284,35900000
prediction_orientation_error_deg,0,35900000
owd_uplink_ms,230.888,36000000
owd_downlink_ms,229.4067,36000000
prediction_position_error_mm,4.845953080803156,36000000
prediction_orientation_error_deg,0,36000000
owd_uplink_ms,230.3852,36100000
owd_downlink_ms,227.9185,36100000
correction_magnitude_mm,5.347130820155144,33786317
correction_magnitude_deg,0,33786317
prediction_position_error_mm,132.54639506340027,36100000
prediction_orientation_error_deg,0,36100000
owd_uplink_ms,224.776,36200000
owd_downlink_ms,233.1903,36200000
owd_uplink_ms,226.7138,36200000
owd_downlink_ms,229.55,36200000
correction_magnitude_mm,5.279742646962404,33900380
correction_magnitude_deg,0,33900380
prediction_position_error_mm,3.083866788074374,36200000
prediction_orientation_error_deg,0,36200000
owd_uplink_ms,227.8186,36300000
owd_downlink_ms,223.816,36300000
prediction_position_error_mm,13.867029920220375,36300000
prediction_orientation_error_deg,0,36300000
owd_uplink_ms,228.33,36400000
owd_downlink_ms,228.8252,36400000
prediction_position_error_mm,2.5960500352084637,36400000
prediction_orientation_error_deg,0,36400000
owd_uplink_ms,229.1025,36500000
owd_downlink_ms,225.8337,36500000
prediction_position_error_mm,13.066019862890244,36500000
prediction_orientation_error_deg,0,36500000
prediction_position_error_mm,8.649432100355625,36600000
prediction_orientation_error_deg,0,36600000
prediction_position_error_mm,9.166496805846691,36700000
prediction_orientation_error_deg,0,36700000
owd_uplink_ms,229.5352,36800000
owd_downlink_ms,231.6622,36800000
owd_uplink_ms,225.1844,36800000
owd_downlink_ms,231.425,36800000
owd_uplink_ms,229.4734,36800000
owd_downlink_ms,228.989,36800000
correction_magnitude_mm,5.253311712294817,34501764
correction_magnitude_deg,0,34501764
prediction_position_error_mm,8.51485040038824,36800000
prediction_orientation_error_deg,0,36800000
owd_uplink_ms,225.7086,36900000
owd_downlink_ms,228.0041,36900000
prediction_position_error_mm,2.0843285601586103,36900000
prediction_orientation_error_deg,0,36900000
owd_uplink_ms,227.0172,37000000
owd_downlink_ms,223.9988,37000000
prediction_position_error_mm,12.714074924588203,37000000
prediction_orientation_error_deg,0,37000000
owd_uplink_ms,228.1586,37100000
owd_downlink_ms,229.627,37100000
prediction_position_error_mm,5.978835746645927,37100000
prediction_orientation_error_deg,0,37100000
prediction_position_error_mm,2.287789946421981,37200000
prediction_orientation_error_deg,0,37200000
owd_uplink_ms,231.668,37300000
owd_downlink_ms,224.1319,37300000
prediction_position_error_mm,9.947066195309162,37300000
prediction_orientation_error_deg,0,37300000
owd_uplink_ms,228.3256,37400000
owd_downlink_ms,231.5085,37400000
prediction_position_error_mm,116.66905134916306,37400000
prediction_orientation_error_deg,0,37400000
prediction_position_error_mm,126.40783190727234,37500000
prediction_orientation_error_deg,0,37500000
owd_uplink_ms,232.6142,37600000
owd_downlink_ms,231.9588,37600000
correction_magnitude_mm,10.40953490883112,35196435
correction_magnitude_deg,0,35196435
owd_uplink_ms,229.6894,37600000
owd_downlink_ms,232.7742,37600000
prediction_position_error_mm,120.83861976861954,37600000
prediction_orientation_error_deg,0,37600000
owd_uplink_ms,225.7509,37700000
owd_downlink_ms,225.823,37700000
correction_magnitude_mm,10.371435433626175,35400379
correction_magnitude_deg,0,35400379
prediction_position_error_mm,4.35292674228549,37700000
prediction_orientation_error_deg,0,37700000
owd_uplink_ms,230.6534,37800000
owd_downlink_ms,230.5573,37800000
prediction_position_error_mm,120.083287358284,37800000
prediction_orientation_error_deg,0,37800000
owd_uplink_ms,230.7164,37900000
owd_downlink_ms,229.1894,37900000
correction_magnitude_mm,10.329480282962322,35598350
correction_magnitude_deg,0,35598350
prediction_position_error_mm,5.8744726702570915,37900000
prediction_orientation_error_deg,0,37900000
owd_uplink_ms,225.393,38000000
owd_downlink_ms,231.243,38000000
prediction_position_error_mm,119.28266286849976,38000000
prediction_orientation_error_deg,0,38000000
owd_uplink_ms,230.7471,38100000
owd_downlink_ms,224.2375,38100000
correction_magnitude_mm,10.283630341291428,35797525
correction_magnitude_deg,0,35797525
prediction_position_error_mm,9.862157516181469,38100000
prediction_orientation_error_deg,0,38100000
owd_uplink_ms,229.6673,38200000
owd_downlink_ms,232.7816,38200000
owd_uplink_ms,226.7465,38200000
owd_downlink_ms,229.0112,38200000
correction_magnitude_mm,5.1234085112810135,35904247
correction_magnitude_deg,0,35904247
prediction_position_error_mm,2.033248543739319,38200000
prediction_orientation_error_deg,0,38200000
prediction_position_error_mm,2.320601372048259,38300000
prediction_orientation_error_deg,0,38300000
owd_uplink_ms,231.0404,38400000
owd_downlink_ms,227.5502,38400000
prediction_position_error_mm,7.778308819979429,38400000
prediction_orientation_error_deg,0,38400000
owd_uplink_ms,225.2484,38500000
owd_downlink_ms,230.0411,38500000
prediction_position_error_mm,117.08492785692215,38500000
prediction_orientation_error_deg,0,38500000
owd_uplink_ms,226.9251,38600000
owd_downlink_ms,229.4555,38600000
correction_magnitude_mm,5.08325407281518,36209038
correction_magnitude_deg,0,36209038
prediction_position_error_mm,6.059811450541019,38600000
prediction_orientation_error_deg,0,38600000
owd_uplink_ms,228.4366,38700000
owd_downlink_ms,228.3846,38700000
owd_uplink_ms,232.9237,38700000
owd_downlink_ms,228.94,38700000
prediction_position_error_mm,111.07451468706131,38700000
prediction_orientation_error_deg,0,38700000
prediction_position_error_mm,115.63315987586975,38800000
prediction_orientation_error_deg,0,38800000
owd_uplink_ms,231.0448,38900000
owd_downlink_ms,224.5533,38900000
correction_magnitude_mm,10.061844252049923,36595879
correction_magnitude_deg,0,36595879
owd_uplink_ms,228.772,38900000
owd_downlink_ms,229.2478,38900000
prediction_position_error_mm,105.57232052087784,38900000
prediction_orientation_error_deg,0,38900000
prediction_position_error_mm,114.61053043603897,39000000
prediction_orientation_error_deg,0,39000000
owd_uplink_ms,225.755,39100000
owd_downlink_ms,232.4407,39100000
correction_magnitude_mm,5.006795283406973,36704830
correction_magnitude_deg,0,36704830
prediction_position_error_mm,3.8196570239961147,39100000
prediction_orientation_error_deg,0,39100000
owd_uplink_ms,232.6598,39200000
owd_downlink_ms,226.6089,39200000
owd_uplink_ms,228.0972,39200000
owd_downlink_ms,227.5074,39200000
prediction_position_error_mm,108.57205092906952,39200000
prediction_orientation_error_deg,0,39200000
prediction_position_error_mm,108.57205092906952,39300000
prediction_orientation_error_deg,0,39300000
prediction_position_error_mm,112.99525201320648,39400000
prediction_orientation_error_deg,0,39400000
owd_uplink_ms,231.9465,39500000
owd_downlink_ms,232.4001,39500000
owd_uplink_ms,230.3202,39500000
owd_downlink_ms,227.2606,39500000
correction_magnitude_mm,7.470747455954552,37193273
correction_magnitude_deg,0,37193273
owd_uplink_ms,227.2685,39500000
owd_downlink_ms,228.3774,39500000
prediction_position_error_mm,106.9466769695282,39500000
prediction_orientation_error_deg,0,39500000
prediction_position_error_mm,111.28351092338562,39600000
prediction_orientation_error_deg,0,39600000
owd_uplink_ms,224.2859,39700000
owd_downlink_ms,231.5923,39700000
prediction_position_error_mm,3.5248915664851665,39700000
prediction_orientation_error_deg,0,39700000
owd_uplink_ms,228.1028,39800000
owd_downlink_ms,223.595,39800000
owd_uplink_ms,230.3458,39800000
owd_downlink_ms,225.796,39800000
prediction_position_error_mm,105.2299439907074,39800000
prediction_orientation_error_deg,0,39800000
owd_uplink_ms,226.4683,39900000
owd_downlink_ms,224.4328,39900000
prediction_position_error_mm,17.265239730477333,39900000
prediction_orientation_error_deg,0,39900000
owd_uplink_ms,226.5447,40000000
owd_downlink_ms,228.2831,40000000
prediction_position_error_mm,5.0495038740336895,40000000
prediction_orientation_error_deg,0,40000000
prediction_position_error_mm,5.595395807176828,40100000
prediction_orientation_error_deg,0,40100000
owd_uplink_ms,228.2178,40200000
owd_downlink_ms,232.196,40200000
prediction_position_error_mm,2.7742094825953245,40200000
prediction_orientation_error_deg,0,40200000
owd_uplink_ms,224.9608,40300000
owd_downlink_ms,232.1972,40300000
owd_uplink_ms,224.0891,40300000
owd_downlink_ms,226.9447,40300000
prediction_position_error_mm,3.303823061287403,40300000
prediction_orientation_error_deg,0,40300000
prediction_position_error_mm,3.809508169069886,40400000
prediction_orientation_error_deg,0,40400000
owd_uplink_ms,227.7038,40500000
owd_downlink_ms,228.8919,40500000
prediction_position_error_mm,5.995867773890495,40500000
prediction_orientation_error_deg,0,40500000
owd_uplink_ms,225.2485,40600000
owd_downlink_ms,228.9698,40600000
prediction_position_error_mm,2.8398113790899515,40600000
prediction_orientation_error_deg,0,40600000
owd_uplink_ms,227.6036,40700000
owd_downlink_ms,229.6963,40700000
prediction_position_error_mm,4.7800615429878235,40700000
prediction_orientation_error_deg,0,40700000
owd_uplink_ms,227.478,40800000
owd_downlink_ms,229.5477,40800000
owd_uplink_ms,231.0025,40800000
owd_downlink_ms,227.9003,40800000
prediction_position_error_mm,11.321657337248325,40800000
prediction_orientation_error_deg,0,40800000
prediction_position_error_mm,12.232495471835136,40900000
prediction_orientation_error_deg,0,40900000
owd_uplink_ms,232.1331,41000000
owd_downlink_ms,223.1715,41000000
owd_uplink_ms,224.2545,41000000
owd_downlink_ms,227.1998,41000000
prediction_position_error_mm,93.59218180179596,41000000
prediction_orientation_error_deg,0,41000000
owd_uplink_ms,230.0891,41100000
owd_downlink_ms,228.2784,41100000
prediction_position_error_mm,10.285159572958946,41100000
prediction_orientation_error_deg,0,41100000
prediction_position_error_mm,11.144055053591728,41200000
prediction_orientation_error_deg,0,41200000
owd_uplink_ms,232.2744,41300000
owd_downlink_ms,226.3969,41300000
owd_uplink_ms,226.1625,41300000
owd_downlink_ms,226.9297,41300000
prediction_position_error_mm,95.3269749879837,41300000
prediction_orientation_error_deg,0,41300000
prediction_position_error_mm,95.3269749879837,41400000
prediction_orientation_error_deg,0,41400000
owd_uplink_ms,227.4274,41500000
owd_downlink_ms,230.3095,41500000
owd_uplink_ms,228.2912,41500000
owd_downlink_ms,223.376,41500000
prediction_position_error_mm,15.390969812870026,41500000
prediction_orientation_error_deg,0,41500000
prediction_position_error_mm,16.47159457206726,41600000
prediction_orientation_error_deg,0,41600000
owd_uplink_ms,230.1018,41700000
owd_downlink_ms,224.425,41700000
prediction_position_error_mm,40.165506303310394,41700000
prediction_orientation_error_deg,0,41700000
owd_uplink_ms,230.7071,41800000
owd_downlink_ms,228.9586,41800000
correction_magnitude_mm,6.518706679344177,39489151
correction_magnitude_deg,0,39489151
owd_uplink_ms,225.6421,41800000
owd_downlink_ms,229.2842,41800000
prediction_position_error_mm,91.56093001365662,41800000
prediction_orientation_error_deg,0,41800000
prediction_position_error_mm,91.56093001365662,41900000
prediction_orientation_error_deg,0,41900000
owd_uplink_ms,227.7711,42000000
owd_downlink_ms,232.5147,42000000
owd_uplink_ms,226.0564,42000000
owd_downlink_ms,225.4687,42000000
prediction_position_error_mm,9.971014223992825,42000000
prediction_orientation_error_deg,0,42000000
owd_uplink_ms,225.7208,42100000
owd_downlink_ms,226.5378,42100000
prediction_position_error_mm,8.325121365487576,42100000
prediction_orientation_error_deg,0,42100000
owd_uplink_ms,227.9237,42200000
owd_downlink_ms,225.9862,42200000
prediction_position_error_mm,11.918922886252403,42200000
prediction_orientation_error_deg,0,42200000
owd_uplink_ms,226.3251,42300000
owd_downlink_ms,229.5519,42300000
prediction_position_error_mm,5.756153725087643,42300000
prediction_orientation_error_deg,0,42300000
owd_uplink_ms,224.1198,42400000
owd_downlink_ms,224.7286,42400000
prediction_position_error_mm,8.80143791437149,42400000
prediction_orientation_error_deg,0,42400000
prediction_position_error_mm,12.920272536575794,42500000
prediction_orientation_error_deg,0,42500000
owd_uplink_ms,229.0931,42600000
owd_downlink_ms,230.8955,42600000
owd_uplink_ms,226.5813,42600000
owd_downlink_ms,223.4725,42600000
prediction_position_error_mm,16.85270294547081,42600000
prediction_orientation_error_deg,0,42600000
owd_uplink_ms,226.4246,42700000
owd_downlink_ms,224.9815,42700000
prediction_position_error_mm,14.88883700221777,42700000
prediction_orientation_error_deg,0,42700000
owd_uplink_ms,226.5586,42800000
owd_downlink_ms,224.0011,42800000
prediction_position_error_mm,13.254252262413502,42800000
prediction_orientation_error_deg,0,42800000
owd_uplink_ms,223.6717,42900000
owd_downlink_ms,228.5405,42900000
prediction_position_error_mm,4.845340270549059,42900000
prediction_orientation_error_deg,0,42900000
owd_uplink_ms,226.5862,43000000
owd_downlink_ms,225.7807,43000000
prediction_position_error_mm,11.106868274509907,43000000
prediction_orientation_error_deg,0,43000000
owd_uplink_ms,225.9883,43100000
owd_downlink_ms,223.8497,43100000
prediction_position_error_mm,15.918349847197533,43100000
prediction_orientation_error_deg,0,43100000
prediction_position_error_mm,13.90419714152813,43200000
prediction_orientation_error_deg,0,43200000
owd_uplink_ms,228.2897,43300000
owd_downlink_ms,230.5698,43300000
prediction_position_error_mm,8.728854358196259,43300000
prediction_orientation_error_deg,0,43300000
owd_uplink_ms,227.338,43400000
owd_downlink_ms,223.7635,43400000
owd_uplink_ms,230.044,43400000
owd_downlink_ms,228.7649,43400000
prediction_position_error_mm,78.09079438447952,43400000
prediction_orientation_error_deg,0,43400000
prediction_position_error_mm,78.09079438447952,43500000
prediction_orientation_error_deg,0,43500000
owd_uplink_ms,228.0228,43600000
owd_downlink_ms,230.4659,43600000
owd_uplink_ms,228.9168,43600000
owd_downlink_ms,226.3101,43600000
prediction_position_error_mm,13.893184252083302,43600000
prediction_orientation_error_deg,0,43600000
prediction_position_error_mm,14.988336712121964,43700000
prediction_orientation_error_deg,0,43700000
owd_uplink_ms,230.0163,43800000
owd_downlink_ms,227.1468,43800000
prediction_position_error_mm,16.02359674870968,43800000
prediction_orientation_error_deg,0,43800000
owd_uplink_ms,227.8747,43900000
owd_downlink_ms,233.061,43900000
owd_uplink_ms,228.8842,43900000
owd_downlink_ms,229.9427,43900000
prediction_position_error_mm,9.994947351515293,43900000
prediction_orientation_error_deg,0,43900000
prediction_position_error_mm,10.938323102891445,44000000
prediction_orientation_error_deg,0,44000000
prediction_position_error_mm,11.926655657589436,44100000
prediction_orientation_error_deg,0,44100000
owd_uplink_ms,224.2742,44200000
owd_downlink_ms,230.2151,44200000
owd_uplink_ms,233.1859,44200000
owd_downlink_ms,231.2867,44200000
prediction_position_error_mm,74.17872548103333,44200000
prediction_orientation_error_deg,0,44200000
owd_uplink_ms,229.3268,44300000
owd_downlink_ms,226.5092,44300000
correction_magnitude_mm,7.076991721987724,42000395
correction_magnitude_deg,0,42000395
prediction_position_error_mm,14.27860464900732,44300000
prediction_orientation_error_deg,0,44300000
owd_uplink_ms,231.7667,44400000
owd_downlink_ms,230.7014,44400000
owd_uplink_ms,225.6985,44400000
owd_downlink_ms,224.8321,44400000
prediction_position_error_mm,13.513880781829357,44400000
prediction_orientation_error_deg,0,44400000
prediction_position_error_mm,17.06475578248501,44500000
prediction_orientation_error_deg,0,44500000
owd_uplink_ms,228.3728,44600000
owd_downlink_ms,230.6924,44600000
owd_uplink_ms,224.0298,44600000
owd_downlink_ms,224.0908,44600000
prediction_position_error_mm,11.549882590770721,44600000
prediction_orientation_error_deg,0,44600000
prediction_position_error_mm,14.929041266441345,44700000
prediction_orientation_error_deg,0,44700000
owd_uplink_ms,224.6851,44800000
owd_downlink_ms,231.8674,44800000
prediction_position_error_mm,5.929938051849604,44800000
prediction_orientation_error_deg,0,44800000
owd_uplink_ms,233.337,44900000
owd_downlink_ms,228.6283,44900000
prediction_position_error_mm,27.7395136654377,44900000
prediction_orientation_error_deg,0,44900000
owd_uplink_ms,231.2171,45000000
owd_downlink_ms,223.7912,45000000
prediction_position_error_mm,17.545901238918304,45000000
prediction_orientation_error_deg,0,45000000
owd_uplink_ms,228.8373,45100000
owd_downlink_ms,225.998,45100000
owd_uplink_ms,230.1704,45100000
owd_downlink_ms,226.7555,45100000
prediction_position_error_mm,61.712440103292465,45100000
prediction_orientation_error_deg,0,45100000
owd_uplink_ms,224.5307,45200000
owd_downlink_ms,228.0897,45200000
prediction_position_error_mm,12.248435989022255,45200000
prediction_orientation_error_deg,0,45200000
owd_uplink_ms,227.5739,45300000
owd_downlink_ms,226.4436,45300000
prediction_position_error_mm,15.584324486553669,45300000
prediction_orientation_error_deg,0,45300000
prediction_position_error_mm,14.646523632109165,45400000
prediction_orientation_error_deg,0,45400000
owd_uplink_ms,230.8461,45500000
owd_downlink_ms,225.7629,45500000
owd_uplink_ms,223.5342,45500000
owd_downlink_ms,225.8494,45500000
prediction_position_error_mm,57.599473744630814,45500000
prediction_orientation_error_deg,0,45500000
prediction_position_error_mm,59.549491852521896,45600000
prediction_orientation_error_deg,0,45600000
owd_uplink_ms,228.4207,45700000
owd_downlink_ms,232.4964,45700000
owd_uplink_ms,227.4963,45700000
owd_downlink_ms,229.4177,45700000
prediction_position_error_mm,11.062415316700935,45700000
prediction_orientation_error_deg,0,45700000
prediction_position_error_mm,12.10116408765316,45800000
prediction_orientation_error_deg,0,45800000
owd_uplink_ms,226.0156,45900000
owd_downlink_ms,227.8863,45900000
prediction_position_error_mm,14.221101999282837,45900000
prediction_orientation_error_deg,0,45900000
owd_uplink_ms,231.8719,46000000
owd_downlink_ms,232.8468,46000000
prediction_position_error_mm,55.160440504550934,46000000
prediction_orientation_error_deg,0,46000000
owd_uplink_ms,226.7915,46100000
owd_downlink_ms,230.6047,46100000
prediction_position_error_mm,12.351330369710922,46100000
prediction_orientation_error_deg,0,46100000
owd_uplink_ms,230.6414,46200000
owd_downlink_ms,225.3817,46200000
owd_uplink_ms,227.6288,46200000
owd_downlink_ms,226.8474,46200000
prediction_position_error_mm,50.204385071992874,46200000
prediction_orientation_error_deg,0,46200000
owd_uplink_ms,227.8741,46300000
owd_downlink_ms,228.7648,46300000
prediction_position_error_mm,12.886752374470234,46300000
prediction_orientation_error_deg,0,46300000
owd_uplink_ms,229.0856,46400000
owd_downlink_ms,225.4145,46400000
prediction_position_error_mm,16.06527529656887,46400000
prediction_orientation_error_deg,0,46400000
owd_uplink_ms,228.2417,46500000
owd_downlink_ms,227.8044,46500000
prediction_position_error_mm,13.547882437705994,46500000
prediction_orientation_error_deg,0,46500000
prediction_position_error_mm,16.14319533109665,46600000
prediction_orientation_error_deg,0,46600000
owd_uplink_ms,225.0713,46700000
owd_downlink_ms,232.7066,46700000
prediction_position_error_mm,8.927902206778526,46700000
prediction_orientation_error_deg,0,46700000
owd_uplink_ms,228.3157,46800000
owd_downlink_ms,232.0566,46800000
prediction_position_error_mm,12.802937999367714,46800000
prediction_orientation_error_deg,0,46800000
owd_uplink_ms,227.0141,46900000
owd_downlink_ms,228.6516,46900000
prediction_position_error_mm,13.011367991566658,46900000
prediction_orientation_error_deg,0,46900000
owd_uplink_ms,231.9557,47000000
owd_downlink_ms,232.0157,47000000
prediction_position_error_mm,43.866273015737534,47000000
prediction_orientation_error_deg,0,47000000
owd_uplink_ms,228.4522,47100000
owd_downlink_ms,228.8002,47100000
owd_uplink_ms,231.6762,47100000
owd_downlink_ms,229.3282,47100000
prediction_position_error_mm,40.39154574275017,47100000
prediction_orientation_error_deg,0,47100000
prediction_position_error_mm,41.562363505363464,47200000
prediction_orientation_error_deg,0,47200000
owd_uplink_ms,226.9393,47300000
owd_downlink_ms,229.5513,47300000
owd_uplink_ms,226.2088,47300000
owd_downlink_ms,223.1048,47300000
prediction_position_error_mm,15.382329002022743,47300000
prediction_orientation_error_deg,0,47300000
owd_uplink_ms,223.6797,47400000
owd_downlink_ms,224.4883,47400000
prediction_position_error_mm,12.8650376573205,47400000
prediction_orientation_error_deg,0,47400000
prediction_position_error_mm,14.030148275196552,47500000
prediction_orientation_error_deg,0,47500000
owd_uplink_ms,224.5123,47600000
owd_downlink_ms,230.7611,47600000
prediction_position_error_mm,11.70705258846283,47600000
prediction_orientation_error_deg,0,47600000
prediction_position_error_mm,11.885151267051697,47700000
prediction_orientation_error_deg,0,47700000
owd_uplink_ms,233.2766,47800000
owd_downlink_ms,229.6135,47800000
owd_uplink_ms,227.3226,47800000
owd_downlink_ms,230.875,47800000
owd_uplink_ms,224.5454,47800000
owd_downlink_ms,226.2298,47800000
prediction_position_error_mm,12.433280237019062,47800000
prediction_orientation_error_deg,0,47800000
owd_uplink_ms,228.1009,47900000
owd_downlink_ms,226.273,47900000
prediction_position_error_mm,14.483539387583733,47900000
prediction_orientation_error_deg,0,47900000
owd_uplink_ms,225.7164,48000000
owd_downlink_ms,226.8234,48000000
prediction_position_error_mm,12.891465798020363,48000000
prediction_orientation_error_deg,0,48000000
prediction_position_error_mm,14.072930440306664,48100000
prediction_orientation_error_deg,0,48100000
owd_uplink_ms,227.1952,48200000
owd_downlink_ms,230.1971,48200000
prediction_position_error_mm,13.093361631035805,48200000
prediction_orientation_error_deg,0,48200000
owd_uplink_ms,230.81,48300000
owd_downlink_ms,222.7609,48300000
owd_uplink_ms,224.1164,48300000
owd_downlink_ms,226.1639,48300000
prediction_position_error_mm,26.98804810643196,48300000
prediction_orientation_error_deg,0,48300000
prediction_position_error_mm,27.571536600589752,48400000
prediction_orientation_error_deg,0,48400000
owd_uplink_ms,225.7673,48500000
owd_downlink_ms,223.6113,48500000
owd_uplink_ms,232.9161,48500000
owd_downlink_ms,229.6471,48500000
prediction_position_error_mm,24.749785661697388,48500000
prediction_orientation_error_deg,0,48500000
owd_uplink_ms,227.3501,48600000
owd_downlink_ms,224.1606,48600000
prediction_position_error_mm,17.174741253256798,48600000
prediction_orientation_error_deg,0,48600000
prediction_position_error_mm,18.53722520172596,48700000
prediction_orientation_error_deg,0,48700000
owd_uplink_ms,228.2892,48800000
owd_downlink_ms,229.9163,48800000
owd_uplink_ms,229.5286,48800000
owd_downlink_ms,224.8378,48800000
prediction_position_error_mm,16.53922349214554,48800000
prediction_orientation_error_deg,0,48800000
prediction_position_error_mm,17.807064577937126,48900000
prediction_orientation_error_deg,0,48900000
owd_uplink_ms,225.7459,49000000
owd_downlink_ms,228.5295,49000000
owd_uplink_ms,232.3431,49000000
owd_downlink_ms,229.3415,49000000
prediction_position_error_mm,19.214436411857605,49000000
prediction_orientation_error_deg,0,49000000
prediction_position_error_mm,19.214436411857605,49100000
prediction_orientation_error_deg,0,49100000
owd_uplink_ms,226.1435,49200000
owd_downlink_ms,224.3722,49200000
owd_uplink_ms,230.4239,49200000
owd_downlink_ms,230.2807,49200000
prediction_position_error_mm,17.050592228770256,49200000
prediction_orientation_error_deg,0,49200000
prediction_position_error_mm,17.23194494843483,49300000
prediction_orientation_error_deg,0,49300000
owd_uplink_ms,227.334,49400000
owd_downlink_ms,231.4124,49400000
prediction_position_error_mm,14.029107987880707,49400000
prediction_orientation_error_deg,0,49400000
owd_uplink_ms,224.827,49500000
owd_downlink_ms,230.2964,49500000
prediction_position_error_mm,13.48760910332203,49500000
prediction_orientation_error_deg,0,49500000
owd_uplink_ms,228.0251,49600000
owd_downlink_ms,230.9563,49600000
owd_uplink_ms,228.0066,49600000
owd_downlink_ms,224.3389,49600000
prediction_position_error_mm,15.370449982583523,49600000
prediction_orientation_error_deg,0,49600000
owd_uplink_ms,225.9753,49700000
owd_downlink_ms,229.0935,49700000
prediction_position_error_mm,13.107524253427982,49700000
prediction_orientation_error_deg,0,49700000
owd_uplink_ms,224.2052,49800000
owd_downlink_ms,226.6918,49800000
prediction_position_error_mm,13.256378471851349,49800000
prediction_orientation_error_deg,0,49800000
prediction_position_error_mm,14.682972803711891,49900000
prediction_orientation_error_deg,0,49900000
owd_uplink_ms,231.3783,50000000
owd_downlink_ms,224.3148,50000000
owd_uplink_ms,229.0701,50000000
owd_downlink_ms,227.3309,50000000
prediction_position_error_mm,9.365374222397804,50000000
prediction_orientation_error_deg,0,50000000
prediction_position_error_mm,0,100000
prediction_orientation_error_deg,0,100000
prediction_position_error_mm,0,200000
prediction_orientation_error_deg,0,200000
prediction_position_error_mm,0,300000
prediction_orientation_error_deg,0,300000
prediction_position_error_mm,0,400000
prediction_orientation_error_deg,0,400000
prediction_position_error_mm,0,500000
prediction_orientation_error_deg,0,500000
prediction_position_error_mm,0,600000
prediction_orientation_error_deg,0,600000
prediction_position_error_mm,0,700000
prediction_orientation_error_deg,0,700000
prediction_position_error_mm,0,800000
prediction_orientation_error_deg,0,800000
prediction_position_error_mm,0,900000
prediction_orientation_error_deg,0,900000
prediction_position_error_mm,0,1000000
prediction_orientation_error_deg,0,1000000
prediction_position_error_mm,0,1100000
prediction_orientation_error_deg,0,1100000
prediction_position_error_mm,0,1200000
prediction_orientation_error_deg,0,1200000
prediction_position_error_mm,0,1300000
prediction_orientation_error_deg,0,1300000
prediction_position_error_mm,0,1400000
prediction_orientation_error_deg,0,1400000
prediction_position_error_mm,0,1500000
prediction_orientation_error_deg,0,1500000
prediction_position_error_mm,0,1600000
prediction_orientation_error_deg,0,1600000
prediction_position_error_mm,0,1700000
prediction_orientation_error_deg,0,1700000
prediction_position_error_mm,0,1800000
prediction_orientation_error_deg,0,1800000
prediction_position_error_mm,0,1900000
prediction_orientation_error_deg,0,1900000
prediction_position_error_mm,0,2000000
prediction_orientation_error_deg,0,2000000
prediction_position_error_mm,0,2100000
prediction_orientation_error_deg,0,2100000
prediction_position_error_mm,0,2200000
prediction_orientation_error_deg,0,2200000
prediction_position_error_mm,0,2300000
prediction_orientation_error_deg,0,2300000
prediction_position_error_mm,1299.9999523162842,2400000
prediction_orientation_error_deg,0,2400000
prediction_position_error_mm,1300.0023365020752,2500000
prediction_orientation_error_deg,0,2500000
prediction_position_error_mm,1300.0023365020752,2600000
prediction_orientation_error_deg,0,2600000
prediction_position_error_mm,1300.020456314087,2700000
prediction_orientation_error_deg,0,2700000
prediction_position_error_mm,1300.020456314087,2800000
prediction_orientation_error_deg,0,2800000
prediction_position_error_mm,1300.0564575195312,2900000
prediction_orientation_error_deg,0,2900000
prediction_position_error_mm,1300.0812530517578,3000000
prediction_orientation_error_deg,0,3000000
prediction_position_error_mm,1300.0812530517578,3100000
prediction_orientation_error_deg,0,3100000
prediction_position_error_mm,1300.143837928772,3200000
prediction_orientation_error_deg,0,3200000
prediction_position_error_mm,1300.1817464828491,3300000
prediction_orientation_error_deg,0,3300000
prediction_position_error_mm,1300.2238273620605,3400000
prediction_orientation_error_deg,0,3400000
prediction_position_error_mm,1300.2701997756958,3500000
prediction_orientation_error_deg,0,3500000
prediction_position_error_mm,1300.2701997756958,3600000
prediction_orientation_error_deg,0,3600000
prediction_position_error_mm,1300.3751039505005,3700000
prediction_orientation_error_deg,0,3700000
prediction_position_error_mm,1300.4335165023804,3800000
prediction_orientation_error_deg,0,3800000
prediction_position_error_mm,1300.4335165023804,3900000
prediction_orientation_error_deg,0,3900000
prediction_position_error_mm,1300.5622625350952,4000000
prediction_orientation_error_deg,0,4000000
prediction_position_error_mm,1300.5622625350952,4100000
prediction_orientation_error_deg,0,4100000
prediction_position_error_mm,1300.7055521011353,4200000
prediction_orientation_error_deg,0,4200000
prediction_position_error_mm,1300.7055521011353,4300000
prediction_orientation_error_deg,0,4300000
prediction_position_error_mm,1300.8630275726318,4400000
prediction_orientation_error_deg,0,4400000
prediction_position_error_mm,1300.946593284607,4500000
prediction_orientation_error_deg,0,4500000
prediction_position_error_mm,1301.0333776474,4600000
prediction_orientation_error_deg,0,4600000
owd_uplink_ms,228.832,4700000
owd_downlink_ms,228.8321,4700000
correction_magnitude_mm,1299.9999523162842,2402859
correction_magnitude_deg,0,2402859
prediction_position_error_mm,114.05476927757263,4700000
prediction_orientation_error_deg,0,4700000
owd_uplink_ms,225.7509,4800000
owd_downlink_ms,228.9213,4800000
prediction_position_error_mm,5.39996474981308,4800000
prediction_orientation_error_deg,0,4800000
prediction_position_error_mm,5.694853607565165,4900000
prediction_orientation_error_deg,0,4900000
owd_uplink_ms,231.5882,5000000
owd_downlink_ms,223.9554,5000000
owd_uplink_ms,224.6116,5000000
owd_downlink_ms,228.6489,5000000
prediction_position_error_mm,113.64772915840149,5000000
prediction_orientation_error_deg,0,5000000
prediction_position_error_mm,118.48549544811249,5100000
prediction_orientation_error_deg,0,5100000
owd_uplink_ms,224.7674,5200000
owd_downlink_ms,224.6347,5200000
correction_magnitude_mm,9.992526844143867,2902161
correction_magnitude_deg,0,2902161
owd_uplink_ms,229.9499,5200000
owd_downlink_ms,227.7981,5200000
prediction_position_error_mm,113.32473903894424,5200000
prediction_orientation_error_deg,0,5200000
owd_uplink_ms,224.8018,5300000
owd_downlink_ms,226.9288,5300000
prediction_position_error_mm,4.4050575233995914,5300000
prediction_orientation_error_deg,0,5300000
prediction_position_error_mm,7.828365080058575,5400000
prediction_orientation_error_deg,0,5400000
owd_uplink_ms,231.6495,5500000
owd_downlink_ms,227.3013,5500000
owd_uplink_ms,223.3525,5500000
owd_downlink_ms,228.723,5500000
prediction_position_error_mm,112.76325583457947,5500000
prediction_orientation_error_deg,0,5500000
owd_uplink_ms,227.6501,5600000
owd_downlink_ms,223.3683,5600000
prediction_position_error_mm,13.995143584907055,5600000
prediction_orientation_error_deg,0,5600000
owd_uplink_ms,225.7593,5700000
owd_downlink_ms,229.3618,5700000
prediction_position_error_mm,4.2269667610526085,5700000
prediction_orientation_error_deg,0,5700000
prediction_position_error_mm,5.232849158346653,5800000
prediction_orientation_error_deg,0,5800000
owd_uplink_ms,226.5277,5900000
owd_downlink_ms,230.8197,5900000
prediction_position_error_mm,5.861910525709391,5900000
prediction_orientation_error_deg,0,5900000
prediction_position_error_mm,4.546826239675283,6000000
prediction_orientation_error_deg,0,6000000
owd_uplink_ms,231.8135,6100000
owd_downlink_ms,230.5329,6100000
owd_uplink_ms,228.9073,6100000
owd_downlink_ms,231.8128,6100000
owd_uplink_ms,225.5072,6100000
owd_downlink_ms,224.417,6100000
prediction_position_error_mm,5.6723239831626415,6100000
prediction_orientation_error_deg,0,6100000
prediction_position_error_mm,6.177721545100212,6200000
prediction_orientation_error_deg,0,6200000
owd_uplink_ms,230.867,6300000
owd_downlink_ms,225.7139,6300000
owd_uplink_ms,224.4077,6300000
owd_downlink_ms,225.9006,6300000
prediction_position_error_mm,110.82018166780472,6300000
prediction_orientation_error_deg,0,6300000
prediction_position_error_mm,115.46701192855835,6400000
prediction_orientation_error_deg,0,6400000
owd_uplink_ms,224.5902,6500000
owd_downlink_ms,225.2223,6500000
correction_magnitude_mm,9.868287481367588,4204805
correction_magnitude_deg,0,4204805
owd_uplink_ms,231.5535,6500000
owd_downlink_ms,227.4087,6500000
prediction_position_error_mm,110.23465543985367,6500000
prediction_orientation_error_deg,0,6500000
prediction_position_error_mm,114.8458868265152,6600000
prediction_orientation_error_deg,0,6600000
owd_uplink_ms,230.5603,6700000
owd_downlink_ms,225.553,6700000
correction_magnitude_mm,9.835661388933659,4393365
correction_magnitude_deg,0,4393365
prediction_position_error_mm,11.64180040359497,6700000
prediction_orientation_error_deg,0,6700000
owd_uplink_ms,226.1223,6800000
owd_downlink_ms,231.5072,6800000
owd_uplink_ms,226.8638,6800000
owd_downlink_ms,228.7603,6800000
prediction_position_error_mm,4.293038975447416,6800000
prediction_orientation_error_deg,0,6800000
owd_uplink_ms,228.2719,6900000
owd_downlink_ms,225.8105,6900000
prediction_position_error_mm,12.482872232794762,6900000
prediction_orientation_error_deg,0,6900000
owd_uplink_ms,223.1532,7000000
owd_downlink_ms,223.2575,7000000
prediction_position_error_mm,5.631449166685343,7000000
prediction_orientation_error_deg,0,7000000
owd_uplink_ms,228.8559,7100000
owd_downlink_ms,227.1767,7100000
prediction_position_error_mm,7.754012476652861,7100000
prediction_orientation_error_deg,0,7100000
prediction_position_error_mm,12.228117324411869,7200000
prediction_orientation_error_deg,0,7200000
owd_uplink_ms,229.6802,7300000
owd_downlink_ms,232.2477,7300000
owd_uplink_ms,224.8047,7300000
owd_downlink_ms,229.0883,7300000
prediction_position_error_mm,4.627358168363571,7300000
prediction_orientation_error_deg,0,7300000
prediction_position_error_mm,4.918867256492376,7400000
prediction_orientation_error_deg,0,7400000
owd_uplink_ms,230.2039,7500000
owd_downlink_ms,231.2716,7500000
prediction_position_error_mm,5.47176506370306,7500000
prediction_orientation_error_deg,0,7500000
owd_uplink_ms,230.2923,7600000
owd_downlink_ms,229.6586,7600000
owd_uplink_ms,228.3808,7600000
owd_downlink_ms,223.5871,7600000
prediction_position_error_mm,12.358005158603191,7600000
prediction_orientation_error_deg,0,7600000
prediction_position_error_mm,13.191078789532185,7700000
prediction_orientation_error_deg,0,7700000
owd_uplink_ms,228.808,7800000
owd_downlink_ms,228.3898,7800000
prediction_position_error_mm,6.919008679687977,7800000
prediction_orientation_error_deg,0,7800000
owd_uplink_ms,231.0276,7900000
owd_downlink_ms,231.58,7900000
prediction_position_error_mm,109.83306914567947,7900000
prediction_orientation_error_deg,0,7900000
prediction_position_error_mm,114.15142565965652,8000000
prediction_orientation_error_deg,0,8000000
owd_uplink_ms,230.8374,8100000
owd_downlink_ms,232.6355,8100000
owd_uplink_ms,231.2006,8100000
owd_downlink_ms,225.4081,8100000
correction_magnitude_mm,7.31849716976285,5795707
correction_magnitude_deg,0,5795707
owd_uplink_ms,223.3762,8100000
owd_downlink_ms,225.7693,8100000
prediction_position_error_mm,104.17388379573822,8100000
prediction_orientation_error_deg,0,8100000
prediction_position_error_mm,108.44498872756958,8200000
prediction_orientation_error_deg,0,8200000
owd_uplink_ms,227.4627,8300000
owd_downlink_ms,230.0743,8300000
prediction_position_error_mm,5.25550777092576,8300000
prediction_orientation_error_deg,0,8300000
owd_uplink_ms,232.3163,8400000
owd_downlink_ms,226.4823,8400000
prediction_position_error_mm,11.027478612959385,8400000
prediction_orientation_error_deg,0,8400000
owd_uplink_ms,224.1061,8500000
owd_downlink_ms,231.7669,8500000
owd_uplink_ms,224.4799,8500000
owd_downlink_ms,226.3616,8500000
prediction_position_error_mm,5.30562549829483,8500000
prediction_orientation_error_deg,0,8500000
owd_uplink_ms,225.4973,8600000
owd_downlink_ms,227.5298,8600000
prediction_position_error_mm,5.232435651123524,8600000
prediction_orientation_error_deg,0,8600000
prediction_position_error_mm,5.7877530343830585,8700000
prediction_orientation_error_deg,0,8700000
owd_uplink_ms,230.8855,8800000
owd_downlink_ms,231.9135,8800000
prediction_position_error_mm,9.669153951108456,8800000
prediction_orientation_error_deg,0,8800000
owd_uplink_ms,228.6215,8900000
owd_downlink_ms,229.6871,8900000
owd_uplink_ms,229.2519,8900000
owd_downlink_ms,226.0251,8900000
prediction_position_error_mm,11.077351868152618,8900000
prediction_orientation_error_deg,0,8900000
owd_uplink_ms,226.5364,9000000
owd_downlink_ms,224.8466,9000000
prediction_position_error_mm,9.34111513197422,9000000
prediction_orientation_error_deg,0,9000000
owd_uplink_ms,229.328,9100000
owd_downlink_ms,227.7377,9100000
prediction_position_error_mm,9.40073560923338,9100000
prediction_orientation_error_deg,0,9100000
prediction_position_error_mm,10.188376531004906,9200000
prediction_orientation_error_deg,0,9200000
owd_uplink_ms,227.4538,9300000
owd_downlink_ms,227.2035,9300000
prediction_position_error_mm,11.528057046234608,9300000
prediction_orientation_error_deg,0,9300000
owd_uplink_ms,231.6825,9400000
owd_downlink_ms,230.8151,9400000
owd_uplink_ms,227.4134,9400000
owd_downlink_ms,225.0749,9400000
prediction_position_error_mm,15.434911474585533,9400000
prediction_orientation_error_deg,0,9400000
prediction_position_error_mm,12.758489698171616,9500000
prediction_orientation_error_deg,0,9500000
owd_uplink_ms,227.8845,9600000
owd_downlink_ms,224.0734,9600000
owd_uplink_ms,230.1459,9600000
owd_downlink_ms,225.1074,9600000
prediction_position_error_mm,96.43963724374771,9600000
prediction_orientation_error_deg,0,9600000
owd_uplink_ms,225.1936,9700000
owd_downlink_ms,226.0808,9700000
prediction_position_error_mm,13.785205781459808,9700000
prediction_orientation_error_deg,0,9700000
prediction_position_error_mm,14.75439127534628,9800000
prediction_orientation_error_deg,0,9800000
owd_uplink_ms,226.9144,9900000
owd_downlink_ms,231.3528,9900000
prediction_position_error_mm,5.752766039222479,9900000
prediction_orientation_error_deg,0,9900000
owd_uplink_ms,228.691,10000000
owd_downlink_ms,232.4396,10000000
prediction_position_error_mm,6.113582290709019,10000000
prediction_orientation_error_deg,0,10000000
owd_uplink_ms,228.5892,10100000
owd_downlink_ms,231.3355,10100000
prediction_position_error_mm,9.283985942602158,10100000
prediction_orientation_error_deg,0,10100000
owd_uplink_ms,228.8503,10200000
owd_downlink_ms,231.0836,10200000
owd_uplink_ms,226.1119,10200000
owd_downlink_ms,225.4348,10200000
prediction_position_error_mm,9.372497908771038,10200000
prediction_orientation_error_deg,0,10200000
owd_uplink_ms,229.5628,10300000
owd_downlink_ms,229.2603,10300000
prediction_position_error_mm,9.087283164262772,10300000
prediction_orientation_error_deg,0,10300000
owd_uplink_ms,224.6499,10400000
owd_downlink_ms,225.549,10400000
prediction_position_error_mm,7.968689315021038,10400000
prediction_orientation_error_deg,0,10400000
owd_uplink_ms,228.6183,10500000
owd_downlink_ms,228.9561,10500000
prediction_position_error_mm,11.488009244203568,10500000
prediction_orientation_error_deg,0,10500000
prediction_position_error_mm,9.395502507686615,10600000
prediction_orientation_error_deg,0,10600000
owd_uplink_ms,227.3606,10700000
owd_downlink_ms,230.3092,10700000
prediction_position_error_mm,7.1090408600866795,10700000
prediction_orientation_error_deg,0,10700000
owd_uplink_ms,226.4656,10800000
owd_downlink_ms,230.4746,10800000
prediction_position_error_mm,6.447670049965382,10800000
prediction_orientation_error_deg,0,10800000
owd_uplink_ms,225.2892,10900000
owd_downlink_ms,228.9383,10900000
owd_uplink_ms,226.7274,10900000
owd_downlink_ms,224.8818,10900000
prediction_position_error_mm,13.78866657614708,10900000
prediction_orientation_error_deg,0,10900000
owd_uplink_ms,226.039,11000000
owd_downlink_ms,225.1913,11000000
prediction_position_error_mm,9.893014095723629,11000000
prediction_orientation_error_deg,0,11000000
prediction_position_error_mm,13.603108935058117,11100000
prediction_orientation_error_deg,0,11100000
owd_uplink_ms,231.1594,11200000
owd_downlink_ms,222.9236,11200000
owd_uplink_ms,224.5139,11200000
owd_downlink_ms,226.5438,11200000
prediction_position_error_mm,82.94408023357391,11200000
prediction_orientation_error_deg,0,11200000
owd_uplink_ms,229.9793,11300000
owd_downlink_ms,223.3921,11300000
prediction_position_error_mm,17.480826005339622,11300000
prediction_orientation_error_deg,0,11300000
owd_uplink_ms,224.3262,11400000
owd_downlink_ms,225.7686,11400000
prediction_position_error_mm,8.596678264439106,11400000
prediction_orientation_error_deg,0,11400000
owd_uplink_ms,224.4122,11500000
owd_downlink_ms,223.5329,11500000
prediction_position_error_mm,13.633416965603828,11500000
prediction_orientation_error_deg,0,11500000
prediction_position_error_mm,14.524123631417751,11600000
prediction_orientation_error_deg,0,11600000
prediction_position_error_mm,12.822603806853294,11700000
prediction_orientation_error_deg,0,11700000
owd_uplink_ms,232.1249,11800000
owd_downlink_ms,231.3646,11800000
owd_uplink_ms,228.5713,11800000
owd_downlink_ms,224.0218,11800000
correction_magnitude_mm,6.008397322148085,9494089
correction_magnitude_deg,0,9494089
owd_uplink_ms,229.4894,11800000
owd_downlink_ms,228.9301,11800000
prediction_position_error_mm,82.19680190086365,11800000
prediction_orientation_error_deg,0,11800000
owd_uplink_ms,226.4319,11900000
owd_downlink_ms,227.7039,11900000
prediction_position_error_mm,9.917397052049637,11900000
prediction_orientation_error_deg,0,11900000
owd_uplink_ms,226.5187,12000000
owd_downlink_ms,224.9012,12000000
prediction_position_error_mm,12.300912290811539,12000000
prediction_orientation_error_deg,0,12000000
owd_uplink_ms,225.2168,12100000
owd_downlink_ms,228.4422,12100000
prediction_position_error_mm,8.058762177824974,12100000
prediction_orientation_error_deg,0,12100000
owd_uplink_ms,223.2075,12200000
owd_downlink_ms,225.7099,12200000
prediction_position_error_mm,10.717665776610374,12200000
prediction_orientation_error_deg,0,12200000
owd_uplink_ms,226.3673,12300000
owd_downlink_ms,224.0591,12300000
prediction_position_error_mm,13.057637959718704,12300000
prediction_orientation_error_deg,0,12300000
prediction_position_error_mm,14.11544345319271,12400000
prediction_orientation_error_deg,0,12400000
owd_uplink_ms,223.8098,12500000
owd_downlink_ms,228.3847,12500000
prediction_position_error_mm,9.385769255459309,12500000
prediction_orientation_error_deg,0,12500000
owd_uplink_ms,230.8779,12600000
owd_downlink_ms,231.805,12600000
owd_uplink_ms,224.0625,12600000
owd_downlink_ms,227.01,12600000
prediction_position_error_mm,8.491910994052887,12600000
prediction_orientation_error_deg,0,12600000
owd_uplink_ms,229.0443,12700000
owd_downlink_ms,226.1265,12700000
prediction_position_error_mm,13.67215532809496,12700000
prediction_orientation_error_deg,0,12700000
prediction_position_error_mm,14.77907132357359,12800000
prediction_orientation_error_deg,0,12800000
owd_uplink_ms,230.8897,12900000
owd_downlink_ms,226.1363,12900000
prediction_position_error_mm,16.19868166744709,12900000
prediction_orientation_error_deg,0,12900000
owd_uplink_ms,224.1659,13000000
owd_downlink_ms,230.8402,13000000
owd_uplink_ms,229.8244,13000000
owd_downlink_ms,226.6212,13000000
prediction_position_error_mm,16.472090035676956,13000000
prediction_orientation_error_deg,0,13000000
owd_uplink_ms,225.185,13100000
owd_downlink_ms,224.102,13100000
prediction_position_error_mm,14.423568733036518,13100000
prediction_orientation_error_deg,0,13100000
prediction_position_error_mm,15.424120239913464,13200000
prediction_orientation_error_deg,0,13200000
owd_uplink_ms,228.06,13300000
owd_downlink_ms,224.9883,13300000
owd_uplink_ms,231.2028,13300000
owd_downlink_ms,229.906,13300000
prediction_position_error_mm,71.22103869915009,13300000
prediction_orientation_error_deg,0,13300000
prediction_position_error_mm,73.91483336687088,13400000
prediction_orientation_error_deg,0,13400000
prediction_position_error_mm,76.57452672719955,13500000
prediction_orientation_error_deg,0,13500000
owd_uplink_ms,231.2593,13600000
owd_downlink_ms,231.2288,13600000
owd_uplink_ms,229.6563,13600000
owd_downlink_ms,226.7496,13600000
correction_magnitude_mm,5.138634704053402,11292058
correction_magnitude_deg,0,11292058
owd_uplink_ms,223.1623,13600000
owd_downlink_ms,227.9982,13600000
prediction_position_error_mm,68.97929310798645,13600000
prediction_orientation_error_deg,0,13600000
owd_uplink_ms,225.4068,13700000
owd_downlink_ms,226.0773,13700000
prediction_position_error_mm,11.339847929775715,13700000
prediction_orientation_error_deg,0,13700000
prediction_position_error_mm,14.093450270593166,13800000
prediction_orientation_error_deg,0,13800000
owd_uplink_ms,231.5519,13900000
owd_downlink_ms,227.2251,13900000
prediction_position_error_mm,31.11807070672512,13900000
prediction_orientation_error_deg,0,13900000
owd_uplink_ms,226.5485,14000000
owd_downlink_ms,227.8779,14000000
prediction_position_error_mm,83.56241136789322,14000000
prediction_orientation_error_deg,0,14000000
owd_uplink_ms,230.6623,14100000
owd_downlink_ms,231.9866,14100000
owd_uplink_ms,227.2977,14100000
owd_downlink_ms,227.2859,14100000
prediction_position_error_mm,12.179567478597164,14100000
prediction_orientation_error_deg,0,14100000
owd_uplink_ms,226.7298,14200000
owd_downlink_ms,226.4985,14200000
prediction_position_error_mm,12.411406263709068,14200000
prediction_orientation_error_deg,0,14200000
owd_uplink_ms,229.323,14300000
owd_downlink_ms,228.3812,14300000
prediction_position_error_mm,13.028445653617382,14300000
prediction_orientation_error_deg,0,14300000
owd_uplink_ms,223.6719,14400000
owd_downlink_ms,229.0489,14400000
prediction_position_error_mm,9.175337851047516,14400000
prediction_orientation_error_deg,0,14400000
prediction_position_error_mm,10.09999681264162,14500000
prediction_orientation_error_deg,0,14500000
owd_uplink_ms,226.6944,14600000
owd_downlink_ms,225.5231,14600000
owd_uplink_ms,230.045,14600000
owd_downlink_ms,229.1954,14600000
prediction_position_error_mm,59.261005371809006,14600000
prediction_orientation_error_deg,0,14600000
owd_uplink_ms,225.4489,14700000
owd_downlink_ms,224.4859,14700000
prediction_position_error_mm,13.784731738269329,14700000
prediction_orientation_error_deg,0,14700000
owd_uplink_ms,223.3408,14800000
owd_downlink_ms,223.4582,14800000
prediction_position_error_mm,12.482357211411,14800000
prediction_orientation_error_deg,0,14800000
owd_uplink_ms,224.7355,14900000
owd_downlink_ms,227.758,14900000
prediction_position_error_mm,11.835935525596142,14900000
prediction_orientation_error_deg,0,14900000
owd_uplink_ms,224.1854,15000000
owd_downlink_ms,227.5059,15000000
prediction_position_error_mm,10.648936964571476,15000000
prediction_orientation_error_deg,0,15000000
prediction_position_error_mm,11.674104258418083,15100000
prediction_orientation_error_deg,0,15100000
owd_uplink_ms,227.2178,15200000
owd_downlink_ms,229.1732,15200000
prediction_position_error_mm,13.449168764054775,15200000
prediction_orientation_error_deg,0,15200000
prediction_position_error_mm,13.565598987042904,15300000
prediction_orientation_error_deg,0,15300000
owd_uplink_ms,231.1186,15400000
owd_downlink_ms,230.9651,15400000
owd_uplink_ms,231.0692,15400000
owd_downlink_ms,227.8652,15400000
prediction_position_error_mm,13.745168223977089,15400000
prediction_orientation_error_deg,0,15400000
prediction_position_error_mm,16.028637066483498,15500000
prediction_orientation_error_deg,0,15500000
owd_uplink_ms,232.5029,15600000
owd_downlink_ms,231.6648,15600000
owd_uplink_ms,224.5065,15600000
owd_downlink_ms,226.5059,15600000
prediction_position_error_mm,70.43250650167465,15600000
prediction_orientation_error_deg,0,15600000
owd_uplink_ms,231.5193,15700000
owd_downlink_ms,231.3968,15700000
owd_uplink_ms,223.8951,15700000
owd_downlink_ms,224.2985,15700000
prediction_position_error_mm,13.650731183588505,15700000
prediction_orientation_error_deg,0,15700000
owd_uplink_ms,227.6795,15800000
owd_downlink_ms,223.4558,15800000
prediction_position_error_mm,15.632720664143562,15800000
prediction_orientation_error_deg,0,15800000
owd_uplink_ms,227.2022,15900000
owd_downlink_ms,225.4059,15900000
prediction_position_error_mm,14.12694901227951,15900000
prediction_orientation_error_deg,0,15900000
owd_uplink_ms,228.5629,16000000
owd_downlink_ms,227.2254,16000000
prediction_position_error_mm,13.916458934545517,16000000
prediction_orientation_error_deg,0,16000000
prediction_position_error_mm,15.963312238454819,16100000
prediction_orientation_error_deg,0,16100000
prediction_position_error_mm,16.34172908961773,16200000
prediction_orientation_error_deg,0,16200000
owd_uplink_ms,230.1511,16300000
owd_downlink_ms,231.5664,16300000
owd_uplink_ms,225.6954,16300000
owd_downlink_ms,231.9809,16300000
owd_uplink_ms,226.3428,16300000
owd_downlink_ms,224.2756,16300000
prediction_position_error_mm,15.068146400153637,16300000
prediction_orientation_error_deg,0,16300000
owd_uplink_ms,228.8246,16400000
owd_downlink_ms,228.4234,16400000
prediction_position_error_mm,14.094405807554722,16400000
prediction_orientation_error_deg,0,16400000
prediction_position_error_mm,14.610880054533482,16500000
prediction_orientation_error_deg,0,16500000
owd_uplink_ms,229.5597,16600000
owd_downlink_ms,230.9037,16600000
prediction_position_error_mm,13.824466615915298,16600000
prediction_orientation_error_deg,0,16600000
owd_uplink_ms,230.0095,16700000
owd_downlink_ms,230.529,16700000
prediction_position_error_mm,14.227954670786858,16700000
prediction_orientation_error_deg,0,16700000
owd_uplink_ms,227.2332,16800000
owd_downlink_ms,230.1484,16800000
owd_uplink_ms,224.9775,16800000
owd_downlink_ms,223.6661,16800000
prediction_position_error_mm,13.903548941016197,16800000
prediction_orientation_error_deg,0,16800000
prediction_position_error_mm,15.108780935406685,16900000
prediction_orientation_error_deg,0,16900000
owd_uplink_ms,224.3751,17000000
owd_downlink_ms,227.0336,17000000
prediction_position_error_mm,13.65802064538002,17000000
prediction_orientation_error_deg,0,17000000
owd_uplink_ms,233.1031,17100000
owd_downlink_ms,230.464,17100000
owd_uplink_ms,224.7249,17100000
owd_downlink_ms,224.7573,17100000
prediction_position_error_mm,14.995411969721317,17100000
prediction_orientation_error_deg,0,17100000
prediction_position_error_mm,15.758026391267776,17200000
prediction_orientation_error_deg,0,17200000
owd_uplink_ms,232.803,17300000
owd_downlink_ms,225.0959,17300000
owd_uplink_ms,229.6313,17300000
owd_downlink_ms,229.4968,17300000
prediction_position_error_mm,43.66854205727577,17300000
prediction_orientation_error_deg,0,17300000
owd_uplink_ms,225.9849,17400000
owd_downlink_ms,226.6156,17400000
prediction_position_error_mm,13.623476028442383,17400000
prediction_orientation_error_deg,0,17400000
prediction_position_error_mm,14.75128810852766,17500000
prediction_orientation_error_deg,0,17500000
owd_uplink_ms,231.567,17600000
owd_downlink_ms,229.447,17600000
prediction_position_error_mm,14.648646116256714,17600000
prediction_orientation_error_deg,0,17600000
owd_uplink_ms,224.956,17700000
owd_downlink_ms,230.2353,17700000
owd_uplink_ms,229.0944,17700000
owd_downlink_ms,227.4779,17700000
prediction_position_error_mm,14.226858504116535,17700000
prediction_orientation_error_deg,0,17700000
prediction_position_error_mm,15.447740443050861,17800000
prediction_orientation_error_deg,0,17800000
owd_uplink_ms,225.0557,17900000
owd_downlink_ms,225.8585,17900000
owd_uplink_ms,231.9111,17900000
owd_downlink_ms,229.4636,17900000
prediction_position_error_mm,41.80451110005379,17900000
prediction_orientation_error_deg,0,17900000
prediction_position_error_mm,45.348960906267166,18000000
prediction_orientation_error_deg,0,18000000
prediction_position_error_mm,47.116100788116455,18100000
prediction_orientation_error_deg,0,18100000
owd_uplink_ms,229.6637,18200000
owd_downlink_ms,230.1172,18200000
owd_uplink_ms,231.336,18200000
owd_downlink_ms,232.2329,18200000
owd_uplink_ms,228.3399,18200000
owd_downlink_ms,225.8215,18200000
prediction_position_error_mm,14.506191946566105,18200000
prediction_orientation_error_deg,0,18200000
prediction_position_error_mm,15.673475340008736,18300000
prediction_orientation_error_deg,0,18300000
owd_uplink_ms,227.1354,18400000
owd_downlink_ms,232.5287,18400000
prediction_position_error_mm,13.422430492937565,18400000
prediction_orientation_error_deg,0,18400000
owd_uplink_ms,223.7443,18500000
owd_downlink_ms,224.234,18500000
owd_uplink_ms,232.1251,18500000
owd_downlink_ms,225.7588,18500000
prediction_position_error_mm,42.66124591231346,18500000
prediction_orientation_error_deg,0,18500000
prediction_position_error_mm,42.66124591231346,18600000
prediction_orientation_error_deg,0,18600000
prediction_position_error_mm,46.303994953632355,18700000
prediction_orientation_error_deg,0,18700000
owd_uplink_ms,232.4802,18800000
owd_downlink_ms,232.652,18800000
owd_uplink_ms,231.4454,18800000
owd_downlink_ms,227.4006,18800000
prediction_position_error_mm,55.75232580304146,18800000
prediction_orientation_error_deg,0,18800000
owd_uplink_ms,227.7531,18900000
owd_downlink_ms,233.0671,18900000
prediction_position_error_mm,44.452086091041565,18900000
prediction_orientation_error_deg,0,18900000
owd_uplink_ms,227.3412,19000000
owd_downlink_ms,231.8204,19000000
owd_uplink_ms,225.8833,19000000
owd_downlink_ms,228.3857,19000000
prediction_position_error_mm,12.848586775362492,19000000
prediction_orientation_error_deg,0,19000000
owd_uplink_ms,229.3228,19100000
owd_downlink_ms,226.4489,19100000
prediction_position_error_mm,14.318806119263172,19100000
prediction_orientation_error_deg,0,19100000
prediction_position_error_mm,15.54388552904129,19200000
prediction_orientation_error_deg,0,19200000
owd_uplink_ms,226.1555,19300000
owd_downlink_ms,231.7077,19300000
prediction_position_error_mm,14.815179631114006,19300000
prediction_orientation_error_deg,0,19300000
owd_uplink_ms,233.2403,19400000
owd_downlink_ms,228.333,19400000
prediction_position_error_mm,25.1221414655447,19400000
prediction_orientation_error_deg,0,19400000
owd_uplink_ms,225.2784,19500000
owd_downlink_ms,224.9612,19500000
prediction_position_error_mm,47.34091833233833,19500000
prediction_orientation_error_deg,0,19500000
owd_uplink_ms,231.1249,19600000
owd_downlink_ms,230.1049,19600000
prediction_position_error_mm,45.44632136821747,19600000
prediction_orientation_error_deg,0,19600000
owd_uplink_ms,229.8932,19700000
owd_downlink_ms,225.7156,19700000
prediction_position_error_mm,23.741483688354492,19700000
prediction_orientation_error_deg,0,19700000
owd_uplink_ms,229.8581,19800000
owd_downlink_ms,223.9979,19800000
prediction_position_error_mm,14.599446207284927,19800000
prediction_orientation_error_deg,0,19800000
owd_uplink_ms,229.2285,19900000
owd_downlink_ms,224.8181,19900000
owd_uplink_ms,224.6394,19900000
owd_downlink_ms,228.8944,19900000
prediction_position_error_mm,44.54255849123001,19900000
prediction_orientation_error_deg,0,19900000
owd_uplink_ms,227.6396,20000000
owd_downlink_ms,228.0909,20000000
prediction_position_error_mm,13.883105479180813,20000000
prediction_orientation_error_deg,0,20000000
owd_uplink_ms,223.4558,20100000
owd_downlink_ms,226.7624,20100000
prediction_position_error_mm,12.71848939359188,20100000
prediction_orientation_error_deg,0,20100000
prediction_position_error_mm,13.8713913038373,20200000
prediction_orientation_error_deg,0,20200000
prediction_position_error_mm,15.073953196406364,20300000
prediction_orientation_error_deg,0,20300000
owd_uplink_ms,230.5113,20400000
owd_downlink_ms,231.9777,20400000
owd_uplink_ms,224.4665,20400000
owd_downlink_ms,232.173,20400000
prediction_position_error_mm,48.265259712934494,20400000
prediction_orientation_error_deg,0,20400000
owd_uplink_ms,225.4656,20500000
owd_downlink_ms,229.2288,20500000
prediction_position_error_mm,15.425819903612137,20500000
prediction_orientation_error_deg,0,20500000
owd_uplink_ms,231.731,20600000
owd_downlink_ms,226.9904,20600000
prediction_position_error_mm,28.88599783182144,20600000
prediction_orientation_error_deg,0,20600000
owd_uplink_ms,231.6429,20700000
owd_downlink_ms,223.9437,20700000
prediction_position_error_mm,13.892028480768204,20700000
prediction_orientation_error_deg,0,20700000
owd_uplink_ms,229.8938,20800000
owd_downlink_ms,224.9564,20800000
prediction_position_error_mm,49.11251738667488,20800000
prediction_orientation_error_deg,0,20800000
owd_uplink_ms,225.1202,20900000
owd_downlink_ms,230.9013,20900000
prediction_position_error_mm,50.79583823680878,20900000
prediction_orientation_error_deg,0,20900000
owd_uplink_ms,229.7918,21000000
owd_downlink_ms,227.2919,21000000
owd_uplink_ms,226.854,21000000
owd_downlink_ms,228.5652,21000000
prediction_position_error_mm,49.50503632426262,21000000
prediction_orientation_error_deg,0,21000000
owd_uplink_ms,226.6436,21100000
owd_downlink_ms,226.1592,21100000
prediction_position_error_mm,13.623787090182304,21100000
prediction_orientation_error_deg,0,21100000
owd_uplink_ms,226.5637,21200000
owd_downlink_ms,228.1196,21200000
prediction_position_error_mm,13.950463384389877,21200000
prediction_orientation_error_deg,0,21200000
prediction_position_error_mm,15.141376294195652,21300000
prediction_orientation_error_deg,0,21300000
owd_uplink_ms,230.8649,21400000
owd_downlink_ms,227.5886,21400000
prediction_position_error_mm,13.90638668090105,21400000
prediction_orientation_error_deg,0,21400000
owd_uplink_ms,225.0673,21500000
owd_downlink_ms,230.9344,21500000
owd_uplink_ms,229.1884,21500000
owd_downlink_ms,227.3587,21500000
prediction_position_error_mm,13.263157568871975,21500000
prediction_orientation_error_deg,0,21500000
owd_uplink_ms,225.4067,21600000
owd_downlink_ms,227.3657,21600000
prediction_position_error_mm,14.04897216707468,21600000
prediction_orientation_error_deg,0,21600000
owd_uplink_ms,223.821,21700000
owd_downlink_ms,226.2986,21700000
prediction_position_error_mm,12.231376953423023,21700000
prediction_orientation_error_deg,0,21700000
prediction_position_error_mm,15.400152653455734,21800000
prediction_orientation_error_deg,0,21800000
owd_uplink_ms,228.9783,21900000
owd_downlink_ms,230.5591,21900000
owd_uplink_ms,226.2641,21900000
owd_downlink_ms,224.8808,21900000
prediction_position_error_mm,13.186845928430557,21900000
prediction_orientation_error_deg,0,21900000
prediction_position_error_mm,14.331450685858727,22000000
prediction_orientation_error_deg,0,22000000
owd_uplink_ms,232.9021,22100000
owd_downlink_ms,229.5931,22100000
prediction_position_error_mm,34.91431847214699,22100000
prediction_orientation_error_deg,0,22100000
owd_uplink_ms,231.6266,22200000
owd_downlink_ms,229.0401,22200000
prediction_position_error_mm,50.10122433304787,22200000
prediction_orientation_error_deg,0,22200000
owd_uplink_ms,225.5268,22300000
owd_downlink_ms,231.9683,22300000
owd_uplink_ms,227.9895,22300000
owd_downlink_ms,226.6006,22300000
prediction_position_error_mm,12.966100126504898,22300000
prediction_orientation_error_deg,0,22300000
prediction_position_error_mm,12.135438621044159,22400000
prediction_orientation_error_deg,0,22400000
owd_uplink_ms,232.6322,22500000
owd_downlink_ms,229.3705,22500000
prediction_position_error_mm,33.640056848526,22500000
prediction_orientation_error_deg,0,22500000
owd_uplink_ms,229.9931,22600000
owd_downlink_ms,226.9547,22600000
prediction_position_error_mm,14.461472630500793,22600000
prediction_orientation_error_deg,0,22600000
prediction_position_error_mm,15.597950667142868,22700000
prediction_orientation_error_deg,0,22700000
owd_uplink_ms,232.0395,22800000
owd_downlink_ms,231.4991,22800000
owd_uplink_ms,225.9617,22800000
owd_downlink_ms,231.2934,22800000
prediction_position_error_mm,63.90407681465149,22800000
prediction_orientation_error_deg,0,22800000
owd_uplink_ms,225.187,22900000
owd_downlink_ms,229.9648,22900000
prediction_position_error_mm,16.357900574803352,22900000
prediction_orientation_error_deg,0,22900000
owd_uplink_ms,229.5265,23000000
owd_downlink_ms,229.3555,23000000
prediction_position_error_mm,14.246453531086445,23000000
prediction_orientation_error_deg,0,23000000
prediction_position_error_mm,15.408775769174099,23100000
prediction_orientation_error_deg,0,23100000
owd_uplink_ms,229.1914,23200000
owd_downlink_ms,231.4609,23200000
owd_uplink_ms,232.2696,23200000
owd_downlink_ms,231.6078,23200000
prediction_position_error_mm,67.07298010587692,23200000
prediction_orientation_error_deg,0,23200000
owd_uplink_ms,226.9969,23300000
owd_downlink_ms,229.7369,23300000
owd_uplink_ms,226.7998,23300000
owd_downlink_ms,226.9879,23300000
prediction_position_error_mm,13.188203796744347,23300000
prediction_orientation_error_deg,0,23300000
prediction_position_error_mm,11.758213862776756,23400000
prediction_orientation_error_deg,0,23400000
owd_uplink_ms,226.0655,23500000
owd_downlink_ms,230.2685,23500000
owd_uplink_ms,230.4776,23500000
owd_downlink_ms,227.7385,23500000
prediction_position_error_mm,11.793363839387894,23500000
prediction_orientation_error_deg,0,23500000
owd_uplink_ms,229.6296,23600000
owd_downlink_ms,227.3136,23600000
prediction_position_error_mm,9.581378661096096,23600000
prediction_orientation_error_deg,0,23600000
owd_uplink_ms,224.8667,23700000
owd_downlink_ms,222.6202,23700000
prediction_position_error_mm,11.764375492930412,23700000
prediction_orientation_error_deg,0,23700000
prediction_position_error_mm,10.42516902089119,23800000
prediction_orientation_error_deg,0,23800000
owd_uplink_ms,225.7883,23900000
owd_downlink_ms,231.4087,23900000
owd_uplink_ms,230.4956,23900000
owd_downlink_ms,223.447,23900000
prediction_position_error_mm,9.670602157711983,23900000
prediction_orientation_error_deg,0,23900000
prediction_position_error_mm,10.56735310703516,24000000
prediction_orientation_error_deg,0,24000000
prediction_position_error_mm,11.506232433021069,24100000
prediction_orientation_error_deg,0,24100000
owd_uplink_ms,225.3695,24200000
owd_downlink_ms,229.2181,24200000
owd_uplink_ms,233.4068,24200000
owd_downlink_ms,230.4766,24200000
owd_uplink_ms,225.4543,24200000
owd_downlink_ms,228.533,24200000
prediction_position_error_mm,12.71704863756895,24200000
prediction_orientation_error_deg,0,24200000
owd_uplink_ms,229.4901,24300000
owd_downlink_ms,224.3132,24300000
prediction_position_error_mm,9.793521836400032,24300000
prediction_orientation_error_deg,0,24300000
owd_uplink_ms,226.1481,24400000
owd_downlink_ms,228.5614,24400000
prediction_position_error_mm,10.792001150548458,24400000
prediction_orientation_error_deg,0,24400000
prediction_position_error_mm,11.850658804178238,24500000
prediction_orientation_error_deg,0,24500000
owd_uplink_ms,224.238,24600000
owd_downlink_ms,224.0438,24600000
owd_uplink_ms,231.8949,24600000
owd_downlink_ms,225.7948,24600000
prediction_position_error_mm,71.97326421737671,24600000
prediction_orientation_error_deg,0,24600000
prediction_position_error_mm,79.3101117014885,24700000
prediction_orientation_error_deg,0,24700000
owd_uplink_ms,230.9907,24800000
owd_downlink_ms,229.6955,24800000
prediction_position_error_mm,45.316439121961594,24800000
prediction_orientation_error_deg,0,24800000
owd_uplink_ms,231.5493,24900000
owd_downlink_ms,226.5364,24900000
owd_uplink_ms,223.1838,24900000
owd_downlink_ms,229.4184,24900000
prediction_position_error_mm,77.97039300203323,24900000
prediction_orientation_error_deg,0,24900000
owd_uplink_ms,227.6516,25000000
owd_downlink_ms,225.7357,25000000
prediction_position_error_mm,10.616086423397064,25000000
prediction_orientation_error_deg,0,25000000
prediction_position_error_mm,11.566715314984322,25100000
prediction_orientation_error_deg,0,25100000
owd_uplink_ms,228.3732,25200000
owd_downlink_ms,230.5613,25200000
owd_uplink_ms,226.8449,25200000
owd_downlink_ms,227.0184,25200000
prediction_position_error_mm,11.867991648614407,25200000
prediction_orientation_error_deg,0,25200000
owd_uplink_ms,227.087,25300000
owd_downlink_ms,225.2046,25300000
prediction_position_error_mm,7.653945591300726,25300000
prediction_orientation_error_deg,0,25300000
owd_uplink_ms,228.4109,25400000
owd_downlink_ms,225.4437,25400000
prediction_position_error_mm,9.499292820692062,25400000
prediction_orientation_error_deg,0,25400000
owd_uplink_ms,228.4647,25500000
owd_downlink_ms,228.8287,25500000
prediction_position_error_mm,11.648563668131828,25500000
prediction_orientation_error_deg,0,25500000
owd_uplink_ms,228.7665,25600000
owd_downlink_ms,225.5613,25600000
prediction_position_error_mm,9.059209376573563,25600000
prediction_orientation_error_deg,0,25600000
prediction_position_error_mm,7.523273583501577,25700000
prediction_orientation_error_deg,0,25700000
owd_uplink_ms,229.6236,25800000
owd_downlink_ms,225.9787,25800000
owd_uplink_ms,224.9587,25800000
owd_downlink_ms,227.0238,25800000
prediction_position_error_mm,84.87158268690109,25800000
prediction_orientation_error_deg,0,25800000
prediction_position_error_mm,88.93872797489166,25900000
prediction_orientation_error_deg,0,25900000
owd_uplink_ms,228.8813,26000000
owd_downlink_ms,225.802,26000000
correction_magnitude_mm,6.689938250929117,23685341
correction_magnitude_deg,0,23685341
prediction_position_error_mm,10.09854581207037,26000000
prediction_orientation_error_deg,0,26000000
owd_uplink_ms,228.7121,26100000
owd_downlink_ms,231.7284,26100000
prediction_position_error_mm,86.36673539876938,26100000
prediction_orientation_error_deg,0,26100000
owd_uplink_ms,230.1978,26200000
owd_downlink_ms,227.9625,26200000
correction_magnitude_mm,6.825956050306559,23886319
correction_magnitude_deg,0,23886319
prediction_position_error_mm,7.228546775877476,26200000
prediction_orientation_error_deg,0,26200000
owd_uplink_ms,225.2122,26300000
owd_downlink_ms,230.9797,26300000
owd_uplink_ms,225.2635,26300000
owd_downlink_ms,224.2255,26300000
prediction_position_error_mm,9.843099862337112,26300000
prediction_orientation_error_deg,0,26300000
prediction_position_error_mm,10.719326324760914,26400000
prediction_orientation_error_deg,0,26400000
owd_uplink_ms,224.3922,26500000
owd_downlink_ms,230.1994,26500000
owd_uplink_ms,229.344,26500000
owd_downlink_ms,226.9301,26500000
prediction_position_error_mm,6.09561987221241,26500000
prediction_orientation_error_deg,0,26500000
owd_uplink_ms,224.3529,26600000
owd_downlink_ms,229.1655,26600000
prediction_position_error_mm,10.715075768530369,26600000
prediction_orientation_error_deg,0,26600000
prediction_position_error_mm,11.738868430256844,26700000
prediction_orientation_error_deg,0,26700000
owd_uplink_ms,232.4185,26800000
owd_downlink_ms,226.4754,26800000
prediction_position_error_mm,48.577118664979935,26800000
prediction_orientation_error_deg,0,26800000
owd_uplink_ms,229.9763,26900000
owd_downlink_ms,228.7018,26900000
prediction_position_error_mm,13.004954904317856,26900000
prediction_orientation_error_deg,0,26900000
owd_uplink_ms,230.7923,27000000
owd_downlink_ms,229.0687,27000000
prediction_position_error_mm,84.89011228084564,27000000
prediction_orientation_error_deg,0,27000000
owd_uplink_ms,225.4128,27100000
owd_downlink_ms,231.2961,27100000
owd_uplink_ms,228.2846,27100000
owd_downlink_ms,227.1981,27100000
prediction_position_error_mm,9.138756431639194,27100000
prediction_orientation_error_deg,0,27100000
owd_uplink_ms,225.7014,27200000
owd_downlink_ms,226.6901,27200000
prediction_position_error_mm,10.894670151174068,27200000
prediction_orientation_error_deg,0,27200000
owd_uplink_ms,227.9332,27300000
owd_downlink_ms,226.9002,27300000
prediction_position_error_mm,8.974619209766388,27300000
prediction_orientation_error_deg,0,27300000
owd_uplink_ms,228.8982,27400000
owd_downlink_ms,227.5644,27400000
prediction_position_error_mm,5.54664246737957,27400000
prediction_orientation_error_deg,0,27400000
owd_uplink_ms,224.373,27500000
owd_downlink_ms,226.0447,27500000
prediction_position_error_mm,11.240003630518913,27500000
prediction_orientation_error_deg,0,27500000
prediction_position_error_mm,12.118339538574219,27600000
prediction_orientation_error_deg,0,27600000
prediction_position_error_mm,13.025723397731781,27700000
prediction_orientation_error_deg,0,27700000
owd_uplink_ms,230.7606,27800000
owd_downlink_ms,231.306,27800000
owd_uplink_ms,227.7739,27800000
owd_downlink_ms,231.005,27800000
prediction_position_error_mm,98.23723882436752,27800000
prediction_orientation_error_deg,0,27800000
owd_uplink_ms,225.3566,27900000
owd_downlink_ms,230.3204,27900000
prediction_position_error_mm,15.462365001440048,27900000
prediction_orientation_error_deg,0,27900000
owd_uplink_ms,224.9267,28000000
owd_downlink_ms,228.8595,28000000
prediction_position_error_mm,14.557339251041412,28000000
prediction_orientation_error_deg,0,28000000
owd_uplink_ms,230.4493,28100000
owd_downlink_ms,223.9218,28100000
prediction_position_error_mm,6.855843123048544,28100000
prediction_orientation_error_deg,0,28100000
owd_uplink_ms,232.5216,28200000
owd_downlink_ms,230.715,28200000
owd_uplink_ms,225.2646,28200000
owd_downlink_ms,228.0109,28200000
prediction_position_error_mm,10.227171704173088,28200000
prediction_orientation_error_deg,0,28200000
owd_uplink_ms,225.2207,28300000
owd_downlink_ms,224.5852,28300000
prediction_position_error_mm,8.55464581400156,28300000
prediction_orientation_error_deg,0,28300000
prediction_position_error_mm,9.27028339356184,28400000
prediction_orientation_error_deg,0,28400000
prediction_position_error_mm,10.011967271566391,28500000
prediction_orientation_error_deg,0,28500000
owd_uplink_ms,233.1424,28600000
owd_downlink_ms,231.5468,28600000
owd_uplink_ms,227.9632,28600000
owd_downlink_ms,227.2237,28600000
correction_magnitude_mm,6.28915848210454,26302817
correction_magnitude_deg,0,26302817
owd_uplink_ms,232.0716,28600000
owd_downlink_ms,228.3886,28600000
prediction_position_error_mm,103.75408083200455,28600000
prediction_orientation_error_deg,0,28600000
prediction_position_error_mm,108.5469126701355,28700000
prediction_orientation_error_deg,0,28700000
owd_uplink_ms,224.0588,28800000
owd_downlink_ms,230.2417,28800000
prediction_position_error_mm,12.155957520008087,28800000
prediction_orientation_error_deg,0,28800000
owd_uplink_ms,231.9215,28900000
owd_downlink_ms,224.2726,28900000
prediction_position_error_mm,58.411020785570145,28900000
prediction_orientation_error_deg,0,28900000
owd_uplink_ms,229.843,29000000
owd_downlink_ms,230.0277,29000000
prediction_position_error_mm,8.417505770921707,29000000
prediction_orientation_error_deg,0,29000000
owd_uplink_ms,231.0839,29100000
owd_downlink_ms,227.1656,29100000
prediction_position_error_mm,4.8056659288704395,29100000
prediction_orientation_error_deg,0,29100000
owd_uplink_ms,225.2586,29200000
owd_downlink_ms,230.0938,29200000
prediction_position_error_mm,81.98931813240051,29200000
prediction_orientation_error_deg,0,29200000
owd_uplink_ms,231.8624,29300000
owd_downlink_ms,232.775,29300000
prediction_position_error_mm,111.98892444372177,29300000
prediction_orientation_error_deg,0,29300000
owd_uplink_ms,231.6615,29400000
owd_downlink_ms,225.3248,29400000
correction_magnitude_mm,8.805881254374981,27090981
correction_magnitude_deg,0,27090981
owd_uplink_ms,227.617,29400000
owd_downlink_ms,228.9194,29400000
prediction_position_error_mm,108.1189289689064,29400000
prediction_orientation_error_deg,0,29400000
owd_uplink_ms,228.2843,29500000
owd_downlink_ms,226.4666,29500000
prediction_position_error_mm,5.599857307970524,29500000
prediction_orientation_error_deg,0,29500000
owd_uplink_ms,226.2714,29600000
owd_downlink_ms,224.3136,29600000
prediction_position_error_mm,4.3417527340352535,29600000
prediction_orientation_error_deg,0,29600000
prediction_position_error_mm,5.826311651617289,29700000
prediction_orientation_error_deg,0,29700000
owd_uplink_ms,229.0905,29800000
owd_downlink_ms,227.4749,29800000
prediction_position_error_mm,6.380297709256411,29800000
prediction_orientation_error_deg,0,29800000
owd_uplink_ms,228.893,29900000
owd_downlink_ms,232.6443,29900000
owd_uplink_ms,224.9964,29900000
owd_downlink_ms,229.7491,29900000
prediction_position_error_mm,7.668493315577507,29900000
prediction_orientation_error_deg,0,29900000
prediction_position_error_mm,8.455527015030384,30000000
prediction_orientation_error_deg,0,30000000
owd_uplink_ms,227.1207,30100000
owd_downlink_ms,232.032,30100000
prediction_position_error_mm,13.517982326447964,30100000
prediction_orientation_error_deg,0,30100000
owd_uplink_ms,230.9261,30200000
owd_downlink_ms,225.7584,30200000
prediction_position_error_mm,4.714940674602985,30200000
prediction_orientation_error_deg,0,30200000
owd_uplink_ms,224.7878,30300000
owd_downlink_ms,230.9154,30300000
prediction_position_error_mm,116.99838191270828,30300000
prediction_orientation_error_deg,0,30300000
owd_uplink_ms,230.1799,30400000
owd_downlink_ms,230.3271,30400000
prediction_position_error_mm,7.662924937903881,30400000
prediction_orientation_error_deg,0,30400000
owd_uplink_ms,226.2492,30500000
owd_downlink_ms,229.8584,30500000
owd_uplink_ms,229.5261,30500000
owd_downlink_ms,227.7069,30500000
prediction_position_error_mm,4.948024172335863,30500000
prediction_orientation_error_deg,0,30500000
owd_uplink_ms,227.8142,30600000
owd_downlink_ms,225.726,30600000
prediction_position_error_mm,4.3730284087359905,30600000
prediction_orientation_error_deg,0,30600000
prediction_position_error_mm,4.9633304588496685,30700000
prediction_orientation_error_deg,0,30700000
owd_uplink_ms,227.5789,30800000
owd_downlink_ms,230.3627,30800000
owd_uplink_ms,227.5561,30800000
owd_downlink_ms,226.7563,30800000
prediction_position_error_mm,5.589575972408056,30800000
prediction_orientation_error_deg,0,30800000
owd_uplink_ms,223.5589,30900000
owd_downlink_ms,222.9768,30900000
prediction_position_error_mm,5.675826221704483,30900000
prediction_orientation_error_deg,0,30900000
prediction_position_error_mm,6.137136835604906,31000000
prediction_orientation_error_deg,0,31000000
owd_uplink_ms,224.4416,31100000
owd_downlink_ms,231.3443,31100000
prediction_position_error_mm,15.401098877191544,31100000
prediction_orientation_error_deg,0,31100000
owd_uplink_ms,230.4944,31200000
owd_downlink_ms,229.6972,31200000
owd_uplink_ms,227.1393,31200000
owd_downlink_ms,225.0265,31200000
prediction_position_error_mm,4.085951950401068,31200000
prediction_orientation_error_deg,0,31200000
prediction_position_error_mm,4.45216242223978,31300000
prediction_orientation_error_deg,0,31300000
owd_uplink_ms,232.1084,31400000
owd_downlink_ms,227.8075,31400000
prediction_position_error_mm,64.1552284359932,31400000
prediction_orientation_error_deg,0,31400000
owd_uplink_ms,231.3306,31500000
owd_downlink_ms,226.3222,31500000
correction_magnitude_mm,7.43190897628665,29198752
correction_magnitude_deg,0,29198752
owd_uplink_ms,228.5666,31500000
owd_downlink_ms,226.7199,31500000
prediction_position_error_mm,116.81535840034485,31500000
prediction_orientation_error_deg,0,31500000
owd_uplink_ms,223.1965,31600000
owd_downlink_ms,224.3851,31600000
prediction_position_error_mm,3.807577770203352,31600000
prediction_orientation_error_deg,0,31600000
owd_uplink_ms,225.4105,31700000
owd_downlink_ms,227.6802,31700000
prediction_position_error_mm,7.856758311390877,31700000
prediction_orientation_error_deg,0,31700000
prediction_position_error_mm,4.070121329277754,31800000
prediction_orientation_error_deg,0,31800000
owd_uplink_ms,227.8624,31900000
owd_downlink_ms,229.9966,31900000
prediction_position_error_mm,3.9352155290544033,31900000
prediction_orientation_error_deg,0,31900000
owd_uplink_ms,231.7443,32000000
owd_downlink_ms,227.4058,32000000
owd_uplink_ms,229.306,32000000
owd_downlink_ms,228.5076,32000000
prediction_position_error_mm,118.24427545070648,32000000
prediction_orientation_error_deg,0,32000000
owd_uplink_ms,228.4728,32100000
owd_downlink_ms,227.2842,32100000
prediction_position_error_mm,3.215465461835265,32100000
prediction_orientation_error_deg,0,32100000
prediction_position_error_mm,3.4955854061990976,32200000
prediction_orientation_error_deg,0,32200000
owd_uplink_ms,230.5224,32300000
owd_downlink_ms,228.5734,32300000
correction_magnitude_mm,5.113499704748392,29993093
correction_magnitude_deg,0,29993093
prediction_position_error_mm,65.47956168651581,32300000
prediction_orientation_error_deg,0,32300000
owd_uplink_ms,229.1378,32400000
owd_downlink_ms,225.7749,32400000
correction_magnitude_mm,7.645855192095041,30088890
correction_magnitude_deg,0,30088890
prediction_position_error_mm,124.0188255906105,32400000
prediction_orientation_error_deg,0,32400000
owd_uplink_ms,223.2814,32500000
owd_downlink_ms,230.4366,32500000
prediction_position_error_mm,119.19967085123062,32500000
prediction_orientation_error_deg,0,32500000
owd_uplink_ms,227.9404,32600000
owd_downlink_ms,231.0751,32600000
correction_magnitude_mm,5.061230156570673,30201752
correction_magnitude_deg,0,30201752
owd_uplink_ms,229.4733,32600000
owd_downlink_ms,227.9648,32600000
prediction_position_error_mm,3.0844861175864935,32600000
prediction_orientation_error_deg,0,32600000
prediction_position_error_mm,5.493247415870428,32700000
prediction_orientation_error_deg,0,32700000
owd_uplink_ms,229.1109,32800000
owd_downlink_ms,229.9446,32800000
prediction_position_error_mm,3.1781913712620735,32800000
prediction_orientation_error_deg,0,32800000
owd_uplink_ms,224.3399,32900000
owd_downlink_ms,231.9326,32900000
prediction_position_error_mm,14.229890890419483,32900000
prediction_orientation_error_deg,0,32900000
owd_uplink_ms,232.2618,33000000
owd_downlink_ms,228.145,33000000
prediction_position_error_mm,3.0506248585879803,33000000
prediction_orientation_error_deg,0,33000000
owd_uplink_ms,226.3162,33100000
owd_downlink_ms,229.3749,33100000
owd_uplink_ms,227.4354,33100000
owd_downlink_ms,226.4465,33100000
correction_magnitude_mm,5.140009336173534,30807838
correction_magnitude_deg,0,30807838
prediction_position_error_mm,3.0796935316175222,33100000
prediction_orientation_error_deg,0,33100000
owd_uplink_ms,229.0773,33200000
owd_downlink_ms,223.5213,33200000
prediction_position_error_mm,12.279484421014786,33200000
prediction_orientation_error_deg,0,33200000
prediction_position_error_mm,12.575797736644745,33300000
prediction_orientation_error_deg,0,33300000
owd_uplink_ms,226.281,33400000
owd_downlink_ms,230.4828,33400000
prediction_position_error_mm,9.077779948711395,33400000
prediction_orientation_error_deg,0,33400000
owd_uplink_ms,230.4159,33500000
owd_downlink_ms,229.8487,33500000
prediction_position_error_mm,3.282968420535326,33500000
prediction_orientation_error_deg,0,33500000
owd_uplink_ms,224.443,33600000
owd_downlink_ms,230.4822,33600000
owd_uplink_ms,225.1047,33600000
owd_downlink_ms,224.0719,33600000
prediction_position_error_mm,2.7802721597254276,33600000
prediction_orientation_error_deg,0,33600000
owd_uplink_ms,224.6031,33700000
owd_downlink_ms,223.8911,33700000
prediction_position_error_mm,2.8381559532135725,33700000
prediction_orientation_error_deg,0,33700000
prediction_position_error_mm,5.088980309665203,33800000
prediction_orientation_error_deg,0,33800000
owd_uplink_ms,228.5863,33900000
owd_downlink_ms,230.8798,33900000
prediction_position_error_mm,6.24439911916852,33900000
prediction_orientation_error_deg,0,33900000
owd_uplink_ms,231.8341,34000000
owd_downlink_ms,225.1011,34000000
owd_uplink_ms,228.6561,34000000
owd_downlink_ms,228.0686,34000000
prediction_position_error_mm,121.3008165359497,34000000
prediction_orientation_error_deg,0,34000000
prediction_position_error_mm,126.57274305820465,34100000
prediction_orientation_error_deg,0,34100000
owd_uplink_ms,230.8043,34200000
owd_downlink_ms,225.3874,34200000
correction_magnitude_mm,5.234880838543177,31897744
correction_magnitude_deg,0,31897744
prediction_position_error_mm,64.02676552534103,34200000
prediction_orientation_error_deg,0,34200000
owd_uplink_ms,230.5897,34300000
owd_downlink_ms,224.5171,34300000
correction_magnitude_mm,7.977016270160675,31990154
correction_magnitude_deg,0,31990154
prediction_position_error_mm,140.87741076946259,34300000
prediction_orientation_error_deg,0,34300000
owd_uplink_ms,224.3524,34400000
owd_downlink_ms,230.8103,34400000
owd_uplink_ms,223.9088,34400000
owd_downlink_ms,226.2327,34400000
correction_magnitude_mm,5.254238843917847,32101131
correction_magnitude_deg,0,32101131
prediction_position_error_mm,2.6193095836788416,34400000
prediction_orientation_error_deg,0,34400000
prediction_position_error_mm,4.927806090563536,34500000
prediction_orientation_error_deg,0,34500000
owd_uplink_ms,224.1229,34600000
owd_downlink_ms,230.4954,34600000
owd_uplink_ms,229.9666,34600000
owd_downlink_ms,223.593,34600000
prediction_position_error_mm,10.458499193191528,34600000
prediction_orientation_error_deg,0,34600000
owd_uplink_ms,225.8895,34700000
owd_downlink_ms,225.5948,34700000
prediction_position_error_mm,2.4293989408761263,34700000
prediction_orientation_error_deg,0,34700000
prediction_position_error_mm,2.635735087096691,34800000
prediction_orientation_error_deg,0,34800000
owd_uplink_ms,223.9144,34900000
owd_downlink_ms,227.9818,34900000
prediction_position_error_mm,3.0451230704784393,34900000
prediction_orientation_error_deg,0,34900000
owd_uplink_ms,230.98,35000000
owd_downlink_ms,230.5311,35000000
prediction_position_error_mm,121.2436854839325,35000000
prediction_orientation_error_deg,0,35000000
owd_uplink_ms,230.6402,35100000
owd_downlink_ms,229.5626,35100000
correction_magnitude_mm,5.280115641653538,32803934
correction_magnitude_deg,0,32803934
prediction_position_error_mm,65.2121901512146,35100000
prediction_orientation_error_deg,0,35100000
owd_uplink_ms,230.4901,35200000
owd_downlink_ms,225.2627,35200000
correction_magnitude_mm,8.07630829513073,32897400
correction_magnitude_deg,0,32897400
prediction_position_error_mm,144.55479383468628,35200000
prediction_orientation_error_deg,0,35200000
owd_uplink_ms,229.5844,35300000
owd_downlink_ms,232.2447,35300000
owd_uplink_ms,224.7027,35300000
owd_downlink_ms,228.1232,35300000
correction_magnitude_mm,5.286572966724634,33005000
correction_magnitude_deg,0,33005000
prediction_position_error_mm,2.17923684976995,35300000
prediction_orientation_error_deg,0,35300000
owd_uplink_ms,229.5729,35400000
owd_downlink_ms,226.4584,35400000
prediction_position_error_mm,6.109827663749456,35400000
prediction_orientation_error_deg,0,35400000
prediction_position_error_mm,6.489958148449659,35500000
prediction_orientation_error_deg,0,35500000
owd_uplink_ms,230.8129,35600000
owd_downlink_ms,225.2511,35600000
correction_magnitude_mm,5.332960281521082,33294155
correction_magnitude_deg,0,33294155
prediction_position_error_mm,57.55790323019028,35600000
prediction_orientation_error_deg,0,35600000
owd_uplink_ms,230.5622,35700000
owd_downlink_ms,227.2488,35700000
correction_magnitude_mm,7.951078005135059,33390014
correction_magnitude_deg,0,33390014
prediction_position_error_mm,134.49126482009888,35700000
prediction_orientation_error_deg,0,35700000
owd_uplink_ms,227.5092,35800000
owd_downlink_ms,232.4871,35800000
owd_uplink_ms,223.6633,35800000
owd_downlink_ms,226.4171,35800000
correction_magnitude_mm,5.287637002766132,33499680
correction_magnitude_deg,0,33499680
prediction_position_error_mm,3.154471982270479,35800000
prediction_orientation_error_deg,0,35800000
owd_uplink_ms,228.2866,35900000
owd_downlink_ms,228.0613,35900000
prediction_position_error_mm,2.8308185283094645,35900000
prediction_orientation_error_deg,0,35900000
prediction_position_error_mm,3.0915664974600077,36000000
prediction_orientation_error_deg,0,36000000
owd_uplink_ms,228.8289,36100000
owd_downlink_ms,231.5004,36100000
prediction_position_error_mm,3.40222823433578,36100000
prediction_orientation_error_deg,0,36100000
owd_uplink_ms,229.4384,36200000
owd_downlink_ms,226.0506,36200000
prediction_position_error_mm,9.912729263305664,36200000
prediction_orientation_error_deg,0,36200000
owd_uplink_ms,232.6788,36300000
owd_downlink_ms,232.3156,36300000
owd_uplink_ms,223.246,36300000
owd_downlink_ms,223.9442,36300000
correction_magnitude_mm,5.27657475322485,33998923
correction_magnitude_deg,0,33998923
prediction_position_error_mm,6.902729626744986,36300000
prediction_orientation_error_deg,0,36300000
prediction_position_error_mm,2.8429790399968624,36400000
prediction_orientation_error_deg,0,36400000
owd_uplink_ms,228.6242,36500000
owd_downlink_ms,231.0809,36500000
owd_uplink_ms,224.9842,36500000
owd_downlink_ms,223.0643,36500000
prediction_position_error_mm,5.660928785800934,36500000
prediction_orientation_error_deg,0,36500000
owd_uplink_ms,223.482,36600000
owd_downlink_ms,225.1717,36600000
prediction_position_error_mm,1.997171202674508,36600000
prediction_orientation_error_deg,0,36600000
prediction_position_error_mm,5.370127037167549,36700000
prediction_orientation_error_deg,0,36700000
owd_uplink_ms,231.0427,36800000
owd_downlink_ms,224.7234,36800000
owd_uplink_ms,228.4266,36800000
owd_downlink_ms,227.4703,36800000
prediction_position_error_mm,118.15042793750763,36800000
prediction_orientation_error_deg,0,36800000
owd_uplink_ms,227.7094,36900000
owd_downlink_ms,227.5553,36900000
correction_magnitude_mm,5.247184075415134,34592420
correction_magnitude_deg,0,34592420
prediction_position_error_mm,5.291755776852369,36900000
prediction_orientation_error_deg,0,36900000
owd_uplink_ms,223.4163,37000000
owd_downlink_ms,224.1322,37000000
prediction_position_error_mm,7.4005210772156715,37000000
prediction_orientation_error_deg,0,37000000
owd_uplink_ms,229.1995,37100000
owd_downlink_ms,228.9712,37100000
prediction_position_error_mm,4.2479513213038445,37100000
prediction_orientation_error_deg,0,37100000
prediction_position_error_mm,4.615468438714743,37200000
prediction_orientation_error_deg,0,37200000
owd_uplink_ms,230.3996,37300000
owd_downlink_ms,226.2833,37300000
correction_magnitude_mm,5.0009507685899734,34987886
correction_magnitude_deg,0,34987886
prediction_position_error_mm,54.99473214149475,37300000
prediction_orientation_error_deg,0,37300000
owd_uplink_ms,230.0782,37400000
owd_downlink_ms,230.5229,37400000
correction_magnitude_mm,7.730260957032442,35088443
correction_magnitude_deg,0,35088443
owd_uplink_ms,226.85,37400000
owd_downlink_ms,230.6182,37400000
prediction_position_error_mm,111.46035045385361,37400000
prediction_orientation_error_deg,0,37400000
prediction_position_error_mm,121.19923532009125,37500000
prediction_orientation_error_deg,0,37500000
prediction_position_error_mm,126.03819370269775,37600000
prediction_orientation_error_deg,0,37600000
owd_uplink_ms,232.0144,37700000
owd_downlink_ms,231.1808,37700000
correction_magnitude_mm,5.200251471251249,35292112
correction_magnitude_deg,0,35292112
owd_uplink_ms,224.9458,37700000
owd_downlink_ms,223.9352,37700000
correction_magnitude_mm,7.790717761963606,35390849
correction_magnitude_deg,0,35390849
owd_uplink_ms,229.341,37700000
owd_downlink_ms,225.7303,37700000
prediction_position_error_mm,115.28650671243668,37700000
prediction_orientation_error_deg,0,37700000
prediction_position_error_mm,115.28650671243668,37800000
prediction_orientation_error_deg,0,37800000
owd_uplink_ms,223.8212,37900000
owd_downlink_ms,231.2012,37900000
correction_magnitude_mm,5.170232616364956,35495561
correction_magnitude_deg,0,35495561
prediction_position_error_mm,4.2163110338151455,37900000
prediction_orientation_error_deg,0,37900000
owd_uplink_ms,225.7202,38000000
owd_downlink_ms,226.5842,38000000
owd_uplink_ms,231.3176,38000000
owd_downlink_ms,230.071,38000000
prediction_position_error_mm,114.13546651601791,38000000
prediction_orientation_error_deg,0,38000000
prediction_position_error_mm,114.13546651601791,38100000
prediction_orientation_error_deg,0,38100000
owd_uplink_ms,228.636,38200000
owd_downlink_ms,226.169,38200000
correction_magnitude_mm,10.259263217449188,35892001
correction_magnitude_deg,0,35892001
prediction_position_error_mm,12.718099169433117,38200000
prediction_orientation_error_deg,0,38200000
owd_uplink_ms,232.1252,38300000
owd_downlink_ms,232.1391,38300000
owd_uplink_ms,224.8849,38300000
owd_downlink_ms,229.1884,38300000
correction_magnitude_mm,5.110521335154772,35997399
correction_magnitude_deg,0,35997399
prediction_position_error_mm,3.813159419223666,38300000
prediction_orientation_error_deg,0,38300000
prediction_position_error_mm,4.022423177957535,38400000
prediction_orientation_error_deg,0,38400000
owd_uplink_ms,229.9586,38500000
owd_downlink_ms,226.6787,38500000
prediction_position_error_mm,57.08226561546326,38500000
prediction_orientation_error_deg,0,38500000
prediction_position_error_mm,59.09210443496704,38600000
prediction_orientation_error_deg,0,38600000
owd_uplink_ms,230.0497,38700000
owd_downlink_ms,232.9328,38700000
prediction_position_error_mm,3.816753625869751,38700000
prediction_orientation_error_deg,0,38700000
owd_uplink_ms,231.124,38800000
owd_downlink_ms,231.0731,38800000
correction_magnitude_mm,5.219713319092989,36396841
correction_magnitude_deg,0,36396841
owd_uplink_ms,229.2973,38800000
owd_downlink_ms,231.9486,38800000
owd_uplink_ms,228.1772,38800000
owd_downlink_ms,225.6699,38800000
correction_magnitude_mm,5.038795527070761,36497020
correction_magnitude_deg,0,36497020
prediction_position_error_mm,9.358766488730907,38800000
prediction_orientation_error_deg,0,38800000
prediction_position_error_mm,14.508821070194244,38900000
prediction_orientation_error_deg,0,38900000
owd_uplink_ms,228.9623,39000000
owd_downlink_ms,231.8833,39000000
prediction_position_error_mm,2.4324171245098114,39000000
prediction_orientation_error_deg,0,39000000
owd_uplink_ms,224.0992,39100000
owd_downlink_ms,227.627,39100000
owd_uplink_ms,233.0106,39100000
owd_downlink_ms,229.6418,39100000
prediction_position_error_mm,104.61463779211044,39100000
prediction_orientation_error_deg,0,39100000
owd_uplink_ms,226.8204,39200000
owd_downlink_ms,223.4045,39200000
prediction_position_error_mm,16.674773767590523,39200000
prediction_orientation_error_deg,0,39200000
prediction_position_error_mm,17.69464649260044,39300000
prediction_orientation_error_deg,0,39300000
owd_uplink_ms,230.9336,39400000
owd_downlink_ms,224.2437,39400000
owd_uplink_ms,227.1057,39400000
owd_downlink_ms,229.8496,39400000
prediction_position_error_mm,103.10382395982742,39400000
prediction_orientation_error_deg,0,39400000
prediction_position_error_mm,111.86470091342926,39500000
prediction_orientation_error_deg,0,39500000
owd_uplink_ms,227.5414,39600000
owd_downlink_ms,231.7906,39600000
prediction_position_error_mm,5.520319100469351,39600000
prediction_orientation_error_deg,0,39600000
owd_uplink_ms,231.5037,39700000
owd_downlink_ms,230.1761,39700000
prediction_position_error_mm,53.77412959933281,39700000
prediction_orientation_error_deg,0,39700000
owd_uplink_ms,223.5356,39800000
owd_downlink_ms,228.2766,39800000
correction_magnitude_mm,7.1233646012842655,37501247
correction_magnitude_deg,0,37501247
prediction_position_error_mm,106.16590082645416,39800000
prediction_orientation_error_deg,0,39800000
owd_uplink_ms,232.6856,39900000
owd_downlink_ms,231.6237,39900000
owd_uplink_ms,224.0555,39900000
owd_downlink_ms,229.1584,39900000
prediction_position_error_mm,1.8394646467640996,39900000
prediction_orientation_error_deg,0,39900000
owd_uplink_ms,228.0591,40000000
owd_downlink_ms,227.5471,40000000
prediction_position_error_mm,7.400674745440483,40000000
prediction_orientation_error_deg,0,40000000
prediction_position_error_mm,8.078520186245441,40100000
prediction_orientation_error_deg,0,40100000
prediction_position_error_mm,12.865605764091015,40200000
prediction_orientation_error_deg,0,40200000
owd_uplink_ms,232.1702,40300000
owd_downlink_ms,229.778,40300000
owd_uplink_ms,232.4282,40300000
owd_downlink_ms,227.2466,40300000
correction_magnitude_mm,7.251395843923092,37996190
correction_magnitude_deg,0,37996190
owd_uplink_ms,227.558,40300000
owd_downlink_ms,227.7603,40300000
prediction_position_error_mm,102.16943919658661,40300000
prediction_orientation_error_deg,0,40300000
prediction_position_error_mm,106.25799745321274,40400000
prediction_orientation_error_deg,0,40400000
owd_uplink_ms,229.4037,40500000
owd_downlink_ms,227.4034,40500000
prediction_position_error_mm,50.36170780658722,40500000
prediction_orientation_error_deg,0,40500000
owd_uplink_ms,229.4056,40600000
owd_downlink_ms,225.0763,40600000
prediction_position_error_mm,10.26933267712593,40600000
prediction_orientation_error_deg,0,40600000
owd_uplink_ms,229.8756,40700000
owd_downlink_ms,225.7307,40700000
prediction_position_error_mm,10.362882167100906,40700000
prediction_orientation_error_deg,0,40700000
owd_uplink_ms,227.8,40800000
owd_downlink_ms,226.5968,40800000
owd_uplink_ms,230.0052,40800000
owd_downlink_ms,231.3651,40800000
prediction_position_error_mm,98.86590391397476,40800000
prediction_orientation_error_deg,0,40800000
owd_uplink_ms,222.1012,40900000
owd_downlink_ms,227.4194,40900000
prediction_position_error_mm,5.758032668381929,40900000
prediction_orientation_error_deg,0,40900000
owd_uplink_ms,227.2498,41000000
owd_downlink_ms,227.7907,41000000
prediction_position_error_mm,11.651527136564255,41000000
prediction_orientation_error_deg,0,41000000
owd_uplink_ms,228.165,41100000
owd_downlink_ms,228.6689,41100000
prediction_position_error_mm,7.957356981933117,41100000
prediction_orientation_error_deg,0,41100000
prediction_position_error_mm,12.441299855709076,41200000
prediction_orientation_error_deg,0,41200000
owd_uplink_ms,229.8067,41300000
owd_downlink_ms,226.3611,41300000
owd_uplink_ms,226.2015,41300000
owd_downlink_ms,229.8382,41300000
prediction_position_error_mm,95.3269749879837,41300000
prediction_orientation_error_deg,0,41300000
prediction_position_error_mm,99.07031804323196,41400000
prediction_orientation_error_deg,0,41400000
owd_uplink_ms,223.0219,41500000
owd_downlink_ms,228.0479,41500000
correction_magnitude_mm,8.930732496082783,39198027
correction_magnitude_deg,0,39198027
prediction_position_error_mm,9.624818339943886,41500000
prediction_orientation_error_deg,0,41500000
owd_uplink_ms,230.5813,41600000
owd_downlink_ms,230.6725,41600000
owd_uplink_ms,224,41600000
owd_downlink_ms,229.0176,41600000
prediction_position_error_mm,2.840223954990506,41600000
prediction_orientation_error_deg,0,41600000
prediction_position_error_mm,3.3637648448348045,41700000
prediction_orientation_error_deg,0,41700000
owd_uplink_ms,232.3908,41800000
owd_downlink_ms,224.1378,41800000
owd_uplink_ms,227.9763,41800000
owd_downlink_ms,227.2709,41800000
prediction_position_error_mm,87.96580880880356,41800000
prediction_orientation_error_deg,0,41800000
prediction_position_error_mm,95.11803090572357,41900000
prediction_orientation_error_deg,0,41900000
prediction_position_error_mm,98.63684326410294,42000000
prediction_orientation_error_deg,0,42000000
owd_uplink_ms,225.3159,42100000
owd_downlink_ms,230.3997,42100000
correction_magnitude_mm,8.64498782902956,39699572
correction_magnitude_deg,0,39699572
owd_uplink_ms,232.3634,42100000
owd_downlink_ms,231.7881,42100000
owd_uplink_ms,226.6304,42100000
owd_downlink_ms,228.3522,42100000
prediction_position_error_mm,7.892221212387085,42100000
prediction_orientation_error_deg,0,42100000
owd_uplink_ms,225.9553,42200000
owd_downlink_ms,226.9049,42200000
prediction_position_error_mm,11.579295620322227,42200000
prediction_orientation_error_deg,0,42200000
owd_uplink_ms,229.5442,42300000
owd_downlink_ms,226.503,42300000
prediction_position_error_mm,13.384118676185608,42300000
prediction_orientation_error_deg,0,42300000
owd_uplink_ms,224.9665,42400000
owd_downlink_ms,226.3227,42400000
prediction_position_error_mm,11.339654214680195,42400000
prediction_orientation_error_deg,0,42400000
prediction_position_error_mm,8.828830905258656,42500000
prediction_orientation_error_deg,0,42500000
owd_uplink_ms,223.7001,42600000
owd_downlink_ms,224.9251,42600000
prediction_position_error_mm,9.408913552761078,42600000
prediction_orientation_error_deg,0,42600000
owd_uplink_ms,231.3682,42700000
owd_downlink_ms,230.221,42700000
owd_uplink_ms,224.7228,42700000
owd_downlink_ms,223.4225,42700000
prediction_position_error_mm,12.923195958137512,42700000
prediction_orientation_error_deg,0,42700000
owd_uplink_ms,223.7229,42800000
owd_downlink_ms,226.1246,42800000
prediction_position_error_mm,7.27241113781929,42800000
prediction_orientation_error_deg,0,42800000
prediction_position_error_mm,8.059963583946228,42900000
prediction_orientation_error_deg,0,42900000
owd_uplink_ms,229.169,43000000
owd_downlink_ms,231.5552,43000000
owd_uplink_ms,226.3523,43000000
owd_downlink_ms,226.7032,43000000
prediction_position_error_mm,9.618823416531086,43000000
prediction_orientation_error_deg,0,43000000
owd_uplink_ms,224.3909,43100000
owd_downlink_ms,226.2865,43100000
prediction_position_error_mm,10.974818840622902,43100000
prediction_orientation_error_deg,0,43100000
prediction_position_error_mm,8.78492183983326,43200000
prediction_orientation_error_deg,0,43200000
owd_uplink_ms,230.7047,43300000
owd_downlink_ms,225.1752,43300000
prediction_position_error_mm,33.2043394446373,43300000
prediction_orientation_error_deg,0,43300000
owd_uplink_ms,223.8367,43400000
owd_downlink_ms,226.9179,43400000
correction_magnitude_mm,5.628774408251047,41104284
correction_magnitude_deg,0,41104284
prediction_position_error_mm,92.98178553581238,43400000
prediction_orientation_error_deg,0,43400000
owd_uplink_ms,232.4804,43500000
owd_downlink_ms,231.084,43500000
prediction_position_error_mm,80.99742978811264,43500000
prediction_orientation_error_deg,0,43500000
owd_uplink_ms,229.9973,43600000
owd_downlink_ms,225.8942,43600000
correction_magnitude_mm,7.595870178192854,41297410
correction_magnitude_deg,0,41297410
prediction_position_error_mm,14.383435249328613,43600000
prediction_orientation_error_deg,0,43600000
owd_uplink_ms,226.0913,43700000
owd_downlink_ms,230.6968,43700000
owd_uplink_ms,226.2089,43700000
owd_downlink_ms,226.5306,43700000
prediction_position_error_mm,13.181705959141254,43700000
prediction_orientation_error_deg,0,43700000
prediction_position_error_mm,11.355878785252571,43800000
prediction_orientation_error_deg,0,43800000
owd_uplink_ms,232.604,43900000
owd_downlink_ms,228.0591,43900000
prediction_position_error_mm,14.018809422850609,43900000
prediction_orientation_error_deg,0,43900000
owd_uplink_ms,229.7794,44000000
owd_downlink_ms,231.0704,44000000
prediction_position_error_mm,76.16347074508667,44000000
prediction_orientation_error_deg,0,44000000
owd_uplink_ms,228.2632,44100000
owd_downlink_ms,230.3061,44100000
prediction_position_error_mm,9.91102121770382,44100000
prediction_orientation_error_deg,0,44100000
owd_uplink_ms,229.2404,44200000
owd_downlink_ms,227.4843,44200000
owd_uplink_ms,230.5825,44200000
owd_downlink_ms,228.6002,44200000
prediction_position_error_mm,70.6217959523201,44200000
prediction_orientation_error_deg,0,44200000
owd_uplink_ms,226.6102,44300000
owd_downlink_ms,229.1964,44300000
prediction_position_error_mm,13.292261399328709,44300000
prediction_orientation_error_deg,0,44300000
prediction_position_error_mm,14.23981599509716,44400000
prediction_orientation_error_deg,0,44400000
owd_uplink_ms,225.3045,44500000
owd_downlink_ms,230.2067,44500000
prediction_position_error_mm,7.523926440626383,44500000
prediction_orientation_error_deg,0,44500000
owd_uplink_ms,230.8936,44600000
owd_downlink_ms,226.4047,44600000
prediction_position_error_mm,14.314903877675533,44600000
prediction_orientation_error_deg,0,44600000
owd_uplink_ms,225.0443,44700000
owd_downlink_ms,231.0026,44700000
prediction_position_error_mm,69.09620016813278,44700000
prediction_orientation_error_deg,0,44700000
owd_uplink_ms,232.8494,44800000
owd_downlink_ms,225.8952,44800000
correction_magnitude_mm,6.686005741357803,42499886
correction_magnitude_deg,0,42499886
owd_uplink_ms,228.8562,44800000
owd_downlink_ms,227.5316,44800000
prediction_position_error_mm,64.73758816719055,44800000
prediction_orientation_error_deg,0,44800000
owd_uplink_ms,223.7912,44900000
owd_downlink_ms,229.3943,44900000
prediction_position_error_mm,10.160776786506176,44900000
prediction_orientation_error_deg,0,44900000
owd_uplink_ms,227.2656,45000000
owd_downlink_ms,224.737,45000000
prediction_position_error_mm,14.307098463177681,45000000
prediction_orientation_error_deg,0,45000000
prediction_position_error_mm,15.478231012821198,45100000
prediction_orientation_error_deg,0,45100000
owd_uplink_ms,226.0194,45200000
owd_downlink_ms,231.5588,45200000
owd_uplink_ms,227.996,45200000
owd_downlink_ms,226.9307,45200000
prediction_position_error_mm,14.951974153518677,45200000
prediction_orientation_error_deg,0,45200000
prediction_position_error_mm,13.960505835711956,45300000
prediction_orientation_error_deg,0,45300000
owd_uplink_ms,226.6219,45400000
owd_downlink_ms,229.9278,45400000
prediction_position_error_mm,11.980229988694191,45400000
prediction_orientation_error_deg,0,45400000
owd_uplink_ms,225.8731,45500000
owd_downlink_ms,227.4041,45500000
prediction_position_error_mm,11.745041236281395,45500000
prediction_orientation_error_deg,0,45500000
owd_uplink_ms,233.193,45600000
owd_downlink_ms,231.0498,45600000
prediction_position_error_mm,59.549491852521896,45600000
prediction_orientation_error_deg,0,45600000
owd_uplink_ms,231.842,45700000
owd_downlink_ms,224.4846,45700000
correction_magnitude_mm,5.942998919636011,43401834
correction_magnitude_deg,0,43401834
owd_uplink_ms,229.0342,45700000
owd_downlink_ms,229.2802,45700000
prediction_position_error_mm,55.5109865963459,45700000
prediction_orientation_error_deg,0,45700000
owd_uplink_ms,229.4302,45800000
owd_downlink_ms,224.1453,45800000
prediction_position_error_mm,19.210398197174072,45800000
prediction_orientation_error_deg,0,45800000
owd_uplink_ms,226.9397,45900000
owd_downlink_ms,225.8478,45900000
prediction_position_error_mm,13.676745817065239,45900000
prediction_orientation_error_deg,0,45900000
prediction_position_error_mm,14.834503643214703,46000000
prediction_orientation_error_deg,0,46000000
owd_uplink_ms,227.385,46100000
owd_downlink_ms,227.0989,46100000
prediction_position_error_mm,13.529491610825062,46100000
prediction_orientation_error_deg,0,46100000
owd_uplink_ms,230.4528,46200000
owd_downlink_ms,232.3076,46200000
owd_uplink_ms,226.1072,46200000
owd_downlink_ms,227.4406,46200000
prediction_position_error_mm,11.836802586913109,46200000
prediction_orientation_error_deg,0,46200000
prediction_position_error_mm,12.92632706463337,46300000
prediction_orientation_error_deg,0,46300000
owd_uplink_ms,228.3751,46400000
owd_downlink_ms,230.2881,46400000
prediction_position_error_mm,14.029715210199356,46400000
prediction_orientation_error_deg,0,46400000
owd_uplink_ms,225.2616,46500000
owd_downlink_ms,230.8273,46500000
owd_uplink_ms,227.1665,46500000
owd_downlink_ms,223.724,46500000
prediction_position_error_mm,15.57545643299818,46500000
prediction_orientation_error_deg,0,46500000
prediction_position_error_mm,16.840092837810516,46600000
prediction_orientation_error_deg,0,46600000
prediction_position_error_mm,18.154848366975784,46700000
prediction_orientation_error_deg,0,46700000
owd_uplink_ms,232.8535,46800000
owd_downlink_ms,231.4975,46800000
owd_uplink_ms,229.7216,46800000
owd_downlink_ms,229.0199,46800000
prediction_position_error_mm,71.77649438381195,46800000
prediction_orientation_error_deg,0,46800000
owd_uplink_ms,232.3652,46900000
owd_downlink_ms,230.6198,46900000
owd_uplink_ms,228.5789,46900000
owd_downlink_ms,223.8911,46900000
prediction_position_error_mm,18.242428079247475,46900000
prediction_orientation_error_deg,0,46900000
owd_uplink_ms,227.8572,47000000
owd_downlink_ms,227.547,47000000
prediction_position_error_mm,14.901167713105679,47000000
prediction_orientation_error_deg,0,47000000
owd_uplink_ms,228.6214,47100000
owd_downlink_ms,227.6749,47100000
prediction_position_error_mm,15.352917835116386,47100000
prediction_orientation_error_deg,0,47100000
prediction_position_error_mm,16.504528000950813,47200000
prediction_orientation_error_deg,0,47200000
owd_uplink_ms,222.9644,47300000
owd_downlink_ms,226.1138,47300000
owd_uplink_ms,229.4794,47300000
owd_downlink_ms,226.9225,47300000
prediction_position_error_mm,38.174763321876526,47300000
prediction_orientation_error_deg,0,47300000
prediction_position_error_mm,39.24692049622536,47400000
prediction_orientation_error_deg,0,47400000
owd_uplink_ms,224.9917,47500000
owd_downlink_ms,231.8913,47500000
prediction_position_error_mm,11.991318315267563,47500000
prediction_orientation_error_deg,0,47500000
owd_uplink_ms,231.2089,47600000
owd_downlink_ms,224.5156,47600000
owd_uplink_ms,224.191,47600000
owd_downlink_ms,230.0203,47600000
prediction_position_error_mm,34.83187407255173,47600000
prediction_orientation_error_deg,0,47600000
prediction_position_error_mm,35.75615957379341,47700000
prediction_orientation_error_deg,0,47700000
prediction_position_error_mm,36.630794405937195,47800000
prediction_orientation_error_deg,0,47800000
owd_uplink_ms,227.9139,47900000
owd_downlink_ms,230.4021,47900000
owd_uplink_ms,232.3316,47900000
owd_downlink_ms,232.196,47900000
owd_uplink_ms,227.2867,47900000
owd_downlink_ms,223.8871,47900000
prediction_position_error_mm,15.791445970535278,47900000
prediction_orientation_error_deg,0,47900000
owd_uplink_ms,228.1223,48000000
owd_downlink_ms,229.2974,48000000
prediction_position_error_mm,13.12823873013258,48000000
prediction_orientation_error_deg,0,48000000
prediction_position_error_mm,14.977666549384594,48100000
prediction_orientation_error_deg,0,48100000
owd_uplink_ms,224.2633,48200000
owd_downlink_ms,227.3652,48200000
owd_uplink_ms,231.898,48200000
owd_downlink_ms,229.01,48200000
prediction_position_error_mm,27.428515255451202,48200000
prediction_orientation_error_deg,0,48200000
owd_uplink_ms,227.2468,48300000
owd_downlink_ms,228.3061,48300000
prediction_position_error_mm,14.770491980016232,48300000
prediction_orientation_error_deg,0,48300000
owd_uplink_ms,229.5672,48400000
owd_downlink_ms,227.4419,48400000
prediction_position_error_mm,14.977756887674332,48400000
prediction_orientation_error_deg,0,48400000
owd_uplink_ms,224.4463,48500000
owd_downlink_ms,226.7448,48500000
prediction_position_error_mm,12.861507013440132,48500000
prediction_orientation_error_deg,0,48500000
owd_uplink_ms,224.2126,48600000
owd_downlink_ms,224.4074,48600000
prediction_position_error_mm,13.848490081727505,48600000
prediction_orientation_error_deg,0,48600000
prediction_position_error_mm,15.430021099746227,48700000
prediction_orientation_error_deg,0,48700000
owd_uplink_ms,224.4488,48800000
owd_downlink_ms,223.985,48800000
owd_uplink_ms,230.0586,48800000
owd_downlink_ms,229.6193,48800000
prediction_position_error_mm,21.015560254454613,48800000
prediction_orientation_error_deg,0,48800000
owd_uplink_ms,225.9518,48900000
owd_downlink_ms,224.496,48900000
prediction_position_error_mm,14.875642023980618,48900000
prediction_orientation_error_deg,0,48900000
prediction_position_error_mm,16.140349209308624,49000000
prediction_orientation_error_deg,0,49000000
owd_uplink_ms,228.6335,49100000
owd_downlink_ms,231.6894,49100000
prediction_position_error_mm,14.060702174901962,49100000
prediction_orientation_error_deg,0,49100000
owd_uplink_ms,227.6851,49200000
owd_downlink_ms,231.797,49200000
prediction_position_error_mm,13.685611076653004,49200000
prediction_orientation_error_deg,0,49200000
owd_uplink_ms,224.9225,49300000
owd_downlink_ms,229.153,49300000
prediction_position_error_mm,13.66927195340395,49300000
prediction_orientation_error_deg,0,49300000
prediction_position_error_mm,14.892053790390491,49400000
prediction_orientation_error_deg,0,49400000
owd_uplink_ms,232.1562,49500000
owd_downlink_ms,229.7694,49500000
owd_uplink_ms,231.4431,49500000
owd_downlink_ms,229.198,49500000
prediction_position_error_mm,14.933792874217033,49500000
prediction_orientation_error_deg,0,49500000
owd_uplink_ms,231.5132,49600000
owd_downlink_ms,223.864,49600000
owd_uplink_ms,224.5217,49600000
owd_downlink_ms,225.1962,49600000
prediction_position_error_mm,12.916811741888523,49600000
prediction_orientation_error_deg,0,49600000
prediction_position_error_mm,12.916811741888523,49700000
prediction_orientation_error_deg,0,49700000
owd_uplink_ms,229.8932,49800000
owd_downlink_ms,231.7113,49800000
owd_uplink_ms,227.8901,49800000
owd_downlink_ms,228.5929,49800000
prediction_position_error_mm,14.043477363884449,49800000
prediction_orientation_error_deg,0,49800000
owd_uplink_ms,226.6512,49900000
owd_downlink_ms,224.8056,49900000
prediction_position_error_mm,14.78363387286663,49900000
prediction_orientation_error_deg,0,49900000
owd_uplink_ms,227.3824,50000000
owd_downlink_ms,228.8564,50000000
prediction_position_error_mm,13.91025073826313,50000000
prediction_orientation_error_deg,0,50000000
prediction_position_error_mm,0,100000
prediction_orientation_error_deg,0,100000
prediction_position_error_mm,0,200000
prediction_orientation_error_deg,0,200000
prediction_position_error_mm,0,300000
prediction_orientation_error_deg,0,300000
prediction_position_error_mm,0,400000
prediction_orientation_error_deg,0,400000
prediction_position_error_mm,0,500000
prediction_orientation_error_deg,0,500000
prediction_position_error_mm,0,600000
prediction_orientation_error_deg,0,600000
prediction_position_error_mm,0,700000
prediction_orientation_error_deg,0,700000
prediction_position_error_mm,0,800000
prediction_orientation_error_deg,0,800000
prediction_position_error_mm,0,900000
prediction_orientation_error_deg,0,900000
prediction_position_error_mm,0,1000000
prediction_orientation_error_deg,0,1000000
prediction_position_error_mm,0,1100000
prediction_orientation_error_deg,0,1100000
prediction_position_error_mm,0,1200000
prediction_orientation_error_deg,0,1200000
prediction_position_error_mm,0,1300000
prediction_orientation_error_deg,0,1300000
prediction_position_error_mm,0,1400000
prediction_orientation_error_deg,0,1400000
prediction_position_error_mm,0,1500000
prediction_orientation_error_deg,0,1500000
prediction_position_error_mm,0,1600000
prediction_orientation_error_deg,0,1600000
prediction_position_error_mm,0,1700000
prediction_orientation_error_deg,0,1700000
prediction_position_error_mm,0,1800000
prediction_orientation_error_deg,0,1800000
prediction_position_error_mm,0,1900000
prediction_orientation_error_deg,0,1900000
prediction_position_error_mm,0,2000000
prediction_orientation_error_deg,0,2000000
prediction_position_error_mm,0,2100000
prediction_orientation_error_deg,0,2100000
prediction_position_error_mm,0,2200000
prediction_orientation_error_deg,0,2200000
prediction_position_error_mm,0,2300000
prediction_orientation_error_deg,0,2300000
prediction_position_error_mm,1299.9999523162842,2400000
prediction_orientation_error_deg,0,2400000
prediction_position_error_mm,1300.0023365020752,2500000
prediction_orientation_error_deg,0,2500000
prediction_position_error_mm,1300.0091314315796,2600000
prediction_orientation_error_deg,0,2600000
prediction_position_error_mm,1300.020456314087,2700000
prediction_orientation_error_deg,0,2700000
prediction_position_error_mm,1300.0361919403076,2800000
prediction_orientation_error_deg,0,2800000
prediction_position_error_mm,1300.0564575195312,2900000
prediction_orientation_error_deg,0,2900000
prediction_position_error_mm,1300.0812530517578,3000000
prediction_orientation_error_deg,0,3000000
prediction_position_error_mm,1300.1103401184082,3100000
prediction_orientation_error_deg,0,3100000
prediction_position_error_mm,1300.143837928772,3200000
prediction_orientation_error_deg,0,3200000
prediction_position_error_mm,1300.1817464828491,3300000
prediction_orientation_error_deg,0,3300000
prediction_position_error_mm,1300.2238273620605,3400000
prediction_orientation_error_deg,0,3400000
prediction_position_error_mm,1300.2238273620605,3500000
prediction_orientation_error_deg,0,3500000
prediction_position_error_mm,1300.2701997756958,3600000
prediction_orientation_error_deg,0,3600000
prediction_position_error_mm,1300.3205060958862,3700000
prediction_orientation_error_deg,0,3700000
prediction_position_error_mm,1300.4335165023804,3800000
prediction_orientation_error_deg,0,3800000
prediction_position_error_mm,1300.495982170105,3900000
prediction_orientation_error_deg,0,3900000
prediction_position_error_mm,1300.5622625350952,4000000
prediction_orientation_error_deg,0,4000000
prediction_position_error_mm,1300.632119178772,4100000
prediction_orientation_error_deg,0,4100000
prediction_position_error_mm,1300.7055521011353,4200000
prediction_orientation_error_deg,0,4200000
prediction_position_error_mm,1300.782561302185,4300000
prediction_orientation_error_deg,0,4300000
prediction_position_error_mm,1300.782561302185,4400000
prediction_orientation_error_deg,0,4400000
prediction_position_error_mm,1300.946593284607,4500000
prediction_orientation_error_deg,0,4500000
prediction_position_error_mm,1301.0333776474,4600000
prediction_orientation_error_deg,0,4600000
owd_uplink_ms,226.5496,4700000
owd_downlink_ms,226.5495,4700000
correction_magnitude_mm,1299.9999523162842,2374316
correction_magnitude_deg,0,2374316
prediction_position_error_mm,114.05476927757263,4700000
prediction_orientation_error_deg,0,4700000
prediction_position_error_mm,118.92633140087128,4800000
prediction_orientation_error_deg,0,4800000
owd_uplink_ms,227.6137,4900000
owd_downlink_ms,232.2417,4900000
owd_uplink_ms,224.3884,4900000
owd_downlink_ms,227.9661,4900000
prediction_position_error_mm,4.187602549791336,4900000
prediction_orientation_error_deg,0,4900000
owd_uplink_ms,227.4786,5000000
owd_downlink_ms,228.5943,5000000
prediction_position_error_mm,4.08551562577486,5000000
prediction_orientation_error_deg,0,5000000
owd_uplink_ms,224.1136,5100000
owd_downlink_ms,226.9866,5100000
prediction_position_error_mm,4.693342372775078,5100000
prediction_orientation_error_deg,0,5100000
owd_uplink_ms,224.1238,5200000
owd_downlink_ms,226.6582,5200000
prediction_position_error_mm,4.962187260389328,5200000
prediction_orientation_error_deg,0,5200000
owd_uplink_ms,226.3868,5300000
owd_downlink_ms,226.1625,5300000
prediction_position_error_mm,4.7554136253893375,5300000
prediction_orientation_error_deg,0,5300000
owd_uplink_ms,227.8794,5400000
owd_downlink_ms,227.9462,5400000
prediction_position_error_mm,4.611944314092398,5400000
prediction_orientation_error_deg,0,5400000
owd_uplink_ms,227.9489,5500000
owd_downlink_ms,225.0023,5500000
prediction_position_error_mm,8.080609142780304,5500000
prediction_orientation_error_deg,0,5500000
owd_uplink_ms,222.4756,5600000
owd_downlink_ms,225.8077,5600000
prediction_position_error_mm,4.589064512401819,5600000
prediction_orientation_error_deg,0,5600000
owd_uplink_ms,228.5044,5700000
owd_downlink_ms,225.1836,5700000
prediction_position_error_mm,13.096723705530167,5700000
prediction_orientation_error_deg,0,5700000
prediction_position_error_mm,9.379864670336246,5800000
prediction_orientation_error_deg,0,5800000
owd_uplink_ms,230.0586,5900000
owd_downlink_ms,226.5371,5900000
correction_magnitude_mm,5.186541471630335,3584465
correction_magnitude_deg,0,3584465
prediction_position_error_mm,53.30004543066025,5900000
prediction_orientation_error_deg,0,5900000
owd_uplink_ms,230.3626,6000000
owd_downlink_ms,231.227,6000000
prediction_position_error_mm,4.563730675727129,6000000
prediction_orientation_error_deg,0,6000000
owd_uplink_ms,224.1193,6100000
owd_downlink_ms,226.4272,6100000
prediction_position_error_mm,116.40897393226624,6100000
prediction_orientation_error_deg,0,6100000
owd_uplink_ms,231.9015,6200000
owd_downlink_ms,233.9015,6200000
owd_uplink_ms,225.9357,6200000
owd_downlink_ms,228.5574,6200000
prediction_position_error_mm,4.157569259405136,6200000
prediction_orientation_error_deg,0,6200000
owd_uplink_ms,225.7485,6300000
owd_downlink_ms,225.951,6300000
prediction_position_error_mm,5.106298252940178,6300000
prediction_orientation_error_deg,0,6300000
prediction_position_error_mm,8.935266174376011,6400000
prediction_orientation_error_deg,0,6400000
owd_uplink_ms,228.2195,6500000
owd_downlink_ms,232.5623,6500000
owd_uplink_ms,226.0809,6500000
owd_downlink_ms,229.1917,6500000
prediction_position_error_mm,5.13620488345623,6500000
prediction_orientation_error_deg,0,6500000
prediction_position_error_mm,4.643549211323261,6600000
prediction_orientation_error_deg,0,6600000
owd_uplink_ms,226.9109,6700000
owd_downlink_ms,229.8474,6700000
prediction_position_error_mm,4.616364371031523,6700000
prediction_orientation_error_deg,0,6700000
owd_uplink_ms,231.4155,6800000
owd_downlink_ms,224.6443,6800000
prediction_position_error_mm,9.783435612916946,6800000
prediction_orientation_error_deg,0,6800000
owd_uplink_ms,229.0592,6900000
owd_downlink_ms,230.289,6900000
owd_uplink_ms,226.1084,6900000
owd_downlink_ms,228.5613,6900000
prediction_position_error_mm,6.120811216533184,6900000
prediction_orientation_error_deg,0,6900000
prediction_position_error_mm,4.604786168783903,7000000
prediction_orientation_error_deg,0,7000000
owd_uplink_ms,224.4696,7100000
owd_downlink_ms,231.6784,7100000
prediction_position_error_mm,7.589423097670078,7100000
prediction_orientation_error_deg,0,7100000
owd_uplink_ms,228.2502,7200000
owd_downlink_ms,228.82,7200000
prediction_position_error_mm,8.497262373566628,7200000
prediction_orientation_error_deg,0,7200000
owd_uplink_ms,230.3215,7300000
owd_downlink_ms,224.749,7300000
prediction_position_error_mm,9.18968953192234,7300000
prediction_orientation_error_deg,0,7300000
owd_uplink_ms,232.8801,7400000
owd_downlink_ms,232.3575,7400000
prediction_position_error_mm,111.95733398199081,7400000
prediction_orientation_error_deg,0,7400000
prediction_position_error_mm,111.95733398199081,7500000
prediction_orientation_error_deg,0,7500000
owd_uplink_ms,232.4402,7600000
owd_downlink_ms,231.3798,7600000
owd_uplink_ms,230.1255,7600000
owd_downlink_ms,225.1458,7600000
correction_magnitude_mm,7.35263479873538,5298143
correction_magnitude_deg,0,5298143
owd_uplink_ms,223.7533,7600000
owd_downlink_ms,226.1426,7600000
prediction_position_error_mm,101.91384702920914,7600000
prediction_orientation_error_deg,0,7600000
owd_uplink_ms,228.9716,7700000
owd_downlink_ms,224.2386,7700000
prediction_position_error_mm,16.705024987459183,7700000
prediction_orientation_error_deg,0,7700000
prediction_position_error_mm,17.500245943665504,7800000
prediction_orientation_error_deg,0,7800000
owd_uplink_ms,228.4169,7900000
owd_downlink_ms,232.4559,7900000
prediction_position_error_mm,4.7634742222726345,7900000
prediction_orientation_error_deg,0,7900000
owd_uplink_ms,232.0549,8000000
owd_downlink_ms,224.8437,8000000
prediction_position_error_mm,51.7597533762455,8000000
prediction_orientation_error_deg,0,8000000
owd_uplink_ms,224.7711,8100000
owd_downlink_ms,224.8282,8100000
correction_magnitude_mm,7.00648408383131,5791319
correction_magnitude_deg,0,5791319
owd_uplink_ms,229.5803,8100000
owd_downlink_ms,228.1959,8100000
prediction_position_error_mm,104.17388379573822,8100000
prediction_orientation_error_deg,0,8100000
prediction_position_error_mm,108.44498872756958,8200000
prediction_orientation_error_deg,0,8200000
prediction_position_error_mm,108.44498872756958,8300000
prediction_orientation_error_deg,0,8300000
owd_uplink_ms,229.6073,8400000
owd_downlink_ms,232.6294,8400000
owd_uplink_ms,229.74,8400000
owd_downlink_ms,225.9757,8400000
prediction_position_error_mm,12.103518471121788,8400000
prediction_orientation_error_deg,0,8400000
prediction_position_error_mm,12.936489656567574,8500000
prediction_orientation_error_deg,0,8500000
owd_uplink_ms,231.1164,8600000
owd_downlink_ms,231.585,8600000
owd_uplink_ms,226.5386,8600000
owd_downlink_ms,231.2775,8600000
owd_uplink_ms,228.1761,8600000
owd_downlink_ms,229.8981,8600000
prediction_position_error_mm,5.750838201493025,8600000
prediction_orientation_error_deg,0,8600000
prediction_position_error_mm,6.333484780043364,8700000
prediction_orientation_error_deg,0,8700000
prediction_position_error_mm,6.947891786694527,8800000
prediction_orientation_error_deg,0,8800000
owd_uplink_ms,232.5186,8900000
owd_downlink_ms,231.1604,8900000
owd_uplink_ms,230.2009,8900000
owd_downlink_ms,228.4044,8900000
correction_magnitude_mm,6.95536844432354,6593383
correction_magnitude_deg,0,6593383
owd_uplink_ms,226.4526,8900000
owd_downlink_ms,228.9895,8900000
prediction_position_error_mm,100.27838498353958,8900000
prediction_orientation_error_deg,0,8900000
prediction_position_error_mm,104.34553027153015,9000000
prediction_orientation_error_deg,0,9000000
owd_uplink_ms,225.823,9100000
owd_downlink_ms,231.905,9100000
owd_uplink_ms,228.3346,9100000
owd_downlink_ms,226.8897,9100000
prediction_position_error_mm,9.28101222962141,9100000
prediction_orientation_error_deg,0,9100000
prediction_position_error_mm,10.061352513730526,9200000
prediction_orientation_error_deg,0,9200000
owd_uplink_ms,227.3257,9300000
owd_downlink_ms,223.778,9300000
owd_uplink_ms,230.4245,9300000
owd_downlink_ms,225.7541,9300000
prediction_position_error_mm,94.1457524895668,9300000
prediction_orientation_error_deg,0,9300000
owd_uplink_ms,224.4781,9400000
owd_downlink_ms,226.6019,9400000
prediction_position_error_mm,14.756823889911175,9400000
prediction_orientation_error_deg,0,9400000
prediction_position_error_mm,12.078623287379742,9500000
prediction_orientation_error_deg,0,9500000
owd_uplink_ms,229.8731,9600000
owd_downlink_ms,229.9832,9600000
prediction_position_error_mm,8.692878298461437,9600000
prediction_orientation_error_deg,0,9600000
owd_uplink_ms,224.0137,9700000
owd_downlink_ms,232.0112,9700000
owd_uplink_ms,225.5319,9700000
owd_downlink_ms,225.7701,9700000
prediction_position_error_mm,7.92829692363739,9700000
prediction_orientation_error_deg,0,9700000
prediction_position_error_mm,8.677610196173191,9800000
prediction_orientation_error_deg,0,9800000
owd_uplink_ms,231.1007,9900000
owd_downlink_ms,229.0375,9900000
prediction_position_error_mm,47.62439802289009,9900000
prediction_orientation_error_deg,0,9900000
owd_uplink_ms,231.7705,10000000
owd_downlink_ms,224.6852,10000000
prediction_position_error_mm,14.416399411857128,10000000
prediction_orientation_error_deg,0,10000000
owd_uplink_ms,230.7848,10100000
owd_downlink_ms,228.9861,10100000
prediction_position_error_mm,8.111379109323025,10100000
prediction_orientation_error_deg,0,10100000
owd_uplink_ms,225.0186,10200000
owd_downlink_ms,224.5388,10200000
owd_uplink_ms,230.5151,10200000
owd_downlink_ms,228.6185,10200000
prediction_position_error_mm,92.85692870616913,10200000
prediction_orientation_error_deg,0,10200000
prediction_position_error_mm,96.55241668224335,10300000
prediction_orientation_error_deg,0,10300000
owd_uplink_ms,228.8338,10400000
owd_downlink_ms,230.95,10400000
prediction_position_error_mm,9.829015471041203,10400000
prediction_orientation_error_deg,0,10400000
owd_uplink_ms,226.0746,10500000
owd_downlink_ms,232.7931,10500000
owd_uplink_ms,229.1009,10500000
owd_downlink_ms,225.716,10500000
prediction_position_error_mm,13.136171735823154,10500000
prediction_orientation_error_deg,0,10500000
prediction_position_error_mm,17.328763380646706,10600000
prediction_orientation_error_deg,0,10600000
owd_uplink_ms,230.7154,10700000
owd_downlink_ms,229.8585,10700000
prediction_position_error_mm,44.81469839811325,10700000
prediction_orientation_error_deg,0,10700000
owd_uplink_ms,230.7753,10800000
owd_downlink_ms,225.9218,10800000
prediction_position_error_mm,12.384594418108463,10800000
prediction_orientation_error_deg,0,10800000
owd_uplink_ms,225.3051,10900000
owd_downlink_ms,224.4827,10900000
owd_uplink_ms,229.4485,10900000
owd_downlink_ms,228.2978,10900000
prediction_position_error_mm,88.37185800075531,10900000
prediction_orientation_error_deg,0,10900000
prediction_position_error_mm,91.85051918029785,11000000
prediction_orientation_error_deg,0,11000000
owd_uplink_ms,226.0151,11100000
owd_downlink_ms,231.2171,11100000
prediction_position_error_mm,9.317891672253609,11100000
prediction_orientation_error_deg,0,11100000
owd_uplink_ms,226.2865,11200000
owd_downlink_ms,230.9426,11200000
owd_uplink_ms,226.8974,11200000
owd_downlink_ms,224.6854,11200000
prediction_position_error_mm,12.27487064898014,11200000
prediction_orientation_error_deg,0,11200000
owd_uplink_ms,223.3626,11300000
owd_downlink_ms,226.8853,11300000
prediction_position_error_mm,6.9754403084516525,11300000
prediction_orientation_error_deg,0,11300000
owd_uplink_ms,226.1183,11400000
owd_downlink_ms,227.7099,11400000
prediction_position_error_mm,8.475342765450478,11400000
prediction_orientation_error_deg,0,11400000
prediction_position_error_mm,9.305030107498169,11500000
prediction_orientation_error_deg,0,11500000
owd_uplink_ms,224.5509,11600000
owd_downlink_ms,230.7774,11600000
prediction_position_error_mm,7.5553893111646175,11600000
prediction_orientation_error_deg,0,11600000
prediction_position_error_mm,7.027569226920605,11700000
prediction_orientation_error_deg,0,11700000
owd_uplink_ms,232.1601,11800000
owd_downlink_ms,231.1409,11800000
owd_uplink_ms,232.3937,11800000
owd_downlink_ms,224.7044,11800000
correction_magnitude_mm,6.084144115447998,9498569
correction_magnitude_deg,0,9498569
owd_uplink_ms,223.7874,11800000
owd_downlink_ms,227.7861,11800000
prediction_position_error_mm,82.19680190086365,11800000
prediction_orientation_error_deg,0,11800000
owd_uplink_ms,227.2319,11900000
owd_downlink_ms,224.6183,11900000
prediction_position_error_mm,13.016843236982822,11900000
prediction_orientation_error_deg,0,11900000
owd_uplink_ms,224.29,12000000
owd_downlink_ms,224.7938,12000000
prediction_position_error_mm,10.008450597524643,12000000
prediction_orientation_error_deg,0,12000000
owd_uplink_ms,228.0091,12100000
owd_downlink_ms,226.2077,12100000
prediction_position_error_mm,12.359748594462872,12100000
prediction_orientation_error_deg,0,12100000
owd_uplink_ms,225.9748,12200000
owd_downlink_ms,229.058,12200000
prediction_position_error_mm,8.122310042381287,12200000
prediction_orientation_error_deg,0,12200000
prediction_position_error_mm,8.954155258834362,12300000
prediction_orientation_error_deg,0,12300000
owd_uplink_ms,224.6669,12400000
owd_downlink_ms,229.7187,12400000
prediction_position_error_mm,7.706521078944206,12400000
prediction_orientation_error_deg,0,12400000
owd_uplink_ms,226.6733,12500000
owd_downlink_ms,229.4509,12500000
owd_uplink_ms,229.1389,12500000
owd_downlink_ms,222.9593,12500000
prediction_position_error_mm,17.13356003165245,12500000
prediction_orientation_error_deg,0,12500000
owd_uplink_ms,227.9872,12600000
owd_downlink_ms,225.8976,12600000
prediction_position_error_mm,12.86365557461977,12600000
prediction_orientation_error_deg,0,12600000
owd_uplink_ms,226.6097,12700000
owd_downlink_ms,225.5763,12700000
prediction_position_error_mm,11.971266008913517,12700000
prediction_orientation_error_deg,0,12700000
owd_uplink_ms,227.8484,12800000
owd_downlink_ms,229.5565,12800000
prediction_position_error_mm,11.70665118843317,12800000
prediction_orientation_error_deg,0,12800000
prediction_position_error_mm,12.590762227773666,12900000
prediction_orientation_error_deg,0,12900000
owd_uplink_ms,231.1338,13000000
owd_downlink_ms,225.9885,13000000
owd_uplink_ms,226.5879,13000000
owd_downlink_ms,227.1764,13000000
prediction_position_error_mm,73.45689088106155,13000000
prediction_orientation_error_deg,0,13000000
owd_uplink_ms,224.1806,13100000
owd_downlink_ms,226.1587,13100000
prediction_position_error_mm,11.74138206988573,13100000
prediction_orientation_error_deg,0,13100000
owd_uplink_ms,227.109,13200000
owd_downlink_ms,229.5337,13200000
prediction_position_error_mm,11.347116902470589,13200000
prediction_orientation_error_deg,0,13200000
owd_uplink_ms,224.998,13300000
owd_downlink_ms,225.0944,13300000
prediction_position_error_mm,11.375971138477325,13300000
prediction_orientation_error_deg,0,13300000
prediction_position_error_mm,12.400235049426556,13400000
prediction_orientation_error_deg,0,13400000
owd_uplink_ms,227.8596,13500000
owd_downlink_ms,226.5506,13500000
prediction_position_error_mm,12.638370506465435,13500000
prediction_orientation_error_deg,0,13500000
owd_uplink_ms,230.8545,13600000
owd_downlink_ms,230.418,13600000
owd_uplink_ms,227.7138,13600000
owd_downlink_ms,226.5033,13600000
prediction_position_error_mm,13.128113932907581,13600000
prediction_orientation_error_deg,0,13600000
owd_uplink_ms,225.9184,13700000
owd_downlink_ms,226.2512,13700000
prediction_position_error_mm,11.578263714909554,13700000
prediction_orientation_error_deg,0,13700000
prediction_position_error_mm,12.618274427950382,13800000
prediction_orientation_error_deg,0,13800000
owd_uplink_ms,227.1219,13900000
owd_downlink_ms,231.8941,13900000
prediction_position_error_mm,10.851886123418808,13900000
prediction_orientation_error_deg,0,13900000
owd_uplink_ms,232.7476,14000000
owd_downlink_ms,227.6268,14000000
prediction_position_error_mm,14.58591315895319,14000000
prediction_orientation_error_deg,0,14000000
owd_uplink_ms,227.7985,14100000
owd_downlink_ms,231.7808,14100000
owd_uplink_ms,227.2567,14100000
owd_downlink_ms,226.3449,14100000
prediction_position_error_mm,12.70067598670721,14100000
prediction_orientation_error_deg,0,14100000
owd_uplink_ms,226.3378,14200000
owd_downlink_ms,225.5161,14200000
prediction_position_error_mm,14.390279538929462,14200000
prediction_orientation_error_deg,0,14200000
owd_uplink_ms,228.2715,14300000
owd_downlink_ms,229.6217,14300000
prediction_position_error_mm,12.678743340075016,14300000
prediction_orientation_error_deg,0,14300000
prediction_position_error_mm,13.668532483279705,14400000
prediction_orientation_error_deg,0,14400000
owd_uplink_ms,229.618,14500000
owd_downlink_ms,229.673,14500000
owd_uplink_ms,229.6488,14500000
owd_downlink_ms,227.7296,14500000
prediction_position_error_mm,13.716068118810654,14500000
prediction_orientation_error_deg,0,14500000
owd_uplink_ms,225.7226,14600000
owd_downlink_ms,225.8584,14600000
prediction_position_error_mm,13.718035072088242,14600000
prediction_orientation_error_deg,0,14600000
owd_uplink_ms,224.3467,14700000
owd_downlink_ms,223.4483,14700000
prediction_position_error_mm,13.076632283627987,14700000
prediction_orientation_error_deg,0,14700000
owd_uplink_ms,223.3363,14800000
owd_downlink_ms,223.3575,14800000
prediction_position_error_mm,12.505625374615192,14800000
prediction_orientation_error_deg,0,14800000
prediction_position_error_mm,13.613344170153141,14900000
prediction_orientation_error_deg,0,14900000
owd_uplink_ms,228.4616,15000000
owd_downlink_ms,232.0432,15000000
owd_uplink_ms,228.0367,15000000
owd_downlink_ms,223.334,15000000
prediction_position_error_mm,16.085226088762283,15000000
prediction_orientation_error_deg,0,15000000
prediction_position_error_mm,17.34474115073681,15100000
prediction_orientation_error_deg,0,15100000
owd_uplink_ms,229.8423,15200000
owd_downlink_ms,228.9933,15200000
prediction_position_error_mm,27.399715036153793,15200000
prediction_orientation_error_deg,0,15200000
owd_uplink_ms,227.8891,15300000
owd_downlink_ms,226.0858,15300000
owd_uplink_ms,231.1655,15300000
owd_downlink_ms,229.3732,15300000
prediction_position_error_mm,54.507460445165634,15300000
prediction_orientation_error_deg,0,15300000
prediction_position_error_mm,58.73119831085205,15400000
prediction_orientation_error_deg,0,15400000
owd_uplink_ms,230.6006,15500000
owd_downlink_ms,224.5254,15500000
prediction_position_error_mm,24.93855357170105,15500000
prediction_orientation_error_deg,0,15500000
prediction_position_error_mm,25.676006451249123,15600000
prediction_orientation_error_deg,0,15600000
owd_uplink_ms,230.0561,15700000
owd_downlink_ms,232.7985,15700000
owd_uplink_ms,226.8139,15700000
owd_downlink_ms,233.0489,15700000
prediction_position_error_mm,56.64612352848053,15700000
prediction_orientation_error_deg,0,15700000
owd_uplink_ms,225.2086,15800000
owd_downlink_ms,229.7461,15800000
owd_uplink_ms,223.787,15800000
owd_downlink_ms,223.38,15800000
prediction_position_error_mm,14.17146809399128,15800000
prediction_orientation_error_deg,0,15800000
owd_uplink_ms,225.2795,15900000
owd_downlink_ms,223.414,15900000
prediction_position_error_mm,14.151466079056263,15900000
prediction_orientation_error_deg,0,15900000
owd_uplink_ms,227.1625,16000000
owd_downlink_ms,229.0076,16000000
prediction_position_error_mm,12.89322879165411,16000000
prediction_orientation_error_deg,0,16000000
prediction_position_error_mm,13.955210335552692,16100000
prediction_orientation_error_deg,0,16100000
owd_uplink_ms,228.0821,16200000
owd_downlink_ms,231.0783,16200000
prediction_position_error_mm,12.834656052291393,16200000
prediction_orientation_error_deg,0,16200000
owd_uplink_ms,225.5365,16300000
owd_downlink_ms,227.4996,16300000
owd_uplink_ms,232.969,16300000
owd_downlink_ms,228.7194,16300000
prediction_position_error_mm,48.39549586176872,16300000
prediction_orientation_error_deg,0,16300000
owd_uplink_ms,228.804,16400000
owd_downlink_ms,226.4128,16400000
prediction_position_error_mm,17.166081815958023,16400000
prediction_orientation_error_deg,0,16400000
prediction_position_error_mm,19.438378512859344,16500000
prediction_orientation_error_deg,0,16500000
prediction_position_error_mm,20.748745650053024,16600000
prediction_orientation_error_deg,0,16600000
owd_uplink_ms,231.4655,16700000
owd_downlink_ms,231.5727,16700000
owd_uplink_ms,230.8313,16700000
owd_downlink_ms,228.2355,16700000
prediction_position_error_mm,14.25706222653389,16700000
prediction_orientation_error_deg,0,16700000
owd_uplink_ms,230.3418,16800000
owd_downlink_ms,226.5559,16800000
owd_uplink_ms,224.0891,16800000
owd_downlink_ms,227.2375,16800000
prediction_position_error_mm,47.64316976070404,16800000
prediction_orientation_error_deg,0,16800000
prediction_position_error_mm,47.64316976070404,16900000
prediction_orientation_error_deg,0,16900000
owd_uplink_ms,230.162,17000000
owd_downlink_ms,227.9675,17000000
owd_uplink_ms,227.6171,17000000
owd_downlink_ms,228.4357,17000000
prediction_position_error_mm,46.70550674200058,17000000
prediction_orientation_error_deg,0,17000000
owd_uplink_ms,224.9884,17100000
owd_downlink_ms,224.776,17100000
prediction_position_error_mm,13.71114607900381,17100000
prediction_orientation_error_deg,0,17100000
prediction_position_error_mm,14.902007766067982,17200000
prediction_orientation_error_deg,0,17200000
owd_uplink_ms,228.0566,17300000
owd_downlink_ms,232.6486,17300000
prediction_position_error_mm,13.31655029207468,17300000
prediction_orientation_error_deg,0,17300000
owd_uplink_ms,229.6103,17400000
owd_downlink_ms,231.9177,17400000
owd_uplink_ms,227.028,17400000
owd_downlink_ms,228.7883,17400000
prediction_position_error_mm,13.024109415709972,17400000
prediction_orientation_error_deg,0,17400000
prediction_position_error_mm,14.179112389683723,17500000
prediction_orientation_error_deg,0,17500000
owd_uplink_ms,228.6983,17600000
owd_downlink_ms,232.0586,17600000
prediction_position_error_mm,13.779872097074986,17600000
prediction_orientation_error_deg,0,17600000
owd_uplink_ms,231.0667,17700000
owd_downlink_ms,227.8993,17700000
prediction_position_error_mm,14.738396741449833,17700000
prediction_orientation_error_deg,0,17700000
owd_uplink_ms,228.5176,17800000
owd_downlink_ms,231.8013,17800000
prediction_position_error_mm,45.86886987090111,17800000
prediction_orientation_error_deg,0,17800000
owd_uplink_ms,228.2794,17900000
owd_downlink_ms,231.6338,17900000
owd_uplink_ms,227.4969,17900000
owd_downlink_ms,228.1304,17900000
prediction_position_error_mm,13.45166191458702,17900000
prediction_orientation_error_deg,0,17900000
prediction_position_error_mm,14.455806463956833,18000000
prediction_orientation_error_deg,0,18000000
owd_uplink_ms,226.5379,18100000
owd_downlink_ms,229.6508,18100000
prediction_position_error_mm,13.704135082662106,18100000
prediction_orientation_error_deg,0,18100000
owd_uplink_ms,227.0652,18200000
owd_downlink_ms,224.41,18200000
prediction_position_error_mm,14.585252851247787,18200000
prediction_orientation_error_deg,0,18200000
owd_uplink_ms,231.5503,18300000
owd_downlink_ms,231.444,18300000
prediction_position_error_mm,44.78171467781067,18300000
prediction_orientation_error_deg,0,18300000
prediction_position_error_mm,44.78171467781067,18400000
prediction_orientation_error_deg,0,18400000
owd_uplink_ms,234.1221,18500000
owd_downlink_ms,231.634,18500000
owd_uplink_ms,230.6746,18500000
owd_downlink_ms,223.6778,18500000
owd_uplink_ms,224.8957,18500000
owd_downlink_ms,223.9495,18500000
prediction_position_error_mm,40.84610193967819,18500000
prediction_orientation_error_deg,0,18500000
prediction_position_error_mm,44.480230659246445,18600000
prediction_orientation_error_deg,0,18600000
owd_uplink_ms,232.1627,18700000
owd_downlink_ms,229.1481,18700000
prediction_position_error_mm,14.86615464091301,18700000
prediction_orientation_error_deg,0,18700000
owd_uplink_ms,226.5659,18800000
owd_downlink_ms,231.6386,18800000
prediction_position_error_mm,44.43087801337242,18800000
prediction_orientation_error_deg,0,18800000
owd_uplink_ms,232.8133,18900000
owd_downlink_ms,228.3553,18900000
prediction_position_error_mm,23.994391784071922,18900000
prediction_orientation_error_deg,0,18900000
owd_uplink_ms,231.353,19000000
owd_downlink_ms,225.1642,19000000
owd_uplink_ms,228.2036,19000000
owd_downlink_ms,227.9838,19000000
prediction_position_error_mm,42.68940910696983,19000000
prediction_orientation_error_deg,0,19000000
prediction_position_error_mm,42.68940910696983,19100000
prediction_orientation_error_deg,0,19100000
owd_uplink_ms,226.565,19200000
owd_downlink_ms,231.8242,19200000
prediction_position_error_mm,14.750996604561806,19200000
prediction_orientation_error_deg,0,19200000
owd_uplink_ms,228.0186,19300000
owd_downlink_ms,223.93,19300000
owd_uplink_ms,231.3387,19300000
owd_downlink_ms,225.9933,19300000
prediction_position_error_mm,43.05609315633774,19300000
prediction_orientation_error_deg,0,19300000
owd_uplink_ms,224.7213,19400000
owd_downlink_ms,230.5552,19400000
prediction_position_error_mm,13.887743465602398,19400000
prediction_orientation_error_deg,0,19400000
prediction_position_error_mm,14.26526065915823,19500000
prediction_orientation_error_deg,0,19500000
owd_uplink_ms,225.3266,19600000
owd_downlink_ms,230.5923,19600000
prediction_position_error_mm,15.021569095551968,19600000
prediction_orientation_error_deg,0,19600000
owd_uplink_ms,226.1282,19700000
owd_downlink_ms,231.7051,19700000
prediction_position_error_mm,15.11307805776596,19700000
prediction_orientation_error_deg,0,19700000
owd_uplink_ms,224.2521,19800000
owd_downlink_ms,228.8454,19800000
prediction_position_error_mm,15.141688287258148,19800000
prediction_orientation_error_deg,0,19800000
owd_uplink_ms,231.7461,19900000
owd_downlink_ms,223.0204,19900000
prediction_position_error_mm,14.107600785791874,19900000
prediction_orientation_error_deg,0,19900000
owd_uplink_ms,228.2376,20000000
owd_downlink_ms,229.831,20000000
owd_uplink_ms,227.3525,20000000
owd_downlink_ms,226.2476,20000000
prediction_position_error_mm,13.89241497963667,20000000
prediction_orientation_error_deg,0,20000000
owd_uplink_ms,226.2608,20100000
owd_downlink_ms,224.8471,20100000
prediction_position_error_mm,13.874629512429237,20100000
prediction_orientation_error_deg,0,20100000
owd_uplink_ms,226.4725,20200000
owd_downlink_ms,229.4527,20200000
prediction_position_error_mm,14.042476192116737,20200000
prediction_orientation_error_deg,0,20200000
prediction_position_error_mm,13.855980709195137,20300000
prediction_orientation_error_deg,0,20300000
owd_uplink_ms,232.5951,20400000
owd_downlink_ms,227.8326,20400000
prediction_position_error_mm,25.833910331130028,20400000
prediction_orientation_error_deg,0,20400000
owd_uplink_ms,229.6147,20500000
owd_downlink_ms,225.5619,20500000
owd_uplink_ms,226.9291,20500000
owd_downlink_ms,228.0919,20500000
prediction_position_error_mm,44.677168130874634,20500000
prediction_orientation_error_deg,0,20500000
owd_uplink_ms,223.3681,20600000
owd_downlink_ms,226.9513,20600000
prediction_position_error_mm,12.661096639931202,20600000
prediction_orientation_error_deg,0,20600000
prediction_position_error_mm,15.415312722325325,20700000
prediction_orientation_error_deg,0,20700000
owd_uplink_ms,231.2143,20800000
owd_downlink_ms,224.6528,20800000
prediction_position_error_mm,26.856189593672752,20800000
prediction_orientation_error_deg,0,20800000
owd_uplink_ms,227.9857,20900000
owd_downlink_ms,224.7919,20900000
prediction_position_error_mm,48.860520124435425,20900000
prediction_orientation_error_deg,0,20900000
owd_uplink_ms,229.5442,21000000
owd_downlink_ms,232.201,21000000
owd_uplink_ms,227.2865,21000000
owd_downlink_ms,228.7012,21000000
prediction_position_error_mm,13.903475366532803,21000000
prediction_orientation_error_deg,0,21000000
owd_uplink_ms,224.7701,21100000
owd_downlink_ms,224.3708,21100000
prediction_position_error_mm,12.160447426140308,21100000
prediction_orientation_error_deg,0,21100000
prediction_position_error_mm,14.795909635722637,21200000
prediction_orientation_error_deg,0,21200000
owd_uplink_ms,227.5078,21300000
owd_downlink_ms,232.1695,21300000
owd_uplink_ms,223.5086,21300000
owd_downlink_ms,228.3184,21300000
prediction_position_error_mm,14.705616980791092,21300000
prediction_orientation_error_deg,0,21300000
prediction_position_error_mm,15.91777615249157,21400000
prediction_orientation_error_deg,0,21400000
owd_uplink_ms,227.326,21500000
owd_downlink_ms,226.3879,21500000
owd_uplink_ms,230.8953,21500000
owd_downlink_ms,229.0146,21500000
prediction_position_error_mm,49.92067441344261,21500000
prediction_orientation_error_deg,0,21500000
prediction_position_error_mm,55.108632892370224,21600000
prediction_orientation_error_deg,0,21600000
owd_uplink_ms,227.676,21700000
owd_downlink_ms,230.3422,21700000
owd_uplink_ms,226.5454,21700000
owd_downlink_ms,223.5597,21700000
prediction_position_error_mm,12.945709750056267,21700000
prediction_orientation_error_deg,0,21700000
prediction_position_error_mm,12.539924122393131,21800000
prediction_orientation_error_deg,0,21800000
owd_uplink_ms,225.1768,21900000
owd_downlink_ms,225.3736,21900000
owd_uplink_ms,230.5331,21900000
owd_downlink_ms,226.5725,21900000
prediction_position_error_mm,55.1372654736042,21900000
prediction_orientation_error_deg,0,21900000
prediction_position_error_mm,57.884331792593,22000000
prediction_orientation_error_deg,0,22000000
owd_uplink_ms,229.2933,22100000
owd_downlink_ms,231.7958,22100000
prediction_position_error_mm,14.203401282429695,22100000
prediction_orientation_error_deg,0,22100000
owd_uplink_ms,228.3673,22200000
owd_downlink_ms,231.1434,22200000
prediction_position_error_mm,15.462829731404781,22200000
prediction_orientation_error_deg,0,22200000
owd_uplink_ms,232.0709,22300000
owd_downlink_ms,228.6598,22300000
prediction_position_error_mm,13.39506171643734,22300000
prediction_orientation_error_deg,0,22300000
owd_uplink_ms,226.9957,22400000
owd_downlink_ms,230.7254,22400000
owd_uplink_ms,229.1302,22400000
owd_downlink_ms,227.3083,22400000
prediction_position_error_mm,12.742813676595688,22400000
prediction_orientation_error_deg,0,22400000
owd_uplink_ms,226.5024,22500000
owd_downlink_ms,227.8449,22500000
prediction_position_error_mm,11.521746404469013,22500000
prediction_orientation_error_deg,0,22500000
prediction_position_error_mm,14.906766824424267,22600000
prediction_orientation_error_deg,0,22600000
prediction_position_error_mm,16.10872521996498,22700000
prediction_orientation_error_deg,0,22700000
owd_uplink_ms,231.1321,22800000
owd_downlink_ms,232.021,22800000
owd_uplink_ms,231.1916,22800000
owd_downlink_ms,228.3155,22800000
prediction_position_error_mm,12.19847984611988,22800000
prediction_orientation_error_deg,0,22800000
prediction_position_error_mm,15.606441535055637,22900000
prediction_orientation_error_deg,0,22900000
owd_uplink_ms,230.4436,23000000
owd_downlink_ms,230.3106,23000000
owd_uplink_ms,229.2888,23000000
owd_downlink_ms,225.0958,23000000
owd_uplink_ms,228.1278,23000000
owd_downlink_ms,225.9508,23000000
prediction_position_error_mm,63.13971430063248,23000000
prediction_orientation_error_deg,0,23000000
prediction_position_error_mm,66.27370417118073,23100000
prediction_orientation_error_deg,0,23100000
owd_uplink_ms,230.9153,23200000
owd_downlink_ms,226.9913,23200000
prediction_position_error_mm,38.90063613653183,23200000
prediction_orientation_error_deg,0,23200000
owd_uplink_ms,226.5383,23300000
owd_downlink_ms,225.042,23300000
owd_uplink_ms,229.1349,23300000
owd_downlink_ms,228.102,23300000
prediction_position_error_mm,65.44359028339386,23300000
prediction_orientation_error_deg,0,23300000
prediction_position_error_mm,68.68290901184082,23400000
prediction_orientation_error_deg,0,23400000
owd_uplink_ms,230.0738,23500000
owd_downlink_ms,228.9423,23500000
correction_magnitude_mm,5.014645867049694,21180499
correction_magnitude_deg,0,21180499
prediction_position_error_mm,12.57784478366375,23500000
prediction_orientation_error_deg,0,23500000
owd_uplink_ms,227.917,23600000
owd_downlink_ms,233.6414,23600000
owd_uplink_ms,226.9451,23600000
owd_downlink_ms,224.8849,23600000
prediction_position_error_mm,11.578966863453388,23600000
prediction_orientation_error_deg,0,23600000
prediction_position_error_mm,10.365493595600128,23700000
prediction_orientation_error_deg,0,23700000
owd_uplink_ms,223.0164,23800000
owd_downlink_ms,231.3808,23800000
prediction_position_error_mm,18.125632777810097,23800000
prediction_orientation_error_deg,0,23800000
owd_uplink_ms,224.148,23900000
owd_downlink_ms,228.0162,23900000
owd_uplink_ms,232.5873,23900000
owd_downlink_ms,229.3584,23900000
prediction_position_error_mm,66.71081483364105,23900000
prediction_orientation_error_deg,0,23900000
owd_uplink_ms,227.9999,24000000
owd_downlink_ms,225.2381,24000000
prediction_position_error_mm,9.721393696963787,24000000
prediction_orientation_error_deg,0,24000000
prediction_position_error_mm,9.120133705437183,24100000
prediction_orientation_error_deg,0,24100000
owd_uplink_ms,229.0761,24200000
owd_downlink_ms,229.8071,24200000
prediction_position_error_mm,13.026917353272438,24200000
prediction_orientation_error_deg,0,24200000
owd_uplink_ms,230.0712,24300000
owd_downlink_ms,232.6985,24300000
owd_uplink_ms,224.5205,24300000
owd_downlink_ms,224.3826,24300000
prediction_position_error_mm,12.207413092255592,24300000
prediction_orientation_error_deg,0,24300000
owd_uplink_ms,229.1296,24400000
owd_downlink_ms,229.6038,24400000
prediction_position_error_mm,12.50652689486742,24400000
prediction_orientation_error_deg,0,24400000
prediction_position_error_mm,13.561289757490158,24500000
prediction_orientation_error_deg,0,24500000
owd_uplink_ms,228.5524,24600000
owd_downlink_ms,230.8785,24600000
prediction_position_error_mm,14.717727899551392,24600000
prediction_orientation_error_deg,0,24600000
owd_uplink_ms,225.4999,24700000
owd_downlink_ms,230.4726,24700000
owd_uplink_ms,229.9504,24700000
owd_downlink_ms,227.7359,24700000
prediction_position_error_mm,8.286482654511929,24700000
prediction_orientation_error_deg,0,24700000
prediction_position_error_mm,11.80323213338852,24800000
prediction_orientation_error_deg,0,24800000
owd_uplink_ms,230.9828,24900000
owd_downlink_ms,224.7059,24900000
prediction_position_error_mm,10.495009832084179,24900000
prediction_orientation_error_deg,0,24900000
owd_uplink_ms,229.2334,25000000
owd_downlink_ms,230.7694,25000000
owd_uplink_ms,225.7208,25000000
owd_downlink_ms,228.9976,25000000
prediction_position_error_mm,14.090556651353836,25000000
prediction_orientation_error_deg,0,25000000
prediction_position_error_mm,15.184775926172733,25100000
prediction_orientation_error_deg,0,25100000
prediction_position_error_mm,16.317009925842285,25200000
prediction_orientation_error_deg,0,25200000
owd_uplink_ms,230.9592,25300000
owd_downlink_ms,232.0739,25300000
owd_uplink_ms,227.9519,25300000
owd_downlink_ms,232.0646,25300000
owd_uplink_ms,225.7575,25300000
owd_downlink_ms,224.5952,25300000
prediction_position_error_mm,8.104730397462845,25300000
prediction_orientation_error_deg,0,25300000
owd_uplink_ms,225.3673,25400000
owd_downlink_ms,223.3002,25400000
prediction_position_error_mm,7.54871591925621,25400000
prediction_orientation_error_deg,0,25400000
owd_uplink_ms,228.7441,25500000
owd_downlink_ms,228.3143,25500000
prediction_position_error_mm,8.20459146052599,25500000
prediction_orientation_error_deg,0,25500000
owd_uplink_ms,225.4377,25600000
owd_downlink_ms,228.3308,25600000
prediction_position_error_mm,10.197450406849384,25600000
prediction_orientation_error_deg,0,25600000
prediction_position_error_mm,14.790006913244724,25700000
prediction_orientation_error_deg,0,25700000
owd_uplink_ms,230.6321,25800000
owd_downlink_ms,231.9575,25800000
owd_uplink_ms,226.7634,25800000
owd_downlink_ms,225.9236,25800000
prediction_position_error_mm,10.864771902561188,25800000
prediction_orientation_error_deg,0,25800000
prediction_position_error_mm,11.787851341068745,25900000
prediction_orientation_error_deg,0,25900000
owd_uplink_ms,227.0334,26000000
owd_downlink_ms,230.9936,26000000
prediction_position_error_mm,15.64018614590168,26000000
prediction_orientation_error_deg,0,26000000
owd_uplink_ms,227.3494,26100000
owd_downlink_ms,224.8461,26100000
prediction_position_error_mm,7.685985881835222,26100000
prediction_orientation_error_deg,0,26100000
owd_uplink_ms,231.5222,26200000
owd_downlink_ms,230.5615,26200000
prediction_position_error_mm,91.265007853508,26200000
prediction_orientation_error_deg,0,26200000
prediction_position_error_mm,95.45084089040756,26300000
prediction_orientation_error_deg,0,26300000
owd_uplink_ms,231.1196,26400000
owd_downlink_ms,230.3551,26400000
correction_magnitude_mm,6.893618032336235,24007870
correction_magnitude_deg,0,24007870
owd_uplink_ms,224.9532,26400000
owd_downlink_ms,230.6938,26400000
prediction_position_error_mm,88.57645094394684,26400000
prediction_orientation_error_deg,0,26400000
owd_uplink_ms,231.0902,26500000
owd_downlink_ms,226.5877,26500000
correction_magnitude_mm,7.028493564575911,24209416
correction_magnitude_deg,0,24209416
owd_uplink_ms,227.5823,26500000
owd_downlink_ms,228.0872,26500000
prediction_position_error_mm,90.02535790205002,26500000
prediction_orientation_error_deg,0,26500000
owd_uplink_ms,229.9396,26600000
owd_downlink_ms,226.1033,26600000
prediction_position_error_mm,7.794087287038565,26600000
prediction_orientation_error_deg,0,26600000
owd_uplink_ms,226.6144,26700000
owd_downlink_ms,227.4768,26700000
prediction_position_error_mm,11.429286561906338,26700000
prediction_orientation_error_deg,0,26700000
owd_uplink_ms,228.5175,26800000
owd_downlink_ms,227.2053,26800000
prediction_position_error_mm,6.329745519906282,26800000
prediction_orientation_error_deg,0,26800000
prediction_position_error_mm,10.290684178471565,26900000
prediction_orientation_error_deg,0,26900000
owd_uplink_ms,230.0926,27000000
owd_downlink_ms,231.3284,27000000
prediction_position_error_mm,12.501819990575314,27000000
prediction_orientation_error_deg,0,27000000
prediction_position_error_mm,13.442144729197025,27100000
prediction_orientation_error_deg,0,27100000
owd_uplink_ms,231.5612,27200000
owd_downlink_ms,229.7617,27200000
owd_uplink_ms,227.6796,27200000
owd_downlink_ms,230.4978,27200000
owd_uplink_ms,226.8726,27200000
owd_downlink_ms,223.4922,27200000
prediction_position_error_mm,7.360253483057022,27200000
prediction_orientation_error_deg,0,27200000
prediction_position_error_mm,8.065552450716496,27300000
prediction_orientation_error_deg,0,27300000
owd_uplink_ms,227.4905,27400000
owd_downlink_ms,231.7857,27400000
owd_uplink_ms,227.7449,27400000
owd_downlink_ms,225.8005,27400000
prediction_position_error_mm,8.348208852112293,27400000
prediction_orientation_error_deg,0,27400000
owd_uplink_ms,226.697,27500000
owd_downlink_ms,228.7997,27500000
prediction_position_error_mm,7.994099520146847,27500000
prediction_orientation_error_deg,0,27500000
prediction_position_error_mm,12.902055867016315,27600000
prediction_orientation_error_deg,0,27600000
prediction_position_error_mm,9.74256545305252,27700000
prediction_orientation_error_deg,0,27700000
owd_uplink_ms,231.474,27800000
owd_downlink_ms,229.6638,27800000
owd_uplink_ms,231.237,27800000
owd_downlink_ms,225.9089,27800000
prediction_position_error_mm,8.42794869095087,27800000
prediction_orientation_error_deg,0,27800000
prediction_position_error_mm,6.170154549181461,27900000
prediction_orientation_error_deg,0,27900000
owd_uplink_ms,231.3085,28000000
owd_downlink_ms,232.3945,28000000
prediction_position_error_mm,11.383372358977795,28000000
prediction_orientation_error_deg,0,28000000
owd_uplink_ms,224.7852,28100000
owd_downlink_ms,230.6935,28100000
owd_uplink_ms,231.1071,28100000
owd_downlink_ms,231.3435,28100000
owd_uplink_ms,225.1414,28100000
owd_downlink_ms,223.4459,28100000
prediction_position_error_mm,4.89484379068017,28100000
prediction_orientation_error_deg,0,28100000
owd_uplink_ms,229.2377,28200000
owd_downlink_ms,228.3571,28200000
prediction_position_error_mm,8.425896055996418,28200000
prediction_orientation_error_deg,0,28200000
owd_uplink_ms,225.8768,28300000
owd_downlink_ms,227.0313,28300000
prediction_position_error_mm,10.373388417065144,28300000
prediction_orientation_error_deg,0,28300000
prediction_position_error_mm,7.110662292689085,28400000
prediction_orientation_error_deg,0,28400000
owd_uplink_ms,226.4314,28500000
owd_downlink_ms,223.0001,28500000
prediction_position_error_mm,7.621855475008488,28500000
prediction_orientation_error_deg,0,28500000
owd_uplink_ms,232.1276,28600000
owd_downlink_ms,231.47,28600000
owd_uplink_ms,227.8898,28600000
owd_downlink_ms,229.3128,28600000
prediction_position_error_mm,9.575368836522102,28600000
prediction_orientation_error_deg,0,28600000
prediction_position_error_mm,6.350768730044365,28700000
prediction_orientation_error_deg,0,28700000
owd_uplink_ms,230.3782,28800000
owd_downlink_ms,223.641,28800000
prediction_position_error_mm,4.95618162676692,28800000
prediction_orientation_error_deg,0,28800000
owd_uplink_ms,224.1968,28900000
owd_downlink_ms,230.1465,28900000
owd_uplink_ms,229.6117,28900000
owd_downlink_ms,226.7049,28900000
prediction_position_error_mm,5.646769888699055,28900000
prediction_orientation_error_deg,0,28900000
owd_uplink_ms,225.955,29000000
owd_downlink_ms,223.5154,29000000
prediction_position_error_mm,5.816991440951824,29000000
prediction_orientation_error_deg,0,29000000
prediction_position_error_mm,4.696521908044815,29100000
prediction_orientation_error_deg,0,29100000
owd_uplink_ms,231.2169,29200000
owd_downlink_ms,229.2393,29200000
prediction_position_error_mm,7.182549685239792,29200000
prediction_orientation_error_deg,0,29200000
owd_uplink_ms,229.4744,29300000
owd_downlink_ms,231.3459,29300000
owd_uplink_ms,228.0275,29300000
owd_downlink_ms,225.0994,29300000
prediction_position_error_mm,5.036239977926016,29300000
prediction_orientation_error_deg,0,29300000
owd_uplink_ms,227.5684,29400000
owd_downlink_ms,228.7628,29400000
prediction_position_error_mm,8.84860847145319,29400000
prediction_orientation_error_deg,0,29400000
prediction_position_error_mm,5.511642433702946,29500000
prediction_orientation_error_deg,0,29500000
owd_uplink_ms,225.6103,29600000
owd_downlink_ms,231.3855,29600000
prediction_position_error_mm,10.115940123796463,29600000
prediction_orientation_error_deg,0,29600000
owd_uplink_ms,223.9064,29700000
owd_downlink_ms,229.4577,29700000
prediction_position_error_mm,14.802000485360622,29700000
prediction_orientation_error_deg,0,29700000
owd_uplink_ms,229.8681,29800000
owd_downlink_ms,230.5898,29800000
prediction_position_error_mm,9.23463050276041,29800000
prediction_orientation_error_deg,0,29800000
prediction_position_error_mm,9.894280694425106,29900000
prediction_orientation_error_deg,0,29900000
owd_uplink_ms,230.2033,30000000
owd_downlink_ms,229.485,30000000
owd_uplink_ms,232.3583,30000000
owd_downlink_ms,231.1901,30000000
prediction_position_error_mm,115.59507250785828,30000000
prediction_orientation_error_deg,0,30000000
owd_uplink_ms,232.1801,30100000
owd_downlink_ms,225.9896,30100000
correction_magnitude_mm,9.163664653897285,27798841
correction_magnitude_deg,0,27798841
prediction_position_error_mm,5.689133889973164,30100000
prediction_orientation_error_deg,0,30100000
owd_uplink_ms,224.4336,30200000
owd_downlink_ms,231.0633,30200000
prediction_position_error_mm,111.48142069578171,30200000
prediction_orientation_error_deg,0,30200000
owd_uplink_ms,231.4716,30300000
owd_downlink_ms,227.1484,30300000
prediction_position_error_mm,62.52709776163101,30300000
prediction_orientation_error_deg,0,30300000
prediction_position_error_mm,60.15988066792488,30400000
prediction_orientation_error_deg,0,30400000
owd_uplink_ms,231.0327,30500000
owd_downlink_ms,232.0819,30500000
owd_uplink_ms,228.6672,30500000
owd_downlink_ms,228.9153,30500000
prediction_position_error_mm,106.16085678339005,30500000
prediction_orientation_error_deg,0,30500000
owd_uplink_ms,230.9869,30600000
owd_downlink_ms,230.5139,30600000
owd_uplink_ms,226.4958,30600000
owd_downlink_ms,227.5342,30600000
prediction_position_error_mm,7.237131241708994,30600000
prediction_orientation_error_deg,0,30600000
prediction_position_error_mm,4.081874620169401,30700000
prediction_orientation_error_deg,0,30700000
prediction_position_error_mm,8.339921943843365,30800000
prediction_orientation_error_deg,0,30800000
owd_uplink_ms,231.3365,30900000
owd_downlink_ms,230.1861,30900000
owd_uplink_ms,228.0558,30900000
owd_downlink_ms,231.4622,30900000
owd_uplink_ms,224.3217,30900000
owd_downlink_ms,225.2681,30900000
prediction_position_error_mm,7.496936712414026,30900000
prediction_orientation_error_deg,0,30900000
prediction_position_error_mm,4.097903147339821,31000000
prediction_orientation_error_deg,0,31000000
owd_uplink_ms,232.7984,31100000
owd_downlink_ms,226.7698,31100000
prediction_position_error_mm,57.88390710949898,31100000
prediction_orientation_error_deg,0,31100000
owd_uplink_ms,230.7007,31200000
owd_downlink_ms,227.8928,31200000
correction_magnitude_mm,7.249278016388416,28897004
correction_magnitude_deg,0,28897004
prediction_position_error_mm,119.86131966114044,31200000
prediction_orientation_error_deg,0,31200000
owd_uplink_ms,226.2359,31300000
owd_downlink_ms,229.9973,31300000
owd_uplink_ms,228.3496,31300000
owd_downlink_ms,227.3133,31300000
prediction_position_error_mm,4.5939660631120205,31300000
prediction_orientation_error_deg,0,31300000
prediction_position_error_mm,4.995433147996664,31400000
prediction_orientation_error_deg,0,31400000
owd_uplink_ms,226.1259,31500000
owd_downlink_ms,223.8908,31500000
owd_uplink_ms,229.8311,31500000
owd_downlink_ms,230.1561,31500000
prediction_position_error_mm,111.60561442375183,31500000
prediction_orientation_error_deg,0,31500000
owd_uplink_ms,223.914,31600000
owd_downlink_ms,223.3828,31600000
prediction_position_error_mm,4.643186926841736,31600000
prediction_orientation_error_deg,0,31600000
prediction_position_error_mm,5.037435330450535,31700000
prediction_orientation_error_deg,0,31700000
owd_uplink_ms,227.827,31800000
owd_downlink_ms,230.5019,31800000
prediction_position_error_mm,8.876423351466656,31800000
prediction_orientation_error_deg,0,31800000
prediction_position_error_mm,9.417050518095493,31900000
prediction_orientation_error_deg,0,31900000
owd_uplink_ms,230.4591,32000000
owd_downlink_ms,230.8518,32000000
owd_uplink_ms,227.9167,32000000
owd_downlink_ms,224.6244,32000000
correction_magnitude_mm,7.583060767501593,29697077
correction_magnitude_deg,0,29697077
prediction_position_error_mm,126.06106698513031,32000000
prediction_orientation_error_deg,0,32000000
owd_uplink_ms,231.4173,32100000
owd_downlink_ms,231.4732,32100000
owd_uplink_ms,226.4561,32100000
owd_downlink_ms,225.6892,32100000
prediction_position_error_mm,3.858386306092143,32100000
prediction_orientation_error_deg,0,32100000
prediction_position_error_mm,4.3156030587852,32200000
prediction_orientation_error_deg,0,32200000
owd_uplink_ms,228.0125,32300000
owd_downlink_ms,232.0996,32300000
prediction_position_error_mm,10.09114645421505,32300000
prediction_orientation_error_deg,0,32300000
owd_uplink_ms,227.3634,32400000
owd_downlink_ms,229.744,32400000
prediction_position_error_mm,7.905994541943073,32400000
prediction_orientation_error_deg,0,32400000
owd_uplink_ms,230.1095,32500000
owd_downlink_ms,225.8065,32500000
prediction_position_error_mm,64.84559178352356,32500000
prediction_orientation_error_deg,0,32500000
owd_uplink_ms,227.6017,32600000
owd_downlink_ms,225.6868,32600000
correction_magnitude_mm,7.605777587741613,30296502
correction_magnitude_deg,0,30296502
prediction_position_error_mm,119.69373375177383,32600000
prediction_orientation_error_deg,0,32600000
owd_uplink_ms,230.9862,32700000
owd_downlink_ms,231.6714,32700000
prediction_position_error_mm,124.89262968301773,32700000
prediction_orientation_error_deg,0,32700000
owd_uplink_ms,229.1414,32800000
owd_downlink_ms,224.1011,32800000
correction_magnitude_mm,5.089266691356897,30491059
correction_magnitude_deg,0,30491059
prediction_position_error_mm,59.1781921684742,32800000
prediction_orientation_error_deg,0,32800000
owd_uplink_ms,225.8437,32900000
owd_downlink_ms,224.9581,32900000
correction_magnitude_mm,7.619862444698811,30589953
correction_magnitude_deg,0,30589953
owd_uplink_ms,231.2883,32900000
owd_downlink_ms,225.8514,32900000
prediction_position_error_mm,114.87101763486862,32900000
prediction_orientation_error_deg,0,32900000
prediction_position_error_mm,125.44013559818268,33000000
prediction_orientation_error_deg,0,33000000
owd_uplink_ms,228.8072,33100000
owd_downlink_ms,230.4787,33100000
correction_magnitude_mm,10.268035344779491,30785248
correction_magnitude_deg,0,30785248
prediction_position_error_mm,3.2567274756729603,33100000
prediction_orientation_error_deg,0,33100000
owd_uplink_ms,226.5333,33200000
owd_downlink_ms,232.7583,33200000
owd_uplink_ms,223.3007,33200000
owd_downlink_ms,226.398,33200000
correction_magnitude_mm,5.15159172937274,30896902
correction_magnitude_deg,0,30896902
prediction_position_error_mm,6.9458018988370895,33200000
prediction_orientation_error_deg,0,33200000
prediction_position_error_mm,7.338377647101879,33300000
prediction_orientation_error_deg,0,33300000
owd_uplink_ms,230.1716,33400000
owd_downlink_ms,225.2443,33400000
prediction_position_error_mm,59.25483629107475,33400000
prediction_orientation_error_deg,0,33400000
owd_uplink_ms,229.4904,33500000
owd_downlink_ms,229.6802,33500000
prediction_position_error_mm,7.544777821749449,33500000
prediction_orientation_error_deg,0,33500000
owd_uplink_ms,230.6454,33600000
owd_downlink_ms,228.7788,33600000
correction_magnitude_mm,5.336172413080931,31288649
correction_magnitude_deg,0,31288649
prediction_position_error_mm,124.60006773471832,33600000
prediction_orientation_error_deg,0,33600000
owd_uplink_ms,225.0249,33700000
owd_downlink_ms,232.3766,33700000
owd_uplink_ms,224.8687,33700000
owd_downlink_ms,225.7773,33700000
correction_magnitude_mm,5.2025048062205315,31398975
correction_magnitude_deg,0,31398975
prediction_position_error_mm,3.553115762770176,33700000
prediction_orientation_error_deg,0,33700000
prediction_position_error_mm,4.076156299561262,33800000
prediction_orientation_error_deg,0,33800000
owd_uplink_ms,228.9848,33900000
owd_downlink_ms,228.6434,33900000
owd_uplink_ms,231.8811,33900000
owd_downlink_ms,230.1182,33900000
prediction_position_error_mm,121.25159054994583,33900000
prediction_orientation_error_deg,0,33900000
owd_uplink_ms,228.2495,34000000
owd_downlink_ms,229.0073,34000000
correction_magnitude_mm,5.227496847510338,31697294
correction_magnitude_deg,0,31697294
prediction_position_error_mm,2.6727078948169947,34000000
prediction_orientation_error_deg,0,34000000
owd_uplink_ms,224.7652,34100000
owd_downlink_ms,223.7565,34100000
prediction_position_error_mm,6.547468714416027,34100000
prediction_orientation_error_deg,0,34100000
owd_uplink_ms,228.6428,34200000
owd_downlink_ms,229.6589,34200000
prediction_position_error_mm,3.3306702971458435,34200000
prediction_orientation_error_deg,0,34200000
prediction_position_error_mm,3.54706565849483,34300000
prediction_orientation_error_deg,0,34300000
owd_uplink_ms,230.1675,34400000
owd_downlink_ms,228.5994,34400000
prediction_position_error_mm,2.740909345448017,34400000
prediction_orientation_error_deg,0,34400000
owd_uplink_ms,226.5493,34500000
owd_downlink_ms,231.9014,34500000
prediction_position_error_mm,126.6392320394516,34500000
prediction_orientation_error_deg,0,34500000
owd_uplink_ms,230.8123,34600000
owd_downlink_ms,224.4425,34600000
correction_magnitude_mm,10.524517856538296,32294073
correction_magnitude_deg,0,32294073
owd_uplink_ms,223.7514,34600000
owd_downlink_ms,228.8584,34600000
prediction_position_error_mm,121.3630735874176,34600000
prediction_orientation_error_deg,0,34600000
owd_uplink_ms,226.0521,34700000
owd_downlink_ms,228.7385,34700000
correction_magnitude_mm,5.269341170787811,32403814
correction_magnitude_deg,0,32403814
prediction_position_error_mm,4.884443711489439,34700000
prediction_orientation_error_deg,0,34700000
owd_uplink_ms,228.4459,34800000
owd_downlink_ms,227.8415,34800000
prediction_position_error_mm,2.509681973606348,34800000
prediction_orientation_error_deg,0,34800000
owd_uplink_ms,228.7945,34900000
owd_downlink_ms,228.1757,34900000
prediction_position_error_mm,2.554672071710229,34900000
prediction_orientation_error_deg,0,34900000
owd_uplink_ms,230.0452,35000000
owd_downlink_ms,228.9324,35000000
prediction_position_error_mm,7.480466738343239,35000000
prediction_orientation_error_deg,0,35000000
prediction_position_error_mm,3.2885679975152016,35100000
prediction_orientation_error_deg,0,35100000
prediction_position_error_mm,7.871964015066624,35200000
prediction_orientation_error_deg,0,35200000
owd_uplink_ms,232.0199,35300000
owd_downlink_ms,230.9935,35300000
correction_magnitude_mm,5.357915069907904,32899610
correction_magnitude_deg,0,32899610
owd_uplink_ms,231.7845,35300000
owd_downlink_ms,227.8348,35300000
correction_magnitude_mm,8.044305257499218,32994673
correction_magnitude_deg,0,32994673
owd_uplink_ms,228.0671,35300000
owd_downlink_ms,227.8798,35300000
prediction_position_error_mm,120.92794477939606,35300000
prediction_orientation_error_deg,0,35300000
owd_uplink_ms,226.2682,35400000
owd_downlink_ms,228.3097,35400000
correction_magnitude_mm,5.287748761475086,33096991
correction_magnitude_deg,0,33096991
prediction_position_error_mm,2.863999456167221,35400000
prediction_orientation_error_deg,0,35400000
owd_uplink_ms,224.732,35500000
owd_downlink_ms,227.6626,35500000
prediction_position_error_mm,2.713702153414488,35500000
prediction_orientation_error_deg,0,35500000
prediction_position_error_mm,4.191463813185692,35600000
prediction_orientation_error_deg,0,35600000
owd_uplink_ms,228.1526,35700000
owd_downlink_ms,232.0439,35700000
prediction_position_error_mm,5.479348357766867,35700000
prediction_orientation_error_deg,0,35700000
owd_uplink_ms,232.2687,35800000
owd_downlink_ms,229.1183,35800000
prediction_position_error_mm,9.09499917179346,35800000
prediction_orientation_error_deg,0,35800000
owd_uplink_ms,227.1011,35900000
owd_downlink_ms,231.5666,35900000
prediction_position_error_mm,125.40405988693237,35900000
prediction_orientation_error_deg,0,35900000
owd_uplink_ms,228.8194,36000000
owd_downlink_ms,229.6373,36000000
correction_magnitude_mm,5.286406725645065,33608182
correction_magnitude_deg,0,33608182
prediction_position_error_mm,2.3091030307114124,36000000
prediction_orientation_error_deg,0,36000000
owd_uplink_ms,232.2076,36100000
owd_downlink_ms,229.1292,36100000
prediction_position_error_mm,4.499009344726801,36100000
prediction_orientation_error_deg,0,36100000
owd_uplink_ms,229.6345,36200000
owd_downlink_ms,230.7397,36200000
owd_uplink_ms,226.3215,36200000
owd_downlink_ms,225.1136,36200000
correction_magnitude_mm,5.279742646962404,33904205
correction_magnitude_deg,0,33904205
prediction_position_error_mm,8.814026601612568,36200000
prediction_orientation_error_deg,0,36200000
owd_uplink_ms,224.4973,36300000
owd_downlink_ms,226.4203,36300000
prediction_position_error_mm,2.357209101319313,36300000
prediction_orientation_error_deg,0,36300000
prediction_position_error_mm,4.483823664486408,36400000
prediction_orientation_error_deg,0,36400000
owd_uplink_ms,230.9921,36500000
owd_downlink_ms,223.4004,36500000
owd_uplink_ms,223.0238,36500000
owd_downlink_ms,225.3299,36500000
prediction_position_error_mm,118.90658736228943,36500000
prediction_orientation_error_deg,0,36500000
owd_uplink_ms,225.1344,36600000
owd_downlink_ms,223.4695,36600000
correction_magnitude_mm,5.2640726789832115,34297921
correction_magnitude_deg,0,34297921
prediction_position_error_mm,10.293073020875454,36600000
prediction_orientation_error_deg,0,36600000
prediction_position_error_mm,5.8885314501821995,36700000
prediction_orientation_error_deg,0,36700000
owd_uplink_ms,225.0362,36800000
owd_downlink_ms,230.4679,36800000
owd_uplink_ms,227.4326,36800000
owd_downlink_ms,229.2743,36800000
prediction_position_error_mm,1.9909627735614777,36800000
prediction_orientation_error_deg,0,36800000
owd_uplink_ms,227.4373,36900000
owd_downlink_ms,226.9491,36900000
prediction_position_error_mm,3.763792337849736,36900000
prediction_orientation_error_deg,0,36900000
owd_uplink_ms,224.0507,37000000
owd_downlink_ms,223.6264,37000000
prediction_position_error_mm,8.431322872638702,37000000
prediction_orientation_error_deg,0,37000000
owd_uplink_ms,228.7833,37100000
owd_downlink_ms,228.1603,37100000
prediction_position_error_mm,4.218249581754208,37100000
prediction_orientation_error_deg,0,37100000
owd_uplink_ms,225.3305,37200000
owd_downlink_ms,223.3275,37200000
prediction_position_error_mm,11.222509667277336,37200000
prediction_orientation_error_deg,0,37200000
prediction_position_error_mm,6.940517108887434,37300000
prediction_orientation_error_deg,0,37300000
prediction_position_error_mm,12.166858650743961,37400000
prediction_orientation_error_deg,0,37400000
owd_uplink_ms,231.5398,37500000
owd_downlink_ms,231.489,37500000
owd_uplink_ms,230.3415,37500000
owd_downlink_ms,231.5879,37500000
prediction_position_error_mm,121.19923532009125,37500000
prediction_orientation_error_deg,0,37500000
owd_uplink_ms,229.9932,37600000
owd_downlink_ms,223.5395,37600000
correction_magnitude_mm,10.390984825789928,35296012
correction_magnitude_deg,0,35296012
owd_uplink_ms,227.9474,37600000
owd_downlink_ms,226.8178,37600000
prediction_position_error_mm,115.64849317073822,37600000
prediction_orientation_error_deg,0,37600000
prediction_position_error_mm,120.46660482883453,37700000
prediction_orientation_error_deg,0,37700000
owd_uplink_ms,223.5207,37800000
owd_downlink_ms,231.8458,37800000
correction_magnitude_mm,5.1807016134262085,35405006
correction_magnitude_deg,0,35405006
prediction_position_error_mm,2.2984431125223637,37800000
prediction_orientation_error_deg,0,37800000
prediction_position_error_mm,6.591578479856253,37900000
prediction_orientation_error_deg,0,37900000
owd_uplink_ms,231.0954,38000000
owd_downlink_ms,229.7962,38000000
owd_uplink_ms,227.3283,38000000
owd_downlink_ms,230.7866,38000000
owd_uplink_ms,226.56,38000000
owd_downlink_ms,222.8908,38000000
correction_magnitude_mm,5.1477765664458275,35703116
correction_magnitude_deg,0,35703116
prediction_position_error_mm,9.955840185284615,38000000
prediction_orientation_error_deg,0,38000000
prediction_position_error_mm,10.637783445417881,38100000
prediction_orientation_error_deg,0,38100000
owd_uplink_ms,225.4494,38200000
owd_downlink_ms,223.5998,38200000
owd_uplink_ms,230.4838,38200000
owd_downlink_ms,229.2351,38200000
prediction_position_error_mm,113.31421881914139,38200000
prediction_orientation_error_deg,0,38200000
owd_uplink_ms,228.3873,38300000
owd_downlink_ms,224.664,38300000
correction_magnitude_mm,5.110521335154772,35994590
correction_magnitude_deg,0,35994590
prediction_position_error_mm,12.862615287303925,38300000
prediction_orientation_error_deg,0,38300000
owd_uplink_ms,225.5253,38400000
owd_downlink_ms,225.9853,38400000
prediction_position_error_mm,4.6863313764333725,38400000
prediction_orientation_error_deg,0,38400000
prediction_position_error_mm,5.142392124980688,38500000
prediction_orientation_error_deg,0,38500000
owd_uplink_ms,228.6191,38600000
owd_downlink_ms,229.1637,38600000
prediction_position_error_mm,5.325444974005222,38600000
prediction_orientation_error_deg,0,38600000
owd_uplink_ms,232.2292,38700000
owd_downlink_ms,232.399,38700000
prediction_position_error_mm,116.1280870437622,38700000
prediction_orientation_error_deg,0,38700000
prediction_position_error_mm,120.68669497966766,38800000
prediction_orientation_error_deg,0,38800000
owd_uplink_ms,231.6692,38900000
owd_downlink_ms,232.4627,38900000
correction_magnitude_mm,10.092907585203648,36497052
correction_magnitude_deg,0,36497052
owd_uplink_ms,225.8591,38900000
owd_downlink_ms,232.1157,38900000
prediction_position_error_mm,115.1273176074028,38900000
prediction_orientation_error_deg,0,38900000
owd_uplink_ms,231.6807,39000000
owd_downlink_ms,225.6247,39000000
correction_magnitude_mm,10.029844008386135,36697303
correction_magnitude_deg,0,36697303
owd_uplink_ms,229.0057,39000000
owd_downlink_ms,226.4841,39000000
prediction_position_error_mm,109.60424691438675,39000000
prediction_orientation_error_deg,0,39000000
owd_uplink_ms,227.3182,39100000
owd_downlink_ms,225.4622,39100000
prediction_position_error_mm,12.864440679550171,39100000
prediction_orientation_error_deg,0,39100000
owd_uplink_ms,222.4749,39200000
owd_downlink_ms,224.2923,39200000
prediction_position_error_mm,3.9007016457617283,39200000
prediction_orientation_error_deg,0,39200000
prediction_position_error_mm,4.357111174613237,39300000
prediction_orientation_error_deg,0,39300000
owd_uplink_ms,229.65,39400000
owd_downlink_ms,224.3827,39400000
owd_uplink_ms,227.5057,39400000
owd_downlink_ms,225.4026,39400000
prediction_position_error_mm,103.10382395982742,39400000
prediction_orientation_error_deg,0,39400000
prediction_position_error_mm,111.86470091342926,39500000
prediction_orientation_error_deg,0,39500000
owd_uplink_ms,228.039,39600000
owd_downlink_ms,226.7702,39600000
correction_magnitude_mm,9.818017482757568,37283308
correction_magnitude_deg,0,37283308
prediction_position_error_mm,14.214973896741867,39600000
prediction_orientation_error_deg,0,39600000
owd_uplink_ms,230.1937,39700000
owd_downlink_ms,233.1874,39700000
prediction_position_error_mm,106.3845157623291,39700000
prediction_orientation_error_deg,0,39700000
owd_uplink_ms,227.0407,39800000
owd_downlink_ms,226.5143,39800000
correction_magnitude_mm,9.739967063069344,37486394
correction_magnitude_deg,0,37486394
prediction_position_error_mm,7.985885255038738,39800000
prediction_orientation_error_deg,0,39800000
owd_uplink_ms,229.9544,39900000
owd_downlink_ms,232.9739,39900000
owd_uplink_ms,228.9565,39900000
owd_downlink_ms,230.1663,39900000
prediction_position_error_mm,5.629354156553745,39900000
prediction_orientation_error_deg,0,39900000
owd_uplink_ms,227.0181,40000000
owd_downlink_ms,224.9133,40000000
prediction_position_error_mm,10.44953241944313,40000000
prediction_orientation_error_deg,0,40000000
prediction_position_error_mm,11.224999092519283,40100000
prediction_orientation_error_deg,0,40100000
owd_uplink_ms,226.4937,40200000
owd_downlink_ms,226.9936,40200000
owd_uplink_ms,228.8778,40200000
owd_downlink_ms,227.7999,40200000
prediction_position_error_mm,98.64812344312668,40200000
prediction_orientation_error_deg,0,40200000
owd_uplink_ms,226.3375,40300000
owd_downlink_ms,227.1342,40300000
prediction_position_error_mm,8.19368939846754,40300000
prediction_orientation_error_deg,0,40300000
owd_uplink_ms,225.6658,40400000
owd_downlink_ms,225.1466,40400000
prediction_position_error_mm,8.660633116960526,40400000
prediction_orientation_error_deg,0,40400000
owd_uplink_ms,223.0149,40500000
owd_downlink_ms,224.7533,40500000
prediction_position_error_mm,5.71267306804657,40500000
prediction_orientation_error_deg,0,40500000
prediction_position_error_mm,10.23447047919035,40600000
prediction_orientation_error_deg,0,40600000
owd_uplink_ms,224.0716,40700000
owd_downlink_ms,231.4343,40700000
prediction_position_error_mm,2.017862629145384,40700000
prediction_orientation_error_deg,0,40700000
owd_uplink_ms,229.9034,40800000
owd_downlink_ms,230.2688,40800000
owd_uplink_ms,225.1599,40800000
owd_downlink_ms,227.7763,40800000
prediction_position_error_mm,4.449833650141954,40800000
prediction_orientation_error_deg,0,40800000
owd_uplink_ms,226.9523,40900000
owd_downlink_ms,228.0331,40900000
prediction_position_error_mm,6.38870894908905,40900000
prediction_orientation_error_deg,0,40900000
owd_uplink_ms,226.9908,41000000
owd_downlink_ms,223.7867,41000000
prediction_position_error_mm,16.26962423324585,41000000
prediction_orientation_error_deg,0,41000000
prediction_position_error_mm,13.348455540835857,41100000
prediction_orientation_error_deg,0,41100000
owd_uplink_ms,228.1361,41200000
owd_downlink_ms,229.7696,41200000
owd_uplink_ms,228.1008,41200000
owd_downlink_ms,223.4713,41200000
prediction_position_error_mm,14.811097644269466,41200000
prediction_orientation_error_deg,0,41200000
owd_uplink_ms,228.3297,41300000
owd_downlink_ms,224.9605,41300000
prediction_position_error_mm,17.03217625617981,41300000
prediction_orientation_error_deg,0,41300000
prediction_position_error_mm,14.248885214328766,41400000
prediction_orientation_error_deg,0,41400000
owd_uplink_ms,225.4392,41500000
owd_downlink_ms,231.7117,41500000
owd_uplink_ms,227.6995,41500000
owd_downlink_ms,225.6817,41500000
prediction_position_error_mm,15.029209665954113,41500000
prediction_orientation_error_deg,0,41500000
owd_uplink_ms,228.7759,41600000
owd_downlink_ms,224.5195,41600000
prediction_position_error_mm,18.41089315712452,41600000
prediction_orientation_error_deg,0,41600000
prediction_position_error_mm,19.419848918914795,41700000
prediction_orientation_error_deg,0,41700000
owd_uplink_ms,231.239,41800000
owd_downlink_ms,228.2025,41800000
owd_uplink_ms,225.9867,41800000
owd_downlink_ms,229.6398,41800000
prediction_position_error_mm,91.56093001365662,41800000
prediction_orientation_error_deg,0,41800000
prediction_position_error_mm,95.11803090572357,41900000
prediction_orientation_error_deg,0,41900000
prediction_position_error_mm,98.63684326410294,42000000
prediction_orientation_error_deg,0,42000000
owd_uplink_ms,230.8691,42100000
owd_downlink_ms,232.638,42100000
owd_uplink_ms,227.871,42100000
owd_downlink_ms,226.2962,42100000
correction_magnitude_mm,6.482625845819712,39794184
correction_magnitude_deg,0,39794184
owd_uplink_ms,229.7797,42100000
owd_downlink_ms,229.814,42100000
prediction_position_error_mm,85.7156291604042,42100000
prediction_orientation_error_deg,0,42100000
owd_uplink_ms,226.4012,42200000
owd_downlink_ms,225.237,42200000
prediction_position_error_mm,11.145894415676594,42200000
prediction_orientation_error_deg,0,42200000
prediction_position_error_mm,15.431910753250122,42300000
prediction_orientation_error_deg,0,42300000
owd_uplink_ms,226.4099,42400000
owd_downlink_ms,232.736,42400000
owd_uplink_ms,226.7309,42400000
owd_downlink_ms,229.3862,42400000
prediction_position_error_mm,6.411684677004814,42400000
prediction_orientation_error_deg,0,42400000
prediction_position_error_mm,7.149148266762495,42500000
prediction_orientation_error_deg,0,42500000
owd_uplink_ms,232.2145,42600000
owd_downlink_ms,225.374,42600000
owd_uplink_ms,225.0498,42600000
owd_downlink_ms,228.3965,42600000
prediction_position_error_mm,85.08516103029251,42600000
prediction_orientation_error_deg,0,42600000
owd_uplink_ms,223.4658,42700000
owd_downlink_ms,225.2628,42700000
prediction_position_error_mm,7.801099214702845,42700000
prediction_orientation_error_deg,0,42700000
owd_uplink_ms,226.7259,42800000
owd_downlink_ms,228.7892,42800000
prediction_position_error_mm,10.673782788217068,42800000
prediction_orientation_error_deg,0,42800000
prediction_position_error_mm,8.32926481962204,42900000
prediction_orientation_error_deg,0,42900000
owd_uplink_ms,227.685,43000000
owd_downlink_ms,227.9932,43000000
prediction_position_error_mm,13.31676822155714,43000000
prediction_orientation_error_deg,0,43000000
owd_uplink_ms,232.2171,43100000
owd_downlink_ms,230.0082,43100000
owd_uplink_ms,226.9763,43100000
owd_downlink_ms,224.9533,43100000
prediction_position_error_mm,15.376468189060688,43100000
prediction_orientation_error_deg,0,43100000
owd_uplink_ms,225.3828,43200000
owd_downlink_ms,227.0556,43200000
prediction_position_error_mm,8.514237590134144,43200000
prediction_orientation_error_deg,0,43200000
prediction_position_error_mm,9.371992200613022,43300000
prediction_orientation_error_deg,0,43300000
owd_uplink_ms,231.5016,43400000
owd_downlink_ms,226.0391,43400000
owd_uplink_ms,226.9232,43400000
owd_downlink_ms,227.685,43400000
prediction_position_error_mm,78.09079438447952,43400000
prediction_orientation_error_deg,0,43400000
owd_uplink_ms,228.7172,43500000
owd_downlink_ms,226.7219,43500000
prediction_position_error_mm,13.176162727177143,43500000
prediction_orientation_error_deg,0,43500000
prediction_position_error_mm,14.234201982617378,43600000
prediction_orientation_error_deg,0,43600000
owd_uplink_ms,229.8196,43700000
owd_downlink_ms,225.6486,43700000
prediction_position_error_mm,14.046289958059788,43700000
prediction_orientation_error_deg,0,43700000
owd_uplink_ms,226.5115,43800000
owd_downlink_ms,233.055,43800000
prediction_position_error_mm,78.11938971281052,43800000
prediction_orientation_error_deg,0,43800000
owd_uplink_ms,231.5581,43900000
owd_downlink_ms,224.3383,43900000
prediction_position_error_mm,32.26891905069351,43900000
prediction_orientation_error_deg,0,43900000
prediction_position_error_mm,30.329929664731026,44000000
prediction_orientation_error_deg,0,44000000
owd_uplink_ms,229.9622,44100000
owd_downlink_ms,231.7209,44100000
prediction_position_error_mm,10.536233894526958,44100000
prediction_orientation_error_deg,0,44100000
owd_uplink_ms,226.2469,44200000
owd_downlink_ms,231.2768,44200000
owd_uplink_ms,230.3451,44200000
owd_downlink_ms,232.4498,44200000
owd_uplink_ms,226.9974,44200000
owd_downlink_ms,224.5454,44200000
prediction_position_error_mm,14.050166122615337,44200000
prediction_orientation_error_deg,0,44200000
prediction_position_error_mm,17.705369740724564,44300000
prediction_orientation_error_deg,0,44300000
owd_uplink_ms,229.0859,44400000
owd_downlink_ms,231.4925,44400000
prediction_position_error_mm,10.027209296822548,44400000
prediction_orientation_error_deg,0,44400000
owd_uplink_ms,230.5047,44500000
owd_downlink_ms,228.8709,44500000
prediction_position_error_mm,12.95750867575407,44500000
prediction_orientation_error_deg,0,44500000
owd_uplink_ms,226.3451,44600000
owd_downlink_ms,231.2701,44600000
prediction_position_error_mm,70.12607902288437,44600000
prediction_orientation_error_deg,0,44600000
owd_uplink_ms,231.3783,44700000
owd_downlink_ms,225.6056,44700000
correction_magnitude_mm,6.7655174061656,42395179
correction_magnitude_deg,0,42395179
owd_uplink_ms,227.7088,44700000
owd_downlink_ms,230.1345,44700000
prediction_position_error_mm,65.73402881622314,44700000
prediction_orientation_error_deg,0,44700000
owd_uplink_ms,227.0499,44800000
owd_downlink_ms,226.0414,44800000
prediction_position_error_mm,12.87145260721445,44800000
prediction_orientation_error_deg,0,44800000
owd_uplink_ms,229.4444,44900000
owd_downlink_ms,228.0956,44900000
prediction_position_error_mm,15.576990321278572,44900000
prediction_orientation_error_deg,0,44900000
owd_uplink_ms,224.7729,45000000
owd_downlink_ms,227.1877,45000000
prediction_position_error_mm,9.846565313637257,45000000
prediction_orientation_error_deg,0,45000000
prediction_position_error_mm,12.966294772922993,45100000
prediction_orientation_error_deg,0,45100000
owd_uplink_ms,231.7146,45200000
owd_downlink_ms,227.1343,45200000
prediction_position_error_mm,14.971134252846241,45200000
prediction_orientation_error_deg,0,45200000
owd_uplink_ms,227.4078,45300000
owd_downlink_ms,231.0434,45300000
prediction_position_error_mm,62.78481334447861,45300000
prediction_orientation_error_deg,0,45300000
owd_uplink_ms,227.8027,45400000
owd_downlink_ms,226.7289,45400000
correction_magnitude_mm,6.196015980094671,43095764
correction_magnitude_deg,0,43095764
prediction_position_error_mm,13.350117020308971,45400000
prediction_orientation_error_deg,0,45400000
owd_uplink_ms,230.7034,45500000
owd_downlink_ms,230.8593,45500000
owd_uplink_ms,228.4107,45500000
owd_downlink_ms,228.7277,45500000
prediction_position_error_mm,14.130966737866402,45500000
prediction_orientation_error_deg,0,45500000
owd_uplink_ms,228.7401,45600000
owd_downlink_ms,226.1369,45600000
prediction_position_error_mm,14.911179430782795,45600000
prediction_orientation_error_deg,0,45600000
owd_uplink_ms,228.4312,45700000
owd_downlink_ms,225.4445,45700000
prediction_position_error_mm,15.406102873384953,45700000
prediction_orientation_error_deg,0,45700000
prediction_position_error_mm,16.627192497253418,45800000
prediction_orientation_error_deg,0,45800000
owd_uplink_ms,223.5485,45900000
owd_downlink_ms,230.8504,45900000
owd_uplink_ms,225.3459,45900000
owd_downlink_ms,227.1972,45900000
prediction_position_error_mm,11.10744196921587,45900000
prediction_orientation_error_deg,0,45900000
owd_uplink_ms,224.0069,46000000
owd_downlink_ms,227.1268,46000000
prediction_position_error_mm,10.13560127466917,46000000
prediction_orientation_error_deg,0,46000000
owd_uplink_ms,227.033,46100000
owd_downlink_ms,227.6881,46100000
prediction_position_error_mm,12.071999721229076,46100000
prediction_orientation_error_deg,0,46100000
owd_uplink_ms,227.7351,46200000
owd_downlink_ms,227.4297,46200000
prediction_position_error_mm,12.898147106170654,46200000
prediction_orientation_error_deg,0,46200000
prediction_position_error_mm,14.042542316019535,46300000
prediction_orientation_error_deg,0,46300000
prediction_position_error_mm,16.766348853707314,46400000
prediction_orientation_error_deg,0,46400000
owd_uplink_ms,230.8775,46500000
owd_downlink_ms,231.324,46500000
owd_uplink_ms,224.3688,46500000
owd_downlink_ms,222.6912,46500000
owd_uplink_ms,231.4235,46500000
owd_downlink_ms,227.5909,46500000
prediction_position_error_mm,46.96712642908096,46500000
prediction_orientation_error_deg,0,46500000
prediction_position_error_mm,48.43311756849289,46600000
prediction_orientation_error_deg,0,46600000
owd_uplink_ms,228.0734,46700000
owd_downlink_ms,226.1636,46700000
correction_magnitude_mm,5.064684431999922,44396428
correction_magnitude_deg,0,44396428
owd_uplink_ms,231.0417,46700000
owd_downlink_ms,229.3345,46700000
prediction_position_error_mm,43.372053653001785,46700000
prediction_orientation_error_deg,0,46700000
owd_uplink_ms,228.671,46800000
owd_downlink_ms,230.2278,46800000
prediction_position_error_mm,14.686690643429756,46800000
prediction_orientation_error_deg,0,46800000
owd_uplink_ms,222.9961,46900000
owd_downlink_ms,225.0586,46900000
prediction_position_error_mm,13.133588247001171,46900000
prediction_orientation_error_deg,0,46900000
owd_uplink_ms,226.9515,47000000
owd_downlink_ms,229.6572,47000000
prediction_position_error_mm,12.677379883825779,47000000
prediction_orientation_error_deg,0,47000000
prediction_position_error_mm,12.546682730317116,47100000
prediction_orientation_error_deg,0,47100000
owd_uplink_ms,227.4371,47200000
owd_downlink_ms,231.2443,47200000
prediction_position_error_mm,12.957215309143066,47200000
prediction_orientation_error_deg,0,47200000
owd_uplink_ms,230.7131,47300000
owd_downlink_ms,226.0339,47300000
owd_uplink_ms,225.8116,47300000
owd_downlink_ms,226.8275,47300000
prediction_position_error_mm,38.174763321876526,47300000
prediction_orientation_error_deg,0,47300000
prediction_position_error_mm,38.174763321876526,47400000
prediction_orientation_error_deg,0,47400000
owd_uplink_ms,227.1382,47500000
owd_downlink_ms,224.5563,47500000
prediction_position_error_mm,14.887596480548382,47500000
prediction_orientation_error_deg,0,47500000
owd_uplink_ms,231.6574,47600000
owd_downlink_ms,230.4415,47600000
owd_uplink_ms,229.4043,47600000
owd_downlink_ms,227.2102,47600000
prediction_position_error_mm,15.793154016137123,47600000
prediction_orientation_error_deg,0,47600000
owd_uplink_ms,226.6736,47700000
owd_downlink_ms,224.0297,47700000
prediction_position_error_mm,15.374009497463703,47700000
prediction_orientation_error_deg,0,47700000
prediction_position_error_mm,16.64058119058609,47800000
prediction_orientation_error_deg,0,47800000
owd_uplink_ms,223.1345,47900000
owd_downlink_ms,225.7322,47900000
owd_uplink_ms,230.0821,47900000
owd_downlink_ms,230.0074,47900000
prediction_position_error_mm,30.647076666355133,47900000
prediction_orientation_error_deg,0,47900000
owd_uplink_ms,228.3493,48000000
owd_downlink_ms,225.6844,48000000
prediction_position_error_mm,15.434758737683296,48000000
prediction_orientation_error_deg,0,48000000
owd_uplink_ms,226.842,48100000
owd_downlink_ms,228.4357,48100000
prediction_position_error_mm,13.742313720285892,48100000
prediction_orientation_error_deg,0,48100000
owd_uplink_ms,226.8874,48200000
owd_downlink_ms,225.9536,48200000
prediction_position_error_mm,14.437368139624596,48200000
prediction_orientation_error_deg,0,48200000
owd_uplink_ms,227.6944,48300000
owd_downlink_ms,228.4516,48300000
prediction_position_error_mm,13.59474752098322,48300000
prediction_orientation_error_deg,0,48300000
owd_uplink_ms,226.7993,48400000
owd_downlink_ms,228.6763,48400000
prediction_position_error_mm,13.58981616795063,48400000
prediction_orientation_error_deg,0,48400000
prediction_position_error_mm,14.25534300506115,48500000
prediction_orientation_error_deg,0,48500000
owd_uplink_ms,227.0924,48600000
owd_downlink_ms,232.7167,48600000
owd_uplink_ms,224.6715,48600000
owd_downlink_ms,223.8092,48600000
prediction_position_error_mm,14.328131452202797,48600000
prediction_orientation_error_deg,0,48600000
prediction_position_error_mm,15.568690374493599,48700000
prediction_orientation_error_deg,0,48700000
owd_uplink_ms,224.0581,48800000
owd_downlink_ms,222.9949,48800000
owd_uplink_ms,231.0757,48800000
owd_downlink_ms,224.8281,48800000
prediction_position_error_mm,21.015560254454613,48800000
prediction_orientation_error_deg,0,48800000
owd_uplink_ms,223.7923,48900000
owd_downlink_ms,225.7197,48900000
prediction_position_error_mm,16.015538945794106,48900000
prediction_orientation_error_deg,0,48900000
prediction_position_error_mm,17.542308196425438,49000000
prediction_orientation_error_deg,0,49000000
prediction_position_error_mm,18.69116723537445,49100000
prediction_orientation_error_deg,0,49100000
owd_uplink_ms,231.3543,49200000
owd_downlink_ms,231.2476,49200000
owd_uplink_ms,231.1331,49200000
owd_downlink_ms,224.3907,49200000
prediction_position_error_mm,17.030872404575348,49200000
prediction_orientation_error_deg,0,49200000
prediction_position_error_mm,18.439659848809242,49300000
prediction_orientation_error_deg,0,49300000
owd_uplink_ms,229.3701,49400000
owd_downlink_ms,232.1877,49400000
owd_uplink_ms,228.6584,49400000
owd_downlink_ms,227.2373,49400000
prediction_position_error_mm,44.559333473443985,49400000
prediction_orientation_error_deg,0,49400000
owd_uplink_ms,229.6988,49500000
owd_downlink_ms,231.2051,49500000
prediction_position_error_mm,15.049770474433899,49500000
prediction_orientation_error_deg,0,49500000
owd_uplink_ms,224.4061,49600000
owd_downlink_ms,227.8692,49600000
prediction_position_error_mm,14.32388462126255,49600000
prediction_orientation_error_deg,0,49600000
owd_uplink_ms,230.2893,49700000
owd_downlink_ms,230.5523,49700000
prediction_position_error_mm,12.916811741888523,49700000
prediction_orientation_error_deg,0,49700000
owd_uplink_ms,228.3544,49800000
owd_downlink_ms,229.9832,49800000
prediction_position_error_mm,14.429841190576553,49800000
prediction_orientation_error_deg,0,49800000
owd_uplink_ms,231.3423,49900000
owd_downlink_ms,231.0004,49900000
owd_uplink_ms,224.4108,49900000
owd_downlink_ms,225.3471,49900000
prediction_position_error_mm,13.87366559356451,49900000
prediction_orientation_error_deg,0,49900000
owd_uplink_ms,228.1361,50000000
owd_downlink_ms,224.058,50000000
prediction_position_error_mm,15.140167437493801,50000000
prediction_orientation_error_deg,0,50000000
prediction_position_error_mm,0,100000
prediction_orientation_error_deg,0,100000
prediction_position_error_mm,0,200000
prediction_orientation_error_deg,0,200000
prediction_position_error_mm,0,300000
prediction_orientation_error_deg,0,300000
prediction_position_error_mm,0,400000
prediction_orientation_error_deg,0,400000
prediction_position_error_mm,0,500000
prediction_orientation_error_deg,0,500000
prediction_position_error_mm,0,600000
prediction_orientation_error_deg,0,600000
prediction_position_error_mm,0,700000
prediction_orientation_error_deg,0,700000
prediction_position_error_mm,0,800000
prediction_orientation_error_deg,0,800000
prediction_position_error_mm,0,900000
prediction_orientation_error_deg,0,900000
prediction_position_error_mm,0,1000000
prediction_orientation_error_deg,0,1000000
prediction_position_error_mm,0,1100000
prediction_orientation_error_deg,0,1100000
prediction_position_error_mm,0,1200000
prediction_orientation_error_deg,0,1200000
prediction_position_error_mm,0,1300000
prediction_orientation_error_deg,0,1300000
prediction_position_error_mm,0,1400000
prediction_orientation_error_deg,0,1400000
prediction_position_error_mm,0,1500000
prediction_orientation_error_deg,0,1500000
prediction_position_error_mm,0,1600000
prediction_orientation_error_deg,0,1600000
prediction_position_error_mm,0,1700000
prediction_orientation_error_deg,0,1700000
prediction_position_error_mm,0,1800000
prediction_orientation_error_deg,0,1800000
prediction_position_error_mm,0,1900000
prediction_orientation_error_deg,0,1900000
prediction_position_error_mm,0,2000000
prediction_orientation_error_deg,0,2000000
prediction_position_error_mm,0,2100000
prediction_orientation_error_deg,0,2100000
prediction_position_error_mm,0,2200000
prediction_orientation_error_deg,0,2200000
prediction_position_error_mm,0,2300000
prediction_orientation_error_deg,0,2300000
prediction_position_error_mm,1299.9999523162842,2400000
prediction_orientation_error_deg,0,2400000
prediction_position_error_mm,1299.9999523162842,2500000
prediction_orientation_error_deg,0,2500000
prediction_position_error_mm,1300.0091314315796,2600000
prediction_orientation_error_deg,0,2600000
prediction_position_error_mm,1300.020456314087,2700000
prediction_orientation_error_deg,0,2700000
prediction_position_error_mm,1300.0361919403076,2800000
prediction_orientation_error_deg,0,2800000
prediction_position_error_mm,1300.0564575195312,2900000
prediction_orientation_error_deg,0,2900000
prediction_position_error_mm,1300.0812530517578,3000000
prediction_orientation_error_deg,0,3000000
prediction_position_error_mm,1300.1103401184082,3100000
prediction_orientation_error_deg,0,3100000
prediction_position_error_mm,1300.143837928772,3200000
prediction_orientation_error_deg,0,3200000
prediction_position_error_mm,1300.1817464828491,3300000
prediction_orientation_error_deg,0,3300000
prediction_position_error_mm,1300.2238273620605,3400000
prediction_orientation_error_deg,0,3400000
prediction_position_error_mm,1300.2701997756958,3500000
prediction_orientation_error_deg,0,3500000
prediction_position_error_mm,1300.3205060958862,3600000
prediction_orientation_error_deg,0,3600000
prediction_position_error_mm,1300.3751039505005,3700000
prediction_orientation_error_deg,0,3700000
prediction_position_error_mm,1300.4335165023804,3800000
prediction_orientation_error_deg,0,3800000
prediction_position_error_mm,1300.495982170105,3900000
prediction_orientation_error_deg,0,3900000
prediction_position_error_mm,1300.5622625350952,4000000
prediction_orientation_error_deg,0,4000000
prediction_position_error_mm,1300.5622625350952,4100000
prediction_orientation_error_deg,0,4100000
prediction_position_error_mm,1300.7055521011353,4200000
prediction_orientation_error_deg,0,4200000
prediction_position_error_mm,1300.7055521011353,4300000
prediction_orientation_error_deg,0,4300000
prediction_position_error_mm,1300.8630275726318,4400000
prediction_orientation_error_deg,0,4400000
prediction_position_error_mm,1300.8630275726318,4500000
prediction_orientation_error_deg,0,4500000
prediction_position_error_mm,1301.0333776474,4600000
prediction_orientation_error_deg,0,4600000
prediction_position_error_mm,1301.0333776474,4700000
prediction_orientation_error_deg,0,4700000
owd_uplink_ms,228.1553,4800000
owd_downlink_ms,228.1554,4800000
correction_magnitude_mm,1299.9999523162842,2441742
correction_magnitude_deg,0,2441742
prediction_position_error_mm,114.05476927757263,4800000
prediction_orientation_error_deg,0,4800000
owd_uplink_ms,232.9448,4900000
owd_downlink_ms,221.0952,4900000
correction_magnitude_mm,9.99937579035759,2626929
correction_magnitude_deg,0,2626929
owd_uplink_ms,228.3195,4900000
owd_downlink_ms,221.9446,4900000
prediction_position_error_mm,113.7937605381012,4900000
prediction_orientation_error_deg,0,4900000
owd_uplink_ms,228.6818,5000000
owd_downlink_ms,225.4387,5000000
prediction_position_error_mm,16.753898933529854,5000000
prediction_orientation_error_deg,0,5000000
prediction_position_error_mm,22.30907417833805,5100000
prediction_orientation_error_deg,0,5100000
owd_uplink_ms,227.6554,5200000
owd_downlink_ms,229.433,5200000
prediction_position_error_mm,5.087093450129032,5200000
prediction_orientation_error_deg,0,5200000
owd_uplink_ms,227.7432,5300000
owd_downlink_ms,228.5383,5300000
owd_uplink_ms,227.0464,5300000
owd_downlink_ms,225.6618,5300000
prediction_position_error_mm,5.026809871196747,5300000
prediction_orientation_error_deg,0,5300000
owd_uplink_ms,228.0992,5400000
owd_downlink_ms,222.1848,5400000
prediction_position_error_mm,11.325716972351074,5400000
prediction_orientation_error_deg,0,5400000
prediction_position_error_mm,16.468552872538567,5500000
prediction_orientation_error_deg,0,5500000
owd_uplink_ms,225.2831,5600000
owd_downlink_ms,229.2526,5600000
owd_uplink_ms,226.1305,5600000
owd_downlink_ms,223.1345,5600000
prediction_position_error_mm,7.315623108297586,5600000
prediction_orientation_error_deg,0,5600000
owd_uplink_ms,225.0069,5700000
owd_downlink_ms,224.3315,5700000
prediction_position_error_mm,4.937122110277414,5700000
prediction_orientation_error_deg,0,5700000
owd_uplink_ms,225.5718,5800000
owd_downlink_ms,222.7837,5800000
prediction_position_error_mm,7.444096729159355,5800000
prediction_orientation_error_deg,0,5800000
prediction_position_error_mm,12.084941379725933,5900000
prediction_orientation_error_deg,0,5900000
owd_uplink_ms,230.4943,6000000
owd_downlink_ms,231.491,6000000
owd_uplink_ms,226.5331,6000000
owd_downlink_ms,227.2056,6000000
prediction_position_error_mm,4.311479162424803,6000000
prediction_orientation_error_deg,0,6000000
prediction_position_error_mm,4.72491467371583,6100000
prediction_orientation_error_deg,0,6100000
owd_uplink_ms,226.4578,6200000
owd_downlink_ms,229.5834,6200000
owd_uplink_ms,228.9459,6200000
owd_downlink_ms,227.1868,6200000
prediction_position_error_mm,10.338016785681248,6200000
prediction_orientation_error_deg,0,6200000
owd_uplink_ms,226.5115,6300000
owd_downlink_ms,227.6849,6300000
prediction_position_error_mm,4.222899675369263,6300000
prediction_orientation_error_deg,0,6300000
prediction_position_error_mm,7.0359050296247005,6400000
prediction_orientation_error_deg,0,6400000
owd_uplink_ms,230.2085,6500000
owd_downlink_ms,226.4057,6500000
prediction_position_error_mm,7.220197934657335,6500000
prediction_orientation_error_deg,0,6500000
owd_uplink_ms,232.9699,6600000
owd_downlink_ms,231.2073,6600000
prediction_position_error_mm,114.8458868265152,6600000
prediction_orientation_error_deg,0,6600000
prediction_position_error_mm,114.8458868265152,6700000
prediction_orientation_error_deg,0,6700000
owd_uplink_ms,229.043,6800000
owd_downlink_ms,229.6936,6800000
correction_magnitude_mm,9.835661388933659,4404996
correction_magnitude_deg,0,4404996
owd_uplink_ms,231.1069,6800000
owd_downlink_ms,231.2257,6800000
prediction_position_error_mm,114.1839325428009,6800000
prediction_orientation_error_deg,0,6800000
owd_uplink_ms,228.8041,6900000
owd_downlink_ms,223.7584,6900000
correction_magnitude_mm,9.799471125006676,4598838
correction_magnitude_deg,0,4598838
owd_uplink_ms,229.6941,6900000
owd_downlink_ms,225.4446,6900000
prediction_position_error_mm,108.946293592453,6900000
prediction_orientation_error_deg,0,6900000
prediction_position_error_mm,113.48157376050949,7000000
prediction_orientation_error_deg,0,7000000
owd_uplink_ms,231.5328,7100000
owd_downlink_ms,225.4647,7100000
prediction_position_error_mm,52.80548334121704,7100000
prediction_orientation_error_deg,0,7100000
owd_uplink_ms,228.791,7200000
owd_downlink_ms,229.1536,7200000
correction_magnitude_mm,7.115899119526148,4886397
correction_magnitude_deg,0,4886397
owd_uplink_ms,224.275,7200000
owd_downlink_ms,229.9476,7200000
prediction_position_error_mm,103.38366776704788,7200000
prediction_orientation_error_deg,0,7200000
owd_uplink_ms,224.9946,7300000
owd_downlink_ms,227.0911,7300000
prediction_position_error_mm,7.159851025789976,7300000
prediction_orientation_error_deg,0,7300000
prediction_position_error_mm,4.994513001292944,7400000
prediction_orientation_error_deg,0,7400000
owd_uplink_ms,231.091,7500000
owd_downlink_ms,228.3995,7500000
prediction_position_error_mm,54.85105141997337,7500000
prediction_orientation_error_deg,0,7500000
owd_uplink_ms,226.0045,7600000
owd_downlink_ms,229.8001,7600000
correction_magnitude_mm,7.066471502184868,5297490
correction_magnitude_deg,0,5297490
prediction_position_error_mm,105.88707029819489,7600000
prediction_orientation_error_deg,0,7600000
owd_uplink_ms,230.6507,7700000
owd_downlink_ms,231.8543,7700000
prediction_position_error_mm,110.71150749921799,7700000
prediction_orientation_error_deg,0,7700000
owd_uplink_ms,224.4517,7800000
owd_downlink_ms,230.7901,7800000
prediction_position_error_mm,4.404873587191105,7800000
prediction_orientation_error_deg,0,7800000
owd_uplink_ms,224.6451,7900000
owd_downlink_ms,224.5252,7900000
owd_uplink_ms,232.7653,7900000
owd_downlink_ms,229.6183,7900000
prediction_position_error_mm,105.06096482276917,7900000
prediction_orientation_error_deg,0,7900000
prediction_position_error_mm,105.06096482276917,8000000
prediction_orientation_error_deg,0,8000000
owd_uplink_ms,225.6961,8100000
owd_downlink_ms,231.6965,8100000
owd_uplink_ms,225.0435,8100000
owd_downlink_ms,225.4446,8100000
prediction_position_error_mm,9.271186776459217,8100000
prediction_orientation_error_deg,0,8100000
prediction_position_error_mm,6.605210714042187,8200000
prediction_orientation_error_deg,0,8200000
owd_uplink_ms,231.9752,8300000
owd_downlink_ms,223.3809,8300000
owd_uplink_ms,225.2111,8300000
owd_downlink_ms,228.0921,8300000
prediction_position_error_mm,103.25147956609726,8300000
prediction_orientation_error_deg,0,8300000
owd_uplink_ms,224.5515,8400000
owd_downlink_ms,223.693,8400000
prediction_position_error_mm,7.894871756434441,8400000
prediction_orientation_error_deg,0,8400000
prediction_position_error_mm,8.585735224187374,8500000
prediction_orientation_error_deg,0,8500000
owd_uplink_ms,230.8809,8600000
owd_downlink_ms,229.4757,8600000
prediction_position_error_mm,8.25535785406828,8600000
prediction_orientation_error_deg,0,8600000
owd_uplink_ms,229.8951,8700000
owd_downlink_ms,231.3223,8700000
prediction_position_error_mm,101.80288553237915,8700000
prediction_orientation_error_deg,0,8700000
owd_uplink_ms,230.1704,8800000
owd_downlink_ms,223.6313,8800000
correction_magnitude_mm,9.283305145800114,6494472
correction_magnitude_deg,0,6494472
owd_uplink_ms,227.9207,8800000
owd_downlink_ms,225.4302,8800000
prediction_position_error_mm,96.67439013719559,8800000
prediction_orientation_error_deg,0,8800000
prediction_position_error_mm,104.88859564065933,8900000
prediction_orientation_error_deg,0,8900000
owd_uplink_ms,228.1451,9000000
owd_downlink_ms,231.0595,9000000
prediction_position_error_mm,7.9724108800292015,9000000
prediction_orientation_error_deg,0,9000000
owd_uplink_ms,231.4197,9100000
owd_downlink_ms,228.2108,9100000
prediction_position_error_mm,10.220801457762718,9100000
prediction_orientation_error_deg,0,9100000
owd_uplink_ms,226.8749,9200000
owd_downlink_ms,232.0844,9200000
owd_uplink_ms,223.9272,9200000
owd_downlink_ms,226.176,9200000
prediction_position_error_mm,8.570914156734943,9200000
prediction_orientation_error_deg,0,9200000
owd_uplink_ms,224.0674,9300000
owd_downlink_ms,227.8001,9300000
prediction_position_error_mm,7.004009559750557,9300000
prediction_orientation_error_deg,0,9300000
owd_uplink_ms,226.7732,9400000
owd_downlink_ms,228.375,9400000
prediction_position_error_mm,6.321944296360016,9400000
prediction_orientation_error_deg,0,9400000
prediction_position_error_mm,6.977252196520567,9500000
prediction_orientation_error_deg,0,9500000
owd_uplink_ms,230.3834,9600000
owd_downlink_ms,224.332,9600000
prediction_position_error_mm,47.28185385465622,9600000
prediction_orientation_error_deg,0,9600000
owd_uplink_ms,232.085,9700000
owd_downlink_ms,229.2489,9700000
correction_magnitude_mm,6.680554244667292,7395872
correction_magnitude_deg,0,7395872
prediction_position_error_mm,117.83550679683685,9700000
prediction_orientation_error_deg,0,9700000
owd_uplink_ms,226.559,9800000
owd_downlink_ms,232.0433,9800000
prediction_position_error_mm,99.70425814390182,9800000
prediction_orientation_error_deg,0,9800000
owd_uplink_ms,229.8825,9900000
owd_downlink_ms,232.396,9900000
owd_uplink_ms,224.6317,9900000
owd_downlink_ms,224.5286,9900000
prediction_position_error_mm,8.452172391116619,9900000
prediction_orientation_error_deg,0,9900000
owd_uplink_ms,228.1495,10000000
owd_downlink_ms,223.6833,10000000
prediction_position_error_mm,17.41090603172779,10000000
prediction_orientation_error_deg,0,10000000
prediction_position_error_mm,18.372809514403343,10100000
prediction_orientation_error_deg,0,10100000
prediction_position_error_mm,16.00947417318821,10200000
prediction_orientation_error_deg,0,10200000
owd_uplink_ms,224.3834,10300000
owd_downlink_ms,230.3129,10300000
owd_uplink_ms,231.4071,10300000
owd_downlink_ms,231.6991,10300000
prediction_position_error_mm,96.55241668224335,10300000
prediction_orientation_error_deg,0,10300000
prediction_position_error_mm,100.21694004535675,10400000
prediction_orientation_error_deg,0,10400000
owd_uplink_ms,230.9045,10500000
owd_downlink_ms,231.271,10500000
owd_uplink_ms,225.8693,10500000
owd_downlink_ms,224.1255,10500000
correction_magnitude_mm,6.465900223702192,8206209
correction_magnitude_deg,0,8206209
owd_uplink_ms,232.5365,10500000
owd_downlink_ms,225.8732,10500000
prediction_position_error_mm,90.97263962030411,10500000
prediction_orientation_error_deg,0,10500000
prediction_position_error_mm,94.57644075155258,10600000
prediction_orientation_error_deg,0,10600000
owd_uplink_ms,229.2074,10700000
owd_downlink_ms,230.2917,10700000
owd_uplink_ms,224.689,10700000
owd_downlink_ms,224.888,10700000
prediction_position_error_mm,9.141191840171814,10700000
prediction_orientation_error_deg,0,10700000
prediction_position_error_mm,9.97566431760788,10800000
prediction_orientation_error_deg,0,10800000
owd_uplink_ms,229.7947,10900000
owd_downlink_ms,231.4126,10900000
owd_uplink_ms,223.341,10900000
owd_downlink_ms,223.2755,10900000
prediction_position_error_mm,9.525289759039879,10900000
prediction_orientation_error_deg,0,10900000
prediction_position_error_mm,10.38743369281292,11000000
prediction_orientation_error_deg,0,11000000
prediction_position_error_mm,14.045828953385353,11100000
prediction_orientation_error_deg,0,11100000
owd_uplink_ms,230.7694,11200000
owd_downlink_ms,232.2703,11200000
owd_uplink_ms,230.8535,11200000
owd_downlink_ms,229.0659,11200000
correction_magnitude_mm,6.214208900928497,8901064
correction_magnitude_deg,0,8901064
prediction_position_error_mm,107.37940669059753,11200000
prediction_orientation_error_deg,0,11200000
owd_uplink_ms,225.1043,11300000
owd_downlink_ms,231.3803,11300000
owd_uplink_ms,227.6769,11300000
owd_downlink_ms,227.1362,11300000
prediction_position_error_mm,10.126263834536076,11300000
prediction_orientation_error_deg,0,11300000
owd_uplink_ms,228.3153,11400000
owd_downlink_ms,225.2349,11400000
prediction_position_error_mm,13.050614856183529,11400000
prediction_orientation_error_deg,0,11400000
prediction_position_error_mm,16.948653385043144,11500000
prediction_orientation_error_deg,0,11500000
prediction_position_error_mm,17.974520102143288,11600000
prediction_orientation_error_deg,0,11600000
owd_uplink_ms,232.1431,11700000
owd_downlink_ms,231.9999,11700000
prediction_position_error_mm,39.663784205913544,11700000
prediction_orientation_error_deg,0,11700000
owd_uplink_ms,226.2058,11800000
owd_downlink_ms,230.7122,11800000
correction_magnitude_mm,5.830785259604454,9409834
correction_magnitude_deg,0,9409834
owd_uplink_ms,232.7225,11800000
owd_downlink_ms,230.9645,11800000
owd_uplink_ms,228.2689,11800000
owd_downlink_ms,223.1689,11800000
prediction_position_error_mm,17.932472750544548,11800000
prediction_orientation_error_deg,0,11800000
owd_uplink_ms,224.7841,11900000
owd_downlink_ms,224.8622,11900000
prediction_position_error_mm,10.291403159499168,11900000
prediction_orientation_error_deg,0,11900000
prediction_position_error_mm,11.222846806049347,12000000
prediction_orientation_error_deg,0,12000000
owd_uplink_ms,225.5531,12100000
owd_downlink_ms,229.7979,12100000
owd_uplink_ms,226.6464,12100000
owd_downlink_ms,225.8831,12100000
prediction_position_error_mm,13.604916632175446,12100000
prediction_orientation_error_deg,0,12100000
prediction_position_error_mm,12.084883637726307,12200000
prediction_orientation_error_deg,0,12200000
owd_uplink_ms,230.0142,12300000
owd_downlink_ms,231.0724,12300000
prediction_position_error_mm,10.444511659443378,12300000
prediction_orientation_error_deg,0,12300000
owd_uplink_ms,230.7752,12400000
owd_downlink_ms,226.5266,12400000
prediction_position_error_mm,37.191834300756454,12400000
prediction_orientation_error_deg,0,12400000
owd_uplink_ms,230.4213,12500000
owd_downlink_ms,226.9549,12500000
correction_magnitude_mm,5.632318556308746,10197388
correction_magnitude_deg,0,10197388
prediction_position_error_mm,103.73267531394958,12500000
prediction_orientation_error_deg,0,12500000
owd_uplink_ms,223.9283,12600000
owd_downlink_ms,230.0971,12600000
prediction_position_error_mm,77.14956998825073,12600000
prediction_orientation_error_deg,0,12600000
owd_uplink_ms,226.9161,12700000
owd_downlink_ms,229.4024,12700000
owd_uplink_ms,226.6789,12700000
owd_downlink_ms,228.3856,12700000
prediction_position_error_mm,9.401865303516388,12700000
prediction_orientation_error_deg,0,12700000
prediction_position_error_mm,10.325198993086815,12800000
prediction_orientation_error_deg,0,12800000
owd_uplink_ms,230.9563,12900000
owd_downlink_ms,231.6269,12900000
owd_uplink_ms,225.4295,12900000
owd_downlink_ms,226.1999,12900000
prediction_position_error_mm,10.251595638692379,12900000
prediction_orientation_error_deg,0,12900000
prediction_position_error_mm,11.224566027522087,13000000
prediction_orientation_error_deg,0,13000000
owd_uplink_ms,228.2531,13100000
owd_downlink_ms,229.4541,13100000
owd_uplink_ms,227.3444,13100000
owd_downlink_ms,226.2381,13100000
prediction_position_error_mm,11.960105039179325,13100000
prediction_orientation_error_deg,0,13100000
owd_uplink_ms,230.1792,13200000
owd_downlink_ms,223.434,13200000
prediction_position_error_mm,17.898838967084885,13200000
prediction_orientation_error_deg,0,13200000
owd_uplink_ms,226.0747,13300000
owd_downlink_ms,228.6572,13300000
prediction_position_error_mm,11.155569925904274,13300000
prediction_orientation_error_deg,0,13300000
prediction_position_error_mm,12.047303840517998,13400000
prediction_orientation_error_deg,0,13400000
owd_uplink_ms,227.0393,13500000
owd_downlink_ms,224.4164,13500000
prediction_position_error_mm,13.113223016262054,13500000
prediction_orientation_error_deg,0,13500000
owd_uplink_ms,233.1143,13600000
owd_downlink_ms,232.0669,13600000
owd_uplink_ms,226.6796,13600000
owd_downlink_ms,226.8759,13600000
prediction_position_error_mm,12.3552605509758,13600000
prediction_orientation_error_deg,0,13600000
owd_uplink_ms,226.2163,13700000
owd_downlink_ms,224.1931,13700000
prediction_position_error_mm,13.470994308590889,13700000
prediction_orientation_error_deg,0,13700000
prediction_position_error_mm,16.50138944387436,13800000
prediction_orientation_error_deg,0,13800000
owd_uplink_ms,232.0252,13900000
owd_downlink_ms,228.5804,13900000
prediction_position_error_mm,31.37197345495224,13900000
prediction_orientation_error_deg,0,13900000
owd_uplink_ms,229.6167,14000000
owd_downlink_ms,225.7366,14000000
prediction_position_error_mm,13.726675882935524,14000000
prediction_orientation_error_deg,0,14000000
owd_uplink_ms,230.7501,14100000
owd_downlink_ms,226.4732,14100000
owd_uplink_ms,225.6894,14100000
owd_downlink_ms,229.6029,14100000
prediction_position_error_mm,65.25371223688126,14100000
prediction_orientation_error_deg,0,14100000
owd_uplink_ms,224.8375,14200000
owd_downlink_ms,225.4737,14200000
prediction_position_error_mm,13.51186539977789,14200000
prediction_orientation_error_deg,0,14200000
prediction_position_error_mm,12.975486926734447,14300000
prediction_orientation_error_deg,0,14300000
owd_uplink_ms,229.2889,14400000
owd_downlink_ms,230.7057,14400000
prediction_position_error_mm,13.886447064578533,14400000
prediction_orientation_error_deg,0,14400000
owd_uplink_ms,227.0128,14500000
owd_downlink_ms,225.8064,14500000
prediction_position_error_mm,13.47357127815485,14500000
prediction_orientation_error_deg,0,14500000
owd_uplink_ms,229.6204,14600000
owd_downlink_ms,233.0132,14600000
prediction_position_error_mm,64.62721526622772,14600000
prediction_orientation_error_deg,0,14600000
owd_uplink_ms,226.1615,14700000
owd_downlink_ms,230.7927,14700000
owd_uplink_ms,223.903,14700000
owd_downlink_ms,226.015,14700000
prediction_position_error_mm,11.062772013247013,14700000
prediction_orientation_error_deg,0,14700000
owd_uplink_ms,224.2707,14800000
owd_downlink_ms,227.9188,14800000
prediction_position_error_mm,10.261009447276592,14800000
prediction_orientation_error_deg,0,14800000
prediction_position_error_mm,12.228235602378845,14900000
prediction_orientation_error_deg,0,14900000
owd_uplink_ms,232.7509,15000000
owd_downlink_ms,227.5252,15000000
prediction_position_error_mm,16.31656102836132,15000000
prediction_orientation_error_deg,0,15000000
owd_uplink_ms,224.3033,15100000
owd_downlink_ms,231.0985,15100000
owd_uplink_ms,229.1624,15100000
owd_downlink_ms,223.6102,15100000
prediction_position_error_mm,16.643865033984184,15100000
prediction_orientation_error_deg,0,15100000
owd_uplink_ms,225.7301,15200000
owd_downlink_ms,226.5726,15200000
prediction_position_error_mm,13.256948441267014,15200000
prediction_orientation_error_deg,0,15200000
owd_uplink_ms,226.2591,15300000
owd_downlink_ms,227.2535,15300000
prediction_position_error_mm,12.100731022655964,15300000
prediction_orientation_error_deg,0,15300000
prediction_position_error_mm,14.201829209923744,15400000
prediction_orientation_error_deg,0,15400000
owd_uplink_ms,224.366,15500000
owd_downlink_ms,229.5709,15500000
owd_uplink_ms,225.4353,15500000
owd_downlink_ms,226.7731,15500000
prediction_position_error_mm,12.813285924494267,15500000
prediction_orientation_error_deg,0,15500000
prediction_position_error_mm,13.004960492253304,15600000
prediction_orientation_error_deg,0,15600000
owd_uplink_ms,233.2454,15700000
owd_downlink_ms,225.7769,15700000
prediction_position_error_mm,22.689055651426315,15700000
prediction_orientation_error_deg,0,15700000
owd_uplink_ms,229.7563,15800000
owd_downlink_ms,223.7291,15800000
prediction_position_error_mm,84.28085595369339,15800000
prediction_orientation_error_deg,0,15800000
owd_uplink_ms,224.1202,15900000
owd_downlink_ms,230.368,15900000
owd_uplink_ms,223.8028,15900000
owd_downlink_ms,222.8566,15900000
prediction_position_error_mm,13.53382971137762,15900000
prediction_orientation_error_deg,0,15900000
prediction_position_error_mm,15.575864352285862,16000000
prediction_orientation_error_deg,0,16000000
owd_uplink_ms,229.8246,16100000
owd_downlink_ms,231.4062,16100000
prediction_position_error_mm,13.384753838181496,16100000
prediction_orientation_error_deg,0,16100000
prediction_position_error_mm,14.554745517671108,16200000
prediction_orientation_error_deg,0,16200000
owd_uplink_ms,229.3453,16300000
owd_downlink_ms,230.7099,16300000
owd_uplink_ms,232.3471,16300000
owd_downlink_ms,231.6017,16300000
owd_uplink_ms,228.3898,16300000
owd_downlink_ms,223.3992,16300000
prediction_position_error_mm,17.59081706404686,16300000
prediction_orientation_error_deg,0,16300000
owd_uplink_ms,226.5607,16400000
owd_downlink_ms,227.2633,16400000
prediction_position_error_mm,13.55001050978899,16400000
prediction_orientation_error_deg,0,16400000
prediction_position_error_mm,14.114991761744022,16500000
prediction_orientation_error_deg,0,16500000
owd_uplink_ms,230.9989,16600000
owd_downlink_ms,225.1187,16600000
owd_uplink_ms,227.4084,16600000
owd_downlink_ms,227.9766,16600000
prediction_position_error_mm,46.7989519238472,16600000
prediction_orientation_error_deg,0,16600000
prediction_position_error_mm,50.49342289566994,16700000
prediction_orientation_error_deg,0,16700000
owd_uplink_ms,229.461,16800000
owd_downlink_ms,225.1037,16800000
owd_uplink_ms,226.0543,16800000
owd_downlink_ms,228.199,16800000
prediction_position_error_mm,45.81315070390701,16800000
prediction_orientation_error_deg,0,16800000
owd_uplink_ms,224.1211,16900000
owd_downlink_ms,224.2976,16900000
prediction_position_error_mm,13.523210771381855,16900000
prediction_orientation_error_deg,0,16900000
owd_uplink_ms,227.1455,17000000
owd_downlink_ms,227.4862,17000000
prediction_position_error_mm,13.483280315995216,17000000
prediction_orientation_error_deg,0,17000000
owd_uplink_ms,224.0486,17100000
owd_downlink_ms,228.7625,17100000
prediction_position_error_mm,12.097657658159733,17100000
prediction_orientation_error_deg,0,17100000
prediction_position_error_mm,13.133639469742775,17200000
prediction_orientation_error_deg,0,17200000
owd_uplink_ms,231.9608,17300000
owd_downlink_ms,227.6847,17300000
prediction_position_error_mm,20.84183506667614,17300000
prediction_orientation_error_deg,0,17300000
owd_uplink_ms,228.1154,17400000
owd_downlink_ms,224.1667,17400000
prediction_position_error_mm,67.36280024051666,17400000
prediction_orientation_error_deg,0,17400000
owd_uplink_ms,231.0773,17500000
owd_downlink_ms,231.4968,17500000
prediction_position_error_mm,46.84872552752495,17500000
prediction_orientation_error_deg,0,17500000
owd_uplink_ms,222.8382,17600000
owd_downlink_ms,229.2911,17600000
owd_uplink_ms,232.3962,17600000
owd_downlink_ms,230.2471,17600000
prediction_position_error_mm,42.63127222657204,17600000
prediction_orientation_error_deg,0,17600000
prediction_position_error_mm,46.16944119334221,17700000
prediction_orientation_error_deg,0,17700000
prediction_position_error_mm,47.92756587266922,17800000
prediction_orientation_error_deg,0,17800000
owd_uplink_ms,232.0808,17900000
owd_downlink_ms,231.5002,17900000
owd_uplink_ms,228.4692,17900000
owd_downlink_ms,224.9564,17900000
owd_uplink_ms,231.3639,17900000
owd_downlink_ms,227.1271,17900000
prediction_position_error_mm,43.57881098985672,17900000
prediction_orientation_error_deg,0,17900000
prediction_position_error_mm,45.348960906267166,18000000
prediction_orientation_error_deg,0,18000000
owd_uplink_ms,229.6773,18100000
owd_downlink_ms,228.3025,18100000
prediction_position_error_mm,22.58342318236828,18100000
prediction_orientation_error_deg,0,18100000
owd_uplink_ms,228.7246,18200000
owd_downlink_ms,229.3598,18200000
owd_uplink_ms,224.9294,18200000
owd_downlink_ms,230.8917,18200000
prediction_position_error_mm,42.99343377351761,18200000
prediction_orientation_error_deg,0,18200000
prediction_position_error_mm,44.78171467781067,18300000
prediction_orientation_error_deg,0,18300000
owd_uplink_ms,231.2988,18400000
owd_downlink_ms,227.0563,18400000
owd_uplink_ms,226.1801,18400000
owd_downlink_ms,230.7666,18400000
prediction_position_error_mm,42.74323955178261,18400000
prediction_orientation_error_deg,0,18400000
prediction_position_error_mm,42.74323955178261,18500000
prediction_orientation_error_deg,0,18500000
owd_uplink_ms,224.1019,18600000
owd_downlink_ms,231.3592,18600000
prediction_position_error_mm,14.155696146190166,18600000
prediction_orientation_error_deg,0,18600000
owd_uplink_ms,232.1613,18700000
owd_downlink_ms,228.7782,18700000
prediction_position_error_mm,23.733053356409073,18700000
prediction_orientation_error_deg,0,18700000
owd_uplink_ms,230.8646,18800000
owd_downlink_ms,224.7776,18800000
prediction_position_error_mm,58.448661118745804,18800000
prediction_orientation_error_deg,0,18800000
owd_uplink_ms,227.7335,18900000
owd_downlink_ms,233.4079,18900000
prediction_position_error_mm,42.59026423096657,18900000
prediction_orientation_error_deg,0,18900000
prediction_position_error_mm,46.322569251060486,19000000
prediction_orientation_error_deg,0,19000000
owd_uplink_ms,230.2583,19100000
owd_downlink_ms,231.6479,19100000
owd_uplink_ms,227.3685,19100000
owd_downlink_ms,232.4379,19100000
prediction_position_error_mm,44.58599537611008,19100000
prediction_orientation_error_deg,0,19100000
owd_uplink_ms,225.0744,19200000
owd_downlink_ms,226.2916,19200000
owd_uplink_ms,231.7333,19200000
owd_downlink_ms,229.4524,19200000
prediction_position_error_mm,42.90512204170227,19200000
prediction_orientation_error_deg,0,19200000
prediction_position_error_mm,42.90512204170227,19300000
prediction_orientation_error_deg,0,19300000
owd_uplink_ms,224.0244,19400000
owd_downlink_ms,229.5953,19400000
owd_uplink_ms,230.2398,19400000
owd_downlink_ms,226.4726,19400000
prediction_position_error_mm,14.35137540102005,19400000
prediction_orientation_error_deg,0,19400000
prediction_position_error_mm,15.574373304843903,19500000
prediction_orientation_error_deg,0,19500000
prediction_position_error_mm,16.84727892279625,19600000
prediction_orientation_error_deg,0,19600000
owd_uplink_ms,230.8182,19700000
owd_downlink_ms,229.8823,19700000
prediction_position_error_mm,25.328628718852997,19700000
prediction_orientation_error_deg,0,19700000
owd_uplink_ms,232.3738,19800000
owd_downlink_ms,230.3409,19800000
owd_uplink_ms,229.419,19800000
owd_downlink_ms,229.5027,19800000
prediction_position_error_mm,47.13097587227821,19800000
prediction_orientation_error_deg,0,19800000
owd_uplink_ms,230.2929,19900000
owd_downlink_ms,231.8482,19900000
prediction_position_error_mm,46.30724340677261,19900000
prediction_orientation_error_deg,0,19900000
owd_uplink_ms,229.852,20000000
owd_downlink_ms,225.5728,20000000
owd_uplink_ms,226.3149,20000000
owd_downlink_ms,227.7898,20000000
prediction_position_error_mm,42.769335210323334,20000000
prediction_orientation_error_deg,0,20000000
prediction_position_error_mm,47.0154695212841,20100000
prediction_orientation_error_deg,0,20100000
owd_uplink_ms,225.4453,20200000
owd_downlink_ms,231.1056,20200000
prediction_position_error_mm,15.464415773749352,20200000
prediction_orientation_error_deg,0,20200000
owd_uplink_ms,230.4002,20300000
owd_downlink_ms,230.2149,20300000
owd_uplink_ms,228.0961,20300000
owd_downlink_ms,227.3873,20300000
prediction_position_error_mm,12.71552313119173,20300000
prediction_orientation_error_deg,0,20300000
owd_uplink_ms,225.1473,20400000
owd_downlink_ms,227.088,20400000
prediction_position_error_mm,14.008630998432636,20400000
prediction_orientation_error_deg,0,20400000
prediction_position_error_mm,13.788353651762009,20500000
prediction_orientation_error_deg,0,20500000
owd_uplink_ms,228.6276,20600000
owd_downlink_ms,231.7557,20600000
owd_uplink_ms,227.6401,20600000
owd_downlink_ms,225.2812,20600000
prediction_position_error_mm,13.68433702737093,20600000
prediction_orientation_error_deg,0,20600000
owd_uplink_ms,224.827,20700000
owd_downlink_ms,227.2711,20700000
prediction_position_error_mm,14.139623381197453,20700000
prediction_orientation_error_deg,0,20700000
prediction_position_error_mm,15.33955056220293,20800000
prediction_orientation_error_deg,0,20800000
owd_uplink_ms,232.748,20900000
owd_downlink_ms,223.2876,20900000
prediction_position_error_mm,13.004797510802746,20900000
prediction_orientation_error_deg,0,20900000
owd_uplink_ms,224.3279,21000000
owd_downlink_ms,231.876,21000000
prediction_position_error_mm,51.3618141412735,21000000
prediction_orientation_error_deg,0,21000000
owd_uplink_ms,229.0601,21100000
owd_downlink_ms,231.5705,21100000
owd_uplink_ms,224.6456,21100000
owd_downlink_ms,224.372,21100000
prediction_position_error_mm,12.211405672132969,21100000
prediction_orientation_error_deg,0,21100000
prediction_position_error_mm,13.335131108760834,21200000
prediction_orientation_error_deg,0,21200000
owd_uplink_ms,229.1125,21300000
owd_downlink_ms,223.7948,21300000
owd_uplink_ms,231.5119,21300000
owd_downlink_ms,224.7075,21300000
prediction_position_error_mm,51.257144659757614,21300000
prediction_orientation_error_deg,0,21300000
owd_uplink_ms,223.5255,21400000
owd_downlink_ms,225.2336,21400000
prediction_position_error_mm,11.82860229164362,21400000
prediction_orientation_error_deg,0,21400000
owd_uplink_ms,226.6144,21500000
owd_downlink_ms,228.1089,21500000
prediction_position_error_mm,12.133712880313396,21500000
prediction_orientation_error_deg,0,21500000
prediction_position_error_mm,15.130818821489811,21600000
prediction_orientation_error_deg,0,21600000
owd_uplink_ms,230.3483,21700000
owd_downlink_ms,227.7994,21700000
prediction_position_error_mm,13.8442637398839,21700000
prediction_orientation_error_deg,0,21700000
owd_uplink_ms,224.0565,21800000
owd_downlink_ms,230.9686,21800000
owd_uplink_ms,224.34,21800000
owd_downlink_ms,227.9512,21800000
prediction_position_error_mm,12.495564296841621,21800000
prediction_orientation_error_deg,0,21800000
owd_uplink_ms,226.0064,21900000
owd_downlink_ms,223.287,21900000
prediction_position_error_mm,12.911785393953323,21900000
prediction_orientation_error_deg,0,21900000
prediction_position_error_mm,14.041575603187084,22000000
prediction_orientation_error_deg,0,22000000
prediction_position_error_mm,15.217783860862255,22100000
prediction_orientation_error_deg,0,22100000
owd_uplink_ms,232.1836,22200000
owd_downlink_ms,231.6821,22200000
owd_uplink_ms,225.5523,22200000
owd_downlink_ms,226.3678,22200000
owd_uplink_ms,231.5064,22200000
owd_downlink_ms,227.7184,22200000
prediction_position_error_mm,54.40724641084671,22200000
prediction_orientation_error_deg,0,22200000
prediction_position_error_mm,57.227395474910736,22300000
prediction_orientation_error_deg,0,22300000
owd_uplink_ms,227.6596,22400000
owd_downlink_ms,229.0686,22400000
prediction_position_error_mm,13.564973138272762,22400000
prediction_orientation_error_deg,0,22400000
owd_uplink_ms,231.2282,22500000
owd_downlink_ms,230.6193,22500000
owd_uplink_ms,228.2599,22500000
owd_downlink_ms,228.0371,22500000
prediction_position_error_mm,13.041767291724682,22500000
prediction_orientation_error_deg,0,22500000
prediction_position_error_mm,12.071775272488594,22600000
prediction_orientation_error_deg,0,22600000
owd_uplink_ms,231.5621,22700000
owd_downlink_ms,223.6821,22700000
owd_uplink_ms,227.7451,22700000
owd_downlink_ms,229.7283,22700000
prediction_position_error_mm,60.8757920563221,22700000
prediction_orientation_error_deg,0,22700000
prediction_position_error_mm,60.8757920563221,22800000
prediction_orientation_error_deg,0,22800000
owd_uplink_ms,229.4216,22900000
owd_downlink_ms,227.005,22900000
prediction_position_error_mm,11.007191613316536,22900000
prediction_orientation_error_deg,0,22900000
owd_uplink_ms,223.6485,23000000
owd_downlink_ms,231.7205,23000000
owd_uplink_ms,225.0717,23000000
owd_downlink_ms,223.4493,23000000
prediction_position_error_mm,12.441152706742287,23000000
prediction_orientation_error_deg,0,23000000
owd_uplink_ms,225.8155,23100000
owd_downlink_ms,227.3654,23100000
prediction_position_error_mm,13.718105852603912,23100000
prediction_orientation_error_deg,0,23100000
prediction_position_error_mm,14.857080765068531,23200000
prediction_orientation_error_deg,0,23200000
owd_uplink_ms,231.9281,23300000
owd_downlink_ms,228.6096,23300000
prediction_position_error_mm,12.751343660056591,23300000
prediction_orientation_error_deg,0,23300000
owd_uplink_ms,224.2003,23400000
owd_downlink_ms,231.6877,23400000
prediction_position_error_mm,65.44359028339386,23400000
prediction_orientation_error_deg,0,23400000
prediction_position_error_mm,71.95524871349335,23500000
prediction_orientation_error_deg,0,23500000
owd_uplink_ms,232.8696,23600000
owd_downlink_ms,231.1408,23600000
owd_uplink_ms,224.1016,23600000
owd_downlink_ms,224.7964,23600000
owd_uplink_ms,232.6454,23600000
owd_downlink_ms,228.8845,23600000
prediction_position_error_mm,64.46479260921478,23600000
prediction_orientation_error_deg,0,23600000
prediction_position_error_mm,71.11973315477371,23700000
prediction_orientation_error_deg,0,23700000
owd_uplink_ms,230.6645,23800000
owd_downlink_ms,226.5972,23800000
prediction_position_error_mm,41.1982536315918,23800000
prediction_orientation_error_deg,0,23800000
owd_uplink_ms,227.8447,23900000
owd_downlink_ms,228.3344,23900000
owd_uplink_ms,230.5108,23900000
owd_downlink_ms,229.8292,23900000
prediction_position_error_mm,70.12566179037094,23900000
prediction_orientation_error_deg,0,23900000
owd_uplink_ms,224.2938,24000000
owd_downlink_ms,224.7825,24000000
prediction_position_error_mm,9.744361974298954,24000000
prediction_orientation_error_deg,0,24000000
prediction_position_error_mm,13.446605764329433,24100000
prediction_orientation_error_deg,0,24100000
owd_uplink_ms,228.9721,24200000
owd_downlink_ms,229.115,24200000
prediction_position_error_mm,12.943207286298275,24200000
prediction_orientation_error_deg,0,24200000
owd_uplink_ms,230.2916,24300000
owd_downlink_ms,230.6901,24300000
owd_uplink_ms,224.0063,24300000
owd_downlink_ms,224.7865,24300000
prediction_position_error_mm,12.777945026755333,24300000
prediction_orientation_error_deg,0,24300000
owd_uplink_ms,229.2714,24400000
owd_downlink_ms,229.1473,24400000
prediction_position_error_mm,12.193852104246616,24400000
prediction_orientation_error_deg,0,24400000
prediction_position_error_mm,13.233812525868416,24500000
prediction_orientation_error_deg,0,24500000
owd_uplink_ms,230.5965,24600000
owd_downlink_ms,228.6735,24600000
prediction_position_error_mm,42.003557085990906,24600000
prediction_orientation_error_deg,0,24600000
owd_uplink_ms,230.5919,24700000
owd_downlink_ms,228.83,24700000
prediction_position_error_mm,64.95261192321777,24700000
prediction_orientation_error_deg,0,24700000
owd_uplink_ms,227.8894,24800000
owd_downlink_ms,230.3772,24800000
owd_uplink_ms,226.8573,24800000
owd_downlink_ms,224.8148,24800000
prediction_position_error_mm,8.12665093690157,24800000
prediction_orientation_error_deg,0,24800000
prediction_position_error_mm,11.63588184863329,24900000
prediction_orientation_error_deg,0,24900000
owd_uplink_ms,229.455,25000000
owd_downlink_ms,224.4941,25000000
owd_uplink_ms,228.3357,25000000
owd_downlink_ms,230.2793,25000000
prediction_position_error_mm,74.96406883001328,25000000
prediction_orientation_error_deg,0,25000000
prediction_position_error_mm,82.56404101848602,25100000
prediction_orientation_error_deg,0,25100000
owd_uplink_ms,229.6677,25200000
owd_downlink_ms,230.3132,25200000
prediction_position_error_mm,48.5810749232769,25200000
prediction_orientation_error_deg,0,25200000
prediction_position_error_mm,47.083914279937744,25300000
prediction_orientation_error_deg,0,25300000
owd_uplink_ms,225.4019,25400000
owd_downlink_ms,232.4407,25400000
owd_uplink_ms,232.9991,25400000
owd_downlink_ms,232.8594,25400000
owd_uplink_ms,223.8191,25400000
owd_downlink_ms,223.7246,25400000
prediction_position_error_mm,11.437850072979927,25400000
prediction_orientation_error_deg,0,25400000
owd_uplink_ms,228.7296,25500000
owd_downlink_ms,228.3315,25500000
prediction_position_error_mm,8.15178919583559,25500000
prediction_orientation_error_deg,0,25500000
owd_uplink_ms,228.5611,25600000
owd_downlink_ms,224.1878,25600000
prediction_position_error_mm,6.644394714385271,25600000
prediction_orientation_error_deg,0,25600000
prediction_position_error_mm,7.28758005425334,25700000
prediction_orientation_error_deg,0,25700000
owd_uplink_ms,226.0228,25800000
owd_downlink_ms,224.489,25800000
prediction_position_error_mm,11.03257481008768,25800000
prediction_orientation_error_deg,0,25800000
owd_uplink_ms,232.0192,25900000
owd_downlink_ms,230.8789,25900000
prediction_position_error_mm,88.93872797489166,25900000
prediction_orientation_error_deg,0,25900000
owd_uplink_ms,231.1844,26000000
owd_downlink_ms,229.0969,26000000
correction_magnitude_mm,6.689938250929117,23688752
correction_magnitude_deg,0,23688752
owd_uplink_ms,224.8427,26000000
owd_downlink_ms,229.225,26000000
prediction_position_error_mm,86.36673539876938,26000000
prediction_orientation_error_deg,0,26000000
owd_uplink_ms,225.2575,26100000
owd_downlink_ms,225.1425,26100000
prediction_position_error_mm,10.78574825078249,26100000
prediction_orientation_error_deg,0,26100000
owd_uplink_ms,224.0103,26200000
owd_downlink_ms,225.5909,26200000
prediction_position_error_mm,12.087789364159107,26200000
prediction_orientation_error_deg,0,26200000
prediction_position_error_mm,13.06043565273285,26300000
prediction_orientation_error_deg,0,26300000
owd_uplink_ms,224.7651,26400000
owd_downlink_ms,224.897,26400000
owd_uplink_ms,231.5381,26400000
owd_downlink_ms,229.2737,26400000
prediction_position_error_mm,89.30335938930511,26400000
prediction_orientation_error_deg,0,26400000
owd_uplink_ms,228.2854,26500000
owd_downlink_ms,227.1149,26500000
prediction_position_error_mm,5.865658633410931,26500000
prediction_orientation_error_deg,0,26500000
owd_uplink_ms,226.2641,26600000
owd_downlink_ms,229.8014,26600000
prediction_position_error_mm,13.447929173707962,26600000
prediction_orientation_error_deg,0,26600000
owd_uplink_ms,227.4898,26700000
owd_downlink_ms,225.4457,26700000
prediction_position_error_mm,8.695685304701328,26700000
prediction_orientation_error_deg,0,26700000
owd_uplink_ms,226.753,26800000
owd_downlink_ms,224.3428,26800000
prediction_position_error_mm,8.230195380747318,26800000
prediction_orientation_error_deg,0,26800000
prediction_position_error_mm,6.366339512169361,26900000
prediction_orientation_error_deg,0,26900000
owd_uplink_ms,230.5974,27000000
owd_downlink_ms,227.1326,27000000
prediction_position_error_mm,54.097674787044525,27000000
prediction_orientation_error_deg,0,27000000
prediction_position_error_mm,56.655652821063995,27100000
prediction_orientation_error_deg,0,27100000
owd_uplink_ms,231.0973,27200000
owd_downlink_ms,233.2348,27200000
owd_uplink_ms,223.0515,27200000
owd_downlink_ms,225.5984,27200000
owd_uplink_ms,230.0596,27200000
owd_downlink_ms,226.6984,27200000
prediction_position_error_mm,90.48594534397125,27200000
prediction_orientation_error_deg,0,27200000
prediction_position_error_mm,94.92377936840057,27300000
prediction_orientation_error_deg,0,27300000
owd_uplink_ms,230.9691,27400000
owd_downlink_ms,227.027,27400000
correction_magnitude_mm,7.62075325474143,25083188
correction_magnitude_deg,0,25083188
prediction_position_error_mm,5.516268778592348,27400000
prediction_orientation_error_deg,0,27400000
owd_uplink_ms,225.4593,27500000
owd_downlink_ms,231.2072,27500000
owd_uplink_ms,228.599,27500000
owd_downlink_ms,227.6205,27500000
prediction_position_error_mm,5.502520129084587,27500000
prediction_orientation_error_deg,0,27500000
prediction_position_error_mm,6.154126022011042,27600000
prediction_orientation_error_deg,0,27600000
prediction_position_error_mm,10.148771107196808,27700000
prediction_orientation_error_deg,0,27700000
owd_uplink_ms,225.5378,27800000
owd_downlink_ms,231.3131,27800000
owd_uplink_ms,230.1138,27800000
owd_downlink_ms,231.3546,27800000
prediction_position_error_mm,98.23723882436752,27800000
prediction_orientation_error_deg,0,27800000
owd_uplink_ms,232.0542,27900000
owd_downlink_ms,229.9738,27900000
prediction_position_error_mm,57.47586861252785,27900000
prediction_orientation_error_deg,0,27900000
owd_uplink_ms,230.0679,28000000
owd_downlink_ms,224.6382,28000000
prediction_position_error_mm,5.328227300196886,28000000
prediction_orientation_error_deg,0,28000000
owd_uplink_ms,223.1835,28100000
owd_downlink_ms,224.7875,28100000
prediction_position_error_mm,82.03087002038956,28100000
prediction_orientation_error_deg,0,28100000
owd_uplink_ms,230.9015,28200000
owd_downlink_ms,233.2045,28200000
owd_uplink_ms,228.0015,28200000
owd_downlink_ms,225.8328,28200000
prediction_position_error_mm,6.809900980442762,28200000
prediction_orientation_error_deg,0,28200000
owd_uplink_ms,226.7312,28300000
owd_downlink_ms,226.0206,28300000
prediction_position_error_mm,7.961545139551163,28300000
prediction_orientation_error_deg,0,28300000
prediction_position_error_mm,8.673532865941525,28400000
prediction_orientation_error_deg,0,28400000
owd_uplink_ms,227.7693,28500000
owd_downlink_ms,230.813,28500000
owd_uplink_ms,223.0533,28500000
owd_downlink_ms,226.2677,28500000
prediction_position_error_mm,7.61693948879838,28500000
prediction_orientation_error_deg,0,28500000
prediction_position_error_mm,12.790900655090809,28600000
prediction_orientation_error_deg,0,28600000
owd_uplink_ms,229.6491,28700000
owd_downlink_ms,231.1493,28700000
owd_uplink_ms,225.5276,28700000
owd_downlink_ms,228.6116,28700000
prediction_position_error_mm,11.850976385176182,28700000
prediction_orientation_error_deg,0,28700000
prediction_position_error_mm,12.686135247349739,28800000
prediction_orientation_error_deg,0,28800000
owd_uplink_ms,227.0723,28900000
owd_downlink_ms,227.9315,28900000
owd_uplink_ms,230.6176,28900000
owd_downlink_ms,228.5412,28900000
prediction_position_error_mm,100.61938315629959,28900000
prediction_orientation_error_deg,0,28900000
owd_uplink_ms,223.5124,29000000
owd_downlink_ms,225.0652,29000000
prediction_position_error_mm,7.842175662517548,29000000
prediction_orientation_error_deg,0,29000000
owd_uplink_ms,225.1751,29100000
owd_downlink_ms,227.392,29100000
prediction_position_error_mm,10.718905366957188,29100000
prediction_orientation_error_deg,0,29100000
prediction_position_error_mm,11.4815142005682,29200000
prediction_orientation_error_deg,0,29200000
owd_uplink_ms,224.9076,29300000
owd_downlink_ms,224.2142,29300000
owd_uplink_ms,230.9738,29300000
owd_downlink_ms,226.6048,29300000
prediction_position_error_mm,107.60295391082764,29300000
prediction_orientation_error_deg,0,29300000
owd_uplink_ms,227.8944,29400000
owd_downlink_ms,225.6568,29400000
prediction_position_error_mm,8.721906691789627,29400000
prediction_orientation_error_deg,0,29400000
prediction_position_error_mm,8.80148634314537,29500000
prediction_orientation_error_deg,0,29500000
prediction_position_error_mm,5.745944567024708,29600000
prediction_orientation_error_deg,0,29600000
owd_uplink_ms,231.4295,29700000
owd_downlink_ms,232.9534,29700000
correction_magnitude_mm,5.276880227029324,27299341
correction_magnitude_deg,0,27299341
owd_uplink_ms,229.7736,29700000
owd_downlink_ms,226.3981,29700000
prediction_position_error_mm,7.968539372086525,29700000
prediction_orientation_error_deg,0,29700000
owd_uplink_ms,230.4415,29800000
owd_downlink_ms,226.0056,29800000
prediction_position_error_mm,6.485857535153627,29800000
prediction_orientation_error_deg,0,29800000
owd_uplink_ms,231.1895,29900000
owd_downlink_ms,227.0603,29900000
prediction_position_error_mm,4.196521360427141,29900000
prediction_orientation_error_deg,0,29900000
owd_uplink_ms,228.5368,30000000
owd_downlink_ms,226.9851,30000000
owd_uplink_ms,224.0373,30000000
owd_downlink_ms,230.759,30000000
prediction_position_error_mm,105.99915683269501,30000000
prediction_orientation_error_deg,0,30000000
prediction_position_error_mm,116.07253551483154,30100000
prediction_orientation_error_deg,0,30100000
owd_uplink_ms,226.3532,30200000
owd_downlink_ms,225.9084,30200000
correction_magnitude_mm,9.211976081132889,27890326
correction_magnitude_deg,0,27890326
owd_uplink_ms,230.8071,30200000
owd_downlink_ms,230.7944,30200000
prediction_position_error_mm,111.9251549243927,30200000
prediction_orientation_error_deg,0,30200000
prediction_position_error_mm,116.99838191270828,30300000
prediction_orientation_error_deg,0,30300000
owd_uplink_ms,227.5103,30400000
owd_downlink_ms,229.1491,30400000
correction_magnitude_mm,9.306369349360466,28092360
correction_magnitude_deg,0,28092360
prediction_position_error_mm,7.5985887087881565,30400000
prediction_orientation_error_deg,0,30400000
owd_uplink_ms,231.7222,30500000
owd_downlink_ms,232.5295,30500000
prediction_position_error_mm,117.88494139909744,30500000
prediction_orientation_error_deg,0,30500000
owd_uplink_ms,228.9382,30600000
owd_downlink_ms,231.7503,30600000
owd_uplink_ms,227.2958,30600000
owd_downlink_ms,224.6401,30600000
prediction_position_error_mm,3.981719259172678,30600000
prediction_orientation_error_deg,0,30600000
owd_uplink_ms,222.9834,30700000
owd_downlink_ms,225.5959,30700000
prediction_position_error_mm,9.197995997965336,30700000
prediction_orientation_error_deg,0,30700000
prediction_position_error_mm,5.354246124625206,30800000
prediction_orientation_error_deg,0,30800000
owd_uplink_ms,226.0026,30900000
owd_downlink_ms,227.9722,30900000
owd_uplink_ms,231.6777,30900000
owd_downlink_ms,228.471,30900000
prediction_position_error_mm,114.76476490497589,30900000
prediction_orientation_error_deg,0,30900000
owd_uplink_ms,226.6936,31000000
owd_downlink_ms,229.4432,31000000
prediction_position_error_mm,5.449715070426464,31000000
prediction_orientation_error_deg,0,31000000
owd_uplink_ms,224.7338,31100000
owd_downlink_ms,228.0265,31100000
prediction_position_error_mm,9.833569638431072,31100000
prediction_orientation_error_deg,0,31100000
prediction_position_error_mm,5.778702907264233,31200000
prediction_orientation_error_deg,0,31200000
prediction_position_error_mm,6.396460346877575,31300000
prediction_orientation_error_deg,0,31300000
owd_uplink_ms,228.031,31400000
owd_downlink_ms,231.1742,31400000
owd_uplink_ms,230.9642,31400000
owd_downlink_ms,231.9218,31400000
prediction_position_error_mm,121.37282639741898,31400000
prediction_orientation_error_deg,0,31400000
owd_uplink_ms,226.2595,31500000
owd_downlink_ms,231.4275,31500000
prediction_position_error_mm,12.94233649969101,31500000
prediction_orientation_error_deg,0,31500000
owd_uplink_ms,225.6947,31600000
owd_downlink_ms,230.4954,31600000
owd_uplink_ms,224.9143,31600000
owd_downlink_ms,222.9411,31600000
prediction_position_error_mm,3.9897621609270573,31600000
prediction_orientation_error_deg,0,31600000
prediction_position_error_mm,4.327123984694481,31700000
prediction_orientation_error_deg,0,31700000
prediction_position_error_mm,4.676992539316416,31800000
prediction_orientation_error_deg,0,31800000
owd_uplink_ms,232.0327,31900000
owd_downlink_ms,229.3533,31900000
owd_uplink_ms,231.7259,31900000
owd_downlink_ms,226.0811,31900000
correction_magnitude_mm,7.585141342133284,29607549
correction_magnitude_deg,0,29607549
prediction_position_error_mm,126.69573724269867,31900000
prediction_orientation_error_deg,0,31900000
owd_uplink_ms,230.3358,32000000
owd_downlink_ms,230.1477,32000000
owd_uplink_ms,224.7929,32000000
owd_downlink_ms,222.6289,32000000
prediction_position_error_mm,3.2565915025770664,32000000
prediction_orientation_error_deg,0,32000000
prediction_position_error_mm,5.7828533463180065,32100000
prediction_orientation_error_deg,0,32100000
owd_uplink_ms,226.1653,32200000
owd_downlink_ms,229.336,32200000
prediction_position_error_mm,4.702813923358917,32200000
prediction_orientation_error_deg,0,32200000
owd_uplink_ms,232.6519,32300000
owd_downlink_ms,229.1757,32300000
prediction_position_error_mm,65.19359350204468,32300000
prediction_orientation_error_deg,0,32300000
owd_uplink_ms,226.3069,32400000
owd_downlink_ms,227.8141,32400000
correction_magnitude_mm,7.466063369065523,30106109
correction_magnitude_deg,0,30106109
prediction_position_error_mm,107.79617726802826,32400000
prediction_orientation_error_deg,0,32400000
owd_uplink_ms,230.6969,32500000
owd_downlink_ms,230.015,32500000
prediction_position_error_mm,124.47171658277512,32500000
prediction_orientation_error_deg,0,32500000
owd_uplink_ms,230.1971,32600000
owd_downlink_ms,230.2199,32600000
correction_magnitude_mm,5.061230156570673,30205284
correction_magnitude_deg,0,30205284
owd_uplink_ms,226.1338,32600000
owd_downlink_ms,228.2817,32600000
prediction_position_error_mm,6.975543685257435,32600000
prediction_orientation_error_deg,0,32600000
prediction_position_error_mm,7.384257391095161,32700000
prediction_orientation_error_deg,0,32700000
owd_uplink_ms,224.8077,32800000
owd_downlink_ms,231.2392,32800000
owd_uplink_ms,228.3775,32800000
owd_downlink_ms,223.0412,32800000
prediction_position_error_mm,10.912654921412468,32800000
prediction_orientation_error_deg,0,32800000
owd_uplink_ms,224.8402,32900000
owd_downlink_ms,224.4665,32900000
prediction_position_error_mm,3.7634356413036585,32900000
prediction_orientation_error_deg,0,32900000
owd_uplink_ms,225.1393,33000000
owd_downlink_ms,226.469,33000000
prediction_position_error_mm,5.5997334420681,33000000
prediction_orientation_error_deg,0,33000000
prediction_position_error_mm,5.929121281951666,33100000
prediction_orientation_error_deg,0,33100000
owd_uplink_ms,232.428,33200000
owd_downlink_ms,226.9384,33200000
prediction_position_error_mm,3.4664031118154526,33200000
prediction_orientation_error_deg,0,33200000
owd_uplink_ms,226.8635,33300000
owd_downlink_ms,230.1329,33300000
prediction_position_error_mm,120.59853225946426,33300000
prediction_orientation_error_deg,0,33300000
owd_uplink_ms,225.7204,33400000
owd_downlink_ms,230.7319,33400000
correction_magnitude_mm,5.1626963540911674,31014017
correction_magnitude_deg,0,31014017
prediction_position_error_mm,10.504080913960934,33400000
prediction_orientation_error_deg,0,33400000
owd_uplink_ms,230.2558,33500000
owd_downlink_ms,230.8622,33500000
prediction_position_error_mm,3.2304045744240284,33500000
prediction_orientation_error_deg,0,33500000
owd_uplink_ms,230.9171,33600000
owd_downlink_ms,222.8931,33600000
prediction_position_error_mm,58.348871767520905,33600000
prediction_orientation_error_deg,0,33600000
prediction_position_error_mm,66.19437038898468,33700000
prediction_orientation_error_deg,0,33700000
owd_uplink_ms,226.7026,33800000
owd_downlink_ms,231.1313,33800000
correction_magnitude_mm,7.516106590628624,31410278
correction_magnitude_deg,0,31410278
owd_uplink_ms,233.035,33800000
owd_downlink_ms,231.8088,33800000
prediction_position_error_mm,121.11997604370117,33800000
prediction_orientation_error_deg,0,33800000
owd_uplink_ms,224.6703,33900000
owd_downlink_ms,228.9031,33900000
correction_magnitude_mm,5.211290437728167,31514036
correction_magnitude_deg,0,31514036
owd_uplink_ms,229.7575,33900000
owd_downlink_ms,228.6026,33900000
prediction_position_error_mm,2.6273182593286037,33900000
prediction_orientation_error_deg,0,33900000
prediction_position_error_mm,2.8453045524656773,34000000
prediction_orientation_error_deg,0,34000000
owd_uplink_ms,229.8727,34100000
owd_downlink_ms,228.8874,34100000
prediction_position_error_mm,5.768383387476206,34100000
prediction_orientation_error_deg,0,34100000
owd_uplink_ms,224.9605,34200000
owd_downlink_ms,228.6778,34200000
owd_uplink_ms,230.1545,34200000
owd_downlink_ms,223.4706,34200000
prediction_position_error_mm,10.10128390043974,34200000
prediction_orientation_error_deg,0,34200000
owd_uplink_ms,229.7475,34300000
owd_downlink_ms,228.9485,34300000
prediction_position_error_mm,2.525310032069683,34300000
prediction_orientation_error_deg,0,34300000
prediction_position_error_mm,6.067231763154268,34400000
prediction_orientation_error_deg,0,34400000
prediction_position_error_mm,2.959000412374735,34500000
prediction_orientation_error_deg,0,34500000
owd_uplink_ms,232.5725,34600000
owd_downlink_ms,230.9924,34600000
correction_magnitude_mm,5.243504885584116,32204676
correction_magnitude_deg,0,32204676
owd_uplink_ms,229.1505,34600000
owd_downlink_ms,227.3822,34600000
correction_magnitude_mm,7.929865270853043,32302465
correction_magnitude_deg,0,32302465
prediction_position_error_mm,125.96109509468079,34600000
prediction_orientation_error_deg,0,34600000
owd_uplink_ms,231.2191,34700000
owd_downlink_ms,230.2125,34700000
owd_uplink_ms,228.6662,34700000
owd_downlink_ms,224.0711,34700000
correction_magnitude_mm,5.269341170787811,32395463
correction_magnitude_deg,0,32395463
prediction_position_error_mm,9.57514438778162,34700000
prediction_orientation_error_deg,0,34700000
owd_uplink_ms,227.538,34800000
owd_downlink_ms,226.2932,34800000
prediction_position_error_mm,3.2866867259144783,34800000
prediction_orientation_error_deg,0,34800000
prediction_position_error_mm,3.5233970265835524,34900000
prediction_orientation_error_deg,0,34900000
owd_uplink_ms,228.3613,35000000
owd_downlink_ms,232.8929,35000000
owd_uplink_ms,228.9324,35000000
owd_downlink_ms,228.5611,35000000
prediction_position_error_mm,2.503529889509082,35000000
prediction_orientation_error_deg,0,35000000
prediction_position_error_mm,6.627628579735756,35100000
prediction_orientation_error_deg,0,35100000
owd_uplink_ms,230.4201,35200000
owd_downlink_ms,226.8582,35200000
owd_uplink_ms,224.8254,35200000
owd_downlink_ms,229.5336,35200000
prediction_position_error_mm,121.02366238832474,35200000
prediction_orientation_error_deg,0,35200000
owd_uplink_ms,227.5398,35300000
owd_downlink_ms,228.8361,35300000
correction_magnitude_mm,5.286572966724634,33002161
correction_magnitude_deg,0,33002161
prediction_position_error_mm,2.646282548084855,35300000
prediction_orientation_error_deg,0,35300000
owd_uplink_ms,228.192,35400000
owd_downlink_ms,227.9295,35400000
prediction_position_error_mm,6.6290684044361115,35400000
prediction_orientation_error_deg,0,35400000
prediction_position_error_mm,6.807391997426748,35500000
prediction_orientation_error_deg,0,35500000
owd_uplink_ms,228.3597,35600000
owd_downlink_ms,231.9483,35600000
prediction_position_error_mm,2.268893411383033,35600000
prediction_orientation_error_deg,0,35600000
owd_uplink_ms,224.8309,35700000
owd_downlink_ms,228.0573,35700000
prediction_position_error_mm,2.848300850018859,35700000
prediction_orientation_error_deg,0,35700000
owd_uplink_ms,233.2982,35800000
owd_downlink_ms,230.6381,35800000
prediction_position_error_mm,125.56818127632141,35800000
prediction_orientation_error_deg,0,35800000
prediction_position_error_mm,130.6908279657364,35900000
prediction_orientation_error_deg,0,35900000
owd_uplink_ms,232.6515,36000000
owd_downlink_ms,229.9834,36000000
correction_magnitude_mm,5.287637002766132,33603689
correction_magnitude_deg,0,33603689
owd_uplink_ms,230.2383,36000000
owd_downlink_ms,225.5487,36000000
correction_magnitude_mm,7.996481843292713,33697828
correction_magnitude_deg,0,33697828
owd_uplink_ms,227.4362,36000000
owd_downlink_ms,228.998,36000000
prediction_position_error_mm,119.94437873363495,36000000
prediction_orientation_error_deg,0,36000000
prediction_position_error_mm,125.04082918167114,36100000
prediction_orientation_error_deg,0,36100000
owd_uplink_ms,230.6333,36200000
owd_downlink_ms,225.3844,36200000
correction_magnitude_mm,10.562208481132984,33893221
correction_magnitude_deg,0,33893221
owd_uplink_ms,225.3778,36200000
owd_downlink_ms,229.5504,36200000
prediction_position_error_mm,119.56271529197693,36200000
prediction_orientation_error_deg,0,36200000
prediction_position_error_mm,124.63097274303436,36300000
prediction_orientation_error_deg,0,36300000
owd_uplink_ms,227.5114,36400000
owd_downlink_ms,232.2043,36400000
correction_magnitude_mm,5.27657475322485,34004303
correction_magnitude_deg,0,34004303
prediction_position_error_mm,5.454257130622864,36400000
prediction_orientation_error_deg,0,36400000
owd_uplink_ms,225.4724,36500000
owd_downlink_ms,223.1695,36500000
prediction_position_error_mm,9.275360964238644,36500000
prediction_orientation_error_deg,0,36500000
owd_uplink_ms,230.9169,36600000
owd_downlink_ms,230.8898,36600000
owd_uplink_ms,223.5393,36600000
owd_downlink_ms,224.6494,36600000
correction_magnitude_mm,5.2640726789832115,34302777
correction_magnitude_deg,0,34302777
prediction_position_error_mm,5.972454324364662,36600000
prediction_orientation_error_deg,0,36600000
prediction_position_error_mm,2.317829756066203,36700000
prediction_orientation_error_deg,0,36700000
owd_uplink_ms,229.8595,36800000
owd_downlink_ms,226.7105,36800000
prediction_position_error_mm,5.629399791359901,36800000
prediction_orientation_error_deg,0,36800000
owd_uplink_ms,230.873,36900000
owd_downlink_ms,231.2725,36900000
owd_uplink_ms,227.1878,36900000
owd_downlink_ms,224.5045,36900000
correction_magnitude_mm,5.247184075415134,34595987
correction_magnitude_deg,0,34595987
prediction_position_error_mm,7.48518668115139,36900000
prediction_orientation_error_deg,0,36900000
prediction_position_error_mm,7.987000979483128,37000000
prediction_orientation_error_deg,0,37000000
owd_uplink_ms,224.5869,37100000
owd_downlink_ms,230.7863,37100000
owd_uplink_ms,228.7054,37100000
owd_downlink_ms,226.006,37100000
prediction_position_error_mm,7.51900440081954,37100000
prediction_orientation_error_deg,0,37100000
owd_uplink_ms,223.8324,37200000
owd_downlink_ms,225.5142,37200000
prediction_position_error_mm,1.9810197409242392,37200000
prediction_orientation_error_deg,0,37200000
owd_uplink_ms,223.7548,37300000
owd_downlink_ms,224.272,37300000
prediction_position_error_mm,3.0587639193981886,37300000
prediction_orientation_error_deg,0,37300000
prediction_position_error_mm,3.396523417904973,37400000
prediction_orientation_error_deg,0,37400000
owd_uplink_ms,225.7522,37500000
owd_downlink_ms,224.3314,37500000
owd_uplink_ms,231.7859,37500000
owd_downlink_ms,229.0405,37500000
prediction_position_error_mm,115.99960178136826,37500000
prediction_orientation_error_deg,0,37500000
owd_uplink_ms,226.0775,37600000
owd_downlink_ms,226.1541,37600000
correction_magnitude_mm,5.190736148506403,35297997
correction_magnitude_deg,0,35297997
prediction_position_error_mm,8.182771503925323,37600000
prediction_orientation_error_deg,0,37600000
prediction_position_error_mm,8.75573419034481,37700000
prediction_orientation_error_deg,0,37700000
owd_uplink_ms,231.6825,37800000
owd_downlink_ms,227.9736,37800000
correction_magnitude_mm,5.310002714395523,35493361
correction_magnitude_deg,0,35493361
prediction_position_error_mm,58.931730687618256,37800000
prediction_orientation_error_deg,0,37800000
owd_uplink_ms,231.0505,37900000
owd_downlink_ms,228.2039,37900000
prediction_position_error_mm,4.600235261023045,37900000
prediction_orientation_error_deg,0,37900000
owd_uplink_ms,230.0814,38000000
owd_downlink_ms,226.4342,38000000
correction_magnitude_mm,5.190422758460045,35685245
correction_magnitude_deg,0,35685245
owd_uplink_ms,222.5063,38000000
owd_downlink_ms,228.741,38000000
prediction_position_error_mm,114.13546651601791,38000000
prediction_orientation_error_deg,0,38000000
owd_uplink_ms,223.7503,38100000
owd_downlink_ms,228.5766,38100000
correction_magnitude_mm,5.135856103152037,35799072
correction_magnitude_deg,0,35799072
prediction_position_error_mm,2.8567349072545767,38100000
prediction_orientation_error_deg,0,38100000
owd_uplink_ms,223.8429,38200000
owd_downlink_ms,225.8879,38200000
prediction_position_error_mm,2.295540412887931,38200000
prediction_orientation_error_deg,0,38200000
owd_uplink_ms,224.3619,38300000
owd_downlink_ms,224.9707,38300000
prediction_position_error_mm,8.48697405308485,38300000
prediction_orientation_error_deg,0,38300000
prediction_position_error_mm,8.895697072148323,38400000
prediction_orientation_error_deg,0,38400000
owd_uplink_ms,226.2306,38500000
owd_downlink_ms,230.1498,38500000
prediction_position_error_mm,2.0018506329506636,38500000
prediction_orientation_error_deg,0,38500000
owd_uplink_ms,227.867,38600000
owd_downlink_ms,229.1918,38600000
prediction_position_error_mm,3.4793317317962646,38600000
prediction_orientation_error_deg,0,38600000
owd_uplink_ms,229.6506,38700000
owd_downlink_ms,229.715,38700000
owd_uplink_ms,227.9917,38700000
owd_downlink_ms,225.8015,38700000
prediction_position_error_mm,8.294505067169666,38700000
prediction_orientation_error_deg,0,38700000
prediction_position_error_mm,13.426701538264751,38800000
prediction_orientation_error_deg,0,38800000
owd_uplink_ms,232.8202,38900000
owd_downlink_ms,229.5314,38900000
correction_magnitude_mm,5.140366032719612,36602173
correction_magnitude_deg,0,36602173
prediction_position_error_mm,56.03541061282158,38900000
prediction_orientation_error_deg,0,38900000
owd_uplink_ms,231.0173,39000000
owd_downlink_ms,225.4805,39000000
correction_magnitude_mm,7.635585032403469,36695253
correction_magnitude_deg,0,36695253
owd_uplink_ms,225.6474,39000000
owd_downlink_ms,227.4294,39000000
prediction_position_error_mm,109.60424691438675,39000000
prediction_orientation_error_deg,0,39000000
owd_uplink_ms,224.4219,39100000
owd_downlink_ms,224.6486,39100000
prediction_position_error_mm,10.062634944915771,39100000
prediction_orientation_error_deg,0,39100000
owd_uplink_ms,223.7318,39200000
owd_downlink_ms,225.7532,39200000
prediction_position_error_mm,3.3812029287219048,39200000
prediction_orientation_error_deg,0,39200000
prediction_position_error_mm,3.822243306785822,39300000
prediction_orientation_error_deg,0,39300000
owd_uplink_ms,230.2258,39400000
owd_downlink_ms,232.5475,39400000
owd_uplink_ms,224.2016,39400000
owd_downlink_ms,224.1262,39400000
prediction_position_error_mm,6.2226769514381886,39400000
prediction_orientation_error_deg,0,39400000
owd_uplink_ms,229.6774,39500000
owd_downlink_ms,226.4166,39500000
prediction_position_error_mm,11.157211847603321,39500000
prediction_orientation_error_deg,0,39500000
owd_uplink_ms,225.4738,39600000
owd_downlink_ms,229.2403,39600000
prediction_position_error_mm,5.594206042587757,39600000
prediction_orientation_error_deg,0,39600000
owd_uplink_ms,227.9682,39700000
owd_downlink_ms,227.2533,39700000
prediction_position_error_mm,7.471158169209957,39700000
prediction_orientation_error_deg,0,39700000
owd_uplink_ms,225.8045,39800000
owd_downlink_ms,228.7442,39800000
prediction_position_error_mm,2.7552563697099686,39800000
prediction_orientation_error_deg,0,39800000
owd_uplink_ms,229.305,39900000
owd_downlink_ms,223.8622,39900000
prediction_position_error_mm,14.90151509642601,39900000
prediction_orientation_error_deg,0,39900000
prediction_position_error_mm,20.074330270290375,40000000
prediction_orientation_error_deg,0,40000000
owd_uplink_ms,224.4425,40100000
owd_downlink_ms,229.6707,40100000
prediction_position_error_mm,1.6337106935679913,40100000
prediction_orientation_error_deg,0,40100000
owd_uplink_ms,229.5809,40200000
owd_downlink_ms,230.5298,40200000
owd_uplink_ms,226.3925,40200000
owd_downlink_ms,223.9006,40200000
prediction_position_error_mm,10.471574030816555,40200000
prediction_orientation_error_deg,0,40200000
owd_uplink_ms,226.5162,40300000
owd_downlink_ms,226.6616,40300000
prediction_position_error_mm,6.915458012372255,40300000
prediction_orientation_error_deg,0,40300000
prediction_position_error_mm,7.5839487835764885,40400000
prediction_orientation_error_deg,0,40400000
owd_uplink_ms,224.9853,40500000
owd_downlink_ms,229.1581,40500000
owd_uplink_ms,225.0494,40500000
owd_downlink_ms,226.9708,40500000
prediction_position_error_mm,4.549852106720209,40500000
prediction_orientation_error_deg,0,40500000
prediction_position_error_mm,5.13450289145112,40600000
prediction_orientation_error_deg,0,40600000
owd_uplink_ms,231.8877,40700000
owd_downlink_ms,225.7838,40700000
prediction_position_error_mm,48.32761362195015,40700000
prediction_orientation_error_deg,0,40700000
owd_uplink_ms,228.5461,40800000
owd_downlink_ms,228.0972,40800000
correction_magnitude_mm,6.873862352222204,38503916
correction_magnitude_deg,0,38503916
prediction_position_error_mm,115.78188091516495,40800000
prediction_orientation_error_deg,0,40800000
owd_uplink_ms,230.862,40900000
owd_downlink_ms,232.066,40900000
owd_uplink_ms,228.5247,40900000
owd_downlink_ms,224.0156,40900000
prediction_position_error_mm,14.287270605564117,40900000
prediction_orientation_error_deg,0,40900000
owd_uplink_ms,224.0079,41000000
owd_downlink_ms,225.0487,41000000
prediction_position_error_mm,6.735742557793856,41000000
prediction_orientation_error_deg,0,41000000
prediction_position_error_mm,7.422144990414381,41100000
prediction_orientation_error_deg,0,41100000
owd_uplink_ms,230.0497,41200000
owd_downlink_ms,228.8874,41200000
prediction_position_error_mm,9.414912201464176,41200000
prediction_orientation_error_deg,0,41200000
owd_uplink_ms,224.126,41300000
owd_downlink_ms,231.7516,41300000
prediction_position_error_mm,96.05321288108826,41300000
prediction_orientation_error_deg,0,41300000
owd_uplink_ms,225.6916,41400000
owd_downlink_ms,229.6722,41400000
prediction_position_error_mm,7.239567581564188,41400000
prediction_orientation_error_deg,0,41400000
owd_uplink_ms,232.1034,41500000
owd_downlink_ms,223.1166,41500000
owd_uplink_ms,225.9791,41500000
owd_downlink_ms,227.2425,41500000
prediction_position_error_mm,93.8473492860794,41500000
prediction_orientation_error_deg,0,41500000
owd_uplink_ms,224.3767,41600000
owd_downlink_ms,225.1115,41600000
prediction_position_error_mm,11.241245083510876,41600000
prediction_orientation_error_deg,0,41600000
owd_uplink_ms,225.7177,41700000
owd_downlink_ms,223.4972,41700000
prediction_position_error_mm,11.621540412306786,41700000
prediction_orientation_error_deg,0,41700000
owd_uplink_ms,229.2597,41800000
owd_downlink_ms,228.9649,41800000
prediction_position_error_mm,12.810330837965012,41800000
prediction_orientation_error_deg,0,41800000
prediction_position_error_mm,10.092395357787609,41900000
prediction_orientation_error_deg,0,41900000
owd_uplink_ms,224.6978,42000000
owd_downlink_ms,225.7961,42000000
prediction_position_error_mm,12.19277549535036,42000000
prediction_orientation_error_deg,0,42000000
owd_uplink_ms,232.4564,42100000
owd_downlink_ms,231.1783,42100000
prediction_position_error_mm,93.47308427095413,42100000
prediction_orientation_error_deg,0,42100000
owd_uplink_ms,226.4786,42200000
owd_downlink_ms,230.965,42200000
prediction_position_error_mm,9.31013934314251,42200000
prediction_orientation_error_deg,0,42200000
owd_uplink_ms,225.8845,42300000
owd_downlink_ms,230.7342,42300000
prediction_position_error_mm,4.0628802962601185,42300000
prediction_orientation_error_deg,0,42300000
owd_uplink_ms,230.588,42400000
owd_downlink_ms,226.0428,42400000
owd_uplink_ms,232.8763,42400000
owd_downlink_ms,227.0393,42400000
prediction_position_error_mm,86.75434440374374,42400000
prediction_orientation_error_deg,0,42400000
owd_uplink_ms,226.4833,42500000
owd_downlink_ms,229.1289,42500000
prediction_position_error_mm,13.484581373631954,42500000
prediction_orientation_error_deg,0,42500000
owd_uplink_ms,228.5875,42600000
owd_downlink_ms,227.1866,42600000
prediction_position_error_mm,11.396887712180614,42600000
prediction_orientation_error_deg,0,42600000
prediction_position_error_mm,12.358438223600388,42700000
prediction_orientation_error_deg,0,42700000
owd_uplink_ms,226.126,42800000
owd_downlink_ms,229.707,42800000
owd_uplink_ms,229.2145,42800000
owd_downlink_ms,223.6477,42800000
prediction_position_error_mm,20.145950838923454,42800000
prediction_orientation_error_deg,0,42800000
owd_uplink_ms,225.0886,42900000
owd_downlink_ms,226.8918,42900000
prediction_position_error_mm,11.130200698971748,42900000
prediction_orientation_error_deg,0,42900000
prediction_position_error_mm,8.843721821904182,43000000
prediction_orientation_error_deg,0,43000000
owd_uplink_ms,228.7941,43100000
owd_downlink_ms,229.6878,43100000
owd_uplink_ms,225.1862,43100000
owd_downlink_ms,224.8734,43100000
prediction_position_error_mm,10.552584193646908,43100000
prediction_orientation_error_deg,0,43100000
owd_uplink_ms,227.1368,43200000
owd_downlink_ms,224.2503,43200000
prediction_position_error_mm,13.788956217467785,43200000
prediction_orientation_error_deg,0,43200000
owd_uplink_ms,227.2705,43300000
owd_downlink_ms,224.9351,43300000
prediction_position_error_mm,13.316933065652847,43300000
prediction_orientation_error_deg,0,43300000
prediction_position_error_mm,14.378618448972702,43400000
prediction_orientation_error_deg,0,43400000
owd_uplink_ms,227.2581,43500000
owd_downlink_ms,230.2272,43500000
owd_uplink_ms,226.4356,43500000
owd_downlink_ms,229.5557,43500000
prediction_position_error_mm,10.144288651645184,43500000
prediction_orientation_error_deg,0,43500000
prediction_position_error_mm,8.10984242707491,43600000
prediction_orientation_error_deg,0,43600000
prediction_position_error_mm,8.971934206783772,43700000
prediction_orientation_error_deg,0,43700000
owd_uplink_ms,231.0614,43800000
owd_downlink_ms,230.3472,43800000
owd_uplink_ms,223.3456,43800000
owd_downlink_ms,223.2548,43800000
correction_magnitude_mm,5.55482879281044,41502855
correction_magnitude_deg,0,41502855
owd_uplink_ms,232.0299,43800000
owd_downlink_ms,224.5513,43800000
prediction_position_error_mm,74.41269606351852,43800000
prediction_orientation_error_deg,0,43800000
prediction_position_error_mm,77.145054936409,43900000
prediction_orientation_error_deg,0,43900000
owd_uplink_ms,229.6484,44000000
owd_downlink_ms,226.7286,44000000
correction_magnitude_mm,7.303549442440271,41689858
correction_magnitude_deg,0,41689858
prediction_position_error_mm,20.438941195607185,44000000
prediction_orientation_error_deg,0,44000000
owd_uplink_ms,223.8924,44100000
owd_downlink_ms,230.7988,44100000
prediction_position_error_mm,75.17465949058533,44100000
prediction_orientation_error_deg,0,44100000
owd_uplink_ms,224.0488,44200000
owd_downlink_ms,225.0659,44200000
correction_magnitude_mm,7.153195794671774,41899763
correction_magnitude_deg,0,41899763
prediction_position_error_mm,11.240801773965359,44200000
prediction_orientation_error_deg,0,44200000
owd_uplink_ms,230.9543,44300000
owd_downlink_ms,232.0007,44300000
prediction_position_error_mm,70.6217959523201,44300000
prediction_orientation_error_deg,0,44300000
owd_uplink_ms,231.0661,44400000
owd_downlink_ms,228.1747,44400000
correction_magnitude_mm,7.000122684985399,42097456
correction_magnitude_deg,0,42097456
owd_uplink_ms,228.5496,44400000
owd_downlink_ms,229.233,44400000
prediction_position_error_mm,68.68598610162735,44400000
prediction_orientation_error_deg,0,44400000
prediction_position_error_mm,71.14940881729126,44500000
prediction_orientation_error_deg,0,44500000
owd_uplink_ms,230.9569,44600000
owd_downlink_ms,227.8871,44600000
correction_magnitude_mm,6.8444060161709785,42294474
correction_magnitude_deg,0,42294474
owd_uplink_ms,226.3529,44600000
owd_downlink_ms,228.3357,44600000
prediction_position_error_mm,66.72428548336029,44600000
prediction_orientation_error_deg,0,44600000
owd_uplink_ms,229.365,44700000
owd_downlink_ms,227.0767,44700000
prediction_position_error_mm,14.187388122081757,44700000
prediction_orientation_error_deg,0,44700000
owd_uplink_ms,225.1978,44800000
owd_downlink_ms,225.6125,44800000
prediction_position_error_mm,13.882417231798172,44800000
prediction_orientation_error_deg,0,44800000
owd_uplink_ms,227.2059,44900000
owd_downlink_ms,228.1843,44900000
prediction_position_error_mm,13.356917537748814,44900000
prediction_orientation_error_deg,0,44900000
owd_uplink_ms,226.5282,45000000
owd_downlink_ms,225.9539,45000000
prediction_position_error_mm,12.650550343096256,45000000
prediction_orientation_error_deg,0,45000000
prediction_position_error_mm,15.898119658231735,45100000
prediction_orientation_error_deg,0,45100000
owd_uplink_ms,229.6668,45200000
owd_downlink_ms,225.4132,45200000
prediction_position_error_mm,25.892460718750954,45200000
prediction_orientation_error_deg,0,45200000
owd_uplink_ms,224.4923,45300000
owd_downlink_ms,224.9822,45300000
owd_uplink_ms,229.8879,45300000
owd_downlink_ms,230.6256,45300000
prediction_position_error_mm,59.66692045331001,45300000
prediction_orientation_error_deg,0,45300000
prediction_position_error_mm,61.71201542019844,45400000
prediction_orientation_error_deg,0,45400000
owd_uplink_ms,226.1038,45500000
owd_downlink_ms,231.4202,45500000
owd_uplink_ms,227.8627,45500000
owd_downlink_ms,225.4693,45500000
prediction_position_error_mm,14.621447771787643,45500000
prediction_orientation_error_deg,0,45500000
owd_uplink_ms,225.4464,45600000
owd_downlink_ms,229.4455,45600000
prediction_position_error_mm,9.158777073025703,45600000
prediction_orientation_error_deg,0,45600000
prediction_position_error_mm,10.118883103132248,45700000
prediction_orientation_error_deg,0,45700000
owd_uplink_ms,225.2425,45800000
owd_downlink_ms,232.1375,45800000
prediction_position_error_mm,7.807988207787275,45800000
prediction_orientation_error_deg,0,45800000
owd_uplink_ms,230.707,45900000
owd_downlink_ms,223.8741,45900000
prediction_position_error_mm,16.04483462870121,45900000
prediction_orientation_error_deg,0,45900000
owd_uplink_ms,227.7746,46000000
owd_downlink_ms,231.691,46000000
prediction_position_error_mm,55.160440504550934,46000000
prediction_orientation_error_deg,0,46000000
owd_uplink_ms,228.4475,46100000
owd_downlink_ms,231.2749,46100000
owd_uplink_ms,228.823,46100000
owd_downlink_ms,226.683,46100000
prediction_position_error_mm,14.314224012196064,46100000
prediction_orientation_error_deg,0,46100000
prediction_position_error_mm,17.15139113366604,46200000
prediction_orientation_error_deg,0,46200000
owd_uplink_ms,228.8406,46300000
owd_downlink_ms,231.3547,46300000
prediction_position_error_mm,11.720696464180946,46300000
prediction_orientation_error_deg,0,46300000
owd_uplink_ms,226.0559,46400000
owd_downlink_ms,224.3037,46400000
owd_uplink_ms,232.0024,46400000
owd_downlink_ms,227.4496,46400000
prediction_position_error_mm,48.05034026503563,46400000
prediction_orientation_error_deg,0,46400000
owd_uplink_ms,223.7432,46500000
owd_downlink_ms,228.4112,46500000
prediction_position_error_mm,12.72180862724781,46500000
prediction_orientation_error_deg,0,46500000
prediction_position_error_mm,13.866805471479893,46600000
prediction_orientation_error_deg,0,46600000
owd_uplink_ms,231.058,46700000
owd_downlink_ms,223.5466,46700000
owd_uplink_ms,225.7687,46700000
owd_downlink_ms,227.4462,46700000
prediction_position_error_mm,43.372053653001785,46700000
prediction_orientation_error_deg,0,46700000
prediction_position_error_mm,46.157002449035645,46800000
prediction_orientation_error_deg,0,46800000
owd_uplink_ms,229.9104,46900000
owd_downlink_ms,230.681,46900000
owd_uplink_ms,225.2026,46900000
owd_downlink_ms,226.8315,46900000
prediction_position_error_mm,13.331030495464802,46900000
prediction_orientation_error_deg,0,46900000
owd_uplink_ms,229.6541,47000000
owd_downlink_ms,225.7708,47000000
prediction_position_error_mm,16.0809438675642,47000000
prediction_orientation_error_deg,0,47000000
prediction_position_error_mm,17.371874302625656,47100000
prediction_orientation_error_deg,0,47100000
prediction_position_error_mm,18.713453784585,47200000
prediction_orientation_error_deg,0,47200000
owd_uplink_ms,231.7005,47300000
owd_downlink_ms,231.5675,47300000
owd_uplink_ms,226.773,47300000
owd_downlink_ms,226.3514,47300000
prediction_position_error_mm,66.4391741156578,47300000
prediction_orientation_error_deg,0,47300000
owd_uplink_ms,231.5622,47400000
owd_downlink_ms,230.999,47400000
prediction_position_error_mm,38.174763321876526,47400000
prediction_orientation_error_deg,0,47400000
owd_uplink_ms,231.4004,47500000
owd_downlink_ms,225.6989,47500000
prediction_position_error_mm,16.309121623635292,47500000
prediction_orientation_error_deg,0,47500000
owd_uplink_ms,224.3893,47600000
owd_downlink_ms,232.3338,47600000
owd_uplink_ms,226.6777,47600000
owd_downlink_ms,227.1619,47600000
prediction_position_error_mm,13.281065970659256,47600000
prediction_orientation_error_deg,0,47600000
owd_uplink_ms,223.1942,47700000
owd_downlink_ms,223.4136,47700000
prediction_position_error_mm,13.480504974722862,47700000
prediction_orientation_error_deg,0,47700000
owd_uplink_ms,225.1915,47800000
owd_downlink_ms,228.481,47800000
prediction_position_error_mm,11.786560527980328,47800000
prediction_orientation_error_deg,0,47800000
owd_uplink_ms,225.8719,47900000
owd_downlink_ms,227.7875,47900000
prediction_position_error_mm,12.538177892565727,47900000
prediction_orientation_error_deg,0,47900000
owd_uplink_ms,225.332,48000000
owd_downlink_ms,224.1344,48000000
prediction_position_error_mm,14.29525762796402,48000000
prediction_orientation_error_deg,0,48000000
owd_uplink_ms,228.2212,48100000
owd_downlink_ms,227.7308,48100000
prediction_position_error_mm,13.953126035630703,48100000
prediction_orientation_error_deg,0,48100000
owd_uplink_ms,225.7747,48200000
owd_downlink_ms,226.9935,48200000
prediction_position_error_mm,13.096597045660019,48200000
prediction_orientation_error_deg,0,48200000
owd_uplink_ms,228.2447,48300000
owd_downlink_ms,227.2637,48300000
prediction_position_error_mm,14.26241360604763,48300000
prediction_orientation_error_deg,0,48300000
owd_uplink_ms,228.1785,48400000
owd_downlink_ms,223.9737,48400000
prediction_position_error_mm,16.571978107094765,48400000
prediction_orientation_error_deg,0,48400000
prediction_position_error_mm,17.358476296067238,48500000
prediction_orientation_error_deg,0,48500000
owd_uplink_ms,232.3312,48600000
owd_downlink_ms,227.6055,48600000
prediction_position_error_mm,16.176344826817513,48600000
prediction_orientation_error_deg,0,48600000
owd_uplink_ms,224.1944,48700000
owd_downlink_ms,231.2226,48700000
owd_uplink_ms,224.5207,48700000
owd_downlink_ms,223.418,48700000
prediction_position_error_mm,14.8308165371418,48700000
prediction_orientation_error_deg,0,48700000
owd_uplink_ms,223.3672,48800000
owd_downlink_ms,225.4317,48800000
prediction_position_error_mm,13.415590859949589,48800000
prediction_orientation_error_deg,0,48800000
prediction_position_error_mm,14.299255795776844,48900000
prediction_orientation_error_deg,0,48900000
owd_uplink_ms,226.1041,49000000
owd_downlink_ms,230.5206,49000000
prediction_position_error_mm,13.558657839894295,49000000
prediction_orientation_error_deg,0,49000000
owd_uplink_ms,223.7973,49100000
owd_downlink_ms,222.8237,49100000
prediction_position_error_mm,14.763051643967628,49100000
prediction_orientation_error_deg,0,49100000
owd_uplink_ms,231.5628,49200000
owd_downlink_ms,232.0909,49200000
prediction_position_error_mm,18.348459154367447,49200000
prediction_orientation_error_deg,0,49200000
owd_uplink_ms,231.505,49300000
owd_downlink_ms,227.446,49300000
prediction_position_error_mm,15.441528521478176,49300000
prediction_orientation_error_deg,0,49300000
owd_uplink_ms,226.2147,49400000
owd_downlink_ms,229.4402,49400000
owd_uplink_ms,226.9836,49400000
owd_downlink_ms,228.6123,49400000
prediction_position_error_mm,13.521285727620125,49400000
prediction_orientation_error_deg,0,49400000
owd_uplink_ms,227.31,49500000
owd_downlink_ms,228.0883,49500000
prediction_position_error_mm,13.826592825353146,49500000
prediction_orientation_error_deg,0,49500000
owd_uplink_ms,227.8149,49600000
owd_downlink_ms,223.6637,49600000
prediction_position_error_mm,15.425164252519608,49600000
prediction_orientation_error_deg,0,49600000
prediction_position_error_mm,16.672920435667038,49700000
prediction_orientation_error_deg,0,49700000
owd_uplink_ms,229.6003,49800000
owd_downlink_ms,225.0785,49800000
owd_uplink_ms,230.8412,49800000
owd_downlink_ms,226.9305,49800000
prediction_position_error_mm,11.029191315174103,49800000
prediction_orientation_error_deg,0,49800000
prediction_position_error_mm,11.046187952160835,49900000
prediction_orientation_error_deg,0,49900000
owd_uplink_ms,225.2961,50000000
owd_downlink_ms,231.2665,50000000
prediction_position_error_mm,14.616133645176888,50000000
prediction_orientation_error_deg,0,50000000
