name,value,ticks
prediction_position_error_mm,0,100000
prediction_orientation_error_deg,0,100000
prediction_position_error_mm,0,200000
prediction_orientation_error_deg,0,200000
prediction_position_error_mm,0,300000
prediction_orientation_error_deg,0,300000
prediction_position_error_mm,0,400000
prediction_orientation_error_deg,0,400000
prediction_position_error_mm,0,500000
prediction_orientation_error_deg,0,500000
prediction_position_error_mm,0,600000
prediction_orientation_error_deg,0,600000
prediction_position_error_mm,0,700000
prediction_orientation_error_deg,0,700000
prediction_position_error_mm,0,800000
prediction_orientation_error_deg,0,800000
prediction_position_error_mm,0,900000
prediction_orientation_error_deg,0,900000
prediction_position_error_mm,0,1000000
prediction_orientation_error_deg,0,1000000
prediction_position_error_mm,0,1100000
prediction_orientation_error_deg,0,1100000
prediction_position_error_mm,0,1200000
prediction_orientation_error_deg,0,1200000
prediction_position_error_mm,0,1300000
prediction_orientation_error_deg,0,1300000
prediction_position_error_mm,1299.9999523162842,1400000
prediction_orientation_error_deg,0,1400000
prediction_position_error_mm,1299.9999523162842,1500000
prediction_orientation_error_deg,0,1500000
prediction_position_error_mm,1300.0091314315796,1600000
prediction_orientation_error_deg,0,1600000
prediction_position_error_mm,1300.0091314315796,1700000
prediction_orientation_error_deg,0,1700000
prediction_position_error_mm,1300.0361919403076,1800000
prediction_orientation_error_deg,0,1800000
prediction_position_error_mm,1300.0564575195312,1900000
prediction_orientation_error_deg,0,1900000
prediction_position_error_mm,1300.0812530517578,2000000
prediction_orientation_error_deg,0,2000000
prediction_position_error_mm,1300.1103401184082,2100000
prediction_orientation_error_deg,0,2100000
prediction_position_error_mm,1300.143837928772,2200000
prediction_orientation_error_deg,0,2200000
prediction_position_error_mm,1300.1817464828491,2300000
prediction_orientation_error_deg,0,2300000
prediction_position_error_mm,1300.2238273620605,2400000
prediction_orientation_error_deg,0,2400000
prediction_position_error_mm,1300.2238273620605,2500000
prediction_orientation_error_deg,0,2500000
prediction_position_error_mm,1300.3205060958862,2600000
prediction_orientation_error_deg,0,2600000
owd_uplink_ms,126.1531,2700000
owd_downlink_ms,126.1531,2700000
correction_magnitude_mm,1299.9999523162842,1404020
correction_magnitude_deg,0,1404020
prediction_position_error_mm,64.82895463705063,2700000
prediction_orientation_error_deg,0,2700000
prediction_position_error_mm,64.82895463705063,2800000
prediction_orientation_error_deg,0,2800000
owd_uplink_ms,129.6277,2900000
owd_downlink_ms,127.9069,2900000
correction_magnitude_mm,9.99937579035759,1601869
correction_magnitude_deg,0,1601869
owd_uplink_ms,130.3503,2900000
owd_downlink_ms,128.7894,2900000
prediction_position_error_mm,69.77025419473648,2900000
prediction_orientation_error_deg,0,2900000
prediction_position_error_mm,74.56276565790176,3000000
prediction_orientation_error_deg,0,3000000
owd_uplink_ms,127.2158,3100000
owd_downlink_ms,123.6329,3100000
correction_magnitude_mm,16.701720654964447,1795441
correction_magnitude_deg,0,1795441
owd_uplink_ms,131.5972,3100000
owd_downlink_ms,127.047,3100000
prediction_position_error_mm,70.96243649721146,3100000
prediction_orientation_error_deg,0,3100000
prediction_position_error_mm,75.48116147518158,3200000
prediction_orientation_error_deg,0,3200000
owd_uplink_ms,123.0889,3300000
owd_downlink_ms,131.5477,3300000
correction_magnitude_mm,16.25595986843109,1900327
correction_magnitude_deg,0,1900327
owd_uplink_ms,125.1242,3300000
owd_downlink_ms,127.2868,3300000
correction_magnitude_mm,15.473060309886932,2003030
correction_magnitude_deg,0,2003030
prediction_position_error_mm,58.1105500459671,3300000
prediction_orientation_error_deg,0,3300000
owd_uplink_ms,129.9883,3400000
owd_downlink_ms,128.0548,3400000
correction_magnitude_mm,14.526072889566422,2100613
correction_magnitude_deg,0,2100613
prediction_position_error_mm,51.54116079211235,3400000
prediction_orientation_error_deg,0,3400000
prediction_position_error_mm,54.672740399837494,3500000
prediction_orientation_error_deg,0,3500000
owd_uplink_ms,129.2382,3600000
owd_downlink_ms,130.088,3600000
correction_magnitude_mm,13.362526893615723,2201675
correction_magnitude_deg,0,2201675
owd_uplink_ms,126.6103,3600000
owd_downlink_ms,128.576,3600000
correction_magnitude_mm,12.113324366509914,2304132
correction_magnitude_deg,0,2304132
prediction_position_error_mm,40.02384841442108,3600000
prediction_orientation_error_deg,0,3600000
owd_uplink_ms,128.0719,3700000
owd_downlink_ms,126.8965,3700000
correction_magnitude_mm,10.970689356327057,2402662
correction_magnitude_deg,0,2402662
prediction_position_error_mm,34.77222099900246,3700000
prediction_orientation_error_deg,0,3700000
prediction_position_error_mm,36.79398074746132,3800000
prediction_orientation_error_deg,0,3800000
owd_uplink_ms,130.9164,3900000
owd_downlink_ms,125.408,3900000
correction_magnitude_mm,12.103310786187649,2595777
correction_magnitude_deg,0,2595777
owd_uplink_ms,127.3431,3900000
owd_downlink_ms,128.6595,3900000
correction_magnitude_mm,8.422168903052807,2597423
correction_magnitude_deg,0,2597423
prediction_position_error_mm,169.81641948223114,3900000
prediction_orientation_error_deg,0,3900000
prediction_position_error_mm,183.366596698761,4000000
prediction_orientation_error_deg,0,4000000
owd_uplink_ms,125.2881,4100000
owd_downlink_ms,129.9563,4100000
correction_magnitude_mm,8.610693737864494,2703258
correction_magnitude_deg,0,2703258
prediction_position_error_mm,190.93696773052216,4100000
prediction_orientation_error_deg,0,4100000
owd_uplink_ms,129.9476,4200000
owd_downlink_ms,123.5396,4200000
correction_magnitude_mm,30.969278886914253,2895249
correction_magnitude_deg,0,2895249
prediction_position_error_mm,193.48466396331787,4200000
prediction_orientation_error_deg,0,4200000
owd_uplink_ms,124.7994,4300000
owd_downlink_ms,130.624,4300000
correction_magnitude_mm,22.96479418873787,2902529
correction_magnitude_deg,0,2902529
prediction_position_error_mm,62.40098178386688,4300000
prediction_orientation_error_deg,0,4300000
owd_uplink_ms,129.2572,4400000
owd_downlink_ms,130.7725,4400000
correction_magnitude_mm,19.49145272374153,3004423
correction_magnitude_deg,0,3004423
owd_uplink_ms,128.6463,4400000
owd_downlink_ms,123.9306,4400000
correction_magnitude_mm,15.88861458003521,3098529
correction_magnitude_deg,0,3098529
prediction_position_error_mm,40.61531275510788,4400000
prediction_orientation_error_deg,0,4400000
owd_uplink_ms,123.4914,4500000
owd_downlink_ms,124.7139,4500000
correction_magnitude_mm,13.42690922319889,3200057
correction_magnitude_deg,0,3200057
prediction_position_error_mm,33.79278630018234,4500000
prediction_orientation_error_deg,0,4500000
owd_uplink_ms,126.5101,4600000
owd_downlink_ms,128.1341,4600000
correction_magnitude_mm,11.343419551849365,3302087
correction_magnitude_deg,0,3302087
prediction_position_error_mm,32.78309851884842,4600000
prediction_orientation_error_deg,0,4600000
owd_uplink_ms,128.8272,4700000
owd_downlink_ms,126.4585,4700000
correction_magnitude_mm,9.23503190279007,3399127
correction_magnitude_deg,0,3399127
prediction_position_error_mm,27.947109192609787,4700000
prediction_orientation_error_deg,0,4700000
owd_uplink_ms,128.2898,4800000
owd_downlink_ms,127.4953,4800000
correction_magnitude_mm,7.612382061779499,3498134
correction_magnitude_deg,0,3498134
prediction_position_error_mm,19.371958449482918,4800000
prediction_orientation_error_deg,0,4800000
owd_uplink_ms,129.5286,4900000
owd_downlink_ms,128.8694,4900000
correction_magnitude_mm,6.269007455557585,3597310
correction_magnitude_deg,0,3597310
prediction_position_error_mm,16.234595328569412,4900000
prediction_orientation_error_deg,0,4900000
owd_uplink_ms,123.6779,5000000
owd_downlink_ms,125.941,5000000
correction_magnitude_mm,5.35974558442831,3700138
correction_magnitude_deg,0,3700138
prediction_position_error_mm,18.22989247739315,5000000
prediction_orientation_error_deg,0,5000000
prediction_position_error_mm,14.540255069732666,5100000
prediction_orientation_error_deg,0,5100000
owd_uplink_ms,126.8332,5200000
owd_downlink_ms,130.0365,5200000
owd_uplink_ms,127.2175,5200000
owd_downlink_ms,124.6831,5200000
prediction_position_error_mm,9.744628332555294,5200000
prediction_orientation_error_deg,0,5200000
owd_uplink_ms,123.9459,5300000
owd_downlink_ms,128.0843,5300000
prediction_position_error_mm,12.685267254710197,5300000
prediction_orientation_error_deg,0,5300000
prediction_position_error_mm,13.28237447887659,5400000
prediction_orientation_error_deg,0,5400000
owd_uplink_ms,129.6354,5500000
owd_downlink_ms,130.0916,5500000
prediction_position_error_mm,7.7925920486450195,5500000
prediction_orientation_error_deg,0,5500000
owd_uplink_ms,132.2487,5600000
owd_downlink_ms,126.0093,5600000
prediction_position_error_mm,7.365656550973654,5600000
prediction_orientation_error_deg,0,5600000
owd_uplink_ms,129.8537,5700000
owd_downlink_ms,130.8847,5700000
owd_uplink_ms,125.4873,5700000
owd_downlink_ms,124.548,5700000
prediction_position_error_mm,41.889362037181854,5700000
prediction_orientation_error_deg,0,5700000
owd_uplink_ms,124.8784,5800000
owd_downlink_ms,128.6623,5800000
prediction_position_error_mm,37.32537850737572,5800000
prediction_orientation_error_deg,0,5800000
prediction_position_error_mm,44.48024556040764,5900000
prediction_orientation_error_deg,0,5900000
owd_uplink_ms,131.5349,6000000
owd_downlink_ms,126.1587,6000000
correction_magnitude_mm,5.090220831334591,4697038
correction_magnitude_deg,0,4697038
prediction_position_error_mm,40.45873135328293,6000000
prediction_orientation_error_deg,0,6000000
owd_uplink_ms,125.8512,6100000
owd_downlink_ms,129.6381,6100000
correction_magnitude_mm,10.919294320046902,4801771
correction_magnitude_deg,0,4801771
prediction_position_error_mm,35.822369158267975,6100000
prediction_orientation_error_deg,0,6100000
owd_uplink_ms,131.2305,6200000
owd_downlink_ms,131.5304,6200000
correction_magnitude_mm,7.636144757270813,4802145
correction_magnitude_deg,0,4802145
prediction_position_error_mm,816.0398006439209,6200000
prediction_orientation_error_deg,0,6200000
owd_uplink_ms,125.1051,6300000
owd_downlink_ms,129.9444,6300000
correction_magnitude_mm,57.11118504405022,4908194
correction_magnitude_deg,0,4908194
prediction_position_error_mm,835.3593945503235,6300000
prediction_orientation_error_deg,0,6300000
owd_uplink_ms,126.636,6400000
owd_downlink_ms,123.8429,6400000
correction_magnitude_mm,151.91684663295746,5104702
correction_magnitude_deg,0,5104702
owd_uplink_ms,130.4518,6400000
owd_downlink_ms,128.9137,6400000
prediction_position_error_mm,817.0918226242065,6400000
prediction_orientation_error_deg,0,6400000
owd_uplink_ms,128.3093,6500000
owd_downlink_ms,126.1639,6500000
correction_magnitude_mm,158.36717188358307,5200097
correction_magnitude_deg,0,5200097
prediction_position_error_mm,759.8968744277954,6500000
prediction_orientation_error_deg,0,6500000
prediction_position_error_mm,809.9976181983948,6600000
prediction_orientation_error_deg,0,6600000
prediction_position_error_mm,860.1250052452087,6700000
prediction_orientation_error_deg,0,6700000
owd_uplink_ms,132.3772,6800000
owd_downlink_ms,132.0669,6800000
correction_magnitude_mm,214.75175023078918,5399710
correction_magnitude_deg,0,5399710
owd_uplink_ms,125.3299,6800000
owd_downlink_ms,128.6652,6800000
correction_magnitude_mm,194.5740282535553,5503879
correction_magnitude_deg,0,5503879
prediction_position_error_mm,669.6604490280151,6800000
prediction_orientation_error_deg,0,6800000
owd_uplink_ms,131.6599,6900000
owd_downlink_ms,130.058,6900000
owd_uplink_ms,126.7691,6900000
owd_downlink_ms,123.6243,6900000
correction_magnitude_mm,174.5321750640869,5597946
correction_magnitude_deg,0,5597946
prediction_position_error_mm,586.176335811615,6900000
prediction_orientation_error_deg,0,6900000
owd_uplink_ms,124.0603,7000000
owd_downlink_ms,128.182,7000000
correction_magnitude_mm,159.71265733242035,5703098
correction_magnitude_deg,0,5703098
prediction_position_error_mm,514.9800181388855,7000000
prediction_orientation_error_deg,0,7000000
prediction_position_error_mm,546.2640523910522,7100000
prediction_orientation_error_deg,0,7100000
owd_uplink_ms,130.3387,7200000
owd_downlink_ms,123.7331,7200000
correction_magnitude_mm,170.80339789390564,5894841
correction_magnitude_deg,0,5894841
prediction_position_error_mm,495.4935908317566,7200000
prediction_orientation_error_deg,0,7200000
owd_uplink_ms,127.3233,7300000
owd_downlink_ms,130.6258,7300000
correction_magnitude_mm,120.91129273176193,5898969
correction_magnitude_deg,0,5898969
prediction_position_error_mm,743.2474493980408,7300000
prediction_orientation_error_deg,0,7300000
owd_uplink_ms,131.603,7400000
owd_downlink_ms,125.9964,7400000
correction_magnitude_mm,26.261290535330772,6091961
correction_magnitude_deg,0,6091961
prediction_position_error_mm,789.2449498176575,7400000
prediction_orientation_error_deg,0,7400000
owd_uplink_ms,130.6758,7500000
owd_downlink_ms,125.5172,7500000
correction_magnitude_mm,78.2548114657402,6185513
correction_magnitude_deg,0,6185513
owd_uplink_ms,125.1487,7500000
owd_downlink_ms,126.4163,7500000
correction_magnitude_mm,55.60676380991936,6187098
correction_magnitude_deg,0,6187098
prediction_position_error_mm,603.030800819397,7500000
prediction_orientation_error_deg,0,7500000
owd_uplink_ms,128.3495,7600000
owd_downlink_ms,127.0284,7600000
correction_magnitude_mm,8.900973945856094,6285447
correction_magnitude_deg,0,6285447
prediction_position_error_mm,645.8490490913391,7600000
prediction_orientation_error_deg,0,7600000
owd_uplink_ms,128.3989,7700000
owd_downlink_ms,127.3963,7700000
correction_magnitude_mm,54.016247391700745,6384194
correction_magnitude_deg,0,6384194
prediction_position_error_mm,660.7743501663208,7700000
prediction_orientation_error_deg,0,7700000
prediction_position_error_mm,704.0688395500183,7800000
prediction_orientation_error_deg,0,7800000
owd_uplink_ms,122.9126,7900000
owd_downlink_ms,132.1216,7900000
correction_magnitude_mm,90.52553027868271,6495706
correction_magnitude_deg,0,6495706
prediction_position_error_mm,689.9465322494507,7900000
prediction_orientation_error_deg,0,7900000
owd_uplink_ms,123.6203,8000000
owd_downlink_ms,129.9132,8000000
correction_magnitude_mm,111.61839216947556,6603572
correction_magnitude_deg,0,6603572
owd_uplink_ms,129.663,8000000
owd_downlink_ms,129.5787,8000000
correction_magnitude_mm,119.4305345416069,6703466
correction_magnitude_deg,0,6703466
prediction_position_error_mm,579.4240832328796,8000000
prediction_orientation_error_deg,0,8000000
prediction_position_error_mm,613.7836575508118,8100000
prediction_orientation_error_deg,0,8100000
owd_uplink_ms,128.688,8200000
owd_downlink_ms,131.0743,8200000
correction_magnitude_mm,122.63857573270798,6806448
correction_magnitude_deg,0,6806448
owd_uplink_ms,126.6908,8200000
owd_downlink_ms,127.2945,8200000
correction_magnitude_mm,120.37713825702667,6907202
correction_magnitude_deg,0,6907202
prediction_position_error_mm,482.960969209671,8200000
prediction_orientation_error_deg,0,8200000
prediction_position_error_mm,514.0420198440552,8300000
prediction_orientation_error_deg,0,8300000
owd_uplink_ms,124.7421,8400000
owd_downlink_ms,129.3281,8400000
correction_magnitude_mm,116.94271862506866,7012934
correction_magnitude_deg,0,7012934
owd_uplink_ms,130.745,8400000
owd_downlink_ms,127.6785,8400000
correction_magnitude_mm,108.04720968008041,7109100
correction_magnitude_deg,0,7109100
prediction_position_error_mm,388.12506198883057,8400000
prediction_orientation_error_deg,0,8400000
prediction_position_error_mm,416.22915863990784,8500000
prediction_orientation_error_deg,0,8500000
prediction_position_error_mm,440.68819284439087,8600000
prediction_orientation_error_deg,0,8600000
owd_uplink_ms,130.8896,8700000
owd_downlink_ms,130.692,8700000
correction_magnitude_mm,127.72883474826813,7308852
correction_magnitude_deg,0,7308852
owd_uplink_ms,131.6414,8700000
owd_downlink_ms,126.3422,8700000
correction_magnitude_mm,109.83587801456451,7402227
correction_magnitude_deg,0,7402227
prediction_position_error_mm,317.8701400756836,8700000
prediction_orientation_error_deg,0,8700000
owd_uplink_ms,124.677,8800000
owd_downlink_ms,123.8333,8800000
correction_magnitude_mm,91.34622663259506,7501172
correction_magnitude_deg,0,7501172
owd_uplink_ms,131.2981,8800000
owd_downlink_ms,128.031,8800000
prediction_position_error_mm,273.61032366752625,8800000
prediction_orientation_error_deg,0,8800000
prediction_position_error_mm,289.9923324584961,8900000
prediction_orientation_error_deg,0,8900000
owd_uplink_ms,125.4028,9000000
owd_downlink_ms,131.6419,9000000
correction_magnitude_mm,80.63475787639618,7604887
correction_magnitude_deg,0,7604887
prediction_position_error_mm,253.14271450042725,9000000
prediction_orientation_error_deg,0,9000000
prediction_position_error_mm,263.80106806755066,9100000
prediction_orientation_error_deg,0,9100000
owd_uplink_ms,131.2573,9200000
owd_downlink_ms,130.2021,9200000
correction_magnitude_mm,83.54833722114563,7803568
correction_magnitude_deg,0,7803568
owd_uplink_ms,127.767,9200000
owd_downlink_ms,130.1798,9200000
correction_magnitude_mm,58.97482857108116,7806583
correction_magnitude_deg,0,7806583
owd_uplink_ms,129.6077,9200000
owd_downlink_ms,129.231,9200000
prediction_position_error_mm,596.8188643455505,9200000
prediction_orientation_error_deg,0,9200000
prediction_position_error_mm,642.4251794815063,9300000
prediction_orientation_error_deg,0,9300000
owd_uplink_ms,130.032,9400000
owd_downlink_ms,123.6383,9400000
correction_magnitude_mm,92.02001988887787,8098119
correction_magnitude_deg,0,8098119
owd_uplink_ms,129.283,9400000
owd_downlink_ms,128.2599,9400000
prediction_position_error_mm,641.6707634925842,9400000
prediction_orientation_error_deg,0,9400000
owd_uplink_ms,124.3313,9500000
owd_downlink_ms,125.2079,9500000
correction_magnitude_mm,108.89066010713577,8197937
correction_magnitude_deg,0,8197937
prediction_position_error_mm,607.205867767334,9500000
prediction_orientation_error_deg,0,9500000
owd_uplink_ms,128.9211,9600000
owd_downlink_ms,128.6134,9600000
correction_magnitude_mm,117.32469499111176,8297553
correction_magnitude_deg,0,8297553
prediction_position_error_mm,570.0533390045166,9600000
prediction_orientation_error_deg,0,9600000
owd_uplink_ms,123.972,9700000
owd_downlink_ms,126.3062,9700000
correction_magnitude_mm,120.79805880784988,8400470
correction_magnitude_deg,0,8400470
prediction_position_error_mm,525.2676606178284,9700000
prediction_orientation_error_deg,0,9700000
prediction_position_error_mm,558.9213967323303,9800000
prediction_orientation_error_deg,0,9800000
owd_uplink_ms,131.3892,9900000
owd_downlink_ms,127.6928,9900000
correction_magnitude_mm,147.767573595047,8595850
correction_magnitude_deg,0,8595850
prediction_position_error_mm,518.6214447021484,9900000
prediction_orientation_error_deg,0,9900000
owd_uplink_ms,131.1462,10000000
owd_downlink_ms,125.6584,10000000
correction_magnitude_mm,136.888325214386,8688991
correction_magnitude_deg,0,8688991
owd_uplink_ms,126.5607,10000000
owd_downlink_ms,130.156,10000000
correction_magnitude_mm,96.89173102378845,8693486
correction_magnitude_deg,0,8693486
prediction_position_error_mm,422.88342118263245,10000000
prediction_orientation_error_deg,0,10000000
prediction_position_error_mm,460.6902599334717,10100000
prediction_orientation_error_deg,0,10100000
owd_uplink_ms,123.5159,10200000
owd_downlink_ms,132.1107,10200000
correction_magnitude_mm,26.11168473958969,8804229
correction_magnitude_deg,0,8804229
owd_uplink_ms,124.652,10200000
owd_downlink_ms,128.9471,10200000
correction_magnitude_mm,22.02252298593521,8909597
correction_magnitude_deg,0,8909597
prediction_position_error_mm,501.54590606689453,10200000
prediction_orientation_error_deg,0,10200000
prediction_position_error_mm,539.5124554634094,10300000
prediction_orientation_error_deg,0,10300000
owd_uplink_ms,129.7317,10400000
owd_downlink_ms,126.1716,10400000
correction_magnitude_mm,88.57705444097519,9105146
correction_magnitude_deg,0,9105146
owd_uplink_ms,132.9762,10400000
owd_downlink_ms,128.8769,10400000
prediction_position_error_mm,533.35040807724,10400000
prediction_orientation_error_deg,0,10400000
prediction_position_error_mm,572.9372501373291,10500000
prediction_orientation_error_deg,0,10500000
owd_uplink_ms,128.3513,10600000
owd_downlink_ms,130.1714,10600000
correction_magnitude_mm,97.06367552280426,9202297
correction_magnitude_deg,0,9202297
owd_uplink_ms,125.721,10600000
owd_downlink_ms,127.6513,10600000
correction_magnitude_mm,102.05403715372086,9304709
correction_magnitude_deg,0,9304709
prediction_position_error_mm,466.41603112220764,10600000
prediction_orientation_error_deg,0,10600000
owd_uplink_ms,129.4751,10700000
owd_downlink_ms,126.6393,10700000
correction_magnitude_mm,100.52093863487244,9401164
correction_magnitude_deg,0,9401164
prediction_position_error_mm,429.2515218257904,10700000
prediction_orientation_error_deg,0,10700000
prediction_position_error_mm,454.1332721710205,10800000
prediction_orientation_error_deg,0,10800000
owd_uplink_ms,124.2275,10900000
owd_downlink_ms,124.2907,10900000
correction_magnitude_mm,124.79591369628906,9601242
correction_magnitude_deg,0,9601242
owd_uplink_ms,132.6287,10900000
owd_downlink_ms,128.9084,10900000
prediction_position_error_mm,420.1315939426422,10900000
prediction_orientation_error_deg,0,10900000
prediction_position_error_mm,446.0418224334717,11000000
prediction_orientation_error_deg,0,11000000
owd_uplink_ms,125.6682,11100000
owd_downlink_ms,132.0779,11100000
correction_magnitude_mm,113.70760947465897,9704603
correction_magnitude_deg,0,9704603
prediction_position_error_mm,391.8297588825226,11100000
prediction_orientation_error_deg,0,11100000
owd_uplink_ms,129.0285,11200000
owd_downlink_ms,131.2586,11200000
correction_magnitude_mm,102.42750495672226,9807390
correction_magnitude_deg,0,9807390
prediction_position_error_mm,342.16418862342834,11200000
prediction_orientation_error_deg,0,11200000
owd_uplink_ms,126.7841,11300000
owd_downlink_ms,131.0447,11300000
correction_magnitude_mm,92.06336736679077,9912715
correction_magnitude_deg,0,9912715
owd_uplink_ms,126.5493,11300000
owd_downlink_ms,126.7675,11300000
correction_magnitude_mm,81.09056204557419,10012987
correction_magnitude_deg,0,10012987
prediction_position_error_mm,244.92403864860535,11300000
prediction_orientation_error_deg,0,11300000
owd_uplink_ms,129.3801,11400000
owd_downlink_ms,127.6045,11400000
correction_magnitude_mm,70.5859363079071,10110767
correction_magnitude_deg,0,10110767
prediction_position_error_mm,208.0117017030716,11400000
prediction_orientation_error_deg,0,11400000
owd_uplink_ms,129.5471,11500000
owd_downlink_ms,124.2756,11500000
correction_magnitude_mm,60.495153069496155,10204177
correction_magnitude_deg,0,10204177
prediction_position_error_mm,177.30724811553955,11500000
prediction_orientation_error_deg,0,11500000
owd_uplink_ms,126.5699,11600000
owd_downlink_ms,127.4277,11600000
correction_magnitude_mm,52.6641383767128,10305249
correction_magnitude_deg,0,10305249
prediction_position_error_mm,151.99027955532074,11600000
prediction_orientation_error_deg,0,11600000
prediction_position_error_mm,161.19173169136047,11700000
prediction_orientation_error_deg,0,11700000
owd_uplink_ms,126.8335,11800000
owd_downlink_ms,131.6152,11800000
correction_magnitude_mm,46.210817992687225,10411225
correction_magnitude_deg,0,10411225
prediction_position_error_mm,138.4080946445465,11800000
prediction_orientation_error_deg,0,11800000
owd_uplink_ms,127.1924,11900000
owd_downlink_ms,123.898,11900000
correction_magnitude_mm,46.73682153224945,10607107
correction_magnitude_deg,0,10607107
prediction_position_error_mm,123.11504781246185,11900000
prediction_orientation_error_deg,0,11900000
owd_uplink_ms,132.7247,12000000
owd_downlink_ms,130.9318,12000000
prediction_position_error_mm,132.6700747013092,12000000
prediction_orientation_error_deg,0,12000000
owd_uplink_ms,132.722,12100000
owd_downlink_ms,127.7348,12100000
correction_magnitude_mm,45.451175421476364,10798632
correction_magnitude_deg,0,10798632
owd_uplink_ms,128.0897,12100000
owd_downlink_ms,128.2135,12100000
correction_magnitude_mm,31.82949870824814,10798787
correction_magnitude_deg,0,10798787
prediction_position_error_mm,1311.0134601593018,12100000
prediction_orientation_error_deg,0,12100000
prediction_position_error_mm,1413.173794746399,12200000
prediction_orientation_error_deg,0,12200000
owd_uplink_ms,127.7807,12300000
owd_downlink_ms,132.0977,12300000
correction_magnitude_mm,85.84145456552505,10904183
correction_magnitude_deg,0,10904183
owd_uplink_ms,127.7909,12300000
owd_downlink_ms,124.2659,12300000
correction_magnitude_mm,156.03044629096985,10999777
correction_magnitude_deg,0,10999777
prediction_position_error_mm,1342.826247215271,12300000
prediction_orientation_error_deg,0,12300000
prediction_position_error_mm,1439.6843910217285,12400000
prediction_orientation_error_deg,0,12400000
owd_uplink_ms,127.2293,12500000
owd_downlink_ms,130.3007,12500000
correction_magnitude_mm,208.07838439941406,11103616
correction_magnitude_deg,0,11103616
owd_uplink_ms,125.1647,12500000
owd_downlink_ms,124.871,12500000
correction_magnitude_mm,234.5825582742691,11203248
correction_magnitude_deg,0,11203248
prediction_position_error_mm,1223.9923477172852,12500000
prediction_orientation_error_deg,0,12500000
prediction_position_error_mm,1307.593584060669,12600000
prediction_orientation_error_deg,0,12600000
owd_uplink_ms,131.171,12700000
owd_downlink_ms,123.8943,12700000
correction_magnitude_mm,321.20874524116516,11394153
correction_magnitude_deg,0,11394153
owd_uplink_ms,125.6977,12700000
owd_downlink_ms,129.4815,12700000
correction_magnitude_mm,228.3710390329361,11398883
correction_magnitude_deg,0,11398883
prediction_position_error_mm,726.2706160545349,12700000
prediction_orientation_error_deg,0,12700000
owd_uplink_ms,124.5379,12800000
owd_downlink_ms,127.6809,12800000
correction_magnitude_mm,89.25998955965042,11502811
correction_magnitude_deg,0,11502811
prediction_position_error_mm,854.8924326896667,12800000
prediction_orientation_error_deg,0,12800000
owd_uplink_ms,129.058,12900000
owd_downlink_ms,124.7309,12900000
prediction_position_error_mm,923.0597019195557,12900000
prediction_orientation_error_deg,0,12900000
owd_uplink_ms,127.1266,13000000
owd_downlink_ms,129.7634,13000000
correction_magnitude_mm,75.59514045715332,11700699
correction_magnitude_deg,0,11700699
prediction_position_error_mm,942.8172707557678,13000000
prediction_orientation_error_deg,0,13000000
prediction_position_error_mm,1011.6308927536011,13100000
prediction_orientation_error_deg,0,13100000
owd_uplink_ms,124.626,13200000
owd_downlink_ms,130.3008,13200000
correction_magnitude_mm,126.14426016807556,11807792
correction_magnitude_deg,0,11807792
owd_uplink_ms,126.1152,13200000
owd_downlink_ms,126.3454,13200000
correction_magnitude_mm,153.2256305217743,11908079
correction_magnitude_deg,0,11908079
prediction_position_error_mm,888.2675766944885,13200000
prediction_orientation_error_deg,0,13200000
prediction_position_error_mm,949.0578770637512,13300000
prediction_orientation_error_deg,0,13300000
prediction_position_error_mm,1009.8956823348999,13400000
prediction_orientation_error_deg,0,13400000
owd_uplink_ms,130.7875,13500000
owd_downlink_ms,129.6974,13500000
correction_magnitude_mm,226.83744132518768,12106716
correction_magnitude_deg,0,12106716
owd_uplink_ms,126.5853,13500000
owd_downlink_ms,130.5422,13500000
correction_magnitude_mm,161.70531511306763,12111661
correction_magnitude_deg,0,12111661
owd_uplink_ms,130.0859,13500000
owd_downlink_ms,122.932,13500000
correction_magnitude_mm,75.44247061014175,12202718
correction_magnitude_deg,0,12202718
prediction_position_error_mm,510.3866457939148,13500000
prediction_orientation_error_deg,0,13500000
prediction_position_error_mm,551.9410371780396,13600000
prediction_orientation_error_deg,0,13600000
owd_uplink_ms,132.5759,13700000
owd_downlink_ms,128.8263,13700000
correction_magnitude_mm,32.571736723184586,12398032
correction_magnitude_deg,0,12398032
prediction_position_error_mm,578.7377953529358,13700000
prediction_orientation_error_deg,0,13700000
owd_uplink_ms,128.7625,13800000
owd_downlink_ms,130.6937,13800000
correction_magnitude_mm,23.790860548615456,12400446
correction_magnitude_deg,0,12400446
prediction_position_error_mm,201.79559290409088,13800000
prediction_orientation_error_deg,0,13800000
owd_uplink_ms,127.4205,13900000
owd_downlink_ms,126.6641,13900000
correction_magnitude_mm,43.559007346630096,12599501
correction_magnitude_deg,0,12599501
owd_uplink_ms,130.311,13900000
owd_downlink_ms,129.9934,13900000
prediction_position_error_mm,193.06322932243347,13900000
prediction_orientation_error_deg,0,13900000
prediction_position_error_mm,203.92577350139618,14000000
prediction_orientation_error_deg,0,14000000
owd_uplink_ms,124.7003,14100000
owd_downlink_ms,130.3328,14100000
correction_magnitude_mm,43.99466514587402,12706144
correction_magnitude_deg,0,12706144
owd_uplink_ms,127.7443,14100000
owd_downlink_ms,124.1581,14100000
correction_magnitude_mm,41.86417534947395,12801661
correction_magnitude_deg,0,12801661
prediction_position_error_mm,157.27072954177856,14100000
prediction_orientation_error_deg,0,14100000
owd_uplink_ms,127.1039,14200000
owd_downlink_ms,125.1643,14200000
correction_magnitude_mm,39.241451770067215,12899237
correction_magnitude_deg,0,12899237
prediction_position_error_mm,139.3231600522995,14200000
prediction_orientation_error_deg,0,14200000
owd_uplink_ms,129.3672,14300000
owd_downlink_ms,125.8265,14300000
correction_magnitude_mm,36.039769649505615,12994812
correction_magnitude_deg,0,12994812
prediction_position_error_mm,120.8578571677208,14300000
prediction_orientation_error_deg,0,14300000
owd_uplink_ms,126.1717,14400000
owd_downlink_ms,127.5502,14400000
correction_magnitude_mm,33.037152141332626,13096536
correction_magnitude_deg,0,13096536
prediction_position_error_mm,106.48158937692642,14400000
prediction_orientation_error_deg,0,14400000
owd_uplink_ms,127.1002,14500000
owd_downlink_ms,129.771,14500000
correction_magnitude_mm,29.977992177009583,13199875
correction_magnitude_deg,0,13199875
prediction_position_error_mm,92.23326295614243,14500000
prediction_orientation_error_deg,0,14500000
owd_uplink_ms,126.858,14600000
owd_downlink_ms,126.6203,14600000
correction_magnitude_mm,26.74023248255253,13299578
correction_magnitude_deg,0,13299578
prediction_position_error_mm,78.88845354318619,14600000
prediction_orientation_error_deg,0,14600000
owd_uplink_ms,124.3589,14700000
owd_downlink_ms,125.8917,14700000
correction_magnitude_mm,23.69769476354122,13401494
correction_magnitude_deg,0,13401494
prediction_position_error_mm,67.00805574655533,14700000
prediction_orientation_error_deg,0,14700000
owd_uplink_ms,125.0431,14800000
owd_downlink_ms,125.603,14800000
correction_magnitude_mm,20.777573809027672,13502193
correction_magnitude_deg,0,13502193
prediction_position_error_mm,56.281398981809616,14800000
prediction_orientation_error_deg,0,14800000
prediction_position_error_mm,59.15281921625137,14900000
prediction_orientation_error_deg,0,14900000
prediction_position_error_mm,61.17221340537071,15000000
prediction_orientation_error_deg,0,15000000
owd_uplink_ms,131.3585,15100000
owd_downlink_ms,130.5347,15100000
correction_magnitude_mm,20.111603662371635,13701163
correction_magnitude_deg,0,13701163
owd_uplink_ms,125.6579,15100000
owd_downlink_ms,127.4192,15100000
correction_magnitude_mm,18.626714125275612,13803364
correction_magnitude_deg,0,13803364
prediction_position_error_mm,41.850849986076355,15100000
prediction_orientation_error_deg,0,15100000
owd_uplink_ms,133.0743,15200000
owd_downlink_ms,131.3557,15200000
owd_uplink_ms,125.907,15200000
owd_downlink_ms,128.1561,15200000
correction_magnitude_mm,15.557358041405678,13904026
correction_magnitude_deg,0,13904026
prediction_position_error_mm,32.34025835990906,15200000
prediction_orientation_error_deg,0,15200000
prediction_position_error_mm,34.41067785024643,15300000
prediction_orientation_error_deg,0,15300000
owd_uplink_ms,124.1341,15400000
owd_downlink_ms,127.6128,15400000
correction_magnitude_mm,14.86960332840681,14108374
correction_magnitude_deg,0,14108374
prediction_position_error_mm,27.83614583313465,15400000
prediction_orientation_error_deg,0,15400000
owd_uplink_ms,133.1134,15500000
owd_downlink_ms,132.1156,15500000
owd_uplink_ms,124.2752,15500000
owd_downlink_ms,125.5089,15500000
correction_magnitude_mm,12.094602920114994,14208667
correction_magnitude_deg,0,14208667
prediction_position_error_mm,21.185649558901787,15500000
prediction_orientation_error_deg,0,15500000
prediction_position_error_mm,21.817265078425407,15600000
prediction_orientation_error_deg,0,15600000
owd_uplink_ms,130.6996,15700000
owd_downlink_ms,125.6754,15700000
correction_magnitude_mm,10.960944928228855,14402386
correction_magnitude_deg,0,14402386
prediction_position_error_mm,16.478555276989937,15700000
prediction_orientation_error_deg,0,15700000
owd_uplink_ms,128.2654,15800000
owd_downlink_ms,131.6309,15800000
correction_magnitude_mm,7.668637204915285,14406592
correction_magnitude_deg,0,14406592
prediction_position_error_mm,61.251845210790634,15800000
prediction_orientation_error_deg,0,15800000
owd_uplink_ms,124.9719,15900000
owd_downlink_ms,130.4199,15900000
owd_uplink_ms,128.3416,15900000
owd_downlink_ms,123.5356,15900000
prediction_position_error_mm,64.04933333396912,15900000
prediction_orientation_error_deg,0,15900000
prediction_position_error_mm,69.50996816158295,16000000
prediction_orientation_error_deg,0,16000000
owd_uplink_ms,125.7856,16100000
owd_downlink_ms,130.1536,16100000
correction_magnitude_mm,7.428595330566168,14712853
correction_magnitude_deg,0,14712853
owd_uplink_ms,126.5688,16100000
owd_downlink_ms,123.3296,16100000
correction_magnitude_mm,9.279856458306313,14808803
correction_magnitude_deg,0,14808803
prediction_position_error_mm,62.61350214481354,16100000
prediction_orientation_error_deg,0,16100000
owd_uplink_ms,127.7965,16200000
owd_downlink_ms,124.6997,16200000
correction_magnitude_mm,10.356256738305092,14904932
correction_magnitude_deg,0,14904932
prediction_position_error_mm,60.02185866236687,16200000
prediction_orientation_error_deg,0,16200000
prediction_position_error_mm,64.44983929395676,16300000
prediction_orientation_error_deg,0,16300000
owd_uplink_ms,130.0578,16400000
owd_downlink_ms,125.7784,16400000
correction_magnitude_mm,14.60795197635889,15099583
correction_magnitude_deg,0,15099583
owd_uplink_ms,124.6052,16400000
owd_downlink_ms,128.0525,16400000
correction_magnitude_mm,10.414302349090576,15103891
correction_magnitude_deg,0,15103891
prediction_position_error_mm,35.50415113568306,16400000
prediction_orientation_error_deg,0,16400000
prediction_position_error_mm,38.40947151184082,16500000
prediction_orientation_error_deg,0,16500000
prediction_position_error_mm,41.35114699602127,16600000
prediction_orientation_error_deg,0,16600000
owd_uplink_ms,127.1571,16700000
owd_downlink_ms,129.9392,16700000
owd_uplink_ms,133.2977,16700000
owd_downlink_ms,131.049,16700000
prediction_position_error_mm,44.21882703900337,16700000
prediction_orientation_error_deg,0,16700000
owd_uplink_ms,130.9926,16800000
owd_downlink_ms,127.215,16800000
correction_magnitude_mm,6.710273213684559,15499835
correction_magnitude_deg,0,15499835
owd_uplink_ms,127.1635,16800000
owd_downlink_ms,129.1354,16800000
prediction_position_error_mm,33.07100385427475,16800000
prediction_orientation_error_deg,0,16800000
owd_uplink_ms,125.5849,16900000
owd_downlink_ms,128.1177,16900000
prediction_position_error_mm,36.726463586091995,16900000
prediction_orientation_error_deg,0,16900000
prediction_position_error_mm,39.95680436491966,17000000
prediction_orientation_error_deg,0,17000000
owd_uplink_ms,125.4871,17100000
owd_downlink_ms,126.0467,17100000
prediction_position_error_mm,40.9141480922699,17100000
prediction_orientation_error_deg,0,17100000
owd_uplink_ms,132.5689,17200000
owd_downlink_ms,132.2519,17200000
owd_uplink_ms,125.7543,17200000
owd_downlink_ms,123.0535,17200000
correction_magnitude_mm,5.789150483906269,15902389
correction_magnitude_deg,0,15902389
prediction_position_error_mm,40.0962196290493,17200000
prediction_orientation_error_deg,0,17200000
prediction_position_error_mm,43.22699457406998,17300000
prediction_orientation_error_deg,0,17300000
owd_uplink_ms,124.4435,17400000
owd_downlink_ms,124.9392,17400000
correction_magnitude_mm,9.071078151464462,16103008
correction_magnitude_deg,0,16103008
owd_uplink_ms,130.9256,17400000
owd_downlink_ms,127.1222,17400000
prediction_position_error_mm,41.92754253745079,17400000
prediction_orientation_error_deg,0,17400000
prediction_position_error_mm,44.640086591243744,17500000
prediction_orientation_error_deg,0,17500000
owd_uplink_ms,129.4397,17600000
owd_downlink_ms,132.3513,17600000
correction_magnitude_mm,8.760423399508,16201894
correction_magnitude_deg,0,16201894
owd_uplink_ms,128.6192,17600000
owd_downlink_ms,129.3712,17600000
correction_magnitude_mm,8.379936218261719,16302833
correction_magnitude_deg,0,16302833
prediction_position_error_mm,36.081183701753616,17600000
prediction_orientation_error_deg,0,17600000
owd_uplink_ms,128.4336,17700000
owd_downlink_ms,127.9015,17700000
correction_magnitude_mm,7.877928204834461,16402167
correction_magnitude_deg,0,16402167
prediction_position_error_mm,33.31166133284569,17700000
prediction_orientation_error_deg,0,17700000
prediction_position_error_mm,35.805799067020416,17800000
prediction_orientation_error_deg,0,17800000
owd_uplink_ms,125.19,17900000
owd_downlink_ms,128.9668,17900000
correction_magnitude_mm,9.333799593150616,16606888
correction_magnitude_deg,0,16606888
prediction_position_error_mm,33.781666308641434,17900000
prediction_orientation_error_deg,0,17900000
owd_uplink_ms,131.7139,18000000
owd_downlink_ms,132.0045,18000000
correction_magnitude_mm,6.540213245898485,16607251
correction_magnitude_deg,0,16607251
owd_uplink_ms,129.1936,18000000
owd_downlink_ms,126.4633,18000000
correction_magnitude_mm,45.886922627687454,16703838
correction_magnitude_deg,0,16703838
prediction_position_error_mm,686.2803101539612,18000000
prediction_orientation_error_deg,0,18000000
prediction_position_error_mm,737.1017932891846,18100000
prediction_orientation_error_deg,0,18100000
owd_uplink_ms,124.7983,18200000
owd_downlink_ms,130.5851,18200000
correction_magnitude_mm,86.56912297010422,16811071
correction_magnitude_deg,0,16811071
owd_uplink_ms,126.5139,18200000
owd_downlink_ms,125.3486,18200000
correction_magnitude_mm,108.1932857632637,16909614
correction_magnitude_deg,0,16909614
prediction_position_error_mm,651.8962979316711,18200000
prediction_orientation_error_deg,0,18200000
prediction_position_error_mm,696.1984038352966,18300000
prediction_orientation_error_deg,0,18300000
owd_uplink_ms,125.0428,18400000
owd_downlink_ms,128.6047,18400000
correction_magnitude_mm,122.69923090934753,17014066
correction_magnitude_deg,0,17014066
owd_uplink_ms,125.2562,18400000
owd_downlink_ms,126.8712,18400000
correction_magnitude_mm,128.1099170446396,17116084
correction_magnitude_deg,0,17116084
prediction_position_error_mm,567.9978132247925,18400000
prediction_orientation_error_deg,0,18400000
owd_uplink_ms,128.9265,18500000
owd_downlink_ms,124.0453,18500000
correction_magnitude_mm,124.93319809436798,17209982
correction_magnitude_deg,0,17209982
prediction_position_error_mm,515.9369111061096,18500000
prediction_orientation_error_deg,0,18500000
owd_uplink_ms,126.9916,18600000
owd_downlink_ms,128.4108,18600000
correction_magnitude_mm,121.57488614320755,17311756
correction_magnitude_deg,0,17311756
prediction_position_error_mm,466.1676287651062,18600000
prediction_orientation_error_deg,0,18600000
owd_uplink_ms,128.7167,18700000
owd_downlink_ms,124.2223,18700000
correction_magnitude_mm,113.29101771116257,17406137
correction_magnitude_deg,0,17406137
prediction_position_error_mm,414.8235619068146,18700000
prediction_orientation_error_deg,0,18700000
prediction_position_error_mm,441.4624273777008,18800000
prediction_orientation_error_deg,0,18800000
owd_uplink_ms,129.6445,18900000
owd_downlink_ms,123.794,18900000
correction_magnitude_mm,129.77783381938934,17598824
correction_magnitude_deg,0,17598824
owd_uplink_ms,130.7898,18900000
owd_downlink_ms,129.5214,18900000
prediction_position_error_mm,400.7207453250885,18900000
prediction_orientation_error_deg,0,18900000
owd_uplink_ms,123.5992,19000000
owd_downlink_ms,128.893,19000000
correction_magnitude_mm,116.19787663221359,17703856
correction_magnitude_deg,0,17703856
prediction_position_error_mm,346.30921483039856,19000000
prediction_orientation_error_deg,0,19000000
prediction_position_error_mm,366.4069175720215,19100000
prediction_orientation_error_deg,0,19100000
owd_uplink_ms,127.906,19200000
owd_downlink_ms,130.186,19200000
correction_magnitude_mm,102.69111394882202,17806706
correction_magnitude_deg,0,17806706
owd_uplink_ms,127.6339,19200000
owd_downlink_ms,127.1869,19200000
correction_magnitude_mm,89.48150277137756,17906147
correction_magnitude_deg,0,17906147
prediction_position_error_mm,252.14126706123352,19200000
prediction_orientation_error_deg,0,19200000
owd_uplink_ms,129.0436,19300000
owd_downlink_ms,127.6654,19300000
correction_magnitude_mm,77.31857150793076,18004424
correction_magnitude_deg,0,18004424
prediction_position_error_mm,213.97654712200165,19300000
prediction_orientation_error_deg,0,19300000
prediction_position_error_mm,225.9204387664795,19400000
prediction_orientation_error_deg,0,19400000
owd_uplink_ms,131.7417,19500000
owd_downlink_ms,128.1618,19500000
correction_magnitude_mm,78.56044918298721,18199950
correction_magnitude_deg,0,18199950
owd_uplink_ms,129.0318,19500000
owd_downlink_ms,129.8522,19500000
correction_magnitude_mm,55.11566624045372,18200975
correction_magnitude_deg,0,18200975
prediction_position_error_mm,1273.2311487197876,19500000
prediction_orientation_error_deg,0,19500000
owd_uplink_ms,124.0916,19600000
owd_downlink_ms,128.1952,19600000
correction_magnitude_mm,67.341648042202,18306104
correction_magnitude_deg,0,18306104
prediction_position_error_mm,1331.0033082962036,19600000
prediction_orientation_error_deg,0,19600000
owd_uplink_ms,126.1834,19700000
owd_downlink_ms,124.79,19700000
correction_magnitude_mm,144.35283839702606,18404362
correction_magnitude_deg,0,18404362
prediction_position_error_mm,1328.6563158035278,19700000
prediction_orientation_error_deg,0,19700000
owd_uplink_ms,124.3196,19800000
owd_downlink_ms,124.9374,19800000
correction_magnitude_mm,196.33446633815765,18505134
correction_magnitude_deg,0,18505134
prediction_position_error_mm,1290.7766103744507,19800000
prediction_orientation_error_deg,0,19800000
owd_uplink_ms,125.0114,19900000
owd_downlink_ms,123.9196,19900000
correction_magnitude_mm,225.0049114227295,18603769
correction_magnitude_deg,0,18603769
prediction_position_error_mm,1223.9739894866943,19900000
prediction_orientation_error_deg,0,19900000
owd_uplink_ms,127.2104,20000000
owd_downlink_ms,126.8673,20000000
correction_magnitude_mm,239.1316443681717,18703340
correction_magnitude_deg,0,18703340
prediction_position_error_mm,1141.4239406585693,20000000
prediction_orientation_error_deg,0,20000000
prediction_position_error_mm,1216.87912940979,20100000
prediction_orientation_error_deg,0,20100000
owd_uplink_ms,131.6745,20200000
owd_downlink_ms,124.5591,20200000
correction_magnitude_mm,310.5219602584839,18894446
correction_magnitude_deg,0,18894446
owd_uplink_ms,128.4762,20200000
owd_downlink_ms,128.7829,20200000
correction_magnitude_mm,217.62987971305847,18894830
correction_magnitude_deg,0,18894830
prediction_position_error_mm,1135.8681917190552,20200000
prediction_orientation_error_deg,0,20200000
owd_uplink_ms,128.8265,20300000
owd_downlink_ms,128.6681,20300000
correction_magnitude_mm,53.7254773080349,18994633
correction_magnitude_deg,0,18994633
prediction_position_error_mm,1248.4662532806396,20300000
prediction_orientation_error_deg,0,20300000
owd_uplink_ms,124.2323,20400000
owd_downlink_ms,124.9498,20400000
correction_magnitude_mm,62.16664984822273,19095530
correction_magnitude_deg,0,19095530
prediction_position_error_mm,1305.7050704956055,20400000
prediction_orientation_error_deg,0,20400000
owd_uplink_ms,127.3639,20500000
owd_downlink_ms,128.3102,20500000
correction_magnitude_mm,141.57207310199738,19196713
correction_magnitude_deg,0,19196713
prediction_position_error_mm,1304.85999584198,20500000
prediction_orientation_error_deg,0,20500000
prediction_position_error_mm,1396.9428539276123,20600000
prediction_orientation_error_deg,0,20600000
prediction_position_error_mm,1487.0270490646362,20700000
prediction_orientation_error_deg,0,20700000
owd_uplink_ms,131.816,20800000
owd_downlink_ms,132.7608,20800000
correction_magnitude_mm,286.8083119392395,19397894
correction_magnitude_deg,0,19397894
owd_uplink_ms,131.0582,20800000
owd_downlink_ms,128.8246,20800000
correction_magnitude_mm,286.5988314151764,19495103
correction_magnitude_deg,0,19495103
prediction_position_error_mm,1231.5665483474731,20800000
prediction_orientation_error_deg,0,20800000
owd_uplink_ms,127.3834,20900000
owd_downlink_ms,124.9626,20900000
correction_magnitude_mm,276.19531750679016,19592077
correction_magnitude_deg,0,19592077
prediction_position_error_mm,1115.728735923767,20900000
prediction_orientation_error_deg,0,20900000
owd_uplink_ms,130.7374,21000000
owd_downlink_ms,131.1737,21000000
correction_magnitude_mm,193.73129308223724,19592623
correction_magnitude_deg,0,19592623
prediction_position_error_mm,1296.7987060546875,21000000
prediction_orientation_error_deg,0,21000000
owd_uplink_ms,129.1682,21100000
owd_downlink_ms,128.5152,21100000
correction_magnitude_mm,66.62619858980179,19791807
correction_magnitude_deg,0,19791807
owd_uplink_ms,131.3985,21100000
owd_downlink_ms,130.8722,21100000
prediction_position_error_mm,1363.6837005615234,21100000
prediction_orientation_error_deg,0,21100000
owd_uplink_ms,126.1471,21200000
owd_downlink_ms,125.5742,21200000
correction_magnitude_mm,145.83253860473633,19890435
correction_magnitude_deg,0,19890435
prediction_position_error_mm,1365.1885986328125,21200000
prediction_orientation_error_deg,0,21200000
owd_uplink_ms,123.2026,21300000
owd_downlink_ms,129.4346,21300000
correction_magnitude_mm,205.62708377838135,19998226
correction_magnitude_deg,0,19998226
prediction_position_error_mm,1325.7954120635986,21300000
prediction_orientation_error_deg,0,21300000
owd_uplink_ms,126.8094,21400000
owd_downlink_ms,124.0942,21400000
correction_magnitude_mm,231.4319908618927,20094833
correction_magnitude_deg,0,20094833
prediction_position_error_mm,1251.3922452926636,21400000
prediction_orientation_error_deg,0,21400000
prediction_position_error_mm,1337.6578092575073,21500000
prediction_orientation_error_deg,0,21500000
owd_uplink_ms,129.3099,21600000
owd_downlink_ms,126.6611,21600000
correction_magnitude_mm,326.0837197303772,20291522
correction_magnitude_deg,0,20291522
owd_uplink_ms,125.9363,21600000
owd_downlink_ms,128.0044,21600000
correction_magnitude_mm,230.2410453557968,20294108
correction_magnitude_deg,0,20294108
prediction_position_error_mm,1119.6397542953491,21600000
prediction_orientation_error_deg,0,21600000
prediction_position_error_mm,1214.8354053497314,21700000
prediction_orientation_error_deg,0,21700000
owd_uplink_ms,130.8318,21800000
owd_downlink_ms,126.1024,21800000
correction_magnitude_mm,31.08074888586998,20488197
correction_magnitude_deg,0,20488197
prediction_position_error_mm,1296.733021736145,21800000
prediction_orientation_error_deg,0,21800000
owd_uplink_ms,129.5217,21900000
owd_downlink_ms,125.0095,21900000
correction_magnitude_mm,113.78280818462372,20582557
correction_magnitude_deg,0,20582557
prediction_position_error_mm,1311.9367361068726,21900000
prediction_orientation_error_deg,0,21900000
owd_uplink_ms,127.7278,22000000
owd_downlink_ms,127.4651,22000000
correction_magnitude_mm,171.36088013648987,20682229
correction_magnitude_deg,0,20682229
owd_uplink_ms,129.8699,22000000
owd_downlink_ms,129.0532,22000000
prediction_position_error_mm,1288.4525060653687,22000000
prediction_orientation_error_deg,0,22000000
owd_uplink_ms,127.387,22100000
owd_downlink_ms,127.5173,22100000
correction_magnitude_mm,207.89654552936554,20781372
correction_magnitude_deg,0,20781372
prediction_position_error_mm,1231.3131093978882,22100000
prediction_orientation_error_deg,0,22100000
owd_uplink_ms,125.4907,22200000
owd_downlink_ms,125.7022,22200000
correction_magnitude_mm,228.13697159290314,20881637
correction_magnitude_deg,0,20881637
prediction_position_error_mm,1154.7256708145142,22200000
prediction_orientation_error_deg,0,22200000
owd_uplink_ms,126.9207,22300000
owd_downlink_ms,128.9663,22300000
correction_magnitude_mm,237.19418048858643,20984194
correction_magnitude_deg,0,20984194
prediction_position_error_mm,1064.5605325698853,22300000
prediction_orientation_error_deg,0,22300000
prediction_position_error_mm,1135.237693786621,22400000
prediction_orientation_error_deg,0,22400000
owd_uplink_ms,129.0021,22500000
owd_downlink_ms,128.821,22500000
correction_magnitude_mm,302.8891384601593,21183968
correction_magnitude_deg,0,21183968
prediction_position_error_mm,1049.6876239776611,22500000
prediction_orientation_error_deg,0,22500000
owd_uplink_ms,128.1797,22600000
owd_downlink_ms,133.4199,22600000
correction_magnitude_mm,216.35420620441437,21190519
correction_magnitude_deg,0,21190519
owd_uplink_ms,126.03,22600000
owd_downlink_ms,124.5233,22600000
correction_magnitude_mm,116.87926203012466,21288636
correction_magnitude_deg,0,21288636
prediction_position_error_mm,427.527517080307,22600000
prediction_orientation_error_deg,0,22600000
prediction_position_error_mm,466.8656289577484,22700000
prediction_orientation_error_deg,0,22700000
owd_uplink_ms,129.6761,22800000
owd_downlink_ms,128.2815,22800000
prediction_position_error_mm,508.6342692375183,22800000
prediction_orientation_error_deg,0,22800000
owd_uplink_ms,123.8422,22900000
owd_downlink_ms,131.5573,22900000
prediction_position_error_mm,547.2962260246277,22900000
prediction_orientation_error_deg,0,22900000
owd_uplink_ms,129.2018,23000000
owd_downlink_ms,127.6363,23000000
correction_magnitude_mm,77.28743553161621,21694581
correction_magnitude_deg,0,21694581
prediction_position_error_mm,548.3091473579407,23000000
prediction_orientation_error_deg,0,23000000
owd_uplink_ms,131.3271,23100000
owd_downlink_ms,131.8968,23100000
correction_magnitude_mm,54.353438317775726,21695294
correction_magnitude_deg,0,21695294
prediction_position_error_mm,1331.2965631484985,23100000
prediction_orientation_error_deg,0,23100000
owd_uplink_ms,127.7504,23200000
owd_downlink_ms,131.7137,23200000
correction_magnitude_mm,64.44999575614929,21800247
correction_magnitude_deg,0,21800247
prediction_position_error_mm,1380.1159858703613,23200000
prediction_orientation_error_deg,0,23200000
owd_uplink_ms,125.8866,23300000
owd_downlink_ms,129.9209,23300000
correction_magnitude_mm,145.7190215587616,21905289
correction_magnitude_deg,0,21905289
prediction_position_error_mm,1376.4986991882324,23300000
prediction_orientation_error_deg,0,23300000
prediction_position_error_mm,1464.2720222473145,23400000
prediction_orientation_error_deg,0,23400000
owd_uplink_ms,132.3741,23500000
owd_downlink_ms,130.2958,23500000
correction_magnitude_mm,284.9963307380676,22102691
correction_magnitude_deg,0,22102691
owd_uplink_ms,131.5615,23500000
owd_downlink_ms,129.0977,23500000
correction_magnitude_mm,283.8106155395508,22199612
correction_magnitude_deg,0,22199612
prediction_position_error_mm,1212.856411933899,23500000
prediction_orientation_error_deg,0,23500000
owd_uplink_ms,130.1191,23600000
owd_downlink_ms,127.647,23600000
correction_magnitude_mm,271.75581455230713,22296523
correction_magnitude_deg,0,22296523
owd_uplink_ms,125.0565,23600000
owd_downlink_ms,127.9545,23600000
correction_magnitude_mm,192.8529441356659,22300145
correction_magnitude_deg,0,22300145
prediction_position_error_mm,1034.824252128601,23600000
prediction_orientation_error_deg,0,23600000
prediction_position_error_mm,1125.3118515014648,23700000
prediction_orientation_error_deg,0,23700000
owd_uplink_ms,130.3094,23800000
owd_downlink_ms,125.5129,23800000
correction_magnitude_mm,39.791349321603775,22494150
correction_magnitude_deg,0,22494150
owd_uplink_ms,128.1997,23800000
owd_downlink_ms,126.7973,23800000
prediction_position_error_mm,1199.134349822998,23800000
prediction_orientation_error_deg,0,23800000
prediction_position_error_mm,1289.1247272491455,23900000
prediction_orientation_error_deg,0,23900000
owd_uplink_ms,130.0385,24000000
owd_downlink_ms,126.3291,24000000
correction_magnitude_mm,198.46484065055847,22687761
correction_magnitude_deg,0,22687761
prediction_position_error_mm,1279.2646884918213,24000000
prediction_orientation_error_deg,0,24000000
owd_uplink_ms,129.9007,24100000
owd_downlink_ms,126.1096,24100000
correction_magnitude_mm,221.3878482580185,22783023
correction_magnitude_deg,0,22783023
prediction_position_error_mm,1204.6376466751099,24100000
prediction_orientation_error_deg,0,24100000
owd_uplink_ms,129.4268,24200000
owd_downlink_ms,129.3212,24200000
correction_magnitude_mm,234.3672662973404,22882892
correction_magnitude_deg,0,22882892
prediction_position_error_mm,1121.6213703155518,24200000
prediction_orientation_error_deg,0,24200000
prediction_position_error_mm,1194.6396827697754,24300000
prediction_orientation_error_deg,0,24300000
owd_uplink_ms,129.9158,24400000
owd_downlink_ms,133.0999,24400000
correction_magnitude_mm,239.3255978822708,22986872
correction_magnitude_deg,0,22986872
owd_uplink_ms,129.535,24400000
owd_downlink_ms,130.199,24400000
correction_magnitude_mm,233.683779835701,23087702
correction_magnitude_deg,0,23087702
prediction_position_error_mm,936.9760155677795,24400000
prediction_orientation_error_deg,0,24400000
owd_uplink_ms,126.4235,24500000
owd_downlink_ms,127.7987,24500000
correction_magnitude_mm,226.29715502262115,23189422
correction_magnitude_deg,0,23189422
owd_uplink_ms,129.667,24500000
owd_downlink_ms,129.5228,24500000
prediction_position_error_mm,840.8573865890503,24500000
prediction_orientation_error_deg,0,24500000
prediction_position_error_mm,893.4561014175415,24600000
prediction_orientation_error_deg,0,24600000
owd_uplink_ms,128.1871,24700000
owd_downlink_ms,129.968,24700000
correction_magnitude_mm,263.71657848358154,23391469
correction_magnitude_deg,0,23391469
owd_uplink_ms,131.0529,24700000
owd_downlink_ms,130.1462,24700000
prediction_position_error_mm,819.350004196167,24700000
prediction_orientation_error_deg,0,24700000
prediction_position_error_mm,868.1421279907227,24800000
prediction_orientation_error_deg,0,24800000
prediction_position_error_mm,916.9701337814331,24900000
prediction_orientation_error_deg,0,24900000
owd_uplink_ms,129.3967,25000000
owd_downlink_ms,131.5418,25000000
correction_magnitude_mm,278.745174407959,23593018
correction_magnitude_deg,0,23593018
owd_uplink_ms,130.0876,25000000
owd_downlink_ms,126.0868,25000000
correction_magnitude_mm,237.25999891757965,23688018
correction_magnitude_deg,0,23688018
prediction_position_error_mm,654.358983039856,25000000
prediction_orientation_error_deg,0,25000000
prediction_position_error_mm,687.8628730773926,25100000
prediction_orientation_error_deg,0,25100000
owd_uplink_ms,128.5423,25200000
owd_downlink_ms,131.6152,25200000
correction_magnitude_mm,207.37925171852112,23791859
correction_magnitude_deg,0,23791859
owd_uplink_ms,131.2362,25200000
owd_downlink_ms,131.8481,25200000
correction_magnitude_mm,145.37614583969116,23792625
correction_magnitude_deg,0,23792625
owd_uplink_ms,124.0855,25200000
owd_downlink_ms,127.7899,25200000
prediction_position_error_mm,1255.979299545288,25200000
prediction_orientation_error_deg,0,25200000
prediction_position_error_mm,1352.1556854248047,25300000
prediction_orientation_error_deg,0,25300000
owd_uplink_ms,124.5711,25400000
owd_downlink_ms,131.8697,25400000
correction_magnitude_mm,105.46983778476715,24006379
correction_magnitude_deg,0,24006379
prediction_position_error_mm,1380.0925016403198,25400000
prediction_orientation_error_deg,0,25400000
owd_uplink_ms,131.2561,25500000
owd_downlink_ms,125.4464,25500000
correction_magnitude_mm,257.57548213005066,24199118
correction_magnitude_deg,0,24199118
prediction_position_error_mm,1340.033769607544,25500000
prediction_orientation_error_deg,0,25500000
owd_uplink_ms,129.6277,25600000
owd_downlink_ms,125.9561,25600000
correction_magnitude_mm,265.6949460506439,24294529
correction_magnitude_deg,0,24294529
prediction_position_error_mm,1240.431547164917,25600000
prediction_orientation_error_deg,0,25600000
owd_uplink_ms,130.3482,25700000
owd_downlink_ms,130.2482,25700000
correction_magnitude_mm,267.15242862701416,24394404
correction_magnitude_deg,0,24394404
prediction_position_error_mm,1136.2978219985962,25700000
prediction_orientation_error_deg,0,25700000
owd_uplink_ms,131.2298,25800000
owd_downlink_ms,127.9586,25800000
correction_magnitude_mm,257.0812404155731,24490316
correction_magnitude_deg,0,24490316
prediction_position_error_mm,1026.5834331512451,25800000
prediction_orientation_error_deg,0,25800000
owd_uplink_ms,130.2722,25900000
owd_downlink_ms,127.6186,25900000
correction_magnitude_mm,242.81209707260132,24587000
correction_magnitude_deg,0,24587000
prediction_position_error_mm,923.4700202941895,25900000
prediction_orientation_error_deg,0,25900000
prediction_position_error_mm,976.5506386756897,26000000
prediction_orientation_error_deg,0,26000000
owd_uplink_ms,123.9884,26100000
owd_downlink_ms,130.9274,26100000
correction_magnitude_mm,229.24019396305084,24695674
correction_magnitude_deg,0,24695674
owd_uplink_ms,132.1897,26100000
owd_downlink_ms,131.8832,26100000
owd_uplink_ms,123.2319,26100000
owd_downlink_ms,123.507,26100000
correction_magnitude_mm,211.6060107946396,24795635
correction_magnitude_deg,0,24795635
prediction_position_error_mm,729.6493053436279,26100000
prediction_orientation_error_deg,0,26100000
prediction_position_error_mm,773.9933133125305,26200000
prediction_orientation_error_deg,0,26200000
owd_uplink_ms,126.3409,26300000
owd_downlink_ms,131.2286,26300000
correction_magnitude_mm,195.85652649402618,24901744
correction_magnitude_deg,0,24901744
owd_uplink_ms,125.4026,26300000
owd_downlink_ms,125.4649,26300000
correction_magnitude_mm,176.33365094661713,25001821
correction_magnitude_deg,0,25001821
prediction_position_error_mm,564.7392868995667,26300000
prediction_orientation_error_deg,0,26300000
prediction_position_error_mm,594.0642356872559,26400000
prediction_orientation_error_deg,0,26400000
owd_uplink_ms,124.728,26500000
owd_downlink_ms,124.3126,26500000
correction_magnitude_mm,190.9639984369278,25201301
correction_magnitude_deg,0,25201301
owd_uplink_ms,132.009,26500000
owd_downlink_ms,129.3887,26500000
prediction_position_error_mm,532.9087376594543,26500000
prediction_orientation_error_deg,0,26500000
prediction_position_error_mm,563.4385943412781,26600000
prediction_orientation_error_deg,0,26600000
owd_uplink_ms,127.8106,26700000
owd_downlink_ms,131.8524,26700000
correction_magnitude_mm,165.23194313049316,25303078
correction_magnitude_deg,0,25303078
prediction_position_error_mm,476.33492946624756,26700000
prediction_orientation_error_deg,0,26700000
owd_uplink_ms,125.212,26800000
owd_downlink_ms,123.5063,26800000
correction_magnitude_mm,167.06284880638123,25500946
correction_magnitude_deg,0,25500946
prediction_position_error_mm,418.91467571258545,26800000
prediction_orientation_error_deg,0,26800000
owd_uplink_ms,131.2962,26900000
owd_downlink_ms,131.9996,26900000
correction_magnitude_mm,117.1843633055687,25501825
correction_magnitude_deg,0,25501825
owd_uplink_ms,129.689,26900000
owd_downlink_ms,128.3089,26900000
correction_magnitude_mm,20.19488625228405,25600100
correction_magnitude_deg,0,25600100
prediction_position_error_mm,1359.7668409347534,26900000
prediction_orientation_error_deg,0,26900000
owd_uplink_ms,128.2186,27000000
owd_downlink_ms,126.1842,27000000
correction_magnitude_mm,114.92783576250076,25697557
correction_magnitude_deg,0,25697557
prediction_position_error_mm,1382.9350471496582,27000000
prediction_orientation_error_deg,0,27000000
owd_uplink_ms,126.419,27100000
owd_downlink_ms,126.0604,27100000
correction_magnitude_mm,179.84779179096222,25797109
correction_magnitude_deg,0,25797109
prediction_position_error_mm,1358.580231666565,27100000
prediction_orientation_error_deg,0,27100000
prediction_position_error_mm,1453.3990621566772,27200000
prediction_orientation_error_deg,0,27200000
owd_uplink_ms,129.8864,27300000
owd_downlink_ms,126.7201,27300000
correction_magnitude_mm,311.2286627292633,25993152
correction_magnitude_deg,0,25993152
prediction_position_error_mm,1392.6347494125366,27300000
prediction_orientation_error_deg,0,27300000
owd_uplink_ms,128.9662,27400000
owd_downlink_ms,132.4012,27400000
correction_magnitude_mm,221.53866291046143,25997447
correction_magnitude_deg,0,25997447
owd_uplink_ms,129.0394,27400000
owd_downlink_ms,127.552,27400000
correction_magnitude_mm,91.36047214269638,26095588
correction_magnitude_deg,0,26095588
prediction_position_error_mm,817.8964853286743,27400000
prediction_orientation_error_deg,0,27400000
owd_uplink_ms,124.8981,27500000
owd_downlink_ms,123.7141,27500000
prediction_position_error_mm,883.3814859390259,27500000
prediction_orientation_error_deg,0,27500000
prediction_position_error_mm,950.674831867218,27600000
prediction_orientation_error_deg,0,27600000
owd_uplink_ms,127.0698,27700000
owd_downlink_ms,125.9086,27700000
correction_magnitude_mm,136.14977896213531,26392657
correction_magnitude_deg,0,26392657
owd_uplink_ms,130.7899,27700000
owd_downlink_ms,126.9288,27700000
prediction_position_error_mm,950.2043724060059,27700000
prediction_orientation_error_deg,0,27700000
owd_uplink_ms,126.0667,27800000
owd_downlink_ms,127.8576,27800000
correction_magnitude_mm,159.0331643819809,26490070
correction_magnitude_deg,0,26490070
prediction_position_error_mm,903.5257697105408,27800000
prediction_orientation_error_deg,0,27800000
prediction_position_error_mm,968.3786630630493,27900000
prediction_orientation_error_deg,0,27900000
owd_uplink_ms,124.276,28000000
owd_downlink_ms,132.1355,28000000
correction_magnitude_mm,178.30078303813934,26599895
correction_magnitude_deg,0,26599895
owd_uplink_ms,129.4092,28000000
owd_downlink_ms,125.0114,28000000
correction_magnitude_mm,177.2201806306839,26694398
correction_magnitude_deg,0,26694398
prediction_position_error_mm,775.7365107536316,28000000
prediction_orientation_error_deg,0,28000000
owd_uplink_ms,124.5655,28100000
owd_downlink_ms,126.7047,28100000
correction_magnitude_mm,175.56078732013702,26797073
correction_magnitude_deg,0,26797073
prediction_position_error_mm,705.9579491615295,28100000
prediction_orientation_error_deg,0,28100000
owd_uplink_ms,126.7826,28200000
owd_downlink_ms,127.4886,28200000
correction_magnitude_mm,168.22244226932526,26897956
correction_magnitude_deg,0,26897956
prediction_position_error_mm,634.9294185638428,28200000
prediction_orientation_error_deg,0,28200000
owd_uplink_ms,128.2377,28300000
owd_downlink_ms,125.9025,28300000
correction_magnitude_mm,156.3306748867035,26995038
correction_magnitude_deg,0,26995038
prediction_position_error_mm,564.5379424095154,28300000
prediction_orientation_error_deg,0,28300000
owd_uplink_ms,127.2132,28400000
owd_downlink_ms,126.5099,28400000
correction_magnitude_mm,144.0931111574173,27094160
correction_magnitude_deg,0,27094160
prediction_position_error_mm,499.0580081939697,28400000
prediction_orientation_error_deg,0,28400000
owd_uplink_ms,125.6797,28500000
owd_downlink_ms,128.2185,28500000
correction_magnitude_mm,132.59689509868622,27197334
correction_magnitude_deg,0,27197334
prediction_position_error_mm,439.369261264801,28500000
prediction_orientation_error_deg,0,28500000
owd_uplink_ms,128.2382,28600000
owd_downlink_ms,125.4686,28600000
correction_magnitude_mm,118.4767484664917,27293872
correction_magnitude_deg,0,27293872
prediction_position_error_mm,382.17705488204956,28600000
prediction_orientation_error_deg,0,28600000
owd_uplink_ms,127.7838,28700000
owd_downlink_ms,130.163,28700000
correction_magnitude_mm,106.78242892026901,27396847
correction_magnitude_deg,0,27396847
prediction_position_error_mm,332.33991265296936,28700000
prediction_orientation_error_deg,0,28700000
prediction_position_error_mm,351.94721817970276,28800000
prediction_orientation_error_deg,0,28800000
owd_uplink_ms,126.481,28900000
owd_downlink_ms,132.2327,28900000
correction_magnitude_mm,96.39529883861542,27504036
correction_magnitude_deg,0,27504036
prediction_position_error_mm,304.9553632736206,28900000
prediction_orientation_error_deg,0,28900000
owd_uplink_ms,124.5625,29000000
owd_downlink_ms,129.8499,29000000
correction_magnitude_mm,86.08197420835495,27610645
correction_magnitude_deg,0,27610645
owd_uplink_ms,124.3551,29000000
owd_downlink_ms,125.9076,29000000
correction_magnitude_mm,75.35632699728012,27712585
correction_magnitude_deg,0,27712585
prediction_position_error_mm,216.01369976997375,29000000
prediction_orientation_error_deg,0,29000000
prediction_position_error_mm,228.24595868587494,29100000
prediction_orientation_error_deg,0,29100000
owd_uplink_ms,125.8133,29200000
owd_downlink_ms,130.6023,29200000
correction_magnitude_mm,66.2536472082138,27818571
correction_magnitude_deg,0,27818571
prediction_position_error_mm,189.81841206550598,29200000
prediction_orientation_error_deg,0,29200000
owd_uplink_ms,131.915,29300000
owd_downlink_ms,122.9071,29300000
correction_magnitude_mm,65.81554561853409,28007311
correction_magnitude_deg,0,28007311
owd_uplink_ms,125.3349,29300000
owd_downlink_ms,123.5432,29300000
prediction_position_error_mm,166.85526072978973,29300000
prediction_orientation_error_deg,0,29300000
prediction_position_error_mm,176.09719932079315,29400000
prediction_orientation_error_deg,0,29400000
owd_uplink_ms,128.6203,29500000
owd_downlink_ms,129.6603,29500000
correction_magnitude_mm,55.43099716305733,28106370
correction_magnitude_deg,0,28106370
prediction_position_error_mm,145.2992558479309,29500000
prediction_orientation_error_deg,0,29500000
owd_uplink_ms,125.9176,29600000
owd_downlink_ms,129.3577,29600000
correction_magnitude_mm,47.1290722489357,28210669
correction_magnitude_deg,0,28210669
owd_uplink_ms,127.7583,29600000
owd_downlink_ms,125.5289,29600000
correction_magnitude_mm,39.09615054726601,28307882
correction_magnitude_deg,0,28307882
prediction_position_error_mm,92.54174679517746,29600000
prediction_orientation_error_deg,0,29600000
prediction_position_error_mm,97.49685227870941,29700000
prediction_orientation_error_deg,0,29700000
owd_uplink_ms,130.5556,29800000
owd_downlink_ms,129.4364,29800000
correction_magnitude_mm,32.416265457868576,28406483
correction_magnitude_deg,0,28406483
owd_uplink_ms,128.3679,29800000
owd_downlink_ms,123.9958,29800000
correction_magnitude_mm,26.385223492980003,28501018
correction_magnitude_deg,0,28501018
prediction_position_error_mm,65.16628712415695,29800000
prediction_orientation_error_deg,0,29800000
prediction_position_error_mm,63.28479200601578,29900000
prediction_orientation_error_deg,0,29900000
owd_uplink_ms,128.9817,30000000
owd_downlink_ms,131.352,30000000
correction_magnitude_mm,22.031204774975777,28603980
correction_magnitude_deg,0,28603980
prediction_position_error_mm,55.83224445581436,30000000
prediction_orientation_error_deg,0,30000000
owd_uplink_ms,126.1897,30100000
owd_downlink_ms,131.2244,30100000
correction_magnitude_mm,18.550705164670944,28710273
correction_magnitude_deg,0,28710273
owd_uplink_ms,125.7861,30100000
owd_downlink_ms,123.7683,30100000
correction_magnitude_mm,14.929534867405891,28807750
correction_magnitude_deg,0,28807750
prediction_position_error_mm,29.993480071425438,30100000
prediction_orientation_error_deg,0,30100000
prediction_position_error_mm,31.436216086149216,30200000
prediction_orientation_error_deg,0,30200000
owd_uplink_ms,128.7151,30300000
owd_downlink_ms,129.5733,30300000
correction_magnitude_mm,12.160111218690872,28908822
correction_magnitude_deg,0,28908822
prediction_position_error_mm,29.309634119272232,30300000
prediction_orientation_error_deg,0,30300000
prediction_position_error_mm,25.265686213970184,30400000
prediction_orientation_error_deg,0,30400000
owd_uplink_ms,132.5541,30500000
owd_downlink_ms,131.8034,30500000
correction_magnitude_mm,15.880733728408813,29107883
correction_magnitude_deg,0,29107883
prediction_position_error_mm,23.351725190877914,30500000
prediction_orientation_error_deg,0,30500000
owd_uplink_ms,126.7203,30600000
owd_downlink_ms,129.2258,30600000
correction_magnitude_mm,7.3912423104047775,29211014
correction_magnitude_deg,0,29211014
owd_uplink_ms,133.6021,30600000
owd_downlink_ms,130.5992,30600000
owd_uplink_ms,124.9913,30600000
owd_downlink_ms,123.8816,30600000
correction_magnitude_mm,5.639921873807907,29305872
correction_magnitude_deg,0,29305872
prediction_position_error_mm,15.077400952577591,30600000
prediction_orientation_error_deg,0,30600000
owd_uplink_ms,127.1271,30700000
owd_downlink_ms,128.0975,30700000
prediction_position_error_mm,7.217662874609232,30700000
prediction_orientation_error_deg,0,30700000
prediction_position_error_mm,12.728041037917137,30800000
prediction_orientation_error_deg,0,30800000
owd_uplink_ms,126.1722,30900000
owd_downlink_ms,129.2825,30900000
owd_uplink_ms,128.3935,30900000
owd_downlink_ms,126.7938,30900000
prediction_position_error_mm,3.3324211835861206,30900000
prediction_orientation_error_deg,0,30900000
owd_uplink_ms,126.9205,31000000
owd_downlink_ms,128.1343,31000000
prediction_position_error_mm,2.200029557570815,31000000
prediction_orientation_error_deg,0,31000000
prediction_position_error_mm,2.3226351477205753,31100000
prediction_orientation_error_deg,0,31100000
owd_uplink_ms,131.0352,31200000
owd_downlink_ms,124.3288,31200000
prediction_position_error_mm,2.0866200793534517,31200000
prediction_orientation_error_deg,0,31200000
owd_uplink_ms,128.3581,31300000
owd_downlink_ms,129.8166,31300000
prediction_position_error_mm,23.480411618947983,31300000
prediction_orientation_error_deg,0,31300000
prediction_position_error_mm,25.261959061026573,31400000
prediction_orientation_error_deg,0,31400000
owd_uplink_ms,131.6994,31500000
owd_downlink_ms,132.2464,31500000
owd_uplink_ms,125.2674,31500000
owd_downlink_ms,131.5257,31500000
prediction_position_error_mm,17.172500491142273,31500000
prediction_orientation_error_deg,0,31500000
owd_uplink_ms,126.2491,31600000
owd_downlink_ms,129.6815,31600000
prediction_position_error_mm,16.982723027467728,31600000
prediction_orientation_error_deg,0,31600000
owd_uplink_ms,133.323,31700000
owd_downlink_ms,122.8785,31700000
owd_uplink_ms,128.6488,31700000
owd_downlink_ms,123.9818,31700000
prediction_position_error_mm,16.10727421939373,31700000
prediction_orientation_error_deg,0,31700000
prediction_position_error_mm,11.997307650744915,31800000
prediction_orientation_error_deg,0,31800000
owd_uplink_ms,130.8021,31900000
owd_downlink_ms,128.5205,31900000
prediction_position_error_mm,13.074854388833046,31900000
prediction_orientation_error_deg,0,31900000
owd_uplink_ms,130.6277,32000000
owd_downlink_ms,129.3862,32000000
correction_magnitude_mm,6.148115731775761,30693432
correction_magnitude_deg,0,30693432
prediction_position_error_mm,15.063000842928886,32000000
prediction_orientation_error_deg,0,32000000
owd_uplink_ms,124.1165,32100000
owd_downlink_ms,132.3651,32100000
prediction_position_error_mm,1.838910044170916,32100000
prediction_orientation_error_deg,0,32100000
owd_uplink_ms,130.7585,32200000
owd_downlink_ms,124.2989,32200000
owd_uplink_ms,127.2045,32200000
owd_downlink_ms,127.9601,32200000
prediction_position_error_mm,73.88103753328323,32200000
prediction_orientation_error_deg,0,32200000
owd_uplink_ms,126.7033,32300000
owd_downlink_ms,126.9652,32300000
prediction_position_error_mm,76.42444223165512,32300000
prediction_orientation_error_deg,0,32300000
owd_uplink_ms,128.1579,32400000
owd_downlink_ms,124.2601,32400000
correction_magnitude_mm,8.334825746715069,31092069
correction_magnitude_deg,0,31092069
prediction_position_error_mm,76.07371360063553,32400000
prediction_orientation_error_deg,0,32400000
owd_uplink_ms,127.7404,32500000
owd_downlink_ms,128.099,32500000
correction_magnitude_mm,11.245730333030224,31192518
correction_magnitude_deg,0,31192518
prediction_position_error_mm,73.63367825746536,32500000
prediction_orientation_error_deg,0,32500000
owd_uplink_ms,125.3002,32600000
owd_downlink_ms,126.2,32600000
correction_magnitude_mm,13.00917286425829,31293643
correction_magnitude_deg,0,31293643
prediction_position_error_mm,69.67925280332565,32600000
prediction_orientation_error_deg,0,32600000
owd_uplink_ms,124.729,32700000
owd_downlink_ms,129.2076,32700000
correction_magnitude_mm,14.28916584700346,31399242
correction_magnitude_deg,0,31399242
prediction_position_error_mm,69.98761743307114,32700000
prediction_orientation_error_deg,0,32700000
owd_uplink_ms,125.8702,32800000
owd_downlink_ms,123.8292,32800000
correction_magnitude_mm,13.980381190776825,31496691
correction_magnitude_deg,0,31496691
prediction_position_error_mm,59.115272015333176,32800000
prediction_orientation_error_deg,0,32800000
prediction_position_error_mm,62.88762390613556,32900000
prediction_orientation_error_deg,0,32900000
owd_uplink_ms,124.8098,33000000
owd_downlink_ms,131.3499,33000000
correction_magnitude_mm,14.308926649391651,31604865
correction_magnitude_deg,0,31604865
owd_uplink_ms,126.4395,33000000
owd_downlink_ms,124.5561,33000000
correction_magnitude_mm,13.196373358368874,31702510
correction_magnitude_deg,0,31702510
prediction_position_error_mm,47.61672392487526,33000000
prediction_orientation_error_deg,0,33000000
prediction_position_error_mm,55.85816130042076,33100000
prediction_orientation_error_deg,0,33100000
owd_uplink_ms,131.0235,33200000
owd_downlink_ms,123.7777,33200000
correction_magnitude_mm,19.704332575201988,31893453
correction_magnitude_deg,0,31893453
prediction_position_error_mm,43.61753165721893,33200000
prediction_orientation_error_deg,0,33200000
owd_uplink_ms,129.9294,33300000
owd_downlink_ms,127.4047,33300000
correction_magnitude_mm,10.939273051917553,31990298
correction_magnitude_deg,0,31990298
owd_uplink_ms,123.558,33300000
owd_downlink_ms,128.3416,33300000
correction_magnitude_mm,8.11058096587658,31996278
correction_magnitude_deg,0,31996278
prediction_position_error_mm,16.995573416352272,33300000
prediction_orientation_error_deg,0,33300000
owd_uplink_ms,124.9744,33400000
owd_downlink_ms,129.0874,33400000
prediction_position_error_mm,21.47555910050869,33400000
prediction_orientation_error_deg,0,33400000
prediction_position_error_mm,18.158288672566414,33500000
prediction_orientation_error_deg,0,33500000
owd_uplink_ms,126.3558,33600000
owd_downlink_ms,129.8179,33600000
prediction_position_error_mm,20.800041034817696,33600000
prediction_orientation_error_deg,0,33600000
owd_uplink_ms,127.863,33700000
owd_downlink_ms,131.4196,33700000
owd_uplink_ms,130.3037,33700000
owd_downlink_ms,128.0011,33700000
prediction_position_error_mm,25.325359776616096,33700000
prediction_orientation_error_deg,0,33700000
prediction_position_error_mm,27.084611356258392,33800000
prediction_orientation_error_deg,0,33800000
owd_uplink_ms,125.798,33900000
owd_downlink_ms,128.8888,33900000
prediction_position_error_mm,21.218959242105484,33900000
prediction_orientation_error_deg,0,33900000
owd_uplink_ms,128.9666,34000000
owd_downlink_ms,130.6234,34000000
prediction_position_error_mm,25.12732893228531,34000000
prediction_orientation_error_deg,0,34000000
owd_uplink_ms,129.2074,34100000
owd_downlink_ms,124.3723,34100000
correction_magnitude_mm,6.228592246770859,32807202
correction_magnitude_deg,0,32807202
owd_uplink_ms,131.4259,34100000
owd_downlink_ms,128.0676,34100000
prediction_position_error_mm,23.53261411190033,34100000
prediction_orientation_error_deg,0,34100000
owd_uplink_ms,129.3569,34200000
owd_downlink_ms,126.7066,34200000
correction_magnitude_mm,6.118088029325008,32899692
correction_magnitude_deg,0,32899692
prediction_position_error_mm,20.536188036203384,34200000
prediction_orientation_error_deg,0,34200000
owd_uplink_ms,126.3801,34300000
owd_downlink_ms,128.0971,34300000
correction_magnitude_mm,5.47358812764287,33001838
correction_magnitude_deg,0,33001838
prediction_position_error_mm,18.021127209067345,34300000
prediction_orientation_error_deg,0,34300000
prediction_position_error_mm,19.06169205904007,34400000
prediction_orientation_error_deg,0,34400000
owd_uplink_ms,132.1277,34500000
owd_downlink_ms,125.8509,34500000
correction_magnitude_mm,6.37597031891346,33193992
correction_magnitude_deg,0,33193992
owd_uplink_ms,123.5,34500000
owd_downlink_ms,129.7331,34500000
prediction_position_error_mm,5.170194897800684,34500000
prediction_orientation_error_deg,0,34500000
prediction_position_error_mm,5.860282573848963,34600000
prediction_orientation_error_deg,0,34600000
owd_uplink_ms,128.7248,34700000
owd_downlink_ms,129.7694,34700000
owd_uplink_ms,128.5924,34700000
owd_downlink_ms,125.0779,34700000
prediction_position_error_mm,8.936394937336445,34700000
prediction_orientation_error_deg,0,34700000
prediction_position_error_mm,14.885482378304005,34800000
prediction_orientation_error_deg,0,34800000
owd_uplink_ms,131.1969,34900000
owd_downlink_ms,129.6241,34900000
correction_magnitude_mm,5.724258720874786,33596729
correction_magnitude_deg,0,33596729
prediction_position_error_mm,7.729190867394209,34900000
prediction_orientation_error_deg,0,34900000
owd_uplink_ms,130.7968,35000000
owd_downlink_ms,124.165,35000000
owd_uplink_ms,123.6279,35000000
owd_downlink_ms,127.5918,35000000
prediction_position_error_mm,13.237017206847668,35000000
prediction_orientation_error_deg,0,35000000
owd_uplink_ms,128.9433,35100000
owd_downlink_ms,128.5934,35100000
prediction_position_error_mm,19.01496946811676,35100000
prediction_orientation_error_deg,0,35100000
prediction_position_error_mm,15.011708252131939,35200000
prediction_orientation_error_deg,0,35200000
owd_uplink_ms,130.8947,35300000
owd_downlink_ms,129.0017,35300000
owd_uplink_ms,124.131,35300000
owd_downlink_ms,128.9398,35300000
prediction_position_error_mm,2.3093523923307657,35300000
prediction_orientation_error_deg,0,35300000
prediction_position_error_mm,2.4799129460006952,35400000
prediction_orientation_error_deg,0,35400000
owd_uplink_ms,128.2973,35500000
owd_downlink_ms,132.7533,35500000
owd_uplink_ms,128.1055,35500000
owd_downlink_ms,129.2944,35500000
prediction_position_error_mm,1.1142208240926266,35500000
prediction_orientation_error_deg,0,35500000
prediction_position_error_mm,5.790174473077059,35600000
prediction_orientation_error_deg,0,35600000
owd_uplink_ms,127.9962,35700000
owd_downlink_ms,130.0099,35700000
owd_uplink_ms,129.7281,35700000
owd_downlink_ms,125.6101,35700000
prediction_position_error_mm,1.1017880169674754,35700000
prediction_orientation_error_deg,0,35700000
prediction_position_error_mm,5.2188849076628685,35800000
prediction_orientation_error_deg,0,35800000
owd_uplink_ms,125.1203,35900000
owd_downlink_ms,130.1499,35900000
owd_uplink_ms,128.1426,35900000
owd_downlink_ms,124.545,35900000
prediction_position_error_mm,1.2205940438434482,35900000
prediction_orientation_error_deg,0,35900000
prediction_position_error_mm,1.3532317243516445,36000000
prediction_orientation_error_deg,0,36000000
owd_uplink_ms,124.7494,36100000
owd_downlink_ms,130.0502,36100000
prediction_position_error_mm,1.4023376861587167,36100000
prediction_orientation_error_deg,0,36100000
owd_uplink_ms,129.5486,36200000
owd_downlink_ms,125.8409,36200000
owd_uplink_ms,130.4287,36200000
owd_downlink_ms,128.7147,36200000
prediction_position_error_mm,1.4711706899106503,36200000
prediction_orientation_error_deg,0,36200000
prediction_position_error_mm,1.6504257218912244,36300000
prediction_orientation_error_deg,0,36300000
owd_uplink_ms,125.2343,36400000
owd_downlink_ms,130.1686,36400000
prediction_position_error_mm,5.698843859136105,36400000
prediction_orientation_error_deg,0,36400000
owd_uplink_ms,124.2237,36500000
owd_downlink_ms,125.0365,36500000
prediction_position_error_mm,1.803810358978808,36500000
prediction_orientation_error_deg,0,36500000
owd_uplink_ms,132.0745,36600000
owd_downlink_ms,131.0057,36600000
prediction_position_error_mm,2.046596957370639,36600000
prediction_orientation_error_deg,0,36600000
owd_uplink_ms,128.5711,36700000
owd_downlink_ms,131.3286,36700000
owd_uplink_ms,128.4225,36700000
owd_downlink_ms,126.5745,36700000
prediction_position_error_mm,1.9708990585058928,36700000
prediction_orientation_error_deg,0,36700000
prediction_position_error_mm,2.255235565826297,36800000
prediction_orientation_error_deg,0,36800000
owd_uplink_ms,125.8575,36900000
owd_downlink_ms,129.9772,36900000
prediction_position_error_mm,6.546103861182928,36900000
prediction_orientation_error_deg,0,36900000
owd_uplink_ms,125.437,37000000
owd_downlink_ms,123.9751,37000000
owd_uplink_ms,131.8893,37000000
owd_downlink_ms,125.7961,37000000
prediction_position_error_mm,2.45257536880672,37000000
prediction_orientation_error_deg,0,37000000
prediction_position_error_mm,2.795662498101592,37100000
prediction_orientation_error_deg,0,37100000
owd_uplink_ms,131.5016,37200000
owd_downlink_ms,124.8516,37200000
owd_uplink_ms,125.3463,37200000
owd_downlink_ms,128.3632,37200000
prediction_position_error_mm,4.761732649058104,37200000
prediction_orientation_error_deg,0,37200000
prediction_position_error_mm,5.285629071295261,37300000
prediction_orientation_error_deg,0,37300000
owd_uplink_ms,124.5454,37400000
owd_downlink_ms,131.3102,37400000
prediction_position_error_mm,5.459514446556568,37400000
prediction_orientation_error_deg,0,37400000
owd_uplink_ms,129.6767,37500000
owd_downlink_ms,130.0231,37500000
owd_uplink_ms,124.4848,37500000
owd_downlink_ms,126.5719,37500000
prediction_position_error_mm,4.936408717185259,37500000
prediction_orientation_error_deg,0,37500000
owd_uplink_ms,124.5562,37600000
owd_downlink_ms,122.885,37600000
prediction_position_error_mm,4.935025237500668,37600000
prediction_orientation_error_deg,0,37600000
prediction_position_error_mm,5.470579490065575,37700000
prediction_orientation_error_deg,0,37700000
owd_uplink_ms,125.6879,37800000
owd_downlink_ms,127.0901,37800000
prediction_position_error_mm,10.011035017669201,37800000
prediction_orientation_error_deg,0,37800000
owd_uplink_ms,132.8197,37900000
owd_downlink_ms,131.6478,37900000
owd_uplink_ms,126.673,37900000
owd_downlink_ms,126.4529,37900000
prediction_position_error_mm,5.352839827537537,37900000
prediction_orientation_error_deg,0,37900000
owd_uplink_ms,127.5366,38000000
owd_downlink_ms,126.448,38000000
prediction_position_error_mm,5.313481669872999,38000000
prediction_orientation_error_deg,0,38000000
owd_uplink_ms,128.7704,38100000
owd_downlink_ms,127.7512,38100000
prediction_position_error_mm,5.329872015863657,38100000
prediction_orientation_error_deg,0,38100000
prediction_position_error_mm,5.906892940402031,38200000
prediction_orientation_error_deg,0,38200000
owd_uplink_ms,128.4849,38300000
owd_downlink_ms,123.0416,38300000
owd_uplink_ms,130.7428,38300000
owd_downlink_ms,124.0123,38300000
prediction_position_error_mm,6.140319164842367,38300000
prediction_orientation_error_deg,0,38300000
owd_uplink_ms,127.5578,38400000
owd_downlink_ms,127.3721,38400000
prediction_position_error_mm,6.495562847703695,38400000
prediction_orientation_error_deg,0,38400000
owd_uplink_ms,124.0287,38500000
owd_downlink_ms,124.4047,38500000
prediction_position_error_mm,6.739963311702013,38500000
prediction_orientation_error_deg,0,38500000
owd_uplink_ms,128.5728,38600000
owd_downlink_ms,126.7287,38600000
prediction_position_error_mm,11.304106563329697,38600000
prediction_orientation_error_deg,0,38600000
owd_uplink_ms,124.191,38700000
owd_downlink_ms,126.1052,38700000
prediction_position_error_mm,11.363714002072811,38700000
prediction_orientation_error_deg,0,38700000
owd_uplink_ms,127.033,38800000
owd_downlink_ms,129.6859,38800000
prediction_position_error_mm,7.028285413980484,38800000
prediction_orientation_error_deg,0,38800000
prediction_position_error_mm,11.924070306122303,38900000
prediction_orientation_error_deg,0,38900000
owd_uplink_ms,128.8345,39000000
owd_downlink_ms,131.5921,39000000
owd_uplink_ms,126.737,39000000
owd_downlink_ms,123.7222,39000000
prediction_position_error_mm,6.871587596833706,39000000
prediction_orientation_error_deg,0,39000000
prediction_position_error_mm,7.543125189840794,39100000
prediction_orientation_error_deg,0,39100000
owd_uplink_ms,131.0015,39200000
owd_downlink_ms,126.0168,39200000
prediction_position_error_mm,11.870931833982468,39200000
prediction_orientation_error_deg,0,39200000
owd_uplink_ms,128.3614,39300000
owd_downlink_ms,132.7745,39300000
owd_uplink_ms,124.6893,39300000
owd_downlink_ms,126.3581,39300000
prediction_position_error_mm,4.606207832694054,39300000
prediction_orientation_error_deg,0,39300000
owd_uplink_ms,129.25,39400000
owd_downlink_ms,127.4835,39400000
prediction_position_error_mm,4.70315758138895,39400000
prediction_orientation_error_deg,0,39400000
owd_uplink_ms,127.2119,39500000
owd_downlink_ms,128.7672,39500000
prediction_position_error_mm,1.0078053455799818,39500000
prediction_orientation_error_deg,0,39500000
prediction_position_error_mm,1.2795483926311135,39600000
prediction_orientation_error_deg,0,39600000
owd_uplink_ms,128.8864,39700000
owd_downlink_ms,131.0206,39700000
prediction_position_error_mm,1.5770122408866882,39700000
prediction_orientation_error_deg,0,39700000
owd_uplink_ms,124.3919,39800000
owd_downlink_ms,131.0164,39800000
owd_uplink_ms,125.9545,39800000
owd_downlink_ms,125.5471,39800000
prediction_position_error_mm,1.687428681179881,39800000
prediction_orientation_error_deg,0,39800000
prediction_position_error_mm,2.057240344583988,39900000
prediction_orientation_error_deg,0,39900000
owd_uplink_ms,132.6414,40000000
owd_downlink_ms,127.7007,40000000
prediction_position_error_mm,4.230010788887739,40000000
prediction_orientation_error_deg,0,40000000
owd_uplink_ms,127.6203,40100000
owd_downlink_ms,125.8436,40100000
owd_uplink_ms,129.8995,40100000
owd_downlink_ms,129.4943,40100000
prediction_position_error_mm,2.0052259787917137,40100000
prediction_orientation_error_deg,0,40100000
prediction_position_error_mm,2.4623682256788015,40200000
prediction_orientation_error_deg,0,40200000
owd_uplink_ms,128.4817,40300000
owd_downlink_ms,126.5755,40300000
owd_uplink_ms,131.5315,40300000
owd_downlink_ms,128.7122,40300000
prediction_position_error_mm,7.1720825508236885,40300000
prediction_orientation_error_deg,0,40300000
owd_uplink_ms,128.5794,40400000
owd_downlink_ms,125.0834,40400000
prediction_position_error_mm,4.766172729432583,40400000
prediction_orientation_error_deg,0,40400000
prediction_position_error_mm,5.3954110480844975,40500000
prediction_orientation_error_deg,0,40500000
owd_uplink_ms,131.5323,40600000
owd_downlink_ms,130.0204,40600000
prediction_position_error_mm,7.838244549930096,40600000
prediction_orientation_error_deg,0,40600000
owd_uplink_ms,129.2188,40700000
owd_downlink_ms,128.044,40700000
prediction_position_error_mm,6.590862292796373,40700000
prediction_orientation_error_deg,0,40700000
owd_uplink_ms,128.3449,40800000
owd_downlink_ms,126.5774,40800000
owd_uplink_ms,126.8457,40800000
owd_downlink_ms,128.5313,40800000
prediction_position_error_mm,32.40201249718666,40800000
prediction_orientation_error_deg,0,40800000
owd_uplink_ms,123.8787,40900000
owd_downlink_ms,124.9073,40900000
prediction_position_error_mm,37.7742201089859,40900000
prediction_orientation_error_deg,0,40900000
owd_uplink_ms,127.1479,41000000
owd_downlink_ms,127.8364,41000000
prediction_position_error_mm,34.69740226864815,41000000
prediction_orientation_error_deg,0,41000000
owd_uplink_ms,126.1726,41100000
owd_downlink_ms,127.3576,41100000
prediction_position_error_mm,34.21866521239281,41100000
prediction_orientation_error_deg,0,41100000
owd_uplink_ms,127.3681,41200000
owd_downlink_ms,129.1512,41200000
correction_magnitude_mm,5.473350640386343,39890469
correction_magnitude_deg,0,39890469
prediction_position_error_mm,36.507826298475266,41200000
prediction_orientation_error_deg,0,41200000
prediction_position_error_mm,35.53690388798714,41300000
prediction_orientation_error_deg,0,41300000
owd_uplink_ms,127.56,41400000
owd_downlink_ms,128.5256,41400000
correction_magnitude_mm,7.913284003734589,40091676
correction_magnitude_deg,0,40091676
prediction_position_error_mm,34.13056954741478,41400000
prediction_orientation_error_deg,0,41400000
owd_uplink_ms,131.2614,41500000
owd_downlink_ms,133.1175,41500000
correction_magnitude_mm,5.672854837030172,40093997
correction_magnitude_deg,0,40093997
owd_uplink_ms,125.6147,41500000
owd_downlink_ms,128.4751,41500000
prediction_position_error_mm,67.24394857883453,41500000
prediction_orientation_error_deg,0,41500000
prediction_position_error_mm,68.7810555100441,41600000
prediction_orientation_error_deg,0,41600000
owd_uplink_ms,130.797,41700000
owd_downlink_ms,125.6859,41700000
correction_magnitude_mm,11.527754366397858,40391185
correction_magnitude_deg,0,40391185
prediction_position_error_mm,71.04573398828506,41700000
prediction_orientation_error_deg,0,41700000
owd_uplink_ms,127.5669,41800000
owd_downlink_ms,131.3223,41800000
correction_magnitude_mm,8.13315249979496,40395880
correction_magnitude_deg,0,40395880
owd_uplink_ms,124.2493,41800000
owd_downlink_ms,128.0565,41800000
correction_magnitude_mm,5.3764525800943375,40500639
correction_magnitude_deg,0,40500639
prediction_position_error_mm,3.4875625278800726,41800000
prediction_orientation_error_deg,0,41800000
prediction_position_error_mm,7.458628620952368,41900000
prediction_orientation_error_deg,0,41900000
owd_uplink_ms,131.7253,42000000
owd_downlink_ms,129.2438,42000000
prediction_position_error_mm,4.979169927537441,42000000
prediction_orientation_error_deg,0,42000000
owd_uplink_ms,125.8677,42100000
owd_downlink_ms,124.1108,42100000
prediction_position_error_mm,7.992648519575596,42100000
prediction_orientation_error_deg,0,42100000
owd_uplink_ms,131.6406,42200000
owd_downlink_ms,130.871,42200000
prediction_position_error_mm,9.04298946261406,42200000
prediction_orientation_error_deg,0,42200000
owd_uplink_ms,126.2443,42300000
owd_downlink_ms,129.4485,42300000
prediction_position_error_mm,13.557984493672848,42300000
prediction_orientation_error_deg,0,42300000
owd_uplink_ms,132.1298,42400000
owd_downlink_ms,131.8342,42400000
owd_uplink_ms,126.3986,42400000
owd_downlink_ms,126.1317,42400000
prediction_position_error_mm,11.755004525184631,42400000
prediction_orientation_error_deg,0,42400000
prediction_position_error_mm,12.948774732649326,42500000
prediction_orientation_error_deg,0,42500000
owd_uplink_ms,128.4258,42600000
owd_downlink_ms,124.6388,42600000
prediction_position_error_mm,13.622011989355087,42600000
prediction_orientation_error_deg,0,42600000
owd_uplink_ms,130.6215,42700000
owd_downlink_ms,133.3431,42700000
owd_uplink_ms,126.9476,42700000
owd_downlink_ms,124.3774,42700000
prediction_position_error_mm,5.658390931785107,42700000
prediction_orientation_error_deg,0,42700000
prediction_position_error_mm,3.312972839921713,42800000
prediction_orientation_error_deg,0,42800000
owd_uplink_ms,124.8889,42900000
owd_downlink_ms,132.6481,42900000
prediction_position_error_mm,6.186767015606165,42900000
prediction_orientation_error_deg,0,42900000
owd_uplink_ms,131.8813,43000000
owd_downlink_ms,124.49,43000000
prediction_position_error_mm,3.985730931162834,43000000
prediction_orientation_error_deg,0,43000000
owd_uplink_ms,125.8908,43100000
owd_downlink_ms,131.4237,43100000
owd_uplink_ms,127.3846,43100000
owd_downlink_ms,129.4106,43100000
prediction_position_error_mm,5.519285332411528,43100000
prediction_orientation_error_deg,0,43100000
prediction_position_error_mm,3.4349069464951754,43200000
prediction_orientation_error_deg,0,43200000
owd_uplink_ms,130.0656,43300000
owd_downlink_ms,125.0536,43300000
owd_uplink_ms,124.1517,43300000
owd_downlink_ms,128.3696,43300000
prediction_position_error_mm,5.876738578081131,43300000
prediction_orientation_error_deg,0,43300000
prediction_position_error_mm,3.9329524151980877,43400000
prediction_orientation_error_deg,0,43400000
owd_uplink_ms,129.7833,43500000
owd_downlink_ms,132.0001,43500000
owd_uplink_ms,125.8572,43500000
owd_downlink_ms,124.5608,43500000
prediction_position_error_mm,4.3836417607963085,43500000
prediction_orientation_error_deg,0,43500000
prediction_position_error_mm,7.415560074150562,43600000
prediction_orientation_error_deg,0,43600000
owd_uplink_ms,131.5748,43700000
owd_downlink_ms,124.2891,43700000
owd_uplink_ms,125.2819,43700000
owd_downlink_ms,128.3058,43700000
prediction_position_error_mm,4.693264607340097,43700000
prediction_orientation_error_deg,0,43700000
prediction_position_error_mm,7.6797218061983585,43800000
prediction_orientation_error_deg,0,43800000
owd_uplink_ms,128.3645,43900000
owd_downlink_ms,131.8855,43900000
owd_uplink_ms,127.3702,43900000
owd_downlink_ms,126.2866,43900000
prediction_position_error_mm,5.6891669519245625,43900000
prediction_orientation_error_deg,0,43900000
prediction_position_error_mm,6.436491385102272,44000000
prediction_orientation_error_deg,0,44000000
owd_uplink_ms,131.6071,44100000
owd_downlink_ms,129.2917,44100000
prediction_position_error_mm,7.001054938882589,44100000
prediction_orientation_error_deg,0,44100000
owd_uplink_ms,123.7107,44200000
owd_downlink_ms,130.4219,44200000
prediction_position_error_mm,4.822677467018366,44200000
prediction_orientation_error_deg,0,44200000
owd_uplink_ms,130.1454,44300000
owd_downlink_ms,124.0507,44300000
owd_uplink_ms,124.2783,44300000
owd_downlink_ms,127.9444,44300000
prediction_position_error_mm,2.425322774797678,44300000
prediction_orientation_error_deg,0,44300000
prediction_position_error_mm,4.932128358632326,44400000
prediction_orientation_error_deg,0,44400000
owd_uplink_ms,132.5326,44500000
owd_downlink_ms,126.1718,44500000
owd_uplink_ms,128.4678,44500000
owd_downlink_ms,129.4923,44500000
prediction_position_error_mm,5.272875539958477,44500000
prediction_orientation_error_deg,0,44500000
prediction_position_error_mm,6.0046217404305935,44600000
prediction_orientation_error_deg,0,44600000
owd_uplink_ms,126.5426,44700000
owd_downlink_ms,127.9664,44700000
prediction_position_error_mm,8.535141125321388,44700000
prediction_orientation_error_deg,0,44700000
owd_uplink_ms,131.9023,44800000
owd_downlink_ms,130.9569,44800000
prediction_position_error_mm,7.46037345379591,44800000
prediction_orientation_error_deg,0,44800000
owd_uplink_ms,124.0772,44900000
owd_downlink_ms,130.6864,44900000
prediction_position_error_mm,9.711762890219688,44900000
prediction_orientation_error_deg,0,44900000
owd_uplink_ms,130.2955,45000000
owd_downlink_ms,125.8997,45000000
prediction_position_error_mm,8.414052426815033,45000000
prediction_orientation_error_deg,0,45000000
owd_uplink_ms,128.621,45100000
owd_downlink_ms,130.9194,45100000
prediction_position_error_mm,1.1879019439220428,45100000
prediction_orientation_error_deg,0,45100000
owd_uplink_ms,126.4641,45200000
owd_downlink_ms,125.9237,45200000
prediction_position_error_mm,2.171238185837865,45200000
prediction_orientation_error_deg,0,45200000
owd_uplink_ms,130.3982,45300000
owd_downlink_ms,131.6634,45300000
owd_uplink_ms,125.9361,45300000
owd_downlink_ms,125.4802,45300000
prediction_position_error_mm,3.9414814673364162,45300000
prediction_orientation_error_deg,0,45300000
owd_uplink_ms,129.193,45400000
owd_downlink_ms,123.5548,45400000
prediction_position_error_mm,4.751742351800203,45400000
prediction_orientation_error_deg,0,45400000
owd_uplink_ms,122.9581,45500000
owd_downlink_ms,123.5343,45500000
prediction_position_error_mm,5.501020234078169,45500000
prediction_orientation_error_deg,0,45500000
prediction_position_error_mm,7.718975190073252,45600000
prediction_orientation_error_deg,0,45600000
owd_uplink_ms,127.7863,45700000
owd_downlink_ms,132.2043,45700000
prediction_position_error_mm,6.931021343916655,45700000
prediction_orientation_error_deg,0,45700000
owd_uplink_ms,129.2736,45800000
owd_downlink_ms,123.5358,45800000
owd_uplink_ms,130.4909,45800000
owd_downlink_ms,124.8124,45800000
prediction_position_error_mm,7.5974976643919945,45800000
prediction_orientation_error_deg,0,45800000
owd_uplink_ms,125.6902,45900000
owd_downlink_ms,127.7696,45900000
prediction_position_error_mm,8.194857276976109,45900000
prediction_orientation_error_deg,0,45900000
prediction_position_error_mm,9.135673753917217,46000000
prediction_orientation_error_deg,0,46000000
owd_uplink_ms,128.6917,46100000
owd_downlink_ms,126.6105,46100000
prediction_position_error_mm,9.684544056653976,46100000
prediction_orientation_error_deg,0,46100000
owd_uplink_ms,131.0557,46200000
owd_downlink_ms,133.4301,46200000
prediction_position_error_mm,0.933850824367255,46200000
prediction_orientation_error_deg,0,46200000
owd_uplink_ms,125.93,46300000
owd_downlink_ms,124.2011,46300000
owd_uplink_ms,130.8345,46300000
owd_downlink_ms,131.0467,46300000
prediction_position_error_mm,15.432070940732956,46300000
prediction_orientation_error_deg,0,46300000
prediction_position_error_mm,15.727389603853226,46400000
prediction_orientation_error_deg,0,46400000
owd_uplink_ms,129.3556,46500000
owd_downlink_ms,133.1749,46500000
prediction_position_error_mm,16.59938134253025,46500000
prediction_orientation_error_deg,0,46500000
owd_uplink_ms,129.0675,46600000
owd_downlink_ms,124.7422,46600000
owd_uplink_ms,127.6808,46600000
owd_downlink_ms,128.4517,46600000
prediction_position_error_mm,46.32633179426193,46600000
prediction_orientation_error_deg,0,46600000
owd_uplink_ms,128.6048,46700000
owd_downlink_ms,129.1227,46700000
prediction_position_error_mm,47.66850546002388,46700000
prediction_orientation_error_deg,0,46700000
owd_uplink_ms,128.6074,46800000
owd_downlink_ms,130.6883,46800000
correction_magnitude_mm,5.822427105158567,45492871
correction_magnitude_deg,0,45492871
prediction_position_error_mm,45.988984405994415,46800000
prediction_orientation_error_deg,0,46800000
prediction_position_error_mm,49.82921853661537,46900000
prediction_orientation_error_deg,0,46900000
owd_uplink_ms,130.9372,47000000
owd_downlink_ms,125.3713,47000000
correction_magnitude_mm,10.997012257575989,45685914
correction_magnitude_deg,0,45685914
owd_uplink_ms,126.9751,47000000
owd_downlink_ms,127.2223,47000000
correction_magnitude_mm,7.703916169703007,45686224
correction_magnitude_deg,0,45686224
prediction_position_error_mm,934.6317648887634,47000000
prediction_orientation_error_deg,0,47000000
prediction_position_error_mm,1006.5023899078369,47100000
prediction_orientation_error_deg,0,47100000
owd_uplink_ms,125.363,47200000
owd_downlink_ms,131.7199,47200000
correction_magnitude_mm,71.63738459348679,45794171
correction_magnitude_deg,0,45794171
owd_uplink_ms,122.9784,47200000
owd_downlink_ms,126.9279,47200000
correction_magnitude_mm,122.9478269815445,45899108
correction_magnitude_deg,0,45899108
prediction_position_error_mm,947.0258355140686,47200000
prediction_orientation_error_deg,0,47200000
owd_uplink_ms,124.5738,47300000
owd_downlink_ms,127.2874,47300000
correction_magnitude_mm,154.18557822704315,46002499
correction_magnitude_deg,0,46002499
prediction_position_error_mm,908.4879755973816,47300000
prediction_orientation_error_deg,0,47300000
owd_uplink_ms,126.9365,47400000
owd_downlink_ms,124.4123,47400000
correction_magnitude_mm,167.3731505870819,46099344
correction_magnitude_deg,0,46099344
prediction_position_error_mm,853.4733653068542,47400000
prediction_orientation_error_deg,0,47400000
owd_uplink_ms,125.3603,47500000
owd_downlink_ms,127.0348,47500000
correction_magnitude_mm,174.64469373226166,46201437
correction_magnitude_deg,0,46201437
prediction_position_error_mm,791.2885546684265,47500000
prediction_orientation_error_deg,0,47500000
prediction_position_error_mm,843.0541157722473,47600000
prediction_orientation_error_deg,0,47600000
owd_uplink_ms,123.8467,47700000
owd_downlink_ms,124.9197,47700000
correction_magnitude_mm,225.39182007312775,46402778
correction_magnitude_deg,0,46402778
prediction_position_error_mm,783.2302451133728,47700000
prediction_orientation_error_deg,0,47700000
owd_uplink_ms,132.3311,47800000
owd_downlink_ms,131.6287,47800000
owd_uplink_ms,125.2917,47800000
owd_downlink_ms,123.1894,47800000
correction_magnitude_mm,203.98952066898346,46499272
correction_magnitude_deg,0,46499272
prediction_position_error_mm,688.0929470062256,47800000
prediction_orientation_error_deg,0,47800000
prediction_position_error_mm,730.7090759277344,47900000
prediction_orientation_error_deg,0,47900000
owd_uplink_ms,126.9625,48000000
owd_downlink_ms,130.7697,48000000
correction_magnitude_mm,186.45711243152618,46604030
correction_magnitude_deg,0,46604030
owd_uplink_ms,129.2589,48000000
owd_downlink_ms,128.7433,48000000
correction_magnitude_mm,166.6240245103836,46703385
correction_magnitude_deg,0,46703385
prediction_position_error_mm,527.2692441940308,48000000
prediction_orientation_error_deg,0,48000000
prediction_position_error_mm,559.2047572135925,48100000
prediction_orientation_error_deg,0,48100000
owd_uplink_ms,131.1654,48200000
owd_downlink_ms,125.4707,48200000
correction_magnitude_mm,177.1102398633957,46896267
correction_magnitude_deg,0,46896267
owd_uplink_ms,123.2822,48200000
owd_downlink_ms,127.8442,48200000
correction_magnitude_mm,125.65873563289642,46901969
correction_magnitude_deg,0,46901969
prediction_position_error_mm,393.73525977134705,48200000
prediction_orientation_error_deg,0,48200000
owd_uplink_ms,124.2693,48300000
owd_downlink_ms,127.7434,48300000
correction_magnitude_mm,48.959046602249146,47006311
correction_magnitude_deg,0,47006311
prediction_position_error_mm,463.63869309425354,48300000
prediction_orientation_error_deg,0,48300000
owd_uplink_ms,127.0091,48400000
owd_downlink_ms,125.4881,48400000
prediction_position_error_mm,499.15769696235657,48400000
prediction_orientation_error_deg,0,48400000
prediction_position_error_mm,537.1437072753906,48500000
prediction_orientation_error_deg,0,48500000
owd_uplink_ms,130.8479,48600000
owd_downlink_ms,124.6803,48600000
correction_magnitude_mm,76.89216732978821,47296700
correction_magnitude_deg,0,47296700
owd_uplink_ms,125.6065,48600000
owd_downlink_ms,129.1441,48600000
correction_magnitude_mm,55.44804781675339,47301122
correction_magnitude_deg,0,47301122
prediction_position_error_mm,31.165339052677155,48600000
prediction_orientation_error_deg,0,48600000
prediction_position_error_mm,30.24955652654171,48700000
prediction_orientation_error_deg,0,48700000
owd_uplink_ms,132.5739,48800000
owd_downlink_ms,129.0855,48800000
correction_magnitude_mm,37.64704614877701,47496762
correction_magnitude_deg,0,47496762
prediction_position_error_mm,10.593555867671967,48800000
prediction_orientation_error_deg,0,48800000
owd_uplink_ms,131.7033,48900000
owd_downlink_ms,128.4079,48900000
correction_magnitude_mm,25.48530511558056,47592643
correction_magnitude_deg,0,47592643
prediction_position_error_mm,9.3057407066226,48900000
prediction_orientation_error_deg,0,48900000
owd_uplink_ms,124.9885,49000000
owd_downlink_ms,128.8765,49000000
correction_magnitude_mm,16.41121320426464,47697503
correction_magnitude_deg,0,47697503
prediction_position_error_mm,22.65741117298603,49000000
prediction_orientation_error_deg,0,49000000
owd_uplink_ms,131.7394,49100000
owd_downlink_ms,130.9382,49100000
prediction_position_error_mm,25.84676444530487,49100000
prediction_orientation_error_deg,0,49100000
owd_uplink_ms,129.3225,49200000
owd_downlink_ms,131.1906,49200000
correction_magnitude_mm,9.11281630396843,47798837
correction_magnitude_deg,0,47798837
prediction_position_error_mm,35.352837294340134,49200000
prediction_orientation_error_deg,0,49200000
prediction_position_error_mm,38.70085999369621,49300000
prediction_orientation_error_deg,0,49300000
owd_uplink_ms,131.0037,49400000
owd_downlink_ms,131.8788,49400000
owd_uplink_ms,130.3298,49400000
owd_downlink_ms,128.1186,49400000
prediction_position_error_mm,40.917184203863144,49400000
prediction_orientation_error_deg,0,49400000
prediction_position_error_mm,44.30754482746124,49500000
prediction_orientation_error_deg,0,49500000
owd_uplink_ms,130.4567,49600000
owd_downlink_ms,130.4625,49600000
owd_uplink_ms,130.4533,49600000
owd_downlink_ms,124.9719,49600000
correction_magnitude_mm,5.231751129031181,48290325
correction_magnitude_deg,0,48290325
owd_uplink_ms,126.0246,49600000
owd_downlink_ms,128.8758,49600000
prediction_position_error_mm,1.520486082881689,49600000
prediction_orientation_error_deg,0,49600000
owd_uplink_ms,127.2269,49700000
owd_downlink_ms,127.7639,49700000
prediction_position_error_mm,2.844972535967827,49700000
prediction_orientation_error_deg,0,49700000
prediction_position_error_mm,2.8179006185382605,49800000
prediction_orientation_error_deg,0,49800000
owd_uplink_ms,128.7178,49900000
owd_downlink_ms,131.0781,49900000
owd_uplink_ms,125.5833,49900000
owd_downlink_ms,126.4444,49900000
prediction_position_error_mm,3.2616080716252327,49900000
prediction_orientation_error_deg,0,49900000
prediction_position_error_mm,3.1781962607055902,50000000
prediction_orientation_error_deg,0,50000000
prediction_position_error_mm,0,100000
prediction_orientation_error_deg,0,100000
prediction_position_error_mm,0,200000
prediction_orientation_error_deg,0,200000
prediction_position_error_mm,0,300000
prediction_orientation_error_deg,0,300000
prediction_position_error_mm,0,400000
prediction_orientation_error_deg,0,400000
prediction_position_error_mm,0,500000
prediction_orientation_error_deg,0,500000
prediction_position_error_mm,0,600000
prediction_orientation_error_deg,0,600000
prediction_position_error_mm,0,700000
prediction_orientation_error_deg,0,700000
prediction_position_error_mm,0,800000
prediction_orientation_error_deg,0,800000
prediction_position_error_mm,0,900000
prediction_orientation_error_deg,0,900000
prediction_position_error_mm,0,1000000
prediction_orientation_error_deg,0,1000000
prediction_position_error_mm,0,1100000
prediction_orientation_error_deg,0,1100000
prediction_position_error_mm,0,1200000
prediction_orientation_error_deg,0,1200000
prediction_position_error_mm,0,1300000
prediction_orientation_error_deg,0,1300000
prediction_position_error_mm,1299.9999523162842,1400000
prediction_orientation_error_deg,0,1400000
prediction_position_error_mm,1299.9999523162842,1500000
prediction_orientation_error_deg,0,1500000
prediction_position_error_mm,1300.0091314315796,1600000
prediction_orientation_error_deg,0,1600000
prediction_position_error_mm,1300.020456314087,1700000
prediction_orientation_error_deg,0,1700000
prediction_position_error_mm,1300.0361919403076,1800000
prediction_orientation_error_deg,0,1800000
prediction_position_error_mm,1300.0361919403076,1900000
prediction_orientation_error_deg,0,1900000
prediction_position_error_mm,1300.0812530517578,2000000
prediction_orientation_error_deg,0,2000000
prediction_position_error_mm,1300.1103401184082,2100000
prediction_orientation_error_deg,0,2100000
prediction_position_error_mm,1300.1103401184082,2200000
prediction_orientation_error_deg,0,2200000
prediction_position_error_mm,1300.1817464828491,2300000
prediction_orientation_error_deg,0,2300000
prediction_position_error_mm,1300.2238273620605,2400000
prediction_orientation_error_deg,0,2400000
prediction_position_error_mm,1300.2238273620605,2500000
prediction_orientation_error_deg,0,2500000
prediction_position_error_mm,1300.3205060958862,2600000
prediction_orientation_error_deg,0,2600000
owd_uplink_ms,127.5506,2700000
owd_downlink_ms,127.5506,2700000
correction_magnitude_mm,1299.9999523162842,1409955
correction_magnitude_deg,0,1409955
prediction_position_error_mm,59.865448623895645,2700000
prediction_orientation_error_deg,0,2700000
prediction_position_error_mm,64.82895463705063,2800000
prediction_orientation_error_deg,0,2800000
owd_uplink_ms,132.8324,2900000
owd_downlink_ms,125.0588,2900000
correction_magnitude_mm,9.99937579035759,1600238
correction_magnitude_deg,0,1600238
prediction_position_error_mm,64.73836302757263,2900000
prediction_orientation_error_deg,0,2900000
owd_uplink_ms,128.4894,3000000
owd_downlink_ms,131.4644,3000000
correction_magnitude_mm,6.993701681494713,1603956
correction_magnitude_deg,0,1603956
owd_uplink_ms,124.3166,3000000
owd_downlink_ms,124.0203,3000000
prediction_position_error_mm,14.272752217948437,3000000
prediction_orientation_error_deg,0,3000000
prediction_position_error_mm,10.420192964375019,3100000
prediction_orientation_error_deg,0,3100000
owd_uplink_ms,124.1463,3200000
owd_downlink_ms,129.0334,3200000
prediction_position_error_mm,12.527352198958397,3200000
prediction_orientation_error_deg,0,3200000
owd_uplink_ms,128.0651,3300000
owd_downlink_ms,124.1135,3300000
owd_uplink_ms,131.392,3300000
owd_downlink_ms,126.0822,3300000
prediction_position_error_mm,13.329528272151947,3300000
prediction_orientation_error_deg,0,3300000
prediction_position_error_mm,14.414884150028229,3400000
prediction_orientation_error_deg,0,3400000
owd_uplink_ms,128.3517,3500000
owd_downlink_ms,131.7444,3500000
prediction_position_error_mm,14.621708542108536,3500000
prediction_orientation_error_deg,0,3500000
owd_uplink_ms,130.1803,3600000
owd_downlink_ms,127.6932,3600000
owd_uplink_ms,128.8146,3600000
owd_downlink_ms,128.019,3600000
prediction_position_error_mm,14.423077926039696,3600000
prediction_orientation_error_deg,0,3600000
owd_uplink_ms,126.8571,3700000
owd_downlink_ms,125.8089,3700000
prediction_position_error_mm,13.677197508513927,3700000
prediction_orientation_error_deg,0,3700000
prediction_position_error_mm,19.390100613236427,3800000
prediction_orientation_error_deg,0,3800000
prediction_position_error_mm,15.666089951992035,3900000
prediction_orientation_error_deg,0,3900000
owd_uplink_ms,128.4352,4000000
owd_downlink_ms,131.1478,4000000
owd_uplink_ms,132.3239,4000000
owd_downlink_ms,131.5751,4000000
prediction_position_error_mm,14.82775155454874,4000000
prediction_orientation_error_deg,0,4000000
owd_uplink_ms,129.997,4100000
owd_downlink_ms,128.197,4100000
correction_magnitude_mm,8.931903168559074,2797149
correction_magnitude_deg,0,2797149
prediction_position_error_mm,16.04353077709675,4100000
prediction_orientation_error_deg,0,4100000
owd_uplink_ms,129.4839,4200000
owd_downlink_ms,125.4388,4200000
correction_magnitude_mm,6.638419348746538,2892093
correction_magnitude_deg,0,2892093
prediction_position_error_mm,12.226186692714691,4200000
prediction_orientation_error_deg,0,4200000
prediction_position_error_mm,12.890645302832127,4300000
prediction_orientation_error_deg,0,4300000
owd_uplink_ms,130.2219,4400000
owd_downlink_ms,131.3071,4400000
correction_magnitude_mm,5.189810413867235,2993450
correction_magnitude_deg,0,2993450
prediction_position_error_mm,6.077046971768141,4400000
prediction_orientation_error_deg,0,4400000
owd_uplink_ms,130.7105,4500000
owd_downlink_ms,131.9162,4500000
owd_uplink_ms,124.1608,4500000
owd_downlink_ms,131.2138,4500000
owd_uplink_ms,124.9604,4500000
owd_downlink_ms,123.8689,4500000
prediction_position_error_mm,6.5057724714279175,4500000
prediction_orientation_error_deg,0,4500000
prediction_position_error_mm,7.112486753612757,4600000
prediction_orientation_error_deg,0,4600000
owd_uplink_ms,128.8235,4700000
owd_downlink_ms,130.7431,4700000
owd_uplink_ms,126.7299,4700000
owd_downlink_ms,125.7541,4700000
prediction_position_error_mm,6.626197602599859,4700000
prediction_orientation_error_deg,0,4700000
owd_uplink_ms,127.5265,4800000
owd_downlink_ms,126.3995,4800000
prediction_position_error_mm,6.5903267823159695,4800000
prediction_orientation_error_deg,0,4800000
owd_uplink_ms,128.7479,4900000
owd_downlink_ms,128.1855,4900000
prediction_position_error_mm,11.05869933962822,4900000
prediction_orientation_error_deg,0,4900000
owd_uplink_ms,125.7975,5000000
owd_downlink_ms,123.3585,5000000
prediction_position_error_mm,6.471309345215559,5000000
prediction_orientation_error_deg,0,5000000
prediction_position_error_mm,7.0496522821486,5100000
prediction_orientation_error_deg,0,5100000
owd_uplink_ms,129.9628,5200000
owd_downlink_ms,127.3183,5200000
owd_uplink_ms,124.8737,5200000
owd_downlink_ms,129.5237,5200000
prediction_position_error_mm,1.630481448955834,5200000
prediction_orientation_error_deg,0,5200000
owd_uplink_ms,128.3242,5300000
owd_downlink_ms,124.5807,5300000
prediction_position_error_mm,3.5124497953802347,5300000
prediction_orientation_error_deg,0,5300000
prediction_position_error_mm,2.040968742221594,5400000
prediction_orientation_error_deg,0,5400000
owd_uplink_ms,130.3343,5500000
owd_downlink_ms,129.9007,5500000
prediction_position_error_mm,4.024540539830923,5500000
prediction_orientation_error_deg,0,5500000
owd_uplink_ms,129.8565,5600000
owd_downlink_ms,130.0448,5600000
prediction_position_error_mm,6.047187373042107,5600000
prediction_orientation_error_deg,0,5600000
owd_uplink_ms,129.9579,5700000
owd_downlink_ms,125.6211,5700000
prediction_position_error_mm,4.039962310343981,5700000
prediction_orientation_error_deg,0,5700000
owd_uplink_ms,124.3439,5800000
owd_downlink_ms,131.0646,5800000
owd_uplink_ms,128.9294,5800000
owd_downlink_ms,128.9157,5800000
prediction_position_error_mm,7.603415288031101,5800000
prediction_orientation_error_deg,0,5800000
prediction_position_error_mm,12.806929647922516,5900000
prediction_orientation_error_deg,0,5900000
owd_uplink_ms,126.2435,6000000
owd_downlink_ms,130.1617,6000000
prediction_position_error_mm,9.057828225195408,6000000
prediction_orientation_error_deg,0,6000000
owd_uplink_ms,129.1893,6100000
owd_downlink_ms,131.0201,6100000
owd_uplink_ms,129.6722,6100000
owd_downlink_ms,123.6493,6100000
prediction_position_error_mm,13.221155852079391,6100000
prediction_orientation_error_deg,0,6100000
prediction_position_error_mm,9.65973176062107,6200000
prediction_orientation_error_deg,0,6200000
owd_uplink_ms,130.4996,6300000
owd_downlink_ms,129.5292,6300000
prediction_position_error_mm,9.767030365765095,6300000
prediction_orientation_error_deg,0,6300000
owd_uplink_ms,127.3002,6400000
owd_downlink_ms,132.4675,6400000
owd_uplink_ms,124.5553,6400000
owd_downlink_ms,123.4392,6400000
prediction_position_error_mm,1.7681301105767488,6400000
prediction_orientation_error_deg,0,6400000
owd_uplink_ms,126.1321,6500000
owd_downlink_ms,123.8616,6500000
prediction_position_error_mm,5.109976977109909,6500000
prediction_orientation_error_deg,0,6500000
prediction_position_error_mm,5.317263305187225,6600000
prediction_orientation_error_deg,0,6600000
owd_uplink_ms,125.7482,6700000
owd_downlink_ms,129.4251,6700000
prediction_position_error_mm,2.3506004363298416,6700000
prediction_orientation_error_deg,0,6700000
owd_uplink_ms,132.3599,6800000
owd_downlink_ms,131.5918,6800000
owd_uplink_ms,129.15,6800000
owd_downlink_ms,127.3491,6800000
prediction_position_error_mm,5.65746333450079,6800000
prediction_orientation_error_deg,0,6800000
owd_uplink_ms,124.0025,6900000
owd_downlink_ms,127.8962,6900000
prediction_position_error_mm,2.7419719845056534,6900000
prediction_orientation_error_deg,0,6900000
owd_uplink_ms,128.707,7000000
owd_downlink_ms,125.7604,7000000
prediction_position_error_mm,6.128430366516113,7000000
prediction_orientation_error_deg,0,7000000
owd_uplink_ms,127.2352,7100000
owd_downlink_ms,128.5824,7100000
prediction_position_error_mm,3.244948573410511,7100000
prediction_orientation_error_deg,0,7100000
prediction_position_error_mm,6.785052362829447,7200000
prediction_orientation_error_deg,0,7200000
owd_uplink_ms,125.6924,7300000
owd_downlink_ms,126.6232,7300000
prediction_position_error_mm,3.9413422346115112,7300000
prediction_orientation_error_deg,0,7300000
owd_uplink_ms,131.0728,7400000
owd_downlink_ms,131.4749,7400000
prediction_position_error_mm,20.60338668525219,7400000
prediction_orientation_error_deg,0,7400000
owd_uplink_ms,132.9432,7500000
owd_downlink_ms,128.6119,7500000
prediction_position_error_mm,20.44486068189144,7500000
prediction_orientation_error_deg,0,7500000
owd_uplink_ms,125.7525,7600000
owd_downlink_ms,130.6956,7600000
owd_uplink_ms,126.3599,7600000
owd_downlink_ms,127.644,7600000
prediction_position_error_mm,6.824917625635862,7600000
prediction_orientation_error_deg,0,7600000
owd_uplink_ms,126.4894,7700000
owd_downlink_ms,125.5851,7700000
prediction_position_error_mm,4.270625300705433,7700000
prediction_orientation_error_deg,0,7700000
prediction_position_error_mm,6.570079829543829,7800000
prediction_orientation_error_deg,0,7800000
owd_uplink_ms,131.8044,7900000
owd_downlink_ms,127.3126,7900000
prediction_position_error_mm,3.6547272466123104,7900000
prediction_orientation_error_deg,0,7900000
owd_uplink_ms,129.8514,8000000
owd_downlink_ms,128.3617,8000000
prediction_position_error_mm,2.4985470809042454,8000000
prediction_orientation_error_deg,0,8000000
owd_uplink_ms,130.2802,8100000
owd_downlink_ms,130.9505,8100000
prediction_position_error_mm,86.18982881307602,8100000
prediction_orientation_error_deg,0,8100000
owd_uplink_ms,127.7827,8200000
owd_downlink_ms,125.8481,8200000
correction_magnitude_mm,10.684744454920292,6897680
correction_magnitude_deg,0,6897680
owd_uplink_ms,131.1196,8200000
owd_downlink_ms,128.179,8200000
prediction_position_error_mm,87.3555988073349,8200000
prediction_orientation_error_deg,0,8200000
prediction_position_error_mm,93.71104836463928,8300000
prediction_orientation_error_deg,0,8300000
owd_uplink_ms,127.6581,8400000
owd_downlink_ms,125.0101,8400000
correction_magnitude_mm,18.7465101480484,7090696
correction_magnitude_deg,0,7090696
prediction_position_error_mm,90.66279232501984,8400000
prediction_orientation_error_deg,0,8400000
owd_uplink_ms,129.8427,8500000
owd_downlink_ms,131.0547,8500000
correction_magnitude_mm,13.258138671517372,7092212
correction_magnitude_deg,0,7092212
prediction_position_error_mm,276.5428125858307,8500000
prediction_orientation_error_deg,0,8500000
owd_uplink_ms,125.9234,8600000
owd_downlink_ms,127.0212,8600000
correction_magnitude_mm,31.979426741600037,7293585
correction_magnitude_deg,0,7293585
owd_uplink_ms,130.7256,8600000
owd_downlink_ms,129.0445,8600000
prediction_position_error_mm,280.7946801185608,8600000
prediction_orientation_error_deg,0,8600000
owd_uplink_ms,122.712,8700000
owd_downlink_ms,125.4881,8700000
correction_magnitude_mm,42.60491952300072,7394955
correction_magnitude_deg,0,7394955
prediction_position_error_mm,271.1166739463806,8700000
prediction_orientation_error_deg,0,8700000
owd_uplink_ms,123.487,8800000
owd_downlink_ms,123.8146,8800000
correction_magnitude_mm,48.5839806497097,7495365
correction_magnitude_deg,0,7495365
prediction_position_error_mm,253.18625569343567,8800000
prediction_orientation_error_deg,0,8800000
prediction_position_error_mm,272.64106273651123,8900000
prediction_orientation_error_deg,0,8900000
owd_uplink_ms,127.3688,9000000
owd_downlink_ms,125.1752,9000000
correction_magnitude_mm,68.01753491163254,7692624
correction_magnitude_deg,0,7692624
owd_uplink_ms,130.7981,9000000
owd_downlink_ms,126.0385,9000000
prediction_position_error_mm,255.4510533809662,9000000
prediction_orientation_error_deg,0,9000000
prediction_position_error_mm,271.11971378326416,9100000
prediction_orientation_error_deg,0,9100000
owd_uplink_ms,128.1608,9200000
owd_downlink_ms,125.3696,9200000
correction_magnitude_mm,78.5767138004303,7883187
correction_magnitude_deg,0,7883187
owd_uplink_ms,129.3721,9200000
owd_downlink_ms,131.0938,9200000
correction_magnitude_mm,55.258460342884064,7885340
correction_magnitude_deg,0,7885340
prediction_position_error_mm,784.5180630683899,9200000
prediction_orientation_error_deg,0,9200000
owd_uplink_ms,124.674,9300000
owd_downlink_ms,130.691,9300000
correction_magnitude_mm,28.40651385486126,7992862
correction_magnitude_deg,0,7992862
prediction_position_error_mm,825.7044553756714,9300000
prediction_orientation_error_deg,0,9300000
owd_uplink_ms,126.993,9400000
owd_downlink_ms,125.0948,9400000
correction_magnitude_mm,79.78209108114243,8090490
correction_magnitude_deg,0,8090490
prediction_position_error_mm,831.5495848655701,9400000
prediction_orientation_error_deg,0,9400000
owd_uplink_ms,124.1747,9500000
owd_downlink_ms,125.1666,9500000
correction_magnitude_mm,115.62295258045197,8191731
correction_magnitude_deg,0,8191731
prediction_position_error_mm,811.5087747573853,9500000
prediction_orientation_error_deg,0,9500000
prediction_position_error_mm,867.5898313522339,9600000
prediction_orientation_error_deg,0,9600000
owd_uplink_ms,128.0851,9700000
owd_downlink_ms,132.431,9700000
correction_magnitude_mm,139.72896337509155,8297164
correction_magnitude_deg,0,8297164
prediction_position_error_mm,828.3995985984802,9700000
prediction_orientation_error_deg,0,9700000
owd_uplink_ms,126.506,9800000
owd_downlink_ms,129.9976,9800000
correction_magnitude_mm,151.8625169992447,8401528
correction_magnitude_deg,0,8401528
owd_uplink_ms,127.5885,9800000
owd_downlink_ms,128.8517,9800000
correction_magnitude_mm,154.4376015663147,8503107
correction_magnitude_deg,0,8503107
prediction_position_error_mm,668.4520244598389,9800000
prediction_orientation_error_deg,0,9800000
owd_uplink_ms,126.9535,9900000
owd_downlink_ms,126.6599,9900000
correction_magnitude_mm,150.7544070482254,8602740
correction_magnitude_deg,0,8602740
prediction_position_error_mm,607.5946688652039,9900000
prediction_orientation_error_deg,0,9900000
owd_uplink_ms,129.4957,10000000
owd_downlink_ms,127.2317,10000000
correction_magnitude_mm,142.67782866954803,8699911
correction_magnitude_deg,0,8699911
prediction_position_error_mm,544.0070033073425,10000000
prediction_orientation_error_deg,0,10000000
prediction_position_error_mm,578.4335136413574,10100000
prediction_orientation_error_deg,0,10100000
owd_uplink_ms,129.2286,10200000
owd_downlink_ms,123.8739,10200000
correction_magnitude_mm,165.3403639793396,8893218
correction_magnitude_deg,0,8893218
prediction_position_error_mm,529.7656059265137,10200000
prediction_orientation_error_deg,0,10200000
owd_uplink_ms,131.7943,10300000
owd_downlink_ms,131.3046,10300000
owd_uplink_ms,124.634,10300000
owd_downlink_ms,127.0778,10300000
correction_magnitude_mm,148.01833033561707,8995662
correction_magnitude_deg,0,8995662
prediction_position_error_mm,460.76157689094543,10300000
prediction_orientation_error_deg,0,10300000
prediction_position_error_mm,490.52342772483826,10400000
prediction_orientation_error_deg,0,10400000
owd_uplink_ms,126.7172,10500000
owd_downlink_ms,130.436,10500000
correction_magnitude_mm,132.14434683322906,9100310
correction_magnitude_deg,0,9100310
prediction_position_error_mm,423.42305183410645,10500000
prediction_orientation_error_deg,0,10500000
owd_uplink_ms,127.6631,10600000
owd_downlink_ms,123.7423,10600000
correction_magnitude_mm,138.0593180656433,9295409
correction_magnitude_deg,0,9295409
prediction_position_error_mm,378.2464861869812,10600000
prediction_orientation_error_deg,0,10600000
owd_uplink_ms,130.2485,10700000
owd_downlink_ms,132.7004,10700000
correction_magnitude_mm,97.37221151590347,9298474
correction_magnitude_deg,0,9298474
owd_uplink_ms,126.821,10700000
owd_downlink_ms,128.5645,10700000
correction_magnitude_mm,7.356425281614065,9400653
correction_magnitude_deg,0,9400653
prediction_position_error_mm,959.8549604415894,10700000
prediction_orientation_error_deg,0,10700000
prediction_position_error_mm,1033.0522060394287,10800000
prediction_orientation_error_deg,0,10800000
owd_uplink_ms,127.9258,10900000
owd_downlink_ms,130.662,10900000
correction_magnitude_mm,81.29221200942993,9504073
correction_magnitude_deg,0,9504073
owd_uplink_ms,124.6503,10900000
owd_downlink_ms,123.2759,10900000
correction_magnitude_mm,127.03050673007965,9602354
correction_magnitude_deg,0,9602354
prediction_position_error_mm,958.577573299408,10900000
prediction_orientation_error_deg,0,10900000
prediction_position_error_mm,1027.3566246032715,11000000
prediction_orientation_error_deg,0,11000000
owd_uplink_ms,132.4298,11100000
owd_downlink_ms,129.6787,11100000
correction_magnitude_mm,219.11269426345825,9798916
correction_magnitude_deg,0,9798916
prediction_position_error_mm,983.1380248069763,11100000
prediction_orientation_error_deg,0,11100000
owd_uplink_ms,131.2178,11200000
owd_downlink_ms,125.8461,11200000
correction_magnitude_mm,213.2462114095688,9892202
correction_magnitude_deg,0,9892202
prediction_position_error_mm,894.7561979293823,11200000
prediction_orientation_error_deg,0,11200000
owd_uplink_ms,131.0469,11300000
owd_downlink_ms,127.1301,11300000
correction_magnitude_mm,205.972358584404,9987307
correction_magnitude_deg,0,9987307
owd_uplink_ms,127.0767,11300000
owd_downlink_ms,129.3147,11300000
correction_magnitude_mm,145.53190767765045,9990105
correction_magnitude_deg,0,9990105
prediction_position_error_mm,1181.4571619033813,11300000
prediction_orientation_error_deg,0,11300000
prediction_position_error_mm,1279.702067375183,11400000
prediction_orientation_error_deg,0,11400000
owd_uplink_ms,128.1905,11500000
owd_downlink_ms,132.1809,11500000
prediction_position_error_mm,1377.406358718872,11500000
prediction_orientation_error_deg,0,11500000
owd_uplink_ms,124.8764,11600000
owd_downlink_ms,130.2674,11600000
correction_magnitude_mm,105.04714399576187,10201831
correction_magnitude_deg,0,10201831
owd_uplink_ms,127.6391,11600000
owd_downlink_ms,123.6655,11600000
correction_magnitude_mm,163.5345071554184,10296865
correction_magnitude_deg,0,10296865
prediction_position_error_mm,1286.5839004516602,11600000
prediction_orientation_error_deg,0,11600000
prediction_position_error_mm,1376.817226409912,11700000
prediction_orientation_error_deg,0,11700000
prediction_position_error_mm,1468.6481952667236,11800000
prediction_orientation_error_deg,0,11800000
owd_uplink_ms,125.5535,11900000
owd_downlink_ms,131.739,11900000
correction_magnitude_mm,301.0050058364868,10504596
correction_magnitude_deg,0,10504596
owd_uplink_ms,133.1092,11900000
owd_downlink_ms,132.4045,11900000
prediction_position_error_mm,1406.4524173736572,11900000
prediction_orientation_error_deg,0,11900000
owd_uplink_ms,125.5427,12000000
owd_downlink_ms,130.0432,12000000
correction_magnitude_mm,300.28265714645386,10609340
correction_magnitude_deg,0,10609340
owd_uplink_ms,130.4394,12000000
owd_downlink_ms,126.5778,12000000
correction_magnitude_mm,283.2584083080292,10704512
correction_magnitude_deg,0,10704512
prediction_position_error_mm,1082.1300745010376,12000000
prediction_orientation_error_deg,0,12000000
owd_uplink_ms,128.4053,12100000
owd_downlink_ms,127.3009,12100000
correction_magnitude_mm,265.29568433761597,10803131
correction_magnitude_deg,0,10803131
prediction_position_error_mm,967.836320400238,12100000
prediction_orientation_error_deg,0,12100000
prediction_position_error_mm,1026.9118547439575,12200000
prediction_orientation_error_deg,0,12200000
owd_uplink_ms,131.9958,12300000
owd_downlink_ms,125.3288,12300000
correction_magnitude_mm,300.49455165863037,10994798
correction_magnitude_deg,0,10994798
owd_uplink_ms,124.3816,12300000
owd_downlink_ms,129.6478,12300000
correction_magnitude_mm,214.10952508449554,11001380
correction_magnitude_deg,0,11001380
prediction_position_error_mm,395.61983942985535,12300000
prediction_orientation_error_deg,0,12300000
prediction_position_error_mm,436.0440671443939,12400000
prediction_orientation_error_deg,0,12400000
prediction_position_error_mm,478.980153799057,12500000
prediction_orientation_error_deg,0,12500000
owd_uplink_ms,125.7954,12600000
owd_downlink_ms,129.4888,12600000
correction_magnitude_mm,63.53691965341568,11205996
correction_magnitude_deg,0,11205996
owd_uplink_ms,131.1754,12600000
owd_downlink_ms,130.4841,12600000
owd_uplink_ms,126.2959,12600000
owd_downlink_ms,126.1383,12600000
prediction_position_error_mm,553.8930892944336,12600000
prediction_orientation_error_deg,0,12600000
owd_uplink_ms,129.3888,12700000
owd_downlink_ms,125.5936,12700000
correction_magnitude_mm,39.88922759890556,11400190
correction_magnitude_deg,0,11400190
prediction_position_error_mm,567.0061111450195,12700000
prediction_orientation_error_deg,0,12700000
owd_uplink_ms,127.53,12800000
owd_downlink_ms,123.9218,12800000
correction_magnitude_mm,67.93279945850372,11495680
correction_magnitude_deg,0,11495680
prediction_position_error_mm,561.1914396286011,12800000
prediction_orientation_error_deg,0,12800000
owd_uplink_ms,124.1292,12900000
owd_downlink_ms,124.8487,12900000
correction_magnitude_mm,87.53886073827744,11596580
correction_magnitude_deg,0,11596580
prediction_position_error_mm,540.0819182395935,12900000
prediction_orientation_error_deg,0,12900000
owd_uplink_ms,128.9306,13000000
owd_downlink_ms,124.4443,13000000
correction_magnitude_mm,96.29066288471222,11690973
correction_magnitude_deg,0,11690973
prediction_position_error_mm,507.5640678405762,13000000
prediction_orientation_error_deg,0,13000000
prediction_position_error_mm,540.8878922462463,13100000
prediction_orientation_error_deg,0,13100000
prediction_position_error_mm,574.1667151451111,13200000
prediction_orientation_error_deg,0,13200000
owd_uplink_ms,126.7408,13300000
owd_downlink_ms,130.6622,13300000
correction_magnitude_mm,136.73710823059082,11895875
correction_magnitude_deg,0,11895875
owd_uplink_ms,130.6935,13300000
owd_downlink_ms,130.9011,13300000
correction_magnitude_mm,95.79489380121231,11896135
correction_magnitude_deg,0,11896135
prediction_position_error_mm,1320.7004070281982,13300000
prediction_orientation_error_deg,0,13300000
owd_uplink_ms,123.6446,13400000
owd_downlink_ms,130.1715,13400000
correction_magnitude_mm,39.7014319896698,12004293
correction_magnitude_deg,0,12004293
prediction_position_error_mm,1392.6167488098145,13400000
prediction_orientation_error_deg,0,13400000
owd_uplink_ms,131.3788,13500000
owd_downlink_ms,125.3077,13500000
correction_magnitude_mm,215.33258259296417,12196705
correction_magnitude_deg,0,12196705
prediction_position_error_mm,1382.3883533477783,13500000
prediction_orientation_error_deg,0,13500000
owd_uplink_ms,123.7119,13600000
owd_downlink_ms,130.4131,13600000
correction_magnitude_mm,158.73195230960846,12205081
correction_magnitude_deg,0,12205081
owd_uplink_ms,124.0229,13600000
owd_downlink_ms,123.4558,13600000
correction_magnitude_mm,148.22158217430115,12304372
correction_magnitude_deg,0,12304372
prediction_position_error_mm,534.791111946106,13600000
prediction_orientation_error_deg,0,13600000
prediction_position_error_mm,567.6010251045227,13700000
prediction_orientation_error_deg,0,13700000
owd_uplink_ms,127.5657,13800000
owd_downlink_ms,127.1712,13800000
correction_magnitude_mm,169.528529047966,12503878
correction_magnitude_deg,0,12503878
owd_uplink_ms,130.8717,13800000
owd_downlink_ms,128.8367,13800000
prediction_position_error_mm,517.2803997993469,13800000
prediction_orientation_error_deg,0,13800000
owd_uplink_ms,126.7901,13900000
owd_downlink_ms,127.1303,13900000
correction_magnitude_mm,148.4876424074173,12601759
correction_magnitude_deg,0,12601759
prediction_position_error_mm,444.72676515579224,13900000
prediction_orientation_error_deg,0,13900000
prediction_position_error_mm,471.29571437835693,14000000
prediction_orientation_error_deg,0,14000000
owd_uplink_ms,130.5632,14100000
owd_downlink_ms,126.084,14100000
correction_magnitude_mm,154.43168580532074,12796160
correction_magnitude_deg,0,12796160
prediction_position_error_mm,420.51050066947937,14100000
prediction_orientation_error_deg,0,14100000
owd_uplink_ms,124.6091,14200000
owd_downlink_ms,129.9604,14200000
correction_magnitude_mm,109.75530743598938,12802849
correction_magnitude_deg,0,12802849
owd_uplink_ms,125.3075,14200000
owd_downlink_ms,124.7845,14200000
correction_magnitude_mm,51.451291888952255,12902195
correction_magnitude_deg,0,12902195
prediction_position_error_mm,311.51360273361206,14200000
prediction_orientation_error_deg,0,14200000
owd_uplink_ms,125.5435,14300000
owd_downlink_ms,125.6741,14300000
correction_magnitude_mm,8.929775096476078,13002358
correction_magnitude_deg,0,13002358
prediction_position_error_mm,343.75128149986267,14300000
prediction_orientation_error_deg,0,14300000
owd_uplink_ms,127.5162,14400000
owd_downlink_ms,128.1295,14400000
correction_magnitude_mm,21.225454285740852,13103124
correction_magnitude_deg,0,13103124
prediction_position_error_mm,355.9142053127289,14400000
prediction_orientation_error_deg,0,14400000
owd_uplink_ms,129.9334,14500000
owd_downlink_ms,128.8342,14500000
correction_magnitude_mm,41.09692573547363,13201749
correction_magnitude_deg,0,13201749
prediction_position_error_mm,353.40428352355957,14500000
prediction_orientation_error_deg,0,14500000
owd_uplink_ms,126.9996,14600000
owd_downlink_ms,128.9725,14600000
correction_magnitude_mm,54.66947332024574,13304215
correction_magnitude_deg,0,13304215
prediction_position_error_mm,341.2422239780426,14600000
prediction_orientation_error_deg,0,14600000
owd_uplink_ms,126.3995,14700000
owd_downlink_ms,125.895,14700000
correction_magnitude_mm,61.77689880132675,13403584
correction_magnitude_deg,0,13403584
prediction_position_error_mm,321.41077518463135,14700000
prediction_orientation_error_deg,0,14700000
owd_uplink_ms,125.9429,14800000
owd_downlink_ms,124.0411,14800000
correction_magnitude_mm,64.48695808649063,13501206
correction_magnitude_deg,0,13501206
prediction_position_error_mm,297.6530194282532,14800000
prediction_orientation_error_deg,0,14800000
prediction_position_error_mm,316.772997379303,14900000
prediction_orientation_error_deg,0,14900000
owd_uplink_ms,123.4592,15000000
owd_downlink_ms,123.1456,15000000
correction_magnitude_mm,84.4520777463913,13700814
correction_magnitude_deg,0,13700814
owd_uplink_ms,130.2202,15000000
owd_downlink_ms,126.122,15000000
prediction_position_error_mm,293.9876914024353,15000000
prediction_orientation_error_deg,0,15000000
owd_uplink_ms,127.0257,15100000
owd_downlink_ms,124.6326,15100000
correction_magnitude_mm,76.03199034929276,13792701
correction_magnitude_deg,0,13792701
prediction_position_error_mm,256.521075963974,15100000
prediction_orientation_error_deg,0,15100000
prediction_position_error_mm,271.7513144016266,15200000
prediction_orientation_error_deg,0,15200000
owd_uplink_ms,128.4134,15300000
owd_downlink_ms,133.0894,15300000
correction_magnitude_mm,69.94246691465378,13898547
correction_magnitude_deg,0,13898547
owd_uplink_ms,125.8989,15300000
owd_downlink_ms,129.4861,15300000
correction_magnitude_mm,63.35550546646118,14003031
correction_magnitude_deg,0,14003031
prediction_position_error_mm,195.69537043571472,15300000
prediction_orientation_error_deg,0,15300000
owd_uplink_ms,128.454,15400000
owd_downlink_ms,126.0601,15400000
correction_magnitude_mm,55.94039708375931,14100038
correction_magnitude_deg,0,14100038
prediction_position_error_mm,167.64205694198608,15400000
prediction_orientation_error_deg,0,15400000
prediction_position_error_mm,177.20326781272888,15500000
prediction_orientation_error_deg,0,15500000
owd_uplink_ms,126.9321,15600000
owd_downlink_ms,131.3544,15600000
correction_magnitude_mm,49.85637590289116,14205565
correction_magnitude_deg,0,14205565
prediction_position_error_mm,151.99978649616241,15600000
prediction_orientation_error_deg,0,15600000
owd_uplink_ms,131.1562,15700000
owd_downlink_ms,124.8693,15700000
correction_magnitude_mm,51.31640285253525,14397707
correction_magnitude_deg,0,14397707
prediction_position_error_mm,134.23262536525726,15700000
prediction_orientation_error_deg,0,15700000
owd_uplink_ms,131.7757,15800000
owd_downlink_ms,129.4949,15800000
correction_magnitude_mm,43.55039820075035,14494856
correction_magnitude_deg,0,14494856
prediction_position_error_mm,110.82801967859268,15800000
prediction_orientation_error_deg,0,15800000
owd_uplink_ms,123.9201,15900000
owd_downlink_ms,125.1963,15900000
correction_magnitude_mm,37.266992032527924,14596452
correction_magnitude_deg,0,14596452
owd_uplink_ms,131.1956,15900000
owd_downlink_ms,129.518,15900000
prediction_position_error_mm,91.13682061433792,15900000
prediction_orientation_error_deg,0,15900000
prediction_position_error_mm,95.80618888139725,16000000
prediction_orientation_error_deg,0,16000000
owd_uplink_ms,124.3072,16100000
owd_downlink_ms,129.6014,16100000
correction_magnitude_mm,36.798737943172455,14800973
correction_magnitude_deg,0,14800973
prediction_position_error_mm,82.392618060112,16100000
prediction_orientation_error_deg,0,16100000
owd_uplink_ms,131.5991,16200000
owd_downlink_ms,132.1025,16200000
correction_magnitude_mm,25.78757330775261,14801602
correction_magnitude_deg,0,14801602
owd_uplink_ms,125.6595,16200000
owd_downlink_ms,128.111,16200000
correction_magnitude_mm,84.8831832408905,14904666
correction_magnitude_deg,0,14904666
prediction_position_error_mm,1324.8188495635986,16200000
prediction_orientation_error_deg,0,16200000
prediction_position_error_mm,1423.3675003051758,16300000
prediction_orientation_error_deg,0,16300000
owd_uplink_ms,130.6613,16400000
owd_downlink_ms,125.1972,16400000
correction_magnitude_mm,247.6993054151535,15097837
correction_magnitude_deg,0,15097837
prediction_position_error_mm,1397.066354751587,16400000
prediction_orientation_error_deg,0,16400000
owd_uplink_ms,128.6667,16500000
owd_downlink_ms,132.1981,16500000
correction_magnitude_mm,177.52374708652496,15102251
correction_magnitude_deg,0,15102251
owd_uplink_ms,128.5458,16500000
owd_downlink_ms,123.6353,16500000
correction_magnitude_mm,98.96118193864822,15196114
correction_magnitude_deg,0,15196114
prediction_position_error_mm,319.93576884269714,16500000
prediction_orientation_error_deg,0,16500000
prediction_position_error_mm,348.7538993358612,16600000
prediction_orientation_error_deg,0,16600000
prediction_position_error_mm,378.17952036857605,16700000
prediction_orientation_error_deg,0,16700000
owd_uplink_ms,130.4066,16800000
owd_downlink_ms,131.3602,16800000
correction_magnitude_mm,8.8035361841321,15397306
correction_magnitude_deg,0,15397306
owd_uplink_ms,128.0937,16800000
owd_downlink_ms,132.0078,16800000
owd_uplink_ms,129.3917,16800000
owd_downlink_ms,127.8446,16800000
correction_magnitude_mm,29.0690828114748,15500264
correction_magnitude_deg,0,15500264
prediction_position_error_mm,434.0669512748718,16800000
prediction_orientation_error_deg,0,16800000
owd_uplink_ms,128.5088,16900000
owd_downlink_ms,127.0545,16900000
correction_magnitude_mm,51.81276425719261,15598447
correction_magnitude_deg,0,15598447
prediction_position_error_mm,428.5743236541748,16900000
prediction_orientation_error_deg,0,16900000
owd_uplink_ms,127.2837,17000000
owd_downlink_ms,125.506,17000000
correction_magnitude_mm,66.00820273160934,15696226
correction_magnitude_deg,0,15696226
prediction_position_error_mm,413.0653440952301,17000000
prediction_orientation_error_deg,0,17000000
owd_uplink_ms,126.5876,17100000
owd_downlink_ms,129.0028,17100000
correction_magnitude_mm,75.42027533054352,15799246
correction_magnitude_deg,0,15799246
prediction_position_error_mm,388.7314200401306,17100000
prediction_orientation_error_deg,0,17100000
owd_uplink_ms,123.4094,17200000
owd_downlink_ms,124.9491,17200000
correction_magnitude_mm,79.40931618213654,15901170
correction_magnitude_deg,0,15901170
prediction_position_error_mm,360.05181074142456,17200000
prediction_orientation_error_deg,0,17200000
prediction_position_error_mm,383.1685483455658,17300000
prediction_orientation_error_deg,0,17300000
owd_uplink_ms,126.7888,17400000
owd_downlink_ms,131.9965,17400000
correction_magnitude_mm,80.87918162345886,16007679
correction_magnitude_deg,0,16007679
prediction_position_error_mm,350.25754570961,17400000
prediction_orientation_error_deg,0,17400000
owd_uplink_ms,126.4119,17500000
owd_downlink_ms,129.6444,17500000
correction_magnitude_mm,78.89558374881744,16111719
correction_magnitude_deg,0,16111719
prediction_position_error_mm,315.75310230255127,17500000
prediction_orientation_error_deg,0,17500000
owd_uplink_ms,132.7745,17600000
owd_downlink_ms,125.2705,17600000
correction_magnitude_mm,91.49439632892609,16302338
correction_magnitude_deg,0,16302338
prediction_position_error_mm,288.0460023880005,17600000
prediction_orientation_error_deg,0,17600000
owd_uplink_ms,129.8867,17700000
owd_downlink_ms,129.8746,17700000
prediction_position_error_mm,304.98600006103516,17700000
prediction_orientation_error_deg,0,17700000
owd_uplink_ms,128.5725,17800000
owd_downlink_ms,130.3499,17800000
correction_magnitude_mm,81.98831230401993,16404543
correction_magnitude_deg,0,16404543
prediction_position_error_mm,264.9708092212677,17800000
prediction_orientation_error_deg,0,17800000
owd_uplink_ms,129.614,17900000
owd_downlink_ms,125.6465,17900000
correction_magnitude_mm,86.74275875091553,16599584
correction_magnitude_deg,0,16599584
prediction_position_error_mm,234.77455973625183,17900000
prediction_orientation_error_deg,0,17900000
owd_uplink_ms,130.9269,18000000
owd_downlink_ms,131.5113,18000000
correction_magnitude_mm,60.82505360245705,16600314
correction_magnitude_deg,0,16600314
owd_uplink_ms,127.0423,18000000
owd_downlink_ms,128.3534,18000000
correction_magnitude_mm,59.805262833833694,16701952
correction_magnitude_deg,0,16701952
prediction_position_error_mm,1330.850601196289,18000000
prediction_orientation_error_deg,0,18000000
prediction_position_error_mm,1430.472493171692,18100000
prediction_orientation_error_deg,0,18100000
owd_uplink_ms,131.4431,18200000
owd_downlink_ms,127.8884,18200000
correction_magnitude_mm,235.5918437242508,16897509
correction_magnitude_deg,0,16897509
prediction_position_error_mm,1412.3890399932861,18200000
prediction_orientation_error_deg,0,18200000
owd_uplink_ms,126.562,18300000
owd_downlink_ms,130.5716,18300000
correction_magnitude_mm,169.6549654006958,16902520
correction_magnitude_deg,0,16902520
prediction_position_error_mm,38.34075853228569,18300000
prediction_orientation_error_deg,0,18300000
owd_uplink_ms,128.2677,18400000
owd_downlink_ms,124.5562,18400000
correction_magnitude_mm,106.99213296175003,17097881
correction_magnitude_deg,0,17097881
prediction_position_error_mm,21.10625058412552,18400000
prediction_orientation_error_deg,0,18400000
owd_uplink_ms,130.0663,18500000
owd_downlink_ms,132.2026,18500000
correction_magnitude_mm,74.6648833155632,17100550
correction_magnitude_deg,0,17100550
prediction_position_error_mm,1224.6482372283936,18500000
prediction_orientation_error_deg,0,18500000
owd_uplink_ms,125.7033,18600000
owd_downlink_ms,130.5425,18600000
correction_magnitude_mm,44.87431049346924,17206598
correction_magnitude_deg,0,17206598
prediction_position_error_mm,1284.4007015228271,18600000
prediction_orientation_error_deg,0,18600000
owd_uplink_ms,130.3632,18700000
owd_downlink_ms,131.2997,18700000
correction_magnitude_mm,122.7068230509758,17307768
correction_magnitude_deg,0,17307768
prediction_position_error_mm,1286.5188121795654,18700000
prediction_orientation_error_deg,0,18700000
owd_uplink_ms,126.0682,18800000
owd_downlink_ms,129.7123,18800000
correction_magnitude_mm,176.42761766910553,17412322
correction_magnitude_deg,0,17412322
owd_uplink_ms,129.8852,18800000
owd_downlink_ms,124.8459,18800000
correction_magnitude_mm,199.73286986351013,17506023
correction_magnitude_deg,0,17506023
prediction_position_error_mm,1106.5806150436401,18800000
prediction_orientation_error_deg,0,18800000
prediction_position_error_mm,1180.9837818145752,18900000
prediction_orientation_error_deg,0,18900000
owd_uplink_ms,124.8338,19000000
owd_downlink_ms,129.2748,19000000
correction_magnitude_mm,219.03428435325623,17611574
correction_magnitude_deg,0,17611574
owd_uplink_ms,130.0047,19000000
owd_downlink_ms,126.5544,19000000
correction_magnitude_mm,219.02939677238464,17707261
correction_magnitude_deg,0,17707261
prediction_position_error_mm,948.7152099609375,19000000
prediction_orientation_error_deg,0,19000000
prediction_position_error_mm,1009.937047958374,19100000
prediction_orientation_error_deg,0,19100000
owd_uplink_ms,130.82,19200000
owd_downlink_ms,124.7176,19200000
correction_magnitude_mm,272.0820903778076,17899634
correction_magnitude_deg,0,17899634
owd_uplink_ms,127.6778,19200000
owd_downlink_ms,126.98,19200000
prediction_position_error_mm,934.3155026435852,19200000
prediction_orientation_error_deg,0,19200000
prediction_position_error_mm,993.1519627571106,19300000
prediction_orientation_error_deg,0,19300000
owd_uplink_ms,128.3546,19400000
owd_downlink_ms,131.3201,19400000
correction_magnitude_mm,249.59920346736908,18002468
correction_magnitude_deg,0,18002468
owd_uplink_ms,128.1892,19400000
owd_downlink_ms,125.1669,19400000
correction_magnitude_mm,222.91970252990723,18098691
correction_magnitude_deg,0,18098691
prediction_position_error_mm,714.0935063362122,19400000
prediction_orientation_error_deg,0,19400000
owd_uplink_ms,129.7886,19500000
owd_downlink_ms,129.5468,19500000
correction_magnitude_mm,199.06076788902283,18198389
correction_magnitude_deg,0,18198389
prediction_position_error_mm,618.9824938774109,19500000
prediction_orientation_error_deg,0,19500000
owd_uplink_ms,128.3321,19600000
owd_downlink_ms,125.8327,19600000
correction_magnitude_mm,175.2527356147766,18295265
correction_magnitude_deg,0,18295265
prediction_position_error_mm,532.1366190910339,19600000
prediction_orientation_error_deg,0,19600000
owd_uplink_ms,124.6712,19700000
owd_downlink_ms,124.0188,19700000
correction_magnitude_mm,154.05051410198212,18394450
correction_magnitude_deg,0,18394450
prediction_position_error_mm,456.15917444229126,19700000
prediction_orientation_error_deg,0,19700000
owd_uplink_ms,125.3041,19800000
owd_downlink_ms,128.5702,19800000
correction_magnitude_mm,135.93947887420654,18498533
correction_magnitude_deg,0,18498533
prediction_position_error_mm,390.750527381897,19800000
prediction_orientation_error_deg,0,19800000
owd_uplink_ms,124.3377,19900000
owd_downlink_ms,125.8411,19900000
correction_magnitude_mm,118.59636753797531,18600412
correction_magnitude_deg,0,18600412
prediction_position_error_mm,332.19343423843384,19900000
prediction_orientation_error_deg,0,19900000
prediction_position_error_mm,351.06319189071655,20000000
prediction_orientation_error_deg,0,20000000
owd_uplink_ms,127.8075,20100000
owd_downlink_ms,132.3277,20100000
correction_magnitude_mm,103.64988446235657,18706062
correction_magnitude_deg,0,18706062
prediction_position_error_mm,297.7718412876129,20100000
prediction_orientation_error_deg,0,20100000
owd_uplink_ms,127.6577,20200000
owd_downlink_ms,130.9625,20200000
correction_magnitude_mm,89.757040143013,18810192
correction_magnitude_deg,0,18810192
owd_uplink_ms,128.7623,20200000
owd_downlink_ms,124.5804,20200000
correction_magnitude_mm,75.83543658256531,18904964
correction_magnitude_deg,0,18904964
prediction_position_error_mm,196.91699743270874,20200000
prediction_orientation_error_deg,0,20200000
owd_uplink_ms,128.4867,20300000
owd_downlink_ms,127.3579,20300000
correction_magnitude_mm,64.27449733018875,19003553
correction_magnitude_deg,0,19003553
prediction_position_error_mm,163.09966146945953,20300000
prediction_orientation_error_deg,0,20300000
prediction_position_error_mm,171.91851139068604,20400000
prediction_orientation_error_deg,0,20400000
owd_uplink_ms,125.6131,20500000
owd_downlink_ms,131.6533,20500000
correction_magnitude_mm,55.216796696186066,19111103
correction_magnitude_deg,0,19111103
prediction_position_error_mm,142.7462249994278,20500000
prediction_orientation_error_deg,0,20500000
owd_uplink_ms,129.122,20600000
owd_downlink_ms,129.3638,20600000
correction_magnitude_mm,46.472854912281036,19211405
correction_magnitude_deg,0,19211405
prediction_position_error_mm,116.7108565568924,20600000
prediction_orientation_error_deg,0,20600000
owd_uplink_ms,132.7387,20700000
owd_downlink_ms,125.123,20700000
correction_magnitude_mm,44.41143944859505,19401885
correction_magnitude_deg,0,19401885
owd_uplink_ms,128.2397,20700000
owd_downlink_ms,125.9692,20700000
prediction_position_error_mm,100.08697211742401,20700000
prediction_orientation_error_deg,0,20700000
owd_uplink_ms,129.2367,20800000
owd_downlink_ms,125.1127,20800000
correction_magnitude_mm,36.05053573846817,19493894
correction_magnitude_deg,0,19493894
prediction_position_error_mm,78.97201925516129,20800000
prediction_orientation_error_deg,0,20800000
owd_uplink_ms,124.1511,20900000
owd_downlink_ms,128.8822,20900000
correction_magnitude_mm,29.969817027449608,19599808
correction_magnitude_deg,0,19599808
prediction_position_error_mm,62.78817355632782,20900000
prediction_orientation_error_deg,0,20900000
prediction_position_error_mm,65.7254010438919,21000000
prediction_orientation_error_deg,0,21000000
owd_uplink_ms,125.7216,21100000
owd_downlink_ms,130.7909,21100000
correction_magnitude_mm,24.796387180685997,19706144
correction_magnitude_deg,0,19706144
owd_uplink_ms,128.2422,21100000
owd_downlink_ms,127.698,21100000
correction_magnitude_mm,20.044609904289246,19805463
correction_magnitude_deg,0,19805463
prediction_position_error_mm,40.45385867357254,21100000
prediction_orientation_error_deg,0,21100000
owd_uplink_ms,125.1719,21200000
owd_downlink_ms,125.236,21200000
correction_magnitude_mm,16.108252108097076,19905542
correction_magnitude_deg,0,19905542
prediction_position_error_mm,31.060393899679184,21200000
prediction_orientation_error_deg,0,21200000
owd_uplink_ms,129.3318,21300000
owd_downlink_ms,125.4951,21300000
correction_magnitude_mm,12.641002424061298,20000746
correction_magnitude_deg,0,20000746
prediction_position_error_mm,20.435359328985214,21300000
prediction_orientation_error_deg,0,21300000
owd_uplink_ms,123.7104,21400000
owd_downlink_ms,124.1772,21400000
correction_magnitude_mm,9.980189613997936,20101329
correction_magnitude_deg,0,20101329
prediction_position_error_mm,14.423669315874577,21400000
prediction_orientation_error_deg,0,21400000
owd_uplink_ms,127.7745,21500000
owd_downlink_ms,128.8032,21500000
correction_magnitude_mm,7.802378386259079,20202614
correction_magnitude_deg,0,20202614
prediction_position_error_mm,12.649334035813808,21500000
prediction_orientation_error_deg,0,21500000
owd_uplink_ms,127.7334,21600000
owd_downlink_ms,128.1879,21600000
correction_magnitude_mm,5.986478645354509,20303182
correction_magnitude_deg,0,20303182
prediction_position_error_mm,9.156688116490841,21600000
prediction_orientation_error_deg,0,21600000
owd_uplink_ms,125.0868,21700000
owd_downlink_ms,123.8594,21700000
prediction_position_error_mm,5.0654178485274315,21700000
prediction_orientation_error_deg,0,21700000
owd_uplink_ms,123.4947,21800000
owd_downlink_ms,124.0137,21800000
prediction_position_error_mm,5.746155511587858,21800000
prediction_orientation_error_deg,0,21800000
owd_uplink_ms,127.7609,21900000
owd_downlink_ms,129.3977,21900000
prediction_position_error_mm,5.590496119111776,21900000
prediction_orientation_error_deg,0,21900000
prediction_position_error_mm,6.16518035531044,22000000
prediction_orientation_error_deg,0,22000000
owd_uplink_ms,126.7292,22100000
owd_downlink_ms,131.587,22100000
owd_uplink_ms,126.3444,22100000
owd_downlink_ms,123.5347,22100000
prediction_position_error_mm,8.314183913171291,22100000
prediction_orientation_error_deg,0,22100000
owd_uplink_ms,124.4603,22200000
owd_downlink_ms,123.6965,22200000
prediction_position_error_mm,9.111288003623486,22200000
prediction_orientation_error_deg,0,22200000
owd_uplink_ms,128.02,22300000
owd_downlink_ms,128.3395,22300000
prediction_position_error_mm,9.736457839608192,22300000
prediction_orientation_error_deg,0,22300000
prediction_position_error_mm,10.760167613625526,22400000
prediction_orientation_error_deg,0,22400000
owd_uplink_ms,130.9031,22500000
owd_downlink_ms,125.3855,22500000
prediction_position_error_mm,12.187184765934944,22500000
prediction_orientation_error_deg,0,22500000
owd_uplink_ms,123.3484,22600000
owd_downlink_ms,123.4829,22600000
owd_uplink_ms,131.7807,22600000
owd_downlink_ms,126.5599,22600000
prediction_position_error_mm,11.81819848716259,22600000
prediction_orientation_error_deg,0,22600000
prediction_position_error_mm,12.91694026440382,22700000
prediction_orientation_error_deg,0,22700000
owd_uplink_ms,128.6109,22800000
owd_downlink_ms,131.4568,22800000
prediction_position_error_mm,12.530169449746609,22800000
prediction_orientation_error_deg,0,22800000
prediction_position_error_mm,10.958002880215645,22900000
prediction_orientation_error_deg,0,22900000
owd_uplink_ms,131.0524,23000000
owd_downlink_ms,132.4653,23000000
owd_uplink_ms,127.045,23000000
owd_downlink_ms,127.9185,23000000
owd_uplink_ms,132.3605,23000000
owd_downlink_ms,129.8757,23000000
prediction_position_error_mm,12.659437954425812,23000000
prediction_orientation_error_deg,0,23000000
prediction_position_error_mm,13.769285753369331,23100000
prediction_orientation_error_deg,0,23100000
owd_uplink_ms,131.1083,23200000
owd_downlink_ms,128.9473,23200000
prediction_position_error_mm,14.484444633126259,23200000
prediction_orientation_error_deg,0,23200000
owd_uplink_ms,129.5775,23300000
owd_downlink_ms,127.6396,23300000
prediction_position_error_mm,14.81823343783617,23300000
prediction_orientation_error_deg,0,23300000
owd_uplink_ms,128.3492,23400000
owd_downlink_ms,129.6492,23400000
prediction_position_error_mm,13.216962106525898,23400000
prediction_orientation_error_deg,0,23400000
owd_uplink_ms,129.9559,23500000
owd_downlink_ms,130.7615,23500000
owd_uplink_ms,128.9746,23500000
owd_downlink_ms,129.492,23500000
correction_magnitude_mm,6.151588633656502,22194557
correction_magnitude_deg,0,22194557
prediction_position_error_mm,107.89376497268677,23500000
prediction_orientation_error_deg,0,23500000
owd_uplink_ms,127.7017,23600000
owd_downlink_ms,129.9174,23600000
correction_magnitude_mm,12.493541464209557,22297327
correction_magnitude_deg,0,22297327
prediction_position_error_mm,103.21031510829926,23600000
prediction_orientation_error_deg,0,23600000
prediction_position_error_mm,110.19214242696762,23700000
prediction_orientation_error_deg,0,23700000
owd_uplink_ms,129.8154,23800000
owd_downlink_ms,131.0729,23800000
correction_magnitude_mm,16.39067567884922,22398899
correction_magnitude_deg,0,22398899
owd_uplink_ms,125.9492,23800000
owd_downlink_ms,126.1275,23800000
correction_magnitude_mm,18.450239673256874,22499122
correction_magnitude_deg,0,22499122
prediction_position_error_mm,96.40191495418549,23800000
prediction_orientation_error_deg,0,23800000
prediction_position_error_mm,98.59559684991837,23900000
prediction_orientation_error_deg,0,23900000
owd_uplink_ms,125.5591,24000000
owd_downlink_ms,129.8933,24000000
correction_magnitude_mm,19.796201959252357,22604539
correction_magnitude_deg,0,22604539
owd_uplink_ms,125.3139,24000000
owd_downlink_ms,128.8989,24000000
correction_magnitude_mm,20.020727068185806,22709020
correction_magnitude_deg,0,22709020
prediction_position_error_mm,80.96681535243988,24000000
prediction_orientation_error_deg,0,24000000
prediction_position_error_mm,81.87824487686157,24100000
prediction_orientation_error_deg,0,24100000
owd_uplink_ms,128.7275,24200000
owd_downlink_ms,130.4488,24200000
correction_magnitude_mm,19.3414855748415,22811171
correction_magnitude_deg,0,22811171
prediction_position_error_mm,72.82331585884094,24200000
prediction_orientation_error_deg,0,24200000
owd_uplink_ms,131.8664,24300000
owd_downlink_ms,123.5649,24300000
correction_magnitude_mm,21.760232746601105,23000793
correction_magnitude_deg,0,23000793
owd_uplink_ms,128.7398,24300000
owd_downlink_ms,126.2697,24300000
prediction_position_error_mm,65.85915386676788,24300000
prediction_orientation_error_deg,0,24300000
owd_uplink_ms,124.9245,24400000
owd_downlink_ms,124.7004,24400000
correction_magnitude_mm,19.09605972468853,23097426
correction_magnitude_deg,0,23097426
prediction_position_error_mm,56.07166886329651,24400000
prediction_orientation_error_deg,0,24400000
owd_uplink_ms,126.8305,24500000
owd_downlink_ms,129.6069,24500000
correction_magnitude_mm,17.09515042603016,23200896
correction_magnitude_deg,0,23200896
prediction_position_error_mm,47.54461348056793,24500000
prediction_orientation_error_deg,0,24500000
owd_uplink_ms,125.8477,24600000
owd_downlink_ms,124.218,24600000
correction_magnitude_mm,14.789218083024025,23298859
correction_magnitude_deg,0,23298859
prediction_position_error_mm,39.733223617076874,24600000
prediction_orientation_error_deg,0,24600000
prediction_position_error_mm,45.7657091319561,24700000
prediction_orientation_error_deg,0,24700000
owd_uplink_ms,129.4033,24800000
owd_downlink_ms,132.6239,24800000
correction_magnitude_mm,13.05836159735918,23402884
correction_magnitude_deg,0,23402884
prediction_position_error_mm,34.58898141980171,24800000
prediction_orientation_error_deg,0,24800000
owd_uplink_ms,130.8991,24900000
owd_downlink_ms,129.036,24900000
correction_magnitude_mm,13.076584786176682,23600555
correction_magnitude_deg,0,23600555
prediction_position_error_mm,33.769216388463974,24900000
prediction_orientation_error_deg,0,24900000
owd_uplink_ms,125.6102,25000000
owd_downlink_ms,130.9391,25000000
correction_magnitude_mm,9.515819139778614,23607216
correction_magnitude_deg,0,23607216
owd_uplink_ms,129.6217,25000000
owd_downlink_ms,125.3573,25000000
prediction_position_error_mm,34.59833934903145,25000000
prediction_orientation_error_deg,0,25000000
prediction_position_error_mm,33.6296372115612,25100000
prediction_orientation_error_deg,0,25100000
owd_uplink_ms,130.1967,25200000
owd_downlink_ms,123.8532,25200000
owd_uplink_ms,126.8651,25200000
owd_downlink_ms,126.497,25200000
prediction_position_error_mm,39.55337777733803,25200000
prediction_orientation_error_deg,0,25200000
prediction_position_error_mm,38.54658454656601,25300000
prediction_orientation_error_deg,0,25300000
owd_uplink_ms,131.3933,25400000
owd_downlink_ms,127.6815,25400000
correction_magnitude_mm,7.307696621865034,24088857
correction_magnitude_deg,0,24088857
owd_uplink_ms,124.8649,25400000
owd_downlink_ms,129.8325,25400000
correction_magnitude_mm,5.044418852776289,24095067
correction_magnitude_deg,0,24095067
prediction_position_error_mm,4.9707479774951935,25400000
prediction_orientation_error_deg,0,25400000
owd_uplink_ms,124.934,25500000
owd_downlink_ms,125.08,25500000
prediction_position_error_mm,7.065138313919306,25500000
prediction_orientation_error_deg,0,25500000
prediction_position_error_mm,7.66128022223711,25600000
prediction_orientation_error_deg,0,25600000
owd_uplink_ms,129.4322,25700000
owd_downlink_ms,131.1808,25700000
owd_uplink_ms,126.8395,25700000
owd_downlink_ms,127.6846,25700000
prediction_position_error_mm,5.151992663741112,25700000
prediction_orientation_error_deg,0,25700000
owd_uplink_ms,126.0158,25800000
owd_downlink_ms,124.799,25800000
prediction_position_error_mm,4.708221182227135,25800000
prediction_orientation_error_deg,0,25800000
owd_uplink_ms,124.625,25900000
owd_downlink_ms,123.9606,25900000
prediction_position_error_mm,4.496654961258173,25900000
prediction_orientation_error_deg,0,25900000
prediction_position_error_mm,2.790863858535886,26000000
prediction_orientation_error_deg,0,26000000
owd_uplink_ms,129.4628,26100000
owd_downlink_ms,124.2931,26100000
owd_uplink_ms,122.9292,26100000
owd_downlink_ms,130.0547,26100000
prediction_position_error_mm,2.6019990909844637,26100000
prediction_orientation_error_deg,0,26100000
prediction_position_error_mm,2.999924123287201,26200000
prediction_orientation_error_deg,0,26200000
owd_uplink_ms,125.434,26300000
owd_downlink_ms,124.86,26300000
owd_uplink_ms,130.8727,26300000
owd_downlink_ms,128.3334,26300000
prediction_position_error_mm,3.2501916866749525,26300000
prediction_orientation_error_deg,0,26300000
prediction_position_error_mm,3.703855210915208,26400000
prediction_orientation_error_deg,0,26400000
owd_uplink_ms,129.4051,26500000
owd_downlink_ms,124.77,26500000
prediction_position_error_mm,3.875394118949771,26500000
prediction_orientation_error_deg,0,26500000
owd_uplink_ms,124.3358,26600000
owd_downlink_ms,132.3571,26600000
prediction_position_error_mm,2.4041160941123962,26600000
prediction_orientation_error_deg,0,26600000
owd_uplink_ms,131.6269,26700000
owd_downlink_ms,128.2148,26700000
prediction_position_error_mm,5.960327107459307,26700000
prediction_orientation_error_deg,0,26700000
owd_uplink_ms,131.4399,26800000
owd_downlink_ms,130.3798,26800000
prediction_position_error_mm,5.401503760367632,26800000
prediction_orientation_error_deg,0,26800000
owd_uplink_ms,123.9365,26900000
owd_downlink_ms,131.9477,26900000
prediction_position_error_mm,2.7529653161764145,26900000
prediction_orientation_error_deg,0,26900000
owd_uplink_ms,128.7736,27000000
owd_downlink_ms,129.727,27000000
prediction_position_error_mm,2.8711718041449785,27000000
prediction_orientation_error_deg,0,27000000
owd_uplink_ms,126.9009,27100000
owd_downlink_ms,130.9513,27100000
prediction_position_error_mm,3.1992404256016016,27100000
prediction_orientation_error_deg,0,27100000
owd_uplink_ms,127.1602,27200000
owd_downlink_ms,130.5834,27200000
owd_uplink_ms,127.674,27200000
owd_downlink_ms,124.4916,27200000
prediction_position_error_mm,3.5774942953139544,27200000
prediction_orientation_error_deg,0,27200000
prediction_position_error_mm,4.019584506750107,27300000
prediction_orientation_error_deg,0,27300000
owd_uplink_ms,128.0281,27400000
owd_downlink_ms,127.4387,27400000
prediction_position_error_mm,4.357630852609873,27400000
prediction_orientation_error_deg,0,27400000
owd_uplink_ms,132.6667,27500000
owd_downlink_ms,129.4953,27500000
owd_uplink_ms,124.1541,27500000
owd_downlink_ms,128.2213,27500000
prediction_position_error_mm,2.9661846347153187,27500000
prediction_orientation_error_deg,0,27500000
owd_uplink_ms,125.2197,27600000
owd_downlink_ms,126.3161,27600000
prediction_position_error_mm,2.9355320148169994,27600000
prediction_orientation_error_deg,0,27600000
prediction_position_error_mm,5.5058803409338,27700000
prediction_orientation_error_deg,0,27700000
owd_uplink_ms,126.6401,27800000
owd_downlink_ms,129.0375,27800000
owd_uplink_ms,128.3344,27800000
owd_downlink_ms,128.3671,27800000
prediction_position_error_mm,2.9462305828928947,27800000
prediction_orientation_error_deg,0,27800000
prediction_position_error_mm,6.182937882840633,27900000
prediction_orientation_error_deg,0,27900000
owd_uplink_ms,125.8675,28000000
owd_downlink_ms,125.4404,28000000
prediction_position_error_mm,6.410710047930479,28000000
prediction_orientation_error_deg,0,28000000
owd_uplink_ms,133.2081,28100000
owd_downlink_ms,130.5429,28100000
prediction_position_error_mm,3.773508593440056,28100000
prediction_orientation_error_deg,0,28100000
owd_uplink_ms,127.768,28200000
owd_downlink_ms,129.952,28200000
owd_uplink_ms,128.0809,28200000
owd_downlink_ms,123.6071,28200000
prediction_position_error_mm,3.2761578913778067,28200000
prediction_orientation_error_deg,0,28200000
owd_uplink_ms,126.4807,28300000
owd_downlink_ms,128.7032,28300000
prediction_position_error_mm,6.352548021823168,28300000
prediction_orientation_error_deg,0,28300000
owd_uplink_ms,126.7324,28400000
owd_downlink_ms,124.5893,28400000
prediction_position_error_mm,3.214610507711768,28400000
prediction_orientation_error_deg,0,28400000
owd_uplink_ms,128.6919,28500000
owd_downlink_ms,128.1601,28500000
prediction_position_error_mm,6.181994453072548,28500000
prediction_orientation_error_deg,0,28500000
owd_uplink_ms,125.7071,28600000
owd_downlink_ms,126.598,28600000
prediction_position_error_mm,3.1566096004098654,28600000
prediction_orientation_error_deg,0,28600000
owd_uplink_ms,130.2305,28700000
owd_downlink_ms,126.4833,28700000
prediction_position_error_mm,3.120711538940668,28700000
prediction_orientation_error_deg,0,28700000
prediction_position_error_mm,6.517683621495962,28800000
prediction_orientation_error_deg,0,28800000
owd_uplink_ms,132.3733,28900000
owd_downlink_ms,127.2063,28900000
prediction_position_error_mm,4.305089823901653,28900000
prediction_orientation_error_deg,0,28900000
owd_uplink_ms,126.543,29000000
owd_downlink_ms,123.6619,29000000
owd_uplink_ms,130.0484,29000000
owd_downlink_ms,128.1043,29000000
prediction_position_error_mm,3.512771101668477,29000000
prediction_orientation_error_deg,0,29000000
prediction_position_error_mm,3.964201547205448,29100000
prediction_orientation_error_deg,0,29100000
owd_uplink_ms,126.1267,29200000
owd_downlink_ms,126.873,29200000
owd_uplink_ms,131.4963,29200000
owd_downlink_ms,129.9718,29200000
prediction_position_error_mm,3.6873184144496918,29200000
prediction_orientation_error_deg,0,29200000
prediction_position_error_mm,7.492830976843834,29300000
prediction_orientation_error_deg,0,29300000
owd_uplink_ms,124.0355,29400000
owd_downlink_ms,131.622,29400000
prediction_position_error_mm,6.8543171510100365,29400000
prediction_orientation_error_deg,0,29400000
prediction_position_error_mm,4.23019053414464,29500000
prediction_orientation_error_deg,0,29500000
owd_uplink_ms,130.4012,29600000
owd_downlink_ms,131.3515,29600000
owd_uplink_ms,126.1089,29600000
owd_downlink_ms,123.6117,29600000
owd_uplink_ms,129.982,29600000
owd_downlink_ms,128.1063,29600000
prediction_position_error_mm,7.117028813809156,29600000
prediction_orientation_error_deg,0,29600000
prediction_position_error_mm,7.640334311872721,29700000
prediction_orientation_error_deg,0,29700000
owd_uplink_ms,129.059,29800000
owd_downlink_ms,124.3935,29800000
owd_uplink_ms,123.6192,29800000
owd_downlink_ms,127.9975,29800000
prediction_position_error_mm,7.939988747239113,29800000
prediction_orientation_error_deg,0,29800000
prediction_position_error_mm,13.681630603969097,29900000
prediction_orientation_error_deg,0,29900000
prediction_position_error_mm,9.11178719252348,30000000
prediction_orientation_error_deg,0,30000000
owd_uplink_ms,131.3866,30100000
owd_downlink_ms,132.3066,30100000
correction_magnitude_mm,5.327453371137381,28696366
correction_magnitude_deg,0,28696366
owd_uplink_ms,124.6902,30100000
owd_downlink_ms,128.773,30100000
prediction_position_error_mm,12.350078672170639,30100000
prediction_orientation_error_deg,0,30100000
owd_uplink_ms,132.402,30200000
owd_downlink_ms,132.4292,30200000
prediction_position_error_mm,273.3774483203888,30200000
prediction_orientation_error_deg,0,30200000
prediction_position_error_mm,292.5054430961609,30300000
prediction_orientation_error_deg,0,30300000
owd_uplink_ms,130.6515,30400000
owd_downlink_ms,131.0171,30400000
correction_magnitude_mm,43.51045936346054,29001960
correction_magnitude_deg,0,29001960
prediction_position_error_mm,284.3190133571625,30400000
prediction_orientation_error_deg,0,30400000
owd_uplink_ms,132.5143,30500000
owd_downlink_ms,130.3262,30500000
correction_magnitude_mm,48.42233285307884,29099226
correction_magnitude_deg,0,29099226
owd_uplink_ms,131.2948,30500000
owd_downlink_ms,124.4331,30500000
correction_magnitude_mm,49.102067947387695,29190649
correction_magnitude_deg,0,29190649
prediction_position_error_mm,231.50455951690674,30500000
prediction_orientation_error_deg,0,30500000
owd_uplink_ms,129.2512,30600000
owd_downlink_ms,128.1237,30600000
correction_magnitude_mm,44.52088102698326,29289240
correction_magnitude_deg,0,29289240
owd_uplink_ms,124.1098,30600000
owd_downlink_ms,129.8456,30600000
correction_magnitude_mm,32.53766894340515,29296410
correction_magnitude_deg,0,29296410
prediction_position_error_mm,28.501061722636223,30600000
prediction_orientation_error_deg,0,30600000
owd_uplink_ms,128.5402,30700000
owd_downlink_ms,129.2858,30700000
correction_magnitude_mm,23.31400476396084,29397342
correction_magnitude_deg,0,29397342
prediction_position_error_mm,18.02799105644226,30700000
prediction_orientation_error_deg,0,30700000
prediction_position_error_mm,12.52009067684412,30800000
prediction_orientation_error_deg,0,30800000
owd_uplink_ms,130.119,30900000
owd_downlink_ms,130.1598,30900000
correction_magnitude_mm,15.873827040195465,29597393
correction_magnitude_deg,0,29597393
prediction_position_error_mm,4.340811632573605,30900000
prediction_orientation_error_deg,0,30900000
owd_uplink_ms,127.887,31000000
owd_downlink_ms,131.5406,31000000
correction_magnitude_mm,11.32234837859869,29601960
correction_magnitude_deg,0,29601960
owd_uplink_ms,128.9626,31000000
owd_downlink_ms,125.6293,31000000
prediction_position_error_mm,103.73483598232269,31000000
prediction_orientation_error_deg,0,31000000
owd_uplink_ms,127.7616,31100000
owd_downlink_ms,126.971,31100000
correction_magnitude_mm,7.814174517989159,29796806
correction_magnitude_deg,0,29796806
prediction_position_error_mm,106.33217543363571,31100000
prediction_orientation_error_deg,0,31100000
prediction_position_error_mm,114.1265258193016,31200000
prediction_orientation_error_deg,0,31200000
owd_uplink_ms,125.9519,31300000
owd_downlink_ms,125.9822,31300000
correction_magnitude_mm,20.889170467853546,29996844
correction_magnitude_deg,0,29996844
owd_uplink_ms,129.7125,31300000
owd_downlink_ms,128.2611,31300000
prediction_position_error_mm,111.57579720020294,31300000
prediction_orientation_error_deg,0,31300000
prediction_position_error_mm,119.06390637159348,31400000
prediction_orientation_error_deg,0,31400000
owd_uplink_ms,132.0819,31500000
owd_downlink_ms,130.5596,31500000
correction_magnitude_mm,24.232886731624603,30193128
correction_magnitude_deg,0,30193128
prediction_position_error_mm,114.4532561302185,31500000
prediction_orientation_error_deg,0,31500000
owd_uplink_ms,129.9833,31600000
owd_downlink_ms,124.5153,31600000
correction_magnitude_mm,23.878244683146477,30286294
correction_magnitude_deg,0,30286294
prediction_position_error_mm,99.09424185752869,31600000
prediction_orientation_error_deg,0,31600000
owd_uplink_ms,122.6446,31700000
owd_downlink_ms,124.6437,31700000
correction_magnitude_mm,28.190692886710167,30388793
correction_magnitude_deg,0,30388793
prediction_position_error_mm,91.402567923069,31700000
prediction_orientation_error_deg,0,31700000
owd_uplink_ms,131.4316,31800000
owd_downlink_ms,133.6157,31800000
correction_magnitude_mm,19.74174566566944,30391523
correction_magnitude_deg,0,30391523
owd_uplink_ms,127.2608,31800000
owd_downlink_ms,127.9776,31800000
prediction_position_error_mm,212.76406943798065,31800000
prediction_orientation_error_deg,0,31800000
prediction_position_error_mm,228.84775698184967,31900000
prediction_orientation_error_deg,0,31900000
owd_uplink_ms,129.2986,32000000
owd_downlink_ms,131.7595,32000000
correction_magnitude_mm,18.599307164549828,30595496
correction_magnitude_deg,0,30595496
prediction_position_error_mm,231.74868524074554,32000000
prediction_orientation_error_deg,0,32000000
owd_uplink_ms,131.5781,32100000
owd_downlink_ms,125.8914,32100000
correction_magnitude_mm,42.70455613732338,30788388
correction_magnitude_deg,0,30788388
prediction_position_error_mm,225.76835751533508,32100000
prediction_orientation_error_deg,0,32100000
owd_uplink_ms,122.9137,32200000
owd_downlink_ms,131.1602,32200000
correction_magnitude_mm,31.96621686220169,30798697
correction_magnitude_deg,0,30798697
prediction_position_error_mm,105.93152791261673,32200000
prediction_orientation_error_deg,0,32200000
owd_uplink_ms,127.9124,32300000
owd_downlink_ms,131.2833,32300000
correction_magnitude_mm,28.437109664082527,30902910
correction_magnitude_deg,0,30902910
owd_uplink_ms,126.6791,32300000
owd_downlink_ms,124.5099,32300000
correction_magnitude_mm,24.41689744591713,31000198
correction_magnitude_deg,0,31000198
prediction_position_error_mm,74.42975789308548,32300000
prediction_orientation_error_deg,0,32300000
owd_uplink_ms,123.5157,32400000
owd_downlink_ms,123.747,32400000
correction_magnitude_mm,21.142834797501564,31100487
correction_magnitude_deg,0,31100487
prediction_position_error_mm,58.66559222340584,32400000
prediction_orientation_error_deg,0,32400000
owd_uplink_ms,126.9761,32500000
owd_downlink_ms,123.588,32500000
correction_magnitude_mm,17.82379485666752,31196253
correction_magnitude_deg,0,31196253
prediction_position_error_mm,54.62584272027016,32500000
prediction_orientation_error_deg,0,32500000
owd_uplink_ms,125.6934,32600000
owd_downlink_ms,129.7247,32600000
correction_magnitude_mm,15.707544982433319,31301291
correction_magnitude_deg,0,31301291
prediction_position_error_mm,46.90879210829735,32600000
prediction_orientation_error_deg,0,32600000
owd_uplink_ms,128.9033,32700000
owd_downlink_ms,126.0421,32700000
correction_magnitude_mm,13.098285533487797,31397715
correction_magnitude_deg,0,31397715
prediction_position_error_mm,40.048304945230484,32700000
prediction_orientation_error_deg,0,32700000
prediction_position_error_mm,36.84361279010773,32800000
prediction_orientation_error_deg,0,32800000
owd_uplink_ms,124.0108,32900000
owd_downlink_ms,129.9394,32900000
correction_magnitude_mm,11.664951220154762,31505125
correction_magnitude_deg,0,31505125
prediction_position_error_mm,30.792610719799995,32900000
prediction_orientation_error_deg,0,32900000
prediction_position_error_mm,32.456666231155396,33000000
prediction_orientation_error_deg,0,33000000
owd_uplink_ms,125.761,33100000
owd_downlink_ms,129.2929,33100000
correction_magnitude_mm,11.739341542124748,31709539
correction_magnitude_deg,0,31709539
owd_uplink_ms,132.6106,33100000
owd_downlink_ms,131.1739,33100000
prediction_position_error_mm,28.218727558851242,33100000
prediction_orientation_error_deg,0,33100000
owd_uplink_ms,124.505,33200000
owd_downlink_ms,129.3681,33200000
correction_magnitude_mm,9.965096600353718,31813820
correction_magnitude_deg,0,31813820
owd_uplink_ms,128.792,33200000
owd_downlink_ms,128.2035,33200000
correction_magnitude_mm,8.10371432453394,31913084
correction_magnitude_deg,0,31913084
prediction_position_error_mm,17.214588820934296,33200000
prediction_orientation_error_deg,0,33200000
owd_uplink_ms,128.6394,33300000
owd_downlink_ms,123.5327,33300000
correction_magnitude_mm,6.212861277163029,32006700
correction_magnitude_deg,0,32006700
prediction_position_error_mm,18.840448930859566,33300000
prediction_orientation_error_deg,0,33300000
owd_uplink_ms,129.7885,33400000
owd_downlink_ms,128.903,33400000
correction_magnitude_mm,5.017085932195187,32105592
correction_magnitude_deg,0,32105592
prediction_position_error_mm,11.122487485408783,33400000
prediction_orientation_error_deg,0,33400000
prediction_position_error_mm,11.778085492551327,33500000
prediction_orientation_error_deg,0,33500000
prediction_position_error_mm,12.44254969060421,33600000
prediction_orientation_error_deg,0,33600000
owd_uplink_ms,130.9403,33700000
owd_downlink_ms,130.8496,33700000
correction_magnitude_mm,9.887893684208393,32305478
correction_magnitude_deg,0,32305478
owd_uplink_ms,132.1635,33700000
owd_downlink_ms,125.5787,33700000
owd_uplink_ms,128.4275,33700000
owd_downlink_ms,128.1903,33700000
prediction_position_error_mm,7.018750067800283,33700000
prediction_orientation_error_deg,0,33700000
prediction_position_error_mm,7.509390357881784,33800000
prediction_orientation_error_deg,0,33800000
owd_uplink_ms,129.1314,33900000
owd_downlink_ms,124.5702,33900000
correction_magnitude_mm,6.807040423154831,32591251
correction_magnitude_deg,0,32591251
prediction_position_error_mm,9.423221461474895,33900000
prediction_orientation_error_deg,0,33900000
owd_uplink_ms,130.888,34000000
owd_downlink_ms,129.4067,34000000
prediction_position_error_mm,3.1589162535965443,34000000
prediction_orientation_error_deg,0,34000000
owd_uplink_ms,130.3852,34100000
owd_downlink_ms,127.9185,34100000
prediction_position_error_mm,7.751020137220621,34100000
prediction_orientation_error_deg,0,34100000
owd_uplink_ms,124.776,34200000
owd_downlink_ms,133.1903,34200000
owd_uplink_ms,126.7138,34200000
owd_downlink_ms,129.55,34200000
prediction_position_error_mm,5.648359656333923,34200000
prediction_orientation_error_deg,0,34200000
owd_uplink_ms,127.8186,34300000
owd_downlink_ms,123.816,34300000
prediction_position_error_mm,11.195146478712559,34300000
prediction_orientation_error_deg,0,34300000
owd_uplink_ms,128.33,34400000
owd_downlink_ms,128.8252,34400000
prediction_position_error_mm,6.1370558105409145,34400000
prediction_orientation_error_deg,0,34400000
owd_uplink_ms,129.1025,34500000
owd_downlink_ms,125.8337,34500000
prediction_position_error_mm,11.403821408748627,34500000
prediction_orientation_error_deg,0,34500000
prediction_position_error_mm,6.732371635735035,34600000
prediction_orientation_error_deg,0,34600000
prediction_position_error_mm,12.35726848244667,34700000
prediction_orientation_error_deg,0,34700000
owd_uplink_ms,129.5352,34800000
owd_downlink_ms,131.6622,34800000
owd_uplink_ms,125.1844,34800000
owd_downlink_ms,131.425,34800000
owd_uplink_ms,129.4734,34800000
owd_downlink_ms,128.989,34800000
prediction_position_error_mm,1.168490038253367,34800000
prediction_orientation_error_deg,0,34800000
owd_uplink_ms,125.7086,34900000
owd_downlink_ms,128.0041,34900000
prediction_position_error_mm,1.5482006128877401,34900000
prediction_orientation_error_deg,0,34900000
owd_uplink_ms,127.0172,35000000
owd_downlink_ms,123.9988,35000000
prediction_position_error_mm,3.730452386662364,35000000
prediction_orientation_error_deg,0,35000000
owd_uplink_ms,128.1586,35100000
owd_downlink_ms,129.627,35100000
prediction_position_error_mm,1.6413899138569832,35100000
prediction_orientation_error_deg,0,35100000
prediction_position_error_mm,1.7082635313272476,35200000
prediction_orientation_error_deg,0,35200000
owd_uplink_ms,131.668,35300000
owd_downlink_ms,124.1319,35300000
prediction_position_error_mm,4.169889260083437,35300000
prediction_orientation_error_deg,0,35300000
owd_uplink_ms,128.3256,35400000
owd_downlink_ms,131.5085,35400000
prediction_position_error_mm,3.206016030162573,35400000
prediction_orientation_error_deg,0,35400000
prediction_position_error_mm,8.531567640602589,35500000
prediction_orientation_error_deg,0,35500000
owd_uplink_ms,132.6142,35600000
owd_downlink_ms,131.9588,35600000
owd_uplink_ms,129.6894,35600000
owd_downlink_ms,132.7742,35600000
prediction_position_error_mm,1.421828637830913,35600000
prediction_orientation_error_deg,0,35600000
owd_uplink_ms,125.7509,35700000
owd_downlink_ms,125.823,35700000
prediction_position_error_mm,1.5457055997103453,35700000
prediction_orientation_error_deg,0,35700000
owd_uplink_ms,130.6534,35800000
owd_downlink_ms,130.5573,35800000
prediction_position_error_mm,6.636235862970352,35800000
prediction_orientation_error_deg,0,35800000
owd_uplink_ms,130.7164,35900000
owd_downlink_ms,129.1894,35900000
prediction_position_error_mm,1.9701917190104723,35900000
prediction_orientation_error_deg,0,35900000
owd_uplink_ms,125.393,36000000
owd_downlink_ms,131.243,36000000
prediction_position_error_mm,4.418809898197651,36000000
prediction_orientation_error_deg,0,36000000
owd_uplink_ms,130.7471,36100000
owd_downlink_ms,124.2375,36100000
prediction_position_error_mm,4.667353350669146,36100000
prediction_orientation_error_deg,0,36100000
owd_uplink_ms,129.6673,36200000
owd_downlink_ms,132.7816,36200000
owd_uplink_ms,126.7465,36200000
owd_downlink_ms,129.0112,36200000
prediction_position_error_mm,0.6938784499652684,36200000
prediction_orientation_error_deg,0,36200000
prediction_position_error_mm,0.8579499553889036,36300000
prediction_orientation_error_deg,0,36300000
owd_uplink_ms,131.0404,36400000
owd_downlink_ms,127.5502,36400000
prediction_position_error_mm,5.75898727402091,36400000
prediction_orientation_error_deg,0,36400000
owd_uplink_ms,125.2484,36500000
owd_downlink_ms,130.0411,36500000
prediction_position_error_mm,0.7262398721650243,36500000
prediction_orientation_error_deg,0,36500000
owd_uplink_ms,126.9251,36600000
owd_downlink_ms,129.4555,36600000
prediction_position_error_mm,0.8171456283889711,36600000
prediction_orientation_error_deg,0,36600000
owd_uplink_ms,128.4366,36700000
owd_downlink_ms,128.3846,36700000
owd_uplink_ms,132.9237,36700000
owd_downlink_ms,128.94,36700000
prediction_position_error_mm,0.9659070638008416,36700000
prediction_orientation_error_deg,0,36700000
prediction_position_error_mm,1.1667297221720219,36800000
prediction_orientation_error_deg,0,36800000
owd_uplink_ms,131.0448,36900000
owd_downlink_ms,124.5533,36900000
owd_uplink_ms,128.772,36900000
owd_downlink_ms,129.2478,36900000
prediction_position_error_mm,32.15694800019264,36900000
prediction_orientation_error_deg,0,36900000
prediction_position_error_mm,34.77506712079048,37000000
prediction_orientation_error_deg,0,37000000
owd_uplink_ms,125.755,37100000
owd_downlink_ms,132.4407,37100000
prediction_position_error_mm,35.59104725718498,37100000
prediction_orientation_error_deg,0,37100000
owd_uplink_ms,132.6598,37200000
owd_downlink_ms,126.6089,37200000
correction_magnitude_mm,5.956319626420736,35897267
correction_magnitude_deg,0,35897267
owd_uplink_ms,128.0972,37200000
owd_downlink_ms,127.5074,37200000
prediction_position_error_mm,35.18494963645935,37200000
prediction_orientation_error_deg,0,37200000
prediction_position_error_mm,37.70505636930466,37300000
prediction_orientation_error_deg,0,37300000
prediction_position_error_mm,40.24896025657654,37400000
prediction_orientation_error_deg,0,37400000
owd_uplink_ms,131.9465,37500000
owd_downlink_ms,132.4001,37500000
correction_magnitude_mm,13.6069031432271,36097097
correction_magnitude_deg,0,36097097
owd_uplink_ms,130.3202,37500000
owd_downlink_ms,127.2606,37500000
correction_magnitude_mm,6.4268559217453,36193273
correction_magnitude_deg,0,36193273
owd_uplink_ms,127.2685,37500000
owd_downlink_ms,128.3774,37500000
prediction_position_error_mm,99.77123886346817,37500000
prediction_orientation_error_deg,0,37500000
prediction_position_error_mm,102.94737666845322,37600000
prediction_orientation_error_deg,0,37600000
owd_uplink_ms,124.2859,37700000
owd_downlink_ms,131.5923,37700000
correction_magnitude_mm,5.106146913021803,36303793
correction_magnitude_deg,0,36303793
prediction_position_error_mm,111.76148056983948,37700000
prediction_orientation_error_deg,0,37700000
owd_uplink_ms,128.1028,37800000
owd_downlink_ms,123.595,37800000
correction_magnitude_mm,19.12759430706501,36498159
correction_magnitude_deg,0,36498159
owd_uplink_ms,130.3458,37800000
owd_downlink_ms,125.796,37800000
prediction_position_error_mm,109.74327474832535,37800000
prediction_orientation_error_deg,0,37800000
owd_uplink_ms,126.4683,37900000
owd_downlink_ms,124.4328,37900000
correction_magnitude_mm,20.702103152871132,36589928
correction_magnitude_deg,0,36589928
prediction_position_error_mm,97.409687936306,37900000
prediction_orientation_error_deg,0,37900000
owd_uplink_ms,126.5447,38000000
owd_downlink_ms,128.2831,38000000
correction_magnitude_mm,21.37736603617668,36692102
correction_magnitude_deg,0,36692102
prediction_position_error_mm,93.828484416008,38000000
prediction_orientation_error_deg,0,38000000
prediction_position_error_mm,99.7149795293808,38100000
prediction_orientation_error_deg,0,38100000
owd_uplink_ms,128.2178,38200000
owd_downlink_ms,132.196,38200000
correction_magnitude_mm,21.228451281785965,36797075
correction_magnitude_deg,0,36797075
prediction_position_error_mm,90.69578349590302,38200000
prediction_orientation_error_deg,0,38200000
owd_uplink_ms,124.9608,38300000
owd_downlink_ms,132.1972,38300000
correction_magnitude_mm,20.500225946307182,36906120
correction_magnitude_deg,0,36906120
owd_uplink_ms,124.0891,38300000
owd_downlink_ms,126.9447,38300000
correction_magnitude_mm,19.339781254529953,37009689
correction_magnitude_deg,0,37009689
prediction_position_error_mm,64.49270248413086,38300000
prediction_orientation_error_deg,0,38300000
prediction_position_error_mm,68.5955360531807,38400000
prediction_orientation_error_deg,0,38400000
owd_uplink_ms,127.7038,38500000
owd_downlink_ms,128.8919,38500000
correction_magnitude_mm,17.931677401065826,37111174
correction_magnitude_deg,0,37111174
prediction_position_error_mm,64.2632469534874,38500000
prediction_orientation_error_deg,0,38500000
owd_uplink_ms,125.2485,38600000
owd_downlink_ms,128.9698,38600000
correction_magnitude_mm,16.359733417630196,37215825
correction_magnitude_deg,0,37215825
prediction_position_error_mm,56.35394528508186,38600000
prediction_orientation_error_deg,0,38600000
owd_uplink_ms,127.6036,38700000
owd_downlink_ms,129.6963,38700000
correction_magnitude_mm,14.772290363907814,37318440
correction_magnitude_deg,0,37318440
prediction_position_error_mm,48.94871264696121,38700000
prediction_orientation_error_deg,0,38700000
owd_uplink_ms,127.478,38800000
owd_downlink_ms,129.5477,38800000
correction_magnitude_mm,13.195324689149857,37421026
correction_magnitude_deg,0,37421026
owd_uplink_ms,131.0025,38800000
owd_downlink_ms,127.9003,38800000
correction_magnitude_mm,11.808288283646107,37517148
correction_magnitude_deg,0,37517148
prediction_position_error_mm,33.93397107720375,38800000
prediction_orientation_error_deg,0,38800000
prediction_position_error_mm,35.68248823285103,38900000
prediction_orientation_error_deg,0,38900000
owd_uplink_ms,132.1331,39000000
owd_downlink_ms,123.1715,39000000
correction_magnitude_mm,12.713272124528885,37705945
correction_magnitude_deg,0,37705945
owd_uplink_ms,124.2545,39000000
owd_downlink_ms,127.1998,39000000
correction_magnitude_mm,8.800716139376163,37709626
correction_magnitude_deg,0,37709626
prediction_position_error_mm,64.24782425165176,39000000
prediction_orientation_error_deg,0,39000000
owd_uplink_ms,130.0891,39100000
owd_downlink_ms,128.2784,39100000
prediction_position_error_mm,70.67522406578064,39100000
prediction_orientation_error_deg,0,39100000
prediction_position_error_mm,76.43015682697296,39200000
prediction_orientation_error_deg,0,39200000
owd_uplink_ms,132.2744,39300000
owd_downlink_ms,126.3969,39300000
correction_magnitude_mm,9.328994899988174,38000015
correction_magnitude_deg,0,38000015
owd_uplink_ms,126.1625,39300000
owd_downlink_ms,126.9297,39300000
correction_magnitude_mm,6.623717024922371,38000974
correction_magnitude_deg,0,38000974
prediction_position_error_mm,193.62972676753998,39300000
prediction_orientation_error_deg,0,39300000
prediction_position_error_mm,208.67867767810822,39400000
prediction_orientation_error_deg,0,39400000
owd_uplink_ms,127.4274,39500000
owd_downlink_ms,130.3095,39500000
correction_magnitude_mm,11.188005097210407,38104576
correction_magnitude_deg,0,38104576
owd_uplink_ms,128.2912,39500000
owd_downlink_ms,123.376,39500000
correction_magnitude_mm,22.255336865782738,38198432
correction_magnitude_deg,0,38198432
prediction_position_error_mm,199.88301396369934,39500000
prediction_orientation_error_deg,0,39500000
prediction_position_error_mm,213.83211016654968,39600000
prediction_orientation_error_deg,0,39600000
owd_uplink_ms,130.1018,39700000
owd_downlink_ms,124.425,39700000
correction_magnitude_mm,39.1598641872406,38391336
correction_magnitude_deg,0,38391336
prediction_position_error_mm,208.0310732126236,39700000
prediction_orientation_error_deg,0,39700000
owd_uplink_ms,130.7071,39800000
owd_downlink_ms,128.9586,39800000
correction_magnitude_mm,45.249827206134796,38489151
correction_magnitude_deg,0,38489151
owd_uplink_ms,125.6421,39800000
owd_downlink_ms,129.2842,39800000
correction_magnitude_mm,32.03665465116501,38493704
correction_magnitude_deg,0,38493704
prediction_position_error_mm,95.83856910467148,39800000
prediction_orientation_error_deg,0,39800000
prediction_position_error_mm,105.09779304265976,39900000
prediction_orientation_error_deg,0,39900000
owd_uplink_ms,127.7711,40000000
owd_downlink_ms,132.5147,40000000
correction_magnitude_mm,12.795280665159225,38599634
correction_magnitude_deg,0,38599634
owd_uplink_ms,126.0564,40000000
owd_downlink_ms,125.4687,40000000
prediction_position_error_mm,127.04803049564362,40000000
prediction_orientation_error_deg,0,40000000
owd_uplink_ms,125.7208,40100000
owd_downlink_ms,126.5378,40100000
correction_magnitude_mm,9.534834884107113,38799922
correction_magnitude_deg,0,38799922
prediction_position_error_mm,126.31483376026154,40100000
prediction_orientation_error_deg,0,40100000
owd_uplink_ms,127.9237,40200000
owd_downlink_ms,125.9862,40200000
correction_magnitude_mm,15.36567509174347,38897501
correction_magnitude_deg,0,38897501
prediction_position_error_mm,124.98848885297775,40200000
prediction_orientation_error_deg,0,40200000
owd_uplink_ms,126.3251,40300000
owd_downlink_ms,129.5519,40300000
correction_magnitude_mm,19.84078623354435,39001534
correction_magnitude_deg,0,39001534
prediction_position_error_mm,120.60660123825073,40300000
prediction_orientation_error_deg,0,40300000
owd_uplink_ms,124.1198,40400000
owd_downlink_ms,124.7286,40400000
correction_magnitude_mm,22.00968936085701,39102295
correction_magnitude_deg,0,39102295
prediction_position_error_mm,117.69915372133255,40400000
prediction_orientation_error_deg,0,40400000
prediction_position_error_mm,121.80698662996292,40500000
prediction_orientation_error_deg,0,40500000
owd_uplink_ms,129.0931,40600000
owd_downlink_ms,130.8955,40600000
correction_magnitude_mm,23.070799186825752,39204547
correction_magnitude_deg,0,39204547
owd_uplink_ms,126.5813,40600000
owd_downlink_ms,123.4725,40600000
correction_magnitude_mm,22.4860068410635,39300661
correction_magnitude_deg,0,39300661
prediction_position_error_mm,97.45630621910095,40600000
prediction_orientation_error_deg,0,40600000
owd_uplink_ms,126.4246,40700000
owd_downlink_ms,124.9815,40700000
correction_magnitude_mm,21.645650267601013,39398858
correction_magnitude_deg,0,39398858
prediction_position_error_mm,92.5254300236702,40700000
prediction_orientation_error_deg,0,40700000
owd_uplink_ms,126.5586,40800000
owd_downlink_ms,124.0011,40800000
correction_magnitude_mm,20.30790038406849,39495662
correction_magnitude_deg,0,39495662
prediction_position_error_mm,80.51226288080215,40800000
prediction_orientation_error_deg,0,40800000
owd_uplink_ms,123.6717,40900000
owd_downlink_ms,128.5405,40900000
correction_magnitude_mm,19.6184404194355,39601747
correction_magnitude_deg,0,39601747
prediction_position_error_mm,76.30208134651184,40900000
prediction_orientation_error_deg,0,40900000
owd_uplink_ms,126.5862,41000000
owd_downlink_ms,125.7807,41000000
correction_magnitude_mm,17.99042522907257,39700740
correction_magnitude_deg,0,39700740
prediction_position_error_mm,65.0753602385521,41000000
prediction_orientation_error_deg,0,41000000
owd_uplink_ms,125.9883,41100000
owd_downlink_ms,123.8497,41100000
correction_magnitude_mm,16.215063631534576,39798067
correction_magnitude_deg,0,39798067
prediction_position_error_mm,58.005087077617645,41100000
prediction_orientation_error_deg,0,41100000
prediction_position_error_mm,61.844352632761,41200000
prediction_orientation_error_deg,0,41200000
owd_uplink_ms,128.2897,41300000
owd_downlink_ms,130.5698,41300000
correction_magnitude_mm,14.921498484909534,39900916
correction_magnitude_deg,0,39900916
prediction_position_error_mm,55.158551782369614,41300000
prediction_orientation_error_deg,0,41300000
owd_uplink_ms,127.338,41400000
owd_downlink_ms,123.7635,41400000
correction_magnitude_mm,16.09964482486248,40096448
correction_magnitude_deg,0,40096448
owd_uplink_ms,130.044,41400000
owd_downlink_ms,128.7649,41400000
prediction_position_error_mm,50.59310048818588,41400000
prediction_orientation_error_deg,0,41400000
prediction_position_error_mm,57.19142407178879,41500000
prediction_orientation_error_deg,0,41500000
owd_uplink_ms,128.0228,41600000
owd_downlink_ms,130.4659,41600000
correction_magnitude_mm,14.151322655379772,40197904
correction_magnitude_deg,0,40197904
owd_uplink_ms,128.9168,41600000
owd_downlink_ms,126.3101,41600000
correction_magnitude_mm,12.10735458880663,40294646
correction_magnitude_deg,0,40294646
prediction_position_error_mm,41.82730242609978,41600000
prediction_orientation_error_deg,0,41600000
prediction_position_error_mm,44.35038939118385,41700000
prediction_orientation_error_deg,0,41700000
owd_uplink_ms,130.0163,41800000
owd_downlink_ms,127.1468,41800000
correction_magnitude_mm,12.429604306817055,40491060
correction_magnitude_deg,0,40491060
prediction_position_error_mm,37.5007688999176,41800000
prediction_orientation_error_deg,0,41800000
owd_uplink_ms,127.8747,41900000
owd_downlink_ms,133.061,41900000
correction_magnitude_mm,9.064584970474243,40497543
correction_magnitude_deg,0,40497543
owd_uplink_ms,128.8842,41900000
owd_downlink_ms,129.9427,41900000
prediction_position_error_mm,24.45247955620289,41900000
prediction_orientation_error_deg,0,41900000
prediction_position_error_mm,26.278164237737656,42000000
prediction_orientation_error_deg,0,42000000
prediction_position_error_mm,24.993736296892166,42100000
prediction_orientation_error_deg,0,42100000
owd_uplink_ms,124.2742,42200000
owd_downlink_ms,130.2151,42200000
owd_uplink_ms,133.1859,42200000
owd_downlink_ms,131.2867,42200000
prediction_position_error_mm,28.97491119801998,42200000
prediction_orientation_error_deg,0,42200000
owd_uplink_ms,129.3268,42300000
owd_downlink_ms,126.5092,42300000
correction_magnitude_mm,5.668329074978828,41000395
correction_magnitude_deg,0,41000395
prediction_position_error_mm,27.813825756311417,42300000
prediction_orientation_error_deg,0,42300000
owd_uplink_ms,131.7667,42400000
owd_downlink_ms,130.7014,42400000
owd_uplink_ms,125.6985,42400000
owd_downlink_ms,124.8321,42400000
correction_magnitude_mm,6.073059979826212,41097982
correction_magnitude_deg,0,41097982
prediction_position_error_mm,25.11049062013626,42400000
prediction_orientation_error_deg,0,42400000
prediction_position_error_mm,23.531828075647354,42500000
prediction_orientation_error_deg,0,42500000
owd_uplink_ms,128.3728,42600000
owd_downlink_ms,130.6924,42600000
correction_magnitude_mm,6.051396951079369,41200881
correction_magnitude_deg,0,41200881
owd_uplink_ms,124.0298,42600000
owd_downlink_ms,124.0908,42600000
correction_magnitude_mm,5.865671206265688,41300957
correction_magnitude_deg,0,41300957
prediction_position_error_mm,19.38502863049507,42600000
prediction_orientation_error_deg,0,42600000
prediction_position_error_mm,20.268645137548447,42700000
prediction_orientation_error_deg,0,42700000
owd_uplink_ms,124.6851,42800000
owd_downlink_ms,131.8674,42800000
correction_magnitude_mm,5.348116159439087,41409934
correction_magnitude_deg,0,41409934
prediction_position_error_mm,14.703268185257912,42800000
prediction_orientation_error_deg,0,42800000
owd_uplink_ms,133.337,42900000
owd_downlink_ms,128.6283,42900000
prediction_position_error_mm,16.603799536824226,42900000
prediction_orientation_error_deg,0,42900000
owd_uplink_ms,131.2171,43000000
owd_downlink_ms,123.7912,43000000
prediction_position_error_mm,14.639906585216522,43000000
prediction_orientation_error_deg,0,43000000
owd_uplink_ms,128.8373,43100000
owd_downlink_ms,125.998,43100000
correction_magnitude_mm,6.6778454929590225,41791217
correction_magnitude_deg,0,41791217
owd_uplink_ms,130.1704,43100000
owd_downlink_ms,126.7555,43100000
prediction_position_error_mm,10.348851792514324,43100000
prediction_orientation_error_deg,0,43100000
owd_uplink_ms,124.5307,43200000
owd_downlink_ms,128.0897,43200000
correction_magnitude_mm,5.370228085666895,41891398
correction_magnitude_deg,0,41891398
prediction_position_error_mm,6.841540802270174,43200000
prediction_orientation_error_deg,0,43200000
owd_uplink_ms,127.5739,43300000
owd_downlink_ms,126.4436,43300000
prediction_position_error_mm,3.930253442376852,43300000
prediction_orientation_error_deg,0,43300000
prediction_position_error_mm,3.7799549754709005,43400000
prediction_orientation_error_deg,0,43400000
owd_uplink_ms,130.8461,43500000
owd_downlink_ms,125.7629,43500000
owd_uplink_ms,123.5342,43500000
owd_downlink_ms,125.8494,43500000
prediction_position_error_mm,37.04310953617096,43500000
prediction_orientation_error_deg,0,43500000
prediction_position_error_mm,37.63214871287346,43600000
prediction_orientation_error_deg,0,43600000
owd_uplink_ms,128.4207,43700000
owd_downlink_ms,132.4964,43700000
owd_uplink_ms,127.4963,43700000
owd_downlink_ms,129.4177,43700000
prediction_position_error_mm,40.17723351716995,43700000
prediction_orientation_error_deg,0,43700000
prediction_position_error_mm,40.825121104717255,43800000
prediction_orientation_error_deg,0,43800000
owd_uplink_ms,126.0156,43900000
owd_downlink_ms,127.8863,43900000
correction_magnitude_mm,7.363685872405767,42596363
correction_magnitude_deg,0,42596363
prediction_position_error_mm,40.260158479213715,43900000
prediction_orientation_error_deg,0,43900000
owd_uplink_ms,131.8719,44000000
owd_downlink_ms,132.8468,44000000
correction_magnitude_mm,5.21842623129487,42597582
correction_magnitude_deg,0,42597582
prediction_position_error_mm,138.419046998024,44000000
prediction_orientation_error_deg,0,44000000
owd_uplink_ms,126.7915,44100000
owd_downlink_ms,130.6047,44100000
correction_magnitude_mm,7.132598198950291,42702348
correction_magnitude_deg,0,42702348
prediction_position_error_mm,143.21860671043396,44100000
prediction_orientation_error_deg,0,44100000
owd_uplink_ms,130.6414,44200000
owd_downlink_ms,125.3817,44200000
correction_magnitude_mm,24.81355331838131,42895774
correction_magnitude_deg,0,42895774
owd_uplink_ms,127.6288,44200000
owd_downlink_ms,126.8474,44200000
prediction_position_error_mm,140.29841125011444,44200000
prediction_orientation_error_deg,0,44200000
owd_uplink_ms,127.8741,44300000
owd_downlink_ms,128.7648,44300000
correction_magnitude_mm,27.082378044724464,42995912
correction_magnitude_deg,0,42995912
prediction_position_error_mm,128.61117720603943,44300000
prediction_orientation_error_deg,0,44300000
owd_uplink_ms,129.0856,44400000
owd_downlink_ms,125.4145,44400000
correction_magnitude_mm,27.52065844833851,43091324
correction_magnitude_deg,0,43091324
prediction_position_error_mm,119.37771737575531,44400000
prediction_orientation_error_deg,0,44400000
owd_uplink_ms,128.2417,44500000
owd_downlink_ms,127.8044,44500000
correction_magnitude_mm,27.173375710844994,43190778
correction_magnitude_deg,0,43190778
prediction_position_error_mm,107.83559828996658,44500000
prediction_orientation_error_deg,0,44500000
prediction_position_error_mm,114.3091544508934,44600000
prediction_orientation_error_deg,0,44600000
owd_uplink_ms,125.0713,44700000
owd_downlink_ms,132.7066,44700000
correction_magnitude_mm,26.52665227651596,43300321
correction_magnitude_deg,0,43300321
prediction_position_error_mm,102.60976105928421,44700000
prediction_orientation_error_deg,0,44700000
owd_uplink_ms,128.3157,44800000
owd_downlink_ms,132.0566,44800000
correction_magnitude_mm,25.04858747124672,43404996
correction_magnitude_deg,0,43404996
prediction_position_error_mm,90.73358029127121,44800000
prediction_orientation_error_deg,0,44800000
owd_uplink_ms,127.0141,44900000
owd_downlink_ms,128.6516,44900000
correction_magnitude_mm,28.63083779811859,43607042
correction_magnitude_deg,0,43607042
prediction_position_error_mm,79.72694933414459,44900000
prediction_orientation_error_deg,0,44900000
owd_uplink_ms,131.9557,45000000
owd_downlink_ms,132.0157,45000000
correction_magnitude_mm,20.043563097715378,43607116
correction_magnitude_deg,0,43607116
prediction_position_error_mm,1349.897027015686,45000000
prediction_orientation_error_deg,0,45000000
owd_uplink_ms,128.4522,45100000
owd_downlink_ms,128.8002,45100000
correction_magnitude_mm,181.70620501041412,43807550
correction_magnitude_deg,0,43807550
owd_uplink_ms,131.6762,45100000
owd_downlink_ms,129.3282,45100000
prediction_position_error_mm,1360.2344989776611,45100000
prediction_orientation_error_deg,0,45100000
prediction_position_error_mm,1454.1407823562622,45200000
prediction_orientation_error_deg,0,45200000
owd_uplink_ms,126.9393,45300000
owd_downlink_ms,129.5513,45300000
correction_magnitude_mm,222.51388430595398,43907878
correction_magnitude_deg,0,43907878
owd_uplink_ms,126.2088,45300000
owd_downlink_ms,123.1048,45300000
correction_magnitude_mm,240.63564836978912,44003997
correction_magnitude_deg,0,44003997
prediction_position_error_mm,1220.898985862732,45300000
prediction_orientation_error_deg,0,45300000
owd_uplink_ms,123.6797,45400000
owd_downlink_ms,124.4883,45400000
correction_magnitude_mm,250.21353363990784,44105007
correction_magnitude_deg,0,44105007
prediction_position_error_mm,1131.1508417129517,45400000
prediction_orientation_error_deg,0,45400000
prediction_position_error_mm,1205.3197622299194,45500000
prediction_orientation_error_deg,0,45500000
owd_uplink_ms,124.5123,45600000
owd_downlink_ms,130.7611,45600000
correction_magnitude_mm,254.60484623908997,44212817
correction_magnitude_deg,0,44212817
prediction_position_error_mm,1106.3435077667236,45600000
prediction_orientation_error_deg,0,45600000
prediction_position_error_mm,1172.059416770935,45700000
prediction_orientation_error_deg,0,45700000
owd_uplink_ms,133.2766,45800000
owd_downlink_ms,129.6135,45800000
correction_magnitude_mm,308.142215013504,44408238
correction_magnitude_deg,0,44408238
owd_uplink_ms,127.3226,45800000
owd_downlink_ms,130.875,45800000
correction_magnitude_mm,218.53531897068024,44412678
correction_magnitude_deg,0,44412678
owd_uplink_ms,124.5454,45800000
owd_downlink_ms,126.2298,45800000
correction_magnitude_mm,65.42228907346725,44514783
correction_magnitude_deg,0,44514783
prediction_position_error_mm,1076.0194063186646,45800000
prediction_orientation_error_deg,0,45800000
owd_uplink_ms,128.1009,45900000
owd_downlink_ms,126.273,45900000
correction_magnitude_mm,39.90929201245308,44612498
correction_magnitude_deg,0,44612498
prediction_position_error_mm,1136.669397354126,45900000
prediction_orientation_error_deg,0,45900000
owd_uplink_ms,125.7164,46000000
owd_downlink_ms,126.8234,46000000
correction_magnitude_mm,115.49535393714905,44713881
correction_magnitude_deg,0,44713881
prediction_position_error_mm,1143.8214778900146,46000000
prediction_orientation_error_deg,0,46000000
prediction_position_error_mm,1226.1090278625488,46100000
prediction_orientation_error_deg,0,46100000
owd_uplink_ms,127.1952,46200000
owd_downlink_ms,130.1971,46200000
correction_magnitude_mm,166.81337356567383,44817633
correction_magnitude_deg,0,44817633
prediction_position_error_mm,1191.6251182556152,46200000
prediction_orientation_error_deg,0,46200000
owd_uplink_ms,130.81,46300000
owd_downlink_ms,122.7609,46300000
correction_magnitude_mm,265.15617966651917,45007571
correction_magnitude_deg,0,45007571
owd_uplink_ms,124.1164,46300000
owd_downlink_ms,126.1639,46300000
correction_magnitude_mm,187.4532699584961,45010130
correction_magnitude_deg,0,45010130
prediction_position_error_mm,1140.2387619018555,46300000
prediction_orientation_error_deg,0,46300000
prediction_position_error_mm,1239.1704320907593,46400000
prediction_orientation_error_deg,0,46400000
owd_uplink_ms,125.7673,46500000
owd_downlink_ms,123.6113,46500000
correction_magnitude_mm,62.71357834339142,45207435
correction_magnitude_deg,0,45207435
owd_uplink_ms,132.9161,46500000
owd_downlink_ms,129.6471,46500000
prediction_position_error_mm,1307.0131540298462,46500000
prediction_orientation_error_deg,0,46500000
owd_uplink_ms,127.3501,46600000
owd_downlink_ms,124.1606,46600000
correction_magnitude_mm,133.3359181880951,45299362
correction_magnitude_deg,0,45299362
prediction_position_error_mm,1309.4632625579834,46600000
prediction_orientation_error_deg,0,46600000
prediction_position_error_mm,1402.274250984192,46700000
prediction_orientation_error_deg,0,46700000
owd_uplink_ms,128.2892,46800000
owd_downlink_ms,129.9163,46800000
correction_magnitude_mm,188.39026987552643,45401395
correction_magnitude_deg,0,45401395
owd_uplink_ms,129.5286,46800000
owd_downlink_ms,124.8378,46800000
correction_magnitude_mm,214.28591012954712,45495532
correction_magnitude_deg,0,45495532
prediction_position_error_mm,1208.748459815979,46800000
prediction_orientation_error_deg,0,46800000
prediction_position_error_mm,1290.2599573135376,46900000
prediction_orientation_error_deg,0,46900000
owd_uplink_ms,125.7459,47000000
owd_downlink_ms,128.5295,47000000
correction_magnitude_mm,314.6348297595978,45699012
correction_magnitude_deg,0,45699012
owd_uplink_ms,132.3431,47000000
owd_downlink_ms,129.3415,47000000
prediction_position_error_mm,1217.0817852020264,47000000
prediction_orientation_error_deg,0,47000000
prediction_position_error_mm,1294.0561771392822,47100000
prediction_orientation_error_deg,0,47100000
owd_uplink_ms,126.1435,47200000
owd_downlink_ms,124.3722,47200000
correction_magnitude_mm,368.3012127876282,45893048
correction_magnitude_deg,0,45893048
owd_uplink_ms,130.4239,47200000
owd_downlink_ms,130.2807,47200000
prediction_position_error_mm,1186.1692667007446,47200000
prediction_orientation_error_deg,0,47200000
prediction_position_error_mm,1257.5514316558838,47300000
prediction_orientation_error_deg,0,47300000
owd_uplink_ms,127.334,47400000
owd_downlink_ms,131.4124,47400000
correction_magnitude_mm,332.0775032043457,45997967
correction_magnitude_deg,0,45997967
prediction_position_error_mm,1096.2351560592651,47400000
prediction_orientation_error_deg,0,47400000
owd_uplink_ms,124.827,47500000
owd_downlink_ms,130.2964,47500000
correction_magnitude_mm,298.00674319267273,46104803
correction_magnitude_deg,0,46104803
prediction_position_error_mm,952.070415019989,47500000
prediction_orientation_error_deg,0,47500000
owd_uplink_ms,128.0251,47600000
owd_downlink_ms,130.9563,47600000
correction_magnitude_mm,263.5493874549866,46208466
correction_magnitude_deg,0,46208466
owd_uplink_ms,128.0066,47600000
owd_downlink_ms,124.3389,47600000
correction_magnitude_mm,227.73730754852295,46303881
correction_magnitude_deg,0,46303881
prediction_position_error_mm,659.415602684021,47600000
prediction_orientation_error_deg,0,47600000
owd_uplink_ms,125.9753,47700000
owd_downlink_ms,129.0935,47700000
correction_magnitude_mm,199.22403991222382,46407778
correction_magnitude_deg,0,46407778
prediction_position_error_mm,564.2491579055786,47700000
prediction_orientation_error_deg,0,47700000
owd_uplink_ms,124.2052,47800000
owd_downlink_ms,126.6918,47800000
correction_magnitude_mm,173.07338118553162,46510886
correction_magnitude_deg,0,46510886
prediction_position_error_mm,481.00146651268005,47800000
prediction_orientation_error_deg,0,47800000
prediction_position_error_mm,509.2007517814636,47900000
prediction_orientation_error_deg,0,47900000
owd_uplink_ms,131.3783,48000000
owd_downlink_ms,124.3148,48000000
correction_magnitude_mm,173.85530471801758,46702056
correction_magnitude_deg,0,46702056
owd_uplink_ms,129.0701,48000000
owd_downlink_ms,127.3309,48000000
prediction_position_error_mm,449.6314227581024,48000000
prediction_orientation_error_deg,0,48000000
owd_uplink_ms,127.5189,48100000
owd_downlink_ms,127.9572,48100000
correction_magnitude_mm,146.23910188674927,46800430
correction_magnitude_deg,0,46800430
prediction_position_error_mm,373.6289143562317,48100000
prediction_orientation_error_deg,0,48100000
owd_uplink_ms,128.2547,48200000
owd_downlink_ms,129.6196,48200000
correction_magnitude_mm,123.28322976827621,46902136
correction_magnitude_deg,0,46902136
prediction_position_error_mm,310.46485900878906,48200000
prediction_orientation_error_deg,0,48200000
owd_uplink_ms,128.2161,48300000
owd_downlink_ms,125.2401,48300000
correction_magnitude_mm,102.6044711470604,46998416
correction_magnitude_deg,0,46998416
prediction_position_error_mm,255.70395588874817,48300000
prediction_orientation_error_deg,0,48300000
prediction_position_error_mm,270.1907455921173,48400000
prediction_orientation_error_deg,0,48400000
owd_uplink_ms,126.4809,48500000
owd_downlink_ms,132.1636,48500000
correction_magnitude_mm,86.67505532503128,47105519
correction_magnitude_deg,0,47105519
prediction_position_error_mm,224.86543655395508,48500000
prediction_orientation_error_deg,0,48500000
owd_uplink_ms,128.9941,48600000
owd_downlink_ms,131.0109,48600000
correction_magnitude_mm,72.42053747177124,47208040
correction_magnitude_deg,0,47208040
owd_uplink_ms,129.6138,48600000
owd_downlink_ms,126.0426,48600000
correction_magnitude_mm,59.623315930366516,47303575
correction_magnitude_deg,0,47303575
prediction_position_error_mm,143.6523050069809,48600000
prediction_orientation_error_deg,0,48600000
owd_uplink_ms,128.8651,48700000
owd_downlink_ms,126.8328,48700000
correction_magnitude_mm,49.08373951911926,47401034
correction_magnitude_deg,0,47401034
prediction_position_error_mm,117.41325259208679,48700000
prediction_orientation_error_deg,0,48700000
owd_uplink_ms,127.6078,48800000
owd_downlink_ms,126.2649,48800000
correction_magnitude_mm,40.341805666685104,47499356
correction_magnitude_deg,0,47499356
prediction_position_error_mm,96.01366519927979,48800000
prediction_orientation_error_deg,0,48800000
owd_uplink_ms,127.809,48900000
owd_downlink_ms,125.1244,48900000
correction_magnitude_mm,32.97341242432594,47596001
correction_magnitude_deg,0,47596001
prediction_position_error_mm,78.52578163146973,48900000
prediction_orientation_error_deg,0,48900000
prediction_position_error_mm,83.13872665166855,49000000
prediction_orientation_error_deg,0,49000000
owd_uplink_ms,128.7419,49100000
owd_downlink_ms,132.8619,49100000
correction_magnitude_mm,27.247505262494087,47701151
correction_magnitude_deg,0,47701151
prediction_position_error_mm,68.75761598348618,49100000
prediction_orientation_error_deg,0,49100000
prediction_position_error_mm,72.69696146249771,49200000
prediction_orientation_error_deg,0,49200000
owd_uplink_ms,131.2374,49300000
owd_downlink_ms,131.6222,49300000
correction_magnitude_mm,25.87655372917652,47901631
correction_magnitude_deg,0,47901631
owd_uplink_ms,127.787,49300000
owd_downlink_ms,126.095,49300000
correction_magnitude_mm,20.67730203270912,47999516
correction_magnitude_deg,0,47999516
owd_uplink_ms,131.4419,49300000
owd_downlink_ms,128.3885,49300000
prediction_position_error_mm,49.074795097112656,49300000
prediction_orientation_error_deg,0,49300000
prediction_position_error_mm,52.09741368889809,49400000
prediction_orientation_error_deg,0,49400000
owd_uplink_ms,123.4459,49500000
owd_downlink_ms,127.3549,49500000
correction_magnitude_mm,19.253602251410484,48200586
correction_magnitude_deg,0,48200586
prediction_position_error_mm,45.66513001918793,49500000
prediction_orientation_error_deg,0,49500000
owd_uplink_ms,130.3184,49600000
owd_downlink_ms,130.956,49600000
correction_magnitude_mm,13.495528139173985,48201383
correction_magnitude_deg,0,48201383
owd_uplink_ms,128.1857,49600000
owd_downlink_ms,126.447,49600000
correction_magnitude_mm,38.13065588474274,48299210
correction_magnitude_deg,0,48299210
prediction_position_error_mm,639.9686932563782,49600000
prediction_orientation_error_deg,0,49600000
owd_uplink_ms,127.0895,49700000
owd_downlink_ms,126.6772,49700000
correction_magnitude_mm,73.85887950658798,48398695
correction_magnitude_deg,0,48398695
prediction_position_error_mm,634.9911689758301,49700000
prediction_orientation_error_deg,0,49700000
prediction_position_error_mm,679.4543862342834,49800000
prediction_orientation_error_deg,0,49800000
owd_uplink_ms,130.2871,49900000
owd_downlink_ms,126.9933,49900000
correction_magnitude_mm,140.0560587644577,48594578
correction_magnitude_deg,0,48594578
owd_uplink_ms,126.0175,49900000
owd_downlink_ms,128.0687,49900000
correction_magnitude_mm,99.14174675941467,48597142
correction_magnitude_deg,0,48597142
prediction_position_error_mm,887.2166872024536,49900000
prediction_orientation_error_deg,0,49900000
prediction_position_error_mm,961.0013365745544,50000000
prediction_orientation_error_deg,0,50000000
prediction_position_error_mm,0,100000
prediction_orientation_error_deg,0,100000
prediction_position_error_mm,0,200000
prediction_orientation_error_deg,0,200000
prediction_position_error_mm,0,300000
prediction_orientation_error_deg,0,300000
prediction_position_error_mm,0,400000
prediction_orientation_error_deg,0,400000
prediction_position_error_mm,0,500000
prediction_orientation_error_deg,0,500000
prediction_position_error_mm,0,600000
prediction_orientation_error_deg,0,600000
prediction_position_error_mm,0,700000
prediction_orientation_error_deg,0,700000
prediction_position_error_mm,0,800000
prediction_orientation_error_deg,0,800000
prediction_position_error_mm,0,900000
prediction_orientation_error_deg,0,900000
prediction_position_error_mm,0,1000000
prediction_orientation_error_deg,0,1000000
prediction_position_error_mm,0,1100000
prediction_orientation_error_deg,0,1100000
prediction_position_error_mm,0,1200000
prediction_orientation_error_deg,0,1200000
prediction_position_error_mm,0,1300000
prediction_orientation_error_deg,0,1300000
prediction_position_error_mm,1299.9999523162842,1400000
prediction_orientation_error_deg,0,1400000
prediction_position_error_mm,1300.0023365020752,1500000
prediction_orientation_error_deg,0,1500000
prediction_position_error_mm,1300.0023365020752,1600000
prediction_orientation_error_deg,0,1600000
prediction_position_error_mm,1300.020456314087,1700000
prediction_orientation_error_deg,0,1700000
prediction_position_error_mm,1300.020456314087,1800000
prediction_orientation_error_deg,0,1800000
prediction_position_error_mm,1300.0564575195312,1900000
prediction_orientation_error_deg,0,1900000
prediction_position_error_mm,1300.0812530517578,2000000
prediction_orientation_error_deg,0,2000000
prediction_position_error_mm,1300.0812530517578,2100000
prediction_orientation_error_deg,0,2100000
prediction_position_error_mm,1300.143837928772,2200000
prediction_orientation_error_deg,0,2200000
prediction_position_error_mm,1300.1817464828491,2300000
prediction_orientation_error_deg,0,2300000
prediction_position_error_mm,1300.2238273620605,2400000
prediction_orientation_error_deg,0,2400000
prediction_position_error_mm,1300.2701997756958,2500000
prediction_orientation_error_deg,0,2500000
prediction_position_error_mm,1300.2701997756958,2600000
prediction_orientation_error_deg,0,2600000
owd_uplink_ms,128.832,2700000
owd_downlink_ms,128.8321,2700000
correction_magnitude_mm,1299.9999523162842,1402859
correction_magnitude_deg,0,1402859
prediction_position_error_mm,64.82895463705063,2700000
prediction_orientation_error_deg,0,2700000
owd_uplink_ms,125.7509,2800000
owd_downlink_ms,128.9213,2800000
prediction_position_error_mm,66.42128527164459,2800000
prediction_orientation_error_deg,0,2800000
prediction_position_error_mm,66.27703458070755,2900000
prediction_orientation_error_deg,0,2900000
owd_uplink_ms,131.5882,3000000
owd_downlink_ms,123.9554,3000000
correction_magnitude_mm,13.2231330499053,1697282
correction_magnitude_deg,0,1697282
owd_uplink_ms,124.6116,3000000
owd_downlink_ms,128.6489,3000000
correction_magnitude_mm,9.238401427865028,1702328
correction_magnitude_deg,0,1702328
prediction_position_error_mm,4.948616493493319,3000000
prediction_orientation_error_deg,0,3000000
prediction_position_error_mm,10.665745474398136,3100000
prediction_orientation_error_deg,0,3100000
owd_uplink_ms,124.7674,3200000
owd_downlink_ms,124.6347,3200000
owd_uplink_ms,129.9499,3200000
owd_downlink_ms,127.7981,3200000
prediction_position_error_mm,9.115893393754959,3200000
prediction_orientation_error_deg,0,3200000
owd_uplink_ms,124.8018,3300000
owd_downlink_ms,126.9288,3300000
prediction_position_error_mm,16.60139113664627,3300000
prediction_orientation_error_deg,0,3300000
prediction_position_error_mm,12.88236677646637,3400000
prediction_orientation_error_deg,0,3400000
owd_uplink_ms,131.6495,3500000
owd_downlink_ms,127.3013,3500000
owd_uplink_ms,123.3525,3500000
owd_downlink_ms,128.723,3500000
prediction_position_error_mm,11.503865011036396,3500000
prediction_orientation_error_deg,0,3500000
owd_uplink_ms,127.6501,3600000
owd_downlink_ms,123.3683,3600000
prediction_position_error_mm,11.879900470376015,3600000
prediction_orientation_error_deg,0,3600000
owd_uplink_ms,125.7593,3700000
owd_downlink_ms,129.3618,3700000
prediction_position_error_mm,11.722011491656303,3700000
prediction_orientation_error_deg,0,3700000
prediction_position_error_mm,12.62817531824112,3800000
prediction_orientation_error_deg,0,3800000
owd_uplink_ms,126.5277,3900000
owd_downlink_ms,130.8197,3900000
prediction_position_error_mm,12.011834420263767,3900000
prediction_orientation_error_deg,0,3900000
prediction_position_error_mm,12.886720709502697,4000000
prediction_orientation_error_deg,0,4000000
owd_uplink_ms,131.8135,4100000
owd_downlink_ms,130.5329,4100000
owd_uplink_ms,128.9073,4100000
owd_downlink_ms,131.8128,4100000
owd_uplink_ms,125.5072,4100000
owd_downlink_ms,124.417,4100000
prediction_position_error_mm,14.53833281993866,4100000
prediction_orientation_error_deg,0,4100000
prediction_position_error_mm,15.577143058180809,4200000
prediction_orientation_error_deg,0,4200000
owd_uplink_ms,130.867,4300000
owd_downlink_ms,125.7139,4300000
owd_uplink_ms,124.4077,4300000
owd_downlink_ms,125.9006,4300000
prediction_position_error_mm,17.498888075351715,4300000
prediction_orientation_error_deg,0,4300000
prediction_position_error_mm,23.802340030670166,4400000
prediction_orientation_error_deg,0,4400000
owd_uplink_ms,124.5902,4500000
owd_downlink_ms,125.2223,4500000
owd_uplink_ms,131.5535,4500000
owd_downlink_ms,127.4087,4500000
prediction_position_error_mm,19.73937265574932,4500000
prediction_orientation_error_deg,0,4500000
prediction_position_error_mm,26.010291650891304,4600000
prediction_orientation_error_deg,0,4600000
owd_uplink_ms,130.5603,4700000
owd_downlink_ms,125.553,4700000
prediction_position_error_mm,25.898080319166183,4700000
prediction_orientation_error_deg,0,4700000
owd_uplink_ms,126.1223,4800000
owd_downlink_ms,131.5072,4800000
owd_uplink_ms,126.8638,4800000
owd_downlink_ms,128.7603,4800000
prediction_position_error_mm,3.8985940627753735,4800000
prediction_orientation_error_deg,0,4800000
owd_uplink_ms,128.2719,4900000
owd_downlink_ms,125.8105,4900000
prediction_position_error_mm,3.3426452428102493,4900000
prediction_orientation_error_deg,0,4900000
owd_uplink_ms,123.1532,5000000
owd_downlink_ms,123.2575,5000000
prediction_position_error_mm,7.114604115486145,5000000
prediction_orientation_error_deg,0,5000000
owd_uplink_ms,128.8559,5100000
owd_downlink_ms,127.1767,5100000
prediction_position_error_mm,2.986979205161333,5100000
prediction_orientation_error_deg,0,5100000
prediction_position_error_mm,3.3307101111859083,5200000
prediction_orientation_error_deg,0,5200000
owd_uplink_ms,129.6802,5300000
owd_downlink_ms,132.2477,5300000
owd_uplink_ms,124.8047,5300000
owd_downlink_ms,129.0883,5300000
prediction_position_error_mm,2.927015535533428,5300000
prediction_orientation_error_deg,0,5300000
prediction_position_error_mm,3.2810266129672527,5400000
prediction_orientation_error_deg,0,5400000
owd_uplink_ms,130.2039,5500000
owd_downlink_ms,131.2716,5500000
prediction_position_error_mm,3.3083874732255936,5500000
prediction_orientation_error_deg,0,5500000
owd_uplink_ms,130.2923,5600000
owd_downlink_ms,129.6586,5600000
owd_uplink_ms,128.3808,5600000
owd_downlink_ms,123.5871,5600000
prediction_position_error_mm,3.2036674674600363,5600000
prediction_orientation_error_deg,0,5600000
prediction_position_error_mm,3.586925333365798,5700000
prediction_orientation_error_deg,0,5700000
owd_uplink_ms,128.808,5800000
owd_downlink_ms,128.3898,5800000
prediction_position_error_mm,3.7943499628454447,5800000
prediction_orientation_error_deg,0,5800000
owd_uplink_ms,131.0276,5900000
owd_downlink_ms,131.58,5900000
prediction_position_error_mm,17.1846654266119,5900000
prediction_orientation_error_deg,0,5900000
prediction_position_error_mm,17.16715656220913,6000000
prediction_orientation_error_deg,0,6000000
owd_uplink_ms,130.8374,6100000
owd_downlink_ms,132.6355,6100000
correction_magnitude_mm,5.3565362468361855,4702947
correction_magnitude_deg,0,4702947
owd_uplink_ms,131.2006,6100000
owd_downlink_ms,125.4081,6100000
owd_uplink_ms,123.3762,6100000
owd_downlink_ms,125.7693,6100000
prediction_position_error_mm,18.774887546896935,6100000
prediction_orientation_error_deg,0,6100000
prediction_position_error_mm,24.14827235043049,6200000
prediction_orientation_error_deg,0,6200000
owd_uplink_ms,127.4627,6300000
owd_downlink_ms,130.0743,6300000
prediction_position_error_mm,22.160449996590614,6300000
prediction_orientation_error_deg,0,6300000
owd_uplink_ms,132.3163,6400000
owd_downlink_ms,126.4823,6400000
prediction_position_error_mm,22.634347900748253,6400000
prediction_orientation_error_deg,0,6400000
owd_uplink_ms,124.1061,6500000
owd_downlink_ms,131.7669,6500000
owd_uplink_ms,124.4799,6500000
owd_downlink_ms,126.3616,6500000
prediction_position_error_mm,12.239648960530758,6500000
prediction_orientation_error_deg,0,6500000
owd_uplink_ms,125.4973,6600000
owd_downlink_ms,127.5298,6600000
prediction_position_error_mm,11.623544618487358,6600000
prediction_orientation_error_deg,0,6600000
prediction_position_error_mm,12.596134096384048,6700000
prediction_orientation_error_deg,0,6700000
owd_uplink_ms,130.8855,6800000
owd_downlink_ms,131.9135,6800000
prediction_position_error_mm,11.914955452084541,6800000
prediction_orientation_error_deg,0,6800000
owd_uplink_ms,128.6215,6900000
owd_downlink_ms,129.6871,6900000
owd_uplink_ms,129.2519,6900000
owd_downlink_ms,126.0251,6900000
prediction_position_error_mm,9.823789820075035,6900000
prediction_orientation_error_deg,0,6900000
owd_uplink_ms,126.5364,7000000
owd_downlink_ms,124.8466,7000000
prediction_position_error_mm,9.380985051393509,7000000
prediction_orientation_error_deg,0,7000000
owd_uplink_ms,129.328,7100000
owd_downlink_ms,127.7377,7100000
prediction_position_error_mm,9.009277448058128,7100000
prediction_orientation_error_deg,0,7100000
prediction_position_error_mm,9.81133058667183,7200000
prediction_orientation_error_deg,0,7200000
owd_uplink_ms,127.4538,7300000
owd_downlink_ms,127.2035,7300000
prediction_position_error_mm,9.595700539648533,7300000
prediction_orientation_error_deg,0,7300000
owd_uplink_ms,131.6825,7400000
owd_downlink_ms,130.8151,7400000
owd_uplink_ms,127.4134,7400000
owd_downlink_ms,125.0749,7400000
prediction_position_error_mm,9.143837727606297,7400000
prediction_orientation_error_deg,0,7400000
prediction_position_error_mm,9.949927218258381,7500000
prediction_orientation_error_deg,0,7500000
owd_uplink_ms,127.8845,7600000
owd_downlink_ms,124.0734,7600000
owd_uplink_ms,130.1459,7600000
owd_downlink_ms,125.1074,7600000
prediction_position_error_mm,9.784465655684471,7600000
prediction_orientation_error_deg,0,7600000
owd_uplink_ms,125.1936,7700000
owd_downlink_ms,126.0808,7700000
prediction_position_error_mm,9.43329930305481,7700000
prediction_orientation_error_deg,0,7700000
prediction_position_error_mm,13.316795229911804,7800000
prediction_orientation_error_deg,0,7800000
owd_uplink_ms,126.9144,7900000
owd_downlink_ms,131.3528,7900000
prediction_position_error_mm,9.86357033252716,7900000
prediction_orientation_error_deg,0,7900000
owd_uplink_ms,128.691,8000000
owd_downlink_ms,132.4396,8000000
prediction_position_error_mm,9.42496582865715,8000000
prediction_orientation_error_deg,0,8000000
owd_uplink_ms,128.5892,8100000
owd_downlink_ms,131.3355,8100000
prediction_position_error_mm,8.987072855234146,8100000
prediction_orientation_error_deg,0,8100000
owd_uplink_ms,128.8503,8200000
owd_downlink_ms,131.0836,8200000
owd_uplink_ms,126.1119,8200000
owd_downlink_ms,125.4348,8200000
prediction_position_error_mm,7.535179145634174,8200000
prediction_orientation_error_deg,0,8200000
owd_uplink_ms,129.5628,8300000
owd_downlink_ms,129.2603,8300000
prediction_position_error_mm,10.462491773068905,8300000
prediction_orientation_error_deg,0,8300000
owd_uplink_ms,124.6499,8400000
owd_downlink_ms,125.549,8400000
prediction_position_error_mm,10.285543277859688,8400000
prediction_orientation_error_deg,0,8400000
owd_uplink_ms,128.6183,8500000
owd_downlink_ms,128.9561,8500000
prediction_position_error_mm,7.035939954221249,8500000
prediction_orientation_error_deg,0,8500000
prediction_position_error_mm,7.7594853937625885,8600000
prediction_orientation_error_deg,0,8600000
owd_uplink_ms,127.3606,8700000
owd_downlink_ms,130.3092,8700000
prediction_position_error_mm,7.6112705282866955,8700000
prediction_orientation_error_deg,0,8700000
owd_uplink_ms,126.4656,8800000
owd_downlink_ms,130.4746,8800000
prediction_position_error_mm,7.418088149279356,8800000
prediction_orientation_error_deg,0,8800000
owd_uplink_ms,125.2892,8900000
owd_downlink_ms,128.9383,8900000
owd_uplink_ms,126.7274,8900000
owd_downlink_ms,124.8818,8900000
prediction_position_error_mm,6.390451453626156,8900000
prediction_orientation_error_deg,0,8900000
owd_uplink_ms,126.039,9000000
owd_downlink_ms,125.1913,9000000
prediction_position_error_mm,6.371251307427883,9000000
prediction_orientation_error_deg,0,9000000
prediction_position_error_mm,9.962438605725765,9100000
prediction_orientation_error_deg,0,9100000
owd_uplink_ms,131.1594,9200000
owd_downlink_ms,122.9236,9200000
owd_uplink_ms,124.5139,9200000
owd_downlink_ms,126.5438,9200000
prediction_position_error_mm,5.183397326618433,9200000
prediction_orientation_error_deg,0,9200000
owd_uplink_ms,129.9793,9300000
owd_downlink_ms,123.3921,9300000
prediction_position_error_mm,5.3281020373106,9300000
prediction_orientation_error_deg,0,9300000
owd_uplink_ms,124.3262,9400000
owd_downlink_ms,125.7686,9400000
prediction_position_error_mm,5.1143537275493145,9400000
prediction_orientation_error_deg,0,9400000
owd_uplink_ms,124.4122,9500000
owd_downlink_ms,123.5329,9500000
prediction_position_error_mm,5.849346984177828,9500000
prediction_orientation_error_deg,0,9500000
prediction_position_error_mm,4.80665871873498,9600000
prediction_orientation_error_deg,0,9600000
prediction_position_error_mm,4.94743324816227,9700000
prediction_orientation_error_deg,0,9700000
owd_uplink_ms,132.1249,9800000
owd_downlink_ms,131.3646,9800000
owd_uplink_ms,128.5713,9800000
owd_downlink_ms,124.0218,9800000
owd_uplink_ms,129.4894,9800000
owd_downlink_ms,128.9301,9800000
prediction_position_error_mm,3.3563158940523863,9800000
prediction_orientation_error_deg,0,9800000
owd_uplink_ms,126.4319,9900000
owd_downlink_ms,127.7039,9900000
prediction_position_error_mm,5.787755828350782,9900000
prediction_orientation_error_deg,0,9900000
owd_uplink_ms,126.5187,10000000
owd_downlink_ms,124.9012,10000000
prediction_position_error_mm,3.224496031180024,10000000
prediction_orientation_error_deg,0,10000000
owd_uplink_ms,125.2168,10100000
owd_downlink_ms,128.4422,10100000
prediction_position_error_mm,7.1534402668476105,10100000
prediction_orientation_error_deg,0,10100000
owd_uplink_ms,123.2075,10200000
owd_downlink_ms,125.7099,10200000
prediction_position_error_mm,7.6599568128585815,10200000
prediction_orientation_error_deg,0,10200000
owd_uplink_ms,126.3673,10300000
owd_downlink_ms,124.0591,10300000
prediction_position_error_mm,4.869852680712938,10300000
prediction_orientation_error_deg,0,10300000
prediction_position_error_mm,5.491157062351704,10400000
prediction_orientation_error_deg,0,10400000
owd_uplink_ms,123.8098,10500000
owd_downlink_ms,128.3847,10500000
prediction_position_error_mm,9.14932694286108,10500000
prediction_orientation_error_deg,0,10500000
owd_uplink_ms,130.8779,10600000
owd_downlink_ms,131.805,10600000
owd_uplink_ms,124.0625,10600000
owd_downlink_ms,127.01,10600000
prediction_position_error_mm,16.46718941628933,10600000
prediction_orientation_error_deg,0,10600000
owd_uplink_ms,129.0443,10700000
owd_downlink_ms,126.1265,10700000
prediction_position_error_mm,18.218325451016426,10700000
prediction_orientation_error_deg,0,10700000
prediction_position_error_mm,19.529832527041435,10800000
prediction_orientation_error_deg,0,10800000
owd_uplink_ms,130.8897,10900000
owd_downlink_ms,126.1363,10900000
prediction_position_error_mm,18.868109211325645,10900000
prediction_orientation_error_deg,0,10900000
owd_uplink_ms,124.1659,11000000
owd_downlink_ms,130.8402,11000000
owd_uplink_ms,129.8244,11000000
owd_downlink_ms,126.6212,11000000
prediction_position_error_mm,5.311130080372095,11000000
prediction_orientation_error_deg,0,11000000
owd_uplink_ms,125.185,11100000
owd_downlink_ms,124.102,11100000
prediction_position_error_mm,5.191609263420105,11100000
prediction_orientation_error_deg,0,11100000
prediction_position_error_mm,7.402185350656509,11200000
prediction_orientation_error_deg,0,11200000
owd_uplink_ms,128.06,11300000
owd_downlink_ms,124.9883,11300000
owd_uplink_ms,131.2028,11300000
owd_downlink_ms,129.906,11300000
prediction_position_error_mm,6.124196108430624,11300000
prediction_orientation_error_deg,0,11300000
prediction_position_error_mm,6.836500018835068,11400000
prediction_orientation_error_deg,0,11400000
prediction_position_error_mm,7.593474350869656,11500000
prediction_orientation_error_deg,0,11500000
owd_uplink_ms,131.2593,11600000
owd_downlink_ms,131.2288,11600000
owd_uplink_ms,129.6563,11600000
owd_downlink_ms,126.7496,11600000
owd_uplink_ms,123.1623,11600000
owd_downlink_ms,127.9982,11600000
prediction_position_error_mm,9.395114146173,11600000
prediction_orientation_error_deg,0,11600000
owd_uplink_ms,125.4068,11700000
owd_downlink_ms,126.0773,11700000
prediction_position_error_mm,10.348564945161343,11700000
prediction_orientation_error_deg,0,11700000
prediction_position_error_mm,11.38598658144474,11800000
prediction_orientation_error_deg,0,11800000
owd_uplink_ms,131.5519,11900000
owd_downlink_ms,127.2251,11900000
prediction_position_error_mm,13.123995624482632,11900000
prediction_orientation_error_deg,0,11900000
owd_uplink_ms,126.5485,12000000
owd_downlink_ms,127.8779,12000000
prediction_position_error_mm,13.867009431123734,12000000
prediction_orientation_error_deg,0,12000000
owd_uplink_ms,130.6623,12100000
owd_downlink_ms,131.9866,12100000
owd_uplink_ms,127.2977,12100000
owd_downlink_ms,127.2859,12100000
prediction_position_error_mm,6.658218801021576,12100000
prediction_orientation_error_deg,0,12100000
owd_uplink_ms,126.7298,12200000
owd_downlink_ms,126.4985,12200000
prediction_position_error_mm,7.091304287314415,12200000
prediction_orientation_error_deg,0,12200000
owd_uplink_ms,129.323,12300000
owd_downlink_ms,128.3812,12300000
prediction_position_error_mm,5.609501153230667,12300000
prediction_orientation_error_deg,0,12300000
owd_uplink_ms,123.6719,12400000
owd_downlink_ms,129.0489,12400000
prediction_position_error_mm,6.022184621542692,12400000
prediction_orientation_error_deg,0,12400000
prediction_position_error_mm,6.775465328246355,12500000
prediction_orientation_error_deg,0,12500000
owd_uplink_ms,126.6944,12600000
owd_downlink_ms,125.5231,12600000
owd_uplink_ms,130.045,12600000
owd_downlink_ms,129.1954,12600000
prediction_position_error_mm,7.22965132445097,12600000
prediction_orientation_error_deg,0,12600000
owd_uplink_ms,125.4489,12700000
owd_downlink_ms,124.4859,12700000
prediction_position_error_mm,7.583032827824354,12700000
prediction_orientation_error_deg,0,12700000
owd_uplink_ms,123.3408,12800000
owd_downlink_ms,123.4582,12800000
prediction_position_error_mm,9.641841053962708,12800000
prediction_orientation_error_deg,0,12800000
owd_uplink_ms,124.7355,12900000
owd_downlink_ms,127.758,12900000
prediction_position_error_mm,8.183018304407597,12900000
prediction_orientation_error_deg,0,12900000
owd_uplink_ms,124.1854,13000000
owd_downlink_ms,127.5059,13000000
prediction_position_error_mm,8.378873579204082,13000000
prediction_orientation_error_deg,0,13000000
prediction_position_error_mm,9.299500845372677,13100000
prediction_orientation_error_deg,0,13100000
owd_uplink_ms,127.2178,13200000
owd_downlink_ms,129.1732,13200000
prediction_position_error_mm,9.473397396504879,13200000
prediction_orientation_error_deg,0,13200000
prediction_position_error_mm,10.455070063471794,13300000
prediction_orientation_error_deg,0,13300000
owd_uplink_ms,131.1186,13400000
owd_downlink_ms,130.9651,13400000
owd_uplink_ms,131.0692,13400000
owd_downlink_ms,127.8652,13400000
prediction_position_error_mm,8.158585987985134,13400000
prediction_orientation_error_deg,0,13400000
prediction_position_error_mm,9.080993011593819,13500000
prediction_orientation_error_deg,0,13500000
owd_uplink_ms,132.5029,13600000
owd_downlink_ms,131.6648,13600000
owd_uplink_ms,124.5065,13600000
owd_downlink_ms,126.5059,13600000
prediction_position_error_mm,9.445381350815296,13600000
prediction_orientation_error_deg,0,13600000
owd_uplink_ms,131.5193,13700000
owd_downlink_ms,131.3968,13700000
owd_uplink_ms,123.8951,13700000
owd_downlink_ms,124.2985,13700000
prediction_position_error_mm,9.007979184389114,13700000
prediction_orientation_error_deg,0,13700000
owd_uplink_ms,127.6795,13800000
owd_downlink_ms,123.4558,13800000
prediction_position_error_mm,9.572603739798069,13800000
prediction_orientation_error_deg,0,13800000
owd_uplink_ms,127.2022,13900000
owd_downlink_ms,125.4059,13900000
prediction_position_error_mm,11.355327442288399,13900000
prediction_orientation_error_deg,0,13900000
owd_uplink_ms,128.5629,14000000
owd_downlink_ms,127.2254,14000000
prediction_position_error_mm,10.492093861103058,14000000
prediction_orientation_error_deg,0,14000000
prediction_position_error_mm,11.58041600137949,14100000
prediction_orientation_error_deg,0,14100000
prediction_position_error_mm,13.903097249567509,14200000
prediction_orientation_error_deg,0,14200000
owd_uplink_ms,130.1511,14300000
owd_downlink_ms,131.5664,14300000
owd_uplink_ms,125.6954,14300000
owd_downlink_ms,131.9809,14300000
owd_uplink_ms,126.3428,14300000
owd_downlink_ms,124.2756,14300000
prediction_position_error_mm,4.94232727214694,14300000
prediction_orientation_error_deg,0,14300000
owd_uplink_ms,128.8246,14400000
owd_downlink_ms,128.4234,14400000
prediction_position_error_mm,5.148374009877443,14400000
prediction_orientation_error_deg,0,14400000
prediction_position_error_mm,7.224598433822393,14500000
prediction_orientation_error_deg,0,14500000
owd_uplink_ms,129.5597,14600000
owd_downlink_ms,130.9037,14600000
prediction_position_error_mm,6.186588667333126,14600000
prediction_orientation_error_deg,0,14600000
owd_uplink_ms,130.0095,14700000
owd_downlink_ms,130.529,14700000
prediction_position_error_mm,7.82538577914238,14700000
prediction_orientation_error_deg,0,14700000
owd_uplink_ms,127.2332,14800000
owd_downlink_ms,130.1484,14800000
owd_uplink_ms,124.9775,14800000
owd_downlink_ms,123.6661,14800000
prediction_position_error_mm,6.628202740103006,14800000
prediction_orientation_error_deg,0,14800000
prediction_position_error_mm,7.462125737220049,14900000
prediction_orientation_error_deg,0,14900000
owd_uplink_ms,124.3751,15000000
owd_downlink_ms,127.0336,15000000
prediction_position_error_mm,7.912005297839642,15000000
prediction_orientation_error_deg,0,15000000
owd_uplink_ms,133.1031,15100000
owd_downlink_ms,130.464,15100000
owd_uplink_ms,124.7249,15100000
owd_downlink_ms,124.7573,15100000
prediction_position_error_mm,9.161645546555519,15100000
prediction_orientation_error_deg,0,15100000
prediction_position_error_mm,9.181946516036987,15200000
prediction_orientation_error_deg,0,15200000
owd_uplink_ms,132.803,15300000
owd_downlink_ms,125.0959,15300000
owd_uplink_ms,129.6313,15300000
owd_downlink_ms,129.4968,15300000
prediction_position_error_mm,10.430208407342434,15300000
prediction_orientation_error_deg,0,15300000
owd_uplink_ms,125.9849,15400000
owd_downlink_ms,126.6156,15400000
prediction_position_error_mm,10.608731769025326,15400000
prediction_orientation_error_deg,0,15400000
prediction_position_error_mm,10.890131816267967,15500000
prediction_orientation_error_deg,0,15500000
owd_uplink_ms,131.567,15600000
owd_downlink_ms,129.447,15600000
prediction_position_error_mm,11.175451800227165,15600000
prediction_orientation_error_deg,0,15600000
owd_uplink_ms,124.956,15700000
owd_downlink_ms,130.2353,15700000
owd_uplink_ms,129.0944,15700000
owd_downlink_ms,127.4779,15700000
prediction_position_error_mm,3.5813578870147467,15700000
prediction_orientation_error_deg,0,15700000
prediction_position_error_mm,4.163446836173534,15800000
prediction_orientation_error_deg,0,15800000
owd_uplink_ms,125.0557,15900000
owd_downlink_ms,125.8585,15900000
owd_uplink_ms,131.9111,15900000
owd_downlink_ms,129.4636,15900000
prediction_position_error_mm,4.567377269268036,15900000
prediction_orientation_error_deg,0,15900000
prediction_position_error_mm,5.647559650242329,16000000
prediction_orientation_error_deg,0,16000000
prediction_position_error_mm,6.299938075244427,16100000
prediction_orientation_error_deg,0,16100000
owd_uplink_ms,129.6637,16200000
owd_downlink_ms,130.1172,16200000
owd_uplink_ms,131.336,16200000
owd_downlink_ms,132.2329,16200000
owd_uplink_ms,128.3399,16200000
owd_downlink_ms,125.8215,16200000
prediction_position_error_mm,4.863048903644085,16200000
prediction_orientation_error_deg,0,16200000
prediction_position_error_mm,6.002339068800211,16300000
prediction_orientation_error_deg,0,16300000
owd_uplink_ms,127.1354,16400000
owd_downlink_ms,132.5287,16400000
prediction_position_error_mm,5.509525071829557,16400000
prediction_orientation_error_deg,0,16400000
owd_uplink_ms,123.7443,16500000
owd_downlink_ms,124.234,16500000
owd_uplink_ms,132.1251,16500000
owd_downlink_ms,125.7588,16500000
prediction_position_error_mm,4.8837135545909405,16500000
prediction_orientation_error_deg,0,16500000
prediction_position_error_mm,3.3701166976243258,16600000
prediction_orientation_error_deg,0,16600000
prediction_position_error_mm,3.3119628205895424,16700000
prediction_orientation_error_deg,0,16700000
owd_uplink_ms,132.4802,16800000
owd_downlink_ms,132.652,16800000
owd_uplink_ms,131.4454,16800000
owd_downlink_ms,127.4006,16800000
prediction_position_error_mm,1.752635813318193,16800000
prediction_orientation_error_deg,0,16800000
owd_uplink_ms,127.7531,16900000
owd_downlink_ms,133.0671,16900000
prediction_position_error_mm,9.626409970223904,16900000
prediction_orientation_error_deg,0,16900000
owd_uplink_ms,127.3412,17000000
owd_downlink_ms,131.8204,17000000
owd_uplink_ms,125.8833,17000000
owd_downlink_ms,128.3857,17000000
prediction_position_error_mm,10.52453089505434,17000000
prediction_orientation_error_deg,0,17000000
owd_uplink_ms,129.3228,17100000
owd_downlink_ms,126.4489,17100000
prediction_position_error_mm,11.248484253883362,17100000
prediction_orientation_error_deg,0,17100000
prediction_position_error_mm,12.45194859802723,17200000
prediction_orientation_error_deg,0,17200000
owd_uplink_ms,126.1555,17300000
owd_downlink_ms,131.7077,17300000
prediction_position_error_mm,12.887894175946712,17300000
prediction_orientation_error_deg,0,17300000
owd_uplink_ms,133.2403,17400000
owd_downlink_ms,128.333,17400000
prediction_position_error_mm,12.880263850092888,17400000
prediction_orientation_error_deg,0,17400000
owd_uplink_ms,125.2784,17500000
owd_downlink_ms,124.9612,17500000
prediction_position_error_mm,13.182349503040314,17500000
prediction_orientation_error_deg,0,17500000
owd_uplink_ms,131.1249,17600000
owd_downlink_ms,130.1049,17600000
prediction_position_error_mm,14.116063714027405,17600000
prediction_orientation_error_deg,0,17600000
owd_uplink_ms,129.8932,17700000
owd_downlink_ms,125.7156,17700000
prediction_position_error_mm,14.475473202764988,17700000
prediction_orientation_error_deg,0,17700000
owd_uplink_ms,129.8581,17800000
owd_downlink_ms,123.9979,17800000
prediction_position_error_mm,14.112664386630058,17800000
prediction_orientation_error_deg,0,17800000
owd_uplink_ms,129.2285,17900000
owd_downlink_ms,124.8181,17900000
owd_uplink_ms,124.6394,17900000
owd_downlink_ms,128.8944,17900000
prediction_position_error_mm,6.102472543716431,17900000
prediction_orientation_error_deg,0,17900000
owd_uplink_ms,127.6396,18000000
owd_downlink_ms,128.0909,18000000
prediction_position_error_mm,8.313178084790707,18000000
prediction_orientation_error_deg,0,18000000
owd_uplink_ms,123.4558,18100000
owd_downlink_ms,126.7624,18100000
prediction_position_error_mm,6.753255613148212,18100000
prediction_orientation_error_deg,0,18100000
prediction_position_error_mm,7.326764054596424,18200000
prediction_orientation_error_deg,0,18200000
prediction_position_error_mm,7.930402643978596,18300000
prediction_orientation_error_deg,0,18300000
owd_uplink_ms,130.5113,18400000
owd_downlink_ms,131.9777,18400000
owd_uplink_ms,124.4665,18400000
owd_downlink_ms,132.173,18400000
prediction_position_error_mm,4.13984339684248,18400000
prediction_orientation_error_deg,0,18400000
owd_uplink_ms,125.4656,18500000
owd_downlink_ms,129.2288,18500000
prediction_position_error_mm,4.609697498381138,18500000
prediction_orientation_error_deg,0,18500000
owd_uplink_ms,131.731,18600000
owd_downlink_ms,126.9904,18600000
prediction_position_error_mm,5.299930926412344,18600000
prediction_orientation_error_deg,0,18600000
owd_uplink_ms,131.6429,18700000
owd_downlink_ms,123.9437,18700000
prediction_position_error_mm,5.223918240517378,18700000
prediction_orientation_error_deg,0,18700000
owd_uplink_ms,129.8938,18800000
owd_downlink_ms,124.9564,18800000
prediction_position_error_mm,5.792389623820782,18800000
prediction_orientation_error_deg,0,18800000
owd_uplink_ms,125.1202,18900000
owd_downlink_ms,130.9013,18900000
prediction_position_error_mm,6.372538860887289,18900000
prediction_orientation_error_deg,0,18900000
owd_uplink_ms,129.7918,19000000
owd_downlink_ms,127.2919,19000000
owd_uplink_ms,126.854,19000000
owd_downlink_ms,128.5652,19000000
prediction_position_error_mm,2.39974120631814,19000000
prediction_orientation_error_deg,0,19000000
owd_uplink_ms,126.6436,19100000
owd_downlink_ms,126.1592,19100000
prediction_position_error_mm,3.9870087057352066,19100000
prediction_orientation_error_deg,0,19100000
owd_uplink_ms,126.5637,19200000
owd_downlink_ms,128.1196,19200000
prediction_position_error_mm,4.045266192406416,19200000
prediction_orientation_error_deg,0,19200000
prediction_position_error_mm,4.329919349402189,19300000
prediction_orientation_error_deg,0,19300000
owd_uplink_ms,130.8649,19400000
owd_downlink_ms,127.5886,19400000
prediction_position_error_mm,4.143704194575548,19400000
prediction_orientation_error_deg,0,19400000
owd_uplink_ms,125.0673,19500000
owd_downlink_ms,130.9344,19500000
owd_uplink_ms,129.1884,19500000
owd_downlink_ms,127.3587,19500000
prediction_position_error_mm,5.738220177590847,19500000
prediction_orientation_error_deg,0,19500000
owd_uplink_ms,125.4067,19600000
owd_downlink_ms,127.3657,19600000
prediction_position_error_mm,6.476959213614464,19600000
prediction_orientation_error_deg,0,19600000
owd_uplink_ms,123.821,19700000
owd_downlink_ms,126.2986,19700000
prediction_position_error_mm,5.7707661762833595,19700000
prediction_orientation_error_deg,0,19700000
prediction_position_error_mm,8.037819527089596,19800000
prediction_orientation_error_deg,0,19800000
owd_uplink_ms,128.9783,19900000
owd_downlink_ms,130.5591,19900000
owd_uplink_ms,126.2641,19900000
owd_downlink_ms,124.8808,19900000
prediction_position_error_mm,8.300651796162128,19900000
prediction_orientation_error_deg,0,19900000
prediction_position_error_mm,9.245474822819233,20000000
prediction_orientation_error_deg,0,20000000
owd_uplink_ms,132.9021,20100000
owd_downlink_ms,129.5931,20100000
prediction_position_error_mm,10.314295999705791,20100000
prediction_orientation_error_deg,0,20100000
owd_uplink_ms,131.6266,20200000
owd_downlink_ms,129.0401,20200000
prediction_position_error_mm,10.225798934698105,20200000
prediction_orientation_error_deg,0,20200000
owd_uplink_ms,125.5268,20300000
owd_downlink_ms,131.9683,20300000
owd_uplink_ms,127.9895,20300000
owd_downlink_ms,126.6006,20300000
prediction_position_error_mm,5.433096084743738,20300000
prediction_orientation_error_deg,0,20300000
prediction_position_error_mm,6.141977850347757,20400000
prediction_orientation_error_deg,0,20400000
owd_uplink_ms,132.6322,20500000
owd_downlink_ms,129.3705,20500000
prediction_position_error_mm,6.95841945707798,20500000
prediction_orientation_error_deg,0,20500000
owd_uplink_ms,129.9931,20600000
owd_downlink_ms,126.9547,20600000
prediction_position_error_mm,7.827692665159702,20600000
prediction_orientation_error_deg,0,20600000
prediction_position_error_mm,6.9911000318825245,20700000
prediction_orientation_error_deg,0,20700000
owd_uplink_ms,132.0395,20800000
owd_downlink_ms,131.4991,20800000
owd_uplink_ms,125.9617,20800000
owd_downlink_ms,131.2934,20800000
prediction_position_error_mm,4.821900278329849,20800000
prediction_orientation_error_deg,0,20800000
owd_uplink_ms,125.187,20900000
owd_downlink_ms,129.9648,20900000
prediction_position_error_mm,5.17732510343194,20900000
prediction_orientation_error_deg,0,20900000
owd_uplink_ms,129.5265,21000000
owd_downlink_ms,129.3555,21000000
prediction_position_error_mm,5.488115828484297,21000000
prediction_orientation_error_deg,0,21000000
prediction_position_error_mm,6.095448974519968,21100000
prediction_orientation_error_deg,0,21100000
owd_uplink_ms,129.1914,21200000
owd_downlink_ms,131.4609,21200000
owd_uplink_ms,132.2696,21200000
owd_downlink_ms,131.6078,21200000
prediction_position_error_mm,6.817322690039873,21200000
prediction_orientation_error_deg,0,21200000
owd_uplink_ms,126.9969,21300000
owd_downlink_ms,129.7369,21300000
owd_uplink_ms,126.7998,21300000
owd_downlink_ms,126.9879,21300000
prediction_position_error_mm,6.3598440028727055,21300000
prediction_orientation_error_deg,0,21300000
prediction_position_error_mm,6.745107937604189,21400000
prediction_orientation_error_deg,0,21400000
owd_uplink_ms,126.0655,21500000
owd_downlink_ms,130.2685,21500000
owd_uplink_ms,130.4776,21500000
owd_downlink_ms,127.7385,21500000
prediction_position_error_mm,6.278960034251213,21500000
prediction_orientation_error_deg,0,21500000
owd_uplink_ms,129.6296,21600000
owd_downlink_ms,127.3136,21600000
prediction_position_error_mm,7.538787089288235,21600000
prediction_orientation_error_deg,0,21600000
owd_uplink_ms,124.8667,21700000
owd_downlink_ms,122.6202,21700000
prediction_position_error_mm,7.892041467130184,21700000
prediction_orientation_error_deg,0,21700000
prediction_position_error_mm,8.766568265855312,21800000
prediction_orientation_error_deg,0,21800000
owd_uplink_ms,125.7883,21900000
owd_downlink_ms,131.4087,21900000
owd_uplink_ms,130.4956,21900000
owd_downlink_ms,123.447,21900000
prediction_position_error_mm,8.55990219861269,21900000
prediction_orientation_error_deg,0,21900000
prediction_position_error_mm,9.477897547185421,22000000
prediction_orientation_error_deg,0,22000000
prediction_position_error_mm,10.439866222441196,22100000
prediction_orientation_error_deg,0,22100000
owd_uplink_ms,125.3695,22200000
owd_downlink_ms,129.2181,22200000
owd_uplink_ms,133.4068,22200000
owd_downlink_ms,130.4766,22200000
owd_uplink_ms,125.4543,22200000
owd_downlink_ms,128.533,22200000
prediction_position_error_mm,9.931660257279873,22200000
prediction_orientation_error_deg,0,22200000
owd_uplink_ms,129.4901,22300000
owd_downlink_ms,124.3132,22300000
prediction_position_error_mm,9.930478408932686,22300000
prediction_orientation_error_deg,0,22300000
owd_uplink_ms,126.1481,22400000
owd_downlink_ms,128.5614,22400000
prediction_position_error_mm,7.849186658859253,22400000
prediction_orientation_error_deg,0,22400000
prediction_position_error_mm,11.014596559107304,22500000
prediction_orientation_error_deg,0,22500000
owd_uplink_ms,124.238,22600000
owd_downlink_ms,124.0438,22600000
owd_uplink_ms,131.8949,22600000
owd_downlink_ms,125.7948,22600000
prediction_position_error_mm,8.835875429213047,22600000
prediction_orientation_error_deg,0,22600000
prediction_position_error_mm,12.210141867399216,22700000
prediction_orientation_error_deg,0,22700000
owd_uplink_ms,130.9907,22800000
owd_downlink_ms,129.6955,22800000
prediction_position_error_mm,10.52891369909048,22800000
prediction_orientation_error_deg,0,22800000
owd_uplink_ms,131.5493,22900000
owd_downlink_ms,126.5364,22900000
owd_uplink_ms,123.1838,22900000
owd_downlink_ms,129.4184,22900000
prediction_position_error_mm,2.2772634401917458,22900000
prediction_orientation_error_deg,0,22900000
owd_uplink_ms,127.6516,23000000
owd_downlink_ms,125.7357,23000000
prediction_position_error_mm,2.130583394318819,23000000
prediction_orientation_error_deg,0,23000000
prediction_position_error_mm,2.4300767108798027,23100000
prediction_orientation_error_deg,0,23100000
owd_uplink_ms,128.3732,23200000
owd_downlink_ms,130.5613,23200000
owd_uplink_ms,126.8449,23200000
owd_downlink_ms,127.0184,23200000
prediction_position_error_mm,2.284205285832286,23200000
prediction_orientation_error_deg,0,23200000
owd_uplink_ms,127.087,23300000
owd_downlink_ms,125.2046,23300000
prediction_position_error_mm,2.4988120421767235,23300000
prediction_orientation_error_deg,0,23300000
owd_uplink_ms,128.4109,23400000
owd_downlink_ms,125.4437,23400000
prediction_position_error_mm,3.910588100552559,23400000
prediction_orientation_error_deg,0,23400000
owd_uplink_ms,128.4647,23500000
owd_downlink_ms,128.8287,23500000
prediction_position_error_mm,3.762076608836651,23500000
prediction_orientation_error_deg,0,23500000
owd_uplink_ms,128.7665,23600000
owd_downlink_ms,125.5613,23600000
prediction_position_error_mm,3.706050105392933,23600000
prediction_orientation_error_deg,0,23600000
prediction_position_error_mm,4.1645909659564495,23700000
prediction_orientation_error_deg,0,23700000
owd_uplink_ms,129.6236,23800000
owd_downlink_ms,125.9787,23800000
owd_uplink_ms,124.9587,23800000
owd_downlink_ms,127.0238,23800000
prediction_position_error_mm,3.8892985321581364,23800000
prediction_orientation_error_deg,0,23800000
prediction_position_error_mm,4.462939687073231,23900000
prediction_orientation_error_deg,0,23900000
owd_uplink_ms,128.8813,24000000
owd_downlink_ms,125.802,24000000
prediction_position_error_mm,4.907748661935329,24000000
prediction_orientation_error_deg,0,24000000
owd_uplink_ms,128.7121,24100000
owd_downlink_ms,131.7284,24100000
prediction_position_error_mm,4.368288908153772,24100000
prediction_orientation_error_deg,0,24100000
owd_uplink_ms,130.1978,24200000
owd_downlink_ms,127.9625,24200000
prediction_position_error_mm,4.822039976716042,24200000
prediction_orientation_error_deg,0,24200000
owd_uplink_ms,125.2122,24300000
owd_downlink_ms,130.9797,24300000
owd_uplink_ms,125.2635,24300000
owd_downlink_ms,124.2255,24300000
prediction_position_error_mm,2.4786610156297684,24300000
prediction_orientation_error_deg,0,24300000
prediction_position_error_mm,5.98062202334404,24400000
prediction_orientation_error_deg,0,24400000
owd_uplink_ms,124.3922,24500000
owd_downlink_ms,130.1994,24500000
owd_uplink_ms,129.344,24500000
owd_downlink_ms,126.9301,24500000
prediction_position_error_mm,6.382169667631388,24500000
prediction_orientation_error_deg,0,24500000
owd_uplink_ms,124.3529,24600000
owd_downlink_ms,129.1655,24600000
prediction_position_error_mm,6.9095417857170105,24600000
prediction_orientation_error_deg,0,24600000
prediction_position_error_mm,4.435034468770027,24700000
prediction_orientation_error_deg,0,24700000
owd_uplink_ms,132.4185,24800000
owd_downlink_ms,126.4754,24800000
prediction_position_error_mm,9.592819958925247,24800000
prediction_orientation_error_deg,0,24800000
owd_uplink_ms,129.9763,24900000
owd_downlink_ms,128.7018,24900000
prediction_position_error_mm,11.307336390018463,24900000
prediction_orientation_error_deg,0,24900000
owd_uplink_ms,130.7923,25000000
owd_downlink_ms,129.0687,25000000
prediction_position_error_mm,10.11073961853981,25000000
prediction_orientation_error_deg,0,25000000
owd_uplink_ms,125.4128,25100000
owd_downlink_ms,131.2961,25100000
owd_uplink_ms,128.2846,25100000
owd_downlink_ms,127.1981,25100000
prediction_position_error_mm,6.986024789512157,25100000
prediction_orientation_error_deg,0,25100000
owd_uplink_ms,125.7014,25200000
owd_downlink_ms,126.6901,25200000
prediction_position_error_mm,7.238087244331837,25200000
prediction_orientation_error_deg,0,25200000
owd_uplink_ms,127.9332,25300000
owd_downlink_ms,126.9002,25300000
prediction_position_error_mm,3.92660079523921,25300000
prediction_orientation_error_deg,0,25300000
owd_uplink_ms,128.8982,25400000
owd_downlink_ms,127.5644,25400000
prediction_position_error_mm,3.8839017506688833,25400000
prediction_orientation_error_deg,0,25400000
owd_uplink_ms,124.373,25500000
owd_downlink_ms,126.0447,25500000
prediction_position_error_mm,6.623803172260523,25500000
prediction_orientation_error_deg,0,25500000
prediction_position_error_mm,6.725586485117674,25600000
prediction_orientation_error_deg,0,25600000
prediction_position_error_mm,6.8359081633389,25700000
prediction_orientation_error_deg,0,25700000
owd_uplink_ms,130.7606,25800000
owd_downlink_ms,131.306,25800000
owd_uplink_ms,127.7739,25800000
owd_downlink_ms,131.005,25800000
prediction_position_error_mm,4.244151990860701,25800000
prediction_orientation_error_deg,0,25800000
owd_uplink_ms,125.3566,25900000
owd_downlink_ms,130.3204,25900000
prediction_position_error_mm,9.686321951448917,25900000
prediction_orientation_error_deg,0,25900000
owd_uplink_ms,124.9267,26000000
owd_downlink_ms,128.8595,26000000
prediction_position_error_mm,6.150215398520231,26000000
prediction_orientation_error_deg,0,26000000
owd_uplink_ms,130.4493,26100000
owd_downlink_ms,123.9218,26100000
prediction_position_error_mm,10.765769518911839,26100000
prediction_orientation_error_deg,0,26100000
owd_uplink_ms,132.5216,26200000
owd_downlink_ms,130.715,26200000
owd_uplink_ms,125.2646,26200000
owd_downlink_ms,128.0109,26200000
prediction_position_error_mm,10.685054585337639,26200000
prediction_orientation_error_deg,0,26200000
owd_uplink_ms,125.2207,26300000
owd_downlink_ms,124.5852,26300000
prediction_position_error_mm,10.498610325157642,26300000
prediction_orientation_error_deg,0,26300000
prediction_position_error_mm,6.941898725926876,26400000
prediction_orientation_error_deg,0,26400000
prediction_position_error_mm,12.339009903371334,26500000
prediction_orientation_error_deg,0,26500000
owd_uplink_ms,133.1424,26600000
owd_downlink_ms,131.5468,26600000
owd_uplink_ms,127.9632,26600000
owd_downlink_ms,127.2237,26600000
owd_uplink_ms,132.0716,26600000
owd_downlink_ms,128.3886,26600000
prediction_position_error_mm,11.851899325847626,26600000
prediction_orientation_error_deg,0,26600000
prediction_position_error_mm,12.767381966114044,26700000
prediction_orientation_error_deg,0,26700000
owd_uplink_ms,124.0588,26800000
owd_downlink_ms,130.2417,26800000
prediction_position_error_mm,7.235408294945955,26800000
prediction_orientation_error_deg,0,26800000
owd_uplink_ms,131.9215,26900000
owd_downlink_ms,124.2726,26900000
prediction_position_error_mm,13.042978942394257,26900000
prediction_orientation_error_deg,0,26900000
owd_uplink_ms,129.843,27000000
owd_downlink_ms,130.0277,27000000
prediction_position_error_mm,14.026102609932423,27000000
prediction_orientation_error_deg,0,27000000
owd_uplink_ms,131.0839,27100000
owd_downlink_ms,127.1656,27100000
prediction_position_error_mm,14.492128044366837,27100000
prediction_orientation_error_deg,0,27100000
owd_uplink_ms,125.2586,27200000
owd_downlink_ms,130.0938,27200000
correction_magnitude_mm,5.168921779841185,25897760
correction_magnitude_deg,0,25897760
prediction_position_error_mm,12.058695778250694,27200000
prediction_orientation_error_deg,0,27200000
owd_uplink_ms,131.8624,27300000
owd_downlink_ms,132.775,27300000
prediction_position_error_mm,120.15726417303085,27300000
prediction_orientation_error_deg,0,27300000
owd_uplink_ms,131.6615,27400000
owd_downlink_ms,125.3248,27400000
correction_magnitude_mm,14.25190456211567,26090981
correction_magnitude_deg,0,26090981
owd_uplink_ms,127.617,27400000
owd_downlink_ms,128.9194,27400000
correction_magnitude_mm,10.1894186809659,26092610
correction_magnitude_deg,0,26092610
prediction_position_error_mm,126.85815989971161,27400000
prediction_orientation_error_deg,0,27400000
owd_uplink_ms,128.2843,27500000
owd_downlink_ms,126.4666,27500000
prediction_position_error_mm,135.28643548488617,27500000
prediction_orientation_error_deg,0,27500000
owd_uplink_ms,126.2714,27600000
owd_downlink_ms,124.3136,27600000
correction_magnitude_mm,11.929895728826523,26287891
correction_magnitude_deg,0,26287891
prediction_position_error_mm,137.26550340652466,27600000
prediction_orientation_error_deg,0,27600000
prediction_position_error_mm,147.2909301519394,27700000
prediction_orientation_error_deg,0,27700000
owd_uplink_ms,129.0905,27800000
owd_downlink_ms,127.4749,27800000
correction_magnitude_mm,27.71550789475441,26485872
correction_magnitude_deg,0,26485872
prediction_position_error_mm,143.50402355194092,27800000
prediction_orientation_error_deg,0,27800000
owd_uplink_ms,128.893,27900000
owd_downlink_ms,132.6443,27900000
correction_magnitude_mm,19.626345485448837,26490561
correction_magnitude_deg,0,26490561
owd_uplink_ms,124.9964,27900000
owd_downlink_ms,129.7491,27900000
correction_magnitude_mm,10.074591264128685,26596502
correction_magnitude_deg,0,26596502
prediction_position_error_mm,36.513011902570724,27900000
prediction_orientation_error_deg,0,27900000
prediction_position_error_mm,44.54260692000389,28000000
prediction_orientation_error_deg,0,28000000
owd_uplink_ms,127.1207,28100000
owd_downlink_ms,132.032,28100000
prediction_position_error_mm,49.875203520059586,28100000
prediction_orientation_error_deg,0,28100000
owd_uplink_ms,130.9261,28200000
owd_downlink_ms,125.7584,28200000
prediction_position_error_mm,46.070609241724014,28200000
prediction_orientation_error_deg,0,28200000
owd_uplink_ms,124.7878,28300000
owd_downlink_ms,130.9154,28300000
prediction_position_error_mm,28.138048946857452,28300000
prediction_orientation_error_deg,0,28300000
owd_uplink_ms,130.1799,28400000
owd_downlink_ms,130.3271,28400000
prediction_position_error_mm,26.579484343528748,28400000
prediction_orientation_error_deg,0,28400000
owd_uplink_ms,126.2492,28500000
owd_downlink_ms,129.8584,28500000
correction_magnitude_mm,5.300975404679775,27108534
correction_magnitude_deg,0,27108534
owd_uplink_ms,129.5261,28500000
owd_downlink_ms,127.7069,28500000
correction_magnitude_mm,5.213891621679068,27206260
correction_magnitude_deg,0,27206260
prediction_position_error_mm,20.80717124044895,28500000
prediction_orientation_error_deg,0,28500000
owd_uplink_ms,127.8142,28600000
owd_downlink_ms,125.726,28600000
prediction_position_error_mm,23.498859256505966,28600000
prediction_orientation_error_deg,0,28600000
prediction_position_error_mm,19.65196244418621,28700000
prediction_orientation_error_deg,0,28700000
owd_uplink_ms,127.5789,28800000
owd_downlink_ms,130.3627,28800000
owd_uplink_ms,127.5561,28800000
owd_downlink_ms,126.7563,28800000
prediction_position_error_mm,14.101763255894184,28800000
prediction_orientation_error_deg,0,28800000
owd_uplink_ms,123.5589,28900000
owd_downlink_ms,122.9768,28900000
prediction_position_error_mm,16.947397962212563,28900000
prediction_orientation_error_deg,0,28900000
prediction_position_error_mm,17.585260793566704,29000000
prediction_orientation_error_deg,0,29000000
owd_uplink_ms,124.4416,29100000
owd_downlink_ms,131.3443,29100000
prediction_position_error_mm,10.517576709389687,29100000
prediction_orientation_error_deg,0,29100000
owd_uplink_ms,130.4944,29200000
owd_downlink_ms,129.6972,29200000
owd_uplink_ms,127.1393,29200000
owd_downlink_ms,125.0265,29200000
prediction_position_error_mm,6.585021037608385,29200000
prediction_orientation_error_deg,0,29200000
prediction_position_error_mm,6.9244615733623505,29300000
prediction_orientation_error_deg,0,29300000
owd_uplink_ms,132.1084,29400000
owd_downlink_ms,127.8075,29400000
correction_magnitude_mm,7.505575660616159,28105012
correction_magnitude_deg,0,28105012
prediction_position_error_mm,4.190314561128616,29400000
prediction_orientation_error_deg,0,29400000
owd_uplink_ms,131.3306,29500000
owd_downlink_ms,126.3222,29500000
owd_uplink_ms,128.5666,29500000
owd_downlink_ms,126.7199,29500000
prediction_position_error_mm,4.047442693263292,29500000
prediction_orientation_error_deg,0,29500000
owd_uplink_ms,123.1965,29600000
owd_downlink_ms,124.3851,29600000
prediction_position_error_mm,7.884889841079712,29600000
prediction_orientation_error_deg,0,29600000
owd_uplink_ms,125.4105,29700000
owd_downlink_ms,127.6802,29700000
prediction_position_error_mm,3.603222081437707,29700000
prediction_orientation_error_deg,0,29700000
prediction_position_error_mm,3.871135413646698,29800000
prediction_orientation_error_deg,0,29800000
owd_uplink_ms,127.8624,29900000
owd_downlink_ms,129.9966,29900000
prediction_position_error_mm,3.6081697326153517,29900000
prediction_orientation_error_deg,0,29900000
owd_uplink_ms,131.7443,30000000
owd_downlink_ms,127.4058,30000000
owd_uplink_ms,129.306,30000000
owd_downlink_ms,128.5076,30000000
prediction_position_error_mm,3.5071405582129955,30000000
prediction_orientation_error_deg,0,30000000
owd_uplink_ms,128.4728,30100000
owd_downlink_ms,127.2842,30100000
prediction_position_error_mm,3.336557187139988,30100000
prediction_orientation_error_deg,0,30100000
prediction_position_error_mm,3.625904442742467,30200000
prediction_orientation_error_deg,0,30200000
owd_uplink_ms,130.5224,30300000
owd_downlink_ms,128.5734,30300000
correction_magnitude_mm,5.3623141720891,28993093
correction_magnitude_deg,0,28993093
prediction_position_error_mm,4.288143943995237,30300000
prediction_orientation_error_deg,0,30300000
owd_uplink_ms,129.1378,30400000
owd_downlink_ms,125.7749,30400000
prediction_position_error_mm,3.699246561154723,30400000
prediction_orientation_error_deg,0,30400000
owd_uplink_ms,123.2814,30500000
owd_downlink_ms,130.4366,30500000
prediction_position_error_mm,2.024699468165636,30500000
prediction_orientation_error_deg,0,30500000
owd_uplink_ms,127.9404,30600000
owd_downlink_ms,131.0751,30600000
owd_uplink_ms,129.4733,30600000
owd_downlink_ms,127.9648,30600000
prediction_position_error_mm,6.850590463727713,30600000
prediction_orientation_error_deg,0,30600000
prediction_position_error_mm,2.0201464649289846,30700000
prediction_orientation_error_deg,0,30700000
owd_uplink_ms,129.1109,30800000
owd_downlink_ms,129.9446,30800000
prediction_position_error_mm,6.768248043954372,30800000
prediction_orientation_error_deg,0,30800000
owd_uplink_ms,124.3399,30900000
owd_downlink_ms,131.9326,30900000
prediction_position_error_mm,6.228181533515453,30900000
prediction_orientation_error_deg,0,30900000
owd_uplink_ms,132.2618,31000000
owd_downlink_ms,128.145,31000000
prediction_position_error_mm,1.5444846358150244,31000000
prediction_orientation_error_deg,0,31000000
owd_uplink_ms,126.3162,31100000
owd_downlink_ms,129.3749,31100000
owd_uplink_ms,127.4354,31100000
owd_downlink_ms,126.4465,31100000
prediction_position_error_mm,6.246705539524555,31100000
prediction_orientation_error_deg,0,31100000
owd_uplink_ms,129.0773,31200000
owd_downlink_ms,123.5213,31200000
prediction_position_error_mm,6.227088626474142,31200000
prediction_orientation_error_deg,0,31200000
prediction_position_error_mm,6.71739736571908,31300000
prediction_orientation_error_deg,0,31300000
owd_uplink_ms,126.281,31400000
owd_downlink_ms,130.4828,31400000
prediction_position_error_mm,6.769045721739531,31400000
prediction_orientation_error_deg,0,31400000
owd_uplink_ms,130.4159,31500000
owd_downlink_ms,129.8487,31500000
prediction_position_error_mm,1.5448878984898329,31500000
prediction_orientation_error_deg,0,31500000
owd_uplink_ms,124.443,31600000
owd_downlink_ms,130.4822,31600000
owd_uplink_ms,125.1047,31600000
owd_downlink_ms,124.0719,31600000
prediction_position_error_mm,6.142125930637121,31600000
prediction_orientation_error_deg,0,31600000
owd_uplink_ms,124.6031,31700000
owd_downlink_ms,123.8911,31700000
prediction_position_error_mm,1.2125798966735601,31700000
prediction_orientation_error_deg,0,31700000
prediction_position_error_mm,1.5373841160908341,31800000
prediction_orientation_error_deg,0,31800000
owd_uplink_ms,128.5863,31900000
owd_downlink_ms,130.8798,31900000
prediction_position_error_mm,6.159279495477676,31900000
prediction_orientation_error_deg,0,31900000
owd_uplink_ms,131.8341,32000000
owd_downlink_ms,125.1011,32000000
owd_uplink_ms,128.6561,32000000
owd_downlink_ms,128.0686,32000000
prediction_position_error_mm,5.758508574217558,32000000
prediction_orientation_error_deg,0,32000000
prediction_position_error_mm,6.135622505098581,32100000
prediction_orientation_error_deg,0,32100000
owd_uplink_ms,130.8043,32200000
owd_downlink_ms,125.3874,32200000
prediction_position_error_mm,3.0548125505447388,32200000
prediction_orientation_error_deg,0,32200000
owd_uplink_ms,130.5897,32300000
owd_downlink_ms,124.5171,32300000
prediction_position_error_mm,1.7698716837912798,32300000
prediction_orientation_error_deg,0,32300000
owd_uplink_ms,124.3524,32400000
owd_downlink_ms,130.8103,32400000
owd_uplink_ms,123.9088,32400000
owd_downlink_ms,126.2327,32400000
prediction_position_error_mm,7.134579122066498,32400000
prediction_orientation_error_deg,0,32400000
prediction_position_error_mm,7.732960395514965,32500000
prediction_orientation_error_deg,0,32500000
owd_uplink_ms,124.1229,32600000
owd_downlink_ms,130.4954,32600000
owd_uplink_ms,129.9666,32600000
owd_downlink_ms,123.593,32600000
prediction_position_error_mm,7.609276566654444,32600000
prediction_orientation_error_deg,0,32600000
owd_uplink_ms,125.8895,32700000
owd_downlink_ms,125.5948,32700000
prediction_position_error_mm,7.565231062471867,32700000
prediction_orientation_error_deg,0,32700000
prediction_position_error_mm,13.319943100214005,32800000
prediction_orientation_error_deg,0,32800000
owd_uplink_ms,123.9144,32900000
owd_downlink_ms,127.9818,32900000
prediction_position_error_mm,7.702454924583435,32900000
prediction_orientation_error_deg,0,32900000
owd_uplink_ms,130.98,33000000
owd_downlink_ms,130.5311,33000000
prediction_position_error_mm,8.236235938966274,33000000
prediction_orientation_error_deg,0,33000000
owd_uplink_ms,130.6402,33100000
owd_downlink_ms,129.5626,33100000
correction_magnitude_mm,7.567810360342264,31803934
correction_magnitude_deg,0,31803934
prediction_position_error_mm,5.153334233909845,33100000
prediction_orientation_error_deg,0,33100000
owd_uplink_ms,130.4901,33200000
owd_downlink_ms,125.2627,33200000
prediction_position_error_mm,5.505170207470655,33200000
prediction_orientation_error_deg,0,33200000
owd_uplink_ms,129.5844,33300000
owd_downlink_ms,132.2447,33300000
owd_uplink_ms,124.7027,33300000
owd_downlink_ms,128.1232,33300000
prediction_position_error_mm,2.583051798865199,33300000
prediction_orientation_error_deg,0,33300000
owd_uplink_ms,129.5729,33400000
owd_downlink_ms,126.4584,33400000
prediction_position_error_mm,7.761627435684204,33400000
prediction_orientation_error_deg,0,33400000
prediction_position_error_mm,2.718893112614751,33500000
prediction_orientation_error_deg,0,33500000
owd_uplink_ms,130.8129,33600000
owd_downlink_ms,125.2511,33600000
correction_magnitude_mm,5.501970183104277,32294155
correction_magnitude_deg,0,32294155
prediction_position_error_mm,0.30704899108968675,33600000
prediction_orientation_error_deg,0,33600000
owd_uplink_ms,130.5622,33700000
owd_downlink_ms,127.2488,33700000
prediction_position_error_mm,1.3878451427444816,33700000
prediction_orientation_error_deg,0,33700000
owd_uplink_ms,127.5092,33800000
owd_downlink_ms,132.4871,33800000
owd_uplink_ms,123.6633,33800000
owd_downlink_ms,126.4171,33800000
prediction_position_error_mm,6.965221371501684,33800000
prediction_orientation_error_deg,0,33800000
owd_uplink_ms,128.2866,33900000
owd_downlink_ms,128.0613,33900000
prediction_position_error_mm,12.310009449720383,33900000
prediction_orientation_error_deg,0,33900000
prediction_position_error_mm,12.862028554081917,34000000
prediction_orientation_error_deg,0,34000000
owd_uplink_ms,128.8289,34100000
owd_downlink_ms,131.5004,34100000
prediction_position_error_mm,7.514644879847765,34100000
prediction_orientation_error_deg,0,34100000
owd_uplink_ms,129.4384,34200000
owd_downlink_ms,126.0506,34200000
prediction_position_error_mm,12.477519921958447,34200000
prediction_orientation_error_deg,0,34200000
owd_uplink_ms,132.6788,34300000
owd_downlink_ms,132.3156,34300000
owd_uplink_ms,123.246,34300000
owd_downlink_ms,123.9442,34300000
prediction_position_error_mm,11.99411042034626,34300000
prediction_orientation_error_deg,0,34300000
prediction_position_error_mm,7.414905354380608,34400000
prediction_orientation_error_deg,0,34400000
owd_uplink_ms,128.6242,34500000
owd_downlink_ms,131.0809,34500000
owd_uplink_ms,124.9842,34500000
owd_downlink_ms,123.0643,34500000
prediction_position_error_mm,5.884010810405016,34500000
prediction_orientation_error_deg,0,34500000
owd_uplink_ms,123.482,34600000
owd_downlink_ms,125.1717,34600000
prediction_position_error_mm,10.40792465209961,34600000
prediction_orientation_error_deg,0,34600000
prediction_position_error_mm,5.833456292748451,34700000
prediction_orientation_error_deg,0,34700000
owd_uplink_ms,131.0427,34800000
owd_downlink_ms,124.7234,34800000
owd_uplink_ms,128.4266,34800000
owd_downlink_ms,127.4703,34800000
prediction_position_error_mm,10.661815293133259,34800000
prediction_orientation_error_deg,0,34800000
owd_uplink_ms,127.7094,34900000
owd_downlink_ms,127.5553,34900000
prediction_position_error_mm,5.439392756670713,34900000
prediction_orientation_error_deg,0,34900000
owd_uplink_ms,123.4163,35000000
owd_downlink_ms,124.1322,35000000
prediction_position_error_mm,5.159443709999323,35000000
prediction_orientation_error_deg,0,35000000
owd_uplink_ms,129.1995,35100000
owd_downlink_ms,128.9712,35100000
prediction_position_error_mm,9.801960550248623,35100000
prediction_orientation_error_deg,0,35100000
prediction_position_error_mm,10.169302113354206,35200000
prediction_orientation_error_deg,0,35200000
owd_uplink_ms,130.3996,35300000
owd_downlink_ms,126.2833,35300000
correction_magnitude_mm,6.012624595314264,33987886
correction_magnitude_deg,0,33987886
prediction_position_error_mm,7.575795520097017,35300000
prediction_orientation_error_deg,0,35300000
owd_uplink_ms,130.0782,35400000
owd_downlink_ms,130.5229,35400000
owd_uplink_ms,126.85,35400000
owd_downlink_ms,130.6182,35400000
prediction_position_error_mm,6.09439704567194,35400000
prediction_orientation_error_deg,0,35400000
prediction_position_error_mm,6.6452776081860065,35500000
prediction_orientation_error_deg,0,35500000
prediction_position_error_mm,7.211986463516951,35600000
prediction_orientation_error_deg,0,35600000
owd_uplink_ms,132.0144,35700000
owd_downlink_ms,131.1808,35700000
correction_magnitude_mm,5.680608097463846,34292112
correction_magnitude_deg,0,34292112
owd_uplink_ms,124.9458,35700000
owd_downlink_ms,123.9352,35700000
owd_uplink_ms,129.341,35700000
owd_downlink_ms,125.7303,35700000
prediction_position_error_mm,10.56254655122757,35700000
prediction_orientation_error_deg,0,35700000
prediction_position_error_mm,6.099164951592684,35800000
prediction_orientation_error_deg,0,35800000
owd_uplink_ms,123.8212,35900000
owd_downlink_ms,131.2012,35900000
prediction_position_error_mm,6.693476811051369,35900000
prediction_orientation_error_deg,0,35900000
owd_uplink_ms,125.7202,36000000
owd_downlink_ms,126.5842,36000000
owd_uplink_ms,131.3176,36000000
owd_downlink_ms,130.071,36000000
prediction_position_error_mm,11.838268488645554,36000000
prediction_orientation_error_deg,0,36000000
prediction_position_error_mm,7.472569588571787,36100000
prediction_orientation_error_deg,0,36100000
owd_uplink_ms,128.636,36200000
owd_downlink_ms,126.169,36200000
prediction_position_error_mm,7.539593148976564,36200000
prediction_orientation_error_deg,0,36200000
owd_uplink_ms,132.1252,36300000
owd_downlink_ms,132.1391,36300000
owd_uplink_ms,124.8849,36300000
owd_downlink_ms,129.1884,36300000
correction_magnitude_mm,109.92196202278137,34997399
correction_magnitude_deg,0,34997399
prediction_position_error_mm,1398.5896110534668,36300000
prediction_orientation_error_deg,0,36300000
prediction_position_error_mm,1500.3362894058228,36400000
prediction_orientation_error_deg,0,36400000
owd_uplink_ms,129.9586,36500000
owd_downlink_ms,126.6787,36500000
correction_magnitude_mm,271.7796862125397,35193300
correction_magnitude_deg,0,35193300
prediction_position_error_mm,1470.9844589233398,36500000
prediction_orientation_error_deg,0,36500000
prediction_position_error_mm,1568.5111284255981,36600000
prediction_orientation_error_deg,0,36600000
owd_uplink_ms,130.0497,36700000
owd_downlink_ms,132.9328,36700000
correction_magnitude_mm,291.34708642959595,35296904
correction_magnitude_deg,0,35296904
prediction_position_error_mm,1460.2432250976562,36700000
prediction_orientation_error_deg,0,36700000
owd_uplink_ms,131.124,36800000
owd_downlink_ms,131.0731,36800000
correction_magnitude_mm,298.2257902622223,35396841
correction_magnitude_deg,0,35396841
owd_uplink_ms,129.2973,36800000
owd_downlink_ms,131.9486,36800000
correction_magnitude_mm,211.2533301115036,35400154
correction_magnitude_deg,0,35400154
owd_uplink_ms,128.1772,36800000
owd_downlink_ms,125.6699,36800000
correction_magnitude_mm,56.024082005023956,35497020
correction_magnitude_deg,0,35497020
prediction_position_error_mm,1204.9177885055542,36800000
prediction_orientation_error_deg,0,36800000
prediction_position_error_mm,1300.1375198364258,36900000
prediction_orientation_error_deg,0,36900000
owd_uplink_ms,128.9623,37000000
owd_downlink_ms,131.8833,37000000
correction_magnitude_mm,59.43631008267403,35600671
correction_magnitude_deg,0,35600671
prediction_position_error_mm,1348.7390279769897,37000000
prediction_orientation_error_deg,0,37000000
owd_uplink_ms,124.0992,37100000
owd_downlink_ms,127.627,37100000
correction_magnitude_mm,232.54936933517456,35805080
correction_magnitude_deg,0,35805080
owd_uplink_ms,133.0106,37100000
owd_downlink_ms,129.6418,37100000
prediction_position_error_mm,1333.0575227737427,37100000
prediction_orientation_error_deg,0,37100000
owd_uplink_ms,126.8204,37200000
owd_downlink_ms,123.4045,37200000
correction_magnitude_mm,244.65683102607727,35896600
correction_magnitude_deg,0,35896600
prediction_position_error_mm,1245.2821731567383,37200000
prediction_orientation_error_deg,0,37200000
prediction_position_error_mm,1327.4368047714233,37300000
prediction_orientation_error_deg,0,37300000
owd_uplink_ms,130.9336,37400000
owd_downlink_ms,124.2437,37400000
correction_magnitude_mm,327.8433084487915,36088238
correction_magnitude_deg,0,36088238
owd_uplink_ms,127.1057,37400000
owd_downlink_ms,129.8496,37400000
correction_magnitude_mm,232.29306936264038,36091668
correction_magnitude_deg,0,36091668
prediction_position_error_mm,1203.15420627594,37400000
prediction_orientation_error_deg,0,37400000
prediction_position_error_mm,1312.418818473816,37500000
prediction_orientation_error_deg,0,37500000
owd_uplink_ms,127.5414,37600000
owd_downlink_ms,131.7906,37600000
correction_magnitude_mm,52.39775404334068,36196980
correction_magnitude_deg,0,36196980
prediction_position_error_mm,1432.7338933944702,37600000
prediction_orientation_error_deg,0,37600000
owd_uplink_ms,131.5037,37700000
owd_downlink_ms,130.1761,37700000
correction_magnitude_mm,166.53916239738464,36395321
correction_magnitude_deg,0,36395321
prediction_position_error_mm,1454.4782638549805,37700000
prediction_orientation_error_deg,0,37700000
owd_uplink_ms,123.5356,37800000
owd_downlink_ms,128.2766,37800000
correction_magnitude_mm,229.53292727470398,36501247
correction_magnitude_deg,0,36501247
prediction_position_error_mm,1403.216004371643,37800000
prediction_orientation_error_deg,0,37800000
owd_uplink_ms,132.6856,37900000
owd_downlink_ms,131.6237,37900000
owd_uplink_ms,124.0555,37900000
owd_downlink_ms,129.1584,37900000
correction_magnitude_mm,261.0686421394348,36606299
correction_magnitude_deg,0,36606299
prediction_position_error_mm,1319.424033164978,37900000
prediction_orientation_error_deg,0,37900000
owd_uplink_ms,128.0591,38000000
owd_downlink_ms,127.5471,38000000
correction_magnitude_mm,270.53630352020264,36705658
correction_magnitude_deg,0,36705658
prediction_position_error_mm,1225.074291229248,38000000
prediction_orientation_error_deg,0,38000000
prediction_position_error_mm,1300.4300594329834,38100000
prediction_orientation_error_deg,0,38100000
prediction_position_error_mm,1384.6936225891113,38200000
prediction_orientation_error_deg,0,38200000
owd_uplink_ms,132.1702,38300000
owd_downlink_ms,129.778,38300000
correction_magnitude_mm,342.6116406917572,36902667
correction_magnitude_deg,0,36902667
owd_uplink_ms,132.4282,38300000
owd_downlink_ms,127.2466,38300000
correction_magnitude_mm,314.91726636886597,36996190
correction_magnitude_deg,0,36996190
owd_uplink_ms,127.558,38300000
owd_downlink_ms,127.7603,38300000
correction_magnitude_mm,220.594584941864,36996444
correction_magnitude_deg,0,36996444
prediction_position_error_mm,1089.7561311721802,38300000
prediction_orientation_error_deg,0,38300000
prediction_position_error_mm,1189.7554397583008,38400000
prediction_orientation_error_deg,0,38400000
owd_uplink_ms,129.4037,38500000
owd_downlink_ms,127.4034,38500000
correction_magnitude_mm,38.37129846215248,37193944
correction_magnitude_deg,0,37193944
prediction_position_error_mm,1261.8910074234009,38500000
prediction_orientation_error_deg,0,38500000
owd_uplink_ms,129.4056,38600000
owd_downlink_ms,125.0763,38600000
correction_magnitude_mm,116.20654910802841,37288533
correction_magnitude_deg,0,37288533
prediction_position_error_mm,1278.1099081039429,38600000
prediction_orientation_error_deg,0,38600000
owd_uplink_ms,129.8756,38700000
owd_downlink_ms,125.7307,38700000
correction_magnitude_mm,167.44938492774963,37383353
correction_magnitude_deg,0,37383353
prediction_position_error_mm,1245.2260255813599,38700000
prediction_orientation_error_deg,0,38700000
owd_uplink_ms,127.8,38800000
owd_downlink_ms,126.5968,38800000
correction_magnitude_mm,197.02468812465668,37481849
correction_magnitude_deg,0,37481849
owd_uplink_ms,130.0052,38800000
owd_downlink_ms,131.3651,38800000
correction_magnitude_mm,139.35260474681854,37483549
correction_magnitude_deg,0,37483549
prediction_position_error_mm,1276.5600681304932,38800000
prediction_orientation_error_deg,0,38800000
owd_uplink_ms,122.1012,38900000
owd_downlink_ms,127.4194,38900000
correction_magnitude_mm,13.694757595658302,37590197
correction_magnitude_deg,0,37590197
prediction_position_error_mm,1371.6427087783813,38900000
prediction_orientation_error_deg,0,38900000
owd_uplink_ms,127.2498,39000000
owd_downlink_ms,127.7907,39000000
correction_magnitude_mm,114.4442930817604,37690874
correction_magnitude_deg,0,37690874
prediction_position_error_mm,1396.4862823486328,39000000
prediction_orientation_error_deg,0,39000000
owd_uplink_ms,128.165,39100000
owd_downlink_ms,128.6689,39100000
correction_magnitude_mm,181.46516382694244,37791504
correction_magnitude_deg,0,37791504
prediction_position_error_mm,1371.6392517089844,39100000
prediction_orientation_error_deg,0,39100000
prediction_position_error_mm,1462.4333381652832,39200000
prediction_orientation_error_deg,0,39200000
owd_uplink_ms,129.8067,39300000
owd_downlink_ms,126.3611,39300000
correction_magnitude_mm,313.714861869812,37987198
correction_magnitude_deg,0,37987198
owd_uplink_ms,126.2015,39300000
owd_downlink_ms,129.8382,39300000
correction_magnitude_mm,223.5092669725418,37991744
correction_magnitude_deg,0,37991744
prediction_position_error_mm,592.4750566482544,39300000
prediction_orientation_error_deg,0,39300000
prediction_position_error_mm,649.9074101448059,39400000
prediction_orientation_error_deg,0,39400000
owd_uplink_ms,123.0219,39500000
owd_downlink_ms,128.0479,39500000
correction_magnitude_mm,38.46876323223114,38198027
correction_magnitude_deg,0,38198027
prediction_position_error_mm,726.1965870857239,39500000
prediction_orientation_error_deg,0,39500000
owd_uplink_ms,130.5813,39600000
owd_downlink_ms,130.6725,39600000
correction_magnitude_mm,26.856761425733566,38198142
correction_magnitude_deg,0,38198142
owd_uplink_ms,124,39600000
owd_downlink_ms,129.0176,39600000
correction_magnitude_mm,83.06187391281128,38304414
correction_magnitude_deg,0,38304414
prediction_position_error_mm,1268.7023878097534,39600000
prediction_orientation_error_deg,0,39600000
prediction_position_error_mm,1362.375259399414,39700000
prediction_orientation_error_deg,0,39700000
owd_uplink_ms,132.3908,39800000
owd_downlink_ms,124.1378,39800000
correction_magnitude_mm,234.64278876781464,38494098
correction_magnitude_deg,0,38494098
owd_uplink_ms,127.9763,39800000
owd_downlink_ms,127.2709,39800000
prediction_position_error_mm,1337.2260332107544,39800000
prediction_orientation_error_deg,0,39800000
prediction_position_error_mm,1431.1697483062744,39900000
prediction_orientation_error_deg,0,39900000
prediction_position_error_mm,1521.1988687515259,40000000
prediction_orientation_error_deg,0,40000000
owd_uplink_ms,125.3159,40100000
owd_downlink_ms,130.3997,40100000
correction_magnitude_mm,348.6586809158325,38699572
correction_magnitude_deg,0,38699572
owd_uplink_ms,132.3634,40100000
owd_downlink_ms,131.7881,40100000
owd_uplink_ms,126.6304,40100000
owd_downlink_ms,128.3522,40100000
correction_magnitude_mm,329.92011308670044,38801004
correction_magnitude_deg,0,38801004
prediction_position_error_mm,1205.7996988296509,40100000
prediction_orientation_error_deg,0,40100000
owd_uplink_ms,125.9553,40200000
owd_downlink_ms,126.9049,40200000
correction_magnitude_mm,306.7409098148346,38902190
correction_magnitude_deg,0,38902190
prediction_position_error_mm,1074.8450756072998,40200000
prediction_orientation_error_deg,0,40200000
owd_uplink_ms,129.5442,40300000
owd_downlink_ms,126.503,40300000
correction_magnitude_mm,277.85271406173706,38998389
correction_magnitude_deg,0,38998389
prediction_position_error_mm,941.1212801933289,40300000
prediction_orientation_error_deg,0,40300000
owd_uplink_ms,124.9665,40400000
owd_downlink_ms,126.3227,40400000
correction_magnitude_mm,252.6971697807312,39100084
correction_magnitude_deg,0,39100084
prediction_position_error_mm,826.0064721107483,40400000
prediction_orientation_error_deg,0,40400000
prediction_position_error_mm,879.8882365226746,40500000
prediction_orientation_error_deg,0,40500000
owd_uplink_ms,123.7001,40600000
owd_downlink_ms,124.9251,40600000
correction_magnitude_mm,277.21914649009705,39301615
correction_magnitude_deg,0,39301615
prediction_position_error_mm,789.6543741226196,40600000
prediction_orientation_error_deg,0,40600000
owd_uplink_ms,131.3682,40700000
owd_downlink_ms,130.221,40700000
owd_uplink_ms,124.7228,40700000
owd_downlink_ms,123.4225,40700000
correction_magnitude_mm,238.2051795721054,39398555
correction_magnitude_deg,0,39398555
prediction_position_error_mm,668.3798432350159,40700000
prediction_orientation_error_deg,0,40700000
owd_uplink_ms,123.7229,40800000
owd_downlink_ms,126.1246,40800000
correction_magnitude_mm,206.3504457473755,39501556
correction_magnitude_deg,0,39501556
prediction_position_error_mm,570.8199739456177,40800000
prediction_orientation_error_deg,0,40800000
prediction_position_error_mm,600.0464558601379,40900000
prediction_orientation_error_deg,0,40900000
owd_uplink_ms,129.169,41000000
owd_downlink_ms,131.5552,41000000
correction_magnitude_mm,177.88752913475037,39604538
correction_magnitude_deg,0,39604538
owd_uplink_ms,126.3523,41000000
owd_downlink_ms,126.7032,41000000
correction_magnitude_mm,151.8665850162506,39704976
correction_magnitude_deg,0,39704976
prediction_position_error_mm,402.9194116592407,41000000
prediction_orientation_error_deg,0,41000000
owd_uplink_ms,124.3909,41100000
owd_downlink_ms,126.2865,41100000
correction_magnitude_mm,129.6442151069641,39807345
correction_magnitude_deg,0,39807345
prediction_position_error_mm,338.09152245521545,41100000
prediction_orientation_error_deg,0,41100000
prediction_position_error_mm,360.947847366333,41200000
prediction_orientation_error_deg,0,41200000
owd_uplink_ms,130.7047,41300000
owd_downlink_ms,125.1752,41300000
correction_magnitude_mm,130.96797466278076,40000433
correction_magnitude_deg,0,40000433
prediction_position_error_mm,311.2291693687439,41300000
prediction_orientation_error_deg,0,41300000
owd_uplink_ms,123.8367,41400000
owd_downlink_ms,126.9179,41400000
correction_magnitude_mm,105.57382553815842,40104284
correction_magnitude_deg,0,40104284
prediction_position_error_mm,260.86297631263733,41400000
prediction_orientation_error_deg,0,41400000
owd_uplink_ms,132.4804,41500000
owd_downlink_ms,131.084,41500000
prediction_position_error_mm,271.9517946243286,41500000
prediction_orientation_error_deg,0,41500000
owd_uplink_ms,129.9973,41600000
owd_downlink_ms,125.8942,41600000
correction_magnitude_mm,100.63660144805908,40297410
correction_magnitude_deg,0,40297410
prediction_position_error_mm,235.88864505290985,41600000
prediction_orientation_error_deg,0,41600000
owd_uplink_ms,126.0913,41700000
owd_downlink_ms,130.6968,41700000
correction_magnitude_mm,71.37856632471085,40303166
correction_magnitude_deg,0,40303166
owd_uplink_ms,126.2089,41700000
owd_downlink_ms,126.5306,41700000
correction_magnitude_mm,25.147292762994766,40403567
correction_magnitude_deg,0,40403567
prediction_position_error_mm,309.5018267631531,41700000
prediction_orientation_error_deg,0,41700000
prediction_position_error_mm,334.44806933403015,41800000
prediction_orientation_error_deg,0,41800000
owd_uplink_ms,132.604,41900000
owd_downlink_ms,128.0591,41900000
correction_magnitude_mm,32.022882252931595,40597887
correction_magnitude_deg,0,40597887
prediction_position_error_mm,343.30904483795166,41900000
prediction_orientation_error_deg,0,41900000
owd_uplink_ms,129.7794,42000000
owd_downlink_ms,131.0704,42000000
correction_magnitude_mm,22.75903709232807,40599501
correction_magnitude_deg,0,40599501
prediction_position_error_mm,231.60195350646973,42000000
prediction_orientation_error_deg,0,42000000
owd_uplink_ms,128.2632,42100000
owd_downlink_ms,130.3061,42100000
prediction_position_error_mm,251.21518969535828,42100000
prediction_orientation_error_deg,0,42100000
owd_uplink_ms,129.2404,42200000
owd_downlink_ms,127.4843,42200000
correction_magnitude_mm,35.79726070165634,40899860
correction_magnitude_deg,0,40899860
owd_uplink_ms,130.5825,42200000
owd_downlink_ms,128.6002,42200000
prediction_position_error_mm,248.2987642288208,42200000
prediction_orientation_error_deg,0,42200000
owd_uplink_ms,126.6102,42300000
owd_downlink_ms,129.1964,42300000
correction_magnitude_mm,42.14528948068619,41000615
correction_magnitude_deg,0,41000615
prediction_position_error_mm,239.79848623275757,42300000
prediction_orientation_error_deg,0,42300000
prediction_position_error_mm,253.05065512657166,42400000
prediction_orientation_error_deg,0,42400000
owd_uplink_ms,125.3045,42500000
owd_downlink_ms,130.2067,42500000
correction_magnitude_mm,46.393994241952896,41106742
correction_magnitude_deg,0,41106742
prediction_position_error_mm,237.1477633714676,42500000
prediction_orientation_error_deg,0,42500000
owd_uplink_ms,130.8936,42600000
owd_downlink_ms,126.4047,42600000
correction_magnitude_mm,60.3983961045742,41301131
correction_magnitude_deg,0,41301131
prediction_position_error_mm,221.94017469882965,42600000
prediction_orientation_error_deg,0,42600000
owd_uplink_ms,125.0443,42700000
owd_downlink_ms,131.0026,42700000
correction_magnitude_mm,43.54117065668106,41308578
correction_magnitude_deg,0,41308578
prediction_position_error_mm,18.258605152368546,42700000
prediction_orientation_error_deg,0,42700000
owd_uplink_ms,132.8494,42800000
owd_downlink_ms,125.8952,42800000
correction_magnitude_mm,22.668523713946342,41499886
correction_magnitude_deg,0,41499886
owd_uplink_ms,128.8562,42800000
owd_downlink_ms,127.5316,42800000
prediction_position_error_mm,35.85804998874664,42800000
prediction_orientation_error_deg,0,42800000
owd_uplink_ms,123.7912,42900000
owd_downlink_ms,129.3943,42900000
correction_magnitude_mm,11.591106653213501,41605234
correction_magnitude_deg,0,41605234
prediction_position_error_mm,47.285933047533035,42900000
prediction_orientation_error_deg,0,42900000
owd_uplink_ms,127.2656,43000000
owd_downlink_ms,124.737,43000000
prediction_position_error_mm,53.80449816584587,43000000
prediction_orientation_error_deg,0,43000000
prediction_position_error_mm,57.83923715353012,43100000
prediction_orientation_error_deg,0,43100000
owd_uplink_ms,126.0194,43200000
owd_downlink_ms,131.5588,43200000
owd_uplink_ms,127.996,43200000
owd_downlink_ms,126.9307,43200000
correction_magnitude_mm,5.967520643025637,41907665
correction_magnitude_deg,0,41907665
prediction_position_error_mm,56.21728301048279,43200000
prediction_orientation_error_deg,0,43200000
prediction_position_error_mm,57.36708268523216,43300000
prediction_orientation_error_deg,0,43300000
owd_uplink_ms,126.6219,43400000
owd_downlink_ms,129.9278,43400000
correction_magnitude_mm,8.48960131406784,42011797
correction_magnitude_deg,0,42011797
prediction_position_error_mm,55.129315704107285,43400000
prediction_orientation_error_deg,0,43400000
owd_uplink_ms,125.8731,43500000
owd_downlink_ms,127.4041,43500000
correction_magnitude_mm,13.876060955226421,42213710
correction_magnitude_deg,0,42213710
prediction_position_error_mm,54.193589836359024,43500000
prediction_orientation_error_deg,0,43500000
owd_uplink_ms,133.193,43600000
owd_downlink_ms,131.0498,43600000
prediction_position_error_mm,57.31150135397911,43600000
prediction_orientation_error_deg,0,43600000
owd_uplink_ms,131.842,43700000
owd_downlink_ms,124.4846,43700000
correction_magnitude_mm,16.965802758932114,42401834
correction_magnitude_deg,0,42401834
owd_uplink_ms,129.0342,43700000
owd_downlink_ms,129.2802,43700000
correction_magnitude_mm,11.877370066940784,42402141
correction_magnitude_deg,0,42402141
prediction_position_error_mm,1255.1958560943604,43700000
prediction_orientation_error_deg,0,43700000
owd_uplink_ms,129.4302,43800000
owd_downlink_ms,124.1453,43800000
correction_magnitude_mm,82.17409253120422,42495535
correction_magnitude_deg,0,42495535
prediction_position_error_mm,1293.784260749817,43800000
prediction_orientation_error_deg,0,43800000
owd_uplink_ms,126.9397,43900000
owd_downlink_ms,125.8478,43900000
correction_magnitude_mm,150.6914496421814,42594171
correction_magnitude_deg,0,42594171
prediction_position_error_mm,1286.0878705978394,43900000
prediction_orientation_error_deg,0,43900000
prediction_position_error_mm,1374.3501901626587,44000000
prediction_orientation_error_deg,0,44000000
owd_uplink_ms,127.385,44100000
owd_downlink_ms,127.0989,44100000
correction_magnitude_mm,285.11130809783936,42793814
correction_magnitude_deg,0,42793814
prediction_position_error_mm,1323.4453201293945,44100000
prediction_orientation_error_deg,0,44100000
owd_uplink_ms,130.4528,44200000
owd_downlink_ms,132.3076,44200000
correction_magnitude_mm,201.63005590438843,42796133
correction_magnitude_deg,0,42796133
owd_uplink_ms,126.1072,44200000
owd_downlink_ms,127.4406,44200000
correction_magnitude_mm,36.74175217747688,42897800
correction_magnitude_deg,0,42897800
prediction_position_error_mm,1305.7615756988525,44200000
prediction_orientation_error_deg,0,44200000
prediction_position_error_mm,1409.995675086975,44300000
prediction_orientation_error_deg,0,44300000
owd_uplink_ms,128.3751,44400000
owd_downlink_ms,130.2881,44400000
correction_magnitude_mm,79.36008274555206,43000191
correction_magnitude_deg,0,43000191
prediction_position_error_mm,1453.6391496658325,44400000
prediction_orientation_error_deg,0,44400000
owd_uplink_ms,125.2616,44500000
owd_downlink_ms,130.8273,44500000
correction_magnitude_mm,162.66509890556335,43107147
correction_magnitude_deg,0,43107147
owd_uplink_ms,127.1665,44500000
owd_downlink_ms,123.724,44500000
correction_magnitude_mm,205.56963980197906,43202843
correction_magnitude_deg,0,43202843
prediction_position_error_mm,1297.7432012557983,44500000
prediction_orientation_error_deg,0,44500000
prediction_position_error_mm,1386.361837387085,44600000
prediction_orientation_error_deg,0,44600000
prediction_position_error_mm,1474.9325513839722,44700000
prediction_orientation_error_deg,0,44700000
owd_uplink_ms,132.8535,44800000
owd_downlink_ms,131.4975,44800000
correction_magnitude_mm,318.3198571205139,43401148
correction_magnitude_deg,0,43401148
owd_uplink_ms,129.7216,44800000
owd_downlink_ms,129.0199,44800000
correction_magnitude_mm,308.93203616142273,43500271
correction_magnitude_deg,0,43500271
prediction_position_error_mm,1184.5372915267944,44800000
prediction_orientation_error_deg,0,44800000
owd_uplink_ms,132.3652,44900000
owd_downlink_ms,130.6198,44900000
owd_uplink_ms,128.5789,44900000
owd_downlink_ms,123.8911,44900000
correction_magnitude_mm,285.3441536426544,43592231
correction_magnitude_deg,0,43592231
prediction_position_error_mm,1053.3605813980103,44900000
prediction_orientation_error_deg,0,44900000
owd_uplink_ms,127.8572,45000000
owd_downlink_ms,127.547,45000000
correction_magnitude_mm,265.0626599788666,43691844
correction_magnitude_deg,0,43691844
prediction_position_error_mm,934.3662261962891,45000000
prediction_orientation_error_deg,0,45000000
owd_uplink_ms,128.6214,45100000
owd_downlink_ms,127.6749,45100000
correction_magnitude_mm,242.42880940437317,43790662
correction_magnitude_deg,0,43790662
prediction_position_error_mm,822.1922516822815,45100000
prediction_orientation_error_deg,0,45100000
prediction_position_error_mm,871.7036247253418,45200000
prediction_orientation_error_deg,0,45200000
owd_uplink_ms,122.9644,45300000
owd_downlink_ms,126.1138,45300000
correction_magnitude_mm,271.8004286289215,43994599
correction_magnitude_deg,0,43994599
owd_uplink_ms,129.4794,45300000
owd_downlink_ms,126.9225,45300000
prediction_position_error_mm,787.4321937561035,45300000
prediction_orientation_error_deg,0,45300000
prediction_position_error_mm,831.2846422195435,45400000
prediction_orientation_error_deg,0,45400000
owd_uplink_ms,124.9917,45500000
owd_downlink_ms,131.8913,45500000
correction_magnitude_mm,238.68054151535034,44100027
correction_magnitude_deg,0,44100027
prediction_position_error_mm,711.5260362625122,45500000
prediction_orientation_error_deg,0,45500000
owd_uplink_ms,131.2089,45600000
owd_downlink_ms,124.5156,45600000
correction_magnitude_mm,242.33132600784302,44291661
correction_magnitude_deg,0,44291661
owd_uplink_ms,124.191,45600000
owd_downlink_ms,130.0203,45600000
correction_magnitude_mm,172.05610871315002,44298948
correction_magnitude_deg,0,44298948
prediction_position_error_mm,345.490425825119,45600000
prediction_orientation_error_deg,0,45600000
prediction_position_error_mm,381.6436529159546,45700000
prediction_orientation_error_deg,0,45700000
prediction_position_error_mm,417.8465008735657,45800000
prediction_orientation_error_deg,0,45800000
owd_uplink_ms,127.9139,45900000
owd_downlink_ms,130.4021,45900000
correction_magnitude_mm,48.181597143411636,44502058
correction_magnitude_deg,0,44502058
owd_uplink_ms,132.3316,45900000
owd_downlink_ms,132.196,45900000
owd_uplink_ms,127.2867,45900000
owd_downlink_ms,123.8871,45900000
prediction_position_error_mm,477.85741090774536,45900000
prediction_orientation_error_deg,0,45900000
owd_uplink_ms,128.1223,46000000
owd_downlink_ms,129.2974,46000000
correction_magnitude_mm,37.545815110206604,44699108
correction_magnitude_deg,0,44699108
prediction_position_error_mm,490.40287733078003,46000000
prediction_orientation_error_deg,0,46000000
prediction_position_error_mm,526.2787342071533,46100000
prediction_orientation_error_deg,0,46100000
owd_uplink_ms,124.2633,46200000
owd_downlink_ms,127.3652,46200000
correction_magnitude_mm,98.34098070859909,44902985
correction_magnitude_deg,0,44902985
owd_uplink_ms,131.898,46200000
owd_downlink_ms,129.01,46200000
prediction_position_error_mm,513.9338970184326,46200000
prediction_orientation_error_deg,0,46200000
owd_uplink_ms,127.2468,46300000
owd_downlink_ms,128.3061,46300000
correction_magnitude_mm,101.95787996053696,45000699
correction_magnitude_deg,0,45000699
prediction_position_error_mm,476.09055042266846,46300000
prediction_orientation_error_deg,0,46300000
owd_uplink_ms,129.5672,46400000
owd_downlink_ms,127.4419,46400000
correction_magnitude_mm,101.35902464389801,45098043
correction_magnitude_deg,0,45098043
prediction_position_error_mm,436.5130066871643,46400000
prediction_orientation_error_deg,0,46400000
owd_uplink_ms,124.4463,46500000
owd_downlink_ms,126.7448,46500000
correction_magnitude_mm,99.57534819841385,45200915
correction_magnitude_deg,0,45200915
prediction_position_error_mm,397.34354615211487,46500000
prediction_orientation_error_deg,0,46500000
owd_uplink_ms,124.2126,46600000
owd_downlink_ms,124.4074,46600000
correction_magnitude_mm,94.69087421894073,45301158
correction_magnitude_deg,0,45301158
prediction_position_error_mm,357.702761888504,46600000
prediction_orientation_error_deg,0,46600000
prediction_position_error_mm,380.4933428764343,46700000
prediction_orientation_error_deg,0,46700000
owd_uplink_ms,124.4488,46800000
owd_downlink_ms,123.985,46800000
correction_magnitude_mm,110.47346144914627,45500578
correction_magnitude_deg,0,45500578
owd_uplink_ms,130.0586,46800000
owd_downlink_ms,129.6193,46800000
prediction_position_error_mm,348.59755635261536,46800000
prediction_orientation_error_deg,0,46800000
owd_uplink_ms,125.9518,46900000
owd_downlink_ms,124.496,46900000
correction_magnitude_mm,97.38514572381973,45598209
correction_magnitude_deg,0,45598209
prediction_position_error_mm,301.65740847587585,46900000
prediction_orientation_error_deg,0,46900000
prediction_position_error_mm,319.9467062950134,47000000
prediction_orientation_error_deg,0,47000000
owd_uplink_ms,128.6335,47100000
owd_downlink_ms,131.6894,47100000
correction_magnitude_mm,86.52999997138977,45702028
correction_magnitude_deg,0,45702028
prediction_position_error_mm,278.07918190956116,47100000
prediction_orientation_error_deg,0,47100000
owd_uplink_ms,127.6851,47200000
owd_downlink_ms,131.797,47200000
correction_magnitude_mm,76.60369575023651,45807167
correction_magnitude_deg,0,45807167
prediction_position_error_mm,240.4940277338028,47200000
prediction_orientation_error_deg,0,47200000
owd_uplink_ms,124.9225,47300000
owd_downlink_ms,129.153,47300000
correction_magnitude_mm,67.42850691080093,45912455
correction_magnitude_deg,0,45912455
prediction_position_error_mm,206.71014487743378,47300000
prediction_orientation_error_deg,0,47300000
prediction_position_error_mm,218.59729290008545,47400000
prediction_orientation_error_deg,0,47400000
owd_uplink_ms,132.1562,47500000
owd_downlink_ms,129.7694,47500000
correction_magnitude_mm,70.44319808483124,46109471
correction_magnitude_deg,0,46109471
owd_uplink_ms,131.4431,47500000
owd_downlink_ms,129.198,47500000
correction_magnitude_mm,59.14393812417984,46206664
correction_magnitude_deg,0,46206664
prediction_position_error_mm,153.1359702348709,47500000
prediction_orientation_error_deg,0,47500000
owd_uplink_ms,131.5132,47600000
owd_downlink_ms,123.864,47600000
correction_magnitude_mm,47.75345325469971,46297103
correction_magnitude_deg,0,46297103
owd_uplink_ms,124.5217,47600000
owd_downlink_ms,125.1962,47600000
correction_magnitude_mm,33.49454700946808,46297947
correction_magnitude_deg,0,46297947
prediction_position_error_mm,1288.4330749511719,47600000
prediction_orientation_error_deg,0,47600000
prediction_position_error_mm,1388.4327411651611,47700000
prediction_orientation_error_deg,0,47700000
owd_uplink_ms,129.8932,47800000
owd_downlink_ms,131.7113,47800000
correction_magnitude_mm,79.88746464252472,46400219
correction_magnitude_deg,0,46400219
owd_uplink_ms,127.8901,47800000
owd_downlink_ms,128.5929,47800000
correction_magnitude_mm,155.44626116752625,46501097
correction_magnitude_deg,0,46501097
prediction_position_error_mm,1325.3815174102783,47800000
prediction_orientation_error_deg,0,47800000
owd_uplink_ms,126.6512,47900000
owd_downlink_ms,124.8056,47900000
correction_magnitude_mm,200.66015422344208,46598790
correction_magnitude_deg,0,46598790
prediction_position_error_mm,1278.6766290664673,47900000
prediction_orientation_error_deg,0,47900000
owd_uplink_ms,127.3824,48000000
owd_downlink_ms,128.8564,48000000
correction_magnitude_mm,229.84352707862854,46700632
correction_magnitude_deg,0,46700632
prediction_position_error_mm,1208.8627815246582,48000000
prediction_orientation_error_deg,0,48000000
owd_uplink_ms,128.1396,48100000
owd_downlink_ms,128.75,48100000
correction_magnitude_mm,242.46059358119965,46801394
correction_magnitude_deg,0,46801394
prediction_position_error_mm,1122.672200202942,48100000
prediction_orientation_error_deg,0,48100000
prediction_position_error_mm,1195.6936120986938,48200000
prediction_orientation_error_deg,0,48200000
owd_uplink_ms,130.1958,48300000
owd_downlink_ms,131.9816,48300000
correction_magnitude_mm,245.03910541534424,46903626
correction_magnitude_deg,0,46903626
owd_uplink_ms,125.8572,48300000
owd_downlink_ms,129.1604,48300000
correction_magnitude_mm,240.68795144557953,47007755
correction_magnitude_deg,0,47007755
prediction_position_error_mm,932.9279065132141,48300000
prediction_orientation_error_deg,0,48300000
prediction_position_error_mm,991.7209148406982,48400000
prediction_orientation_error_deg,0,48400000
prediction_position_error_mm,1050.4621267318726,48500000
prediction_orientation_error_deg,0,48500000
owd_uplink_ms,133.1123,48600000
owd_downlink_ms,130.0833,48600000
correction_magnitude_mm,284.4763696193695,47203968
correction_magnitude_deg,0,47203968
owd_uplink_ms,126.4814,48600000
owd_downlink_ms,123.9577,48600000
correction_magnitude_mm,253.0817687511444,47300813
correction_magnitude_deg,0,47300813
owd_uplink_ms,131.1399,48600000
owd_downlink_ms,125.0894,48600000
prediction_position_error_mm,785.3102087974548,48600000
prediction_orientation_error_deg,0,48600000
prediction_position_error_mm,831.8779468536377,48700000
prediction_orientation_error_deg,0,48700000
owd_uplink_ms,126.8478,48800000
owd_downlink_ms,131.5407,48800000
correction_magnitude_mm,223.48646819591522,47399116
correction_magnitude_deg,0,47399116
owd_uplink_ms,126.3717,48800000
owd_downlink_ms,128.449,48800000
correction_magnitude_mm,197.72006571292877,47501712
correction_magnitude_deg,0,47501712
prediction_position_error_mm,581.1880230903625,48800000
prediction_orientation_error_deg,0,48800000
owd_uplink_ms,124.7719,48900000
owd_downlink_ms,123.7823,48900000
correction_magnitude_mm,172.39829897880554,47600474
correction_magnitude_deg,0,47600474
prediction_position_error_mm,495.1586425304413,48900000
prediction_orientation_error_deg,0,48900000
prediction_position_error_mm,523.6135721206665,49000000
prediction_orientation_error_deg,0,49000000
owd_uplink_ms,132.3929,49100000
owd_downlink_ms,127.3402,49100000
correction_magnitude_mm,176.72023177146912,47794159
correction_magnitude_deg,0,47794159
prediction_position_error_mm,463.257372379303,49100000
prediction_orientation_error_deg,0,49100000
owd_uplink_ms,130.5949,49200000
owd_downlink_ms,125.7443,49200000
correction_magnitude_mm,148.760125041008,47888096
correction_magnitude_deg,0,47888096
owd_uplink_ms,125.4924,49200000
owd_downlink_ms,130.2388,49200000
correction_magnitude_mm,105.39230704307556,47894029
correction_magnitude_deg,0,47894029
prediction_position_error_mm,345.2925980091095,49200000
prediction_orientation_error_deg,0,49200000
prediction_position_error_mm,378.14971804618835,49300000
prediction_orientation_error_deg,0,49300000
owd_uplink_ms,126.0306,49400000
owd_downlink_ms,130.6795,49400000
correction_magnitude_mm,40.104471147060394,47999840
correction_magnitude_deg,0,47999840
owd_uplink_ms,125.5934,49400000
owd_downlink_ms,125.3091,49400000
prediction_position_error_mm,435.30914187431335,49400000
prediction_orientation_error_deg,0,49400000
owd_uplink_ms,126.9323,49500000
owd_downlink_ms,123.4938,49500000
correction_magnitude_mm,34.84727442264557,48195188
correction_magnitude_deg,0,48195188
prediction_position_error_mm,443.64428520202637,49500000
prediction_orientation_error_deg,0,49500000
owd_uplink_ms,125.9138,49600000
owd_downlink_ms,126.1295,49600000
correction_magnitude_mm,56.34206533432007,48295458
correction_magnitude_deg,0,48295458
prediction_position_error_mm,437.8170371055603,49600000
prediction_orientation_error_deg,0,49600000
prediction_position_error_mm,468.71668100357056,49700000
prediction_orientation_error_deg,0,49700000
owd_uplink_ms,126.7258,49800000
owd_downlink_ms,131.7928,49800000
correction_magnitude_mm,71.5847834944725,48401791
correction_magnitude_deg,0,48401791
owd_uplink_ms,124.3465,49800000
owd_downlink_ms,126.6663,49800000
correction_magnitude_mm,79.18886095285416,48504690
correction_magnitude_deg,0,48504690
prediction_position_error_mm,395.6046402454376,49800000
prediction_orientation_error_deg,0,49800000
owd_uplink_ms,127.9482,49900000
owd_downlink_ms,125.5191,49900000
correction_magnitude_mm,80.6482806801796,48601653
correction_magnitude_deg,0,48601653
prediction_position_error_mm,365.63608050346375,49900000
prediction_orientation_error_deg,0,49900000
prediction_position_error_mm,389.81467485427856,50000000
prediction_orientation_error_deg,0,50000000
prediction_position_error_mm,0,100000
prediction_orientation_error_deg,0,100000
prediction_position_error_mm,0,200000
prediction_orientation_error_deg,0,200000
prediction_position_error_mm,0,300000
prediction_orientation_error_deg,0,300000
prediction_position_error_mm,0,400000
prediction_orientation_error_deg,0,400000
prediction_position_error_mm,0,500000
prediction_orientation_error_deg,0,500000
prediction_position_error_mm,0,600000
prediction_orientation_error_deg,0,600000
prediction_position_error_mm,0,700000
prediction_orientation_error_deg,0,700000
prediction_position_error_mm,0,800000
prediction_orientation_error_deg,0,800000
prediction_position_error_mm,0,900000
prediction_orientation_error_deg,0,900000
prediction_position_error_mm,0,1000000
prediction_orientation_error_deg,0,1000000
prediction_position_error_mm,0,1100000
prediction_orientation_error_deg,0,1100000
prediction_position_error_mm,0,1200000
prediction_orientation_error_deg,0,1200000
prediction_position_error_mm,0,1300000
prediction_orientation_error_deg,0,1300000
prediction_position_error_mm,1299.9999523162842,1400000
prediction_orientation_error_deg,0,1400000
prediction_position_error_mm,1300.0023365020752,1500000
prediction_orientation_error_deg,0,1500000
prediction_position_error_mm,1300.0091314315796,1600000
prediction_orientation_error_deg,0,1600000
prediction_position_error_mm,1300.020456314087,1700000
prediction_orientation_error_deg,0,1700000
prediction_position_error_mm,1300.0361919403076,1800000
prediction_orientation_error_deg,0,1800000
prediction_position_error_mm,1300.0564575195312,1900000
prediction_orientation_error_deg,0,1900000
prediction_position_error_mm,1300.0812530517578,2000000
prediction_orientation_error_deg,0,2000000
prediction_position_error_mm,1300.1103401184082,2100000
prediction_orientation_error_deg,0,2100000
prediction_position_error_mm,1300.143837928772,2200000
prediction_orientation_error_deg,0,2200000
prediction_position_error_mm,1300.1817464828491,2300000
prediction_orientation_error_deg,0,2300000
prediction_position_error_mm,1300.2238273620605,2400000
prediction_orientation_error_deg,0,2400000
prediction_position_error_mm,1300.2238273620605,2500000
prediction_orientation_error_deg,0,2500000
prediction_position_error_mm,1300.2701997756958,2600000
prediction_orientation_error_deg,0,2600000
owd_uplink_ms,126.5496,2700000
owd_downlink_ms,126.5495,2700000
correction_magnitude_mm,1299.9999523162842,1374316
correction_magnitude_deg,0,1374316
prediction_position_error_mm,59.865448623895645,2700000
prediction_orientation_error_deg,0,2700000
prediction_position_error_mm,69.78640705347061,2800000
prediction_orientation_error_deg,0,2800000
owd_uplink_ms,127.6137,2900000
owd_downlink_ms,132.2417,2900000
owd_uplink_ms,124.3884,2900000
owd_downlink_ms,127.9661,2900000
correction_magnitude_mm,8.35126731544733,1584574
correction_magnitude_deg,0,1584574
prediction_position_error_mm,65.56608527898788,2900000
prediction_orientation_error_deg,0,2900000
owd_uplink_ms,127.4786,3000000
owd_downlink_ms,128.5943,3000000
correction_magnitude_mm,10.457486845552921,1685969
correction_magnitude_deg,0,1685969
prediction_position_error_mm,62.92766332626343,3000000
prediction_orientation_error_deg,0,3000000
owd_uplink_ms,124.1136,3100000
owd_downlink_ms,126.9866,3100000
correction_magnitude_mm,11.601551435887814,1789561
correction_magnitude_deg,0,1789561
prediction_position_error_mm,59.293102473020554,3100000
prediction_orientation_error_deg,0,3100000
owd_uplink_ms,124.1238,3200000
owd_downlink_ms,126.6582,3200000
correction_magnitude_mm,12.05686666071415,1892730
correction_magnitude_deg,0,1892730
prediction_position_error_mm,54.998885840177536,3200000
prediction_orientation_error_deg,0,3200000
owd_uplink_ms,126.3868,3300000
owd_downlink_ms,126.1625,3300000
correction_magnitude_mm,12.059122323989868,1992450
correction_magnitude_deg,0,1992450
prediction_position_error_mm,50.186287611722946,3300000
prediction_orientation_error_deg,0,3300000
owd_uplink_ms,127.8794,3400000
owd_downlink_ms,127.9462,3400000
correction_magnitude_mm,11.689894832670689,2092534
correction_magnitude_deg,0,2092534
prediction_position_error_mm,40.3636209666729,3400000
prediction_orientation_error_deg,0,3400000
owd_uplink_ms,127.9489,3500000
owd_downlink_ms,125.0023,3500000
correction_magnitude_mm,11.156371794641018,2188851
correction_magnitude_deg,0,2188851
prediction_position_error_mm,40.196388959884644,3500000
prediction_orientation_error_deg,0,3500000
owd_uplink_ms,122.4756,3600000
owd_downlink_ms,125.8077,3600000
correction_magnitude_mm,10.253341868519783,2293016
correction_magnitude_deg,0,2293016
prediction_position_error_mm,35.72872653603554,3600000
prediction_orientation_error_deg,0,3600000
owd_uplink_ms,128.5044,3700000
owd_downlink_ms,125.1836,3700000
correction_magnitude_mm,9.536974132061005,2388866
correction_magnitude_deg,0,2388866
prediction_position_error_mm,31.12095221877098,3700000
prediction_orientation_error_deg,0,3700000
prediction_position_error_mm,32.971762120723724,3800000
prediction_orientation_error_deg,0,3800000
owd_uplink_ms,130.0586,3900000
owd_downlink_ms,126.5371,3900000
correction_magnitude_mm,5.721868015825748,2584465
correction_magnitude_deg,0,2584465
prediction_position_error_mm,27.084048837423325,3900000
prediction_orientation_error_deg,0,3900000
owd_uplink_ms,130.3626,4000000
owd_downlink_ms,131.227,4000000
correction_magnitude_mm,5.823061335831881,2685546
correction_magnitude_deg,0,2685546
prediction_position_error_mm,29.67711351811886,4000000
prediction_orientation_error_deg,0,4000000
owd_uplink_ms,124.1193,4100000
owd_downlink_ms,126.4272,4100000
correction_magnitude_mm,10.612723417580128,2788432
correction_magnitude_deg,0,2788432
prediction_position_error_mm,19.187819212675095,4100000
prediction_orientation_error_deg,0,4100000
owd_uplink_ms,131.9015,4200000
owd_downlink_ms,133.9015,4200000
correction_magnitude_mm,7.338875904679298,2790933
correction_magnitude_deg,0,2790933
owd_uplink_ms,125.9357,4200000
owd_downlink_ms,128.5574,4200000
prediction_position_error_mm,104.09332066774368,4200000
prediction_orientation_error_deg,0,4200000
owd_uplink_ms,125.7485,4300000
owd_downlink_ms,125.951,4300000
correction_magnitude_mm,9.315325878560543,2994464
correction_magnitude_deg,0,2994464
prediction_position_error_mm,100.3531813621521,4300000
prediction_orientation_error_deg,0,4300000
prediction_position_error_mm,107.60367661714554,4400000
prediction_orientation_error_deg,0,4400000
owd_uplink_ms,128.2195,4500000
owd_downlink_ms,132.5623,4500000
correction_magnitude_mm,14.282580465078354,3099893
correction_magnitude_deg,0,3099893
owd_uplink_ms,126.0809,4500000
owd_downlink_ms,129.1917,4500000
correction_magnitude_mm,17.159730195999146,3203781
correction_magnitude_deg,0,3203781
prediction_position_error_mm,93.32491457462311,4500000
prediction_orientation_error_deg,0,4500000
prediction_position_error_mm,104.46640104055405,4600000
prediction_orientation_error_deg,0,4600000
owd_uplink_ms,126.9109,4700000
owd_downlink_ms,129.8474,4700000
correction_magnitude_mm,18.643053248524666,3307451
correction_magnitude_deg,0,3307451
prediction_position_error_mm,97.74041920900345,4700000
prediction_orientation_error_deg,0,4700000
owd_uplink_ms,131.4155,4800000
owd_downlink_ms,124.6443,4800000
correction_magnitude_mm,23.545699194073677,3498988
correction_magnitude_deg,0,3498988
prediction_position_error_mm,87.00548112392426,4800000
prediction_orientation_error_deg,0,4800000
owd_uplink_ms,129.0592,4900000
owd_downlink_ms,130.289,4900000
correction_magnitude_mm,16.639206558465958,3500524
correction_magnitude_deg,0,3500524
owd_uplink_ms,126.1084,4900000
owd_downlink_ms,128.5613,4900000
correction_magnitude_mm,16.1912702023983,3603590
correction_magnitude_deg,0,3603590
prediction_position_error_mm,351.61229968070984,4900000
prediction_orientation_error_deg,0,4900000
prediction_position_error_mm,378.12456488609314,5000000
prediction_orientation_error_deg,0,5000000
owd_uplink_ms,124.4696,5100000
owd_downlink_ms,131.6784,5100000
correction_magnitude_mm,39.9719774723053,3712601
correction_magnitude_deg,0,3712601
prediction_position_error_mm,377.36693024635315,5100000
prediction_orientation_error_deg,0,5100000
owd_uplink_ms,128.2502,5200000
owd_downlink_ms,128.82,5200000
correction_magnitude_mm,53.691186010837555,3813313
correction_magnitude_deg,0,3813313
prediction_position_error_mm,369.13079023361206,5200000
prediction_orientation_error_deg,0,5200000
owd_uplink_ms,130.3215,5300000
owd_downlink_ms,124.749,5300000
correction_magnitude_mm,84.14754271507263,4006347
correction_magnitude_deg,0,4006347
prediction_position_error_mm,350.7130742073059,5300000
prediction_orientation_error_deg,0,5300000
owd_uplink_ms,132.8801,5400000
owd_downlink_ms,132.3575,5400000
prediction_position_error_mm,368.4968054294586,5400000
prediction_orientation_error_deg,0,5400000
prediction_position_error_mm,390.914648771286,5500000
prediction_orientation_error_deg,0,5500000
owd_uplink_ms,132.4402,5600000
owd_downlink_ms,131.3798,5600000
correction_magnitude_mm,98.95673394203186,4204367
correction_magnitude_deg,0,4204367
owd_uplink_ms,130.1255,5600000
owd_downlink_ms,125.1458,5600000
correction_magnitude_mm,94.17518228292465,4298143
correction_magnitude_deg,0,4298143
owd_uplink_ms,123.7533,5600000
owd_downlink_ms,126.1426,5600000
correction_magnitude_mm,66.31893664598465,4301129
correction_magnitude_deg,0,4301129
prediction_position_error_mm,585.5114459991455,5600000
prediction_orientation_error_deg,0,5600000
owd_uplink_ms,128.9716,5700000
owd_downlink_ms,124.2386,5700000
prediction_position_error_mm,635.0238919258118,5700000
prediction_orientation_error_deg,0,5700000
prediction_position_error_mm,683.8597059249878,5800000
prediction_orientation_error_deg,0,5800000
owd_uplink_ms,128.4169,5900000
owd_downlink_ms,132.4559,5900000
correction_magnitude_mm,50.589315593242645,4500261
correction_magnitude_deg,0,4500261
prediction_position_error_mm,701.8495202064514,5900000
prediction_orientation_error_deg,0,5900000
owd_uplink_ms,132.0549,6000000
owd_downlink_ms,124.8437,6000000
correction_magnitude_mm,129.85298037528992,4691247
correction_magnitude_deg,0,4691247
prediction_position_error_mm,679.0995597839355,6000000
prediction_orientation_error_deg,0,6000000
owd_uplink_ms,124.7711,6100000
owd_downlink_ms,124.8282,6100000
correction_magnitude_mm,131.34922087192535,4791319
correction_magnitude_deg,0,4791319
owd_uplink_ms,129.5803,6100000
owd_downlink_ms,128.1959,6100000
prediction_position_error_mm,633.5789561271667,6100000
prediction_orientation_error_deg,0,6100000
prediction_position_error_mm,679.5457005500793,6200000
prediction_orientation_error_deg,0,6200000
prediction_position_error_mm,716.6009545326233,6300000
prediction_orientation_error_deg,0,6300000
owd_uplink_ms,129.6073,6400000
owd_downlink_ms,132.6294,6400000
correction_magnitude_mm,180.100679397583,4993367
correction_magnitude_deg,0,4993367
owd_uplink_ms,129.74,6400000
owd_downlink_ms,125.9757,6400000
correction_magnitude_mm,162.6231074333191,5088662
correction_magnitude_deg,0,5088662
prediction_position_error_mm,550.5813360214233,6400000
prediction_orientation_error_deg,0,6400000
prediction_position_error_mm,588.7537002563477,6500000
prediction_orientation_error_deg,0,6500000
owd_uplink_ms,131.1164,6600000
owd_downlink_ms,131.585,6600000
correction_magnitude_mm,142.87833869457245,5189248
correction_magnitude_deg,0,5189248
owd_uplink_ms,126.5386,6600000
owd_downlink_ms,131.2775,6600000
correction_magnitude_mm,102.02375054359436,5195172
correction_magnitude_deg,0,5195172
owd_uplink_ms,128.1761,6600000
owd_downlink_ms,129.8981,6600000
correction_magnitude_mm,48.6295223236084,5297325
correction_magnitude_deg,0,5297325
prediction_position_error_mm,270.0771391391754,6600000
prediction_orientation_error_deg,0,6600000
prediction_position_error_mm,293.63444447517395,6700000
prediction_orientation_error_deg,0,6700000
prediction_position_error_mm,317.1674609184265,6800000
prediction_orientation_error_deg,0,6800000
owd_uplink_ms,132.5186,6900000
owd_downlink_ms,131.1604,6900000
correction_magnitude_mm,8.63843783736229,5495628
correction_magnitude_deg,0,5495628
owd_uplink_ms,130.2009,6900000
owd_downlink_ms,128.4044,6900000
correction_magnitude_mm,33.87309983372688,5593383
correction_magnitude_deg,0,5593383
owd_uplink_ms,126.4526,6900000
owd_downlink_ms,128.9895,6900000
correction_magnitude_mm,24.28225614130497,5596554
correction_magnitude_deg,0,5596554
prediction_position_error_mm,10.08983887732029,6900000
prediction_orientation_error_deg,0,6900000
prediction_position_error_mm,9.405934251844883,7000000
prediction_orientation_error_deg,0,7000000
owd_uplink_ms,125.823,7100000
owd_downlink_ms,131.905,7100000
correction_magnitude_mm,16.233980655670166,5704156
correction_magnitude_deg,0,5704156
owd_uplink_ms,128.3346,7100000
owd_downlink_ms,126.8897,7100000
correction_magnitude_mm,10.602655820548534,5802349
correction_magnitude_deg,0,5802349
prediction_position_error_mm,9.88768506795168,7100000
prediction_orientation_error_deg,0,7100000
prediction_position_error_mm,11.406811885535717,7200000
prediction_orientation_error_deg,0,7200000
owd_uplink_ms,127.3257,7300000
owd_downlink_ms,123.778,7300000
correction_magnitude_mm,5.248371046036482,5997915
correction_magnitude_deg,0,5997915
owd_uplink_ms,130.4245,7300000
owd_downlink_ms,125.7541,7300000
prediction_position_error_mm,19.753169268369675,7300000
prediction_orientation_error_deg,0,7300000
owd_uplink_ms,124.4781,7400000
owd_downlink_ms,126.6019,7400000
prediction_position_error_mm,23.159410804510117,7400000
prediction_orientation_error_deg,0,7400000
prediction_position_error_mm,24.889543652534485,7500000
prediction_orientation_error_deg,0,7500000
owd_uplink_ms,129.8731,7600000
owd_downlink_ms,129.9832,7600000
prediction_position_error_mm,22.02063426375389,7600000
prediction_orientation_error_deg,0,7600000
owd_uplink_ms,124.0137,7700000
owd_downlink_ms,132.0112,7700000
owd_uplink_ms,125.5319,7700000
owd_downlink_ms,125.7701,7700000
prediction_position_error_mm,16.372838988900185,7700000
prediction_orientation_error_deg,0,7700000
prediction_position_error_mm,17.748141661286354,7800000
prediction_orientation_error_deg,0,7800000
owd_uplink_ms,131.1007,7900000
owd_downlink_ms,129.0375,7900000
correction_magnitude_mm,7.703828159719706,6602583
correction_magnitude_deg,0,6602583
prediction_position_error_mm,15.41198045015335,7900000
prediction_orientation_error_deg,0,7900000
owd_uplink_ms,131.7705,8000000
owd_downlink_ms,124.6852,8000000
correction_magnitude_mm,5.834315903484821,6693727
correction_magnitude_deg,0,6693727
prediction_position_error_mm,12.610861100256443,8000000
prediction_orientation_error_deg,0,8000000
owd_uplink_ms,130.7848,8100000
owd_downlink_ms,128.9861,8100000
prediction_position_error_mm,10.620871558785439,8100000
prediction_orientation_error_deg,0,8100000
owd_uplink_ms,125.0186,8200000
owd_downlink_ms,124.5388,8200000
owd_uplink_ms,130.5151,8200000
owd_downlink_ms,128.6185,8200000
prediction_position_error_mm,11.793730780482292,8200000
prediction_orientation_error_deg,0,8200000
prediction_position_error_mm,16.52284525334835,8300000
prediction_orientation_error_deg,0,8300000
owd_uplink_ms,128.8338,8400000
owd_downlink_ms,130.95,8400000
prediction_position_error_mm,17.24257692694664,8400000
prediction_orientation_error_deg,0,8400000
owd_uplink_ms,126.0746,8500000
owd_downlink_ms,132.7931,8500000
owd_uplink_ms,129.1009,8500000
owd_downlink_ms,125.716,8500000
prediction_position_error_mm,12.634309940040112,8500000
prediction_orientation_error_deg,0,8500000
prediction_position_error_mm,13.737247325479984,8600000
prediction_orientation_error_deg,0,8600000
owd_uplink_ms,130.7154,8700000
owd_downlink_ms,129.8585,8700000
correction_magnitude_mm,6.52326038107276,7394253
correction_magnitude_deg,0,7394253
prediction_position_error_mm,11.773314327001572,8700000
prediction_orientation_error_deg,0,8700000
owd_uplink_ms,130.7753,8800000
owd_downlink_ms,125.9218,8800000
prediction_position_error_mm,9.552646428346634,8800000
prediction_orientation_error_deg,0,8800000
owd_uplink_ms,125.3051,8900000
owd_downlink_ms,124.4827,8900000
owd_uplink_ms,129.4485,8900000
owd_downlink_ms,128.2978,8900000
prediction_position_error_mm,10.435090400278568,8900000
prediction_orientation_error_deg,0,8900000
prediction_position_error_mm,11.437316425144672,9000000
prediction_orientation_error_deg,0,9000000
owd_uplink_ms,126.0151,9100000
owd_downlink_ms,131.2171,9100000
prediction_position_error_mm,11.903698556125164,9100000
prediction_orientation_error_deg,0,9100000
owd_uplink_ms,126.2865,9200000
owd_downlink_ms,130.9426,9200000
owd_uplink_ms,126.8974,9200000
owd_downlink_ms,124.6854,9200000
prediction_position_error_mm,11.012788861989975,9200000
prediction_orientation_error_deg,0,9200000
owd_uplink_ms,123.3626,9300000
owd_downlink_ms,126.8853,9300000
prediction_position_error_mm,10.865083895623684,9300000
prediction_orientation_error_deg,0,9300000
owd_uplink_ms,126.1183,9400000
owd_downlink_ms,127.7099,9400000
prediction_position_error_mm,10.622421279549599,9400000
prediction_orientation_error_deg,0,9400000
prediction_position_error_mm,11.602703481912613,9500000
prediction_orientation_error_deg,0,9500000
owd_uplink_ms,124.5509,9600000
owd_downlink_ms,130.7774,9600000
prediction_position_error_mm,14.307685196399689,9600000
prediction_orientation_error_deg,0,9600000
prediction_position_error_mm,12.179485522210598,9700000
prediction_orientation_error_deg,0,9700000
owd_uplink_ms,132.1601,9800000
owd_downlink_ms,131.1409,9800000
correction_magnitude_mm,6.244663614779711,8408180
correction_magnitude_deg,0,8408180
owd_uplink_ms,132.3937,9800000
owd_downlink_ms,124.7044,9800000
owd_uplink_ms,123.7874,9800000
owd_downlink_ms,127.7861,9800000
prediction_position_error_mm,4.443885292857885,9800000
prediction_orientation_error_deg,0,9800000
owd_uplink_ms,127.2319,9900000
owd_downlink_ms,124.6183,9900000
prediction_position_error_mm,4.772197920829058,9900000
prediction_orientation_error_deg,0,9900000
owd_uplink_ms,124.29,10000000
owd_downlink_ms,124.7938,10000000
prediction_position_error_mm,5.053321830928326,10000000
prediction_orientation_error_deg,0,10000000
owd_uplink_ms,128.0091,10100000
owd_downlink_ms,126.2077,10100000
prediction_position_error_mm,8.819174952805042,10100000
prediction_orientation_error_deg,0,10100000
owd_uplink_ms,125.9748,10200000
owd_downlink_ms,129.058,10200000
prediction_position_error_mm,5.572011694312096,10200000
prediction_orientation_error_deg,0,10200000
prediction_position_error_mm,6.214460823684931,10300000
prediction_orientation_error_deg,0,10300000
owd_uplink_ms,124.6669,10400000
owd_downlink_ms,129.7187,10400000
prediction_position_error_mm,6.292345933616161,10400000
prediction_orientation_error_deg,0,10400000
owd_uplink_ms,126.6733,10500000
owd_downlink_ms,129.4509,10500000
owd_uplink_ms,129.1389,10500000
owd_downlink_ms,122.9593,10500000
prediction_position_error_mm,5.941263400018215,10500000
prediction_orientation_error_deg,0,10500000
owd_uplink_ms,127.9872,10600000
owd_downlink_ms,125.8976,10600000
prediction_position_error_mm,9.412252344191074,10600000
prediction_orientation_error_deg,0,10600000
owd_uplink_ms,126.6097,10700000
owd_downlink_ms,125.5763,10700000
prediction_position_error_mm,6.668822839856148,10700000
prediction_orientation_error_deg,0,10700000
owd_uplink_ms,127.8484,10800000
owd_downlink_ms,129.5565,10800000
prediction_position_error_mm,6.957361940294504,10800000
prediction_orientation_error_deg,0,10800000
prediction_position_error_mm,7.7442084439098835,10900000
prediction_orientation_error_deg,0,10900000
owd_uplink_ms,131.1338,11000000
owd_downlink_ms,125.9885,11000000
owd_uplink_ms,126.5879,11000000
owd_downlink_ms,127.1764,11000000
prediction_position_error_mm,25.6331916898489,11000000
prediction_orientation_error_deg,0,11000000
owd_uplink_ms,124.1806,11100000
owd_downlink_ms,126.1587,11100000
prediction_position_error_mm,26.190415024757385,11100000
prediction_orientation_error_deg,0,11100000
owd_uplink_ms,127.109,11200000
owd_downlink_ms,129.5337,11200000
prediction_position_error_mm,25.60172975063324,11200000
prediction_orientation_error_deg,0,11200000
owd_uplink_ms,124.998,11300000
owd_downlink_ms,125.0944,11300000
prediction_position_error_mm,24.15270358324051,11300000
prediction_orientation_error_deg,0,11300000
prediction_position_error_mm,25.514213368296623,11400000
prediction_orientation_error_deg,0,11400000
owd_uplink_ms,127.8596,11500000
owd_downlink_ms,126.5506,11500000
correction_magnitude_mm,6.703134626150131,10201112
correction_magnitude_deg,0,10201112
prediction_position_error_mm,23.520635440945625,11500000
prediction_orientation_error_deg,0,11500000
owd_uplink_ms,130.8545,11600000
owd_downlink_ms,130.418,11600000
owd_uplink_ms,127.7138,11600000
owd_downlink_ms,126.5033,11600000
correction_magnitude_mm,6.39333063736558,10299053
correction_magnitude_deg,0,10299053
prediction_position_error_mm,20.260170102119446,11600000
prediction_orientation_error_deg,0,11600000
owd_uplink_ms,125.9184,11700000
owd_downlink_ms,126.2512,11700000
correction_magnitude_mm,5.902785807847977,10399470
correction_magnitude_deg,0,10399470
prediction_position_error_mm,17.179401591420174,11700000
prediction_orientation_error_deg,0,11700000
prediction_position_error_mm,15.088100917637348,11800000
prediction_orientation_error_deg,0,11800000
owd_uplink_ms,127.1219,11900000
owd_downlink_ms,131.8941,11900000
correction_magnitude_mm,5.233134143054485,10505435
correction_magnitude_deg,0,10505435
prediction_position_error_mm,12.226281687617302,11900000
prediction_orientation_error_deg,0,11900000
owd_uplink_ms,132.7476,12000000
owd_downlink_ms,127.6268,12000000
correction_magnitude_mm,5.84405567497015,10699034
correction_magnitude_deg,0,10699034
prediction_position_error_mm,12.713953852653503,12000000
prediction_orientation_error_deg,0,12000000
owd_uplink_ms,127.7985,12100000
owd_downlink_ms,131.7808,12100000
owd_uplink_ms,127.2567,12100000
owd_downlink_ms,126.3449,12100000
prediction_position_error_mm,25.479460135102272,12100000
prediction_orientation_error_deg,0,12100000
owd_uplink_ms,126.3378,12200000
owd_downlink_ms,125.5161,12200000
prediction_position_error_mm,27.12303213775158,12200000
prediction_orientation_error_deg,0,12200000
owd_uplink_ms,128.2715,12300000
owd_downlink_ms,129.6217,12300000
prediction_position_error_mm,25.309879332780838,12300000
prediction_orientation_error_deg,0,12300000
prediction_position_error_mm,27.451042085886,12400000
prediction_orientation_error_deg,0,12400000
owd_uplink_ms,129.618,12500000
owd_downlink_ms,129.673,12500000
owd_uplink_ms,129.6488,12500000
owd_downlink_ms,127.7296,12500000
prediction_position_error_mm,24.886369705200195,12500000
prediction_orientation_error_deg,0,12500000
owd_uplink_ms,125.7226,12600000
owd_downlink_ms,125.8584,12600000
prediction_position_error_mm,24.156609550118446,12600000
prediction_orientation_error_deg,0,12600000
owd_uplink_ms,124.3467,12700000
owd_downlink_ms,123.4483,12700000
prediction_position_error_mm,23.2316292822361,12700000
prediction_orientation_error_deg,0,12700000
owd_uplink_ms,123.3363,12800000
owd_downlink_ms,123.3575,12800000
prediction_position_error_mm,22.202573716640472,12800000
prediction_orientation_error_deg,0,12800000
prediction_position_error_mm,26.12627111375332,12900000
prediction_orientation_error_deg,0,12900000
owd_uplink_ms,128.4616,13000000
owd_downlink_ms,132.0432,13000000
owd_uplink_ms,128.0367,13000000
owd_downlink_ms,123.334,13000000
prediction_position_error_mm,19.971441477537155,13000000
prediction_orientation_error_deg,0,13000000
prediction_position_error_mm,21.607453003525734,13100000
prediction_orientation_error_deg,0,13100000
owd_uplink_ms,129.8423,13200000
owd_downlink_ms,128.9933,13200000
correction_magnitude_mm,7.5718676671385765,11897809
correction_magnitude_deg,0,11897809
prediction_position_error_mm,21.54780551791191,13200000
prediction_orientation_error_deg,0,13200000
owd_uplink_ms,127.8891,13300000
owd_downlink_ms,126.0858,13300000
owd_uplink_ms,131.1655,13300000
owd_downlink_ms,129.3732,13300000
prediction_position_error_mm,20.584871992468834,13300000
prediction_orientation_error_deg,0,13300000
prediction_position_error_mm,22.087089717388153,13400000
prediction_orientation_error_deg,0,13400000
owd_uplink_ms,130.6006,13500000
owd_downlink_ms,124.5254,13500000
correction_magnitude_mm,6.634162273257971,12185722
correction_magnitude_deg,0,12185722
prediction_position_error_mm,18.62654834985733,13500000
prediction_orientation_error_deg,0,13500000
prediction_position_error_mm,21.81459031999111,13600000
prediction_orientation_error_deg,0,13600000
owd_uplink_ms,130.0561,13700000
owd_downlink_ms,132.7985,13700000
owd_uplink_ms,126.8139,13700000
owd_downlink_ms,133.0489,13700000
prediction_position_error_mm,4.894847050309181,13700000
prediction_orientation_error_deg,0,13700000
owd_uplink_ms,125.2086,13800000
owd_downlink_ms,129.7461,13800000
owd_uplink_ms,123.787,13800000
owd_downlink_ms,123.38,13800000
prediction_position_error_mm,3.3782338723540306,13800000
prediction_orientation_error_deg,0,13800000
owd_uplink_ms,125.2795,13900000
owd_downlink_ms,123.414,13900000
prediction_position_error_mm,3.4049134701490402,13900000
prediction_orientation_error_deg,0,13900000
owd_uplink_ms,127.1625,14000000
owd_downlink_ms,129.0076,14000000
prediction_position_error_mm,3.6173637490719557,14000000
prediction_orientation_error_deg,0,14000000
prediction_position_error_mm,4.200730938464403,14100000
prediction_orientation_error_deg,0,14100000
owd_uplink_ms,128.0821,14200000
owd_downlink_ms,131.0783,14200000
prediction_position_error_mm,4.55987686291337,14200000
prediction_orientation_error_deg,0,14200000
owd_uplink_ms,125.5365,14300000
owd_downlink_ms,127.4996,14300000
owd_uplink_ms,132.969,14300000
owd_downlink_ms,128.7194,14300000
prediction_position_error_mm,6.53976621106267,14300000
prediction_orientation_error_deg,0,14300000
owd_uplink_ms,128.804,14400000
owd_downlink_ms,126.4128,14400000
prediction_position_error_mm,5.622651893645525,14400000
prediction_orientation_error_deg,0,14400000
prediction_position_error_mm,6.383057218044996,14500000
prediction_orientation_error_deg,0,14500000
prediction_position_error_mm,7.1926661767065525,14600000
prediction_orientation_error_deg,0,14600000
owd_uplink_ms,131.4655,14700000
owd_downlink_ms,131.5727,14700000
owd_uplink_ms,130.8313,14700000
owd_downlink_ms,128.2355,14700000
prediction_position_error_mm,6.140703335404396,14700000
prediction_orientation_error_deg,0,14700000
owd_uplink_ms,130.3418,14800000
owd_downlink_ms,126.5559,14800000
owd_uplink_ms,124.0891,14800000
owd_downlink_ms,127.2375,14800000
prediction_position_error_mm,12.480340898036957,14800000
prediction_orientation_error_deg,0,14800000
prediction_position_error_mm,11.80778443813324,14900000
prediction_orientation_error_deg,0,14900000
owd_uplink_ms,130.162,15000000
owd_downlink_ms,127.9675,15000000
owd_uplink_ms,127.6171,15000000
owd_downlink_ms,128.4357,15000000
prediction_position_error_mm,8.526796475052834,15000000
prediction_orientation_error_deg,0,15000000
owd_uplink_ms,124.9884,15100000
owd_downlink_ms,124.776,15100000
prediction_position_error_mm,8.65105353295803,15100000
prediction_orientation_error_deg,0,15100000
prediction_position_error_mm,10.863572359085083,15200000
prediction_orientation_error_deg,0,15200000
owd_uplink_ms,128.0566,15300000
owd_downlink_ms,132.6486,15300000
prediction_position_error_mm,8.705876767635345,15300000
prediction_orientation_error_deg,0,15300000
owd_uplink_ms,129.6103,15400000
owd_downlink_ms,131.9177,15400000
owd_uplink_ms,127.028,15400000
owd_downlink_ms,128.7883,15400000
prediction_position_error_mm,8.22977814823389,15400000
prediction_orientation_error_deg,0,15400000
prediction_position_error_mm,6.767198443412781,15500000
prediction_orientation_error_deg,0,15500000
owd_uplink_ms,128.6983,15600000
owd_downlink_ms,132.0586,15600000
prediction_position_error_mm,5.670490209013224,15600000
prediction_orientation_error_deg,0,15600000
owd_uplink_ms,131.0667,15700000
owd_downlink_ms,127.8993,15700000
prediction_position_error_mm,6.577007472515106,15700000
prediction_orientation_error_deg,0,15700000
owd_uplink_ms,128.5176,15800000
owd_downlink_ms,131.8013,15800000
prediction_position_error_mm,14.872618950903416,15800000
prediction_orientation_error_deg,0,15800000
owd_uplink_ms,128.2794,15900000
owd_downlink_ms,131.6338,15900000
owd_uplink_ms,127.4969,15900000
owd_downlink_ms,128.1304,15900000
prediction_position_error_mm,17.08875596523285,15900000
prediction_orientation_error_deg,0,15900000
prediction_position_error_mm,17.662836238741875,16000000
prediction_orientation_error_deg,0,16000000
owd_uplink_ms,126.5379,16100000
owd_downlink_ms,129.6508,16100000
prediction_position_error_mm,18.18815805017948,16100000
prediction_orientation_error_deg,0,16100000
owd_uplink_ms,127.0652,16200000
owd_downlink_ms,124.41,16200000
prediction_position_error_mm,18.342724069952965,16200000
prediction_orientation_error_deg,0,16200000
owd_uplink_ms,131.5503,16300000
owd_downlink_ms,131.444,16300000
prediction_position_error_mm,19.95883882045746,16300000
prediction_orientation_error_deg,0,16300000
prediction_position_error_mm,21.623948588967323,16400000
prediction_orientation_error_deg,0,16400000
owd_uplink_ms,134.1221,16500000
owd_downlink_ms,131.634,16500000
correction_magnitude_mm,5.583908408880234,15111570
correction_magnitude_deg,0,15111570
owd_uplink_ms,130.6746,16500000
owd_downlink_ms,123.6778,16500000
owd_uplink_ms,124.8957,16500000
owd_downlink_ms,123.9495,16500000
prediction_position_error_mm,18.859390169382095,16500000
prediction_orientation_error_deg,0,16500000
prediction_position_error_mm,19.90027353167534,16600000
prediction_orientation_error_deg,0,16600000
owd_uplink_ms,132.1627,16700000
owd_downlink_ms,129.1481,16700000
prediction_position_error_mm,19.46575753390789,16700000
prediction_orientation_error_deg,0,16700000
owd_uplink_ms,126.5659,16800000
owd_downlink_ms,131.6386,16800000
prediction_position_error_mm,0.8119913982227445,16800000
prediction_orientation_error_deg,0,16800000
owd_uplink_ms,132.8133,16900000
owd_downlink_ms,128.3553,16900000
prediction_position_error_mm,1.8193082651123405,16900000
prediction_orientation_error_deg,0,16900000
owd_uplink_ms,131.353,17000000
owd_downlink_ms,125.1642,17000000
owd_uplink_ms,128.2036,17000000
owd_downlink_ms,127.9838,17000000
prediction_position_error_mm,0.47892401926219463,17000000
prediction_orientation_error_deg,0,17000000
prediction_position_error_mm,0.28961774660274386,17100000
prediction_orientation_error_deg,0,17100000
owd_uplink_ms,126.565,17200000
owd_downlink_ms,131.8242,17200000
prediction_position_error_mm,1.5209100674837828,17200000
prediction_orientation_error_deg,0,17200000
owd_uplink_ms,128.0186,17300000
owd_downlink_ms,123.93,17300000
owd_uplink_ms,131.3387,17300000
owd_downlink_ms,125.9933,17300000
prediction_position_error_mm,1.8186713568866253,17300000
prediction_orientation_error_deg,0,17300000
owd_uplink_ms,124.7213,17400000
owd_downlink_ms,130.5552,17400000
prediction_position_error_mm,2.090911380946636,17400000
prediction_orientation_error_deg,0,17400000
prediction_position_error_mm,2.537353662773967,17500000
prediction_orientation_error_deg,0,17500000
owd_uplink_ms,125.3266,17600000
owd_downlink_ms,130.5923,17600000
prediction_position_error_mm,3.875045571476221,17600000
prediction_orientation_error_deg,0,17600000
owd_uplink_ms,126.1282,17700000
owd_downlink_ms,131.7051,17700000
prediction_position_error_mm,4.775705747306347,17700000
prediction_orientation_error_deg,0,17700000
owd_uplink_ms,124.2521,17800000
owd_downlink_ms,128.8454,17800000
prediction_position_error_mm,5.654026288539171,17800000
prediction_orientation_error_deg,0,17800000
owd_uplink_ms,131.7461,17900000
owd_downlink_ms,123.0204,17900000
prediction_position_error_mm,6.3963090069592,17900000
prediction_orientation_error_deg,0,17900000
owd_uplink_ms,128.2376,18000000
owd_downlink_ms,129.831,18000000
owd_uplink_ms,127.3525,18000000
owd_downlink_ms,126.2476,18000000
prediction_position_error_mm,6.98351114988327,18000000
prediction_orientation_error_deg,0,18000000
owd_uplink_ms,126.2608,18100000
owd_downlink_ms,124.8471,18100000
prediction_position_error_mm,7.899715565145016,18100000
prediction_orientation_error_deg,0,18100000
owd_uplink_ms,126.4725,18200000
owd_downlink_ms,129.4527,18200000
prediction_position_error_mm,8.103246800601482,18200000
prediction_orientation_error_deg,0,18200000
prediction_position_error_mm,9.030187502503395,18300000
prediction_orientation_error_deg,0,18300000
owd_uplink_ms,132.5951,18400000
owd_downlink_ms,127.8326,18400000
prediction_position_error_mm,9.359963238239288,18400000
prediction_orientation_error_deg,0,18400000
owd_uplink_ms,129.6147,18500000
owd_downlink_ms,125.5619,18500000
owd_uplink_ms,126.9291,18500000
owd_downlink_ms,128.0919,18500000
prediction_position_error_mm,11.828891932964325,18500000
prediction_orientation_error_deg,0,18500000
owd_uplink_ms,123.3681,18600000
owd_downlink_ms,126.9513,18600000
prediction_position_error_mm,10.324607603251934,18600000
prediction_orientation_error_deg,0,18600000
prediction_position_error_mm,10.745617561042309,18700000
prediction_orientation_error_deg,0,18700000
owd_uplink_ms,131.2143,18800000
owd_downlink_ms,124.6528,18800000
prediction_position_error_mm,9.45673044770956,18800000
prediction_orientation_error_deg,0,18800000
owd_uplink_ms,127.9857,18900000
owd_downlink_ms,124.7919,18900000
prediction_position_error_mm,9.898503310978413,18900000
prediction_orientation_error_deg,0,18900000
owd_uplink_ms,129.5442,19000000
owd_downlink_ms,132.201,19000000
owd_uplink_ms,127.2865,19000000
owd_downlink_ms,128.7012,19000000
prediction_position_error_mm,14.68393113464117,19000000
prediction_orientation_error_deg,0,19000000
owd_uplink_ms,124.7701,19100000
owd_downlink_ms,124.3708,19100000
prediction_position_error_mm,15.757337212562561,19100000
prediction_orientation_error_deg,0,19100000
prediction_position_error_mm,17.275895923376083,19200000
prediction_orientation_error_deg,0,19200000
owd_uplink_ms,127.5078,19300000
owd_downlink_ms,132.1695,19300000
owd_uplink_ms,123.5086,19300000
owd_downlink_ms,128.3184,19300000
prediction_position_error_mm,15.797678381204605,19300000
prediction_orientation_error_deg,0,19300000
prediction_position_error_mm,17.25980080664158,19400000
prediction_orientation_error_deg,0,19400000
owd_uplink_ms,127.326,19500000
owd_downlink_ms,126.3879,19500000
owd_uplink_ms,130.8953,19500000
owd_downlink_ms,129.0146,19500000
prediction_position_error_mm,17.22126454114914,19500000
prediction_orientation_error_deg,0,19500000
prediction_position_error_mm,18.737221136689186,19600000
prediction_orientation_error_deg,0,19600000
owd_uplink_ms,127.676,19700000
owd_downlink_ms,130.3422,19700000
owd_uplink_ms,126.5454,19700000
owd_downlink_ms,123.5597,19700000
prediction_position_error_mm,17.059078440070152,19700000
prediction_orientation_error_deg,0,19700000
prediction_position_error_mm,17.32376031577587,19800000
prediction_orientation_error_deg,0,19800000
owd_uplink_ms,125.1768,19900000
owd_downlink_ms,125.3736,19900000
owd_uplink_ms,130.5331,19900000
owd_downlink_ms,126.5725,19900000
prediction_position_error_mm,16.87193289399147,19900000
prediction_orientation_error_deg,0,19900000
prediction_position_error_mm,19.682995975017548,20000000
prediction_orientation_error_deg,0,20000000
owd_uplink_ms,129.2933,20100000
owd_downlink_ms,131.7958,20100000
prediction_position_error_mm,17.221886664628983,20100000
prediction_orientation_error_deg,0,20100000
owd_uplink_ms,128.3673,20200000
owd_downlink_ms,131.1434,20200000
prediction_position_error_mm,17.762940376996994,20200000
prediction_orientation_error_deg,0,20200000
owd_uplink_ms,132.0709,20300000
owd_downlink_ms,128.6598,20300000
prediction_position_error_mm,17.240338027477264,20300000
prediction_orientation_error_deg,0,20300000
owd_uplink_ms,126.9957,20400000
owd_downlink_ms,130.7254,20400000
owd_uplink_ms,129.1302,20400000
owd_downlink_ms,127.3083,20400000
prediction_position_error_mm,7.924813777208328,20400000
prediction_orientation_error_deg,0,20400000
owd_uplink_ms,126.5024,20500000
owd_downlink_ms,127.8449,20500000
prediction_position_error_mm,9.673464111983776,20500000
prediction_orientation_error_deg,0,20500000
prediction_position_error_mm,8.35087988525629,20600000
prediction_orientation_error_deg,0,20600000
prediction_position_error_mm,8.585430681705475,20700000
prediction_orientation_error_deg,0,20700000
owd_uplink_ms,131.1321,20800000
owd_downlink_ms,132.021,20800000
owd_uplink_ms,131.1916,20800000
owd_downlink_ms,128.3155,20800000
prediction_position_error_mm,6.95536145940423,20800000
prediction_orientation_error_deg,0,20800000
prediction_position_error_mm,6.099726539105177,20900000
prediction_orientation_error_deg,0,20900000
owd_uplink_ms,130.4436,21000000
owd_downlink_ms,130.3106,21000000
owd_uplink_ms,129.2888,21000000
owd_downlink_ms,125.0958,21000000
owd_uplink_ms,128.1278,21000000
owd_downlink_ms,125.9508,21000000
prediction_position_error_mm,3.633420914411545,21000000
prediction_orientation_error_deg,0,21000000
prediction_position_error_mm,3.619472263380885,21100000
prediction_orientation_error_deg,0,21100000
owd_uplink_ms,130.9153,21200000
owd_downlink_ms,126.9913,21200000
prediction_position_error_mm,3.3187908120453358,21200000
prediction_orientation_error_deg,0,21200000
owd_uplink_ms,126.5383,21300000
owd_downlink_ms,125.042,21300000
owd_uplink_ms,129.1349,21300000
owd_downlink_ms,128.102,21300000
prediction_position_error_mm,2.147819846868515,21300000
prediction_orientation_error_deg,0,21300000
prediction_position_error_mm,2.3608338087797165,21400000
prediction_orientation_error_deg,0,21400000
owd_uplink_ms,130.0738,21500000
owd_downlink_ms,128.9423,21500000
prediction_position_error_mm,0.6523152114823461,21500000
prediction_orientation_error_deg,0,21500000
owd_uplink_ms,127.917,21600000
owd_downlink_ms,133.6414,21600000
owd_uplink_ms,126.9451,21600000
owd_downlink_ms,124.8849,21600000
prediction_position_error_mm,7.974863052368164,21600000
prediction_orientation_error_deg,0,21600000
prediction_position_error_mm,8.87078046798706,21700000
prediction_orientation_error_deg,0,21700000
owd_uplink_ms,123.0164,21800000
owd_downlink_ms,131.3808,21800000
prediction_position_error_mm,9.228539653122425,21800000
prediction_orientation_error_deg,0,21800000
owd_uplink_ms,124.148,21900000
owd_downlink_ms,128.0162,21900000
owd_uplink_ms,132.5873,21900000
owd_downlink_ms,129.3584,21900000
prediction_position_error_mm,10.22866927087307,21900000
prediction_orientation_error_deg,0,21900000
owd_uplink_ms,127.9999,22000000
owd_downlink_ms,125.2381,22000000
prediction_position_error_mm,10.397528298199177,22000000
prediction_orientation_error_deg,0,22000000
prediction_position_error_mm,11.420387774705887,22100000
prediction_orientation_error_deg,0,22100000
owd_uplink_ms,129.0761,22200000
owd_downlink_ms,129.8071,22200000
prediction_position_error_mm,11.585899628698826,22200000
prediction_orientation_error_deg,0,22200000
owd_uplink_ms,130.0712,22300000
owd_downlink_ms,132.6985,22300000
owd_uplink_ms,124.5205,22300000
owd_downlink_ms,124.3826,22300000
prediction_position_error_mm,7.517270743846893,22300000
prediction_orientation_error_deg,0,22300000
owd_uplink_ms,129.1296,22400000
owd_downlink_ms,129.6038,22400000
prediction_position_error_mm,7.6970793306827545,22400000
prediction_orientation_error_deg,0,22400000
prediction_position_error_mm,8.237678557634354,22500000
prediction_orientation_error_deg,0,22500000
owd_uplink_ms,128.5524,22600000
owd_downlink_ms,130.8785,22600000
prediction_position_error_mm,8.162500336766243,22600000
prediction_orientation_error_deg,0,22600000
owd_uplink_ms,125.4999,22700000
owd_downlink_ms,130.4726,22700000
owd_uplink_ms,129.9504,22700000
owd_downlink_ms,127.7359,22700000
prediction_position_error_mm,5.21850073710084,22700000
prediction_orientation_error_deg,0,22700000
prediction_position_error_mm,7.773471064865589,22800000
prediction_orientation_error_deg,0,22800000
owd_uplink_ms,130.9828,22900000
owd_downlink_ms,124.7059,22900000
prediction_position_error_mm,5.0255656242370605,22900000
prediction_orientation_error_deg,0,22900000
owd_uplink_ms,129.2334,23000000
owd_downlink_ms,130.7694,23000000
owd_uplink_ms,125.7208,23000000
owd_downlink_ms,128.9976,23000000
prediction_position_error_mm,24.629486724734306,23000000
prediction_orientation_error_deg,0,23000000
prediction_position_error_mm,27.213795110583305,23100000
prediction_orientation_error_deg,0,23100000
prediction_position_error_mm,28.642723336815834,23200000
prediction_orientation_error_deg,0,23200000
owd_uplink_ms,130.9592,23300000
owd_downlink_ms,132.0739,23300000
owd_uplink_ms,127.9519,23300000
owd_downlink_ms,132.0646,23300000
owd_uplink_ms,125.7575,23300000
owd_downlink_ms,124.5952,23300000
prediction_position_error_mm,6.496944464743137,23300000
prediction_orientation_error_deg,0,23300000
owd_uplink_ms,125.3673,23400000
owd_downlink_ms,123.3002,23400000
prediction_position_error_mm,6.903151515871286,23400000
prediction_orientation_error_deg,0,23400000
owd_uplink_ms,128.7441,23500000
owd_downlink_ms,128.3143,23500000
prediction_position_error_mm,7.304677739739418,23500000
prediction_orientation_error_deg,0,23500000
owd_uplink_ms,125.4377,23600000
owd_downlink_ms,128.3308,23600000
prediction_position_error_mm,7.728776428848505,23600000
prediction_orientation_error_deg,0,23600000
prediction_position_error_mm,4.9154432490468025,23700000
prediction_orientation_error_deg,0,23700000
owd_uplink_ms,130.6321,23800000
owd_downlink_ms,131.9575,23800000
owd_uplink_ms,126.7634,23800000
owd_downlink_ms,125.9236,23800000
prediction_position_error_mm,8.351452648639679,23800000
prediction_orientation_error_deg,0,23800000
prediction_position_error_mm,9.187708608806133,23900000
prediction_orientation_error_deg,0,23900000
owd_uplink_ms,127.0334,24000000
owd_downlink_ms,130.9936,24000000
prediction_position_error_mm,9.51497070491314,24000000
prediction_orientation_error_deg,0,24000000
owd_uplink_ms,127.3494,24100000
owd_downlink_ms,124.8461,24100000
prediction_position_error_mm,9.705071337521076,24100000
prediction_orientation_error_deg,0,24100000
owd_uplink_ms,131.5222,24200000
owd_downlink_ms,130.5615,24200000
prediction_position_error_mm,10.610144585371017,24200000
prediction_orientation_error_deg,0,24200000
prediction_position_error_mm,7.776319980621338,24300000
prediction_orientation_error_deg,0,24300000
owd_uplink_ms,131.1196,24400000
owd_downlink_ms,130.3551,24400000
owd_uplink_ms,124.9532,24400000
owd_downlink_ms,130.6938,24400000
prediction_position_error_mm,2.495791995897889,24400000
prediction_orientation_error_deg,0,24400000
owd_uplink_ms,131.0902,24500000
owd_downlink_ms,126.5877,24500000
owd_uplink_ms,127.5823,24500000
owd_downlink_ms,128.0872,24500000
prediction_position_error_mm,42.09955409169197,24500000
prediction_orientation_error_deg,0,24500000
owd_uplink_ms,129.9396,24600000
owd_downlink_ms,126.1033,24600000
prediction_position_error_mm,43.2099848985672,24600000
prediction_orientation_error_deg,0,24600000
owd_uplink_ms,126.6144,24700000
owd_downlink_ms,127.4768,24700000
prediction_position_error_mm,38.57309743762016,24700000
prediction_orientation_error_deg,0,24700000
owd_uplink_ms,128.5175,24800000
owd_downlink_ms,127.2053,24800000
correction_magnitude_mm,6.253955885767937,23504687
correction_magnitude_deg,0,23504687
prediction_position_error_mm,36.74325719475746,24800000
prediction_orientation_error_deg,0,24800000
prediction_position_error_mm,39.03593122959137,24900000
prediction_orientation_error_deg,0,24900000
owd_uplink_ms,130.0926,25000000
owd_downlink_ms,131.3284,25000000
correction_magnitude_mm,7.18859676271677,23606231
correction_magnitude_deg,0,23606231
prediction_position_error_mm,36.191426217556,25000000
prediction_orientation_error_deg,0,25000000
prediction_position_error_mm,42.3482321202755,25100000
prediction_orientation_error_deg,0,25100000
owd_uplink_ms,131.5612,25200000
owd_downlink_ms,129.7617,25200000
correction_magnitude_mm,9.79025661945343,23803981
correction_magnitude_deg,0,23803981
owd_uplink_ms,127.6796,25200000
owd_downlink_ms,130.4978,25200000
correction_magnitude_mm,7.064424455165863,23807503
correction_magnitude_deg,0,23807503
owd_uplink_ms,126.8726,25200000
owd_downlink_ms,123.4922,25200000
prediction_position_error_mm,51.667120307683945,25200000
prediction_orientation_error_deg,0,25200000
prediction_position_error_mm,55.92649057507515,25300000
prediction_orientation_error_deg,0,25300000
owd_uplink_ms,127.4905,25400000
owd_downlink_ms,131.7857,25400000
owd_uplink_ms,127.7449,25400000
owd_downlink_ms,125.8005,25400000
correction_magnitude_mm,5.903393961489201,24106215
correction_magnitude_deg,0,24106215
prediction_position_error_mm,49.7799851000309,25400000
prediction_orientation_error_deg,0,25400000
owd_uplink_ms,126.697,25500000
owd_downlink_ms,128.7997,25500000
correction_magnitude_mm,7.767585571855307,24208843
correction_magnitude_deg,0,24208843
prediction_position_error_mm,52.78706178069115,25500000
prediction_orientation_error_deg,0,25500000
prediction_position_error_mm,56.64201080799103,25600000
prediction_orientation_error_deg,0,25600000
prediction_position_error_mm,60.52611768245697,25700000
prediction_orientation_error_deg,0,25700000
owd_uplink_ms,131.474,25800000
owd_downlink_ms,129.6638,25800000
correction_magnitude_mm,8.472558110952377,24406580
correction_magnitude_deg,0,24406580
owd_uplink_ms,131.237,25800000
owd_downlink_ms,125.9089,25800000
correction_magnitude_mm,9.317626245319843,24499920
correction_magnitude_deg,0,24499920
prediction_position_error_mm,49.08934608101845,25800000
prediction_orientation_error_deg,0,25800000
prediction_position_error_mm,56.93140625953674,25900000
prediction_orientation_error_deg,0,25900000
owd_uplink_ms,131.3085,26000000
owd_downlink_ms,132.3945,26000000
correction_magnitude_mm,9.59561113268137,24601277
correction_magnitude_deg,0,24601277
prediction_position_error_mm,53.623467683792114,26000000
prediction_orientation_error_deg,0,26000000
owd_uplink_ms,124.7852,26100000
owd_downlink_ms,130.6935,26100000
correction_magnitude_mm,13.47015704959631,24708662
correction_magnitude_deg,0,24708662
owd_uplink_ms,131.1071,26100000
owd_downlink_ms,131.3435,26100000
correction_magnitude_mm,9.424608200788498,24708957
correction_magnitude_deg,0,24708957
owd_uplink_ms,125.1414,26100000
owd_downlink_ms,123.4459,26100000
correction_magnitude_mm,84.66106653213501,24806837
correction_magnitude_deg,0,24806837
prediction_position_error_mm,1229.5295000076294,26100000
prediction_orientation_error_deg,0,26100000
owd_uplink_ms,129.2377,26200000
owd_downlink_ms,128.3571,26200000
correction_magnitude_mm,148.91564846038818,24905736
correction_magnitude_deg,0,24905736
prediction_position_error_mm,1216.713786125183,26200000
prediction_orientation_error_deg,0,26200000
owd_uplink_ms,125.8768,26300000
owd_downlink_ms,127.0313,26300000
correction_magnitude_mm,191.69144332408905,25007179
correction_magnitude_deg,0,25007179
prediction_position_error_mm,1171.6973781585693,26300000
prediction_orientation_error_deg,0,26300000
prediction_position_error_mm,1251.7833709716797,26400000
prediction_orientation_error_deg,0,26400000
owd_uplink_ms,126.4314,26500000
owd_downlink_ms,123.0001,26500000
correction_magnitude_mm,291.42260551452637,25202889
correction_magnitude_deg,0,25202889
prediction_position_error_mm,1190.9925937652588,26500000
prediction_orientation_error_deg,0,26500000
owd_uplink_ms,132.1276,26600000
owd_downlink_ms,131.47,26600000
owd_uplink_ms,127.8898,26600000
owd_downlink_ms,129.3128,26600000
correction_magnitude_mm,280.6823253631592,25303844
correction_magnitude_deg,0,25303844
prediction_position_error_mm,1069.7276592254639,26600000
prediction_orientation_error_deg,0,26600000
prediction_position_error_mm,1141.499638557434,26700000
prediction_orientation_error_deg,0,26700000
owd_uplink_ms,130.3782,26800000
owd_downlink_ms,123.641,26800000
correction_magnitude_mm,325.5070149898529,25495423
correction_magnitude_deg,0,25495423
prediction_position_error_mm,1039.961814880371,26800000
prediction_orientation_error_deg,0,26800000
owd_uplink_ms,124.1968,26900000
owd_downlink_ms,130.1465,26900000
correction_magnitude_mm,232.81355202198029,25502860
correction_magnitude_deg,0,25502860
owd_uplink_ms,129.6117,26900000
owd_downlink_ms,126.7049,26900000
correction_magnitude_mm,132.44102895259857,25599227
correction_magnitude_deg,0,25599227
prediction_position_error_mm,368.6937093734741,26900000
prediction_orientation_error_deg,0,26900000
owd_uplink_ms,125.955,27000000
owd_downlink_ms,123.5154,27000000
correction_magnitude_mm,57.99567326903343,25696178
correction_magnitude_deg,0,25696178
prediction_position_error_mm,445.4691410064697,27000000
prediction_orientation_error_deg,0,27000000
prediction_position_error_mm,483.26659202575684,27100000
prediction_orientation_error_deg,0,27100000
owd_uplink_ms,131.2169,27200000
owd_downlink_ms,129.2393,27200000
correction_magnitude_mm,33.59593823552132,25893706
correction_magnitude_deg,0,25893706
prediction_position_error_mm,509.02819633483887,27200000
prediction_orientation_error_deg,0,27200000
owd_uplink_ms,129.4744,27300000
owd_downlink_ms,131.3459,27300000
correction_magnitude_mm,24.281084537506104,25896046
correction_magnitude_deg,0,25896046
owd_uplink_ms,128.0275,27300000
owd_downlink_ms,125.0994,27300000
correction_magnitude_mm,22.84856326878071,25992387
correction_magnitude_deg,0,25992387
prediction_position_error_mm,85.90028434991837,27300000
prediction_orientation_error_deg,0,27300000
owd_uplink_ms,127.5684,27400000
owd_downlink_ms,128.7628,27400000
correction_magnitude_mm,21.22947946190834,26093880
correction_magnitude_deg,0,26093880
prediction_position_error_mm,72.14251160621643,27400000
prediction_orientation_error_deg,0,27400000
prediction_position_error_mm,81.79836720228195,27500000
prediction_orientation_error_deg,0,27500000
owd_uplink_ms,125.6103,27600000
owd_downlink_ms,131.3855,27600000
correction_magnitude_mm,19.496191293001175,26201099
correction_magnitude_deg,0,26201099
prediction_position_error_mm,73.26864451169968,27600000
prediction_orientation_error_deg,0,27600000
owd_uplink_ms,123.9064,27700000
owd_downlink_ms,129.4577,27700000
correction_magnitude_mm,17.725061625242233,26308037
correction_magnitude_deg,0,26308037
prediction_position_error_mm,60.66465750336647,27700000
prediction_orientation_error_deg,0,27700000
owd_uplink_ms,129.8681,27800000
owd_downlink_ms,130.5898,27800000
correction_magnitude_mm,16.031021252274513,26408939
correction_magnitude_deg,0,26408939
prediction_position_error_mm,53.15535515546799,27800000
prediction_orientation_error_deg,0,27800000
prediction_position_error_mm,61.46003678441048,27900000
prediction_orientation_error_deg,0,27900000
owd_uplink_ms,130.2033,28000000
owd_downlink_ms,129.485,28000000
correction_magnitude_mm,17.617596313357353,26608040
correction_magnitude_deg,0,26608040
owd_uplink_ms,132.3583,28000000
owd_downlink_ms,131.1901,28000000
prediction_position_error_mm,55.99571764469147,28000000
prediction_orientation_error_deg,0,28000000
owd_uplink_ms,132.1801,28100000
owd_downlink_ms,125.9896,28100000
correction_magnitude_mm,18.430113792419434,26798841
correction_magnitude_deg,0,26798841
prediction_position_error_mm,45.0938381254673,28100000
prediction_orientation_error_deg,0,28100000
owd_uplink_ms,124.4336,28200000
owd_downlink_ms,131.0633,28200000
correction_magnitude_mm,12.744108214974403,26807127
correction_magnitude_deg,0,26807127
prediction_position_error_mm,15.329803340137005,28200000
prediction_orientation_error_deg,0,28200000
owd_uplink_ms,131.4716,28300000
owd_downlink_ms,127.1484,28300000
prediction_position_error_mm,17.393548041582108,28300000
prediction_orientation_error_deg,0,28300000
prediction_position_error_mm,19.022434949874878,28400000
prediction_orientation_error_deg,0,28400000
owd_uplink_ms,131.0327,28500000
owd_downlink_ms,132.0819,28500000
owd_uplink_ms,128.6672,28500000
owd_downlink_ms,128.9153,28500000
prediction_position_error_mm,25.78766830265522,28500000
prediction_orientation_error_deg,0,28500000
owd_uplink_ms,130.9869,28600000
owd_downlink_ms,130.5139,28600000
owd_uplink_ms,126.4958,28600000
owd_downlink_ms,127.5342,28600000
prediction_position_error_mm,27.011489495635033,28600000
prediction_orientation_error_deg,0,28600000
prediction_position_error_mm,23.718129843473434,28700000
prediction_orientation_error_deg,0,28700000
prediction_position_error_mm,25.287862867116928,28800000
prediction_orientation_error_deg,0,28800000
owd_uplink_ms,131.3365,28900000
owd_downlink_ms,130.1861,28900000
owd_uplink_ms,128.0558,28900000
owd_downlink_ms,131.4622,28900000
owd_uplink_ms,124.3217,28900000
owd_downlink_ms,125.2681,28900000
prediction_position_error_mm,6.743625737726688,28900000
prediction_orientation_error_deg,0,28900000
prediction_position_error_mm,7.445351220667362,29000000
prediction_orientation_error_deg,0,29000000
owd_uplink_ms,132.7984,29100000
owd_downlink_ms,126.7698,29100000
prediction_position_error_mm,5.501971580088139,29100000
prediction_orientation_error_deg,0,29100000
owd_uplink_ms,130.7007,29200000
owd_downlink_ms,127.8928,29200000
prediction_position_error_mm,4.71248896792531,29200000
prediction_orientation_error_deg,0,29200000
owd_uplink_ms,126.2359,29300000
owd_downlink_ms,129.9973,29300000
owd_uplink_ms,128.3496,29300000
owd_downlink_ms,127.3133,29300000
prediction_position_error_mm,2.70738173276186,29300000
prediction_orientation_error_deg,0,29300000
prediction_position_error_mm,7.796835619956255,29400000
prediction_orientation_error_deg,0,29400000
owd_uplink_ms,126.1259,29500000
owd_downlink_ms,123.8908,29500000
owd_uplink_ms,129.8311,29500000
owd_downlink_ms,130.1561,29500000
prediction_position_error_mm,5.285659339278936,29500000
prediction_orientation_error_deg,0,29500000
owd_uplink_ms,123.914,29600000
owd_downlink_ms,123.3828,29600000
prediction_position_error_mm,4.1354321874678135,29600000
prediction_orientation_error_deg,0,29600000
prediction_position_error_mm,5.436351057142019,29700000
prediction_orientation_error_deg,0,29700000
owd_uplink_ms,127.827,29800000
owd_downlink_ms,130.5019,29800000
prediction_position_error_mm,4.805937875062227,29800000
prediction_orientation_error_deg,0,29800000
prediction_position_error_mm,5.256512202322483,29900000
prediction_orientation_error_deg,0,29900000
owd_uplink_ms,130.4591,30000000
owd_downlink_ms,130.8518,30000000
correction_magnitude_mm,5.036595743149519,28601192
correction_magnitude_deg,0,28601192
owd_uplink_ms,127.9167,30000000
owd_downlink_ms,124.6244,30000000
prediction_position_error_mm,4.421599209308624,30000000
prediction_orientation_error_deg,0,30000000
owd_uplink_ms,131.4173,30100000
owd_downlink_ms,131.4732,30100000
owd_uplink_ms,126.4561,30100000
owd_downlink_ms,125.6892,30100000
correction_magnitude_mm,56.02698400616646,28796190
correction_magnitude_deg,0,28796190
prediction_position_error_mm,771.3104486465454,30100000
prediction_orientation_error_deg,0,30100000
prediction_position_error_mm,826.9792795181274,30200000
prediction_orientation_error_deg,0,30200000
owd_uplink_ms,128.0125,30300000
owd_downlink_ms,132.0996,30300000
correction_magnitude_mm,98.17594289779663,28901298
correction_magnitude_deg,0,28901298
prediction_position_error_mm,809.0735077857971,30300000
prediction_orientation_error_deg,0,30300000
owd_uplink_ms,127.3634,30400000
owd_downlink_ms,129.744,30400000
correction_magnitude_mm,123.48421663045883,29004273
correction_magnitude_deg,0,29004273
prediction_position_error_mm,774.6458649635315,30400000
prediction_orientation_error_deg,0,30400000
owd_uplink_ms,130.1095,30500000
owd_downlink_ms,125.8065,30500000
correction_magnitude_mm,187.11718916893005,29198895
correction_magnitude_deg,0,29198895
prediction_position_error_mm,735.1437211036682,30500000
prediction_orientation_error_deg,0,30500000
owd_uplink_ms,127.6017,30600000
owd_downlink_ms,125.6868,30600000
correction_magnitude_mm,171.51136696338654,29296502
correction_magnitude_deg,0,29296502
prediction_position_error_mm,656.3640236854553,30600000
prediction_orientation_error_deg,0,30600000
owd_uplink_ms,130.9862,30700000
owd_downlink_ms,131.6714,30700000
correction_magnitude_mm,120.45212835073471,29297359
correction_magnitude_deg,0,29297359
prediction_position_error_mm,1386.5903615951538,30700000
prediction_orientation_error_deg,0,30700000
owd_uplink_ms,129.1414,30800000
owd_downlink_ms,124.1011,30800000
correction_magnitude_mm,114.15883153676987,29491059
correction_magnitude_deg,0,29491059
prediction_position_error_mm,1434.1681003570557,30800000
prediction_orientation_error_deg,0,30800000
owd_uplink_ms,125.8437,30900000
owd_downlink_ms,124.9581,30900000
correction_magnitude_mm,186.68633699417114,29589953
correction_magnitude_deg,0,29589953
owd_uplink_ms,131.2883,30900000
owd_downlink_ms,125.8514,30900000
prediction_position_error_mm,1407.1837663650513,30900000
prediction_orientation_error_deg,0,30900000
prediction_position_error_mm,1499.739646911621,31000000
prediction_orientation_error_deg,0,31000000
owd_uplink_ms,128.8072,31100000
owd_downlink_ms,130.4787,31100000
correction_magnitude_mm,321.1349844932556,29785248
correction_magnitude_deg,0,29785248
prediction_position_error_mm,1441.1057233810425,31100000
prediction_orientation_error_deg,0,31100000
owd_uplink_ms,126.5333,31200000
owd_downlink_ms,132.7583,31200000
correction_magnitude_mm,231.61284625530243,29793030
correction_magnitude_deg,0,29793030
owd_uplink_ms,123.3007,31200000
owd_downlink_ms,126.398,31200000
correction_magnitude_mm,165.27099907398224,29896902
correction_magnitude_deg,0,29896902
prediction_position_error_mm,91.38733148574829,31200000
prediction_orientation_error_deg,0,31200000
prediction_position_error_mm,94.91904824972153,31300000
prediction_orientation_error_deg,0,31300000
owd_uplink_ms,130.1716,31400000
owd_downlink_ms,125.2443,31400000
correction_magnitude_mm,108.11421275138855,30090744
correction_magnitude_deg,0,30090744
prediction_position_error_mm,39.26023468375206,31400000
prediction_orientation_error_deg,0,31400000
owd_uplink_ms,129.4904,31500000
owd_downlink_ms,129.6802,31500000
correction_magnitude_mm,72.45493680238724,30190982
correction_magnitude_deg,0,30190982
prediction_position_error_mm,14.41787090152502,31500000
prediction_orientation_error_deg,0,31500000
owd_uplink_ms,130.6454,31600000
owd_downlink_ms,128.7788,31600000
correction_magnitude_mm,50.50502344965935,30288649
correction_magnitude_deg,0,30288649
prediction_position_error_mm,54.94729429483414,31600000
prediction_orientation_error_deg,0,31600000
owd_uplink_ms,125.0249,31700000
owd_downlink_ms,132.3766,31700000
correction_magnitude_mm,34.26560387015343,30297839
correction_magnitude_deg,0,30297839
owd_uplink_ms,124.8687,31700000
owd_downlink_ms,125.7773,31700000
correction_magnitude_mm,5.650314036756754,30398975
correction_magnitude_deg,0,30398975
prediction_position_error_mm,232.64218866825104,31700000
prediction_orientation_error_deg,0,31700000
prediction_position_error_mm,255.8588683605194,31800000
prediction_orientation_error_deg,0,31800000
owd_uplink_ms,128.9848,31900000
owd_downlink_ms,128.6434,31900000
correction_magnitude_mm,32.41386264562607,30598549
correction_magnitude_deg,0,30598549
owd_uplink_ms,131.8811,31900000
owd_downlink_ms,130.1182,31900000
prediction_position_error_mm,257.9251527786255,31900000
prediction_orientation_error_deg,0,31900000
owd_uplink_ms,128.2495,32000000
owd_downlink_ms,129.0073,32000000
correction_magnitude_mm,40.13177007436752,30697294
correction_magnitude_deg,0,30697294
prediction_position_error_mm,242.548868060112,32000000
prediction_orientation_error_deg,0,32000000
owd_uplink_ms,124.7652,32100000
owd_downlink_ms,123.7565,32100000
correction_magnitude_mm,44.31942105293274,30796034
correction_magnitude_deg,0,30796034
prediction_position_error_mm,228.107750415802,32100000
prediction_orientation_error_deg,0,32100000
owd_uplink_ms,128.6428,32200000
owd_downlink_ms,129.6589,32200000
correction_magnitude_mm,46.42186313867569,30897305
correction_magnitude_deg,0,30897305
prediction_position_error_mm,211.3305628299713,32200000
prediction_orientation_error_deg,0,32200000
prediction_position_error_mm,225.0165343284607,32300000
prediction_orientation_error_deg,0,32300000
owd_uplink_ms,130.1675,32400000
owd_downlink_ms,128.5994,32400000
correction_magnitude_mm,59.63432788848877,31095345
correction_magnitude_deg,0,31095345
prediction_position_error_mm,214.13283050060272,32400000
prediction_orientation_error_deg,0,32400000
owd_uplink_ms,126.5493,32500000
owd_downlink_ms,131.9014,32500000
correction_magnitude_mm,42.94018819928169,31102035
correction_magnitude_deg,0,31102035
prediction_position_error_mm,60.26873365044594,32500000
prediction_orientation_error_deg,0,32500000
owd_uplink_ms,130.8123,32600000
owd_downlink_ms,124.4425,32600000
correction_magnitude_mm,17.32494682073593,31294073
correction_magnitude_deg,0,31294073
owd_uplink_ms,123.7514,32600000
owd_downlink_ms,128.8584,32600000
correction_magnitude_mm,12.022092007100582,31300456
correction_magnitude_deg,0,31300456
prediction_position_error_mm,152.51308679580688,32600000
prediction_orientation_error_deg,0,32600000
owd_uplink_ms,126.0521,32700000
owd_downlink_ms,128.7385,32700000
prediction_position_error_mm,156.992569565773,32700000
prediction_orientation_error_deg,0,32700000
owd_uplink_ms,128.4459,32800000
owd_downlink_ms,127.8415,32800000
correction_magnitude_mm,15.112331137061119,31503058
correction_magnitude_deg,0,31503058
prediction_position_error_mm,163.90371322631836,32800000
prediction_orientation_error_deg,0,32800000
owd_uplink_ms,128.7945,32900000
owd_downlink_ms,128.1757,32900000
correction_magnitude_mm,22.314345464110374,31602284
correction_magnitude_deg,0,31602284
prediction_position_error_mm,160.2754443883896,32900000
prediction_orientation_error_deg,0,32900000
owd_uplink_ms,130.0452,33000000
owd_downlink_ms,128.9324,33000000
correction_magnitude_mm,26.654526591300964,31700892
correction_magnitude_deg,0,31700892
prediction_position_error_mm,152.88996696472168,33000000
prediction_orientation_error_deg,0,33000000
prediction_position_error_mm,158.13809633255005,33100000
prediction_orientation_error_deg,0,33100000
prediction_position_error_mm,173.55424165725708,33200000
prediction_orientation_error_deg,0,33200000
owd_uplink_ms,132.0199,33300000
owd_downlink_ms,130.9935,33300000
correction_magnitude_mm,34.16848182678223,31899610
correction_magnitude_deg,0,31899610
owd_uplink_ms,131.7845,33300000
owd_downlink_ms,127.8348,33300000
correction_magnitude_mm,38.555968552827835,31994673
correction_magnitude_deg,0,31994673
owd_uplink_ms,128.0671,33300000
owd_downlink_ms,127.8798,33300000
prediction_position_error_mm,138.9758437871933,33300000
prediction_orientation_error_deg,0,33300000
owd_uplink_ms,126.2682,33400000
owd_downlink_ms,128.3097,33400000
correction_magnitude_mm,35.66209226846695,32096991
correction_magnitude_deg,0,32096991
prediction_position_error_mm,123.249351978302,33400000
prediction_orientation_error_deg,0,33400000
owd_uplink_ms,124.732,33500000
owd_downlink_ms,127.6626,33500000
correction_magnitude_mm,32.603103667497635,32200654
correction_magnitude_deg,0,32200654
prediction_position_error_mm,108.75596851110458,33500000
prediction_orientation_error_deg,0,33500000
prediction_position_error_mm,115.354023873806,33600000
prediction_orientation_error_deg,0,33600000
owd_uplink_ms,128.1526,33700000
owd_downlink_ms,132.0439,33700000
correction_magnitude_mm,29.50504422187805,32305518
correction_magnitude_deg,0,32305518
prediction_position_error_mm,101.32723301649094,33700000
prediction_orientation_error_deg,0,33700000
owd_uplink_ms,132.2687,33800000
owd_downlink_ms,129.1183,33800000
correction_magnitude_mm,32.16341510415077,32501579
correction_magnitude_deg,0,32501579
prediction_position_error_mm,91.0349115729332,33800000
prediction_orientation_error_deg,0,33800000
owd_uplink_ms,127.1011,33900000
owd_downlink_ms,131.5666,33900000
correction_magnitude_mm,22.524721920490265,32507160
correction_magnitude_deg,0,32507160
prediction_position_error_mm,79.13627475500107,33900000
prediction_orientation_error_deg,0,33900000
owd_uplink_ms,128.8194,34000000
owd_downlink_ms,129.6373,34000000
correction_magnitude_mm,8.815892040729523,32608182
correction_magnitude_deg,0,32608182
prediction_position_error_mm,97.37184643745422,34000000
prediction_orientation_error_deg,0,34000000
owd_uplink_ms,132.2076,34100000
owd_downlink_ms,129.1292,34100000
correction_magnitude_mm,7.542603183537722,32804334
correction_magnitude_deg,0,32804334
prediction_position_error_mm,95.67257761955261,34100000
prediction_orientation_error_deg,0,34100000
owd_uplink_ms,129.6345,34200000
owd_downlink_ms,130.7397,34200000
correction_magnitude_mm,5.446712952107191,32805715
correction_magnitude_deg,0,32805715
owd_uplink_ms,126.3215,34200000
owd_downlink_ms,125.1136,34200000
prediction_position_error_mm,58.137938380241394,34200000
prediction_orientation_error_deg,0,34200000
owd_uplink_ms,124.4973,34300000
owd_downlink_ms,126.4203,34300000
correction_magnitude_mm,5.5492231622338295,33006608
correction_magnitude_deg,0,33006608
prediction_position_error_mm,64.1750618815422,34300000
prediction_orientation_error_deg,0,34300000
prediction_position_error_mm,68.76830756664276,34400000
prediction_orientation_error_deg,0,34400000
owd_uplink_ms,130.9921,34500000
owd_downlink_ms,123.4004,34500000
correction_magnitude_mm,13.243889436125755,33197119
correction_magnitude_deg,0,33197119
owd_uplink_ms,123.0238,34500000
owd_downlink_ms,125.3299,34500000
correction_magnitude_mm,9.251337498426437,33200001
correction_magnitude_deg,0,33200001
prediction_position_error_mm,66.40256941318512,34500000
prediction_orientation_error_deg,0,34500000
owd_uplink_ms,125.1344,34600000
owd_downlink_ms,123.4695,34600000
prediction_position_error_mm,67.64663010835648,34600000
prediction_orientation_error_deg,0,34600000
prediction_position_error_mm,72.96979427337646,34700000
prediction_orientation_error_deg,0,34700000
owd_uplink_ms,125.0362,34800000
owd_downlink_ms,130.4679,34800000
owd_uplink_ms,127.4326,34800000
owd_downlink_ms,129.2743,34800000
correction_magnitude_mm,8.755176328122616,33507011
correction_magnitude_deg,0,33507011
prediction_position_error_mm,74.02245700359344,34800000
prediction_orientation_error_deg,0,34800000
owd_uplink_ms,127.4373,34900000
owd_downlink_ms,126.9491,34900000
correction_magnitude_mm,10.915840975940228,33606400
correction_magnitude_deg,0,33606400
prediction_position_error_mm,66.39063358306885,34900000
prediction_orientation_error_deg,0,34900000
owd_uplink_ms,124.0507,35000000
owd_downlink_ms,123.6264,35000000
correction_magnitude_mm,12.113457545638084,33705869
correction_magnitude_deg,0,33705869
prediction_position_error_mm,62.66145408153534,35000000
prediction_orientation_error_deg,0,35000000
owd_uplink_ms,128.7833,35100000
owd_downlink_ms,128.1603,35100000
correction_magnitude_mm,12.570705264806747,33805090
correction_magnitude_deg,0,33805090
prediction_position_error_mm,58.24850872159004,35100000
prediction_orientation_error_deg,0,35100000
owd_uplink_ms,125.3305,35200000
owd_downlink_ms,123.3275,35200000
correction_magnitude_mm,12.366028502583504,33902586
correction_magnitude_deg,0,33902586
prediction_position_error_mm,58.52436646819115,35200000
prediction_orientation_error_deg,0,35200000
prediction_position_error_mm,57.059675455093384,35300000
prediction_orientation_error_deg,0,35300000
prediction_position_error_mm,65.6019002199173,35400000
prediction_orientation_error_deg,0,35400000
owd_uplink_ms,131.5398,35500000
owd_downlink_ms,131.489,35500000
correction_magnitude_mm,15.48777800053358,34102522
correction_magnitude_deg,0,34102522
owd_uplink_ms,130.3415,35500000
owd_downlink_ms,131.5879,35500000
correction_magnitude_mm,10.970463976264,34104079
correction_magnitude_deg,0,34104079
prediction_position_error_mm,242.07349121570587,35500000
prediction_orientation_error_deg,0,35500000
owd_uplink_ms,129.9932,35600000
owd_downlink_ms,123.5395,35600000
correction_magnitude_mm,27.157682925462723,34296012
correction_magnitude_deg,0,34296012
owd_uplink_ms,127.9474,35600000
owd_downlink_ms,126.8178,35600000
prediction_position_error_mm,241.2489801645279,35600000
prediction_orientation_error_deg,0,35600000
prediction_position_error_mm,263.52426409721375,35700000
prediction_orientation_error_deg,0,35700000
owd_uplink_ms,123.5207,35800000
owd_downlink_ms,131.8458,35800000
correction_magnitude_mm,37.628173828125,34405006
correction_magnitude_deg,0,34405006
prediction_position_error_mm,255.11977076530457,35800000
prediction_orientation_error_deg,0,35800000
prediction_position_error_mm,271.40021324157715,35900000
prediction_orientation_error_deg,0,35900000
owd_uplink_ms,131.0954,36000000
owd_downlink_ms,129.7962,36000000
correction_magnitude_mm,59.05640870332718,34603381
correction_magnitude_deg,0,34603381
owd_uplink_ms,127.3283,36000000
owd_downlink_ms,130.7866,36000000
correction_magnitude_mm,41.7933315038681,34607703
correction_magnitude_deg,0,34607703
owd_uplink_ms,126.56,36000000
owd_downlink_ms,122.8908,36000000
correction_magnitude_mm,16.637975350022316,34703116
correction_magnitude_deg,0,34703116
prediction_position_error_mm,175.62001943588257,36000000
prediction_orientation_error_deg,0,36000000
prediction_position_error_mm,184.92285907268524,36100000
prediction_orientation_error_deg,0,36100000
owd_uplink_ms,125.4494,36200000
owd_downlink_ms,123.5998,36200000
correction_magnitude_mm,15.92375710606575,34900803
correction_magnitude_deg,0,34900803
owd_uplink_ms,130.4838,36200000
owd_downlink_ms,129.2351,36200000
prediction_position_error_mm,196.04553282260895,36200000
prediction_orientation_error_deg,0,36200000
owd_uplink_ms,128.3873,36300000
owd_downlink_ms,124.664,36300000
correction_magnitude_mm,23.759540170431137,34994590
correction_magnitude_deg,0,34994590
prediction_position_error_mm,188.12653422355652,36300000
prediction_orientation_error_deg,0,36300000
owd_uplink_ms,125.5253,36400000
owd_downlink_ms,125.9853,36400000
correction_magnitude_mm,29.767584055662155,35095166
correction_magnitude_deg,0,35095166
prediction_position_error_mm,185.6505125761032,36400000
prediction_orientation_error_deg,0,36400000
prediction_position_error_mm,193.20297241210938,36500000
prediction_orientation_error_deg,0,36500000
owd_uplink_ms,128.6191,36600000
owd_downlink_ms,129.1637,36600000
correction_magnitude_mm,45.27992010116577,35295847
correction_magnitude_deg,0,35295847
prediction_position_error_mm,183.17227065563202,36600000
prediction_orientation_error_deg,0,36600000
owd_uplink_ms,132.2292,36700000
owd_downlink_ms,132.399,36700000
correction_magnitude_mm,31.731020659208298,35296060
correction_magnitude_deg,0,35296060
prediction_position_error_mm,1449.7953653335571,36700000
prediction_orientation_error_deg,0,36700000
prediction_position_error_mm,1549.7915744781494,36800000
prediction_orientation_error_deg,0,36800000
owd_uplink_ms,131.6692,36900000
owd_downlink_ms,132.4627,36900000
correction_magnitude_mm,188.69593739509583,35497052
correction_magnitude_deg,0,35497052
owd_uplink_ms,125.8591,36900000
owd_downlink_ms,132.1157,36900000
correction_magnitude_mm,139.68653976917267,35504872
correction_magnitude_deg,0,35504872
prediction_position_error_mm,773.5769152641296,36900000
prediction_orientation_error_deg,0,36900000
owd_uplink_ms,131.6807,37000000
owd_downlink_ms,125.6247,37000000
correction_magnitude_mm,191.52960181236267,35697303
correction_magnitude_deg,0,35697303
owd_uplink_ms,129.0057,37000000
owd_downlink_ms,126.4841,37000000
prediction_position_error_mm,725.5010604858398,37000000
prediction_orientation_error_deg,0,37000000
owd_uplink_ms,127.3182,37100000
owd_downlink_ms,125.4622,37100000
correction_magnitude_mm,177.3647665977478,35791832
correction_magnitude_deg,0,35791832
prediction_position_error_mm,643.9299583435059,37100000
prediction_orientation_error_deg,0,37100000
owd_uplink_ms,122.4749,37200000
owd_downlink_ms,124.2923,37200000
correction_magnitude_mm,164.82087969779968,35894104
correction_magnitude_deg,0,35894104
prediction_position_error_mm,570.9694623947144,37200000
prediction_orientation_error_deg,0,37200000
prediction_position_error_mm,605.7350635528564,37300000
prediction_orientation_error_deg,0,37300000
owd_uplink_ms,129.65,37400000
owd_downlink_ms,124.3827,37400000
correction_magnitude_mm,183.4133118391037,36087521
correction_magnitude_deg,0,36087521
owd_uplink_ms,127.5057,37400000
owd_downlink_ms,125.4026,37400000
prediction_position_error_mm,548.1163859367371,37400000
prediction_orientation_error_deg,0,37400000
prediction_position_error_mm,579.9911618232727,37500000
prediction_orientation_error_deg,0,37500000
owd_uplink_ms,128.039,37600000
owd_downlink_ms,126.7702,37600000
correction_magnitude_mm,191.50367379188538,36283308
correction_magnitude_deg,0,36283308
prediction_position_error_mm,515.7550573348999,37600000
prediction_orientation_error_deg,0,37600000
owd_uplink_ms,130.1937,37700000
owd_downlink_ms,133.1874,37700000
correction_magnitude_mm,134.9644958972931,36287051
correction_magnitude_deg,0,36287051
prediction_position_error_mm,1024.2828130722046,37700000
prediction_orientation_error_deg,0,37700000
owd_uplink_ms,127.0407,37800000
owd_downlink_ms,126.5143,37800000
correction_magnitude_mm,62.998346984386444,36486394
correction_magnitude_deg,0,36486394
prediction_position_error_mm,1072.235107421875,37800000
prediction_orientation_error_deg,0,37800000
owd_uplink_ms,129.9544,37900000
owd_downlink_ms,132.9739,37900000
correction_magnitude_mm,47.22694307565689,36490169
correction_magnitude_deg,0,36490169
owd_uplink_ms,128.9565,37900000
owd_downlink_ms,130.1663,37900000
correction_magnitude_mm,74.30572062730789,36591682
correction_magnitude_deg,0,36591682
prediction_position_error_mm,556.2994480133057,37900000
prediction_orientation_error_deg,0,37900000
owd_uplink_ms,127.0181,38000000
owd_downlink_ms,124.9133,38000000
correction_magnitude_mm,89.26427364349365,36689052
correction_magnitude_deg,0,36689052
prediction_position_error_mm,532.1470499038696,38000000
prediction_orientation_error_deg,0,38000000
prediction_position_error_mm,568.1040287017822,38100000
prediction_orientation_error_deg,0,38100000
owd_uplink_ms,126.4937,38200000
owd_downlink_ms,126.9936,38200000
correction_magnitude_mm,134.0673267841339,36889678
correction_magnitude_deg,0,36889678
owd_uplink_ms,128.8778,38200000
owd_downlink_ms,127.7999,38200000
prediction_position_error_mm,537.5987887382507,38200000
prediction_orientation_error_deg,0,38200000
owd_uplink_ms,126.3375,38300000
owd_downlink_ms,127.1342,38300000
correction_magnitude_mm,127.40406394004822,36989328
correction_magnitude_deg,0,36989328
prediction_position_error_mm,483.11173915863037,38300000
prediction_orientation_error_deg,0,38300000
owd_uplink_ms,125.6658,38400000
owd_downlink_ms,125.1466,38400000
correction_magnitude_mm,118.8361644744873,37088680
correction_magnitude_deg,0,37088680
prediction_position_error_mm,434.953510761261,38400000
prediction_orientation_error_deg,0,38400000
owd_uplink_ms,123.0149,38500000
owd_downlink_ms,124.7533,38500000
correction_magnitude_mm,110.16875505447388,37190853
correction_magnitude_deg,0,37190853
prediction_position_error_mm,381.8421959877014,38500000
prediction_orientation_error_deg,0,38500000
prediction_position_error_mm,409.5665216445923,38600000
prediction_orientation_error_deg,0,38600000
owd_uplink_ms,124.0716,38700000
owd_downlink_ms,131.4343,38700000
correction_magnitude_mm,102.7677059173584,37300056
correction_magnitude_deg,0,37300056
prediction_position_error_mm,362.64359951019287,38700000
prediction_orientation_error_deg,0,38700000
owd_uplink_ms,129.9034,38800000
owd_downlink_ms,130.2688,38800000
correction_magnitude_mm,92.34893321990967,37400512
correction_magnitude_deg,0,37400512
owd_uplink_ms,125.1599,38800000
owd_downlink_ms,127.7763,38800000
correction_magnitude_mm,82.93169736862183,37503782
correction_magnitude_deg,0,37503782
prediction_position_error_mm,256.63405656814575,38800000
prediction_orientation_error_deg,0,38800000
owd_uplink_ms,126.9523,38900000
owd_downlink_ms,128.0331,38900000
correction_magnitude_mm,73.49652051925659,37605132
correction_magnitude_deg,0,37605132
prediction_position_error_mm,221.94227576255798,38900000
prediction_orientation_error_deg,0,38900000
owd_uplink_ms,126.9908,39000000
owd_downlink_ms,123.7867,39000000
correction_magnitude_mm,63.77105414867401,37701127
correction_magnitude_deg,0,37701127
prediction_position_error_mm,190.30722975730896,39000000
prediction_orientation_error_deg,0,39000000
prediction_position_error_mm,201.72610878944397,39100000
prediction_orientation_error_deg,0,39100000
owd_uplink_ms,128.1361,39200000
owd_downlink_ms,129.7696,39200000
correction_magnitude_mm,56.0157373547554,37803168
correction_magnitude_deg,0,37803168
owd_uplink_ms,128.1008,39200000
owd_downlink_ms,123.4713,39200000
correction_magnitude_mm,47.84226790070534,37897382
correction_magnitude_deg,0,37897382
prediction_position_error_mm,143.2943195104599,39200000
prediction_orientation_error_deg,0,39200000
owd_uplink_ms,128.3297,39300000
owd_downlink_ms,124.9605,39300000
correction_magnitude_mm,40.90634360909462,37993171
correction_magnitude_deg,0,37993171
prediction_position_error_mm,118.47074329853058,39300000
prediction_orientation_error_deg,0,39300000
prediction_position_error_mm,125.53238868713379,39400000
prediction_orientation_error_deg,0,39400000
owd_uplink_ms,125.4392,39500000
owd_downlink_ms,131.7117,39500000
correction_magnitude_mm,36.189429461956024,38101011
correction_magnitude_deg,0,38101011
owd_uplink_ms,127.6995,39500000
owd_downlink_ms,125.6817,39500000
correction_magnitude_mm,30.781054869294167,38198489
correction_magnitude_deg,0,38198489
prediction_position_error_mm,86.12486720085144,39500000
prediction_orientation_error_deg,0,39500000
owd_uplink_ms,128.7759,39600000
owd_downlink_ms,124.5195,39600000
correction_magnitude_mm,25.842225179076195,38293169
correction_magnitude_deg,0,38293169
prediction_position_error_mm,76.84934884309769,39600000
prediction_orientation_error_deg,0,39600000
prediction_position_error_mm,77.23449915647507,39700000
prediction_orientation_error_deg,0,39700000
owd_uplink_ms,131.239,39800000
owd_downlink_ms,128.2025,39800000
correction_magnitude_mm,25.783736258745193,38489374
correction_magnitude_deg,0,38489374
owd_uplink_ms,125.9867,39800000
owd_downlink_ms,129.6398,39800000
correction_magnitude_mm,18.411802127957344,38493941
correction_magnitude_deg,0,38493941
prediction_position_error_mm,94.75470334291458,39800000
prediction_orientation_error_deg,0,39800000
prediction_position_error_mm,102.79309749603271,39900000
prediction_orientation_error_deg,0,39900000
prediction_position_error_mm,106.94575309753418,40000000
prediction_orientation_error_deg,0,40000000
owd_uplink_ms,130.8691,40100000
owd_downlink_ms,132.638,40100000
owd_uplink_ms,127.871,40100000
owd_downlink_ms,126.2962,40100000
correction_magnitude_mm,12.425856664776802,38794184
correction_magnitude_deg,0,38794184
owd_uplink_ms,129.7797,40100000
owd_downlink_ms,129.814,40100000
correction_magnitude_mm,8.699750527739525,38794228
correction_magnitude_deg,0,38794228
prediction_position_error_mm,1247.3671436309814,40100000
prediction_orientation_error_deg,0,40100000
owd_uplink_ms,126.4012,40200000
owd_downlink_ms,125.237,40200000
correction_magnitude_mm,88.24282884597778,38892773
correction_magnitude_deg,0,38892773
prediction_position_error_mm,1281.9842100143433,40200000
prediction_orientation_error_deg,0,40200000
prediction_position_error_mm,1379.296898841858,40300000
prediction_orientation_error_deg,0,40300000
owd_uplink_ms,126.4099,40400000
owd_downlink_ms,132.736,40400000
correction_magnitude_mm,162.5954806804657,39000680
correction_magnitude_deg,0,39000680
owd_uplink_ms,126.7309,40400000
owd_downlink_ms,129.3862,40400000
correction_magnitude_mm,205.53655922412872,39103998
correction_magnitude_deg,0,39103998
prediction_position_error_mm,1218.0900573730469,40400000
prediction_orientation_error_deg,0,40400000
prediction_position_error_mm,1304.9142360687256,40500000
prediction_orientation_error_deg,0,40500000
owd_uplink_ms,132.2145,40600000
owd_downlink_ms,125.374,40600000
correction_magnitude_mm,301.8903136253357,39295448
correction_magnitude_deg,0,39295448
owd_uplink_ms,125.0498,40600000
owd_downlink_ms,128.3965,40600000
correction_magnitude_mm,214.7579938173294,39299632
correction_magnitude_deg,0,39299632
prediction_position_error_mm,831.0309052467346,40600000
prediction_orientation_error_deg,0,40600000
owd_uplink_ms,123.4658,40700000
owd_downlink_ms,125.2628,40700000
correction_magnitude_mm,72.76633381843567,39401878
correction_magnitude_deg,0,39401878
prediction_position_error_mm,956.1172127723694,40700000
prediction_orientation_error_deg,0,40700000
owd_uplink_ms,126.7259,40800000
owd_downlink_ms,128.7892,40800000
correction_magnitude_mm,29.02553603053093,39504457
correction_magnitude_deg,0,39504457
prediction_position_error_mm,1017.6273584365845,40800000
prediction_orientation_error_deg,0,40800000
prediction_position_error_mm,1094.3444967269897,40900000
prediction_orientation_error_deg,0,40900000
owd_uplink_ms,127.685,41000000
owd_downlink_ms,127.9932,41000000
correction_magnitude_mm,174.91000890731812,39704842
correction_magnitude_deg,0,39704842
prediction_position_error_mm,1084.635853767395,41000000
prediction_orientation_error_deg,0,41000000
owd_uplink_ms,132.2171,41100000
owd_downlink_ms,130.0082,41100000
owd_uplink_ms,126.9763,41100000
owd_downlink_ms,124.9533,41100000
correction_magnitude_mm,193.1922733783722,39799553
correction_magnitude_deg,0,39799553
prediction_position_error_mm,1017.6587104797363,41100000
prediction_orientation_error_deg,0,41100000
owd_uplink_ms,125.3828,41200000
owd_downlink_ms,127.0556,41200000
correction_magnitude_mm,204.91567254066467,39901643
correction_magnitude_deg,0,39901643
prediction_position_error_mm,949.3300914764404,41200000
prediction_orientation_error_deg,0,41200000
prediction_position_error_mm,1007.7496767044067,41300000
prediction_orientation_error_deg,0,41300000
owd_uplink_ms,131.5016,41400000
owd_downlink_ms,126.0391,41400000
correction_magnitude_mm,263.9760375022888,40094816
correction_magnitude_deg,0,40094816
owd_uplink_ms,126.9232,41400000
owd_downlink_ms,127.685,41400000
correction_magnitude_mm,185.30090153217316,40095769
correction_magnitude_deg,0,40095769
prediction_position_error_mm,1128.0754804611206,41400000
prediction_orientation_error_deg,0,41400000
owd_uplink_ms,128.7172,41500000
owd_downlink_ms,126.7219,41500000
correction_magnitude_mm,35.99736467003822,40193275
correction_magnitude_deg,0,40193275
prediction_position_error_mm,1235.565423965454,41500000
prediction_orientation_error_deg,0,41500000
prediction_position_error_mm,1332.2967290878296,41600000
prediction_orientation_error_deg,0,41600000
owd_uplink_ms,129.8196,41700000
owd_downlink_ms,125.6486,41700000
correction_magnitude_mm,162.11575269699097,40388062
correction_magnitude_deg,0,40388062
prediction_position_error_mm,1347.6768732070923,41700000
prediction_orientation_error_deg,0,41700000
owd_uplink_ms,126.5115,41800000
owd_downlink_ms,133.055,41800000
correction_magnitude_mm,121.45665287971497,40396242
correction_magnitude_deg,0,40396242
prediction_position_error_mm,783.4562063217163,41800000
prediction_orientation_error_deg,0,41800000
owd_uplink_ms,131.5581,41900000
owd_downlink_ms,124.3383,41900000
correction_magnitude_mm,182.47409164905548,40587218
correction_magnitude_deg,0,40587218
prediction_position_error_mm,737.7066612243652,41900000
prediction_orientation_error_deg,0,41900000
prediction_position_error_mm,787.7997756004333,42000000
prediction_orientation_error_deg,0,42000000
owd_uplink_ms,129.9622,42100000
owd_downlink_ms,131.7209,42100000
correction_magnitude_mm,175.27790367603302,40689417
correction_magnitude_deg,0,40689417
prediction_position_error_mm,706.5587639808655,42100000
prediction_orientation_error_deg,0,42100000
owd_uplink_ms,126.2469,42200000
owd_downlink_ms,131.2768,42200000
correction_magnitude_mm,163.28178346157074,40795705
correction_magnitude_deg,0,40795705
owd_uplink_ms,130.3451,42200000
owd_downlink_ms,132.4498,42200000
correction_magnitude_mm,115.35853892564774,40798336
correction_magnitude_deg,0,40798336
owd_uplink_ms,126.9974,42200000
owd_downlink_ms,124.5454,42200000
correction_magnitude_mm,11.190908029675484,40895271
correction_magnitude_deg,0,40895271
prediction_position_error_mm,1235.6758117675781,42200000
prediction_orientation_error_deg,0,42200000
prediction_position_error_mm,1329.5120000839233,42300000
prediction_orientation_error_deg,0,42300000
owd_uplink_ms,129.0859,42400000
owd_downlink_ms,131.4925,42400000
correction_magnitude_mm,104.92035746574402,40998280
correction_magnitude_deg,0,40998280
prediction_position_error_mm,1348.9980697631836,42400000
prediction_orientation_error_deg,0,42400000
owd_uplink_ms,130.5047,42500000
owd_downlink_ms,128.8709,42500000
correction_magnitude_mm,254.1324496269226,41196238
correction_magnitude_deg,0,41196238
prediction_position_error_mm,1313.2425546646118,42500000
prediction_orientation_error_deg,0,42500000
owd_uplink_ms,126.3451,42600000
owd_downlink_ms,131.2701,42600000
correction_magnitude_mm,183.06048214435577,41202394
correction_magnitude_deg,0,41202394
prediction_position_error_mm,98.31453114748001,42600000
prediction_orientation_error_deg,0,42600000
owd_uplink_ms,131.3783,42700000
owd_downlink_ms,125.6056,42700000
correction_magnitude_mm,124.72506612539291,41395179
correction_magnitude_deg,0,41395179
owd_uplink_ms,127.7088,42700000
owd_downlink_ms,130.1345,42700000
correction_magnitude_mm,87.08902448415756,41398212
correction_magnitude_deg,0,41398212
prediction_position_error_mm,1114.3878698349,42700000
prediction_orientation_error_deg,0,42700000
owd_uplink_ms,127.0499,42800000
owd_downlink_ms,126.0414,42800000
correction_magnitude_mm,27.900906279683113,41496952
correction_magnitude_deg,0,41496952
prediction_position_error_mm,1185.5483055114746,42800000
prediction_orientation_error_deg,0,42800000
owd_uplink_ms,129.4444,42900000
owd_downlink_ms,128.0956,42900000
correction_magnitude_mm,107.20319300889969,41595267
correction_magnitude_deg,0,41595267
prediction_position_error_mm,1200.4791498184204,42900000
prediction_orientation_error_deg,0,42900000
owd_uplink_ms,124.7729,43000000
owd_downlink_ms,127.1877,43000000
correction_magnitude_mm,163.7357622385025,41698286
correction_magnitude_deg,0,41698286
prediction_position_error_mm,1178.5187721252441,43000000
prediction_orientation_error_deg,0,43000000
prediction_position_error_mm,1260.2955102920532,43100000
prediction_orientation_error_deg,0,43100000
owd_uplink_ms,131.7146,43200000
owd_downlink_ms,127.1343,43200000
correction_magnitude_mm,272.36366271972656,41892561
correction_magnitude_deg,0,41892561
prediction_position_error_mm,1202.823519706726,43200000
prediction_orientation_error_deg,0,43200000
owd_uplink_ms,127.4078,43300000
owd_downlink_ms,131.0434,43300000
correction_magnitude_mm,194.3020224571228,41897106
correction_magnitude_deg,0,41897106
prediction_position_error_mm,574.4594931602478,43300000
prediction_orientation_error_deg,0,43300000
owd_uplink_ms,127.8027,43400000
owd_downlink_ms,126.7289,43400000
correction_magnitude_mm,34.48617830872536,42095764
correction_magnitude_deg,0,42095764
prediction_position_error_mm,644.6519494056702,43400000
prediction_orientation_error_deg,0,43400000
owd_uplink_ms,130.7034,43500000
owd_downlink_ms,130.8593,43500000
correction_magnitude_mm,24.04569275677204,42095959
correction_magnitude_deg,0,42095959
owd_uplink_ms,128.4107,43500000
owd_downlink_ms,128.7277,43500000
correction_magnitude_mm,86.58941090106964,42196356
correction_magnitude_deg,0,42196356
prediction_position_error_mm,1365.9465312957764,43500000
prediction_orientation_error_deg,0,43500000
owd_uplink_ms,128.7401,43600000
owd_downlink_ms,126.1369,43600000
correction_magnitude_mm,157.8380912542343,42293102
correction_magnitude_deg,0,42293102
prediction_position_error_mm,1354.4580936431885,43600000
prediction_orientation_error_deg,0,43600000
owd_uplink_ms,128.4312,43700000
owd_downlink_ms,125.4445,43700000
correction_magnitude_mm,202.4918645620346,42389369
correction_magnitude_deg,0,42389369
prediction_position_error_mm,1305.893898010254,43700000
prediction_orientation_error_deg,0,43700000
prediction_position_error_mm,1394.4261074066162,43800000
prediction_orientation_error_deg,0,43800000
owd_uplink_ms,123.5485,43900000
owd_downlink_ms,130.8504,43900000
correction_magnitude_mm,238.7196123600006,42498497
correction_magnitude_deg,0,42498497
owd_uplink_ms,125.3459,43900000
owd_downlink_ms,127.1972,43900000
correction_magnitude_mm,251.44711136817932,42600810
correction_magnitude_deg,0,42600810
prediction_position_error_mm,1145.8218097686768,43900000
prediction_orientation_error_deg,0,43900000
owd_uplink_ms,124.0069,44000000
owd_downlink_ms,127.1268,44000000
correction_magnitude_mm,253.91632318496704,42704709
correction_magnitude_deg,0,42704709
prediction_position_error_mm,1051.464557647705,44000000
prediction_orientation_error_deg,0,44000000
owd_uplink_ms,127.033,44100000
owd_downlink_ms,127.6881,44100000
correction_magnitude_mm,245.98336219787598,42805527
correction_magnitude_deg,0,42805527
prediction_position_error_mm,947.8597640991211,44100000
prediction_orientation_error_deg,0,44100000
owd_uplink_ms,127.7351,44200000
owd_downlink_ms,127.4297,44200000
correction_magnitude_mm,232.31589794158936,42905145
correction_magnitude_deg,0,42905145
prediction_position_error_mm,849.5213985443115,44200000
prediction_orientation_error_deg,0,44200000
prediction_position_error_mm,902.2390842437744,44300000
prediction_orientation_error_deg,0,44300000
prediction_position_error_mm,954.9100399017334,44400000
prediction_orientation_error_deg,0,44400000
owd_uplink_ms,130.8775,44500000
owd_downlink_ms,131.324,44500000
correction_magnitude_mm,266.83637499809265,43105703
correction_magnitude_deg,0,43105703
owd_uplink_ms,124.3688,44500000
owd_downlink_ms,122.6912,44500000
correction_magnitude_mm,237.67444491386414,43203605
correction_magnitude_deg,0,43203605
owd_uplink_ms,131.4235,44500000
owd_downlink_ms,127.5909,44500000
prediction_position_error_mm,704.1131258010864,44500000
prediction_orientation_error_deg,0,44500000
prediction_position_error_mm,747.4138140678406,44600000
prediction_orientation_error_deg,0,44600000
owd_uplink_ms,128.0734,44700000
owd_downlink_ms,126.1636,44700000
correction_magnitude_mm,247.30496108531952,43396428
correction_magnitude_deg,0,43396428
owd_uplink_ms,131.0417,44700000
owd_downlink_ms,129.3345,44700000
prediction_position_error_mm,664.3201112747192,44700000
prediction_orientation_error_deg,0,44700000
owd_uplink_ms,128.671,44800000
owd_downlink_ms,130.2278,44800000
correction_magnitude_mm,211.01032197475433,43496240
correction_magnitude_deg,0,43496240
prediction_position_error_mm,555.6889772415161,44800000
prediction_orientation_error_deg,0,44800000
owd_uplink_ms,122.9961,44900000
owd_downlink_ms,125.0586,44900000
correction_magnitude_mm,180.03548681735992,43598819
correction_magnitude_deg,0,43598819
prediction_position_error_mm,464.1370475292206,44900000
prediction_orientation_error_deg,0,44900000
owd_uplink_ms,126.9515,45000000
owd_downlink_ms,129.6572,45000000
correction_magnitude_mm,153.09849381446838,43702201
correction_magnitude_deg,0,43702201
prediction_position_error_mm,386.2064778804779,45000000
prediction_orientation_error_deg,0,45000000
prediction_position_error_mm,407.3713719844818,45100000
prediction_orientation_error_deg,0,45100000
owd_uplink_ms,127.4371,45200000
owd_downlink_ms,131.2443,45200000
correction_magnitude_mm,129.87186014652252,43806960
correction_magnitude_deg,0,43806960
prediction_position_error_mm,337.7176523208618,45200000
prediction_orientation_error_deg,0,45200000
owd_uplink_ms,130.7131,45300000
owd_downlink_ms,126.0339,45300000
correction_magnitude_mm,125.96814334392548,44001110
correction_magnitude_deg,0,44001110
owd_uplink_ms,125.8116,45300000
owd_downlink_ms,126.8275,45300000
correction_magnitude_mm,88.35265040397644,44002379
correction_magnitude_deg,0,44002379
prediction_position_error_mm,1211.0426425933838,45300000
prediction_orientation_error_deg,0,45300000
prediction_position_error_mm,1311.0426664352417,45400000
prediction_orientation_error_deg,0,45400000
owd_uplink_ms,127.1382,45500000
owd_downlink_ms,124.5563,45500000
correction_magnitude_mm,130.60162961483002,44199153
correction_magnitude_deg,0,44199153
prediction_position_error_mm,1342.8773880004883,45500000
prediction_orientation_error_deg,0,45500000
owd_uplink_ms,131.6574,45600000
owd_downlink_ms,130.4415,45600000
owd_uplink_ms,129.4043,45600000
owd_downlink_ms,127.2102,45600000
correction_magnitude_mm,183.16106498241425,44294892
correction_magnitude_deg,0,44294892
prediction_position_error_mm,1309.5649480819702,45600000
prediction_orientation_error_deg,0,45600000
owd_uplink_ms,126.6736,45700000
owd_downlink_ms,124.0297,45700000
correction_magnitude_mm,215.387761592865,44391588
correction_magnitude_deg,0,44391588
prediction_position_error_mm,1249.7843503952026,45700000
prediction_orientation_error_deg,0,45700000
prediction_position_error_mm,1333.952784538269,45800000
prediction_orientation_error_deg,0,45800000
owd_uplink_ms,123.1345,45900000
owd_downlink_ms,125.7322,45900000
correction_magnitude_mm,320.77449560165405,44594835
correction_magnitude_deg,0,44594835
owd_uplink_ms,130.0821,45900000
owd_downlink_ms,130.0074,45900000
prediction_position_error_mm,1260.1418495178223,45900000
prediction_orientation_error_deg,0,45900000
owd_uplink_ms,128.3493,46000000
owd_downlink_ms,125.6844,46000000
correction_magnitude_mm,300.72230100631714,44691411
correction_magnitude_deg,0,44691411
prediction_position_error_mm,1127.2157430648804,46000000
prediction_orientation_error_deg,0,46000000
owd_uplink_ms,126.842,46100000
owd_downlink_ms,128.4357,46100000
correction_magnitude_mm,281.5856635570526,44793404
correction_magnitude_deg,0,44793404
prediction_position_error_mm,1003.5419464111328,46100000
prediction_orientation_error_deg,0,46100000
owd_uplink_ms,126.8874,46200000
owd_downlink_ms,125.9536,46200000
correction_magnitude_mm,257.79229402542114,44892237
correction_magnitude_deg,0,44892237
prediction_position_error_mm,887.0990872383118,46200000
prediction_orientation_error_deg,0,46200000
owd_uplink_ms,127.6944,46300000
owd_downlink_ms,128.4516,46300000
correction_magnitude_mm,234.62246358394623,44993184
correction_magnitude_deg,0,44993184
prediction_position_error_mm,778.705358505249,46300000
prediction_orientation_error_deg,0,46300000
owd_uplink_ms,126.7993,46400000
owd_downlink_ms,128.6763,46400000
correction_magnitude_mm,212.09116280078888,45095531
correction_magnitude_deg,0,45095531
prediction_position_error_mm,682.4119687080383,46400000
prediction_orientation_error_deg,0,46400000
prediction_position_error_mm,722.5356698036194,46500000
prediction_orientation_error_deg,0,46500000
owd_uplink_ms,127.0924,46600000
owd_downlink_ms,132.7167,46600000
correction_magnitude_mm,191.98186695575714,45202561
correction_magnitude_deg,0,45202561
owd_uplink_ms,124.6715,46600000
owd_downlink_ms,123.8092,46600000
correction_magnitude_mm,169.20818388462067,45301483
correction_magnitude_deg,0,45301483
prediction_position_error_mm,513.5907530784607,46600000
prediction_orientation_error_deg,0,46600000
prediction_position_error_mm,544.3727374076843,46700000
prediction_orientation_error_deg,0,46700000
owd_uplink_ms,124.0581,46800000
owd_downlink_ms,122.9949,46800000
correction_magnitude_mm,178.34334075450897,45500153
correction_magnitude_deg,0,45500153
owd_uplink_ms,131.0757,46800000
owd_downlink_ms,124.8281,46800000
prediction_position_error_mm,486.69689893722534,46800000
prediction_orientation_error_deg,0,46800000
owd_uplink_ms,123.7923,46900000
owd_downlink_ms,125.7197,46900000
correction_magnitude_mm,150.81433951854706,45594754
correction_magnitude_deg,0,45594754
prediction_position_error_mm,408.0354571342468,46900000
prediction_orientation_error_deg,0,46900000
prediction_position_error_mm,430.67634105682373,47000000
prediction_orientation_error_deg,0,47000000
prediction_position_error_mm,454.9013674259186,47100000
prediction_orientation_error_deg,0,47100000
owd_uplink_ms,131.3543,47200000
owd_downlink_ms,131.2476,47200000
correction_magnitude_mm,152.56989002227783,45794621
correction_magnitude_deg,0,45794621
owd_uplink_ms,131.1331,47200000
owd_downlink_ms,124.3907,47200000
correction_magnitude_mm,125.51653385162354,45886194
correction_magnitude_deg,0,45886194
prediction_position_error_mm,308.11309814453125,47200000
prediction_orientation_error_deg,0,47200000
prediction_position_error_mm,325.32232999801636,47300000
prediction_orientation_error_deg,0,47300000
owd_uplink_ms,129.3701,47400000
owd_downlink_ms,132.1877,47400000
correction_magnitude_mm,104.99288141727448,45989716
correction_magnitude_deg,0,45989716
owd_uplink_ms,128.6584,47400000
owd_downlink_ms,127.2373,47400000
correction_magnitude_mm,85.52321046590805,46087940
correction_magnitude_deg,0,46087940
prediction_position_error_mm,208.80979299545288,47400000
prediction_orientation_error_deg,0,47400000
owd_uplink_ms,129.6988,47500000
owd_downlink_ms,131.2051,47500000
correction_magnitude_mm,60.09531021118164,46089823
correction_magnitude_deg,0,46089823
prediction_position_error_mm,1148.2889652252197,47500000
prediction_orientation_error_deg,0,47500000
owd_uplink_ms,124.4061,47600000
owd_downlink_ms,127.8692,47600000
correction_magnitude_mm,130.99251687526703,46294152
correction_magnitude_deg,0,46294152
prediction_position_error_mm,1167.9130792617798,47600000
prediction_orientation_error_deg,0,47600000
owd_uplink_ms,130.2893,47700000
owd_downlink_ms,130.5523,47700000
correction_magnitude_mm,91.96339547634125,46294481
correction_magnitude_deg,0,46294481
prediction_position_error_mm,1330.7738304138184,47700000
prediction_orientation_error_deg,0,47700000
owd_uplink_ms,128.3544,47800000
owd_downlink_ms,129.9832,47800000
correction_magnitude_mm,135.5733871459961,46496518
correction_magnitude_deg,0,46496518
prediction_position_error_mm,1363.861322402954,47800000
prediction_orientation_error_deg,0,47800000
owd_uplink_ms,131.3423,47900000
owd_downlink_ms,131.0004,47900000
owd_uplink_ms,124.4108,47900000
owd_downlink_ms,125.3471,47900000
correction_magnitude_mm,192.64811277389526,46597262
correction_magnitude_deg,0,46597262
prediction_position_error_mm,1328.65309715271,47900000
prediction_orientation_error_deg,0,47900000
owd_uplink_ms,128.1361,48000000
owd_downlink_ms,124.058,48000000
correction_magnitude_mm,221.48311138153076,46692165
correction_magnitude_deg,0,46692165
prediction_position_error_mm,1262.8918886184692,48000000
prediction_orientation_error_deg,0,48000000
owd_uplink_ms,127.695,48100000
owd_downlink_ms,124.4077,48100000
correction_magnitude_mm,235.91595888137817,46788056
correction_magnitude_deg,0,46788056
prediction_position_error_mm,1180.0739765167236,48100000
prediction_orientation_error_deg,0,48100000
prediction_position_error_mm,1257.7886581420898,48200000
prediction_orientation_error_deg,0,48200000
owd_uplink_ms,130.7582,48300000
owd_downlink_ms,127.6248,48300000
correction_magnitude_mm,316.24361872673035,46984140
correction_magnitude_deg,0,46984140
owd_uplink_ms,128.4993,48300000
owd_downlink_ms,129.6939,48300000
correction_magnitude_mm,222.46167063713074,46985634
correction_magnitude_deg,0,46985634
prediction_position_error_mm,1163.9668941497803,48300000
prediction_orientation_error_deg,0,48300000
prediction_position_error_mm,1263.9665603637695,48400000
prediction_orientation_error_deg,0,48400000
owd_uplink_ms,122.3866,48500000
owd_downlink_ms,125.1022,48500000
correction_magnitude_mm,49.05347153544426,47189029
correction_magnitude_deg,0,47189029
owd_uplink_ms,129.2355,48500000
owd_downlink_ms,128.0549,48500000
prediction_position_error_mm,1339.8160934448242,48500000
prediction_orientation_error_deg,0,48500000
owd_uplink_ms,123.1411,48600000
owd_downlink_ms,125.9142,48600000
correction_magnitude_mm,136.2052857875824,47291021
correction_magnitude_deg,0,47291021
prediction_position_error_mm,1345.7367420196533,48600000
prediction_orientation_error_deg,0,48600000
prediction_position_error_mm,1441.0066604614258,48700000
prediction_orientation_error_deg,0,48700000
owd_uplink_ms,127.908,48800000
owd_downlink_ms,129.3935,48800000
correction_magnitude_mm,288.728266954422,47492878
correction_magnitude_deg,0,47492878
prediction_position_error_mm,1393.465518951416,48800000
prediction_orientation_error_deg,0,48800000
owd_uplink_ms,130.9241,48900000
owd_downlink_ms,132.3962,48900000
correction_magnitude_mm,203.78378033638,47494718
correction_magnitude_deg,0,47494718
prediction_position_error_mm,1260.6360912322998,48900000
prediction_orientation_error_deg,0,48900000
owd_uplink_ms,124.2398,49000000
owd_downlink_ms,131.7468,49000000
correction_magnitude_mm,33.72719883918762,47604101
correction_magnitude_deg,0,47604101
prediction_position_error_mm,1370.959758758545,49000000
prediction_orientation_error_deg,0,49000000
owd_uplink_ms,127.7069,49100000
owd_downlink_ms,132.0334,49100000
correction_magnitude_mm,81.3882127404213,47709508
correction_magnitude_deg,0,47709508
prediction_position_error_mm,1414.8997068405151,49100000
prediction_orientation_error_deg,0,49100000
owd_uplink_ms,129.8304,49200000
owd_downlink_ms,123.7337,49200000
correction_magnitude_mm,244.22794580459595,47901887
correction_magnitude_deg,0,47901887
owd_uplink_ms,130.475,49200000
owd_downlink_ms,127.8108,49200000
prediction_position_error_mm,1390.2353048324585,49200000
prediction_orientation_error_deg,0,49200000
prediction_position_error_mm,1484.1099977493286,49300000
prediction_orientation_error_deg,0,49300000
owd_uplink_ms,125.0705,49400000
owd_downlink_ms,124.7276,49400000
correction_magnitude_mm,354.72041368484497,48098129
correction_magnitude_deg,0,48098129
owd_uplink_ms,130.3499,49400000
owd_downlink_ms,129.3379,49400000
prediction_position_error_mm,1401.8455743789673,49400000
prediction_orientation_error_deg,0,49400000
owd_uplink_ms,123.4328,49500000
owd_downlink_ms,129.3036,49500000
correction_magnitude_mm,341.9746160507202,48204202
correction_magnitude_deg,0,48204202
prediction_position_error_mm,1262.8910541534424,49500000
prediction_orientation_error_deg,0,49500000
owd_uplink_ms,126.1978,49600000
owd_downlink_ms,127.017,49600000
correction_magnitude_mm,318.8663125038147,48305225
correction_magnitude_deg,0,48305225
prediction_position_error_mm,1123.9724159240723,49600000
prediction_orientation_error_deg,0,49600000
prediction_position_error_mm,1193.2833194732666,49700000
prediction_orientation_error_deg,0,49700000
owd_uplink_ms,127.276,49800000
owd_downlink_ms,124.2224,49800000
correction_magnitude_mm,359.13217067718506,48501407
correction_magnitude_deg,0,48501407
prediction_position_error_mm,1084.8209857940674,49800000
prediction_orientation_error_deg,0,49800000
owd_uplink_ms,131.9668,49900000
owd_downlink_ms,130.8001,49900000
prediction_position_error_mm,1149.357795715332,49900000
prediction_orientation_error_deg,0,49900000
owd_uplink_ms,126.3302,50000000
owd_downlink_ms,131.5378,50000000
correction_magnitude_mm,318.4872269630432,48606458
correction_magnitude_deg,0,48606458
prediction_position_error_mm,990.8849596977234,50000000
prediction_orientation_error_deg,0,50000000
prediction_position_error_mm,0,100000
prediction_orientation_error_deg,0,100000
prediction_position_error_mm,0,200000
prediction_orientation_error_deg,0,200000
prediction_position_error_mm,0,300000
prediction_orientation_error_deg,0,300000
prediction_position_error_mm,0,400000
prediction_orientation_error_deg,0,400000
prediction_position_error_mm,0,500000
prediction_orientation_error_deg,0,500000
prediction_position_error_mm,0,600000
prediction_orientation_error_deg,0,600000
prediction_position_error_mm,0,700000
prediction_orientation_error_deg,0,700000
prediction_position_error_mm,0,800000
prediction_orientation_error_deg,0,800000
prediction_position_error_mm,0,900000
prediction_orientation_error_deg,0,900000
prediction_position_error_mm,0,1000000
prediction_orientation_error_deg,0,1000000
prediction_position_error_mm,0,1100000
prediction_orientation_error_deg,0,1100000
prediction_position_error_mm,0,1200000
prediction_orientation_error_deg,0,1200000
prediction_position_error_mm,0,1300000
prediction_orientation_error_deg,0,1300000
prediction_position_error_mm,1299.9999523162842,1400000
prediction_orientation_error_deg,0,1400000
prediction_position_error_mm,1299.9999523162842,1500000
prediction_orientation_error_deg,0,1500000
prediction_position_error_mm,1300.0091314315796,1600000
prediction_orientation_error_deg,0,1600000
prediction_position_error_mm,1300.020456314087,1700000
prediction_orientation_error_deg,0,1700000
prediction_position_error_mm,1300.0361919403076,1800000
prediction_orientation_error_deg,0,1800000
prediction_position_error_mm,1300.0564575195312,1900000
prediction_orientation_error_deg,0,1900000
prediction_position_error_mm,1300.0812530517578,2000000
prediction_orientation_error_deg,0,2000000
prediction_position_error_mm,1300.1103401184082,2100000
prediction_orientation_error_deg,0,2100000
prediction_position_error_mm,1300.143837928772,2200000
prediction_orientation_error_deg,0,2200000
prediction_position_error_mm,1300.1817464828491,2300000
prediction_orientation_error_deg,0,2300000
prediction_position_error_mm,1300.2238273620605,2400000
prediction_orientation_error_deg,0,2400000
prediction_position_error_mm,1300.2701997756958,2500000
prediction_orientation_error_deg,0,2500000
prediction_position_error_mm,1300.3205060958862,2600000
prediction_orientation_error_deg,0,2600000
prediction_position_error_mm,1300.3751039505005,2700000
prediction_orientation_error_deg,0,2700000
owd_uplink_ms,128.1553,2800000
owd_downlink_ms,128.1554,2800000
correction_magnitude_mm,1299.9999523162842,1441742
correction_magnitude_deg,0,1441742
prediction_position_error_mm,69.78640705347061,2800000
prediction_orientation_error_deg,0,2800000
owd_uplink_ms,132.9448,2900000
owd_downlink_ms,121.0952,2900000
correction_magnitude_mm,9.99937579035759,1626929
correction_magnitude_deg,0,1626929
owd_uplink_ms,128.3195,2900000
owd_downlink_ms,121.9446,2900000
prediction_position_error_mm,69.67628002166748,2900000
prediction_orientation_error_deg,0,2900000
owd_uplink_ms,128.6818,3000000
owd_downlink_ms,125.4387,3000000
correction_magnitude_mm,11.855574324727058,1714906
correction_magnitude_deg,0,1714906
prediction_position_error_mm,65.70851802825928,3000000
prediction_orientation_error_deg,0,3000000
prediction_position_error_mm,65.14241546392441,3100000
prediction_orientation_error_deg,0,3100000
owd_uplink_ms,127.6554,3200000
owd_downlink_ms,129.433,3200000
correction_magnitude_mm,12.717201374471188,1817127
correction_magnitude_deg,0,1817127
prediction_position_error_mm,65.46899676322937,3200000
prediction_orientation_error_deg,0,3200000
owd_uplink_ms,127.7432,3300000
owd_downlink_ms,128.5383,3300000
correction_magnitude_mm,12.948524206876755,1918120
correction_magnitude_deg,0,1918120
owd_uplink_ms,127.0464,3300000
owd_downlink_ms,125.6618,3300000
correction_magnitude_mm,12.755786068737507,2016389
correction_magnitude_deg,0,2016389
prediction_position_error_mm,46.51201516389847,3300000
prediction_orientation_error_deg,0,3300000
owd_uplink_ms,128.0992,3400000
owd_downlink_ms,122.1848,3400000
correction_magnitude_mm,12.332508340477943,2108996
correction_magnitude_deg,0,2108996
prediction_position_error_mm,45.78268900513649,3400000
prediction_orientation_error_deg,0,3400000
prediction_position_error_mm,43.671827763319016,3500000
prediction_orientation_error_deg,0,3500000
owd_uplink_ms,125.2831,3600000
owd_downlink_ms,129.2526,3600000
correction_magnitude_mm,11.402076110243797,2213957
correction_magnitude_deg,0,2213957
owd_uplink_ms,126.1305,3600000
owd_downlink_ms,123.1345,3600000
correction_magnitude_mm,10.617501102387905,2310212
correction_magnitude_deg,0,2310212
prediction_position_error_mm,35.98468750715256,3600000
prediction_orientation_error_deg,0,3600000
owd_uplink_ms,125.0069,3700000
owd_downlink_ms,124.3315,3700000
correction_magnitude_mm,9.665533900260925,2409367
correction_magnitude_deg,0,2409367
prediction_position_error_mm,26.557473465800285,3700000
prediction_orientation_error_deg,0,3700000
owd_uplink_ms,125.5718,3800000
owd_downlink_ms,122.7837,3800000
correction_magnitude_mm,8.785736747086048,2505882
correction_magnitude_deg,0,2505882
prediction_position_error_mm,22.233543917536736,3800000
prediction_orientation_error_deg,0,3800000
prediction_position_error_mm,28.644569218158722,3900000
prediction_orientation_error_deg,0,3900000
owd_uplink_ms,130.4943,4000000
owd_downlink_ms,131.491,4000000
correction_magnitude_mm,7.743962574750185,2607127
correction_magnitude_deg,0,2607127
owd_uplink_ms,126.5331,4000000
owd_downlink_ms,127.2056,4000000
correction_magnitude_mm,6.791940424591303,2707967
correction_magnitude_deg,0,2707967
prediction_position_error_mm,20.043520256876945,4000000
prediction_orientation_error_deg,0,4000000
prediction_position_error_mm,16.317090019583702,4100000
prediction_orientation_error_deg,0,4100000
owd_uplink_ms,126.4578,4200000
owd_downlink_ms,129.5834,4200000
correction_magnitude_mm,5.801227875053883,2811874
correction_magnitude_deg,0,2811874
owd_uplink_ms,128.9459,4200000
owd_downlink_ms,127.1868,4200000
correction_magnitude_mm,5.168316885828972,2909675
correction_magnitude_deg,0,2909675
prediction_position_error_mm,9.851058945059776,4200000
prediction_orientation_error_deg,0,4200000
owd_uplink_ms,126.5115,4300000
owd_downlink_ms,127.6849,4300000
prediction_position_error_mm,12.404167093336582,4300000
prediction_orientation_error_deg,0,4300000
prediction_position_error_mm,13.032082468271255,4400000
prediction_orientation_error_deg,0,4400000
owd_uplink_ms,130.2085,4500000
owd_downlink_ms,126.4057,4500000
prediction_position_error_mm,6.749679334461689,4500000
prediction_orientation_error_deg,0,4500000
owd_uplink_ms,132.9699,4600000
owd_downlink_ms,131.2073,4600000
prediction_position_error_mm,11.878875084221363,4600000
prediction_orientation_error_deg,0,4600000
prediction_position_error_mm,12.417925521731377,4700000
prediction_orientation_error_deg,0,4700000
owd_uplink_ms,129.043,4800000
owd_downlink_ms,129.6936,4800000
owd_uplink_ms,131.1069,4800000
owd_downlink_ms,131.2257,4800000
prediction_position_error_mm,906.1332941055298,4800000
prediction_orientation_error_deg,0,4800000
owd_uplink_ms,128.8041,4900000
owd_downlink_ms,123.7584,4900000
correction_magnitude_mm,123.48566949367523,3598838
correction_magnitude_deg,0,3598838
owd_uplink_ms,129.6941,4900000
owd_downlink_ms,125.4446,4900000
prediction_position_error_mm,914.162814617157,4900000
prediction_orientation_error_deg,0,4900000
prediction_position_error_mm,972.7727770805359,5000000
prediction_orientation_error_deg,0,5000000
owd_uplink_ms,131.5328,5100000
owd_downlink_ms,125.4647,5100000
correction_magnitude_mm,208.89529585838318,3785943
correction_magnitude_deg,0,3785943
prediction_position_error_mm,929.4431209564209,5100000
prediction_orientation_error_deg,0,5100000
owd_uplink_ms,128.791,5200000
owd_downlink_ms,129.1536,5200000
correction_magnitude_mm,201.51421427726746,3886397
correction_magnitude_deg,0,3886397
owd_uplink_ms,124.275,5200000
owd_downlink_ms,129.9476,5200000
correction_magnitude_mm,145.22096514701843,3893488
correction_magnitude_deg,0,3893488
prediction_position_error_mm,8.728234097361565,5200000
prediction_orientation_error_deg,0,5200000
owd_uplink_ms,124.9946,5300000
owd_downlink_ms,127.0911,5300000
correction_magnitude_mm,93.98636966943741,3996109
correction_magnitude_deg,0,3996109
prediction_position_error_mm,67.8151398897171,5300000
prediction_orientation_error_deg,0,5300000
prediction_position_error_mm,73.3351781964302,5400000
prediction_orientation_error_deg,0,5400000
owd_uplink_ms,131.091,5500000
owd_downlink_ms,128.3995,5500000
correction_magnitude_mm,50.139863044023514,4192745
correction_magnitude_deg,0,4192745
prediction_position_error_mm,113.13532292842865,5500000
prediction_orientation_error_deg,0,5500000
owd_uplink_ms,126.0045,5600000
owd_downlink_ms,129.8001,5600000
correction_magnitude_mm,18.90714094042778,4297490
correction_magnitude_deg,0,4297490
prediction_position_error_mm,136.74256205558777,5600000
prediction_orientation_error_deg,0,5600000
owd_uplink_ms,130.6507,5700000
owd_downlink_ms,131.8543,5700000
correction_magnitude_mm,13.13253864645958,4298995
correction_magnitude_deg,0,4298995
prediction_position_error_mm,514.1897201538086,5700000
prediction_orientation_error_deg,0,5700000
owd_uplink_ms,124.4517,5800000
owd_downlink_ms,130.7901,5800000
correction_magnitude_mm,31.203128397464752,4406918
correction_magnitude_deg,0,4406918
prediction_position_error_mm,534.9069237709045,5800000
prediction_orientation_error_deg,0,5800000
owd_uplink_ms,124.6451,5900000
owd_downlink_ms,124.5252,5900000
correction_magnitude_mm,95.58495879173279,4606767
correction_magnitude_deg,0,4606767
owd_uplink_ms,132.7653,5900000
owd_downlink_ms,129.6183,5900000
prediction_position_error_mm,524.3549346923828,5900000
prediction_orientation_error_deg,0,5900000
prediction_position_error_mm,559.5803260803223,6000000
prediction_orientation_error_deg,0,6000000
owd_uplink_ms,125.6961,6100000
owd_downlink_ms,131.6965,6100000
correction_magnitude_mm,103.44472527503967,4710333
correction_magnitude_deg,0,4710333
owd_uplink_ms,125.0435,6100000
owd_downlink_ms,125.4446,6100000
correction_magnitude_mm,104.98069226741791,4810834
correction_magnitude_deg,0,4810834
prediction_position_error_mm,450.21915435791016,6100000
prediction_orientation_error_deg,0,6100000
prediction_position_error_mm,474.77561235427856,6200000
prediction_orientation_error_deg,0,6200000
owd_uplink_ms,131.9752,6300000
owd_downlink_ms,123.3809,6300000
correction_magnitude_mm,129.39901649951935,5000091
correction_magnitude_deg,0,5000091
owd_uplink_ms,125.2111,6300000
owd_downlink_ms,128.0921,6300000
correction_magnitude_mm,91.38969331979752,5003692
correction_magnitude_deg,0,5003692
prediction_position_error_mm,576.0449767112732,6300000
prediction_orientation_error_deg,0,6300000
owd_uplink_ms,124.5515,6400000
owd_downlink_ms,123.693,6400000
correction_magnitude_mm,15.612883493304253,5102619
correction_magnitude_deg,0,5102619
prediction_position_error_mm,631.5688490867615,6400000
prediction_orientation_error_deg,0,6400000
prediction_position_error_mm,681.239664554596,6500000
prediction_orientation_error_deg,0,6500000
owd_uplink_ms,130.8809,6600000
owd_downlink_ms,129.4757,6600000
correction_magnitude_mm,86.98589354753494,5300862
correction_magnitude_deg,0,5300862
prediction_position_error_mm,687.7357959747314,6600000
prediction_orientation_error_deg,0,6600000
owd_uplink_ms,129.8951,6700000
owd_downlink_ms,131.3223,6700000
correction_magnitude_mm,61.83137372136116,5302645
correction_magnitude_deg,0,5302645
prediction_position_error_mm,736.1539006233215,6700000
prediction_orientation_error_deg,0,6700000
owd_uplink_ms,130.1704,6800000
owd_downlink_ms,123.6313,6800000
correction_magnitude_mm,64.30012732744217,5494472
correction_magnitude_deg,0,5494472
owd_uplink_ms,127.9207,6800000
owd_downlink_ms,125.4302,6800000
prediction_position_error_mm,754.9808621406555,6800000
prediction_orientation_error_deg,0,6800000
prediction_position_error_mm,813.9336705207825,6900000
prediction_orientation_error_deg,0,6900000
owd_uplink_ms,128.1451,7000000
owd_downlink_ms,131.0595,7000000
correction_magnitude_mm,100.12982040643692,5595002
correction_magnitude_deg,0,5595002
prediction_position_error_mm,792.1523451805115,7000000
prediction_orientation_error_deg,0,7000000
owd_uplink_ms,131.4197,7100000
owd_downlink_ms,128.2108,7100000
correction_magnitude_mm,171.87190055847168,5790991
correction_magnitude_deg,0,5790991
prediction_position_error_mm,757.7258348464966,7100000
prediction_orientation_error_deg,0,7100000
owd_uplink_ms,126.8749,7200000
owd_downlink_ms,132.0844,7200000
correction_magnitude_mm,123.21604043245316,5797503
correction_magnitude_deg,0,5797503
owd_uplink_ms,123.9272,7200000
owd_downlink_ms,126.176,7200000
correction_magnitude_mm,78.32491397857666,5900314
correction_magnitude_deg,0,5900314
prediction_position_error_mm,75.39751380681992,7200000
prediction_orientation_error_deg,0,7200000
owd_uplink_ms,124.0674,7300000
owd_downlink_ms,127.8001,7300000
correction_magnitude_mm,44.264551252126694,6004979
correction_magnitude_deg,0,6004979
prediction_position_error_mm,115.2832880616188,7300000
prediction_orientation_error_deg,0,7300000
owd_uplink_ms,126.7732,7400000
owd_downlink_ms,128.375,7400000
correction_magnitude_mm,19.4928590208292,6106981
correction_magnitude_deg,0,6106981
prediction_position_error_mm,140.0192528963089,7400000
prediction_orientation_error_deg,0,7400000
prediction_position_error_mm,152.09805965423584,7500000
prediction_orientation_error_deg,0,7500000
owd_uplink_ms,130.3834,7600000
owd_downlink_ms,124.332,7600000
correction_magnitude_mm,13.169999234378338,6299417
correction_magnitude_deg,0,6299417
prediction_position_error_mm,157.58231282234192,7600000
prediction_orientation_error_deg,0,7600000
owd_uplink_ms,132.085,7700000
owd_downlink_ms,129.2489,7700000
correction_magnitude_mm,15.781151130795479,6395872
correction_magnitude_deg,0,6395872
prediction_position_error_mm,162.5111848115921,7700000
prediction_orientation_error_deg,0,7700000
owd_uplink_ms,126.559,7800000
owd_downlink_ms,132.0433,7800000
correction_magnitude_mm,12.11421936750412,6402726
correction_magnitude_deg,0,6402726
prediction_position_error_mm,96.22460603713989,7800000
prediction_orientation_error_deg,0,7800000
owd_uplink_ms,129.8825,7900000
owd_downlink_ms,132.396,7900000
correction_magnitude_mm,14.64032381772995,6505867
correction_magnitude_deg,0,6505867
owd_uplink_ms,124.6317,7900000
owd_downlink_ms,124.5286,7900000
correction_magnitude_mm,15.66983386874199,6605738
correction_magnitude_deg,0,6605738
prediction_position_error_mm,77.18586176633835,7900000
prediction_orientation_error_deg,0,7900000
owd_uplink_ms,128.1495,8000000
owd_downlink_ms,123.6833,8000000
correction_magnitude_mm,15.431652776896954,6700155
correction_magnitude_deg,0,6700155
prediction_position_error_mm,71.50744646787643,8000000
prediction_orientation_error_deg,0,8000000
prediction_position_error_mm,76.36905461549759,8100000
prediction_orientation_error_deg,0,8100000
prediction_position_error_mm,85.24985611438751,8200000
prediction_orientation_error_deg,0,8200000
owd_uplink_ms,124.3834,8300000
owd_downlink_ms,130.3129,8300000
correction_magnitude_mm,20.522279664874077,6907566
correction_magnitude_deg,0,6907566
owd_uplink_ms,131.4071,8300000
owd_downlink_ms,131.6991,8300000
correction_magnitude_mm,14.396945014595985,6907931
correction_magnitude_deg,0,6907931
prediction_position_error_mm,1436.113715171814,8300000
prediction_orientation_error_deg,0,8300000
prediction_position_error_mm,1544.0237522125244,8400000
prediction_orientation_error_deg,0,8400000
owd_uplink_ms,130.9045,8500000
owd_downlink_ms,131.271,8500000
correction_magnitude_mm,194.69887018203735,7108389
correction_magnitude_deg,0,7108389
owd_uplink_ms,125.8693,8500000
owd_downlink_ms,124.1255,8500000
correction_magnitude_mm,239.8230880498886,7206209
correction_magnitude_deg,0,7206209
owd_uplink_ms,132.5365,8500000
owd_downlink_ms,125.8732,8500000
prediction_position_error_mm,1381.8694353103638,8500000
prediction_orientation_error_deg,0,8500000
prediction_position_error_mm,1475.4801988601685,8600000
prediction_orientation_error_deg,0,8600000
owd_uplink_ms,129.2074,8700000
owd_downlink_ms,130.2917,8700000
correction_magnitude_mm,255.59473037719727,7299236
correction_magnitude_deg,0,7299236
owd_uplink_ms,124.689,8700000
owd_downlink_ms,124.888,8700000
correction_magnitude_mm,264.8264765739441,7399485
correction_magnitude_deg,0,7399485
prediction_position_error_mm,1194.4077014923096,8700000
prediction_orientation_error_deg,0,8700000
prediction_position_error_mm,1271.7889547348022,8800000
prediction_orientation_error_deg,0,8800000
owd_uplink_ms,129.7947,8900000
owd_downlink_ms,131.4126,8900000
correction_magnitude_mm,264.62215185165405,7501507
correction_magnitude_deg,0,7501507
owd_uplink_ms,123.341,8900000
owd_downlink_ms,123.2755,8900000
correction_magnitude_mm,255.12921810150146,7601424
correction_magnitude_deg,0,7601424
prediction_position_error_mm,984.9181175231934,8900000
prediction_orientation_error_deg,0,8900000
prediction_position_error_mm,1043.0392026901245,9000000
prediction_orientation_error_deg,0,9000000
prediction_position_error_mm,1104.9152612686157,9100000
prediction_orientation_error_deg,0,9100000
owd_uplink_ms,130.7694,9200000
owd_downlink_ms,132.2703,9200000
correction_magnitude_mm,300.0631034374237,7803299
correction_magnitude_deg,0,7803299
owd_uplink_ms,130.8535,9200000
owd_downlink_ms,129.0659,9200000
correction_magnitude_mm,270.70435881614685,7901064
correction_magnitude_deg,0,7901064
prediction_position_error_mm,829.0398120880127,9200000
prediction_orientation_error_deg,0,9200000
owd_uplink_ms,125.1043,9300000
owd_downlink_ms,131.3803,9300000
correction_magnitude_mm,193.05117428302765,7908909
correction_magnitude_deg,0,7908909
owd_uplink_ms,127.6769,9300000
owd_downlink_ms,127.1362,9300000
correction_magnitude_mm,110.91631650924683,8008232
correction_magnitude_deg,0,8008232
prediction_position_error_mm,283.39338302612305,9300000
prediction_orientation_error_deg,0,9300000
owd_uplink_ms,128.3153,9400000
owd_downlink_ms,125.2349,9400000
correction_magnitude_mm,51.07596144080162,8104381
correction_magnitude_deg,0,8104381
prediction_position_error_mm,347.55948185920715,9400000
prediction_orientation_error_deg,0,9400000
prediction_position_error_mm,377.3844838142395,9500000
prediction_orientation_error_deg,0,9500000
prediction_position_error_mm,407.2436988353729,9600000
prediction_orientation_error_deg,0,9600000
owd_uplink_ms,132.1431,9700000
owd_downlink_ms,131.9999,9700000
correction_magnitude_mm,27.013957500457764,8304202
correction_magnitude_deg,0,8304202
prediction_position_error_mm,423.37366938591003,9700000
prediction_orientation_error_deg,0,9700000
owd_uplink_ms,126.2058,9800000
owd_downlink_ms,130.7122,9800000
correction_magnitude_mm,45.866843312978745,8409834
correction_magnitude_deg,0,8409834
owd_uplink_ms,132.7225,9800000
owd_downlink_ms,130.9645,9800000
owd_uplink_ms,128.2689,9800000
owd_downlink_ms,123.1689,9800000
correction_magnitude_mm,57.18342214822769,8501261
correction_magnitude_deg,0,8501261
prediction_position_error_mm,379.5039653778076,9800000
prediction_orientation_error_deg,0,9800000
owd_uplink_ms,124.7841,9900000
owd_downlink_ms,124.8622,9900000
correction_magnitude_mm,66.00599735975266,8601358
correction_magnitude_deg,0,8601358
prediction_position_error_mm,360.39140820503235,9900000
prediction_orientation_error_deg,0,9900000
prediction_position_error_mm,384.82844829559326,10000000
prediction_orientation_error_deg,0,10000000
owd_uplink_ms,125.5531,10100000
owd_downlink_ms,129.7979,10100000
correction_magnitude_mm,71.6831311583519,8706664
correction_magnitude_deg,0,8706664
owd_uplink_ms,126.6464,10100000
owd_downlink_ms,125.8831,10100000
correction_magnitude_mm,71.92225754261017,8805709
correction_magnitude_deg,0,8805709
prediction_position_error_mm,312.94357776641846,10100000
prediction_orientation_error_deg,0,10100000
prediction_position_error_mm,329.8603594303131,10200000
prediction_orientation_error_deg,0,10200000
owd_uplink_ms,130.0142,10300000
owd_downlink_ms,131.0724,10300000
correction_magnitude_mm,70.50164043903351,8907031
correction_magnitude_deg,0,8907031
prediction_position_error_mm,299.9590039253235,10300000
prediction_orientation_error_deg,0,10300000
owd_uplink_ms,130.7752,10400000
owd_downlink_ms,126.5266,10400000
correction_magnitude_mm,87.53622323274612,9101720
correction_magnitude_deg,0,9101720
prediction_position_error_mm,274.46573972702026,10400000
prediction_orientation_error_deg,0,10400000
owd_uplink_ms,130.4213,10500000
owd_downlink_ms,126.9549,10500000
correction_magnitude_mm,73.18653911352158,9197388
correction_magnitude_deg,0,9197388
prediction_position_error_mm,242.8005337715149,10500000
prediction_orientation_error_deg,0,10500000
owd_uplink_ms,123.9283,10600000
owd_downlink_ms,130.0971,10600000
correction_magnitude_mm,52.61034891009331,9205099
correction_magnitude_deg,0,9205099
prediction_position_error_mm,43.842628598213196,10600000
prediction_orientation_error_deg,0,10600000
owd_uplink_ms,126.9161,10700000
owd_downlink_ms,129.4024,10700000
correction_magnitude_mm,30.521979555487633,9308206
correction_magnitude_deg,0,9308206
owd_uplink_ms,126.6789,10700000
owd_downlink_ms,128.3856,10700000
correction_magnitude_mm,14.211754314601421,9410339
correction_magnitude_deg,0,9410339
prediction_position_error_mm,80.76561987400055,10700000
prediction_orientation_error_deg,0,10700000
prediction_position_error_mm,90.92980623245239,10800000
prediction_orientation_error_deg,0,10800000
owd_uplink_ms,130.9563,10900000
owd_downlink_ms,131.6269,10900000
owd_uplink_ms,125.4295,10900000
owd_downlink_ms,126.1999,10900000
correction_magnitude_mm,5.824836436659098,9612140
correction_magnitude_deg,0,9612140
prediction_position_error_mm,95.65902501344681,10900000
prediction_orientation_error_deg,0,10900000
prediction_position_error_mm,102.47942805290222,11000000
prediction_orientation_error_deg,0,11000000
owd_uplink_ms,128.2531,11100000
owd_downlink_ms,129.4541,11100000
correction_magnitude_mm,11.428731493651867,9713641
correction_magnitude_deg,0,9713641
owd_uplink_ms,127.3444,11100000
owd_downlink_ms,126.2381,11100000
correction_magnitude_mm,14.875014312565327,9812258
correction_magnitude_deg,0,9812258
prediction_position_error_mm,87.84249424934387,11100000
prediction_orientation_error_deg,0,11100000
owd_uplink_ms,130.1792,11200000
owd_downlink_ms,123.434,11200000
correction_magnitude_mm,16.596192494034767,9903826
correction_magnitude_deg,0,9903826
prediction_position_error_mm,84.79105681180954,11200000
prediction_orientation_error_deg,0,11200000
owd_uplink_ms,126.0747,11300000
owd_downlink_ms,128.6572,11300000
correction_magnitude_mm,17.551692202687263,10007054
correction_magnitude_deg,0,10007054
prediction_position_error_mm,78.30431312322617,11300000
prediction_orientation_error_deg,0,11300000
prediction_position_error_mm,83.1269696354866,11400000
prediction_orientation_error_deg,0,11400000
owd_uplink_ms,127.0393,11500000
owd_downlink_ms,124.4164,11500000
correction_magnitude_mm,22.807395085692406,10203775
correction_magnitude_deg,0,10203775
prediction_position_error_mm,76.56294107437134,11500000
prediction_orientation_error_deg,0,11500000
owd_uplink_ms,133.1143,11600000
owd_downlink_ms,132.0669,11600000
owd_uplink_ms,126.6796,11600000
owd_downlink_ms,126.8759,11600000
correction_magnitude_mm,20.838651806116104,10302710
correction_magnitude_deg,0,10302710
prediction_position_error_mm,63.675083220005035,11600000
prediction_orientation_error_deg,0,11600000
owd_uplink_ms,126.2163,11700000
owd_downlink_ms,124.1931,11700000
correction_magnitude_mm,18.785178661346436,10400181
correction_magnitude_deg,0,10400181
prediction_position_error_mm,57.09877610206604,11700000
prediction_orientation_error_deg,0,11700000
prediction_position_error_mm,60.20905822515488,11800000
prediction_orientation_error_deg,0,11800000
owd_uplink_ms,132.0252,11900000
owd_downlink_ms,128.5804,11900000
correction_magnitude_mm,17.11166650056839,10595876
correction_magnitude_deg,0,10595876
prediction_position_error_mm,54.75457385182381,11900000
prediction_orientation_error_deg,0,11900000
owd_uplink_ms,129.6167,12000000
owd_downlink_ms,125.7366,12000000
correction_magnitude_mm,15.27691725641489,10691027
correction_magnitude_deg,0,10691027
prediction_position_error_mm,46.67842015624046,12000000
prediction_orientation_error_deg,0,12000000
owd_uplink_ms,130.7501,12100000
owd_downlink_ms,126.4732,12100000
correction_magnitude_mm,16.65116287767887,10785682
correction_magnitude_deg,0,10785682
owd_uplink_ms,125.6894,12100000
owd_downlink_ms,129.6029,12100000
correction_magnitude_mm,11.609879322350025,10790574
correction_magnitude_deg,0,10790574
prediction_position_error_mm,59.77402999997139,12100000
prediction_orientation_error_deg,0,12100000
owd_uplink_ms,124.8375,12200000
owd_downlink_ms,125.4737,12200000
prediction_position_error_mm,67.37909466028214,12200000
prediction_orientation_error_deg,0,12200000
prediction_position_error_mm,75.51074028015137,12300000
prediction_orientation_error_deg,0,12300000
owd_uplink_ms,129.2889,12400000
owd_downlink_ms,130.7057,12400000
prediction_position_error_mm,78.936867415905,12400000
prediction_orientation_error_deg,0,12400000
owd_uplink_ms,127.0128,12500000
owd_downlink_ms,125.8064,12500000
correction_magnitude_mm,12.049182318150997,11191633
correction_magnitude_deg,0,11191633
prediction_position_error_mm,76.01352781057358,12500000
prediction_orientation_error_deg,0,12500000
owd_uplink_ms,129.6204,12600000
owd_downlink_ms,133.0132,12600000
correction_magnitude_mm,8.76819808036089,11195875
correction_magnitude_deg,0,11195875
prediction_position_error_mm,8.57238657772541,12600000
prediction_orientation_error_deg,0,12600000
owd_uplink_ms,126.1615,12700000
owd_downlink_ms,130.7927,12700000
owd_uplink_ms,123.903,12700000
owd_downlink_ms,126.015,12700000
prediction_position_error_mm,14.095875434577465,12700000
prediction_orientation_error_deg,0,12700000
owd_uplink_ms,124.2707,12800000
owd_downlink_ms,127.9188,12800000
prediction_position_error_mm,12.599228881299496,12800000
prediction_orientation_error_deg,0,12800000
prediction_position_error_mm,15.988172963261604,12900000
prediction_orientation_error_deg,0,12900000
owd_uplink_ms,132.7509,13000000
owd_downlink_ms,127.5252,13000000
prediction_position_error_mm,15.472810715436935,13000000
prediction_orientation_error_deg,0,13000000
owd_uplink_ms,124.3033,13100000
owd_downlink_ms,131.0985,13100000
owd_uplink_ms,129.1624,13100000
owd_downlink_ms,123.6102,13100000
prediction_position_error_mm,5.77440345659852,13100000
prediction_orientation_error_deg,0,13100000
owd_uplink_ms,125.7301,13200000
owd_downlink_ms,126.5726,13200000
prediction_position_error_mm,2.3593371734023094,13200000
prediction_orientation_error_deg,0,13200000
owd_uplink_ms,126.2591,13300000
owd_downlink_ms,127.2535,13300000
prediction_position_error_mm,3.928528632968664,13300000
prediction_orientation_error_deg,0,13300000
prediction_position_error_mm,2.2594935726374388,13400000
prediction_orientation_error_deg,0,13400000
owd_uplink_ms,124.366,13500000
owd_downlink_ms,129.5709,13500000
owd_uplink_ms,125.4353,13500000
owd_downlink_ms,126.7731,13500000
prediction_position_error_mm,3.47545905970037,13500000
prediction_orientation_error_deg,0,13500000
prediction_position_error_mm,3.850699169561267,13600000
prediction_orientation_error_deg,0,13600000
owd_uplink_ms,133.2454,13700000
owd_downlink_ms,125.7769,13700000
prediction_position_error_mm,4.4636488892138,13700000
prediction_orientation_error_deg,0,13700000
owd_uplink_ms,129.7563,13800000
owd_downlink_ms,123.7291,13800000
prediction_position_error_mm,4.648343194276094,13800000
prediction_orientation_error_deg,0,13800000
owd_uplink_ms,124.1202,13900000
owd_downlink_ms,130.368,13900000
owd_uplink_ms,123.8028,13900000
owd_downlink_ms,122.8566,13900000
prediction_position_error_mm,11.55916042625904,13900000
prediction_orientation_error_deg,0,13900000
prediction_position_error_mm,12.598386965692043,14000000
prediction_orientation_error_deg,0,14000000
owd_uplink_ms,129.8246,14100000
owd_downlink_ms,131.4062,14100000
prediction_position_error_mm,11.780666187405586,14100000
prediction_orientation_error_deg,0,14100000
prediction_position_error_mm,14.609563164412975,14200000
prediction_orientation_error_deg,0,14200000
owd_uplink_ms,129.3453,14300000
owd_downlink_ms,130.7099,14300000
owd_uplink_ms,132.3471,14300000
owd_downlink_ms,131.6017,14300000
owd_uplink_ms,128.3898,14300000
owd_downlink_ms,123.3992,14300000
prediction_position_error_mm,12.497792951762676,14300000
prediction_orientation_error_deg,0,14300000
owd_uplink_ms,126.5607,14400000
owd_downlink_ms,127.2633,14400000
prediction_position_error_mm,14.127134345471859,14400000
prediction_orientation_error_deg,0,14400000
prediction_position_error_mm,15.28213731944561,14500000
prediction_orientation_error_deg,0,14500000
owd_uplink_ms,130.9989,14600000
owd_downlink_ms,125.1187,14600000
owd_uplink_ms,127.4084,14600000
owd_downlink_ms,127.9766,14600000
prediction_position_error_mm,72.21236079931259,14600000
prediction_orientation_error_deg,0,14600000
prediction_position_error_mm,76.13261789083481,14700000
prediction_orientation_error_deg,0,14700000
owd_uplink_ms,129.461,14800000
owd_downlink_ms,125.1037,14800000
correction_magnitude_mm,10.450173169374466,13489415
correction_magnitude_deg,0,13489415
owd_uplink_ms,126.0543,14800000
owd_downlink_ms,128.199,14800000
correction_magnitude_mm,7.415842264890671,13492096
correction_magnitude_deg,0,13492096
prediction_position_error_mm,34.58212688565254,14800000
prediction_orientation_error_deg,0,14800000
owd_uplink_ms,124.1211,14900000
owd_downlink_ms,124.2976,14900000
prediction_position_error_mm,38.28101605176926,14900000
prediction_orientation_error_deg,0,14900000
owd_uplink_ms,127.1455,15000000
owd_downlink_ms,127.4862,15000000
prediction_position_error_mm,42.16873645782471,15000000
prediction_orientation_error_deg,0,15000000
owd_uplink_ms,124.0486,15100000
owd_downlink_ms,128.7625,15100000
prediction_position_error_mm,41.84773191809654,15100000
prediction_orientation_error_deg,0,15100000
prediction_position_error_mm,45.19497975707054,15200000
prediction_orientation_error_deg,0,15200000
owd_uplink_ms,131.9608,15300000
owd_downlink_ms,127.6847,15300000
correction_magnitude_mm,9.692270308732986,13993292
correction_magnitude_deg,0,13993292
prediction_position_error_mm,44.82976719737053,15300000
prediction_orientation_error_deg,0,15300000
owd_uplink_ms,128.1154,15400000
owd_downlink_ms,124.1667,15400000
correction_magnitude_mm,7.51457316800952,14088357
correction_magnitude_deg,0,14088357
prediction_position_error_mm,42.724981904029846,15400000
prediction_orientation_error_deg,0,15400000
owd_uplink_ms,131.0773,15500000
owd_downlink_ms,131.4968,15500000
correction_magnitude_mm,5.280908662825823,14088882
correction_magnitude_deg,0,14088882
prediction_position_error_mm,382.56627321243286,15500000
prediction_orientation_error_deg,0,15500000
owd_uplink_ms,122.8382,15600000
owd_downlink_ms,129.2911,15600000
correction_magnitude_mm,53.76550927758217,14296948
correction_magnitude_deg,0,14296948
owd_uplink_ms,132.3962,15600000
owd_downlink_ms,130.2471,15600000
prediction_position_error_mm,382.57837295532227,15600000
prediction_orientation_error_deg,0,15600000
prediction_position_error_mm,409.5403254032135,15700000
prediction_orientation_error_deg,0,15700000
prediction_position_error_mm,435.00712513923645,15800000
prediction_orientation_error_deg,0,15800000
owd_uplink_ms,132.0808,15900000
owd_downlink_ms,131.5002,15900000
correction_magnitude_mm,89.07508105039597,14493537
correction_magnitude_deg,0,14493537
owd_uplink_ms,128.4692,15900000
owd_downlink_ms,124.9564,15900000
correction_magnitude_mm,87.96511590480804,14589146
correction_magnitude_deg,0,14589146
owd_uplink_ms,131.3639,15900000
owd_downlink_ms,127.1271,15900000
prediction_position_error_mm,353.3719778060913,15900000
prediction_orientation_error_deg,0,15900000
prediction_position_error_mm,375.2945363521576,16000000
prediction_orientation_error_deg,0,16000000
owd_uplink_ms,129.6773,16100000
owd_downlink_ms,128.3025,16100000
correction_magnitude_mm,103.99090498685837,14782132
correction_magnitude_deg,0,14782132
prediction_position_error_mm,344.6725010871887,16100000
prediction_orientation_error_deg,0,16100000
owd_uplink_ms,128.7246,16200000
owd_downlink_ms,129.3598,16200000
correction_magnitude_mm,94.9648842215538,14882927
correction_magnitude_deg,0,14882927
owd_uplink_ms,124.9294,16200000
owd_downlink_ms,130.8917,16200000
correction_magnitude_mm,67.73407012224197,14890380
correction_magnitude_deg,0,14890380
prediction_position_error_mm,78.75293493270874,16200000
prediction_orientation_error_deg,0,16200000
prediction_position_error_mm,88.63206952810287,16300000
prediction_orientation_error_deg,0,16300000
owd_uplink_ms,131.2988,16400000
owd_downlink_ms,127.0563,16400000
correction_magnitude_mm,29.330631718039513,15085078
correction_magnitude_deg,0,15085078
owd_uplink_ms,126.1801,16400000
owd_downlink_ms,130.7666,16400000
correction_magnitude_mm,19.911373034119606,15090811
correction_magnitude_deg,0,15090811
prediction_position_error_mm,255.6493580341339,16400000
prediction_orientation_error_deg,0,16400000
prediction_position_error_mm,276.159405708313,16500000
prediction_orientation_error_deg,0,16500000
owd_uplink_ms,124.1019,16600000
owd_downlink_ms,131.3592,16600000
correction_magnitude_mm,8.255166932940483,15199883
correction_magnitude_deg,0,15199883
prediction_position_error_mm,291.75323247909546,16600000
prediction_orientation_error_deg,0,16600000
owd_uplink_ms,132.1613,16700000
owd_downlink_ms,128.7782,16700000
correction_magnitude_mm,46.02357745170593,15395655
correction_magnitude_deg,0,15395655
prediction_position_error_mm,289.2548739910126,16700000
prediction_orientation_error_deg,0,16700000
owd_uplink_ms,130.8646,16800000
owd_downlink_ms,124.7776,16800000
correction_magnitude_mm,49.241289496421814,15488047
correction_magnitude_deg,0,15488047
prediction_position_error_mm,273.62972497940063,16800000
prediction_orientation_error_deg,0,16800000
owd_uplink_ms,127.7335,16900000
owd_downlink_ms,133.4079,16900000
correction_magnitude_mm,35.79506278038025,15495141
correction_magnitude_deg,0,15495141
prediction_position_error_mm,68.8130334019661,16900000
prediction_orientation_error_deg,0,16900000
prediction_position_error_mm,72.29955494403839,17000000
prediction_orientation_error_deg,0,17000000
owd_uplink_ms,130.2583,17100000
owd_downlink_ms,131.6479,17100000
correction_magnitude_mm,30.74805624783039,15696879
correction_magnitude_deg,0,15696879
owd_uplink_ms,127.3685,17100000
owd_downlink_ms,132.4379,17100000
correction_magnitude_mm,21.721601486206055,15703215
correction_magnitude_deg,0,15703215
prediction_position_error_mm,89.97883647680283,17100000
prediction_orientation_error_deg,0,17100000
owd_uplink_ms,125.0744,17200000
owd_downlink_ms,126.2916,17200000
owd_uplink_ms,131.7333,17200000
owd_downlink_ms,129.4524,17200000
prediction_position_error_mm,96.85888141393661,17200000
prediction_orientation_error_deg,0,17200000
prediction_position_error_mm,103.9564236998558,17300000
prediction_orientation_error_deg,0,17300000
owd_uplink_ms,124.0244,17400000
owd_downlink_ms,129.5953,17400000
correction_magnitude_mm,8.433653973042965,16008847
correction_magnitude_deg,0,16008847
owd_uplink_ms,130.2398,17400000
owd_downlink_ms,126.4726,17400000
correction_magnitude_mm,13.029208406805992,16104137
correction_magnitude_deg,0,16104137
prediction_position_error_mm,95.8719551563263,17400000
prediction_orientation_error_deg,0,17400000
prediction_position_error_mm,102.3767739534378,17500000
prediction_orientation_error_deg,0,17500000
prediction_position_error_mm,108.51176083087921,17600000
prediction_orientation_error_deg,0,17600000
owd_uplink_ms,130.8182,17700000
owd_downlink_ms,129.8823,17700000
correction_magnitude_mm,22.610973566770554,16302967
correction_magnitude_deg,0,16302967
prediction_position_error_mm,103.25830429792404,17700000
prediction_orientation_error_deg,0,17700000
owd_uplink_ms,132.3738,17800000
owd_downlink_ms,130.3409,17800000
correction_magnitude_mm,22.254703566432,16400425
correction_magnitude_deg,0,16400425
owd_uplink_ms,129.419,17800000
owd_downlink_ms,129.5027,17800000
correction_magnitude_mm,21.7999629676342,16500529
correction_magnitude_deg,0,16500529
prediction_position_error_mm,77.87313312292099,17800000
prediction_orientation_error_deg,0,17800000
owd_uplink_ms,130.2929,17900000
owd_downlink_ms,131.8482,17900000
correction_magnitude_mm,15.351961366832256,16502472
correction_magnitude_deg,0,16502472
prediction_position_error_mm,253.29557061195374,17900000
prediction_orientation_error_deg,0,17900000
owd_uplink_ms,129.852,18000000
owd_downlink_ms,125.5728,18000000
correction_magnitude_mm,25.46762488782406,16697123
correction_magnitude_deg,0,16697123
owd_uplink_ms,126.3149,18000000
owd_downlink_ms,127.7898,18000000
correction_magnitude_mm,18.170258030295372,16698967
correction_magnitude_deg,0,16698967
prediction_position_error_mm,129.98716533184052,18000000
prediction_orientation_error_deg,0,18000000
prediction_position_error_mm,140.6107097864151,18100000
prediction_orientation_error_deg,0,18100000
owd_uplink_ms,125.4453,18200000
owd_downlink_ms,131.1056,18200000
prediction_position_error_mm,151.65437757968903,18200000
prediction_orientation_error_deg,0,18200000
owd_uplink_ms,130.4002,18300000
owd_downlink_ms,130.2149,18300000
correction_magnitude_mm,10.733854956924915,16905810
correction_magnitude_deg,0,16905810
owd_uplink_ms,128.0961,18300000
owd_downlink_ms,127.3873,18300000
correction_magnitude_mm,18.281497061252594,17004923
correction_magnitude_deg,0,17004923
prediction_position_error_mm,142.25776493549347,18300000
prediction_orientation_error_deg,0,18300000
owd_uplink_ms,125.1473,18400000
owd_downlink_ms,127.088,18400000
correction_magnitude_mm,23.301586508750916,17107348
correction_magnitude_deg,0,17107348
prediction_position_error_mm,135.63595712184906,18400000
prediction_orientation_error_deg,0,18400000
prediction_position_error_mm,144.5239782333374,18500000
prediction_orientation_error_deg,0,18500000
owd_uplink_ms,128.6276,18600000
owd_downlink_ms,131.7557,18600000
correction_magnitude_mm,26.20694413781166,17211257
correction_magnitude_deg,0,17211257
owd_uplink_ms,127.6401,18600000
owd_downlink_ms,125.2812,18600000
correction_magnitude_mm,26.811234652996063,17308308
correction_magnitude_deg,0,17308308
prediction_position_error_mm,116.24753475189209,18600000
prediction_orientation_error_deg,0,18600000
owd_uplink_ms,124.827,18700000
owd_downlink_ms,127.2711,18700000
correction_magnitude_mm,26.85055509209633,17411363
correction_magnitude_deg,0,17411363
prediction_position_error_mm,105.93973845243454,18700000
prediction_orientation_error_deg,0,18700000
prediction_position_error_mm,112.3613715171814,18800000
prediction_orientation_error_deg,0,18800000
owd_uplink_ms,132.748,18900000
owd_downlink_ms,123.2876,18900000
correction_magnitude_mm,31.939569860696793,17599538
correction_magnitude_deg,0,17599538
prediction_position_error_mm,101.82538628578186,18900000
prediction_orientation_error_deg,0,18900000
owd_uplink_ms,124.3279,19000000
owd_downlink_ms,131.876,19000000
correction_magnitude_mm,22.973360493779182,17608973
correction_magnitude_deg,0,17608973
prediction_position_error_mm,0.34840209991671145,19000000
prediction_orientation_error_deg,0,19000000
owd_uplink_ms,129.0601,19100000
owd_downlink_ms,131.5705,19100000
correction_magnitude_mm,15.157242305576801,17712111
correction_magnitude_deg,0,17712111
owd_uplink_ms,124.6456,19100000
owd_downlink_ms,124.372,19100000
correction_magnitude_mm,9.224298410117626,17811769
correction_magnitude_deg,0,17811769
prediction_position_error_mm,19.60831508040428,19100000
prediction_orientation_error_deg,0,19100000
prediction_position_error_mm,21.968673914670944,19200000
prediction_orientation_error_deg,0,19200000
owd_uplink_ms,129.1125,19300000
owd_downlink_ms,123.7948,19300000
owd_uplink_ms,131.5119,19300000
owd_downlink_ms,124.7075,19300000
prediction_position_error_mm,24.901531636714935,19300000
prediction_orientation_error_deg,0,19300000
owd_uplink_ms,123.5255,19400000
owd_downlink_ms,125.2336,19400000
prediction_position_error_mm,28.6562517285347,19400000
prediction_orientation_error_deg,0,19400000
owd_uplink_ms,126.6144,19500000
owd_downlink_ms,128.1089,19500000
prediction_position_error_mm,28.988128527998924,19500000
prediction_orientation_error_deg,0,19500000
prediction_position_error_mm,32.62311592698097,19600000
prediction_orientation_error_deg,0,19600000
owd_uplink_ms,130.3483,19700000
owd_downlink_ms,127.7994,19700000
correction_magnitude_mm,5.049811210483313,18397433
correction_magnitude_deg,0,18397433
prediction_position_error_mm,32.71855413913727,19700000
prediction_orientation_error_deg,0,19700000
owd_uplink_ms,124.0565,19800000
owd_downlink_ms,130.9686,19800000
owd_uplink_ms,124.34,19800000
owd_downlink_ms,127.9512,19800000
prediction_position_error_mm,14.40316066145897,19800000
prediction_orientation_error_deg,0,19800000
owd_uplink_ms,126.0064,19900000
owd_downlink_ms,123.287,19900000
prediction_position_error_mm,12.375561520457268,19900000
prediction_orientation_error_deg,0,19900000
prediction_position_error_mm,14.87578172236681,20000000
prediction_orientation_error_deg,0,20000000
prediction_position_error_mm,14.762835577130318,20100000
prediction_orientation_error_deg,0,20100000
owd_uplink_ms,132.1836,20200000
owd_downlink_ms,131.6821,20200000
owd_uplink_ms,125.5523,20200000
owd_downlink_ms,126.3678,20200000
owd_uplink_ms,131.5064,20200000
owd_downlink_ms,127.7184,20200000
prediction_position_error_mm,12.55582645535469,20200000
prediction_orientation_error_deg,0,20200000
prediction_position_error_mm,15.336664393544197,20300000
prediction_orientation_error_deg,0,20300000
owd_uplink_ms,127.6596,20400000
owd_downlink_ms,129.0686,20400000
prediction_position_error_mm,13.247082941234112,20400000
prediction_orientation_error_deg,0,20400000
owd_uplink_ms,131.2282,20500000
owd_downlink_ms,130.6193,20500000
owd_uplink_ms,128.2599,20500000
owd_downlink_ms,128.0371,20500000
prediction_position_error_mm,12.335044331848621,20500000
prediction_orientation_error_deg,0,20500000
prediction_position_error_mm,15.203633345663548,20600000
prediction_orientation_error_deg,0,20600000
owd_uplink_ms,131.5621,20700000
owd_downlink_ms,123.6821,20700000
owd_uplink_ms,127.7451,20700000
owd_downlink_ms,129.7283,20700000
prediction_position_error_mm,24.961063638329506,20700000
prediction_orientation_error_deg,0,20700000
prediction_position_error_mm,28.839951381087303,20800000
prediction_orientation_error_deg,0,20800000
owd_uplink_ms,129.4216,20900000
owd_downlink_ms,127.005,20900000
prediction_position_error_mm,26.95145644247532,20900000
prediction_orientation_error_deg,0,20900000
owd_uplink_ms,123.6485,21000000
owd_downlink_ms,131.7205,21000000
owd_uplink_ms,125.0717,21000000
owd_downlink_ms,123.4493,21000000
prediction_position_error_mm,16.05605147778988,21000000
prediction_orientation_error_deg,0,21000000
owd_uplink_ms,125.8155,21100000
owd_downlink_ms,127.3654,21100000
prediction_position_error_mm,14.37433622777462,21100000
prediction_orientation_error_deg,0,21100000
prediction_position_error_mm,17.303602769970894,21200000
prediction_orientation_error_deg,0,21200000
owd_uplink_ms,131.9281,21300000
owd_downlink_ms,128.6096,21300000
prediction_position_error_mm,15.548234805464745,21300000
prediction_orientation_error_deg,0,21300000
owd_uplink_ms,124.2003,21400000
owd_downlink_ms,131.6877,21400000
prediction_position_error_mm,3.4779496490955353,21400000
prediction_orientation_error_deg,0,21400000
prediction_position_error_mm,4.233365412801504,21500000
prediction_orientation_error_deg,0,21500000
owd_uplink_ms,132.8696,21600000
owd_downlink_ms,131.1408,21600000
owd_uplink_ms,124.1016,21600000
owd_downlink_ms,124.7964,21600000
owd_uplink_ms,132.6454,21600000
owd_downlink_ms,128.8845,21600000
prediction_position_error_mm,5.195566453039646,21600000
prediction_orientation_error_deg,0,21600000
prediction_position_error_mm,8.552118204534054,21700000
prediction_orientation_error_deg,0,21700000
owd_uplink_ms,130.6645,21800000
owd_downlink_ms,126.5972,21800000
prediction_position_error_mm,7.764437701553106,21800000
prediction_orientation_error_deg,0,21800000
owd_uplink_ms,127.8447,21900000
owd_downlink_ms,128.3344,21900000
owd_uplink_ms,130.5108,21900000
owd_downlink_ms,129.8292,21900000
prediction_position_error_mm,7.959728129208088,21900000
prediction_orientation_error_deg,0,21900000
owd_uplink_ms,124.2938,22000000
owd_downlink_ms,124.7825,22000000
prediction_position_error_mm,10.587815195322037,22000000
prediction_orientation_error_deg,0,22000000
prediction_position_error_mm,11.645704507827759,22100000
prediction_orientation_error_deg,0,22100000
owd_uplink_ms,128.9721,22200000
owd_downlink_ms,129.115,22200000
prediction_position_error_mm,11.79573219269514,22200000
prediction_orientation_error_deg,0,22200000
owd_uplink_ms,130.2916,22300000
owd_downlink_ms,130.6901,22300000
owd_uplink_ms,124.0063,22300000
owd_downlink_ms,124.7865,22300000
correction_magnitude_mm,6.996484007686377,20999327
correction_magnitude_deg,0,20999327
prediction_position_error_mm,100.71123391389847,22300000
prediction_orientation_error_deg,0,22300000
owd_uplink_ms,129.2714,22400000
owd_downlink_ms,129.1473,22400000
correction_magnitude_mm,12.4982800334692,21099173
correction_magnitude_deg,0,21099173
prediction_position_error_mm,102.32588648796082,22400000
prediction_orientation_error_deg,0,22400000
prediction_position_error_mm,105.82257062196732,22500000
prediction_orientation_error_deg,0,22500000
owd_uplink_ms,130.5965,22600000
owd_downlink_ms,128.6735,22600000
correction_magnitude_mm,25.586290284991264,21296770
correction_magnitude_deg,0,21296770
prediction_position_error_mm,102.9604896903038,22600000
prediction_orientation_error_deg,0,22600000
owd_uplink_ms,130.5919,22700000
owd_downlink_ms,128.83,22700000
correction_magnitude_mm,21.714193746447563,21394568
correction_magnitude_deg,0,21394568
prediction_position_error_mm,90.71076661348343,22700000
prediction_orientation_error_deg,0,22700000
owd_uplink_ms,127.8894,22800000
owd_downlink_ms,130.3772,22800000
correction_magnitude_mm,15.473254956305027,21397678
correction_magnitude_deg,0,21397678
owd_uplink_ms,126.8573,22800000
owd_downlink_ms,124.8148,22800000
prediction_position_error_mm,119.30061876773834,22800000
prediction_orientation_error_deg,0,22800000
prediction_position_error_mm,128.84795665740967,22900000
prediction_orientation_error_deg,0,22900000
owd_uplink_ms,129.455,23000000
owd_downlink_ms,124.4941,23000000
correction_magnitude_mm,16.238301992416382,21688925
correction_magnitude_deg,0,21688925
owd_uplink_ms,128.3357,23000000
owd_downlink_ms,130.2793,23000000
correction_magnitude_mm,11.511856690049171,21691355
correction_magnitude_deg,0,21691355
prediction_position_error_mm,62.57648766040802,23000000
prediction_orientation_error_deg,0,23000000
prediction_position_error_mm,64.03490900993347,23100000
prediction_orientation_error_deg,0,23100000
owd_uplink_ms,129.6677,23200000
owd_downlink_ms,130.3132,23200000
correction_magnitude_mm,5.7023875415325165,21892163
correction_magnitude_deg,0,21892163
prediction_position_error_mm,66.05029106140137,23200000
prediction_orientation_error_deg,0,23200000
prediction_position_error_mm,70.73348015546799,23300000
prediction_orientation_error_deg,0,23300000
owd_uplink_ms,125.4019,23400000
owd_downlink_ms,132.4407,23400000
correction_magnitude_mm,6.922461092472076,22000961
correction_magnitude_deg,0,22000961
owd_uplink_ms,132.9991,23400000
owd_downlink_ms,132.8594,23400000
owd_uplink_ms,123.8191,23400000
owd_downlink_ms,123.7246,23400000
correction_magnitude_mm,9.783887304365635,22100667
correction_magnitude_deg,0,22100667
prediction_position_error_mm,63.883207738399506,23400000
prediction_orientation_error_deg,0,23400000
owd_uplink_ms,128.7296,23500000
owd_downlink_ms,128.3315,23500000
correction_magnitude_mm,11.437660083174706,22200169
correction_magnitude_deg,0,22200169
prediction_position_error_mm,60.10010838508606,23500000
prediction_orientation_error_deg,0,23500000
owd_uplink_ms,128.5611,23600000
owd_downlink_ms,124.1878,23600000
correction_magnitude_mm,11.847791261970997,22294703
correction_magnitude_deg,0,22294703
prediction_position_error_mm,59.01128426194191,23600000
prediction_orientation_error_deg,0,23600000
prediction_position_error_mm,62.38320842385292,23700000
prediction_orientation_error_deg,0,23700000
owd_uplink_ms,126.0228,23800000
owd_downlink_ms,124.489,23800000
correction_magnitude_mm,15.771819278597832,22492786
correction_magnitude_deg,0,22492786
prediction_position_error_mm,57.87481740117073,23800000
prediction_orientation_error_deg,0,23800000
owd_uplink_ms,132.0192,23900000
owd_downlink_ms,130.8789,23900000
prediction_position_error_mm,57.204727083444595,23900000
prediction_orientation_error_deg,0,23900000
owd_uplink_ms,131.1844,24000000
owd_downlink_ms,129.0969,24000000
correction_magnitude_mm,17.74519309401512,22688752
correction_magnitude_deg,0,22688752
owd_uplink_ms,124.8427,24000000
owd_downlink_ms,129.225,24000000
correction_magnitude_mm,12.775551527738571,22694230
correction_magnitude_deg,0,22694230
prediction_position_error_mm,40.27367755770683,24000000
prediction_orientation_error_deg,0,24000000
owd_uplink_ms,125.2575,24100000
owd_downlink_ms,125.1425,24100000
correction_magnitude_mm,5.105949006974697,22794087
correction_magnitude_deg,0,22794087
prediction_position_error_mm,51.83323100209236,24100000
prediction_orientation_error_deg,0,24100000
owd_uplink_ms,124.0103,24200000
owd_downlink_ms,125.5909,24200000
prediction_position_error_mm,56.02237209677696,24200000
prediction_orientation_error_deg,0,24200000
prediction_position_error_mm,56.74322322010994,24300000
prediction_orientation_error_deg,0,24300000
owd_uplink_ms,124.7651,24400000
owd_downlink_ms,124.897,24400000
correction_magnitude_mm,8.484340272843838,23096228
correction_magnitude_deg,0,23096228
owd_uplink_ms,131.5381,24400000
owd_downlink_ms,129.2737,24400000
prediction_position_error_mm,60.92717498540878,24400000
prediction_orientation_error_deg,0,24400000
owd_uplink_ms,128.2854,24500000
owd_downlink_ms,127.1149,24500000
correction_magnitude_mm,9.920049458742142,23191935
correction_magnitude_deg,0,23191935
prediction_position_error_mm,54.48482558131218,24500000
prediction_orientation_error_deg,0,24500000
owd_uplink_ms,126.2641,24600000
owd_downlink_ms,129.8014,24600000
correction_magnitude_mm,10.688773356378078,23296357
correction_magnitude_deg,0,23296357
prediction_position_error_mm,51.44877731800079,24600000
prediction_orientation_error_deg,0,24600000
owd_uplink_ms,127.4898,24700000
owd_downlink_ms,125.4457,24700000
correction_magnitude_mm,10.946853086352348,23393802
correction_magnitude_deg,0,23393802
prediction_position_error_mm,47.66668751835823,24700000
prediction_orientation_error_deg,0,24700000
owd_uplink_ms,126.753,24800000
owd_downlink_ms,124.3428,24800000
correction_magnitude_mm,10.838357731699944,23490790
correction_magnitude_deg,0,23490790
prediction_position_error_mm,47.59722575545311,24800000
prediction_orientation_error_deg,0,24800000
prediction_position_error_mm,50.923410803079605,24900000
prediction_orientation_error_deg,0,24900000
owd_uplink_ms,130.5974,25000000
owd_downlink_ms,127.1326,25000000
correction_magnitude_mm,9.807243011891842,23686459
correction_magnitude_deg,0,23686459
prediction_position_error_mm,49.37057942152023,25000000
prediction_orientation_error_deg,0,25000000
prediction_position_error_mm,52.61220410466194,25100000
prediction_orientation_error_deg,0,25100000
owd_uplink_ms,131.0973,25200000
owd_downlink_ms,133.2348,25200000
correction_magnitude_mm,9.592383168637753,23789132
correction_magnitude_deg,0,23789132
owd_uplink_ms,123.0515,25200000
owd_downlink_ms,125.5984,25200000
correction_magnitude_mm,12.86283414810896,23892316
correction_magnitude_deg,0,23892316
owd_uplink_ms,130.0596,25200000
owd_downlink_ms,126.6984,25200000
prediction_position_error_mm,40.32415524125099,25200000
prediction_orientation_error_deg,0,25200000
prediction_position_error_mm,42.978402227163315,25300000
prediction_orientation_error_deg,0,25300000
owd_uplink_ms,130.9691,25400000
owd_downlink_ms,127.027,25400000
correction_magnitude_mm,13.59335146844387,24083188
correction_magnitude_deg,0,24083188
prediction_position_error_mm,38.78875449299812,25400000
prediction_orientation_error_deg,0,25400000
owd_uplink_ms,125.4593,25500000
owd_downlink_ms,131.2072,25500000
correction_magnitude_mm,9.391053579747677,24090373
correction_magnitude_deg,0,24090373
owd_uplink_ms,128.599,25500000
owd_downlink_ms,127.6205,25500000
prediction_position_error_mm,24.68159981071949,25500000
prediction_orientation_error_deg,0,25500000
prediction_position_error_mm,22.002587094902992,25600000
prediction_orientation_error_deg,0,25600000
prediction_position_error_mm,23.547198623418808,25700000
prediction_orientation_error_deg,0,25700000
owd_uplink_ms,125.5378,25800000
owd_downlink_ms,131.3131,25800000
owd_uplink_ms,130.1138,25800000
owd_downlink_ms,131.3546,25800000
prediction_position_error_mm,5.1206485368311405,25800000
prediction_orientation_error_deg,0,25800000
owd_uplink_ms,132.0542,25900000
owd_downlink_ms,129.9738,25900000
correction_magnitude_mm,5.129432305693626,24595320
correction_magnitude_deg,0,24595320
prediction_position_error_mm,6.252915132790804,25900000
prediction_orientation_error_deg,0,25900000
owd_uplink_ms,130.0679,26000000
owd_downlink_ms,124.6382,26000000
prediction_position_error_mm,4.502279683947563,26000000
prediction_orientation_error_deg,0,26000000
owd_uplink_ms,123.1835,26100000
owd_downlink_ms,124.7875,26100000
prediction_position_error_mm,3.6500473506748676,26100000
prediction_orientation_error_deg,0,26100000
owd_uplink_ms,130.9015,26200000
owd_downlink_ms,133.2045,26200000
owd_uplink_ms,128.0015,26200000
owd_downlink_ms,125.8328,26200000
prediction_position_error_mm,16.77221991121769,26200000
prediction_orientation_error_deg,0,26200000
owd_uplink_ms,126.7312,26300000
owd_downlink_ms,126.0206,26300000
prediction_position_error_mm,16.834422945976257,26300000
prediction_orientation_error_deg,0,26300000
prediction_position_error_mm,17.646467313170433,26400000
prediction_orientation_error_deg,0,26400000
owd_uplink_ms,127.7693,26500000
owd_downlink_ms,130.813,26500000
owd_uplink_ms,123.0533,26500000
owd_downlink_ms,126.2677,26500000
prediction_position_error_mm,15.391655266284943,26500000
prediction_orientation_error_deg,0,26500000
prediction_position_error_mm,16.072580590844154,26600000
prediction_orientation_error_deg,0,26600000
owd_uplink_ms,129.6491,26700000
owd_downlink_ms,131.1493,26700000
owd_uplink_ms,125.5276,26700000
owd_downlink_ms,128.6116,26700000
prediction_position_error_mm,9.891715832054615,26700000
prediction_orientation_error_deg,0,26700000
prediction_position_error_mm,13.545679859817028,26800000
prediction_orientation_error_deg,0,26800000
owd_uplink_ms,127.0723,26900000
owd_downlink_ms,127.9315,26900000
owd_uplink_ms,130.6176,26900000
owd_downlink_ms,128.5412,26900000
prediction_position_error_mm,9.676782414317131,26900000
prediction_orientation_error_deg,0,26900000
owd_uplink_ms,123.5124,27000000
owd_downlink_ms,125.0652,27000000
prediction_position_error_mm,11.019524186849594,27000000
prediction_orientation_error_deg,0,27000000
owd_uplink_ms,125.1751,27100000
owd_downlink_ms,127.392,27100000
prediction_position_error_mm,7.63207720592618,27100000
prediction_orientation_error_deg,0,27100000
prediction_position_error_mm,8.18775873631239,27200000
prediction_orientation_error_deg,0,27200000
owd_uplink_ms,124.9076,27300000
owd_downlink_ms,124.2142,27300000
owd_uplink_ms,130.9738,27300000
owd_downlink_ms,126.6048,27300000
prediction_position_error_mm,7.6893046498298645,27300000
prediction_orientation_error_deg,0,27300000
owd_uplink_ms,127.8944,27400000
owd_downlink_ms,125.6568,27400000
prediction_position_error_mm,7.008884567767382,27400000
prediction_orientation_error_deg,0,27400000
prediction_position_error_mm,8.509290404617786,27500000
prediction_orientation_error_deg,0,27500000
prediction_position_error_mm,8.162405341863632,27600000
prediction_orientation_error_deg,0,27600000
owd_uplink_ms,131.4295,27700000
owd_downlink_ms,132.9534,27700000
correction_magnitude_mm,5.672272760421038,26299341
correction_magnitude_deg,0,26299341
owd_uplink_ms,129.7736,27700000
owd_downlink_ms,126.3981,27700000
prediction_position_error_mm,9.037724696099758,27700000
prediction_orientation_error_deg,0,27700000
owd_uplink_ms,130.4415,27800000
owd_downlink_ms,126.0056,27800000
prediction_position_error_mm,10.161164216697216,27800000
prediction_orientation_error_deg,0,27800000
owd_uplink_ms,131.1895,27900000
owd_downlink_ms,127.0603,27900000
prediction_position_error_mm,7.054710295051336,27900000
prediction_orientation_error_deg,0,27900000
owd_uplink_ms,128.5368,28000000
owd_downlink_ms,126.9851,28000000
owd_uplink_ms,124.0373,28000000
owd_downlink_ms,130.759,28000000
prediction_position_error_mm,6.210474297404289,28000000
prediction_orientation_error_deg,0,28000000
prediction_position_error_mm,6.661443971097469,28100000
prediction_orientation_error_deg,0,28100000
owd_uplink_ms,126.3532,28200000
owd_downlink_ms,125.9084,28200000
owd_uplink_ms,130.8071,28200000
owd_downlink_ms,130.7944,28200000
prediction_position_error_mm,7.2988709434866905,28200000
prediction_orientation_error_deg,0,28200000
prediction_position_error_mm,7.72359361872077,28300000
prediction_orientation_error_deg,0,28300000
owd_uplink_ms,127.5103,28400000
owd_downlink_ms,129.1491,28400000
prediction_position_error_mm,12.441841885447502,28400000
prediction_orientation_error_deg,0,28400000
owd_uplink_ms,131.7222,28500000
owd_downlink_ms,132.5295,28500000
prediction_position_error_mm,22.561630234122276,28500000
prediction_orientation_error_deg,0,28500000
owd_uplink_ms,128.9382,28600000
owd_downlink_ms,131.7503,28600000
owd_uplink_ms,127.2958,28600000
owd_downlink_ms,124.6401,28600000
prediction_position_error_mm,26.47813968360424,28600000
prediction_orientation_error_deg,0,28600000
owd_uplink_ms,122.9834,28700000
owd_downlink_ms,125.5959,28700000
prediction_position_error_mm,25.97677893936634,28700000
prediction_orientation_error_deg,0,28700000
prediction_position_error_mm,27.88057178258896,28800000
prediction_orientation_error_deg,0,28800000
owd_uplink_ms,126.0026,28900000
owd_downlink_ms,127.9722,28900000
correction_magnitude_mm,5.965334828943014,27599296
correction_magnitude_deg,0,27599296
owd_uplink_ms,131.6777,28900000
owd_downlink_ms,128.471,28900000
prediction_position_error_mm,22.086553275585175,28900000
prediction_orientation_error_deg,0,28900000
owd_uplink_ms,126.6936,29000000
owd_downlink_ms,129.4432,29000000
correction_magnitude_mm,5.851028021425009,27698725
correction_magnitude_deg,0,27698725
prediction_position_error_mm,19.85488459467888,29000000
prediction_orientation_error_deg,0,29000000
owd_uplink_ms,124.7338,29100000
owd_downlink_ms,128.0265,29100000
correction_magnitude_mm,5.467261653393507,27802840
correction_magnitude_deg,0,27802840
prediction_position_error_mm,22.690963000059128,29100000
prediction_orientation_error_deg,0,29100000
prediction_position_error_mm,24.2286529392004,29200000
prediction_orientation_error_deg,0,29200000
prediction_position_error_mm,25.778215378522873,29300000
prediction_orientation_error_deg,0,29300000
owd_uplink_ms,128.031,29400000
owd_downlink_ms,131.1742,29400000
correction_magnitude_mm,6.426227279007435,28006768
correction_magnitude_deg,0,28006768
owd_uplink_ms,130.9642,29400000
owd_downlink_ms,131.9218,29400000
prediction_position_error_mm,133.13229382038116,29400000
prediction_orientation_error_deg,0,29400000
owd_uplink_ms,126.2595,29500000
owd_downlink_ms,131.4275,29500000
correction_magnitude_mm,7.710011675953865,28114423
correction_magnitude_deg,0,28114423
prediction_position_error_mm,137.55010068416595,29500000
prediction_orientation_error_deg,0,29500000
owd_uplink_ms,125.6947,29600000
owd_downlink_ms,130.4954,29600000
correction_magnitude_mm,15.916986390948296,28220423
correction_magnitude_deg,0,28220423
owd_uplink_ms,124.9143,29600000
owd_downlink_ms,122.9411,29600000
correction_magnitude_mm,19.99804936349392,28317956
correction_magnitude_deg,0,28317956
prediction_position_error_mm,122.19538539648056,29600000
prediction_orientation_error_deg,0,29600000
prediction_position_error_mm,130.63794374465942,29700000
prediction_orientation_error_deg,0,29700000
prediction_position_error_mm,143.8475251197815,29800000
prediction_orientation_error_deg,0,29800000
owd_uplink_ms,132.0327,29900000
owd_downlink_ms,129.3533,29900000
correction_magnitude_mm,35.38702055811882,28514606
correction_magnitude_deg,0,28514606
owd_uplink_ms,131.7259,29900000
owd_downlink_ms,126.0811,29900000
correction_magnitude_mm,27.19893865287304,28607549
correction_magnitude_deg,0,28607549
prediction_position_error_mm,109.94210839271545,29900000
prediction_orientation_error_deg,0,29900000
owd_uplink_ms,130.3358,30000000
owd_downlink_ms,130.1477,30000000
owd_uplink_ms,124.7929,30000000
owd_downlink_ms,122.6289,30000000
correction_magnitude_mm,25.81014484167099,28704608
correction_magnitude_deg,0,28704608
prediction_position_error_mm,98.87274354696274,30000000
prediction_orientation_error_deg,0,30000000
prediction_position_error_mm,105.077363550663,30100000
prediction_orientation_error_deg,0,30100000
owd_uplink_ms,126.1653,30200000
owd_downlink_ms,129.336,30200000
correction_magnitude_mm,24.810679256916046,28808571
correction_magnitude_deg,0,28808571
prediction_position_error_mm,98.64868223667145,30200000
prediction_orientation_error_deg,0,30200000
owd_uplink_ms,132.6519,30300000
owd_downlink_ms,129.1757,30300000
correction_magnitude_mm,32.81501308083534,29004225
correction_magnitude_deg,0,29004225
prediction_position_error_mm,87.78819441795349,30300000
prediction_orientation_error_deg,0,30300000
owd_uplink_ms,126.3069,30400000
owd_downlink_ms,127.8141,30400000
correction_magnitude_mm,23.496758192777634,29106109
correction_magnitude_deg,0,29106109
prediction_position_error_mm,72.00857996940613,30400000
prediction_orientation_error_deg,0,30400000
owd_uplink_ms,130.6969,30500000
owd_downlink_ms,130.015,30500000
prediction_position_error_mm,76.28820091485977,30500000
prediction_orientation_error_deg,0,30500000
owd_uplink_ms,130.1971,30600000
owd_downlink_ms,130.2199,30600000
correction_magnitude_mm,20.731979981064796,29205284
correction_magnitude_deg,0,29205284
owd_uplink_ms,126.1338,30600000
owd_downlink_ms,128.2817,30600000
correction_magnitude_mm,18.46114546060562,29307968
correction_magnitude_deg,0,29307968
prediction_position_error_mm,53.095102310180664,30600000
prediction_orientation_error_deg,0,30600000
prediction_position_error_mm,56.203413754701614,30700000
prediction_orientation_error_deg,0,30700000
owd_uplink_ms,124.8077,30800000
owd_downlink_ms,131.2392,30800000
correction_magnitude_mm,16.73206128180027,29416007
correction_magnitude_deg,0,29416007
owd_uplink_ms,128.3775,30800000
owd_downlink_ms,123.0412,30800000
correction_magnitude_mm,13.920984230935574,29509336
correction_magnitude_deg,0,29509336
prediction_position_error_mm,37.924524396657944,30800000
prediction_orientation_error_deg,0,30800000
owd_uplink_ms,124.8402,30900000
owd_downlink_ms,124.4665,30900000
correction_magnitude_mm,11.960498057305813,29608868
correction_magnitude_deg,0,29608868
prediction_position_error_mm,31.886208802461624,30900000
prediction_orientation_error_deg,0,30900000
owd_uplink_ms,125.1393,31000000
owd_downlink_ms,126.469,31000000
correction_magnitude_mm,10.362667962908745,29710529
correction_magnitude_deg,0,29710529
prediction_position_error_mm,26.683637872338295,31000000
prediction_orientation_error_deg,0,31000000
prediction_position_error_mm,32.89993852376938,31100000
prediction_orientation_error_deg,0,31100000
owd_uplink_ms,132.428,31200000
owd_downlink_ms,126.9384,31200000
correction_magnitude_mm,9.95650514960289,29903667
correction_magnitude_deg,0,29903667
prediction_position_error_mm,29.42928858101368,31200000
prediction_orientation_error_deg,0,31200000
owd_uplink_ms,126.8635,31300000
owd_downlink_ms,130.1329,31300000
correction_magnitude_mm,7.218417711555958,29907753
correction_magnitude_deg,0,29907753
prediction_position_error_mm,49.941908568143845,31300000
prediction_orientation_error_deg,0,31300000
owd_uplink_ms,125.7204,31400000
owd_downlink_ms,130.7319,31400000
prediction_position_error_mm,54.71660941839218,31400000
prediction_orientation_error_deg,0,31400000
owd_uplink_ms,130.2558,31500000
owd_downlink_ms,130.8622,31500000
prediction_position_error_mm,56.49358779191971,31500000
prediction_orientation_error_deg,0,31500000
owd_uplink_ms,130.9171,31600000
owd_downlink_ms,122.8931,31600000
correction_magnitude_mm,5.529780872166157,30304743
correction_magnitude_deg,0,30304743
prediction_position_error_mm,57.78922140598297,31600000
prediction_orientation_error_deg,0,31600000
prediction_position_error_mm,61.59016862511635,31700000
prediction_orientation_error_deg,0,31700000
owd_uplink_ms,126.7026,31800000
owd_downlink_ms,131.1313,31800000
correction_magnitude_mm,12.140044011175632,30410278
correction_magnitude_deg,0,30410278
owd_uplink_ms,133.035,31800000
owd_downlink_ms,131.8088,31800000
prediction_position_error_mm,52.11680755019188,31800000
prediction_orientation_error_deg,0,31800000
owd_uplink_ms,124.6703,31900000
owd_downlink_ms,128.9031,31900000
correction_magnitude_mm,11.879578232765198,30514036
correction_magnitude_deg,0,30514036
owd_uplink_ms,129.7575,31900000
owd_downlink_ms,128.6026,31900000
correction_magnitude_mm,11.4375501871109,30612592
correction_magnitude_deg,0,30612592
prediction_position_error_mm,44.168900698423386,31900000
prediction_orientation_error_deg,0,31900000
prediction_position_error_mm,46.92891612648964,32000000
prediction_orientation_error_deg,0,32000000
owd_uplink_ms,129.8727,32100000
owd_downlink_ms,128.8874,32100000
correction_magnitude_mm,10.784181766211987,30711360
correction_magnitude_deg,0,30711360
prediction_position_error_mm,41.90409183502197,32100000
prediction_orientation_error_deg,0,32100000
owd_uplink_ms,124.9605,32200000
owd_downlink_ms,128.6778,32200000
correction_magnitude_mm,9.86486580222845,30816006
correction_magnitude_deg,0,30816006
owd_uplink_ms,130.1545,32200000
owd_downlink_ms,123.4706,32200000
correction_magnitude_mm,9.278393350541592,30907651
correction_magnitude_deg,0,30907651
prediction_position_error_mm,30.755775049328804,32200000
prediction_orientation_error_deg,0,32200000
owd_uplink_ms,129.7475,32300000
owd_downlink_ms,128.9485,32300000
correction_magnitude_mm,8.370921015739441,31006652
correction_magnitude_deg,0,31006652
prediction_position_error_mm,21.96957729756832,32300000
prediction_orientation_error_deg,0,32300000
prediction_position_error_mm,28.388064354658127,32400000
prediction_orientation_error_deg,0,32400000
prediction_position_error_mm,25.118157267570496,32500000
prediction_orientation_error_deg,0,32500000
owd_uplink_ms,132.5725,32600000
owd_downlink_ms,130.9924,32600000
owd_uplink_ms,129.1505,32600000
owd_downlink_ms,127.3822,32600000
correction_magnitude_mm,9.473771788179874,31302465
correction_magnitude_deg,0,31302465
prediction_position_error_mm,17.912833020091057,32600000
prediction_orientation_error_deg,0,32600000
owd_uplink_ms,131.2191,32700000
owd_downlink_ms,130.2125,32700000
owd_uplink_ms,128.6662,32700000
owd_downlink_ms,124.0711,32700000
correction_magnitude_mm,8.137731812894344,31395463
correction_magnitude_deg,0,31395463
prediction_position_error_mm,18.172355368733406,32700000
prediction_orientation_error_deg,0,32700000
owd_uplink_ms,127.538,32800000
owd_downlink_ms,126.2932,32800000
correction_magnitude_mm,6.7394934594631195,31493907
correction_magnitude_deg,0,31493907
prediction_position_error_mm,9.591088630259037,32800000
prediction_orientation_error_deg,0,32800000
prediction_position_error_mm,15.162641182541847,32900000
prediction_orientation_error_deg,0,32900000
owd_uplink_ms,128.3613,33000000
owd_downlink_ms,132.8929,33000000
correction_magnitude_mm,5.254913587123156,31599572
correction_magnitude_deg,0,31599572
owd_uplink_ms,128.9324,33000000
owd_downlink_ms,128.5611,33000000
prediction_position_error_mm,9.247427806258202,33000000
prediction_orientation_error_deg,0,33000000
prediction_position_error_mm,4.911272320896387,33100000
prediction_orientation_error_deg,0,33100000
owd_uplink_ms,130.4201,33200000
owd_downlink_ms,126.8582,33200000
owd_uplink_ms,124.8254,33200000
owd_downlink_ms,129.5336,33200000
prediction_position_error_mm,10.644368827342987,33200000
prediction_orientation_error_deg,0,33200000
owd_uplink_ms,127.5398,33300000
owd_downlink_ms,128.8361,33300000
prediction_position_error_mm,12.22771406173706,33300000
prediction_orientation_error_deg,0,33300000
owd_uplink_ms,128.192,33400000
owd_downlink_ms,127.9295,33400000
prediction_position_error_mm,17.8576298058033,33400000
prediction_orientation_error_deg,0,33400000
prediction_position_error_mm,14.059877023100853,33500000
prediction_orientation_error_deg,0,33500000
owd_uplink_ms,128.3597,33600000
owd_downlink_ms,131.9483,33600000
prediction_position_error_mm,14.082081615924835,33600000
prediction_orientation_error_deg,0,33600000
owd_uplink_ms,124.8309,33700000
owd_downlink_ms,128.0573,33700000
prediction_position_error_mm,13.582408428192139,33700000
prediction_orientation_error_deg,0,33700000
owd_uplink_ms,133.2982,33800000
owd_downlink_ms,130.6381,33800000
prediction_position_error_mm,14.562721364200115,33800000
prediction_orientation_error_deg,0,33800000
prediction_position_error_mm,15.55339153856039,33900000
prediction_orientation_error_deg,0,33900000
owd_uplink_ms,132.6515,34000000
owd_downlink_ms,129.9834,34000000
correction_magnitude_mm,8.6385952308774,32603689
correction_magnitude_deg,0,32603689
owd_uplink_ms,130.2383,34000000
owd_downlink_ms,125.5487,34000000
owd_uplink_ms,127.4362,34000000
owd_downlink_ms,128.998,34000000
prediction_position_error_mm,16.128821298480034,34000000
prediction_orientation_error_deg,0,34000000
prediction_position_error_mm,16.017215326428413,34100000
prediction_orientation_error_deg,0,34100000
owd_uplink_ms,130.6333,34200000
owd_downlink_ms,125.3844,34200000
owd_uplink_ms,125.3778,34200000
owd_downlink_ms,129.5504,34200000
prediction_position_error_mm,7.776486687362194,34200000
prediction_orientation_error_deg,0,34200000
prediction_position_error_mm,8.238053880631924,34300000
prediction_orientation_error_deg,0,34300000
owd_uplink_ms,127.5114,34400000
owd_downlink_ms,132.2043,34400000
prediction_position_error_mm,6.549463607370853,34400000
prediction_orientation_error_deg,0,34400000
owd_uplink_ms,125.4724,34500000
owd_downlink_ms,123.1695,34500000
prediction_position_error_mm,6.0333795845508575,34500000
prediction_orientation_error_deg,0,34500000
owd_uplink_ms,130.9169,34600000
owd_downlink_ms,130.8898,34600000
owd_uplink_ms,123.5393,34600000
owd_downlink_ms,124.6494,34600000
prediction_position_error_mm,5.31710172072053,34600000
prediction_orientation_error_deg,0,34600000
prediction_position_error_mm,6.479346193373203,34700000
prediction_orientation_error_deg,0,34700000
owd_uplink_ms,129.8595,34800000
owd_downlink_ms,126.7105,34800000
prediction_position_error_mm,5.612631794065237,34800000
prediction_orientation_error_deg,0,34800000
owd_uplink_ms,130.873,34900000
owd_downlink_ms,131.2725,34900000
owd_uplink_ms,127.1878,34900000
owd_downlink_ms,124.5045,34900000
correction_magnitude_mm,7.638263516128063,33595987
correction_magnitude_deg,0,33595987
prediction_position_error_mm,122.8131502866745,34900000
prediction_orientation_error_deg,0,34900000
prediction_position_error_mm,131.8964660167694,35000000
prediction_orientation_error_deg,0,35000000
owd_uplink_ms,124.5869,35100000
owd_downlink_ms,130.7863,35100000
correction_magnitude_mm,15.208992175757885,33703736
correction_magnitude_deg,0,33703736
owd_uplink_ms,128.7054,35100000
owd_downlink_ms,126.006,35100000
correction_magnitude_mm,18.77398043870926,33800361
correction_magnitude_deg,0,33800361
prediction_position_error_mm,117.31074005365372,35100000
prediction_orientation_error_deg,0,35100000
owd_uplink_ms,123.8324,35200000
owd_downlink_ms,125.5142,35200000
correction_magnitude_mm,21.319743245840073,33902463
correction_magnitude_deg,0,33902463
prediction_position_error_mm,110.89029163122177,35200000
prediction_orientation_error_deg,0,35200000
owd_uplink_ms,123.7548,35300000
owd_downlink_ms,124.272,35300000
correction_magnitude_mm,22.321833297610283,34003109
correction_magnitude_deg,0,34003109
prediction_position_error_mm,103.05562615394592,35300000
prediction_orientation_error_deg,0,35300000
prediction_position_error_mm,109.89483445882797,35400000
prediction_orientation_error_deg,0,35400000
owd_uplink_ms,125.7522,35500000
owd_downlink_ms,124.3314,35500000
correction_magnitude_mm,28.81762385368347,34201332
correction_magnitude_deg,0,34201332
owd_uplink_ms,131.7859,35500000
owd_downlink_ms,129.0405,35500000
prediction_position_error_mm,105.37688434123993,35500000
prediction_orientation_error_deg,0,35500000
owd_uplink_ms,126.0775,35600000
owd_downlink_ms,126.1541,35600000
correction_magnitude_mm,26.127180084586143,34297997
correction_magnitude_deg,0,34297997
prediction_position_error_mm,93.42076629400253,35600000
prediction_orientation_error_deg,0,35600000
prediction_position_error_mm,96.1114689707756,35700000
prediction_orientation_error_deg,0,35700000
owd_uplink_ms,131.6825,35800000
owd_downlink_ms,127.9736,35800000
correction_magnitude_mm,32.05172345042229,34493361
correction_magnitude_deg,0,34493361
prediction_position_error_mm,85.84202826023102,35800000
prediction_orientation_error_deg,0,35800000
owd_uplink_ms,131.0505,35900000
owd_downlink_ms,128.2039,35900000
correction_magnitude_mm,27.091527357697487,34589803
correction_magnitude_deg,0,34589803
prediction_position_error_mm,71.98700308799744,35900000
prediction_orientation_error_deg,0,35900000
owd_uplink_ms,130.0814,36000000
owd_downlink_ms,126.4342,36000000
correction_magnitude_mm,19.955802708864212,34685245
correction_magnitude_deg,0,34685245
owd_uplink_ms,122.5063,36000000
owd_downlink_ms,128.741,36000000
correction_magnitude_mm,14.43137414753437,34693039
correction_magnitude_deg,0,34693039
prediction_position_error_mm,16.11645519733429,36000000
prediction_orientation_error_deg,0,36000000
owd_uplink_ms,123.7503,36100000
owd_downlink_ms,128.5766,36100000
correction_magnitude_mm,8.145722560584545,34799072
correction_magnitude_deg,0,34799072
prediction_position_error_mm,23.05338717997074,36100000
prediction_orientation_error_deg,0,36100000
owd_uplink_ms,123.8429,36200000
owd_downlink_ms,125.8879,36200000
prediction_position_error_mm,27.308624237775803,36200000
prediction_orientation_error_deg,0,36200000
owd_uplink_ms,124.3619,36300000
owd_downlink_ms,124.9707,36300000
prediction_position_error_mm,29.436545446515083,36300000
prediction_orientation_error_deg,0,36300000
prediction_position_error_mm,31.61972388625145,36400000
prediction_orientation_error_deg,0,36400000
owd_uplink_ms,126.2306,36500000
owd_downlink_ms,130.1498,36500000
prediction_position_error_mm,32.098982483148575,36500000
prediction_orientation_error_deg,0,36500000
owd_uplink_ms,127.867,36600000
owd_downlink_ms,129.1918,36600000
prediction_position_error_mm,31.383845955133438,36600000
prediction_orientation_error_deg,0,36600000
owd_uplink_ms,129.6506,36700000
owd_downlink_ms,129.715,36700000
owd_uplink_ms,127.9917,36700000
owd_downlink_ms,125.8015,36700000
correction_magnitude_mm,5.371873266994953,35406284
correction_magnitude_deg,0,35406284
prediction_position_error_mm,26.088830083608627,36700000
prediction_orientation_error_deg,0,36700000
prediction_position_error_mm,27.724221348762512,36800000
prediction_orientation_error_deg,0,36800000
owd_uplink_ms,132.8202,36900000
owd_downlink_ms,129.5314,36900000
correction_magnitude_mm,7.249386515468359,35602173
correction_magnitude_deg,0,35602173
prediction_position_error_mm,26.574166491627693,36900000
prediction_orientation_error_deg,0,36900000
owd_uplink_ms,131.0173,37000000
owd_downlink_ms,125.4805,37000000
correction_magnitude_mm,7.563410326838493,35695253
correction_magnitude_deg,0,35695253
owd_uplink_ms,125.6474,37000000
owd_downlink_ms,127.4294,37000000
correction_magnitude_mm,5.263480357825756,35697481
correction_magnitude_deg,0,35697481
prediction_position_error_mm,71.96645438671112,37000000
prediction_orientation_error_deg,0,37000000
owd_uplink_ms,124.4219,37100000
owd_downlink_ms,124.6486,37100000
prediction_position_error_mm,76.47276669740677,37100000
prediction_orientation_error_deg,0,37100000
owd_uplink_ms,123.7318,37200000
owd_downlink_ms,125.7532,37200000
correction_magnitude_mm,7.3163132183253765,35900291
correction_magnitude_deg,0,35900291
prediction_position_error_mm,77.37639546394348,37200000
prediction_orientation_error_deg,0,37200000
prediction_position_error_mm,85.93092113733292,37300000
prediction_orientation_error_deg,0,37300000
owd_uplink_ms,130.2258,37400000
owd_downlink_ms,132.5475,37400000
correction_magnitude_mm,10.826135985553265,36003192
correction_magnitude_deg,0,36003192
owd_uplink_ms,124.2016,37400000
owd_downlink_ms,124.1262,37400000
correction_magnitude_mm,12.729555368423462,36103097
correction_magnitude_deg,0,36103097
prediction_position_error_mm,75.19470900297165,37400000
prediction_orientation_error_deg,0,37400000
owd_uplink_ms,129.6774,37500000
owd_downlink_ms,126.4166,37500000
correction_magnitude_mm,13.389140367507935,36199021
correction_magnitude_deg,0,36199021
prediction_position_error_mm,67.89426505565643,37500000
prediction_orientation_error_deg,0,37500000
owd_uplink_ms,125.4738,37600000
owd_downlink_ms,129.2403,37600000
correction_magnitude_mm,14.108631759881973,36303728
correction_magnitude_deg,0,36303728
prediction_position_error_mm,63.048191368579865,37600000
prediction_orientation_error_deg,0,37600000
owd_uplink_ms,127.9682,37700000
owd_downlink_ms,127.2533,37700000
correction_magnitude_mm,13.817816972732544,36402834
correction_magnitude_deg,0,36402834
prediction_position_error_mm,57.72020295262337,37700000
prediction_orientation_error_deg,0,37700000
owd_uplink_ms,125.8045,37800000
owd_downlink_ms,128.7442,37800000
correction_magnitude_mm,13.514693826436996,36506508
correction_magnitude_deg,0,36506508
prediction_position_error_mm,55.3169883787632,37800000
prediction_orientation_error_deg,0,37800000
owd_uplink_ms,129.305,37900000
owd_downlink_ms,123.8622,37900000
correction_magnitude_mm,12.27281242609024,36599705
correction_magnitude_deg,0,36599705
prediction_position_error_mm,47.11373522877693,37900000
prediction_orientation_error_deg,0,37900000
prediction_position_error_mm,50.21467059850693,38000000
prediction_orientation_error_deg,0,38000000
owd_uplink_ms,124.4425,38100000
owd_downlink_ms,129.6707,38100000
correction_magnitude_mm,11.816087178885937,36706240
correction_magnitude_deg,0,36706240
prediction_position_error_mm,48.037875443696976,38100000
prediction_orientation_error_deg,0,38100000
owd_uplink_ms,129.5809,38200000
owd_downlink_ms,130.5298,38200000
correction_magnitude_mm,10.871518403291702,36807426
correction_magnitude_deg,0,36807426
owd_uplink_ms,126.3925,38200000
owd_downlink_ms,123.9006,38200000
correction_magnitude_mm,9.681911207735538,36904311
correction_magnitude_deg,0,36904311
prediction_position_error_mm,33.43936800956726,38200000
prediction_orientation_error_deg,0,38200000
owd_uplink_ms,126.5162,38300000
owd_downlink_ms,126.6616,38300000
correction_magnitude_mm,8.73548910021782,37004492
correction_magnitude_deg,0,37004492
prediction_position_error_mm,29.652532190084457,38300000
prediction_orientation_error_deg,0,38300000
prediction_position_error_mm,31.63011372089386,38400000
prediction_orientation_error_deg,0,38400000
owd_uplink_ms,124.9853,38500000
owd_downlink_ms,129.1581,38500000
correction_magnitude_mm,8.062319830060005,37109707
correction_magnitude_deg,0,37109707
owd_uplink_ms,125.0494,38500000
owd_downlink_ms,126.9708,38500000
correction_magnitude_mm,7.246889639645815,37212108
correction_magnitude_deg,0,37212108
prediction_position_error_mm,23.115430027246475,38500000
prediction_orientation_error_deg,0,38500000
prediction_position_error_mm,27.74280309677124,38600000
prediction_orientation_error_deg,0,38600000
owd_uplink_ms,131.8877,38700000
owd_downlink_ms,125.7838,38700000
correction_magnitude_mm,10.855479165911674,37404478
correction_magnitude_deg,0,37404478
prediction_position_error_mm,21.094441413879395,38700000
prediction_orientation_error_deg,0,38700000
owd_uplink_ms,128.5461,38800000
owd_downlink_ms,128.0972,38800000
correction_magnitude_mm,5.586273968219757,37503916
correction_magnitude_deg,0,37503916
prediction_position_error_mm,18.81559006869793,38800000
prediction_orientation_error_deg,0,38800000
owd_uplink_ms,130.862,38900000
owd_downlink_ms,132.066,38900000
owd_uplink_ms,128.5247,38900000
owd_downlink_ms,124.0156,38900000
prediction_position_error_mm,89.23917263746262,38900000
prediction_orientation_error_deg,0,38900000
owd_uplink_ms,124.0079,39000000
owd_downlink_ms,125.0487,39000000
correction_magnitude_mm,9.505730122327805,37701085
correction_magnitude_deg,0,37701085
prediction_position_error_mm,87.7811387181282,39000000
prediction_orientation_error_deg,0,39000000
prediction_position_error_mm,95.52294760942459,39100000
prediction_orientation_error_deg,0,39100000
owd_uplink_ms,130.0497,39200000
owd_downlink_ms,128.8874,39200000
correction_magnitude_mm,19.48259025812149,37899633
correction_magnitude_deg,0,37899633
prediction_position_error_mm,92.08424389362335,39200000
prediction_orientation_error_deg,0,39200000
owd_uplink_ms,124.126,39300000
owd_downlink_ms,131.7516,39300000
correction_magnitude_mm,14.052029699087143,37909165
correction_magnitude_deg,0,37909165
prediction_position_error_mm,32.2800949215889,39300000
prediction_orientation_error_deg,0,39300000
owd_uplink_ms,125.6916,39400000
owd_downlink_ms,129.6722,39400000
correction_magnitude_mm,11.542213149368763,38014140
correction_magnitude_deg,0,38014140
prediction_position_error_mm,25.730909779667854,39400000
prediction_orientation_error_deg,0,39400000
owd_uplink_ms,132.1034,39500000
owd_downlink_ms,123.1166,39500000
correction_magnitude_mm,10.837075300514698,38202906
correction_magnitude_deg,0,38202906
owd_uplink_ms,125.9791,39500000
owd_downlink_ms,127.2425,39500000
correction_magnitude_mm,7.5749363750219345,38204485
correction_magnitude_deg,0,38204485
prediction_position_error_mm,167.42323338985443,39500000
prediction_orientation_error_deg,0,39500000
owd_uplink_ms,124.3767,39600000
owd_downlink_ms,125.1115,39600000
correction_magnitude_mm,8.070491254329681,38305403
correction_magnitude_deg,0,38305403
prediction_position_error_mm,175.36158859729767,39600000
prediction_orientation_error_deg,0,39600000
owd_uplink_ms,125.7177,39700000
owd_downlink_ms,123.4972,39700000
correction_magnitude_mm,18.248632550239563,38402627
correction_magnitude_deg,0,38402627
prediction_position_error_mm,175.82768201828003,39700000
prediction_orientation_error_deg,0,39700000
owd_uplink_ms,129.2597,39800000
owd_downlink_ms,128.9649,39800000
correction_magnitude_mm,25.186289101839066,38502258
correction_magnitude_deg,0,38502258
prediction_position_error_mm,171.13295197486877,39800000
prediction_orientation_error_deg,0,39800000
prediction_position_error_mm,183.09493362903595,39900000
prediction_orientation_error_deg,0,39900000
owd_uplink_ms,124.6978,40000000
owd_downlink_ms,125.7961,40000000
correction_magnitude_mm,41.28115624189377,38703630
correction_magnitude_deg,0,38703630
prediction_position_error_mm,174.72168803215027,40000000
prediction_orientation_error_deg,0,40000000
owd_uplink_ms,132.4564,40100000
owd_downlink_ms,131.1783,40100000
prediction_position_error_mm,186.10839545726776,40100000
prediction_orientation_error_deg,0,40100000
owd_uplink_ms,126.4786,40200000
owd_downlink_ms,130.965,40200000
correction_magnitude_mm,40.559321641922,38807640
correction_magnitude_deg,0,38807640
prediction_position_error_mm,169.06118392944336,40200000
prediction_orientation_error_deg,0,40200000
owd_uplink_ms,125.8845,40300000
owd_downlink_ms,130.7342,40300000
correction_magnitude_mm,39.097946137189865,38913702
correction_magnitude_deg,0,38913702
prediction_position_error_mm,153.8846641778946,40300000
prediction_orientation_error_deg,0,40300000
owd_uplink_ms,130.588,40400000
owd_downlink_ms,126.0428,40400000
correction_magnitude_mm,44.587042182683945,39108020
correction_magnitude_deg,0,39108020
owd_uplink_ms,132.8763,40400000
owd_downlink_ms,127.0393,40400000
prediction_position_error_mm,140.79034328460693,40400000
prediction_orientation_error_deg,0,40400000
owd_uplink_ms,126.4833,40500000
owd_downlink_ms,129.1289,40500000
correction_magnitude_mm,39.063818752765656,39204029
correction_magnitude_deg,0,39204029
prediction_position_error_mm,120.14548480510712,40500000
prediction_orientation_error_deg,0,40500000
owd_uplink_ms,128.5875,40600000
owd_downlink_ms,127.1866,40600000
correction_magnitude_mm,34.24018993973732,39302278
correction_magnitude_deg,0,39302278
prediction_position_error_mm,105.27807474136353,40600000
prediction_orientation_error_deg,0,40600000
prediction_position_error_mm,109.91538316011429,40700000
prediction_orientation_error_deg,0,40700000
owd_uplink_ms,126.126,40800000
owd_downlink_ms,129.707,40800000
correction_magnitude_mm,30.337201431393623,39406754
correction_magnitude_deg,0,39406754
owd_uplink_ms,129.2145,40800000
owd_downlink_ms,123.6477,40800000
correction_magnitude_mm,25.927811861038208,39499796
correction_magnitude_deg,0,39499796
prediction_position_error_mm,78.0772715806961,40800000
prediction_orientation_error_deg,0,40800000
owd_uplink_ms,125.0886,40900000
owd_downlink_ms,126.8918,40900000
correction_magnitude_mm,22.639339789748192,39602050
correction_magnitude_deg,0,39602050
prediction_position_error_mm,65.62178581953049,40900000
prediction_orientation_error_deg,0,40900000
prediction_position_error_mm,71.33587449789047,41000000
prediction_orientation_error_deg,0,41000000
owd_uplink_ms,128.7941,41100000
owd_downlink_ms,129.6878,41100000
correction_magnitude_mm,19.61796171963215,39703167
correction_magnitude_deg,0,39703167
owd_uplink_ms,125.1862,41100000
owd_downlink_ms,124.8734,41100000
correction_magnitude_mm,16.86183549463749,39802776
correction_magnitude_deg,0,39802776
prediction_position_error_mm,48.042431473731995,41100000
prediction_orientation_error_deg,0,41100000
owd_uplink_ms,127.1368,41200000
owd_downlink_ms,124.2503,41200000
correction_magnitude_mm,14.306065626442432,39899169
correction_magnitude_deg,0,39899169
prediction_position_error_mm,42.87239536643028,41200000
prediction_orientation_error_deg,0,41200000
owd_uplink_ms,127.2705,41300000
owd_downlink_ms,124.9351,41300000
correction_magnitude_mm,12.135111726820469,39996250
correction_magnitude_deg,0,39996250
prediction_position_error_mm,35.07360816001892,41300000
prediction_orientation_error_deg,0,41300000
prediction_position_error_mm,37.29415684938431,41400000
prediction_orientation_error_deg,0,41400000
owd_uplink_ms,127.2581,41500000
owd_downlink_ms,130.2272,41500000
correction_magnitude_mm,10.51423605531454,40099962
correction_magnitude_deg,0,40099962
owd_uplink_ms,126.4356,41500000
owd_downlink_ms,129.5557,41500000
correction_magnitude_mm,9.100759401917458,40203862
correction_magnitude_deg,0,40203862
prediction_position_error_mm,26.125645264983177,41500000
prediction_orientation_error_deg,0,41500000
prediction_position_error_mm,27.86009944975376,41600000
prediction_orientation_error_deg,0,41600000
prediction_position_error_mm,29.626542702317238,41700000
prediction_orientation_error_deg,0,41700000
owd_uplink_ms,131.0614,41800000
owd_downlink_ms,130.3472,41800000
correction_magnitude_mm,11.500086635351181,40402969
correction_magnitude_deg,0,40402969
owd_uplink_ms,123.3456,41800000
owd_downlink_ms,123.2548,41800000
correction_magnitude_mm,7.090303115546703,40502855
correction_magnitude_deg,0,40502855
owd_uplink_ms,132.0299,41800000
owd_downlink_ms,124.5513,41800000
prediction_position_error_mm,23.10032956302166,41800000
prediction_orientation_error_deg,0,41800000
prediction_position_error_mm,24.553271010518074,41900000
prediction_orientation_error_deg,0,41900000
owd_uplink_ms,129.6484,42000000
owd_downlink_ms,126.7286,42000000
correction_magnitude_mm,6.728700362145901,40689858
correction_magnitude_deg,0,40689858
prediction_position_error_mm,20.62268741428852,42000000
prediction_orientation_error_deg,0,42000000
owd_uplink_ms,123.8924,42100000
owd_downlink_ms,130.7988,42100000
prediction_position_error_mm,8.056418970227242,42100000
prediction_orientation_error_deg,0,42100000
owd_uplink_ms,124.0488,42200000
owd_downlink_ms,125.0659,42200000
prediction_position_error_mm,9.235439822077751,42200000
prediction_orientation_error_deg,0,42200000
owd_uplink_ms,130.9543,42300000
owd_downlink_ms,132.0007,42300000
prediction_position_error_mm,53.6947138607502,42300000
prediction_orientation_error_deg,0,42300000
owd_uplink_ms,131.0661,42400000
owd_downlink_ms,128.1747,42400000
correction_magnitude_mm,7.043627556413412,41097456
correction_magnitude_deg,0,41097456
owd_uplink_ms,128.5496,42400000
owd_downlink_ms,129.233,42400000
prediction_position_error_mm,173.5602468252182,42400000
prediction_orientation_error_deg,0,42400000
prediction_position_error_mm,189.15840983390808,42500000
prediction_orientation_error_deg,0,42500000
owd_uplink_ms,130.9569,42600000
owd_downlink_ms,127.8871,42600000
correction_magnitude_mm,22.811030969023705,41294474
correction_magnitude_deg,0,41294474
owd_uplink_ms,126.3529,42600000
owd_downlink_ms,128.3357,42600000
correction_magnitude_mm,16.34441316127777,41296953
correction_magnitude_deg,0,41296953
prediction_position_error_mm,72.90554791688919,42600000
prediction_orientation_error_deg,0,42600000
owd_uplink_ms,129.365,42700000
owd_downlink_ms,127.0767,42700000
prediction_position_error_mm,82.63849467039108,42700000
prediction_orientation_error_deg,0,42700000
owd_uplink_ms,125.1978,42800000
owd_downlink_ms,125.6125,42800000
prediction_position_error_mm,86.72253787517548,42800000
prediction_orientation_error_deg,0,42800000
owd_uplink_ms,127.2059,42900000
owd_downlink_ms,128.1843,42900000
correction_magnitude_mm,9.049554355442524,41595836
correction_magnitude_deg,0,41595836
prediction_position_error_mm,86.77887916564941,42900000
prediction_orientation_error_deg,0,42900000
owd_uplink_ms,126.5282,43000000
owd_downlink_ms,125.9539,43000000
correction_magnitude_mm,12.650921940803528,41695119
correction_magnitude_deg,0,41695119
prediction_position_error_mm,82.53119885921478,43000000
prediction_orientation_error_deg,0,43000000
prediction_position_error_mm,89.52967077493668,43100000
prediction_orientation_error_deg,0,43100000
owd_uplink_ms,129.6668,43200000
owd_downlink_ms,125.4132,43200000
correction_magnitude_mm,18.774647265672684,41889803
correction_magnitude_deg,0,41889803
prediction_position_error_mm,85.68205684423447,43200000
prediction_orientation_error_deg,0,43200000
owd_uplink_ms,124.4923,43300000
owd_downlink_ms,124.9822,43300000
correction_magnitude_mm,20.53079754114151,41990416
correction_magnitude_deg,0,41990416
owd_uplink_ms,129.8879,43300000
owd_downlink_ms,130.6256,43300000
correction_magnitude_mm,14.399616047739983,41991339
correction_magnitude_deg,0,41991339
prediction_position_error_mm,541.8838858604431,43300000
prediction_orientation_error_deg,0,43300000
prediction_position_error_mm,582.6044678688049,43400000
prediction_orientation_error_deg,0,43400000
owd_uplink_ms,126.1038,43500000
owd_downlink_ms,131.4202,43500000
correction_magnitude_mm,34.68986973166466,42097985
correction_magnitude_deg,0,42097985
owd_uplink_ms,127.8627,43500000
owd_downlink_ms,125.4693,43500000
correction_magnitude_mm,63.91660124063492,42194994
correction_magnitude_deg,0,42194994
prediction_position_error_mm,555.8516383171082,43500000
prediction_orientation_error_deg,0,43500000
owd_uplink_ms,125.4464,43600000
owd_downlink_ms,129.4455,43600000
correction_magnitude_mm,85.75130254030228,42299993
correction_magnitude_deg,0,42299993
prediction_position_error_mm,537.6614928245544,43600000
prediction_orientation_error_deg,0,43600000
prediction_position_error_mm,574.6305584907532,43700000
prediction_orientation_error_deg,0,43700000
owd_uplink_ms,125.2425,43800000
owd_downlink_ms,132.1375,43800000
correction_magnitude_mm,99.88334029912949,42408611
correction_magnitude_deg,0,42408611
prediction_position_error_mm,544.6752309799194,43800000
prediction_orientation_error_deg,0,43800000
owd_uplink_ms,130.707,43900000
owd_downlink_ms,123.8741,43900000
correction_magnitude_mm,134.55116748809814,42600069
correction_magnitude_deg,0,42600069
prediction_position_error_mm,511.1507773399353,43900000
prediction_orientation_error_deg,0,43900000
owd_uplink_ms,127.7746,44000000
owd_downlink_ms,131.691,44000000
correction_magnitude_mm,95.82632035017014,42604964
correction_magnitude_deg,0,42604964
prediction_position_error_mm,306.07351660728455,44000000
prediction_orientation_error_deg,0,44000000
owd_uplink_ms,128.4475,44100000
owd_downlink_ms,131.2749,44100000
correction_magnitude_mm,39.23535719513893,42708498
correction_magnitude_deg,0,42708498
owd_uplink_ms,128.823,44100000
owd_downlink_ms,126.683,44100000
prediction_position_error_mm,358.97913575172424,44100000
prediction_orientation_error_deg,0,44100000
prediction_position_error_mm,387.8430426120758,44200000
prediction_orientation_error_deg,0,44200000
owd_uplink_ms,128.8406,44300000
owd_downlink_ms,131.3547,44300000
correction_magnitude_mm,28.77882868051529,42908964
correction_magnitude_deg,0,42908964
prediction_position_error_mm,395.13763785362244,44300000
prediction_orientation_error_deg,0,44300000
owd_uplink_ms,126.0559,44400000
owd_downlink_ms,124.3037,44400000
correction_magnitude_mm,73.87344539165497,43106773
correction_magnitude_deg,0,43106773
owd_uplink_ms,132.0024,44400000
owd_downlink_ms,127.4496,44400000
prediction_position_error_mm,385.1892054080963,44400000
prediction_orientation_error_deg,0,44400000
owd_uplink_ms,123.7432,44500000
owd_downlink_ms,128.4112,44500000
correction_magnitude_mm,77.72133499383926,43206915
correction_magnitude_deg,0,43206915
prediction_position_error_mm,357.31539130210876,44500000
prediction_orientation_error_deg,0,44500000
prediction_position_error_mm,380.50222396850586,44600000
prediction_orientation_error_deg,0,44600000
owd_uplink_ms,131.058,44700000
owd_downlink_ms,123.5466,44700000
correction_magnitude_mm,99.52857345342636,43397526
correction_magnitude_deg,0,43397526
owd_uplink_ms,125.7687,44700000
owd_downlink_ms,127.4462,44700000
correction_magnitude_mm,70.10019570589066,43399623
correction_magnitude_deg,0,43399623
prediction_position_error_mm,971.7643857002258,44700000
prediction_orientation_error_deg,0,44700000
prediction_position_error_mm,1050.5033731460571,44800000
prediction_orientation_error_deg,0,44800000
owd_uplink_ms,129.9104,44900000
owd_downlink_ms,130.681,44900000
correction_magnitude_mm,30.001435428857803,43500586
correction_magnitude_deg,0,43500586
owd_uplink_ms,125.2026,44900000
owd_downlink_ms,126.8315,44900000
correction_magnitude_mm,100.0506728887558,43602621
correction_magnitude_deg,0,43602621
prediction_position_error_mm,1039.6214723587036,44900000
prediction_orientation_error_deg,0,44900000
owd_uplink_ms,129.6541,45000000
owd_downlink_ms,125.7708,45000000
correction_magnitude_mm,140.88565111160278,43697768
correction_magnitude_deg,0,43697768
prediction_position_error_mm,1014.4840478897095,45000000
prediction_orientation_error_deg,0,45000000
prediction_position_error_mm,1085.05117893219,45100000
prediction_orientation_error_deg,0,45100000
prediction_position_error_mm,1156.5594673156738,45200000
prediction_orientation_error_deg,0,45200000
owd_uplink_ms,131.7005,45300000
owd_downlink_ms,131.5675,45300000
correction_magnitude_mm,240.1367872953415,43897602
correction_magnitude_deg,0,43897602
owd_uplink_ms,126.773,45300000
owd_downlink_ms,126.3514,45300000
correction_magnitude_mm,232.9801619052887,43997076
correction_magnitude_deg,0,43997076
prediction_position_error_mm,942.2527551651001,45300000
prediction_orientation_error_deg,0,45300000
owd_uplink_ms,131.5622,45400000
owd_downlink_ms,130.999,45400000
prediction_position_error_mm,1002.2931098937988,45400000
prediction_orientation_error_deg,0,45400000
owd_uplink_ms,131.4004,45500000
owd_downlink_ms,125.6989,45500000
correction_magnitude_mm,277.54348516464233,44189246
correction_magnitude_deg,0,44189246
prediction_position_error_mm,922.3156571388245,45500000
prediction_orientation_error_deg,0,45500000
owd_uplink_ms,124.3893,45600000
owd_downlink_ms,132.3338,45600000
correction_magnitude_mm,199.89512860774994,44199177
correction_magnitude_deg,0,44199177
owd_uplink_ms,126.6777,45600000
owd_downlink_ms,127.1619,45600000
correction_magnitude_mm,134.84765589237213,44299783
correction_magnitude_deg,0,44299783
prediction_position_error_mm,21.23584784567356,45600000
prediction_orientation_error_deg,0,45600000
owd_uplink_ms,123.1942,45700000
owd_downlink_ms,123.4136,45700000
correction_magnitude_mm,85.3293314576149,44400057
correction_magnitude_deg,0,44400057
prediction_position_error_mm,87.46086061000824,45700000
prediction_orientation_error_deg,0,45700000
owd_uplink_ms,125.1915,45800000
owd_downlink_ms,128.481,45800000
correction_magnitude_mm,47.74259775876999,44504168
correction_magnitude_deg,0,44504168
prediction_position_error_mm,131.307452917099,45800000
prediction_orientation_error_deg,0,45800000
owd_uplink_ms,125.8719,45900000
owd_downlink_ms,127.7875,45900000
correction_magnitude_mm,20.242519676685333,44606562
correction_magnitude_deg,0,44606562
prediction_position_error_mm,156.87841176986694,45900000
prediction_orientation_error_deg,0,45900000
owd_uplink_ms,125.332,46000000
owd_downlink_ms,124.1344,46000000
prediction_position_error_mm,171.1093634366989,46000000
prediction_orientation_error_deg,0,46000000
owd_uplink_ms,128.2212,46100000
owd_downlink_ms,127.7308,46100000
correction_magnitude_mm,12.781716883182526,44804451
correction_magnitude_deg,0,44804451
prediction_position_error_mm,175.30108988285065,46100000
prediction_orientation_error_deg,0,46100000
owd_uplink_ms,125.7747,46200000
owd_downlink_ms,126.9935,46200000
correction_magnitude_mm,22.166777402162552,44905974
correction_magnitude_deg,0,44905974
prediction_position_error_mm,172.7786660194397,46200000
prediction_orientation_error_deg,0,46200000
owd_uplink_ms,128.2447,46300000
owd_downlink_ms,127.2637,46300000
correction_magnitude_mm,27.726484462618828,45004747
correction_magnitude_deg,0,45004747
prediction_position_error_mm,165.47007858753204,46300000
prediction_orientation_error_deg,0,46300000
owd_uplink_ms,128.1785,46400000
owd_downlink_ms,123.9737,46400000
correction_magnitude_mm,30.327435582876205,45099491
correction_magnitude_deg,0,45099491
prediction_position_error_mm,154.49634194374084,46400000
prediction_orientation_error_deg,0,46400000
prediction_position_error_mm,164.9760752916336,46500000
prediction_orientation_error_deg,0,46500000
owd_uplink_ms,132.3312,46600000
owd_downlink_ms,127.6055,46600000
correction_magnitude_mm,41.58981144428253,45293584
correction_magnitude_deg,0,45293584
prediction_position_error_mm,154.12333607673645,46600000
prediction_orientation_error_deg,0,46600000
owd_uplink_ms,124.1944,46700000
owd_downlink_ms,131.2226,46700000
correction_magnitude_mm,29.90162931382656,45302369
correction_magnitude_deg,0,45302369
owd_uplink_ms,124.5207,46700000
owd_downlink_ms,123.418,46700000
correction_magnitude_mm,20.508432760834694,45400990
correction_magnitude_deg,0,45400990
prediction_position_error_mm,4.87022940069437,46700000
prediction_orientation_error_deg,0,46700000
owd_uplink_ms,123.3672,46800000
owd_downlink_ms,125.4317,46800000
correction_magnitude_mm,13.21185939013958,45503570
correction_magnitude_deg,0,45503570
prediction_position_error_mm,13.841792941093445,46800000
prediction_orientation_error_deg,0,46800000
prediction_position_error_mm,15.8952996134758,46900000
prediction_orientation_error_deg,0,46900000
owd_uplink_ms,126.1041,47000000
owd_downlink_ms,130.5206,47000000
correction_magnitude_mm,7.613431662321091,45609090
correction_magnitude_deg,0,45609090
prediction_position_error_mm,23.00087921321392,47000000
prediction_orientation_error_deg,0,47000000
owd_uplink_ms,123.7973,47100000
owd_downlink_ms,122.8237,47100000
prediction_position_error_mm,26.137348264455795,47100000
prediction_orientation_error_deg,0,47100000
owd_uplink_ms,131.5628,47200000
owd_downlink_ms,132.0909,47200000
prediction_position_error_mm,107.85825550556183,47200000
prediction_orientation_error_deg,0,47200000
owd_uplink_ms,131.505,47300000
owd_downlink_ms,127.446,47300000
correction_magnitude_mm,14.008637517690659,46003457
correction_magnitude_deg,0,46003457
prediction_position_error_mm,108.88733714818954,47300000
prediction_orientation_error_deg,0,47300000
owd_uplink_ms,126.2147,47400000
owd_downlink_ms,129.4402,47400000
correction_magnitude_mm,10.120716877281666,46007488
correction_magnitude_deg,0,46007488
owd_uplink_ms,126.9836,47400000
owd_downlink_ms,128.6123,47400000
correction_magnitude_mm,7.040010765194893,46109523
correction_magnitude_deg,0,46109523
prediction_position_error_mm,6.094322539865971,47400000
prediction_orientation_error_deg,0,47400000
owd_uplink_ms,127.31,47500000
owd_downlink_ms,128.0883,47500000
prediction_position_error_mm,4.691374022513628,47500000
prediction_orientation_error_deg,0,47500000
owd_uplink_ms,127.8149,47600000
owd_downlink_ms,123.6637,47600000
prediction_position_error_mm,5.882647354155779,47600000
prediction_orientation_error_deg,0,47600000
prediction_position_error_mm,6.556055508553982,47700000
prediction_orientation_error_deg,0,47700000
owd_uplink_ms,129.6003,47800000
owd_downlink_ms,125.0785,47800000
owd_uplink_ms,130.8412,47800000
owd_downlink_ms,126.9305,47800000
prediction_position_error_mm,7.273543626070023,47800000
prediction_orientation_error_deg,0,47800000
prediction_position_error_mm,7.607767358422279,47900000
prediction_orientation_error_deg,0,47900000
owd_uplink_ms,125.2961,48000000
owd_downlink_ms,131.2665,48000000
prediction_position_error_mm,8.574212901294231,48000000
prediction_orientation_error_deg,0,48000000
owd_uplink_ms,124.4115,48100000
owd_downlink_ms,131.7253,48100000
owd_uplink_ms,124.1394,48100000
owd_downlink_ms,122.4527,48100000
prediction_position_error_mm,8.029942400753498,48100000
prediction_orientation_error_deg,0,48100000
prediction_position_error_mm,8.870008401572704,48200000
prediction_orientation_error_deg,0,48200000
owd_uplink_ms,125.0162,48300000
owd_downlink_ms,131.1644,48300000
owd_uplink_ms,129.6387,48300000
owd_downlink_ms,127.134,48300000
prediction_position_error_mm,8.378568105399609,48300000
prediction_orientation_error_deg,0,48300000
prediction_position_error_mm,9.26940143108368,48400000
prediction_orientation_error_deg,0,48400000
owd_uplink_ms,128.5096,48500000
owd_downlink_ms,129.4632,48500000
prediction_position_error_mm,9.480680339038372,48500000
prediction_orientation_error_deg,0,48500000
owd_uplink_ms,125.9864,48600000
owd_downlink_ms,129.8337,48600000
owd_uplink_ms,126.5881,48600000
owd_downlink_ms,123.3122,48600000
prediction_position_error_mm,9.00791585445404,48600000
prediction_orientation_error_deg,0,48600000
prediction_position_error_mm,9.927764534950256,48700000
prediction_orientation_error_deg,0,48700000
owd_uplink_ms,129.7779,48800000
owd_downlink_ms,125.9762,48800000
prediction_position_error_mm,10.245922952890396,48800000
prediction_orientation_error_deg,0,48800000
owd_uplink_ms,131.3322,48900000
owd_downlink_ms,130.5099,48900000
prediction_position_error_mm,11.304710060358047,48900000
prediction_orientation_error_deg,0,48900000
owd_uplink_ms,132.4262,49000000
owd_downlink_ms,126.6307,49000000
prediction_position_error_mm,11.099333874881268,49000000
prediction_orientation_error_deg,0,49000000
prediction_position_error_mm,12.422804720699787,49100000
prediction_orientation_error_deg,0,49100000
owd_uplink_ms,133.0852,49200000
owd_downlink_ms,131.7395,49200000
owd_uplink_ms,130.1312,49200000
owd_downlink_ms,129.3529,49200000
prediction_position_error_mm,11.206672526896,49200000
prediction_orientation_error_deg,0,49200000
owd_uplink_ms,124.7187,49300000
owd_downlink_ms,131.0595,49300000
prediction_position_error_mm,6.319879554212093,49300000
prediction_orientation_error_deg,0,49300000
owd_uplink_ms,125.4852,49400000
owd_downlink_ms,126.6731,49400000
owd_uplink_ms,132.7375,49400000
owd_downlink_ms,129.2914,49400000
prediction_position_error_mm,6.654676981270313,49400000
prediction_orientation_error_deg,0,49400000
prediction_position_error_mm,7.4729155749082565,49500000
prediction_orientation_error_deg,0,49500000
owd_uplink_ms,130.4192,49600000
owd_downlink_ms,131.8721,49600000
owd_uplink_ms,127.6564,49600000
owd_downlink_ms,123.0288,49600000
prediction_position_error_mm,7.848016917705536,49600000
prediction_orientation_error_deg,0,49600000
owd_uplink_ms,129.3005,49700000
owd_downlink_ms,128.1572,49700000
prediction_position_error_mm,8.217832073569298,49700000
prediction_orientation_error_deg,0,49700000
owd_uplink_ms,124.3662,49800000
owd_downlink_ms,124.5991,49800000
prediction_position_error_mm,7.834489457309246,49800000
prediction_orientation_error_deg,0,49800000
prediction_position_error_mm,9.567375294864178,49900000
prediction_orientation_error_deg,0,49900000
prediction_position_error_mm,10.594797320663929,50000000
prediction_orientation_error_deg,0,50000000
