name,value,ticks
owd_uplink_ms,0,100000
owd_downlink_ms,0,100000
correction_magnitude_mm,1299.9999523162842,100000
correction_magnitude_deg,0,100000
prediction_position_error_mm,0,100000
prediction_orientation_error_deg,0,100000
prediction_position_error_mm,0,200000
prediction_orientation_error_deg,0,200000
prediction_position_error_mm,4.999921657145023,300000
prediction_orientation_error_deg,0,300000
owd_uplink_ms,3.3584,400000
owd_downlink_ms,5.8086,400000
prediction_position_error_mm,8.42440314590931,400000
prediction_orientation_error_deg,0,400000
owd_uplink_ms,2.4408,500000
owd_downlink_ms,1.0938,500000
correction_magnitude_mm,8.42440314590931,400000
correction_magnitude_deg,0,400000
owd_uplink_ms,5.6218,500000
owd_downlink_ms,0,500000
correction_magnitude_mm,10.567881166934967,500000
correction_magnitude_deg,0,500000
prediction_position_error_mm,7.397516630589962,500000
prediction_orientation_error_deg,0,500000
prediction_position_error_mm,16.74519293010235,600000
prediction_orientation_error_deg,0,600000
owd_uplink_ms,0,700000
owd_downlink_ms,4.5804,700000
correction_magnitude_mm,16.74519293010235,600000
correction_magnitude_deg,0,600000
owd_uplink_ms,0.6717,700000
owd_downlink_ms,5.0075,700000
prediction_position_error_mm,15.567516908049583,700000
prediction_orientation_error_deg,0,700000
owd_uplink_ms,0,800000
owd_downlink_ms,0.5898,800000
correction_magnitude_mm,15.567516908049583,700000
correction_magnitude_deg,0,700000
prediction_position_error_mm,9.283136576414108,800000
prediction_orientation_error_deg,0,800000
prediction_position_error_mm,12.659301050007343,900000
prediction_orientation_error_deg,0,900000
owd_uplink_ms,2.927,1000000
owd_downlink_ms,1.1161,1000000
correction_magnitude_mm,12.659301050007343,900000
correction_magnitude_deg,0,900000
prediction_position_error_mm,17.028087750077248,1000000
prediction_orientation_error_deg,0,1000000
owd_uplink_ms,0,1100000
owd_downlink_ms,1.9892,1100000
correction_magnitude_mm,17.028087750077248,1000000
correction_magnitude_deg,0,1000000
owd_uplink_ms,2.0707,1100000
owd_downlink_ms,5.0372,1100000
prediction_position_error_mm,9.604960680007935,1100000
prediction_orientation_error_deg,0,1100000
prediction_position_error_mm,12.269728817045689,1200000
prediction_orientation_error_deg,0,1200000
owd_uplink_ms,0.8057,1300000
owd_downlink_ms,0.1627,1300000
correction_magnitude_mm,12.269728817045689,1200000
correction_magnitude_deg,0,1200000
prediction_position_error_mm,11.065167374908924,1300000
prediction_orientation_error_deg,0,1300000
owd_uplink_ms,4.3387,1400000
owd_downlink_ms,5.384,1400000
correction_magnitude_mm,11.065167374908924,1300000
correction_magnitude_deg,0,1300000
prediction_position_error_mm,14.849642291665077,1400000
prediction_orientation_error_deg,0,1400000
owd_uplink_ms,0,1500000
owd_downlink_ms,3.2821,1500000
correction_magnitude_mm,14.849642291665077,1400000
correction_magnitude_deg,0,1400000
owd_uplink_ms,0.6008,1500000
owd_downlink_ms,4.6268,1500000
prediction_position_error_mm,7.1195499040186405,1500000
prediction_orientation_error_deg,0,1500000
owd_uplink_ms,3.4227,1600000
owd_downlink_ms,0,1600000
correction_magnitude_mm,13.755207881331444,1600000
correction_magnitude_deg,0,1600000
prediction_position_error_mm,9.628643281757832,1600000
prediction_orientation_error_deg,0,1600000
owd_uplink_ms,0,1700000
owd_downlink_ms,3.8769,1700000
prediction_position_error_mm,6.148726213723421,1700000
prediction_orientation_error_deg,0,1700000
prediction_position_error_mm,7.614624686539173,1800000
prediction_orientation_error_deg,0,1800000
owd_uplink_ms,1.8149,1900000
owd_downlink_ms,4.2148,1900000
correction_magnitude_mm,7.614624686539173,1800000
correction_magnitude_deg,0,1800000
owd_uplink_ms,0,1900000
owd_downlink_ms,0,1900000
correction_magnitude_mm,11.60439196974039,1900000
correction_magnitude_deg,0,1900000
prediction_position_error_mm,8.123076520860195,1900000
prediction_orientation_error_deg,0,1900000
owd_uplink_ms,1.7934,2000000
owd_downlink_ms,0.8624,2000000
prediction_position_error_mm,9.104933589696884,2000000
prediction_orientation_error_deg,0,2000000
owd_uplink_ms,0,2100000
owd_downlink_ms,1.3428,2100000
correction_magnitude_mm,9.104933589696884,2000000
correction_magnitude_deg,0,2000000
prediction_position_error_mm,2.1733760368078947,2100000
prediction_orientation_error_deg,0,2100000
owd_uplink_ms,1.9145,2200000
owd_downlink_ms,0,2200000
prediction_position_error_mm,2.0170302595943213,2200000
prediction_orientation_error_deg,0,2200000
prediction_position_error_mm,2.6754504069685936,2300000
prediction_orientation_error_deg,0,2300000
owd_uplink_ms,1.4764,2400000
owd_downlink_ms,0.3087,2400000
owd_uplink_ms,2.7976,2400000
owd_downlink_ms,0,2400000
correction_magnitude_mm,7.308334112167358,2400000
correction_magnitude_deg,0,2400000
owd_uplink_ms,0,2400000
owd_downlink_ms,0,2400000
prediction_position_error_mm,5.11584198102355,2400000
prediction_orientation_error_deg,0,2400000
prediction_position_error_mm,5.444307811558247,2500000
prediction_orientation_error_deg,0,2500000
owd_uplink_ms,0,2600000
owd_downlink_ms,3.4506,2600000
correction_magnitude_mm,5.444307811558247,2500000
correction_magnitude_deg,0,2500000
prediction_position_error_mm,1.0073600569739938,2600000
prediction_orientation_error_deg,0,2600000
prediction_position_error_mm,4.124943166971207,2700000
prediction_orientation_error_deg,0,2700000
owd_uplink_ms,0.1203,2800000
owd_downlink_ms,0.3603,2800000
owd_uplink_ms,0,2800000
owd_downlink_ms,1.6987,2800000
prediction_position_error_mm,1.9965271931141615,2800000
prediction_orientation_error_deg,0,2800000
prediction_position_error_mm,1.9913543947041035,2900000
prediction_orientation_error_deg,0,2900000
owd_uplink_ms,1.964,3000000
owd_downlink_ms,3.763,3000000
prediction_position_error_mm,1.397300511598587,3000000
prediction_orientation_error_deg,0,3000000
owd_uplink_ms,5.3572,3100000
owd_downlink_ms,3.2616,3100000
owd_uplink_ms,2.8334,3100000
owd_downlink_ms,0,3100000
owd_uplink_ms,0,3100000
owd_downlink_ms,0,3100000
prediction_position_error_mm,2.8790412470698357,3100000
prediction_orientation_error_deg,0,3100000
prediction_position_error_mm,2.8707345481961966,3200000
prediction_orientation_error_deg,0,3200000
owd_uplink_ms,0,3300000
owd_downlink_ms,2.0381,3300000
prediction_position_error_mm,3.0169219244271517,3300000
prediction_orientation_error_deg,0,3300000
owd_uplink_ms,4.8311,3400000
owd_downlink_ms,0,3400000
prediction_position_error_mm,2.2353651002049446,3400000
prediction_orientation_error_deg,0,3400000
prediction_position_error_mm,2.5885223876684904,3500000
prediction_orientation_error_deg,0,3500000
owd_uplink_ms,0,3600000
owd_downlink_ms,2.8152,3600000
owd_uplink_ms,4.016,3600000
owd_downlink_ms,4.7449,3600000
prediction_position_error_mm,1.6831464599817991,3600000
prediction_orientation_error_deg,0,3600000
owd_uplink_ms,0,3700000
owd_downlink_ms,3.7638,3700000
prediction_position_error_mm,3.976342733949423,3700000
prediction_orientation_error_deg,0,3700000
owd_uplink_ms,0,3800000
owd_downlink_ms,0,3800000
prediction_position_error_mm,0.7155482308007777,3800000
prediction_orientation_error_deg,0,3800000
owd_uplink_ms,3.1739,3900000
owd_downlink_ms,2.1916,3900000
prediction_position_error_mm,4.7041792422533035,3900000
prediction_orientation_error_deg,0,3900000
owd_uplink_ms,1.2996,4000000
owd_downlink_ms,0,4000000
correction_magnitude_mm,5.047805607318878,4000000
correction_magnitude_deg,0,4000000
prediction_position_error_mm,3.5334660205990076,4000000
prediction_orientation_error_deg,0,4000000
prediction_position_error_mm,3.8263127207756042,4100000
prediction_orientation_error_deg,0,4100000
owd_uplink_ms,5.4062,4200000
owd_downlink_ms,5.0379,4200000
prediction_position_error_mm,2.0814158488065004,4200000
prediction_orientation_error_deg,0,4200000
owd_uplink_ms,0,4300000
owd_downlink_ms,2.0531,4300000
owd_uplink_ms,4.4723,4300000
owd_downlink_ms,3.2456,4300000
owd_uplink_ms,0,4300000
owd_downlink_ms,0,4300000
prediction_position_error_mm,0.9456894476898015,4300000
prediction_orientation_error_deg,0,4300000
prediction_position_error_mm,0.895419274456799,4400000
prediction_orientation_error_deg,0,4400000
owd_uplink_ms,0,4500000
owd_downlink_ms,1.4918,4500000
prediction_position_error_mm,4.6429201029241085,4500000
prediction_orientation_error_deg,0,4500000
owd_uplink_ms,3.8546,4600000
owd_downlink_ms,0,4600000
correction_magnitude_mm,5.000596400350332,4600000
correction_magnitude_deg,0,4600000
prediction_position_error_mm,3.500416874885559,4600000
prediction_orientation_error_deg,0,4600000
prediction_position_error_mm,3.80958104506135,4700000
prediction_orientation_error_deg,0,4700000
owd_uplink_ms,0.4264,4800000
owd_downlink_ms,3.5227,4800000
owd_uplink_ms,5.4069,4800000
owd_downlink_ms,0,4800000
prediction_position_error_mm,2.023344859480858,4800000
prediction_orientation_error_deg,0,4800000
owd_uplink_ms,5.1245,4900000
owd_downlink_ms,0,4900000
owd_uplink_ms,0,4900000
owd_downlink_ms,0,4900000
prediction_position_error_mm,1.7909279558807611,4900000
prediction_orientation_error_deg,0,4900000
prediction_position_error_mm,3.082248382270336,5000000
prediction_orientation_error_deg,0,5000000
owd_uplink_ms,2.8048,5100000
owd_downlink_ms,0,5100000
prediction_position_error_mm,2.348430687561631,5100000
prediction_orientation_error_deg,0,5100000
prediction_position_error_mm,2.1611053962260485,5200000
prediction_orientation_error_deg,0,5200000
owd_uplink_ms,2.9795,5300000
owd_downlink_ms,0.0528,5300000
owd_uplink_ms,0,5300000
owd_downlink_ms,4.6922,5300000
prediction_position_error_mm,1.3556090416386724,5300000
prediction_orientation_error_deg,0,5300000
owd_uplink_ms,0,5400000
owd_downlink_ms,3.2704,5400000
prediction_position_error_mm,4.060212057083845,5400000
prediction_orientation_error_deg,0,5400000
prediction_position_error_mm,4.452074877917767,5500000
prediction_orientation_error_deg,0,5500000
owd_uplink_ms,2.3164,5600000
owd_downlink_ms,2.9253,5600000
prediction_position_error_mm,1.3605955755338073,5600000
prediction_orientation_error_deg,0,5600000
owd_uplink_ms,0,5700000
owd_downlink_ms,1.0147,5700000
owd_uplink_ms,1.0432,5700000
owd_downlink_ms,3.6941,5700000
prediction_position_error_mm,0.921592116355896,5700000
prediction_orientation_error_deg,0,5700000
owd_uplink_ms,0,5800000
owd_downlink_ms,3.6215,5800000
prediction_position_error_mm,4.571390338242054,5800000
prediction_orientation_error_deg,0,5800000
prediction_position_error_mm,5.025377031415701,5900000
prediction_orientation_error_deg,0,5900000
owd_uplink_ms,2.835,6000000
owd_downlink_ms,1.5885,6000000
correction_magnitude_mm,5.025377031415701,5900000
correction_magnitude_deg,0,5900000
prediction_position_error_mm,3.9277267642319202,6000000
prediction_orientation_error_deg,0,6000000
owd_uplink_ms,3.0044,6100000
owd_downlink_ms,4.5772,6100000
owd_uplink_ms,4.4187,6100000
owd_downlink_ms,0,6100000
prediction_position_error_mm,2.152384025976062,6100000
prediction_orientation_error_deg,0,6100000
owd_uplink_ms,0,6200000
owd_downlink_ms,0,6200000
prediction_position_error_mm,1.4812377048656344,6200000
prediction_orientation_error_deg,0,6200000
owd_uplink_ms,4.5892,6300000
owd_downlink_ms,0.7399,6300000
prediction_position_error_mm,1.317043206654489,6300000
prediction_orientation_error_deg,0,6300000
owd_uplink_ms,0,6400000
owd_downlink_ms,5.1306,6400000
prediction_position_error_mm,3.8771522231400013,6400000
prediction_orientation_error_deg,0,6400000
prediction_position_error_mm,4.290946293622255,6500000
prediction_orientation_error_deg,0,6500000
owd_uplink_ms,3.9005,6600000
owd_downlink_ms,1.1064,6600000
prediction_position_error_mm,3.387484233826399,6600000
prediction_orientation_error_deg,0,6600000
owd_uplink_ms,0.1087,6700000
owd_downlink_ms,3.8381,6700000
prediction_position_error_mm,2.6896782219409943,6700000
prediction_orientation_error_deg,0,6700000
owd_uplink_ms,1.9966,6800000
owd_downlink_ms,2.8421,6800000
owd_uplink_ms,3.2201,6800000
owd_downlink_ms,0,6800000
prediction_position_error_mm,1.510997535660863,6800000
prediction_orientation_error_deg,0,6800000
owd_uplink_ms,0,6900000
owd_downlink_ms,0,6900000
prediction_position_error_mm,1.805129460990429,6900000
prediction_orientation_error_deg,0,6900000
owd_uplink_ms,2.5989,7000000
owd_downlink_ms,3.8212,7000000
prediction_position_error_mm,2.6943921111524105,7000000
prediction_orientation_error_deg,0,7000000
owd_uplink_ms,2.1658,7100000
owd_downlink_ms,0,7100000
owd_uplink_ms,0,7100000
owd_downlink_ms,0,7100000
prediction_position_error_mm,1.0384958004578948,7100000
prediction_orientation_error_deg,0,7100000
prediction_position_error_mm,3.678271546959877,7200000
prediction_orientation_error_deg,0,7200000
prediction_position_error_mm,4.110058303922415,7300000
prediction_orientation_error_deg,0,7300000
owd_uplink_ms,4.8042,7400000
owd_downlink_ms,0.2778,7400000
owd_uplink_ms,5.2471,7400000
owd_downlink_ms,0,7400000
prediction_position_error_mm,2.2999877110123634,7400000
prediction_orientation_error_deg,0,7400000
prediction_position_error_mm,1.768810790963471,7500000
prediction_orientation_error_deg,0,7500000
owd_uplink_ms,0.2121,7600000
owd_downlink_ms,3.9705,7600000
owd_uplink_ms,0,7600000
owd_downlink_ms,5.5336,7600000
prediction_position_error_mm,1.172185642644763,7600000
prediction_orientation_error_deg,0,7600000
owd_uplink_ms,0,7700000
owd_downlink_ms,2.9068,7700000
prediction_position_error_mm,3.89323802664876,7700000
prediction_orientation_error_deg,0,7700000
owd_uplink_ms,5.974,7800000
owd_downlink_ms,0,7800000
prediction_position_error_mm,3.057444468140602,7800000
prediction_orientation_error_deg,0,7800000
owd_uplink_ms,2.2171,7900000
owd_downlink_ms,0,7900000
prediction_position_error_mm,2.454083412885666,7900000
prediction_orientation_error_deg,0,7900000
prediction_position_error_mm,1.5108257066458464,8000000
prediction_orientation_error_deg,0,8000000
owd_uplink_ms,1.1216,8100000
owd_downlink_ms,0.3189,8100000
owd_uplink_ms,0,8100000
owd_downlink_ms,1.1222,8100000
prediction_position_error_mm,3.4733253996819258,8100000
prediction_orientation_error_deg,0,8100000
owd_uplink_ms,2.3587,8200000
owd_downlink_ms,0,8200000
prediction_position_error_mm,2.759308088570833,8200000
prediction_orientation_error_deg,0,8200000
owd_uplink_ms,0,8300000
owd_downlink_ms,0,8300000
prediction_position_error_mm,0.953218259382993,8300000
prediction_orientation_error_deg,0,8300000
owd_uplink_ms,5.9695,8400000
owd_downlink_ms,1.5676,8400000
prediction_position_error_mm,1.1297659948468208,8400000
prediction_orientation_error_deg,0,8400000
owd_uplink_ms,0,8500000
owd_downlink_ms,5.5382,8500000
prediction_position_error_mm,4.172693006694317,8500000
prediction_orientation_error_deg,0,8500000
owd_uplink_ms,1.2895,8600000
owd_downlink_ms,0,8600000
prediction_position_error_mm,1.1918549425899982,8600000
prediction_orientation_error_deg,0,8600000
owd_uplink_ms,0,8700000
owd_downlink_ms,5.3162,8700000
prediction_position_error_mm,1.7720598261803389,8700000
prediction_orientation_error_deg,0,8700000
owd_uplink_ms,0,8800000
owd_downlink_ms,1.0662,8800000
prediction_position_error_mm,4.970806185156107,8800000
prediction_orientation_error_deg,0,8800000
prediction_position_error_mm,5.553117487579584,8900000
prediction_orientation_error_deg,0,8900000
owd_uplink_ms,1.3034,9000000
owd_downlink_ms,1.6812,9000000
correction_magnitude_mm,5.553117487579584,8900000
correction_magnitude_deg,0,8900000
prediction_position_error_mm,1.6406560316681862,9000000
prediction_orientation_error_deg,0,9000000
owd_uplink_ms,0,9100000
owd_downlink_ms,0.9526,9100000
owd_uplink_ms,2.1294,9100000
owd_downlink_ms,4.9727,9100000
prediction_position_error_mm,1.7004325054585934,9100000
prediction_orientation_error_deg,0,9100000
owd_uplink_ms,0,9200000
owd_downlink_ms,5.7377,9200000
prediction_position_error_mm,4.733189940452576,9200000
prediction_orientation_error_deg,0,9200000
owd_uplink_ms,0,9300000
owd_downlink_ms,0,9300000
prediction_position_error_mm,1.6673858044669032,9300000
prediction_orientation_error_deg,0,9300000
owd_uplink_ms,5.2381,9400000
owd_downlink_ms,4.4184,9400000
prediction_position_error_mm,5.23738656193018,9400000
prediction_orientation_error_deg,0,9400000
prediction_position_error_mm,5.853550974279642,9500000
prediction_orientation_error_deg,0,9500000
owd_uplink_ms,5.8588,9600000
owd_downlink_ms,2.9882,9600000
correction_magnitude_mm,5.853550974279642,9500000
correction_magnitude_deg,0,9500000
prediction_position_error_mm,4.670924507081509,9600000
prediction_orientation_error_deg,0,9600000
owd_uplink_ms,1.211,9700000
owd_downlink_ms,1.0922,9700000
prediction_position_error_mm,3.7497684825211763,9700000
prediction_orientation_error_deg,0,9700000
owd_uplink_ms,0.3624,9800000
owd_downlink_ms,5.516,9800000
owd_uplink_ms,0.8132,9800000
owd_downlink_ms,0,9800000
prediction_position_error_mm,1.0496405884623528,9800000
prediction_orientation_error_deg,0,9800000
owd_uplink_ms,0,9900000
owd_downlink_ms,3.6623,9900000
owd_uplink_ms,0,9900000
owd_downlink_ms,0,9900000
prediction_position_error_mm,0.9341193363070488,9900000
prediction_orientation_error_deg,0,9900000
prediction_position_error_mm,3.7291802000254393,10000000
prediction_orientation_error_deg,0,10000000
owd_uplink_ms,4.7557,10100000
owd_downlink_ms,0,10100000
prediction_position_error_mm,1.2884644092991948,10100000
prediction_orientation_error_deg,0,10100000
owd_uplink_ms,0,10200000
owd_downlink_ms,2.3698,10200000
prediction_position_error_mm,1.8397914245724678,10200000
prediction_orientation_error_deg,0,10200000
owd_uplink_ms,0,10300000
owd_downlink_ms,0.962,10300000
prediction_position_error_mm,4.385852720588446,10300000
prediction_orientation_error_deg,0,10300000
owd_uplink_ms,2.3177,10400000
owd_downlink_ms,0,10400000
prediction_position_error_mm,3.4530325792729855,10400000
prediction_orientation_error_deg,0,10400000
prediction_position_error_mm,1.8160787876695395,10500000
prediction_orientation_error_deg,0,10500000
owd_uplink_ms,0,10600000
owd_downlink_ms,4.08,10600000
owd_uplink_ms,0.0567,10600000
owd_downlink_ms,4.9676,10600000
prediction_position_error_mm,1.814469345845282,10600000
prediction_orientation_error_deg,0,10600000
owd_uplink_ms,0,10700000
owd_downlink_ms,0.1533,10700000
prediction_position_error_mm,4.193371161818504,10700000
prediction_orientation_error_deg,0,10700000
prediction_position_error_mm,2.4421827401965857,10800000
prediction_orientation_error_deg,0,10800000
owd_uplink_ms,3.1159,10900000
owd_downlink_ms,3.369,10900000
owd_uplink_ms,0,10900000
owd_downlink_ms,4.7083,10900000
prediction_position_error_mm,4.667990375310183,10900000
prediction_orientation_error_deg,0,10900000
owd_uplink_ms,2.8141,11000000
owd_downlink_ms,0,11000000
correction_magnitude_mm,5.274919793009758,11000000
correction_magnitude_deg,0,11000000
prediction_position_error_mm,3.692461410537362,11000000
prediction_orientation_error_deg,0,11000000
owd_uplink_ms,5.7727,11100000
owd_downlink_ms,0,11100000
prediction_position_error_mm,2.989653730764985,11100000
prediction_orientation_error_deg,0,11100000
prediction_position_error_mm,3.4922019112855196,11200000
prediction_orientation_error_deg,0,11200000
owd_uplink_ms,1.7179,11300000
owd_downlink_ms,3.7383,11300000
prediction_position_error_mm,2.8957794420421124,11300000
prediction_orientation_error_deg,0,11300000
owd_uplink_ms,3.4006,11400000
owd_downlink_ms,0.1779,11400000
owd_uplink_ms,0.4704,11400000
owd_downlink_ms,0,11400000
prediction_position_error_mm,1.2286176206544042,11400000
prediction_orientation_error_deg,0,11400000
owd_uplink_ms,0,11500000
owd_downlink_ms,3.9472,11500000
prediction_position_error_mm,2.7982064057141542,11500000
prediction_orientation_error_deg,0,11500000
owd_uplink_ms,0.5782,11600000
owd_downlink_ms,0,11600000
prediction_position_error_mm,2.298640785738826,11600000
prediction_orientation_error_deg,0,11600000
owd_uplink_ms,0.1802,11700000
owd_downlink_ms,0,11700000
prediction_position_error_mm,1.951390877366066,11700000
prediction_orientation_error_deg,0,11700000
owd_uplink_ms,2.886,11800000
owd_downlink_ms,0,11800000
prediction_position_error_mm,1.2794104404747486,11800000
prediction_orientation_error_deg,0,11800000
owd_uplink_ms,0,11900000
owd_downlink_ms,0.2038,11900000
prediction_position_error_mm,2.756367204710841,11900000
prediction_orientation_error_deg,0,11900000
owd_uplink_ms,0.1127,12000000
owd_downlink_ms,0,12000000
owd_uplink_ms,0,12000000
owd_downlink_ms,0,12000000
prediction_position_error_mm,1.431209733709693,12000000
prediction_orientation_error_deg,0,12000000
owd_uplink_ms,0,12100000
owd_downlink_ms,0,12100000
prediction_position_error_mm,1.3709979830309749,12100000
prediction_orientation_error_deg,0,12100000
owd_uplink_ms,0,12200000
owd_downlink_ms,0,12200000
prediction_position_error_mm,1.3491830322891474,12200000
prediction_orientation_error_deg,0,12200000
prediction_position_error_mm,3.6320348735898733,12300000
prediction_orientation_error_deg,0,12300000
prediction_position_error_mm,4.196143709123135,12400000
prediction_orientation_error_deg,0,12400000
owd_uplink_ms,4.2422,12500000
owd_downlink_ms,3.651,12500000
prediction_position_error_mm,2.1419054828584194,12500000
prediction_orientation_error_deg,0,12500000
owd_uplink_ms,0,12600000
owd_downlink_ms,0.7556,12600000
owd_uplink_ms,5.9528,12600000
owd_downlink_ms,4.4772,12600000
prediction_position_error_mm,2.0830687135457993,12600000
prediction_orientation_error_deg,0,12600000
owd_uplink_ms,0,12700000
owd_downlink_ms,1.5587,12700000
prediction_position_error_mm,3.6093653179705143,12700000
prediction_orientation_error_deg,0,12700000
prediction_position_error_mm,2.6962975971400738,12800000
prediction_orientation_error_deg,0,12800000
owd_uplink_ms,0,12900000
owd_downlink_ms,1.4502,12900000
owd_uplink_ms,5.4008,12900000
owd_downlink_ms,5.8282,12900000
owd_uplink_ms,0,12900000
owd_downlink_ms,0,12900000
prediction_position_error_mm,1.7848607385531068,12900000
prediction_orientation_error_deg,0,12900000
prediction_position_error_mm,3.959161229431629,13000000
prediction_orientation_error_deg,0,13000000
prediction_position_error_mm,4.558925982564688,13100000
prediction_orientation_error_deg,0,13100000
owd_uplink_ms,3.461,13200000
owd_downlink_ms,4.3855,13200000
owd_uplink_ms,0.6062,13200000
owd_downlink_ms,0,13200000
prediction_position_error_mm,1.8178760074079037,13200000
prediction_orientation_error_deg,0,13200000
owd_uplink_ms,0,13300000
owd_downlink_ms,4.76,13300000
prediction_position_error_mm,3.707085968926549,13300000
prediction_orientation_error_deg,0,13300000
prediction_position_error_mm,3.140130080282688,13400000
prediction_orientation_error_deg,0,13400000
owd_uplink_ms,0,13500000
owd_downlink_ms,4.4389,13500000
owd_uplink_ms,0.6023,13500000
owd_downlink_ms,5.2383,13500000
owd_uplink_ms,0,13500000
owd_downlink_ms,0,13500000
prediction_position_error_mm,2.0255499985069036,13500000
prediction_orientation_error_deg,0,13500000
prediction_position_error_mm,3.9240880869328976,13600000
prediction_orientation_error_deg,0,13600000
owd_uplink_ms,0.3033,13700000
owd_downlink_ms,0,13700000
prediction_position_error_mm,3.18028568290174,13700000
prediction_orientation_error_deg,0,13700000
owd_uplink_ms,3.0995,13800000
owd_downlink_ms,0,13800000
prediction_position_error_mm,2.0353482104837894,13800000
prediction_orientation_error_deg,0,13800000
owd_uplink_ms,0,13900000
owd_downlink_ms,1.4416,13900000
prediction_position_error_mm,3.645768156275153,13900000
prediction_orientation_error_deg,0,13900000
prediction_position_error_mm,3.3913305960595608,14000000
prediction_orientation_error_deg,0,14000000
owd_uplink_ms,0,14100000
owd_downlink_ms,3.676,14100000
owd_uplink_ms,5.842,14100000
owd_downlink_ms,4.5047,14100000
prediction_position_error_mm,4.005020949989557,14100000
prediction_orientation_error_deg,0,14100000
prediction_position_error_mm,3.8431882858276367,14200000
prediction_orientation_error_deg,0,14200000
owd_uplink_ms,4.0091,14300000
owd_downlink_ms,0.1985,14300000
owd_uplink_ms,0,14300000
owd_downlink_ms,2.3653,14300000
prediction_position_error_mm,3.444904461503029,14300000
prediction_orientation_error_deg,0,14300000
owd_uplink_ms,0,14400000
owd_downlink_ms,1.6641,14400000
prediction_position_error_mm,3.9886580780148506,14400000
prediction_orientation_error_deg,0,14400000
owd_uplink_ms,0,14500000
owd_downlink_ms,0,14500000
prediction_position_error_mm,2.707075560465455,14500000
prediction_orientation_error_deg,0,14500000
owd_uplink_ms,4.9923,14600000
owd_downlink_ms,5.8285,14600000
owd_uplink_ms,0,14600000
owd_downlink_ms,0,14600000
prediction_position_error_mm,2.4171078111976385,14600000
prediction_orientation_error_deg,0,14600000
prediction_position_error_mm,3.8989675231277943,14700000
prediction_orientation_error_deg,0,14700000
owd_uplink_ms,4.1001,14800000
owd_downlink_ms,0,14800000
owd_uplink_ms,0,14800000
owd_downlink_ms,0,14800000
prediction_position_error_mm,2.6972501073032618,14800000
prediction_orientation_error_deg,0,14800000
prediction_position_error_mm,4.11309814080596,14900000
prediction_orientation_error_deg,0,14900000
prediction_position_error_mm,4.786946345120668,15000000
prediction_orientation_error_deg,0,15000000
owd_uplink_ms,2.2503,15100000
owd_downlink_ms,5.5407,15100000
prediction_position_error_mm,4.018917214125395,15100000
prediction_orientation_error_deg,0,15100000
owd_uplink_ms,1.3359,15200000
owd_downlink_ms,2.6545,15200000
prediction_position_error_mm,3.427263582125306,15200000
prediction_orientation_error_deg,0,15200000
owd_uplink_ms,1.2169,15300000
owd_downlink_ms,1.1182,15300000
prediction_position_error_mm,3.1890918035060167,15300000
prediction_orientation_error_deg,0,15300000
owd_uplink_ms,0,15400000
owd_downlink_ms,2.6556,15400000
owd_uplink_ms,3.9888,15400000
owd_downlink_ms,5.7296,15400000
prediction_position_error_mm,2.7750995941460133,15400000
prediction_orientation_error_deg,0,15400000
owd_uplink_ms,1.8098,15500000
owd_downlink_ms,0,15500000
prediction_position_error_mm,2.430801745504141,15500000
prediction_orientation_error_deg,0,15500000
owd_uplink_ms,0,15600000
owd_downlink_ms,4.6922,15600000
owd_uplink_ms,0,15600000
owd_downlink_ms,0,15600000
prediction_position_error_mm,2.1603896748274565,15600000
prediction_orientation_error_deg,0,15600000
prediction_position_error_mm,2.779892645776272,15700000
prediction_orientation_error_deg,0,15700000
owd_uplink_ms,0,15800000
owd_downlink_ms,3.0113,15800000
prediction_position_error_mm,2.537620486691594,15800000
prediction_orientation_error_deg,0,15800000
owd_uplink_ms,0,15900000
owd_downlink_ms,1.4796,15900000
prediction_position_error_mm,2.6316677685827017,15900000
prediction_orientation_error_deg,0,15900000
prediction_position_error_mm,2.9695075936615467,16000000
prediction_orientation_error_deg,0,16000000
owd_uplink_ms,0,16100000
owd_downlink_ms,2.5864,16100000
owd_uplink_ms,0.9283,16100000
owd_downlink_ms,2.9043,16100000
prediction_position_error_mm,2.911762800067663,16100000
prediction_orientation_error_deg,0,16100000
owd_uplink_ms,1.103,16200000
owd_downlink_ms,0,16200000
prediction_position_error_mm,2.4173292331397533,16200000
prediction_orientation_error_deg,0,16200000
prediction_position_error_mm,2.9840590432286263,16300000
prediction_orientation_error_deg,0,16300000
owd_uplink_ms,4.0659,16400000
owd_downlink_ms,2.2829,16400000
prediction_position_error_mm,3.2003966625779867,16400000
prediction_orientation_error_deg,0,16400000
owd_uplink_ms,2.7621,16500000
owd_downlink_ms,0.3083,16500000
owd_uplink_ms,0,16500000
owd_downlink_ms,2.2786,16500000
prediction_position_error_mm,2.4432267528027296,16500000
prediction_orientation_error_deg,0,16500000
prediction_position_error_mm,3.0021958518773317,16600000
prediction_orientation_error_deg,0,16600000
owd_uplink_ms,0.2354,16700000
owd_downlink_ms,3.8566,16700000
prediction_position_error_mm,2.6858269702643156,16700000
prediction_orientation_error_deg,0,16700000
owd_uplink_ms,0.0192,16800000
owd_downlink_ms,0.8016,16800000
prediction_position_error_mm,2.450720639899373,16800000
prediction_orientation_error_deg,0,16800000
owd_uplink_ms,1.6012,16900000
owd_downlink_ms,1.1078,16900000
prediction_position_error_mm,2.2755570244044065,16900000
prediction_orientation_error_deg,0,16900000
owd_uplink_ms,4.7467,17000000
owd_downlink_ms,1.3201,17000000
prediction_position_error_mm,3.4220588859170675,17000000
prediction_orientation_error_deg,0,17000000
owd_uplink_ms,0,17100000
owd_downlink_ms,1.8056,17100000
owd_uplink_ms,1.9343,17100000
owd_downlink_ms,5.0337,17100000
owd_uplink_ms,0,17100000
owd_downlink_ms,0,17100000
prediction_position_error_mm,2.0355908200144768,17100000
prediction_orientation_error_deg,0,17100000
owd_uplink_ms,0,17200000
owd_downlink_ms,0,17200000
prediction_position_error_mm,1.7701460747048259,17200000
prediction_orientation_error_deg,0,17200000
owd_uplink_ms,0,17300000
owd_downlink_ms,0,17300000
prediction_position_error_mm,1.5781506663188338,17300000
prediction_orientation_error_deg,0,17300000
prediction_position_error_mm,2.0593914669007063,17400000
prediction_orientation_error_deg,0,17400000
owd_uplink_ms,0,17500000
owd_downlink_ms,0.2013,17500000
prediction_position_error_mm,1.9096365431323647,17500000
prediction_orientation_error_deg,0,17500000
owd_uplink_ms,5.2299,17600000
owd_downlink_ms,0,17600000
prediction_position_error_mm,1.5645818784832954,17600000
prediction_orientation_error_deg,0,17600000
prediction_position_error_mm,1.9572454039007425,17700000
prediction_orientation_error_deg,0,17700000
owd_uplink_ms,1.9932,17800000
owd_downlink_ms,1.2659,17800000
owd_uplink_ms,0,17800000
owd_downlink_ms,0,17800000
prediction_position_error_mm,2.0375107415020466,17800000
prediction_orientation_error_deg,0,17800000
owd_uplink_ms,2.3632,17900000
owd_downlink_ms,2.8758,17900000
prediction_position_error_mm,1.737441634759307,17900000
prediction_orientation_error_deg,0,17900000
prediction_position_error_mm,2.177502028644085,18000000
prediction_orientation_error_deg,0,18000000
owd_uplink_ms,0.6926,18100000
owd_downlink_ms,0.9815,18100000
prediction_position_error_mm,2.0200058352202177,18100000
prediction_orientation_error_deg,0,18100000
owd_uplink_ms,5.0266,18200000
owd_downlink_ms,5.5502,18200000
prediction_position_error_mm,1.9289851188659668,18200000
prediction_orientation_error_deg,0,18200000
owd_uplink_ms,4.5479,18300000
owd_downlink_ms,1.3349,18300000
prediction_position_error_mm,1.8775928765535355,18300000
prediction_orientation_error_deg,0,18300000
owd_uplink_ms,4.4751,18400000
owd_downlink_ms,2.8473,18400000
owd_uplink_ms,1.1757,18400000
owd_downlink_ms,0,18400000
prediction_position_error_mm,1.2932876124978065,18400000
prediction_orientation_error_deg,0,18400000
owd_uplink_ms,5.2835,18500000
owd_downlink_ms,0,18500000
prediction_position_error_mm,1.2794708600267768,18500000
prediction_orientation_error_deg,0,18500000
prediction_position_error_mm,1.8121685134246945,18600000
prediction_orientation_error_deg,0,18600000
owd_uplink_ms,2.9875,18700000
owd_downlink_ms,0.6959,18700000
prediction_position_error_mm,3.8946361746639013,18700000
prediction_orientation_error_deg,0,18700000
owd_uplink_ms,0,18800000
owd_downlink_ms,2.2572,18800000
owd_uplink_ms,0.1036,18800000
owd_downlink_ms,4.8003,18800000
prediction_position_error_mm,1.365676405839622,18800000
prediction_orientation_error_deg,0,18800000
owd_uplink_ms,0.3261,18900000
owd_downlink_ms,0,18900000
prediction_position_error_mm,1.3016656739637256,18900000
prediction_orientation_error_deg,0,18900000
owd_uplink_ms,3.1577,19000000
owd_downlink_ms,0,19000000
prediction_position_error_mm,2.6811680290848017,19000000
prediction_orientation_error_deg,0,19000000
owd_uplink_ms,0,19100000
owd_downlink_ms,0.4152,19100000
prediction_position_error_mm,1.4967959141358733,19100000
prediction_orientation_error_deg,0,19100000
owd_uplink_ms,5.0121,19200000
owd_downlink_ms,0,19200000
prediction_position_error_mm,1.383481896482408,19200000
prediction_orientation_error_deg,0,19200000
owd_uplink_ms,4.266,19300000
owd_downlink_ms,0,19300000
prediction_position_error_mm,1.3329604407772422,19300000
prediction_orientation_error_deg,0,19300000
prediction_position_error_mm,1.8601628253236413,19400000
prediction_orientation_error_deg,0,19400000
owd_uplink_ms,4.749,19500000
owd_downlink_ms,0.3269,19500000
owd_uplink_ms,2.5049,19500000
owd_downlink_ms,0,19500000
prediction_position_error_mm,1.2817704118788242,19500000
prediction_orientation_error_deg,0,19500000
owd_uplink_ms,2.2498,19600000
owd_downlink_ms,0,19600000
prediction_position_error_mm,1.2664514360949397,19600000
prediction_orientation_error_deg,0,19600000
owd_uplink_ms,0.327,19700000
owd_downlink_ms,0,19700000
prediction_position_error_mm,1.2531864922493696,19700000
prediction_orientation_error_deg,0,19700000
prediction_position_error_mm,1.7720437608659267,19800000
prediction_orientation_error_deg,0,19800000
owd_uplink_ms,1.5013,19900000
owd_downlink_ms,0.3857,19900000
prediction_position_error_mm,1.7537543317303061,19900000
prediction_orientation_error_deg,0,19900000
owd_uplink_ms,3.6053,20000000
owd_downlink_ms,3.9584,20000000
prediction_position_error_mm,1.735067693516612,20000000
prediction_orientation_error_deg,0,20000000
owd_uplink_ms,2.1278,20100000
owd_downlink_ms,5.4718,20100000
owd_uplink_ms,0.1664,20100000
owd_downlink_ms,0,20100000
prediction_position_error_mm,1.2013241648674011,20100000
prediction_orientation_error_deg,0,20100000
owd_uplink_ms,3.9868,20200000
owd_downlink_ms,0,20200000
prediction_position_error_mm,3.087827702984214,20200000
prediction_orientation_error_deg,0,20200000
owd_uplink_ms,0,20300000
owd_downlink_ms,4.211,20300000
prediction_position_error_mm,1.0919292690232396,20300000
prediction_orientation_error_deg,0,20300000
prediction_position_error_mm,1.5252401353791356,20400000
prediction_orientation_error_deg,0,20400000
owd_uplink_ms,4.7977,20500000
owd_downlink_ms,5.7205,20500000
prediction_position_error_mm,1.5397859970107675,20500000
prediction_orientation_error_deg,0,20500000
owd_uplink_ms,2.7437,20600000
owd_downlink_ms,0.0944,20600000
prediction_position_error_mm,4.257502034306526,20600000
prediction_orientation_error_deg,0,20600000
owd_uplink_ms,0,20700000
owd_downlink_ms,3.4498,20700000
owd_uplink_ms,0.7257,20700000
owd_downlink_ms,5.3162,20700000
prediction_position_error_mm,1.1484045535326004,20700000
prediction_orientation_error_deg,0,20700000
prediction_position_error_mm,1.5326831489801407,20800000
prediction_orientation_error_deg,0,20800000
owd_uplink_ms,5.105,20900000
owd_downlink_ms,3.5649,20900000
prediction_position_error_mm,1.5147760277613997,20900000
prediction_orientation_error_deg,0,20900000
owd_uplink_ms,4.6003,21000000
owd_downlink_ms,2.0589,21000000
prediction_position_error_mm,4.266194999217987,21000000
prediction_orientation_error_deg,0,21000000
owd_uplink_ms,3.4668,21100000
owd_downlink_ms,0.2993,21100000
owd_uplink_ms,0,21100000
owd_downlink_ms,0.969,21100000
prediction_position_error_mm,1.19505834300071,21100000
prediction_orientation_error_deg,0,21100000
prediction_position_error_mm,1.5434526139870286,21200000
prediction_orientation_error_deg,0,21200000
owd_uplink_ms,3.8944,21300000
owd_downlink_ms,2.9255,21300000
owd_uplink_ms,1.96,21300000
owd_downlink_ms,0,21300000
prediction_position_error_mm,1.0486150858923793,21300000
prediction_orientation_error_deg,0,21300000
owd_uplink_ms,4.2624,21400000
owd_downlink_ms,0,21400000
prediction_position_error_mm,1.0490062413737178,21400000
prediction_orientation_error_deg,0,21400000
owd_uplink_ms,4.5984,21500000
owd_downlink_ms,0,21500000
prediction_position_error_mm,1.0624182177707553,21500000
prediction_orientation_error_deg,0,21500000
prediction_position_error_mm,1.5402272110804915,21600000
prediction_orientation_error_deg,0,21600000
owd_uplink_ms,4.1376,21700000
owd_downlink_ms,0.6104,21700000
prediction_position_error_mm,1.5587859088554978,21700000
prediction_orientation_error_deg,0,21700000
owd_uplink_ms,4.2286,21800000
owd_downlink_ms,4.7871,21800000
prediction_position_error_mm,1.5706972917541862,21800000
prediction_orientation_error_deg,0,21800000
owd_uplink_ms,3.7648,21900000
owd_downlink_ms,1.9692,21900000
owd_uplink_ms,3.7428,21900000
owd_downlink_ms,0,21900000
prediction_position_error_mm,1.1029064189642668,21900000
prediction_orientation_error_deg,0,21900000
owd_uplink_ms,0.4332,22000000
owd_downlink_ms,0.0481,22000000
prediction_position_error_mm,1.0981413070112467,22000000
prediction_orientation_error_deg,0,22000000
owd_uplink_ms,4.9712,22100000
owd_downlink_ms,0.0481,22100000
prediction_position_error_mm,1.0902665089815855,22100000
prediction_orientation_error_deg,0,22100000
prediction_position_error_mm,1.548805390484631,22200000
prediction_orientation_error_deg,0,22200000
owd_uplink_ms,1.9921,22300000
owd_downlink_ms,2.163,22300000
prediction_position_error_mm,1.5324688283726573,22300000
prediction_orientation_error_deg,0,22300000
owd_uplink_ms,3.0468,22400000
owd_downlink_ms,3.8917,22400000
owd_uplink_ms,4.2377,22400000
owd_downlink_ms,0.0481,22400000
prediction_position_error_mm,1.0562216630205512,22400000
prediction_orientation_error_deg,0,22400000
prediction_position_error_mm,1.496161799877882,22500000
prediction_orientation_error_deg,0,22500000
owd_uplink_ms,4.9256,22600000
owd_downlink_ms,2.4813,22600000
prediction_position_error_mm,5.090071819722652,22600000
prediction_orientation_error_deg,0,22600000
owd_uplink_ms,-0.0481,22700000
owd_downlink_ms,0.5636,22700000
correction_magnitude_mm,5.105867050588131,22599519
correction_magnitude_deg,0,22599519
owd_uplink_ms,2.3083,22700000
owd_downlink_ms,5.259,22700000
prediction_position_error_mm,3.88268637470901,22700000
prediction_orientation_error_deg,0,22700000
owd_uplink_ms,-0.0481,22800000
owd_downlink_ms,5.5557,22800000
prediction_position_error_mm,1.2097283033654094,22800000
prediction_orientation_error_deg,0,22800000
owd_uplink_ms,4.2962,22900000
owd_downlink_ms,0.0481,22900000
prediction_position_error_mm,0.8662320324219763,22900000
prediction_orientation_error_deg,0,22900000
owd_uplink_ms,3.1267,23000000
owd_downlink_ms,0.0481,23000000
prediction_position_error_mm,0.6814181688241661,23000000
prediction_orientation_error_deg,0,23000000
prediction_position_error_mm,0.8932126220315695,23100000
prediction_orientation_error_deg,0,23100000
owd_uplink_ms,3.8597,23200000
owd_downlink_ms,2.7367,23200000
owd_uplink_ms,5.1501,23200000
owd_downlink_ms,0.0481,23200000
prediction_position_error_mm,0.650848844088614,23200000
prediction_orientation_error_deg,0,23200000
owd_uplink_ms,4.5241,23300000
owd_downlink_ms,0.0481,23300000
prediction_position_error_mm,0.7084521930664778,23300000
prediction_orientation_error_deg,0,23300000
prediction_position_error_mm,4.861351568251848,23400000
prediction_orientation_error_deg,0,23400000
owd_uplink_ms,-0.0481,23500000
owd_downlink_ms,3.5429,23500000
owd_uplink_ms,5.6125,23500000
owd_downlink_ms,4.4604,23500000
owd_uplink_ms,-0.0384,23500000
owd_downlink_ms,0.0384,23500000
prediction_position_error_mm,2.5903326459228992,23500000
prediction_orientation_error_deg,0,23500000
prediction_position_error_mm,2.832109807059169,23600000
prediction_orientation_error_deg,0,23600000
owd_uplink_ms,-0.0384,23700000
owd_downlink_ms,4.4414,23700000
owd_uplink_ms,-0.0307,23700000
owd_downlink_ms,0.0307,23700000
prediction_position_error_mm,1.5228132251650095,23700000
prediction_orientation_error_deg,0,23700000
prediction_position_error_mm,2.682644408196211,23800000
prediction_orientation_error_deg,0,23800000
owd_uplink_ms,-0.0245,23900000
owd_downlink_ms,0.0245,23900000
prediction_position_error_mm,1.3571771560236812,23900000
prediction_orientation_error_deg,0,23900000
owd_uplink_ms,5.1819,24000000
owd_downlink_ms,2.2158,24000000
prediction_position_error_mm,2.994617447257042,24000000
prediction_orientation_error_deg,0,24000000
prediction_position_error_mm,2.9368731193244457,24100000
prediction_orientation_error_deg,0,24100000
owd_uplink_ms,0.4783,24200000
owd_downlink_ms,5.1847,24200000
owd_uplink_ms,-0.0196,24200000
owd_downlink_ms,0.0196,24200000
prediction_position_error_mm,1.9448441453278065,24200000
prediction_orientation_error_deg,0,24200000
owd_uplink_ms,4.0941,24300000
owd_downlink_ms,5.2017,24300000
prediction_position_error_mm,2.4712937884032726,24300000
prediction_orientation_error_deg,0,24300000
prediction_position_error_mm,2.4003053549677134,24400000
prediction_orientation_error_deg,0,24400000
owd_uplink_ms,2.6594,24500000
owd_downlink_ms,1.3385,24500000
owd_uplink_ms,1.4433,24500000
owd_downlink_ms,0.0196,24500000
owd_uplink_ms,-0.0156,24500000
owd_downlink_ms,0.0156,24500000
prediction_position_error_mm,1.4795329188928008,24500000
prediction_orientation_error_deg,0,24500000
prediction_position_error_mm,98.52054715156555,24600000
prediction_orientation_error_deg,0,24600000
owd_uplink_ms,3.5556,24700000
owd_downlink_ms,0.0156,24700000
correction_magnitude_mm,194.22996044158936,24699844
correction_magnitude_deg,0,24699844
prediction_position_error_mm,136.11242175102234,24700000
prediction_orientation_error_deg,0,24700000
prediction_position_error_mm,229.03691232204437,24800000
prediction_orientation_error_deg,0,24800000
owd_uplink_ms,2.2059,24900000
owd_downlink_ms,5.1615,24900000
correction_magnitude_mm,228.8854718208313,24799844
correction_magnitude_deg,0,24799844
owd_uplink_ms,-0.0124,24900000
owd_downlink_ms,0.0124,24900000
correction_magnitude_mm,242.065891623497,24899876
correction_magnitude_deg,0,24899876
prediction_position_error_mm,169.54897344112396,24900000
prediction_orientation_error_deg,0,24900000
owd_uplink_ms,2.4682,25000000
owd_downlink_ms,4.8033,25000000
prediction_position_error_mm,252.49987840652466,25000000
prediction_orientation_error_deg,0,25000000
owd_uplink_ms,4.9944,25100000
owd_downlink_ms,0.0124,25100000
correction_magnitude_mm,331.1055302619934,25099876
correction_magnitude_deg,0,25099876
prediction_position_error_mm,231.87057673931122,25100000
prediction_orientation_error_deg,0,25100000
owd_uplink_ms,0.7917,25200000
owd_downlink_ms,0.0124,25200000
correction_magnitude_mm,305.4864704608917,25199876
correction_magnitude_deg,0,25199876
prediction_position_error_mm,213.92583847045898,25200000
prediction_orientation_error_deg,0,25200000
prediction_position_error_mm,274.11767840385437,25300000
prediction_orientation_error_deg,0,25300000
owd_uplink_ms,0.0473,25400000
owd_downlink_ms,4.3658,25400000
correction_magnitude_mm,274.0323543548584,25299876
correction_magnitude_deg,0,25299876
owd_uplink_ms,-0.0124,25400000
owd_downlink_ms,5.1374,25400000
prediction_position_error_mm,252.49573588371277,25400000
prediction_orientation_error_deg,0,25400000
owd_uplink_ms,2.957,25500000
owd_downlink_ms,0.0124,25500000
correction_magnitude_mm,304.27661538124084,25499876
correction_magnitude_deg,0,25499876
owd_uplink_ms,-0.0099,25500000
owd_downlink_ms,0.0099,25500000
correction_magnitude_mm,213.0076289176941,25499901
correction_magnitude_deg,0,25499901
prediction_position_error_mm,149.00633692741394,25500000
prediction_orientation_error_deg,0,25500000
prediction_position_error_mm,44.61781680583954,25600000
prediction_orientation_error_deg,0,25600000
owd_uplink_ms,-0.0099,25700000
owd_downlink_ms,0.2941,25700000
correction_magnitude_mm,44.71675679087639,25599901
correction_magnitude_deg,0,25599901
prediction_position_error_mm,68.8178539276123,25700000
prediction_orientation_error_deg,0,25700000
owd_uplink_ms,1.724,25800000
owd_downlink_ms,0.0099,25800000
correction_magnitude_mm,173.16362261772156,25799901
correction_magnitude_deg,0,25799901
prediction_position_error_mm,121.31094932556152,25800000
prediction_orientation_error_deg,0,25800000
prediction_position_error_mm,227.69449651241302,25900000
prediction_orientation_error_deg,0,25900000
owd_uplink_ms,-0.0099,26000000
owd_downlink_ms,0.9618,26000000
correction_magnitude_mm,227.59810090065002,25899901
correction_magnitude_deg,0,25899901
owd_uplink_ms,0.7873,26000000
owd_downlink_ms,2.6453,26000000
prediction_position_error_mm,249.97219443321228,26000000
prediction_orientation_error_deg,0,26000000
owd_uplink_ms,1.8411,26100000
owd_downlink_ms,0.0099,26100000
correction_magnitude_mm,344.98023986816406,26099901
correction_magnitude_deg,0,26099901
prediction_position_error_mm,241.57071113586426,26100000
prediction_orientation_error_deg,0,26100000
prediction_position_error_mm,336.1014127731323,26200000
prediction_orientation_error_deg,0,26200000
owd_uplink_ms,1.0892,26300000
owd_downlink_ms,3.2548,26300000
correction_magnitude_mm,336.01683378219604,26199901
correction_magnitude_deg,0,26199901
owd_uplink_ms,-0.0099,26300000
owd_downlink_ms,5.6462,26300000
prediction_position_error_mm,315.20289182662964,26300000
prediction_orientation_error_deg,0,26300000
owd_uplink_ms,-0.0099,26400000
owd_downlink_ms,3.9243,26400000
correction_magnitude_mm,315.12829661369324,26299901
correction_magnitude_deg,0,26299901
prediction_position_error_mm,291.1417484283447,26400000
prediction_orientation_error_deg,0,26400000
owd_uplink_ms,-0.0099,26500000
owd_downlink_ms,0.176,26500000
correction_magnitude_mm,291.07657074928284,26399901
correction_magnitude_deg,0,26399901
prediction_position_error_mm,265.5881941318512,26500000
prediction_orientation_error_deg,0,26500000
owd_uplink_ms,-0.0099,26600000
owd_downlink_ms,5.4693,26600000
correction_magnitude_mm,265.53162932395935,26499901
correction_magnitude_deg,0,26499901
prediction_position_error_mm,235.08378863334656,26600000
prediction_orientation_error_deg,0,26600000
owd_uplink_ms,4.174,26700000
owd_downlink_ms,0.0099,26700000
correction_magnitude_mm,293.56512427330017,26699901
correction_magnitude_deg,0,26699901
owd_uplink_ms,-0.0079,26700000
owd_downlink_ms,0.0079,26700000
correction_magnitude_mm,205.50456643104553,26699921
correction_magnitude_deg,0,26699921
prediction_position_error_mm,143.77421140670776,26700000
prediction_orientation_error_deg,0,26700000
prediction_position_error_mm,43.77421364188194,26800000
prediction_orientation_error_deg,0,26800000
prediction_position_error_mm,46.82823270559311,26900000
prediction_orientation_error_deg,0,26900000
owd_uplink_ms,0.9754,27000000
owd_downlink_ms,3.3464,27000000
correction_magnitude_mm,46.749331057071686,26899921
correction_magnitude_deg,0,26899921
owd_uplink_ms,-0.0079,27000000
owd_downlink_ms,3.4325,27000000
owd_uplink_ms,-0.0063,27000000
owd_downlink_ms,0.0063,27000000
correction_magnitude_mm,127.26570665836334,26999937
correction_magnitude_deg,0,26999937
prediction_position_error_mm,89.14612233638763,27000000
prediction_orientation_error_deg,0,27000000
prediction_position_error_mm,184.61640179157257,27100000
prediction_orientation_error_deg,0,27100000
prediction_position_error_mm,275.322824716568,27200000
prediction_orientation_error_deg,0,27200000
owd_uplink_ms,2.901,27300000
owd_downlink_ms,3.091,27300000
correction_magnitude_mm,275.26265382766724,27199937
correction_magnitude_deg,0,27199937
owd_uplink_ms,1.2598,27300000
owd_downlink_ms,0.0063,27300000
correction_magnitude_mm,279.24102544784546,27299937
correction_magnitude_deg,0,27299937
prediction_position_error_mm,195.52098214626312,27300000
prediction_orientation_error_deg,0,27300000
owd_uplink_ms,1.5774,27400000
owd_downlink_ms,0.0063,27400000
correction_magnitude_mm,268.8024938106537,27399937
correction_magnitude_deg,0,27399937
prediction_position_error_mm,188.2089376449585,27400000
prediction_orientation_error_deg,0,27400000
owd_uplink_ms,-0.0063,27500000
owd_downlink_ms,5.258,27500000
owd_uplink_ms,-0.005,27500000
owd_downlink_ms,0.005,27500000
correction_magnitude_mm,258.2285702228546,27499950
correction_magnitude_deg,0,27499950
prediction_position_error_mm,180.79356849193573,27500000
prediction_orientation_error_deg,0,27500000
prediction_position_error_mm,247.9533553123474,27600000
prediction_orientation_error_deg,0,27600000
prediction_position_error_mm,310.2465867996216,27700000
prediction_orientation_error_deg,0,27700000
owd_uplink_ms,0.8279,27800000
owd_downlink_ms,3.4605,27800000
correction_magnitude_mm,310.21299958229065,27699950
correction_magnitude_deg,0,27699950
prediction_position_error_mm,274.80241656303406,27800000
prediction_orientation_error_deg,0,27800000
owd_uplink_ms,4.7608,27900000
owd_downlink_ms,5.5967,27900000
correction_magnitude_mm,274.77118372917175,27799950
correction_magnitude_deg,0,27799950
prediction_position_error_mm,236.81007325649261,27900000
prediction_orientation_error_deg,0,27900000
owd_uplink_ms,-0.005,28000000
owd_downlink_ms,3.3322,28000000
correction_magnitude_mm,236.78293824195862,27899950
correction_magnitude_deg,0,27899950
owd_uplink_ms,5.8711,28000000
owd_downlink_ms,4.3302,28000000
owd_uplink_ms,-0.004,28000000
owd_downlink_ms,0.004,28000000
correction_magnitude_mm,207.97669887542725,27999960
correction_magnitude_deg,0,27999960
prediction_position_error_mm,145.60005068778992,28000000
prediction_orientation_error_deg,0,28000000
prediction_position_error_mm,181.56933784484863,28100000
prediction_orientation_error_deg,0,28100000
owd_uplink_ms,-0.004,28200000
owd_downlink_ms,1.81,28200000
correction_magnitude_mm,181.5529614686966,28099960
correction_magnitude_deg,0,28099960
prediction_position_error_mm,157.60843455791473,28200000
prediction_orientation_error_deg,0,28200000
owd_uplink_ms,-0.004,28300000
owd_downlink_ms,3.3837,28300000
correction_magnitude_mm,157.5942486524582,28199960
correction_magnitude_deg,0,28199960
prediction_position_error_mm,141.0807967185974,28300000
prediction_orientation_error_deg,0,28300000
prediction_position_error_mm,161.8422418832779,28400000
prediction_orientation_error_deg,0,28400000
owd_uplink_ms,-0.004,28500000
owd_downlink_ms,2.1872,28500000
correction_magnitude_mm,161.82994842529297,28399960
correction_magnitude_deg,0,28399960
owd_uplink_ms,0.4923,28500000
owd_downlink_ms,2.8765,28500000
prediction_position_error_mm,141.6189968585968,28500000
prediction_orientation_error_deg,0,28500000
prediction_position_error_mm,164.927139878273,28600000
prediction_orientation_error_deg,0,28600000
owd_uplink_ms,3.8206,28700000
owd_downlink_ms,1.085,28700000
correction_magnitude_mm,164.9158000946045,28599960
correction_magnitude_deg,0,28599960
prediction_position_error_mm,136.27219200134277,28700000
prediction_orientation_error_deg,0,28700000
owd_uplink_ms,0.9612,28800000
owd_downlink_ms,3.2135,28800000
correction_magnitude_mm,136.26185059547424,28699960
correction_magnitude_deg,0,28699960
prediction_position_error_mm,107.05665498971939,28800000
prediction_orientation_error_deg,0,28800000
owd_uplink_ms,4.2342,28900000
owd_downlink_ms,5.7116,28900000
correction_magnitude_mm,107.04796016216278,28799960
correction_magnitude_deg,0,28799960
owd_uplink_ms,-0.004,28900000
owd_downlink_ms,5.7731,28900000
prediction_position_error_mm,88.42410892248154,28900000
prediction_orientation_error_deg,0,28900000
owd_uplink_ms,-0.004,29000000
owd_downlink_ms,4.3579,29000000
correction_magnitude_mm,88.4166806936264,28899960
correction_magnitude_deg,0,28899960
prediction_position_error_mm,77.8018906712532,29000000
prediction_orientation_error_deg,0,29000000
prediction_position_error_mm,88.62146735191345,29100000
prediction_orientation_error_deg,0,29100000
owd_uplink_ms,5.9522,29200000
owd_downlink_ms,5.2833,29200000
correction_magnitude_mm,88.61509710550308,29099960
correction_magnitude_deg,0,29099960
owd_uplink_ms,1.8613,29200000
owd_downlink_ms,0.004,29200000
correction_magnitude_mm,71.50977104902267,29199960
correction_magnitude_deg,0,29199960
prediction_position_error_mm,50.06180331110954,29200000
prediction_orientation_error_deg,0,29200000
prediction_position_error_mm,57.38508701324463,29300000
prediction_orientation_error_deg,0,29300000
owd_uplink_ms,4.2998,29400000
owd_downlink_ms,1.0228,29400000
correction_magnitude_mm,57.38011375069618,29299960
correction_magnitude_deg,0,29299960
prediction_position_error_mm,40.64221307635307,29400000
prediction_orientation_error_deg,0,29400000
owd_uplink_ms,4.2805,29500000
owd_downlink_ms,1.7334,29500000
correction_magnitude_mm,40.63794016838074,29399960
correction_magnitude_deg,0,29399960
owd_uplink_ms,-0.004,29500000
owd_downlink_ms,5.7433,29500000
prediction_position_error_mm,37.93855011463165,29500000
prediction_orientation_error_deg,0,29500000
owd_uplink_ms,4.1877,29600000
owd_downlink_ms,0.004,29600000
correction_magnitude_mm,42.28903725743294,29599960
correction_magnitude_deg,0,29599960
prediction_position_error_mm,29.60587665438652,29600000
prediction_orientation_error_deg,0,29600000
prediction_position_error_mm,33.31722691655159,29700000
prediction_orientation_error_deg,0,29700000
owd_uplink_ms,0.5392,29800000
owd_downlink_ms,0.6254,29800000
correction_magnitude_mm,33.313680440187454,29699960
correction_magnitude_deg,0,29699960
owd_uplink_ms,0.0052,29800000
owd_downlink_ms,0.004,29800000
correction_magnitude_mm,26.02340653538704,29799960
correction_magnitude_deg,0,29799960
prediction_position_error_mm,18.219219520688057,29800000
prediction_orientation_error_deg,0,29800000
owd_uplink_ms,1.947,29900000
owd_downlink_ms,0.004,29900000
correction_magnitude_mm,20.131954923272133,29899960
correction_magnitude_deg,0,29899960
prediction_position_error_mm,14.094955287873745,29900000
prediction_orientation_error_deg,0,29900000
owd_uplink_ms,1.4846,30000000
owd_downlink_ms,0.004,30000000
correction_magnitude_mm,10.243342258036137,29999960
correction_magnitude_deg,0,29999960
owd_uplink_ms,-0.0032,30000000
owd_downlink_ms,0.0032,30000000
correction_magnitude_mm,7.170827593654394,29999968
correction_magnitude_deg,0,29999968
prediction_position_error_mm,4.987580701708794,30000000
prediction_orientation_error_deg,0,30000000
prediction_position_error_mm,100.12413561344147,30100000
prediction_orientation_error_deg,0,30100000
owd_uplink_ms,-0.0032,30200000
owd_downlink_ms,2.135,30200000
correction_magnitude_mm,100.09212046861649,30099968
correction_magnitude_deg,0,30099968
owd_uplink_ms,-0.0025,30200000
owd_downlink_ms,0.0025,30200000
correction_magnitude_mm,172.18603193759918,30199975
correction_magnitude_deg,0,30199975
prediction_position_error_mm,120.55318057537079,30200000
prediction_orientation_error_deg,0,30200000
prediction_position_error_mm,217.50837564468384,30300000
prediction_orientation_error_deg,0,30300000
owd_uplink_ms,-0.0025,30400000
owd_downlink_ms,4.8389,30400000
correction_magnitude_mm,217.4854576587677,30299975
correction_magnitude_deg,0,30299975
owd_uplink_ms,-0.002,30400000
owd_downlink_ms,0.002,30400000
correction_magnitude_mm,242.67986416816711,30399980
correction_magnitude_deg,0,30399980
prediction_position_error_mm,169.89150643348694,30400000
prediction_orientation_error_deg,0,30400000
prediction_position_error_mm,247.9143887758255,30500000
prediction_orientation_error_deg,0,30500000
owd_uplink_ms,4.6762,30600000
owd_downlink_ms,0.002,30600000
correction_magnitude_mm,331.058531999588,30599980
correction_magnitude_deg,0,30599980
prediction_position_error_mm,231.7555844783783,30600000
prediction_orientation_error_deg,0,30600000
owd_uplink_ms,3.8976,30700000
owd_downlink_ms,0.002,30700000
correction_magnitude_mm,315.0867223739624,30699980
correction_magnitude_deg,0,30699980
prediction_position_error_mm,220.57342529296875,30700000
prediction_orientation_error_deg,0,30700000
owd_uplink_ms,-0.002,30800000
owd_downlink_ms,0.9714,30800000
prediction_position_error_mm,289.32633996009827,30800000
prediction_orientation_error_deg,0,30800000
owd_uplink_ms,-0.002,30900000
owd_downlink_ms,2.2313,30900000
correction_magnitude_mm,289.3136441707611,30799980
correction_magnitude_deg,0,30799980
prediction_position_error_mm,262.60673999786377,30900000
prediction_orientation_error_deg,0,30900000
owd_uplink_ms,-0.002,31000000
owd_downlink_ms,3.3945,31000000
correction_magnitude_mm,262.5957727432251,30899980
correction_magnitude_deg,0,30899980
prediction_position_error_mm,236.02697253227234,31000000
prediction_orientation_error_deg,0,31000000
owd_uplink_ms,-0.002,31100000
owd_downlink_ms,5.4407,31100000
correction_magnitude_mm,236.01755499839783,30999980
correction_magnitude_deg,0,30999980
prediction_position_error_mm,205.1876187324524,31100000
prediction_orientation_error_deg,0,31100000
owd_uplink_ms,2.5705,31200000
owd_downlink_ms,0.002,31200000
correction_magnitude_mm,255.45671582221985,31199980
correction_magnitude_deg,0,31199980
prediction_position_error_mm,178.8269281387329,31200000
prediction_orientation_error_deg,0,31200000
owd_uplink_ms,-0.002,31300000
owd_downlink_ms,3.0083,31300000
prediction_position_error_mm,214.96281027793884,31300000
prediction_orientation_error_deg,0,31300000
prediction_position_error_mm,256.2541663646698,31400000
prediction_orientation_error_deg,0,31400000
owd_uplink_ms,0.64,31500000
owd_downlink_ms,4.95,31500000
correction_magnitude_mm,256.2469244003296,31399980
correction_magnitude_deg,0,31399980
prediction_position_error_mm,216.82719886302948,31500000
prediction_orientation_error_deg,0,31500000
owd_uplink_ms,4.1235,31600000
owd_downlink_ms,4.7555,31600000
correction_magnitude_mm,216.82073175907135,31499980
correction_magnitude_deg,0,31499980
owd_uplink_ms,1.4852,31600000
owd_downlink_ms,0.002,31600000
correction_magnitude_mm,182.71750211715698,31599980
correction_magnitude_deg,0,31599980
prediction_position_error_mm,127.90630757808685,31600000
prediction_orientation_error_deg,0,31600000
prediction_position_error_mm,158.52394700050354,31700000
prediction_orientation_error_deg,0,31700000
owd_uplink_ms,2.3857,31800000
owd_downlink_ms,0.6357,31800000
correction_magnitude_mm,158.51990878582,31699980
correction_magnitude_deg,0,31699980
owd_uplink_ms,-0.002,31800000
owd_downlink_ms,1.2829,31800000
prediction_position_error_mm,126.51549279689789,31800000
prediction_orientation_error_deg,0,31800000
owd_uplink_ms,5.7265,31900000
owd_downlink_ms,0.002,31900000
correction_magnitude_mm,152.3648351430893,31899980
correction_magnitude_deg,0,31899980
prediction_position_error_mm,106.65803402662277,31900000
prediction_orientation_error_deg,0,31900000
owd_uplink_ms,-0.002,32000000
owd_downlink_ms,2.9134,32000000
prediction_position_error_mm,119.92325633764267,32000000
prediction_orientation_error_deg,0,32000000
prediction_position_error_mm,138.33443820476532,32100000
prediction_orientation_error_deg,0,32100000
owd_uplink_ms,1.414,32200000
owd_downlink_ms,3.0802,32200000
correction_magnitude_mm,138.33177089691162,32099980
correction_magnitude_deg,0,32099980
owd_uplink_ms,1.7209,32200000
owd_downlink_ms,0.002,32200000
correction_magnitude_mm,113.16511034965515,32199980
correction_magnitude_deg,0,32199980
prediction_position_error_mm,79.21712100505829,32200000
prediction_orientation_error_deg,0,32200000
prediction_position_error_mm,92.1512097120285,32300000
prediction_orientation_error_deg,0,32300000
owd_uplink_ms,4.522,32400000
owd_downlink_ms,2.299,32400000
correction_magnitude_mm,92.14963763952255,32299980
correction_magnitude_deg,0,32299980
owd_uplink_ms,4.9508,32400000
owd_downlink_ms,0.002,32400000
correction_magnitude_mm,79.80342209339142,32399980
correction_magnitude_deg,0,32399980
owd_uplink_ms,-0.0016,32400000
owd_downlink_ms,0.0016,32400000
correction_magnitude_mm,55.86249381303787,32399984
correction_magnitude_deg,0,32399984
prediction_position_error_mm,39.087746292352676,32400000
prediction_orientation_error_deg,0,32400000
prediction_position_error_mm,60.912251472473145,32500000
prediction_orientation_error_deg,0,32500000
prediction_position_error_mm,155.78056871891022,32600000
prediction_orientation_error_deg,0,32600000
owd_uplink_ms,2.6459,32700000
owd_downlink_ms,0.8908,32700000
correction_magnitude_mm,155.76456487178802,32599984
correction_magnitude_deg,0,32599984
prediction_position_error_mm,196.47908210754395,32700000
prediction_orientation_error_deg,0,32700000
owd_uplink_ms,4.8339,32800000
owd_downlink_ms,1.0625,32800000
correction_magnitude_mm,196.463480591774,32699984
correction_magnitude_deg,0,32699984
owd_uplink_ms,-0.0016,32800000
owd_downlink_ms,1.6018,32800000
prediction_position_error_mm,229.30344939231873,32800000
prediction_orientation_error_deg,0,32800000
prediction_position_error_mm,315.9625828266144,32900000
prediction_orientation_error_deg,0,32900000
owd_uplink_ms,1.0783,33000000
owd_downlink_ms,5.9723,33000000
correction_magnitude_mm,315.94792008399963,32899984
correction_magnitude_deg,0,32899984
prediction_position_error_mm,303.1049370765686,33000000
prediction_orientation_error_deg,0,33000000
owd_uplink_ms,0.7379,33100000
owd_downlink_ms,2.662,33100000
correction_magnitude_mm,303.09101939201355,32999984
correction_magnitude_deg,0,32999984
prediction_position_error_mm,285.0188612937927,33100000
prediction_orientation_error_deg,0,33100000
owd_uplink_ms,0.3769,33200000
owd_downlink_ms,3.6292,33200000
correction_magnitude_mm,285.0063741207123,33099984
correction_magnitude_deg,0,33099984
prediction_position_error_mm,258.74534249305725,33200000
prediction_orientation_error_deg,0,33200000
owd_uplink_ms,2.6236,33300000
owd_downlink_ms,3.8579,33300000
correction_magnitude_mm,258.734256029129,33199984
correction_magnitude_deg,0,33199984
owd_uplink_ms,-0.0016,33300000
owd_downlink_ms,3.883,33300000
prediction_position_error_mm,242.74368584156036,33300000
prediction_orientation_error_deg,0,33300000
prediction_position_error_mm,294.2478656768799,33400000
prediction_orientation_error_deg,0,33400000
owd_uplink_ms,-0.0016,33500000
owd_downlink_ms,3.9962,33500000
correction_magnitude_mm,294.23800110816956,33399984
correction_magnitude_deg,0,33399984
owd_uplink_ms,0.8592,33500000
owd_downlink_ms,5.3176,33500000
prediction_position_error_mm,263.1831467151642,33500000
prediction_orientation_error_deg,0,33500000
prediction_position_error_mm,315.34719467163086,33600000
prediction_orientation_error_deg,0,33600000
owd_uplink_ms,3.1605,33700000
owd_downlink_ms,2.5272,33700000
correction_magnitude_mm,315.3380751609802,33599984
correction_magnitude_deg,0,33599984
owd_uplink_ms,2.0661,33700000
owd_downlink_ms,0.0016,33700000
correction_magnitude_mm,263.160765171051,33699984
correction_magnitude_deg,0,33699984
prediction_position_error_mm,184.21965837478638,33700000
prediction_orientation_error_deg,0,33700000
owd_uplink_ms,-0.0016,33800000
owd_downlink_ms,4.0535,33800000
prediction_position_error_mm,228.80271077156067,33800000
prediction_orientation_error_deg,0,33800000
owd_uplink_ms,-0.0012,33900000
owd_downlink_ms,0.0012,33900000
correction_magnitude_mm,263.37334513664246,33899988
correction_magnitude_deg,0,33899988
prediction_position_error_mm,184.36621129512787,33900000
prediction_orientation_error_deg,0,33900000
owd_uplink_ms,4.2221,34000000
owd_downlink_ms,4.8581,34000000
prediction_position_error_mm,224.99977052211761,34000000
prediction_orientation_error_deg,0,34000000
prediction_position_error_mm,260.64807176589966,34100000
prediction_orientation_error_deg,0,34100000
owd_uplink_ms,0.3741,34200000
owd_downlink_ms,5.5256,34200000
correction_magnitude_mm,260.6431841850281,34099988
correction_magnitude_deg,0,34099988
prediction_position_error_mm,209.24891531467438,34200000
prediction_orientation_error_deg,0,34200000
owd_uplink_ms,0.4565,34300000
owd_downlink_ms,1.1413,34300000
correction_magnitude_mm,209.2444896697998,34199988
correction_magnitude_deg,0,34199988
owd_uplink_ms,-0.0012,34300000
owd_downlink_ms,4.4581,34300000
prediction_position_error_mm,176.9220381975174,34300000
prediction_orientation_error_deg,0,34300000
owd_uplink_ms,4.3529,34400000
owd_downlink_ms,0.0012,34400000
correction_magnitude_mm,197.49164581298828,34399988
correction_magnitude_deg,0,34399988
owd_uplink_ms,-0.0009,34400000
owd_downlink_ms,0.0009,34400000
correction_magnitude_mm,138.24498653411865,34399991
correction_magnitude_deg,0,34399991
prediction_position_error_mm,96.76247835159302,34400000
prediction_orientation_error_deg,0,34400000
prediction_position_error_mm,3.237535711377859,34500000
prediction_orientation_error_deg,0,34500000
owd_uplink_ms,4.7967,34600000
owd_downlink_ms,0.0009,34600000
correction_magnitude_mm,113.0511537194252,34599991
correction_magnitude_deg,0,34599991
prediction_position_error_mm,79.14465665817261,34600000
prediction_orientation_error_deg,0,34600000
owd_uplink_ms,-0.0009,34700000
owd_downlink_ms,1.4451,34700000
prediction_position_error_mm,182.3316514492035,34700000
prediction_orientation_error_deg,0,34700000
owd_uplink_ms,-0.0009,34800000
owd_downlink_ms,5.2377,34800000
correction_magnitude_mm,182.32280015945435,34699991
correction_magnitude_deg,0,34699991
prediction_position_error_mm,220.46545147895813,34800000
prediction_orientation_error_deg,0,34800000
owd_uplink_ms,1.706,34900000
owd_downlink_ms,0.0009,34900000
correction_magnitude_mm,323.0115473270416,34899991
correction_magnitude_deg,0,34899991
prediction_position_error_mm,226.11597180366516,34900000
prediction_orientation_error_deg,0,34900000
owd_uplink_ms,-0.0009,35000000
owd_downlink_ms,0.8034,35000000
owd_uplink_ms,-0.0007,35000000
owd_downlink_ms,0.0007,35000000
correction_magnitude_mm,318.9311623573303,34999993
correction_magnitude_deg,0,34999993
prediction_position_error_mm,223.25730323791504,35000000
prediction_orientation_error_deg,0,35000000
prediction_position_error_mm,301.67657136917114,35100000
prediction_orientation_error_deg,0,35100000
prediction_position_error_mm,389.7092640399933,35200000
prediction_orientation_error_deg,0,35200000
owd_uplink_ms,-0.0007,35300000
owd_downlink_ms,1.2876,35300000
correction_magnitude_mm,389.70375061035156,35199993
correction_magnitude_deg,0,35199993
owd_uplink_ms,4.7688,35300000
owd_downlink_ms,5.6987,35300000
prediction_position_error_mm,350.149542093277,35300000
prediction_orientation_error_deg,0,35300000
owd_uplink_ms,-0.0007,35400000
owd_downlink_ms,0.4762,35400000
correction_magnitude_mm,350.1444458961487,35299993
correction_magnitude_deg,0,35299993
prediction_position_error_mm,311.9332790374756,35400000
prediction_orientation_error_deg,0,35400000
owd_uplink_ms,-0.0007,35500000
owd_downlink_ms,0.3352,35500000
correction_magnitude_mm,311.928927898407,35399993
correction_magnitude_deg,0,35399993
prediction_position_error_mm,271.066278219223,35500000
prediction_orientation_error_deg,0,35500000
prediction_position_error_mm,328.51606607437134,35600000
prediction_orientation_error_deg,0,35600000
owd_uplink_ms,1.0106,35700000
owd_downlink_ms,1.511,35700000
correction_magnitude_mm,328.51237058639526,35599993
correction_magnitude_deg,0,35599993
owd_uplink_ms,4.5047,35700000
owd_downlink_ms,0.0007,35700000
correction_magnitude_mm,282.46015310287476,35699993
correction_magnitude_deg,0,35699993
prediction_position_error_mm,197.724848985672,35700000
prediction_orientation_error_deg,0,35700000
owd_uplink_ms,1.4056,35800000
owd_downlink_ms,0.0007,35800000
correction_magnitude_mm,241.7287677526474,35799993
correction_magnitude_deg,0,35799993
prediction_position_error_mm,169.21237111091614,35800000
prediction_orientation_error_deg,0,35800000
owd_uplink_ms,-0.0005,35900000
owd_downlink_ms,0.0005,35900000
correction_magnitude_mm,210.59726178646088,35899995
correction_magnitude_deg,0,35899995
prediction_position_error_mm,147.41936326026917,35900000
prediction_orientation_error_deg,0,35900000
owd_uplink_ms,1.343,36000000
owd_downlink_ms,3.6283,36000000
prediction_position_error_mm,173.16018044948578,36000000
prediction_orientation_error_deg,0,36000000
owd_uplink_ms,2.5414,36100000
owd_downlink_ms,0.0005,36100000
correction_magnitude_mm,208.13702046871185,36099995
correction_magnitude_deg,0,36099995
owd_uplink_ms,-0.0004,36100000
owd_downlink_ms,0.0004,36100000
correction_magnitude_mm,145.69613337516785,36099996
correction_magnitude_deg,0,36099996
prediction_position_error_mm,101.98327153921127,36100000
prediction_orientation_error_deg,0,36100000
prediction_position_error_mm,1.983271213248372,36200000
prediction_orientation_error_deg,0,36200000
prediction_position_error_mm,93.43437850475311,36300000
prediction_orientation_error_deg,0,36300000
owd_uplink_ms,0.4308,36400000
owd_downlink_ms,2.2881,36400000
correction_magnitude_mm,93.43035519123077,36299996
correction_magnitude_deg,0,36299996
prediction_position_error_mm,159.44507718086243,36400000
prediction_orientation_error_deg,0,36400000
owd_uplink_ms,1.8876,36500000
owd_downlink_ms,4.539,36500000
correction_magnitude_mm,159.44111347198486,36399996
correction_magnitude_deg,0,36399996
owd_uplink_ms,0.1669,36500000
owd_downlink_ms,0.0004,36500000
correction_magnitude_mm,200.8896917104721,36499996
correction_magnitude_deg,0,36499996
prediction_position_error_mm,140.62629640102386,36500000
prediction_orientation_error_deg,0,36500000
prediction_position_error_mm,223.90514612197876,36600000
prediction_orientation_error_deg,0,36600000
owd_uplink_ms,5.0544,36700000
owd_downlink_ms,2.3533,36700000
correction_magnitude_mm,223.90159964561462,36599996
correction_magnitude_deg,0,36599996
owd_uplink_ms,-0.0003,36700000
owd_downlink_ms,0.0003,36700000
correction_magnitude_mm,228.86301577091217,36699997
correction_magnitude_deg,0,36699997
prediction_position_error_mm,160.20631790161133,36700000
prediction_orientation_error_deg,0,36700000
owd_uplink_ms,1.8627,36800000
owd_downlink_ms,5.2816,36800000
prediction_position_error_mm,234.4091683626175,36800000
prediction_orientation_error_deg,0,36800000
owd_uplink_ms,2.7634,36900000
owd_downlink_ms,0.0003,36900000
correction_magnitude_mm,304.1796386241913,36899997
correction_magnitude_deg,0,36899997
prediction_position_error_mm,212.92784810066223,36900000
prediction_orientation_error_deg,0,36900000
prediction_position_error_mm,278.16423773765564,37000000
prediction_orientation_error_deg,0,37000000
owd_uplink_ms,0.5308,37100000
owd_downlink_ms,1.4483,37100000
correction_magnitude_mm,278.1621515750885,36999997
correction_magnitude_deg,0,36999997
prediction_position_error_mm,247.2837269306183,37100000
prediction_orientation_error_deg,0,37100000
owd_uplink_ms,-0.0003,37200000
owd_downlink_ms,4.7923,37200000
correction_magnitude_mm,247.28186428546906,37099997
correction_magnitude_deg,0,37099997
owd_uplink_ms,1.9385,37200000
owd_downlink_ms,5.6507,37200000
owd_uplink_ms,-0.0002,37200000
owd_downlink_ms,0.0002,37200000
correction_magnitude_mm,222.65256941318512,37199998
correction_magnitude_deg,0,37199998
prediction_position_error_mm,155.85774183273315,37200000
prediction_orientation_error_deg,0,37200000
prediction_position_error_mm,203.0564397573471,37300000
prediction_orientation_error_deg,0,37300000
prediction_position_error_mm,245.96011638641357,37400000
prediction_orientation_error_deg,0,37400000
owd_uplink_ms,5.5342,37500000
owd_downlink_ms,0.8079,37500000
correction_magnitude_mm,245.95914781093597,37399998
correction_magnitude_deg,0,37399998
owd_uplink_ms,3.0649,37500000
owd_downlink_ms,0.0002,37500000
correction_magnitude_mm,211.41430735588074,37499998
correction_magnitude_deg,0,37499998
prediction_position_error_mm,147.99074828624725,37500000
prediction_orientation_error_deg,0,37500000
owd_uplink_ms,0.7351,37600000
owd_downlink_ms,0.0002,37600000
correction_magnitude_mm,180.91942369937897,37599998
correction_magnitude_deg,0,37599998
prediction_position_error_mm,126.64419412612915,37600000
prediction_orientation_error_deg,0,37600000
prediction_position_error_mm,154.1755348443985,37700000
prediction_orientation_error_deg,0,37700000
owd_uplink_ms,5.2874,37800000
owd_downlink_ms,1.1738,37800000
correction_magnitude_mm,154.17486429214478,37699998
correction_magnitude_deg,0,37699998
owd_uplink_ms,1.8853,37800000
owd_downlink_ms,0.0002,37800000
correction_magnitude_mm,130.85834681987762,37799998
correction_magnitude_deg,0,37799998
prediction_position_error_mm,91.60128980875015,37800000
prediction_orientation_error_deg,0,37800000
owd_uplink_ms,2.7723,37900000
owd_downlink_ms,0.0002,37900000
correction_magnitude_mm,110.6412410736084,37899998
correction_magnitude_deg,0,37899998
prediction_position_error_mm,77.449269592762,37900000
prediction_orientation_error_deg,0,37900000
prediction_position_error_mm,93.2011529803276,38000000
prediction_orientation_error_deg,0,38000000
owd_uplink_ms,5.9141,38100000
owd_downlink_ms,1.6386,38100000
correction_magnitude_mm,93.20076555013657,37999998
correction_magnitude_deg,0,37999998
owd_uplink_ms,3.7474,38100000
owd_downlink_ms,0.0002,38100000
correction_magnitude_mm,78.2274529337883,38099998
correction_magnitude_deg,0,38099998
prediction_position_error_mm,54.75953221321106,38100000
prediction_orientation_error_deg,0,38100000
owd_uplink_ms,3.0944,38200000
owd_downlink_ms,0.0002,38200000
correction_magnitude_mm,65.43084979057312,38199998
correction_magnitude_deg,0,38199998
prediction_position_error_mm,45.80184072256088,38200000
prediction_orientation_error_deg,0,38200000
owd_uplink_ms,1.3844,38300000
owd_downlink_ms,0.0002,38300000
correction_magnitude_mm,50.55176466703415,38299998
correction_magnitude_deg,0,38299998
owd_uplink_ms,-0.0001,38300000
owd_downlink_ms,0.0001,38300000
correction_magnitude_mm,35.38636118173599,38299999
correction_magnitude_deg,0,38299999
prediction_position_error_mm,24.76944774389267,38300000
prediction_orientation_error_deg,0,38300000
prediction_position_error_mm,75.23055374622345,38400000
prediction_orientation_error_deg,0,38400000
owd_uplink_ms,1.472,38500000
owd_downlink_ms,0.0001,38500000
correction_magnitude_mm,179.18555438518524,38499999
correction_magnitude_deg,0,38499999
prediction_position_error_mm,125.43085217475891,38500000
prediction_orientation_error_deg,0,38500000
owd_uplink_ms,0.3485,38600000
owd_downlink_ms,0.0001,38600000
correction_magnitude_mm,226.66552662849426,38599999
correction_magnitude_deg,0,38599999
prediction_position_error_mm,158.66677463054657,38600000
prediction_orientation_error_deg,0,38600000
prediction_position_error_mm,253.06907296180725,38700000
prediction_orientation_error_deg,0,38700000
owd_uplink_ms,1.3211,38800000
owd_downlink_ms,1.1982,38800000
correction_magnitude_mm,253.06814908981323,38699999
correction_magnitude_deg,0,38699999
prediction_position_error_mm,263.9250159263611,38800000
prediction_orientation_error_deg,0,38800000
owd_uplink_ms,4.8616,38900000
owd_downlink_ms,3.5591,38900000
correction_magnitude_mm,263.9242112636566,38799999
correction_magnitude_deg,0,38799999
prediction_position_error_mm,267.36125349998474,38900000
prediction_orientation_error_deg,0,38900000
owd_uplink_ms,-0.0001,39000000
owd_downlink_ms,1.2325,39000000
correction_magnitude_mm,267.36047863960266,38899999
correction_magnitude_deg,0,38899999
owd_uplink_ms,1.3923,39000000
owd_downlink_ms,3.3735,39000000
prediction_position_error_mm,254.133403301239,39000000
prediction_orientation_error_deg,0,39000000
prediction_position_error_mm,324.8676359653473,39100000
prediction_orientation_error_deg,0,39100000
owd_uplink_ms,4.6784,39200000
owd_downlink_ms,2.4523,39200000
correction_magnitude_mm,324.86698031425476,39099999
correction_magnitude_deg,0,39099999
owd_uplink_ms,0.9788,39200000
owd_downlink_ms,0.0001,39200000
correction_magnitude_mm,296.9156801700592,39199999
correction_magnitude_deg,0,39199999
prediction_position_error_mm,207.84153044223785,39200000
prediction_orientation_error_deg,0,39200000
owd_uplink_ms,-0.0001,39300000
owd_downlink_ms,1.1205,39300000
prediction_position_error_mm,261.04170083999634,39300000
prediction_orientation_error_deg,0,39300000
prediction_position_error_mm,317.8884983062744,39400000
prediction_orientation_error_deg,0,39400000
owd_uplink_ms,4.9714,39500000
owd_downlink_ms,1.9977,39500000
correction_magnitude_mm,317.88796186447144,39399999
correction_magnitude_deg,0,39399999
owd_uplink_ms,0,39500000
owd_downlink_ms,0,39500000
correction_magnitude_mm,278.13756465911865,39500000
correction_magnitude_deg,0,39500000
prediction_position_error_mm,194.696307182312,39500000
prediction_orientation_error_deg,0,39500000
owd_uplink_ms,5.2024,39600000
owd_downlink_ms,3.3092,39600000
prediction_position_error_mm,234.78436470031738,39600000
prediction_orientation_error_deg,0,39600000
prediction_position_error_mm,281.90720081329346,39700000
prediction_orientation_error_deg,0,39700000
owd_uplink_ms,0,39800000
owd_downlink_ms,2.2873,39800000
correction_magnitude_mm,281.90720081329346,39700000
correction_magnitude_deg,0,39700000
owd_uplink_ms,5.3279,39800000
owd_downlink_ms,4.6361,39800000
owd_uplink_ms,0,39800000
owd_downlink_ms,0,39800000
correction_magnitude_mm,236.6553694009781,39800000
correction_magnitude_deg,0,39800000
prediction_position_error_mm,165.65874218940735,39800000
prediction_orientation_error_deg,0,39800000
prediction_position_error_mm,194.4190412759781,39900000
prediction_orientation_error_deg,0,39900000
prediction_position_error_mm,226.6017347574234,40000000
prediction_orientation_error_deg,0,40000000
owd_uplink_ms,3.986,40100000
owd_downlink_ms,1.2847,40100000
correction_magnitude_mm,226.6017347574234,40000000
correction_magnitude_deg,0,40000000
owd_uplink_ms,2.1305,40100000
owd_downlink_ms,0,40100000
correction_magnitude_mm,187.36638128757477,40100000
correction_magnitude_deg,0,40100000
prediction_position_error_mm,131.15645945072174,40100000
prediction_orientation_error_deg,0,40100000
prediction_position_error_mm,157.5477123260498,40200000
prediction_orientation_error_deg,0,40200000
owd_uplink_ms,0.6333,40300000
owd_downlink_ms,0.212,40300000
correction_magnitude_mm,157.5477123260498,40200000
correction_magnitude_deg,0,40200000
owd_uplink_ms,0,40300000
owd_downlink_ms,5.9322,40300000
prediction_position_error_mm,125.29760599136353,40300000
prediction_orientation_error_deg,0,40300000
owd_uplink_ms,5.521,40400000
owd_downlink_ms,0,40400000
correction_magnitude_mm,146.8043327331543,40400000
correction_magnitude_deg,0,40400000
prediction_position_error_mm,102.76301205158234,40400000
prediction_orientation_error_deg,0,40400000
owd_uplink_ms,0,40500000
owd_downlink_ms,4.4755,40500000
prediction_position_error_mm,115.5756488442421,40500000
prediction_orientation_error_deg,0,40500000
prediction_position_error_mm,131.57431781291962,40600000
prediction_orientation_error_deg,0,40600000
owd_uplink_ms,0.0796,40700000
owd_downlink_ms,2.7156,40700000
correction_magnitude_mm,131.57431781291962,40600000
correction_magnitude_deg,0,40600000
owd_uplink_ms,3.3871,40700000
owd_downlink_ms,0,40700000
correction_magnitude_mm,109.19126868247986,40700000
correction_magnitude_deg,0,40700000
prediction_position_error_mm,76.43390446901321,40700000
prediction_orientation_error_deg,0,40700000
owd_uplink_ms,0,40800000
owd_downlink_ms,1.5753,40800000
prediction_position_error_mm,83.99783074855804,40800000
prediction_orientation_error_deg,0,40800000
owd_uplink_ms,2.3005,40900000
owd_downlink_ms,0,40900000
correction_magnitude_mm,97.64692932367325,40900000
correction_magnitude_deg,0,40900000
owd_uplink_ms,0,40900000
owd_downlink_ms,0,40900000
prediction_position_error_mm,68.3528482913971,40900000
prediction_orientation_error_deg,0,40900000
prediction_position_error_mm,74.45281744003296,41000000
prediction_orientation_error_deg,0,41000000
owd_uplink_ms,5.1647,41100000
owd_downlink_ms,0,41100000
correction_magnitude_mm,86.47043257951736,41100000
correction_magnitude_deg,0,41100000
prediction_position_error_mm,60.52929535508156,41100000
prediction_orientation_error_deg,0,41100000
owd_uplink_ms,0,41200000
owd_downlink_ms,1.0939,41200000
prediction_position_error_mm,65.33300131559372,41200000
prediction_orientation_error_deg,0,41200000
prediction_position_error_mm,73.03208112716675,41300000
prediction_orientation_error_deg,0,41300000
owd_uplink_ms,1.1363,41400000
owd_downlink_ms,5.1137,41400000
correction_magnitude_mm,73.03208112716675,41300000
correction_magnitude_deg,0,41300000
owd_uplink_ms,0.2775,41400000
owd_downlink_ms,0,41400000
correction_magnitude_mm,57.68371745944023,41400000
correction_magnitude_deg,0,41400000
prediction_position_error_mm,40.378596633672714,41400000
prediction_orientation_error_deg,0,41400000
prediction_position_error_mm,47.93320223689079,41500000
prediction_orientation_error_deg,0,41500000
owd_uplink_ms,4.8038,41600000
owd_downlink_ms,2.095,41600000
correction_magnitude_mm,47.93320223689079,41500000
correction_magnitude_deg,0,41500000
owd_uplink_ms,0,41600000
owd_downlink_ms,4.064,41600000
prediction_position_error_mm,34.094568341970444,41600000
prediction_orientation_error_deg,0,41600000
owd_uplink_ms,3.2651,41700000
owd_downlink_ms,0,41700000
correction_magnitude_mm,40.03746062517166,41700000
correction_magnitude_deg,0,41700000
prediction_position_error_mm,28.026247397065163,41700000
prediction_orientation_error_deg,0,41700000
owd_uplink_ms,0,41800000
owd_downlink_ms,1.2829,41800000
prediction_position_error_mm,27.96894684433937,41800000
prediction_orientation_error_deg,0,41800000
prediction_position_error_mm,30.54625354707241,41900000
prediction_orientation_error_deg,0,41900000
owd_uplink_ms,5.9891,42000000
owd_downlink_ms,2.9532,42000000
correction_magnitude_mm,30.54625354707241,41900000
correction_magnitude_deg,0,41900000
prediction_position_error_mm,23.457836359739304,42000000
prediction_orientation_error_deg,0,42000000
owd_uplink_ms,1.7962,42100000
owd_downlink_ms,2.1639,42100000
correction_magnitude_mm,23.457836359739304,42000000
correction_magnitude_deg,0,42000000
prediction_position_error_mm,20.247938111424446,42100000
prediction_orientation_error_deg,0,42100000
owd_uplink_ms,0,42200000
owd_downlink_ms,0.8161,42200000
correction_magnitude_mm,20.247938111424446,42100000
correction_magnitude_deg,0,42100000
owd_uplink_ms,5.1707,42200000
owd_downlink_ms,3.6885,42200000
prediction_position_error_mm,14.804601669311523,42200000
prediction_orientation_error_deg,0,42200000
owd_uplink_ms,0,42300000
owd_downlink_ms,4.2441,42300000
correction_magnitude_mm,14.804601669311523,42200000
correction_magnitude_deg,0,42200000
prediction_position_error_mm,8.102583698928356,42300000
prediction_orientation_error_deg,0,42300000
owd_uplink_ms,3.2873,42400000
owd_downlink_ms,0,42400000
correction_magnitude_mm,8.250384591519833,42400000
correction_magnitude_deg,0,42400000
prediction_position_error_mm,5.77528215944767,42400000
prediction_orientation_error_deg,0,42400000
prediction_position_error_mm,5.756963510066271,42500000
prediction_orientation_error_deg,0,42500000
owd_uplink_ms,1.3256,42600000
owd_downlink_ms,4.2148,42600000
correction_magnitude_mm,5.756963510066271,42500000
correction_magnitude_deg,0,42500000
owd_uplink_ms,0,42600000
owd_downlink_ms,0,42600000
correction_magnitude_mm,6.053626071661711,42600000
correction_magnitude_deg,0,42600000
prediction_position_error_mm,4.237542860209942,42600000
prediction_orientation_error_deg,0,42600000
owd_uplink_ms,3.0123,42700000
owd_downlink_ms,5.0493,42700000
owd_uplink_ms,0,42700000
owd_downlink_ms,0,42700000
prediction_position_error_mm,2.6110804174095392,42700000
prediction_orientation_error_deg,0,42700000
prediction_position_error_mm,0.5635136039927602,42800000
prediction_orientation_error_deg,0,42800000
owd_uplink_ms,0,42900000
owd_downlink_ms,0,42900000
prediction_position_error_mm,0.9139816393144429,42900000
prediction_orientation_error_deg,0,42900000
owd_uplink_ms,2.5688,43000000
owd_downlink_ms,1.3052,43000000
prediction_position_error_mm,2.1235656458884478,43000000
prediction_orientation_error_deg,0,43000000
prediction_position_error_mm,2.918747253715992,43100000
prediction_orientation_error_deg,0,43100000
owd_uplink_ms,0.5378,43200000
owd_downlink_ms,5.4528,43200000
owd_uplink_ms,4.6694,43200000
owd_downlink_ms,0,43200000
prediction_position_error_mm,1.9908836111426353,43200000
prediction_orientation_error_deg,0,43200000
owd_uplink_ms,0,43300000
owd_downlink_ms,0,43300000
prediction_position_error_mm,0.6320396205410361,43300000
prediction_orientation_error_deg,0,43300000
owd_uplink_ms,2.7423,43400000
owd_downlink_ms,3.7004,43400000
prediction_position_error_mm,3.296838840469718,43400000
prediction_orientation_error_deg,0,43400000
owd_uplink_ms,4.9374,43500000
owd_downlink_ms,0,43500000
prediction_position_error_mm,2.8943654615432024,43500000
prediction_orientation_error_deg,0,43500000
owd_uplink_ms,2.8703,43600000
owd_downlink_ms,0,43600000
prediction_position_error_mm,2.6032389141619205,43600000
prediction_orientation_error_deg,0,43600000
prediction_position_error_mm,3.364945761859417,43700000
prediction_orientation_error_deg,0,43700000
owd_uplink_ms,4.9056,43800000
owd_downlink_ms,3.0529,43800000
owd_uplink_ms,0.0277,43800000
owd_downlink_ms,0,43800000
prediction_position_error_mm,2.14562495239079,43800000
prediction_orientation_error_deg,0,43800000
prediction_position_error_mm,2.8124810196459293,43900000
prediction_orientation_error_deg,0,43900000
owd_uplink_ms,2.9492,44000000
owd_downlink_ms,5.5813,44000000
owd_uplink_ms,3.2017,44000000
owd_downlink_ms,0,44000000
prediction_position_error_mm,1.8203932559117675,44000000
prediction_orientation_error_deg,0,44000000
prediction_position_error_mm,2.4236387107521296,44100000
prediction_orientation_error_deg,0,44100000
owd_uplink_ms,1.7186,44200000
owd_downlink_ms,0.4139,44200000
prediction_position_error_mm,2.2766785696148872,44200000
prediction_orientation_error_deg,0,44200000
owd_uplink_ms,2.5778,44300000
owd_downlink_ms,1.1497,44300000
prediction_position_error_mm,2.155297202989459,44300000
prediction_orientation_error_deg,0,44300000
owd_uplink_ms,2.3203,44400000
owd_downlink_ms,2.9754,44400000
prediction_position_error_mm,2.055552089586854,44400000
prediction_orientation_error_deg,0,44400000
owd_uplink_ms,5.3458,44500000
owd_downlink_ms,5.817,44500000
prediction_position_error_mm,0.701491953805089,44500000
prediction_orientation_error_deg,0,44500000
owd_uplink_ms,0,44600000
owd_downlink_ms,4.137,44600000
owd_uplink_ms,1.3527,44600000
owd_downlink_ms,5.5755,44600000
owd_uplink_ms,0,44600000
owd_downlink_ms,0,44600000
prediction_position_error_mm,0.7568469154648483,44600000
prediction_orientation_error_deg,0,44600000
prediction_position_error_mm,1.3850994873791933,44700000
prediction_orientation_error_deg,0,44700000
owd_uplink_ms,0,44800000
owd_downlink_ms,0.5373,44800000
prediction_position_error_mm,2.805336145684123,44800000
prediction_orientation_error_deg,0,44800000
prediction_position_error_mm,2.30609648860991,44900000
prediction_orientation_error_deg,0,44900000
owd_uplink_ms,0,45000000
owd_downlink_ms,0.1785,45000000
owd_uplink_ms,0.0021,45000000
owd_downlink_ms,5.9437,45000000
prediction_position_error_mm,3.420881927013397,45000000
prediction_orientation_error_deg,0,45000000
owd_uplink_ms,0,45100000
owd_downlink_ms,0,45100000
prediction_position_error_mm,2.1613826975226402,45100000
prediction_orientation_error_deg,0,45100000
owd_uplink_ms,5.1412,45200000
owd_downlink_ms,4.8186,45200000
owd_uplink_ms,0,45200000
owd_downlink_ms,0,45200000
prediction_position_error_mm,2.0499906968325377,45200000
prediction_orientation_error_deg,0,45200000
prediction_position_error_mm,2.7804470155388117,45300000
prediction_orientation_error_deg,0,45300000
owd_uplink_ms,0,45400000
owd_downlink_ms,4.1727,45400000
prediction_position_error_mm,3.540073288604617,45400000
prediction_orientation_error_deg,0,45400000
prediction_position_error_mm,4.236698616296053,45500000
prediction_orientation_error_deg,0,45500000
owd_uplink_ms,1.9204,45600000
owd_downlink_ms,2.0818,45600000
owd_uplink_ms,4.5387,45600000
owd_downlink_ms,0,45600000
prediction_position_error_mm,2.005956834182143,45600000
prediction_orientation_error_deg,0,45600000
owd_uplink_ms,0,45700000
owd_downlink_ms,1.0411,45700000
prediction_position_error_mm,2.7088935021311045,45700000
prediction_orientation_error_deg,0,45700000
owd_uplink_ms,0,45800000
owd_downlink_ms,1.3745,45800000
owd_uplink_ms,0,45800000
owd_downlink_ms,0,45800000
prediction_position_error_mm,1.7987093888223171,45800000
prediction_orientation_error_deg,0,45800000
prediction_position_error_mm,3.084528725594282,45900000
prediction_orientation_error_deg,0,45900000
owd_uplink_ms,4.1779,46000000
owd_downlink_ms,0,46000000
prediction_position_error_mm,2.2024232894182205,46000000
prediction_orientation_error_deg,0,46000000
owd_uplink_ms,0,46100000
owd_downlink_ms,2.2563,46100000
prediction_position_error_mm,3.440862987190485,46100000
prediction_orientation_error_deg,0,46100000
prediction_position_error_mm,4.143063444644213,46200000
prediction_orientation_error_deg,0,46200000
owd_uplink_ms,5.8977,46300000
owd_downlink_ms,1.7617,46300000
prediction_position_error_mm,3.5925947595387697,46300000
prediction_orientation_error_deg,0,46300000
owd_uplink_ms,5.439,46400000
owd_downlink_ms,0.6722,46400000
prediction_position_error_mm,2.788765588775277,46400000
prediction_orientation_error_deg,0,46400000
owd_uplink_ms,0,46500000
owd_downlink_ms,1.6268,46500000
owd_uplink_ms,5.0892,46500000
owd_downlink_ms,3.5884,46500000
prediction_position_error_mm,2.9264173936098814,46500000
prediction_orientation_error_deg,0,46500000
prediction_position_error_mm,3.583707148209214,46600000
prediction_orientation_error_deg,0,46600000
owd_uplink_ms,2.4388,46700000
owd_downlink_ms,4.0743,46700000
prediction_position_error_mm,3.164550056681037,46700000
prediction_orientation_error_deg,0,46700000
owd_uplink_ms,4.0106,46800000
owd_downlink_ms,4.8719,46800000
prediction_position_error_mm,2.8285724110901356,46800000
prediction_orientation_error_deg,0,46800000
owd_uplink_ms,3.613,46900000
owd_downlink_ms,0.8354,46900000
prediction_position_error_mm,2.5608502328395844,46900000
prediction_orientation_error_deg,0,46900000
owd_uplink_ms,3.7391,47000000
owd_downlink_ms,3.1801,47000000
owd_uplink_ms,4.4208,47000000
owd_downlink_ms,0,47000000
prediction_position_error_mm,1.621171599254012,47000000
prediction_orientation_error_deg,0,47000000
owd_uplink_ms,0,47100000
owd_downlink_ms,1.2647,47100000
prediction_position_error_mm,2.2018307354301214,47100000
prediction_orientation_error_deg,0,47100000
prediction_position_error_mm,2.792889717966318,47200000
prediction_orientation_error_deg,0,47200000
owd_uplink_ms,0.7708,47300000
owd_downlink_ms,0.22,47300000
owd_uplink_ms,0,47300000
owd_downlink_ms,0,47300000
prediction_position_error_mm,1.8705381080508232,47300000
prediction_orientation_error_deg,0,47300000
owd_uplink_ms,1.9666,47400000
owd_downlink_ms,5.2568,47400000
prediction_position_error_mm,2.336065284907818,47400000
prediction_orientation_error_deg,0,47400000
prediction_position_error_mm,2.9615219682455063,47500000
prediction_orientation_error_deg,0,47500000
owd_uplink_ms,1.946,47600000
owd_downlink_ms,4.2067,47600000
prediction_position_error_mm,2.7064417954534292,47600000
prediction_orientation_error_deg,0,47600000
owd_uplink_ms,3.9206,47700000
owd_downlink_ms,4.6642,47700000
prediction_position_error_mm,2.4989438243210316,47700000
prediction_orientation_error_deg,0,47700000
owd_uplink_ms,3.317,47800000
owd_downlink_ms,1.8754,47800000
owd_uplink_ms,5.8584,47800000
owd_downlink_ms,0,47800000
owd_uplink_ms,0,47800000
owd_downlink_ms,0,47800000
prediction_position_error_mm,1.8966266652569175,47800000
prediction_orientation_error_deg,0,47800000
owd_uplink_ms,0,47900000
owd_downlink_ms,0,47900000
prediction_position_error_mm,1.7493662890046835,47900000
prediction_orientation_error_deg,0,47900000
prediction_position_error_mm,1.86743529047817,48000000
prediction_orientation_error_deg,0,48000000
prediction_position_error_mm,2.962753875181079,48100000
prediction_orientation_error_deg,0,48100000
owd_uplink_ms,0,48200000
owd_downlink_ms,1.0761,48200000
owd_uplink_ms,1.0333,48200000
owd_downlink_ms,4.6702,48200000
prediction_position_error_mm,2.155147958546877,48200000
prediction_orientation_error_deg,0,48200000
prediction_position_error_mm,2.7943134773522615,48300000
prediction_orientation_error_deg,0,48300000
owd_uplink_ms,2.4709,48400000
owd_downlink_ms,0.585,48400000
owd_uplink_ms,0,48400000
owd_downlink_ms,0,48400000
prediction_position_error_mm,2.29470944032073,48400000
prediction_orientation_error_deg,0,48400000
owd_uplink_ms,0.9263,48500000
owd_downlink_ms,0.2046,48500000
prediction_position_error_mm,2.2340475115925074,48500000
prediction_orientation_error_deg,0,48500000
owd_uplink_ms,0.5901,48600000
owd_downlink_ms,0,48600000
owd_uplink_ms,0,48600000
owd_downlink_ms,0,48600000
prediction_position_error_mm,2.560906345024705,48600000
prediction_orientation_error_deg,0,48600000
owd_uplink_ms,0,48700000
owd_downlink_ms,0,48700000
prediction_position_error_mm,2.2858879528939724,48700000
prediction_orientation_error_deg,0,48700000
prediction_position_error_mm,2.9441744554787874,48800000
prediction_orientation_error_deg,0,48800000
owd_uplink_ms,0,48900000
owd_downlink_ms,2.806,48900000
prediction_position_error_mm,1.7774520674720407,48900000
prediction_orientation_error_deg,0,48900000
prediction_position_error_mm,2.393270842730999,49000000
prediction_orientation_error_deg,0,49000000
owd_uplink_ms,4.7013,49100000
owd_downlink_ms,4.9269,49100000
prediction_position_error_mm,2.308876719325781,49100000
prediction_orientation_error_deg,0,49100000
owd_uplink_ms,3.7596,49200000
owd_downlink_ms,3.4901,49200000
prediction_position_error_mm,3.3173509873449802,49200000
prediction_orientation_error_deg,0,49200000
owd_uplink_ms,1.0823,49300000
owd_downlink_ms,3.6655,49300000
owd_uplink_ms,0,49300000
owd_downlink_ms,4.0498,49300000
owd_uplink_ms,0,49300000
owd_downlink_ms,0,49300000
prediction_position_error_mm,2.060560742393136,49300000
prediction_orientation_error_deg,0,49300000
prediction_position_error_mm,2.6449153665453196,49400000
prediction_orientation_error_deg,0,49400000
owd_uplink_ms,0,49500000
owd_downlink_ms,4.5624,49500000
prediction_position_error_mm,2.4074609391391277,49500000
prediction_orientation_error_deg,0,49500000
owd_uplink_ms,0,49600000
owd_downlink_ms,4.2367,49600000
prediction_position_error_mm,0.9779996471479535,49600000
prediction_orientation_error_deg,0,49600000
prediction_position_error_mm,1.497802441008389,49700000
prediction_orientation_error_deg,0,49700000
owd_uplink_ms,1.5968,49800000
owd_downlink_ms,2.0042,49800000
prediction_position_error_mm,1.6044314252212644,49800000
prediction_orientation_error_deg,0,49800000
owd_uplink_ms,1.143,49900000
owd_downlink_ms,4.4527,49900000
prediction_position_error_mm,3.123445436358452,49900000
prediction_orientation_error_deg,0,49900000
owd_uplink_ms,0,50000000
owd_downlink_ms,0.3813,50000000
owd_uplink_ms,4.3517,50000000
owd_downlink_ms,2.6246,50000000
owd_uplink_ms,0,50000000
owd_downlink_ms,0,50000000
prediction_position_error_mm,1.9310818752273917,50000000
prediction_orientation_error_deg,0,50000000
prediction_position_error_mm,1299.9999523162842,100000
prediction_orientation_error_deg,0,100000
owd_uplink_ms,0.773,200000
owd_downlink_ms,0.7731,200000
correction_magnitude_mm,1299.9999523162842,107730
correction_magnitude_deg,0,107730
prediction_position_error_mm,0,200000
prediction_orientation_error_deg,0,200000
owd_uplink_ms,6.5816,300000
owd_downlink_ms,-0.773,300000
prediction_position_error_mm,3.5057426430284977,300000
prediction_orientation_error_deg,0,300000
owd_uplink_ms,1.6028,400000
owd_downlink_ms,-0.509,400000
correction_magnitude_mm,13.424908742308617,405090
correction_magnitude_deg,0,405090
owd_uplink_ms,0.4072,400000
owd_downlink_ms,-0.4072,400000
prediction_position_error_mm,9.422307834029198,400000
prediction_orientation_error_deg,0,400000
prediction_position_error_mm,13.930774293839931,500000
prediction_orientation_error_deg,0,500000
owd_uplink_ms,0.4072,600000
owd_downlink_ms,2.5955,600000
correction_magnitude_mm,13.910876587033272,504072
correction_magnitude_deg,0,504072
prediction_position_error_mm,8.864395320415497,600000
prediction_orientation_error_deg,0,600000
owd_uplink_ms,4.9876,700000
owd_downlink_ms,-0.4072,700000
correction_magnitude_mm,12.912343256175518,704072
correction_magnitude_deg,0,704072
prediction_position_error_mm,9.083593264222145,700000
prediction_orientation_error_deg,0,700000
owd_uplink_ms,0.997,800000
owd_downlink_ms,-0.4072,800000
correction_magnitude_mm,12.927691452205181,804072
correction_magnitude_deg,0,804072
prediction_position_error_mm,9.110129438340664,800000
prediction_orientation_error_deg,0,800000
prediction_position_error_mm,12.608636170625687,900000
prediction_orientation_error_deg,0,900000
owd_uplink_ms,1.5233,1000000
owd_downlink_ms,4.5728,1000000
correction_magnitude_mm,12.547893449664116,904072
correction_magnitude_deg,0,904072
owd_uplink_ms,3.6627,1000000
owd_downlink_ms,-0.4072,1000000
correction_magnitude_mm,11.902461759746075,1004072
correction_magnitude_deg,0,1004072
prediction_position_error_mm,8.42233281582594,1000000
prediction_orientation_error_deg,0,1000000
prediction_position_error_mm,11.180637404322624,1100000
prediction_orientation_error_deg,0,1100000
owd_uplink_ms,2.3964,1200000
owd_downlink_ms,0.4372,1200000
correction_magnitude_mm,11.090034618973732,1104072
correction_magnitude_deg,0,1104072
owd_uplink_ms,0.5699,1200000
owd_downlink_ms,-0.4072,1200000
correction_magnitude_mm,10.18468476831913,1204072
correction_magnitude_deg,0,1204072
prediction_position_error_mm,7.245864719152451,1200000
prediction_orientation_error_deg,0,1200000
owd_uplink_ms,5.7912,1300000
owd_downlink_ms,-0.4072,1300000
correction_magnitude_mm,9.241072461009026,1304072
correction_magnitude_deg,0,1304072
prediction_position_error_mm,6.596616934984922,1300000
prediction_orientation_error_deg,0,1300000
prediction_position_error_mm,8.426488377153873,1400000
prediction_orientation_error_deg,0,1400000
owd_uplink_ms,1.809,1500000
owd_downlink_ms,3.774,1500000
correction_magnitude_mm,8.29863641411066,1404072
correction_magnitude_deg,0,1404072
prediction_position_error_mm,7.52292899414897,1500000
prediction_orientation_error_deg,0,1500000
owd_uplink_ms,3.6893,1600000
owd_downlink_ms,0.5047,1600000
correction_magnitude_mm,7.38497031852603,1504072
correction_magnitude_deg,0,1504072
owd_uplink_ms,3.6818,1600000
owd_downlink_ms,-0.4072,1600000
correction_magnitude_mm,6.518568843603134,1604072
correction_magnitude_deg,0,1604072
prediction_position_error_mm,4.717891104519367,1600000
prediction_orientation_error_deg,0,1600000
prediction_position_error_mm,5.865815095603466,1700000
prediction_orientation_error_deg,0,1700000
owd_uplink_ms,4.2841,1800000
owd_downlink_ms,3.2449,1800000
correction_magnitude_mm,5.710987374186516,1704072
correction_magnitude_deg,0,1704072
prediction_position_error_mm,10.06705779582262,1800000
prediction_orientation_error_deg,0,1800000
owd_uplink_ms,4.622,1900000
owd_downlink_ms,4.0047,1900000
correction_magnitude_mm,9.90523211658001,1804072
correction_magnitude_deg,0,1804072
owd_uplink_ms,0.4072,1900000
owd_downlink_ms,4.1839,1900000
owd_uplink_ms,0.3257,1900000
owd_downlink_ms,-0.3257,1900000
correction_magnitude_mm,7.627740036696196,1903257
correction_magnitude_deg,0,1903257
prediction_position_error_mm,5.485955625772476,1900000
prediction_orientation_error_deg,0,1900000
prediction_position_error_mm,1.0096451733261347,2000000
prediction_orientation_error_deg,0,2000000
owd_uplink_ms,0.2605,2100000
owd_downlink_ms,-0.2605,2100000
correction_magnitude_mm,6.207328289747238,2102605
correction_magnitude_deg,0,2102605
prediction_position_error_mm,4.46449825540185,2100000
prediction_orientation_error_deg,0,2100000
owd_uplink_ms,1.6033,2200000
owd_downlink_ms,3.8141,2200000
prediction_position_error_mm,0.39348474820144475,2200000
prediction_orientation_error_deg,0,2200000
owd_uplink_ms,0.5692,2300000
owd_downlink_ms,-0.2605,2300000
prediction_position_error_mm,0.38700347067788243,2300000
prediction_orientation_error_deg,0,2300000
owd_uplink_ms,0.2084,2400000
owd_downlink_ms,-0.2084,2400000
correction_magnitude_mm,5.270432215183973,2402084
correction_magnitude_deg,0,2402084
prediction_position_error_mm,3.7876563146710396,2400000
prediction_orientation_error_deg,0,2400000
owd_uplink_ms,1.8088,2500000
owd_downlink_ms,5.3265,2500000
prediction_position_error_mm,1.0985455010086298,2500000
prediction_orientation_error_deg,0,2500000
owd_uplink_ms,3.659,2600000
owd_downlink_ms,-0.2084,2600000
prediction_position_error_mm,2.8723410796374083,2600000
prediction_orientation_error_deg,0,2600000
owd_uplink_ms,0.2084,2700000
owd_downlink_ms,2.4087,2700000
prediction_position_error_mm,2.0721005275845528,2700000
prediction_orientation_error_deg,0,2700000
owd_uplink_ms,1.9071,2800000
owd_downlink_ms,-0.2084,2800000
prediction_position_error_mm,1.439056359231472,2800000
prediction_orientation_error_deg,0,2800000
prediction_position_error_mm,1.4678641455247998,2900000
prediction_orientation_error_deg,0,2900000
owd_uplink_ms,3.9714,3000000
owd_downlink_ms,2.2636,3000000
prediction_position_error_mm,1.0367992799729109,3000000
prediction_orientation_error_deg,0,3000000
owd_uplink_ms,3.47,3100000
owd_downlink_ms,2.4313,3100000
owd_uplink_ms,4.1134,3100000
owd_downlink_ms,-0.2084,3100000
prediction_position_error_mm,3.151478013023734,3100000
prediction_orientation_error_deg,0,3100000
owd_uplink_ms,0.2084,3200000
owd_downlink_ms,3.7492,3200000
prediction_position_error_mm,1.8347542500123382,3200000
prediction_orientation_error_deg,0,3200000
owd_uplink_ms,2.2465,3300000
owd_downlink_ms,-0.2084,3300000
prediction_position_error_mm,2.211189130321145,3300000
prediction_orientation_error_deg,0,3300000
owd_uplink_ms,0.2084,3400000
owd_downlink_ms,3.3343,3400000
prediction_position_error_mm,2.8499446343630552,3400000
prediction_orientation_error_deg,0,3400000
prediction_position_error_mm,3.024316392838955,3500000
prediction_orientation_error_deg,0,3500000
owd_uplink_ms,1.7879,3600000
owd_downlink_ms,4.4215,3600000
owd_uplink_ms,3.0236,3600000
owd_downlink_ms,-0.2084,3600000
prediction_position_error_mm,1.5451055951416492,3600000
prediction_orientation_error_deg,0,3600000
prediction_position_error_mm,3.3658412285149097,3700000
prediction_orientation_error_deg,0,3700000
owd_uplink_ms,3.9722,3800000
owd_downlink_ms,2.0566,3800000
owd_uplink_ms,0.2084,3800000
owd_downlink_ms,5.6408,3800000
owd_uplink_ms,0.1667,3800000
owd_downlink_ms,-0.1667,3800000
prediction_position_error_mm,1.623406889848411,3800000
prediction_orientation_error_deg,0,3800000
owd_uplink_ms,0.1333,3900000
owd_downlink_ms,-0.1333,3900000
prediction_position_error_mm,1.053209532983601,3900000
prediction_orientation_error_deg,0,3900000
prediction_position_error_mm,4.095863085240126,4000000
prediction_orientation_error_deg,0,4000000
prediction_position_error_mm,0.9486090275458992,4100000
prediction_orientation_error_deg,0,4100000
owd_uplink_ms,0.1333,4200000
owd_downlink_ms,2.7099,4200000
owd_uplink_ms,5.1712,4200000
owd_downlink_ms,4.7805,4200000
prediction_position_error_mm,4.793163854628801,4200000
prediction_orientation_error_deg,0,4200000
prediction_position_error_mm,1.1472529731690884,4300000
prediction_orientation_error_deg,0,4300000
owd_uplink_ms,0.1333,4400000
owd_downlink_ms,1.3465,4400000
owd_uplink_ms,2.1864,4400000
owd_downlink_ms,2.9064,4400000
prediction_position_error_mm,5.328577011823654,4400000
prediction_orientation_error_deg,0,4400000
owd_uplink_ms,1.6251,4500000
owd_downlink_ms,-0.1333,4500000
prediction_position_error_mm,1.1007547145709395,4500000
prediction_orientation_error_deg,0,4500000
owd_uplink_ms,0.1333,4600000
owd_downlink_ms,1.8327,4600000
prediction_position_error_mm,5.73594868183136,4600000
prediction_orientation_error_deg,0,4600000
prediction_position_error_mm,2.009383635595441,4700000
prediction_orientation_error_deg,0,4700000
owd_uplink_ms,0.1333,4800000
owd_downlink_ms,-0.0102,4800000
owd_uplink_ms,3.656,4800000
owd_downlink_ms,4.8917,4800000
prediction_position_error_mm,6.04276405647397,4800000
prediction_orientation_error_deg,0,4800000
prediction_position_error_mm,2.359515056014061,4900000
prediction_orientation_error_deg,0,4900000
owd_uplink_ms,6.0679,5000000
owd_downlink_ms,1.4872,5000000
owd_uplink_ms,0.1333,5000000
owd_downlink_ms,4.1887,5000000
prediction_position_error_mm,2.126395935192704,5000000
prediction_orientation_error_deg,0,5000000
owd_uplink_ms,0.1333,5100000
owd_downlink_ms,1.2975,5100000
owd_uplink_ms,0.1066,5100000
owd_downlink_ms,-0.1066,5100000
prediction_position_error_mm,1.3363288016989827,5100000
prediction_orientation_error_deg,0,5100000
prediction_position_error_mm,5.919331219047308,5200000
prediction_orientation_error_deg,0,5200000
prediction_position_error_mm,6.307822652161121,5300000
prediction_orientation_error_deg,0,5300000
owd_uplink_ms,4.7988,5400000
owd_downlink_ms,0.3182,5400000
correction_magnitude_mm,6.358222104609013,5301066
correction_magnitude_deg,0,5301066
prediction_position_error_mm,4.724990110844374,5400000
prediction_orientation_error_deg,0,5400000
owd_uplink_ms,3.377,5500000
owd_downlink_ms,1.6262,5500000
prediction_position_error_mm,3.5080944653600454,5500000
prediction_orientation_error_deg,0,5500000
owd_uplink_ms,3.0319,5600000
owd_downlink_ms,1.1812,5600000
prediction_position_error_mm,2.586814109236002,5600000
prediction_orientation_error_deg,0,5600000
owd_uplink_ms,4.8257,5700000
owd_downlink_ms,1.1632,5700000
owd_uplink_ms,1.1213,5700000
owd_downlink_ms,-0.1066,5700000
prediction_position_error_mm,1.3214066857472062,5700000
prediction_orientation_error_deg,0,5700000
prediction_position_error_mm,1.41677085775882,5800000
prediction_orientation_error_deg,0,5800000
owd_uplink_ms,3.7281,5900000
owd_downlink_ms,1.9983,5900000
owd_uplink_ms,1.6951,5900000
owd_downlink_ms,-0.1066,5900000
prediction_position_error_mm,0.7491039577871561,5900000
prediction_orientation_error_deg,0,5900000
owd_uplink_ms,0.0852,6000000
owd_downlink_ms,-0.0852,6000000
prediction_position_error_mm,2.675721887499094,6000000
prediction_orientation_error_deg,0,6000000
owd_uplink_ms,4.6624,6100000
owd_downlink_ms,1.1077,6100000
owd_uplink_ms,0.0681,6100000
owd_downlink_ms,-0.0681,6100000
prediction_position_error_mm,1.8162938067689538,6100000
prediction_orientation_error_deg,0,6100000
owd_uplink_ms,0.0544,6200000
owd_downlink_ms,-0.0544,6200000
prediction_position_error_mm,1.1648735962808132,6200000
prediction_orientation_error_deg,0,6200000
prediction_position_error_mm,3.474860917776823,6300000
prediction_orientation_error_deg,0,6300000
owd_uplink_ms,5.185,6400000
owd_downlink_ms,-0.0544,6400000
prediction_position_error_mm,2.664335537701845,6400000
prediction_orientation_error_deg,0,6400000
owd_uplink_ms,1.1608,6500000
owd_downlink_ms,-0.0544,6500000
prediction_position_error_mm,2.0810733549296856,6500000
prediction_orientation_error_deg,0,6500000
prediction_position_error_mm,2.3455952759832144,6600000
prediction_orientation_error_deg,0,6600000
owd_uplink_ms,3.8925,6700000
owd_downlink_ms,3.5331,6700000
prediction_position_error_mm,2.4792873300611973,6700000
prediction_orientation_error_deg,0,6700000
owd_uplink_ms,2.8965,6800000
owd_downlink_ms,0.6575,6800000
owd_uplink_ms,0.0544,6800000
owd_downlink_ms,2.9228,6800000
prediction_position_error_mm,2.77464697137475,6800000
prediction_orientation_error_deg,0,6800000
owd_uplink_ms,0.9984,6900000
owd_downlink_ms,-0.0544,6900000
owd_uplink_ms,0.0435,6900000
owd_downlink_ms,-0.0435,6900000
prediction_position_error_mm,1.0036801686510444,6900000
prediction_orientation_error_deg,0,6900000
prediction_position_error_mm,3.7191372830420732,7000000
prediction_orientation_error_deg,0,7000000
prediction_position_error_mm,1.1776615865528584,7100000
prediction_orientation_error_deg,0,7100000
owd_uplink_ms,0.0435,7200000
owd_downlink_ms,3.1069,7200000
owd_uplink_ms,1.4122,7200000
owd_downlink_ms,3.4868,7200000
prediction_position_error_mm,4.474373068660498,7200000
prediction_orientation_error_deg,0,7200000
owd_uplink_ms,0.0348,7300000
owd_downlink_ms,-0.0348,7300000
prediction_position_error_mm,1.1346184182912111,7300000
prediction_orientation_error_deg,0,7300000
owd_uplink_ms,0.3126,7400000
owd_downlink_ms,1.4722,7400000
prediction_position_error_mm,5.0735194236040115,7400000
prediction_orientation_error_deg,0,7400000
prediction_position_error_mm,5.591371096670628,7500000
prediction_orientation_error_deg,0,7500000
owd_uplink_ms,2.5394,7600000
owd_downlink_ms,0.188,7600000
correction_magnitude_mm,5.606126040220261,7500348
correction_magnitude_deg,0,7500348
owd_uplink_ms,5.5684,7600000
owd_downlink_ms,-0.0348,7600000
prediction_position_error_mm,3.064200049266219,7600000
prediction_orientation_error_deg,0,7600000
owd_uplink_ms,0.0278,7700000
owd_downlink_ms,-0.0278,7700000
prediction_position_error_mm,1.005905563943088,7700000
prediction_orientation_error_deg,0,7700000
owd_uplink_ms,2.9346,7800000
owd_downlink_ms,5.1074,7800000
prediction_position_error_mm,1.196124590933323,7800000
prediction_orientation_error_deg,0,7800000
owd_uplink_ms,0.0278,7900000
owd_downlink_ms,3.4392,7900000
prediction_position_error_mm,4.242714494466782,7900000
prediction_orientation_error_deg,0,7900000
owd_uplink_ms,3.4289,8000000
owd_downlink_ms,-0.0278,8000000
prediction_position_error_mm,3.293687477707863,8000000
prediction_orientation_error_deg,0,8000000
prediction_position_error_mm,1.2980265310034156,8100000
prediction_orientation_error_deg,0,8100000
owd_uplink_ms,0.0278,8200000
owd_downlink_ms,1.602,8200000
owd_uplink_ms,1.15,8200000
owd_downlink_ms,1.747,8200000
prediction_position_error_mm,4.118501208722591,8200000
prediction_orientation_error_deg,0,8200000
owd_uplink_ms,0.5463,8300000
owd_downlink_ms,-0.0278,8300000
owd_uplink_ms,0.0222,8300000
owd_downlink_ms,-0.0222,8300000
prediction_position_error_mm,1.1764660011976957,8300000
prediction_orientation_error_deg,0,8300000
prediction_position_error_mm,4.774705972522497,8400000
prediction_orientation_error_deg,0,8400000
prediction_position_error_mm,5.324461963027716,8500000
prediction_orientation_error_deg,0,8500000
owd_uplink_ms,5.5604,8600000
owd_downlink_ms,2.5481,8600000
correction_magnitude_mm,5.333228502422571,8500222
correction_magnitude_deg,0,8500222
owd_uplink_ms,5.0198,8600000
owd_downlink_ms,-0.0222,8600000
prediction_position_error_mm,2.963504521176219,8600000
prediction_orientation_error_deg,0,8600000
prediction_position_error_mm,3.39221372269094,8700000
prediction_orientation_error_deg,0,8700000
owd_uplink_ms,5.3384,8800000
owd_downlink_ms,4.6078,8800000
prediction_position_error_mm,2.7444236911833286,8800000
prediction_orientation_error_deg,0,8800000
owd_uplink_ms,1.0884,8900000
owd_downlink_ms,1.303,8900000
prediction_position_error_mm,1.9189813174307346,8900000
prediction_orientation_error_deg,0,8900000
owd_uplink_ms,0.0222,9000000
owd_downlink_ms,3.4283,9000000
owd_uplink_ms,1.7034,9000000
owd_downlink_ms,4.1434,9000000
prediction_position_error_mm,2.887817332521081,9000000
prediction_orientation_error_deg,0,9000000
owd_uplink_ms,0.9748,9100000
owd_downlink_ms,-0.0222,9100000
prediction_position_error_mm,2.3163228761404753,9100000
prediction_orientation_error_deg,0,9100000
prediction_position_error_mm,1.6069915145635605,9200000
prediction_orientation_error_deg,0,9200000
owd_uplink_ms,0.0222,9300000
owd_downlink_ms,5.1764,9300000
owd_uplink_ms,5.7599,9300000
owd_downlink_ms,5.7538,9300000
prediction_position_error_mm,1.2525320053100586,9300000
prediction_orientation_error_deg,0,9300000
owd_uplink_ms,0.0222,9400000
owd_downlink_ms,3.955,9400000
prediction_position_error_mm,3.7110713310539722,9400000
prediction_orientation_error_deg,0,9400000
prediction_position_error_mm,4.232080653309822,9500000
prediction_orientation_error_deg,0,9500000
owd_uplink_ms,3.0104,9600000
owd_downlink_ms,0.0068,9600000
prediction_position_error_mm,3.462644526734948,9600000
prediction_orientation_error_deg,0,9600000
owd_uplink_ms,1.1144,9700000
owd_downlink_ms,0.5918,9700000
owd_uplink_ms,5.5382,9700000
owd_downlink_ms,-0.0222,9700000
prediction_position_error_mm,1.006078440696001,9700000
prediction_orientation_error_deg,0,9700000
owd_uplink_ms,0.0222,9800000
owd_downlink_ms,2.7636,9800000
prediction_position_error_mm,3.3565755002200603,9800000
prediction_orientation_error_deg,0,9800000
prediction_position_error_mm,1.6448667738586664,9900000
prediction_orientation_error_deg,0,9900000
owd_uplink_ms,0.0222,10000000
owd_downlink_ms,3.0662,10000000
owd_uplink_ms,3.6845,10000000
owd_downlink_ms,3.975,10000000
owd_uplink_ms,0.0177,10000000
owd_downlink_ms,-0.0177,10000000
prediction_position_error_mm,1.165844383649528,10000000
prediction_orientation_error_deg,0,10000000
prediction_position_error_mm,4.283132031559944,10100000
prediction_orientation_error_deg,0,10100000
owd_uplink_ms,2.3875,10200000
owd_downlink_ms,-0.0177,10200000
prediction_position_error_mm,3.4004715271294117,10200000
prediction_orientation_error_deg,0,10200000
owd_uplink_ms,0.0141,10300000
owd_downlink_ms,-0.0141,10300000
prediction_position_error_mm,1.2325897114351392,10300000
prediction_orientation_error_deg,0,10300000
owd_uplink_ms,0.9761,10400000
owd_downlink_ms,0.2577,10400000
prediction_position_error_mm,4.141724668443203,10400000
prediction_orientation_error_deg,0,10400000
owd_uplink_ms,2.8474,10500000
owd_downlink_ms,-0.0141,10500000
prediction_position_error_mm,3.3142007887363434,10500000
prediction_orientation_error_deg,0,10500000
owd_uplink_ms,4.0941,10600000
owd_downlink_ms,-0.0141,10600000
prediction_position_error_mm,2.7189734391868114,10600000
prediction_orientation_error_deg,0,10600000
prediction_position_error_mm,1.6543937381356955,10700000
prediction_orientation_error_deg,0,10700000
owd_uplink_ms,0.0141,10800000
owd_downlink_ms,3.5867,10800000
owd_uplink_ms,0.1674,10800000
owd_downlink_ms,3.7013,10800000
prediction_position_error_mm,3.5312757827341557,10800000
prediction_orientation_error_deg,0,10800000
owd_uplink_ms,4.7224,10900000
owd_downlink_ms,-0.0141,10900000
prediction_position_error_mm,1.4915319625288248,10900000
prediction_orientation_error_deg,0,10900000
owd_uplink_ms,0.0141,11000000
owd_downlink_ms,3.9071,11000000
owd_uplink_ms,0.0112,11000000
owd_downlink_ms,-0.0112,11000000
prediction_position_error_mm,1.460758037865162,11000000
prediction_orientation_error_deg,0,11000000
prediction_position_error_mm,4.240081179887056,11100000
prediction_orientation_error_deg,0,11100000
owd_uplink_ms,3.7495,11200000
owd_downlink_ms,-0.0112,11200000
prediction_position_error_mm,3.3886474557220936,11200000
prediction_orientation_error_deg,0,11200000
owd_uplink_ms,0.1891,11300000
owd_downlink_ms,-0.0112,11300000
prediction_position_error_mm,1.4927985612303019,11300000
prediction_orientation_error_deg,0,11300000
owd_uplink_ms,0.0112,11400000
owd_downlink_ms,0.295,11400000
prediction_position_error_mm,4.0525333024561405,11400000
prediction_orientation_error_deg,0,11400000
owd_uplink_ms,3.9584,11500000
owd_downlink_ms,-0.0112,11500000
prediction_position_error_mm,1.9230584148317575,11500000
prediction_orientation_error_deg,0,11500000
owd_uplink_ms,0.0112,11600000
owd_downlink_ms,3.2341,11600000
owd_uplink_ms,0.0089,11600000
owd_downlink_ms,-0.0089,11600000
prediction_position_error_mm,1.8189301481470466,11600000
prediction_orientation_error_deg,0,11600000
owd_uplink_ms,0.0071,11700000
owd_downlink_ms,-0.0071,11700000
prediction_position_error_mm,1.7290737014263868,11700000
prediction_orientation_error_deg,0,11700000
prediction_position_error_mm,4.3724277056753635,11800000
prediction_orientation_error_deg,0,11800000
prediction_position_error_mm,4.972830414772034,11900000
prediction_orientation_error_deg,0,11900000
owd_uplink_ms,0.2109,12000000
owd_downlink_ms,1.4348,12000000
prediction_position_error_mm,2.3804118391126394,12000000
prediction_orientation_error_deg,0,12000000
owd_uplink_ms,0.0071,12100000
owd_downlink_ms,2.3869,12100000
owd_uplink_ms,2.7656,12100000
owd_downlink_ms,3.5873,12100000
owd_uplink_ms,0.0056,12100000
owd_downlink_ms,-0.0056,12100000
prediction_position_error_mm,1.597004127688706,12100000
prediction_orientation_error_deg,0,12100000
owd_uplink_ms,0.0044,12200000
owd_downlink_ms,-0.0044,12200000
prediction_position_error_mm,1.5411253552883863,12200000
prediction_orientation_error_deg,0,12200000
prediction_position_error_mm,3.953550010919571,12300000
prediction_orientation_error_deg,0,12300000
owd_uplink_ms,3.6554,12400000
owd_downlink_ms,-0.0044,12400000
owd_uplink_ms,0.0035,12400000
owd_downlink_ms,-0.0035,12400000
prediction_position_error_mm,1.944261253811419,12400000
prediction_orientation_error_deg,0,12400000
prediction_position_error_mm,4.336319398134947,12500000
prediction_orientation_error_deg,0,12500000
owd_uplink_ms,0.7591,12600000
owd_downlink_ms,-0.0035,12600000
prediction_position_error_mm,3.465245245024562,12600000
prediction_orientation_error_deg,0,12600000
owd_uplink_ms,1.5622,12700000
owd_downlink_ms,-0.0035,12700000
prediction_position_error_mm,1.862424542196095,12700000
prediction_orientation_error_deg,0,12700000
owd_uplink_ms,0.0035,12800000
owd_downlink_ms,2.7857,12800000
prediction_position_error_mm,3.9617358706891537,12800000
prediction_orientation_error_deg,0,12800000
owd_uplink_ms,1.4537,12900000
owd_downlink_ms,-0.0035,12900000
prediction_position_error_mm,2.2338146809488535,12900000
prediction_orientation_error_deg,0,12900000
owd_uplink_ms,0.0035,13000000
owd_downlink_ms,4.9074,13000000
prediction_position_error_mm,4.345899913460016,13000000
prediction_orientation_error_deg,0,13000000
owd_uplink_ms,4.389,13100000
owd_downlink_ms,-0.0035,13100000
correction_magnitude_mm,5.011464469134808,13100035
correction_magnitude_deg,0,13100035
prediction_position_error_mm,3.5072092432528734,13100000
prediction_orientation_error_deg,0,13100000
prediction_position_error_mm,4.153906367719173,13200000
prediction_orientation_error_deg,0,13200000
owd_uplink_ms,5.2936,13300000
owd_downlink_ms,1.977,13300000
owd_uplink_ms,0.0028,13300000
owd_downlink_ms,-0.0028,13300000
prediction_position_error_mm,1.8721484811976552,13300000
prediction_orientation_error_deg,0,13300000
owd_uplink_ms,4.7628,13400000
owd_downlink_ms,1.9508,13400000
prediction_position_error_mm,3.432313911616802,13400000
prediction_orientation_error_deg,0,13400000
prediction_position_error_mm,3.123822622001171,13500000
prediction_orientation_error_deg,0,13500000
owd_uplink_ms,0.0028,13600000
owd_downlink_ms,2.6959,13600000
owd_uplink_ms,4.4417,13600000
owd_downlink_ms,5.2599,13600000
prediction_position_error_mm,2.8562627267092466,13600000
prediction_orientation_error_deg,0,13600000
owd_uplink_ms,0.0028,13700000
owd_downlink_ms,1.5748,13700000
prediction_position_error_mm,3.7001215387135744,13700000
prediction_orientation_error_deg,0,13700000
owd_uplink_ms,3.8804,13800000
owd_downlink_ms,-0.0028,13800000
prediction_position_error_mm,3.018041606992483,13800000
prediction_orientation_error_deg,0,13800000
prediction_position_error_mm,3.6247079260647297,13900000
prediction_orientation_error_deg,0,13900000
owd_uplink_ms,1.4444,14000000
owd_downlink_ms,5.4204,14000000
owd_uplink_ms,1.9372,14000000
owd_downlink_ms,-0.0028,14000000
prediction_position_error_mm,2.166658639907837,14000000
prediction_orientation_error_deg,0,14000000
prediction_position_error_mm,2.692182781174779,14100000
prediction_orientation_error_deg,0,14100000
owd_uplink_ms,3.6788,14200000
owd_downlink_ms,5.754,14200000
prediction_position_error_mm,2.388142282143235,14200000
prediction_orientation_error_deg,0,14200000
owd_uplink_ms,0.8767,14300000
owd_downlink_ms,5.2248,14300000
prediction_position_error_mm,2.1608397364616394,14300000
prediction_orientation_error_deg,0,14300000
owd_uplink_ms,2.3681,14400000
owd_downlink_ms,0.8682,14400000
owd_uplink_ms,1.6669,14400000
owd_downlink_ms,-0.0028,14400000
prediction_position_error_mm,1.3944508973509073,14400000
prediction_orientation_error_deg,0,14400000
owd_uplink_ms,0.6639,14500000
owd_downlink_ms,-0.0028,14500000
prediction_position_error_mm,1.7211773665621877,14500000
prediction_orientation_error_deg,0,14500000
owd_uplink_ms,0.0028,14600000
owd_downlink_ms,1.9246,14600000
owd_uplink_ms,0.0022,14600000
owd_downlink_ms,-0.0022,14600000
prediction_position_error_mm,1.4672760153189301,14600000
prediction_orientation_error_deg,0,14600000
prediction_position_error_mm,1.8853318179026246,14700000
prediction_orientation_error_deg,0,14700000
owd_uplink_ms,0.0022,14800000
owd_downlink_ms,5.7622,14800000
prediction_position_error_mm,1.7800284549593925,14800000
prediction_orientation_error_deg,0,14800000
owd_uplink_ms,0.0022,14900000
owd_downlink_ms,3.8141,14900000
prediction_position_error_mm,2.3995565716177225,14900000
prediction_orientation_error_deg,0,14900000
owd_uplink_ms,5.5429,15000000
owd_downlink_ms,-0.0022,15000000
prediction_position_error_mm,2.0103042479604483,15000000
prediction_orientation_error_deg,0,15000000
prediction_position_error_mm,2.506622113287449,15100000
prediction_orientation_error_deg,0,15100000
owd_uplink_ms,2.6567,15200000
owd_downlink_ms,3.1046,15200000
prediction_position_error_mm,2.2433693520724773,15200000
prediction_orientation_error_deg,0,15200000
owd_uplink_ms,1.1204,15300000
owd_downlink_ms,3.802,15300000
prediction_position_error_mm,2.0576450042426586,15300000
prediction_orientation_error_deg,0,15300000
owd_uplink_ms,3.8977,15400000
owd_downlink_ms,3.7237,15400000
prediction_position_error_mm,2.467289101332426,15400000
prediction_orientation_error_deg,0,15400000
owd_uplink_ms,0.0022,15500000
owd_downlink_ms,1.5464,15500000
owd_uplink_ms,2.6578,15500000
owd_downlink_ms,3.0056,15500000
prediction_position_error_mm,1.9847308285534382,15500000
prediction_orientation_error_deg,0,15500000
prediction_position_error_mm,2.7171296533197165,15600000
prediction_orientation_error_deg,0,15600000
owd_uplink_ms,4.6944,15700000
owd_downlink_ms,0.6371,15700000
owd_uplink_ms,0.0022,15700000
owd_downlink_ms,3.8214,15700000
prediction_position_error_mm,2.461641328409314,15700000
prediction_orientation_error_deg,0,15700000
owd_uplink_ms,3.0135,15800000
owd_downlink_ms,-0.0022,15800000
prediction_position_error_mm,2.11953348480165,15800000
prediction_orientation_error_deg,0,15800000
owd_uplink_ms,1.4818,15900000
owd_downlink_ms,-0.0022,15900000
prediction_position_error_mm,2.129761502146721,15900000
prediction_orientation_error_deg,0,15900000
owd_uplink_ms,0.0022,16000000
owd_downlink_ms,4.2001,16000000
prediction_position_error_mm,2.58568674325943,16000000
prediction_orientation_error_deg,0,16000000
prediction_position_error_mm,3.3889831975102425,16100000
prediction_orientation_error_deg,0,16100000
owd_uplink_ms,2.5886,16200000
owd_downlink_ms,1.5056,16200000
owd_uplink_ms,0.0022,16200000
owd_downlink_ms,3.9423,16200000
prediction_position_error_mm,2.9613557271659374,16200000
prediction_orientation_error_deg,0,16200000
prediction_position_error_mm,3.770870855078101,16300000
prediction_orientation_error_deg,0,16300000
owd_uplink_ms,0.0022,16400000
owd_downlink_ms,3.43,16400000
owd_uplink_ms,2.2851,16400000
owd_downlink_ms,5.151,16400000
prediction_position_error_mm,3.2768771052360535,16400000
prediction_orientation_error_deg,0,16400000
prediction_position_error_mm,3.9497194811701775,16500000
prediction_orientation_error_deg,0,16500000
owd_uplink_ms,2.2808,16600000
owd_downlink_ms,0.2783,16600000
prediction_position_error_mm,3.4470490645617247,16600000
prediction_orientation_error_deg,0,16600000
owd_uplink_ms,3.8588,16700000
owd_downlink_ms,0.1284,16700000
owd_uplink_ms,0.8038,16700000
owd_downlink_ms,-0.0022,16700000
prediction_position_error_mm,2.141124801710248,16700000
prediction_orientation_error_deg,0,16700000
prediction_position_error_mm,2.7596147265285254,16800000
prediction_orientation_error_deg,0,16800000
owd_uplink_ms,1.11,16900000
owd_downlink_ms,4.5647,16900000
owd_uplink_ms,1.3223,16900000
owd_downlink_ms,-0.0022,16900000
prediction_position_error_mm,1.7700796015560627,16900000
prediction_orientation_error_deg,0,16900000
prediction_position_error_mm,2.349262125790119,17000000
prediction_orientation_error_deg,0,17000000
owd_uplink_ms,2.9519,17100000
owd_downlink_ms,2.3835,17100000
owd_uplink_ms,1.8078,17100000
owd_downlink_ms,-0.0022,17100000
owd_uplink_ms,0.0017,17100000
owd_downlink_ms,-0.0017,17100000
prediction_position_error_mm,2.492426196113229,17100000
prediction_orientation_error_deg,0,17100000
prediction_position_error_mm,3.00710485316813,17200000
prediction_orientation_error_deg,0,17200000
owd_uplink_ms,0.0017,17300000
owd_downlink_ms,1.4218,17300000
owd_uplink_ms,0.0013,17300000
owd_downlink_ms,-0.0013,17300000
prediction_position_error_mm,1.81863724719733,17300000
prediction_orientation_error_deg,0,17300000
prediction_position_error_mm,1.7863992834463716,17400000
prediction_orientation_error_deg,0,17400000
owd_uplink_ms,0.2026,17500000
owd_downlink_ms,-0.0013,17500000
prediction_position_error_mm,1.9930247217416763,17500000
prediction_orientation_error_deg,0,17500000
owd_uplink_ms,0.0013,17600000
owd_downlink_ms,4.9804,17600000
prediction_position_error_mm,2.1220988128334284,17600000
prediction_orientation_error_deg,0,17600000
owd_uplink_ms,1.2672,17700000
owd_downlink_ms,-0.0013,17700000
prediction_position_error_mm,1.8110335804522038,17700000
prediction_orientation_error_deg,0,17700000
owd_uplink_ms,1.1327,17800000
owd_downlink_ms,-0.0013,17800000
prediction_position_error_mm,2.2936160676181316,17800000
prediction_orientation_error_deg,0,17800000
owd_uplink_ms,0.0013,17900000
owd_downlink_ms,5.7623,17900000
prediction_position_error_mm,2.147228457033634,17900000
prediction_orientation_error_deg,0,17900000
prediction_position_error_mm,2.656932221725583,18000000
prediction_orientation_error_deg,0,18000000
owd_uplink_ms,0.9828,18100000
owd_downlink_ms,3.503,18100000
prediction_position_error_mm,2.4108141660690308,18100000
prediction_orientation_error_deg,0,18100000
owd_uplink_ms,5.5515,18200000
owd_downlink_ms,5.6169,18200000
owd_uplink_ms,1.3362,18200000
owd_downlink_ms,-0.0013,18200000
prediction_position_error_mm,1.5692687593400478,18200000
prediction_orientation_error_deg,0,18200000
owd_uplink_ms,2.8486,18300000
owd_downlink_ms,-0.0013,18300000
prediction_position_error_mm,2.619236009195447,18300000
prediction_orientation_error_deg,0,18300000
owd_uplink_ms,0.0013,18400000
owd_downlink_ms,1.8617,18400000
prediction_position_error_mm,3.157698083668947,18400000
prediction_orientation_error_deg,0,18400000
owd_uplink_ms,0.0013,18500000
owd_downlink_ms,4.404,18500000
prediction_position_error_mm,1.6933571314439178,18500000
prediction_orientation_error_deg,0,18500000
owd_uplink_ms,0.6972,18600000
owd_downlink_ms,-0.0013,18600000
owd_uplink_ms,0.001,18600000
owd_downlink_ms,-0.001,18600000
prediction_position_error_mm,2.294759266078472,18600000
prediction_orientation_error_deg,0,18600000
prediction_position_error_mm,1.9702808931469917,18700000
prediction_orientation_error_deg,0,18700000
owd_uplink_ms,2.2582,18800000
owd_downlink_ms,-0.001,18800000
owd_uplink_ms,0.0008,18800000
owd_downlink_ms,-0.0008,18800000
prediction_position_error_mm,2.441528718918562,18800000
prediction_orientation_error_deg,0,18800000
prediction_position_error_mm,2.207005862146616,18900000
prediction_orientation_error_deg,0,18900000
prediction_position_error_mm,2.684718929231167,19000000
prediction_orientation_error_deg,0,19000000
owd_uplink_ms,0.5139,19100000
owd_downlink_ms,2.0638,19100000
owd_uplink_ms,0.0006,19100000
owd_downlink_ms,-0.0006,19100000
prediction_position_error_mm,2.7125051710754633,19100000
prediction_orientation_error_deg,0,19100000
owd_uplink_ms,0.4158,19200000
owd_downlink_ms,1.6997,19200000
owd_uplink_ms,0.0004,19200000
owd_downlink_ms,-0.0004,19200000
prediction_position_error_mm,2.3286754731088877,19200000
prediction_orientation_error_deg,0,19200000
prediction_position_error_mm,1.9695302471518517,19300000
prediction_orientation_error_deg,0,19300000
owd_uplink_ms,0.3273,19400000
owd_downlink_ms,-0.0004,19400000
prediction_position_error_mm,2.4590922985225916,19400000
prediction_orientation_error_deg,0,19400000
owd_uplink_ms,0.0004,19500000
owd_downlink_ms,5.6278,19500000
owd_uplink_ms,0.0003,19500000
owd_downlink_ms,-0.0003,19500000
prediction_position_error_mm,2.1514459513127804,19500000
prediction_orientation_error_deg,0,19500000
owd_uplink_ms,0.0002,19600000
owd_downlink_ms,-0.0002,19600000
prediction_position_error_mm,1.9057090394198895,19600000
prediction_orientation_error_deg,0,19600000
prediction_position_error_mm,2.02023983001709,19700000
prediction_orientation_error_deg,0,19700000
prediction_position_error_mm,2.249959157779813,19800000
prediction_orientation_error_deg,0,19800000
owd_uplink_ms,0.3859,19900000
owd_downlink_ms,1.9736,19900000
owd_uplink_ms,3.9586,19900000
owd_downlink_ms,-0.0002,19900000
prediction_position_error_mm,1.337765483185649,19900000
prediction_orientation_error_deg,0,19900000
owd_uplink_ms,5.472,20000000
owd_downlink_ms,-0.0002,20000000
owd_uplink_ms,0.0001,20000000
owd_downlink_ms,-0.0001,20000000
prediction_position_error_mm,2.601474057883024,20000000
prediction_orientation_error_deg,0,20000000
prediction_position_error_mm,1.5624522930011153,20100000
prediction_orientation_error_deg,0,20100000
prediction_position_error_mm,1.9449683604761958,20200000
prediction_orientation_error_deg,0,20200000
owd_uplink_ms,1.9463,20300000
owd_downlink_ms,4.1214,20300000
prediction_position_error_mm,1.835630158893764,20300000
prediction_orientation_error_deg,0,20300000
owd_uplink_ms,4.2111,20400000
owd_downlink_ms,5.3066,20400000
owd_uplink_ms,5.7206,20400000
owd_downlink_ms,-0.0001,20400000
prediction_position_error_mm,1.2624678201973438,20400000
prediction_orientation_error_deg,0,20400000
prediction_position_error_mm,1.8053081585094333,20500000
prediction_orientation_error_deg,0,20500000
owd_uplink_ms,0.0945,20600000
owd_downlink_ms,0.869,20600000
prediction_position_error_mm,1.8160780891776085,20600000
prediction_orientation_error_deg,0,20600000
owd_uplink_ms,4.7385,20700000
owd_downlink_ms,1.3171,20700000
owd_uplink_ms,3.4499,20700000
owd_downlink_ms,-0.0001,20700000
prediction_position_error_mm,1.2767291627824306,20700000
prediction_orientation_error_deg,0,20700000
prediction_position_error_mm,1.824184786528349,20800000
prediction_orientation_error_deg,0,20800000
owd_uplink_ms,3.565,20900000
owd_downlink_ms,0.2446,20900000
prediction_position_error_mm,1.8163805361837149,20900000
prediction_orientation_error_deg,0,20900000
owd_uplink_ms,2.059,21000000
owd_downlink_ms,1.9394,21000000
prediction_position_error_mm,1.801350968889892,21000000
prediction_orientation_error_deg,0,21000000
owd_uplink_ms,2.519,21100000
owd_downlink_ms,1.9476,21100000
prediction_position_error_mm,1.7807766562327743,21100000
prediction_orientation_error_deg,0,21100000
owd_uplink_ms,0.9691,21200000
owd_downlink_ms,2.65,21200000
owd_uplink_ms,0,21200000
owd_downlink_ms,0,21200000
prediction_position_error_mm,3.4210733138024807,21200000
prediction_orientation_error_deg,0,21200000
owd_uplink_ms,2.9255,21300000
owd_downlink_ms,3.4492,21300000
prediction_position_error_mm,3.8384071085602045,21300000
prediction_orientation_error_deg,0,21300000
owd_uplink_ms,0,21400000
owd_downlink_ms,3.3472,21400000
prediction_position_error_mm,3.039642935618758,21400000
prediction_orientation_error_deg,0,21400000
owd_uplink_ms,0,21500000
owd_downlink_ms,2.8009,21500000
prediction_position_error_mm,1.405005226843059,21500000
prediction_orientation_error_deg,0,21500000
prediction_position_error_mm,1.4262855984270573,21600000
prediction_orientation_error_deg,0,21600000
owd_uplink_ms,0.6104,21700000
owd_downlink_ms,4.5659,21700000
owd_uplink_ms,4.7871,21700000
owd_downlink_ms,0,21700000
prediction_position_error_mm,0.7819132297299802,21700000
prediction_orientation_error_deg,0,21700000
owd_uplink_ms,0,21800000
owd_downlink_ms,0,21800000
prediction_position_error_mm,2.6372731663286686,21800000
prediction_orientation_error_deg,0,21800000
owd_uplink_ms,1.9692,21900000
owd_downlink_ms,3.7538,21900000
prediction_position_error_mm,3.004439640790224,21900000
prediction_orientation_error_deg,0,21900000
owd_uplink_ms,0,22000000
owd_downlink_ms,2.6965,22000000
owd_uplink_ms,0,22000000
owd_downlink_ms,0,22000000
prediction_position_error_mm,1.7020904924720526,22000000
prediction_orientation_error_deg,0,22000000
prediction_position_error_mm,2.0277274306863546,22100000
prediction_orientation_error_deg,0,22100000
prediction_position_error_mm,1.9844227936118841,22200000
prediction_orientation_error_deg,0,22200000
owd_uplink_ms,2.1149,22300000
owd_downlink_ms,5.9123,22300000
prediction_position_error_mm,3.044906072318554,22300000
prediction_orientation_error_deg,0,22300000
owd_uplink_ms,3.8436,22400000
owd_downlink_ms,2.0915,22400000
owd_uplink_ms,0,22400000
owd_downlink_ms,4.6607,22400000
prediction_position_error_mm,1.7863194225355983,22400000
prediction_orientation_error_deg,0,22400000
owd_uplink_ms,2.4332,22500000
owd_downlink_ms,0,22500000
prediction_position_error_mm,1.2463524471968412,22500000
prediction_orientation_error_deg,0,22500000
prediction_position_error_mm,1.3172294711694121,22600000
prediction_orientation_error_deg,0,22600000
owd_uplink_ms,3.8011,22700000
owd_downlink_ms,1.5534,22700000
owd_uplink_ms,0.5155,22700000
owd_downlink_ms,0,22700000
prediction_position_error_mm,0.7794055854901671,22700000
prediction_orientation_error_deg,0,22700000
owd_uplink_ms,5.5076,22800000
owd_downlink_ms,0,22800000
prediction_position_error_mm,3.0486397445201874,22800000
prediction_orientation_error_deg,0,22800000
owd_uplink_ms,0,22900000
owd_downlink_ms,2.3392,22900000
owd_uplink_ms,0,22900000
owd_downlink_ms,0,22900000
prediction_position_error_mm,2.4057829286903143,22900000
prediction_orientation_error_deg,0,22900000
prediction_position_error_mm,1.5924802282825112,23000000
prediction_orientation_error_deg,0,23000000
prediction_position_error_mm,3.1109314877539873,23100000
prediction_orientation_error_deg,0,23100000
owd_uplink_ms,0,23200000
owd_downlink_ms,0.5339,23200000
owd_uplink_ms,2.6886,23200000
owd_downlink_ms,5.3243,23200000
owd_uplink_ms,0,23200000
owd_downlink_ms,0,23200000
prediction_position_error_mm,1.784906373359263,23200000
prediction_orientation_error_deg,0,23200000
owd_uplink_ms,0,23300000
owd_downlink_ms,0,23300000
prediction_position_error_mm,1.4871469466015697,23300000
prediction_orientation_error_deg,0,23300000
prediction_position_error_mm,2.6407712139189243,23400000
prediction_orientation_error_deg,0,23400000
owd_uplink_ms,3.4948,23500000
owd_downlink_ms,0,23500000
prediction_position_error_mm,1.5161482151597738,23500000
prediction_orientation_error_deg,0,23500000
owd_uplink_ms,0,23600000
owd_downlink_ms,2.9134,23600000
prediction_position_error_mm,2.7647316455841064,23600000
prediction_orientation_error_deg,0,23600000
owd_uplink_ms,0,23700000
owd_downlink_ms,0,23700000
prediction_position_error_mm,1.6006893711164594,23700000
prediction_orientation_error_deg,0,23700000
owd_uplink_ms,4.403,23800000
owd_downlink_ms,0.8031,23800000
prediction_position_error_mm,2.827207325026393,23800000
prediction_orientation_error_deg,0,23800000
owd_uplink_ms,3.5147,23900000
owd_downlink_ms,0,23900000
prediction_position_error_mm,1.7138345865532756,23900000
prediction_orientation_error_deg,0,23900000
owd_uplink_ms,0,24000000
owd_downlink_ms,5.2502,24000000
prediction_position_error_mm,2.8487539384514093,24000000
prediction_orientation_error_deg,0,24000000
prediction_position_error_mm,2.724706195294857,24100000
prediction_orientation_error_deg,0,24100000
owd_uplink_ms,5.1602,24200000
owd_downlink_ms,0.6815,24200000
prediction_position_error_mm,3.444093745201826,24200000
prediction_orientation_error_deg,0,24200000
owd_uplink_ms,5.1057,24300000
owd_downlink_ms,2.714,24300000
owd_uplink_ms,0,24300000
owd_downlink_ms,5.2833,24300000
prediction_position_error_mm,2.140865195542574,24300000
prediction_orientation_error_deg,0,24300000
prediction_position_error_mm,3.3284779638051987,24400000
prediction_orientation_error_deg,0,24400000
owd_uplink_ms,1.3189,24500000
owd_downlink_ms,4.2798,24500000
owd_uplink_ms,0,24500000
owd_downlink_ms,4.9123,24500000
prediction_position_error_mm,2.791178645566106,24500000
prediction_orientation_error_deg,0,24500000
owd_uplink_ms,0,24600000
owd_downlink_ms,4.9723,24600000
owd_uplink_ms,0,24600000
owd_downlink_ms,0,24600000
prediction_position_error_mm,1.6558172646909952,24600000
prediction_orientation_error_deg,0,24600000
prediction_position_error_mm,2.868907991796732,24700000
prediction_orientation_error_deg,0,24700000
prediction_position_error_mm,2.7029120828956366,24800000
prediction_orientation_error_deg,0,24800000
owd_uplink_ms,5.1459,24900000
owd_downlink_ms,5.5634,24900000
owd_uplink_ms,0.1108,24900000
owd_downlink_ms,0,24900000
prediction_position_error_mm,2.349110320210457,24900000
prediction_orientation_error_deg,0,24900000
owd_uplink_ms,0,25000000
owd_downlink_ms,2.2505,25000000
prediction_position_error_mm,2.7273129671812057,25000000
prediction_orientation_error_deg,0,25000000
owd_uplink_ms,0,25100000
owd_downlink_ms,0.4823,25100000
prediction_position_error_mm,2.23930599167943,25100000
prediction_orientation_error_deg,0,25100000
owd_uplink_ms,0,25200000
owd_downlink_ms,3.5033,25200000
prediction_position_error_mm,1.8640188500285149,25200000
prediction_orientation_error_deg,0,25200000
owd_uplink_ms,0,25300000
owd_downlink_ms,2.8369,25300000
prediction_position_error_mm,3.2628949265927076,25300000
prediction_orientation_error_deg,0,25300000
owd_uplink_ms,0,25400000
owd_downlink_ms,0,25400000
prediction_position_error_mm,1.3186129508540034,25400000
prediction_orientation_error_deg,0,25400000
owd_uplink_ms,5.125,25500000
owd_downlink_ms,4.626,25500000
prediction_position_error_mm,1.6263591824099422,25500000
prediction_orientation_error_deg,0,25500000
owd_uplink_ms,0,25600000
owd_downlink_ms,4.308,25600000
prediction_position_error_mm,3.5341058392077684,25600000
prediction_orientation_error_deg,0,25600000
prediction_position_error_mm,1.7450699815526605,25700000
prediction_orientation_error_deg,0,25700000
owd_uplink_ms,0,25800000
owd_downlink_ms,2.7776,25800000
owd_uplink_ms,0.2842,25800000
owd_downlink_ms,5.4436,25800000
owd_uplink_ms,0,25800000
owd_downlink_ms,0,25800000
prediction_position_error_mm,1.0789029765874147,25800000
prediction_orientation_error_deg,0,25800000
prediction_position_error_mm,3.677293425425887,25900000
prediction_orientation_error_deg,0,25900000
prediction_position_error_mm,1.7079414101317525,26000000
prediction_orientation_error_deg,0,26000000
owd_uplink_ms,0,26100000
owd_downlink_ms,0.4493,26100000
owd_uplink_ms,0.9519,26100000
owd_downlink_ms,2.8048,26100000
prediction_position_error_mm,3.638568567112088,26100000
prediction_orientation_error_deg,0,26100000
owd_uplink_ms,2.8477,26200000
owd_downlink_ms,0,26200000
prediction_position_error_mm,2.416344825178385,26200000
prediction_orientation_error_deg,0,26200000
owd_uplink_ms,5.6363,26300000
owd_downlink_ms,0,26300000
prediction_position_error_mm,1.5351709444075823,26300000
prediction_orientation_error_deg,0,26300000
owd_uplink_ms,3.9144,26400000
owd_downlink_ms,0,26400000
prediction_position_error_mm,0.9130287216976285,26400000
prediction_orientation_error_deg,0,26400000
owd_uplink_ms,0.1661,26500000
owd_downlink_ms,0,26500000
prediction_position_error_mm,0.5744503578171134,26500000
prediction_orientation_error_deg,0,26500000
owd_uplink_ms,0,26600000
owd_downlink_ms,0,26600000
correction_magnitude_mm,5.230071488767862,26600000
correction_magnitude_deg,0,26600000
prediction_position_error_mm,3.6610367242246866,26600000
prediction_orientation_error_deg,0,26600000
owd_uplink_ms,5.4594,26700000
owd_downlink_ms,2.0087,26700000
prediction_position_error_mm,4.052614327520132,26700000
prediction_orientation_error_deg,0,26700000
owd_uplink_ms,0,26800000
owd_downlink_ms,4.6072,26800000
prediction_position_error_mm,1.9024001667276025,26800000
prediction_orientation_error_deg,0,26800000
prediction_position_error_mm,1.7108049942180514,26900000
prediction_orientation_error_deg,0,26900000
owd_uplink_ms,3.2973,27000000
owd_downlink_ms,4.4554,27000000
owd_uplink_ms,0,27000000
owd_downlink_ms,0,27000000
prediction_position_error_mm,2.9508834704756737,27000000
prediction_orientation_error_deg,0,27000000
owd_uplink_ms,3.4246,27100000
owd_downlink_ms,0.6637,27100000
prediction_position_error_mm,1.9038739847019315,27100000
prediction_orientation_error_deg,0,27100000
owd_uplink_ms,3.0847,27200000
owd_downlink_ms,0,27200000
prediction_position_error_mm,2.435071859508753,27200000
prediction_orientation_error_deg,0,27200000
owd_uplink_ms,0,27300000
owd_downlink_ms,0.5191,27300000
prediction_position_error_mm,2.493669278919697,27300000
prediction_orientation_error_deg,0,27300000
prediction_position_error_mm,2.353146905079484,27400000
prediction_orientation_error_deg,0,27400000
owd_uplink_ms,4.75,27500000
owd_downlink_ms,4.9432,27500000
prediction_position_error_mm,3.8304387126117945,27500000
prediction_orientation_error_deg,0,27500000
owd_uplink_ms,0,27600000
owd_downlink_ms,1.9199,27600000
owd_uplink_ms,5.2517,27600000
owd_downlink_ms,5.5795,27600000
prediction_position_error_mm,2.3294705897569656,27600000
prediction_orientation_error_deg,0,27600000
prediction_position_error_mm,2.2208555601537228,27700000
prediction_orientation_error_deg,0,27700000
owd_uplink_ms,3.4555,27800000
owd_downlink_ms,4.2131,27800000
prediction_position_error_mm,1.4363897498697042,27800000
prediction_orientation_error_deg,0,27800000
owd_uplink_ms,5.5917,27900000
owd_downlink_ms,3.2488,27900000
owd_uplink_ms,5.2299,27900000
owd_downlink_ms,0,27900000
prediction_position_error_mm,0.6355342920869589,27900000
prediction_orientation_error_deg,0,27900000
prediction_position_error_mm,5.045518279075623,28000000
prediction_orientation_error_deg,0,28000000
owd_uplink_ms,3.3272,28100000
owd_downlink_ms,0.0477,28100000
correction_magnitude_mm,5.045518279075623,28000000
correction_magnitude_deg,0,28000000
owd_uplink_ms,0,28100000
owd_downlink_ms,2.4866,28100000
prediction_position_error_mm,1.517921220511198,28100000
prediction_orientation_error_deg,0,28100000
prediction_position_error_mm,1.4173557283356786,28200000
prediction_orientation_error_deg,0,28200000
owd_uplink_ms,1.806,28300000
owd_downlink_ms,2.02,28300000
owd_uplink_ms,3.3797,28300000
owd_downlink_ms,0,28300000
prediction_position_error_mm,0.6404030718840659,28300000
prediction_orientation_error_deg,0,28300000
prediction_position_error_mm,0.6363028078339994,28400000
prediction_orientation_error_deg,0,28400000
owd_uplink_ms,0.691,28500000
owd_downlink_ms,4.7366,28500000
owd_uplink_ms,2.1832,28500000
owd_downlink_ms,0,28500000
prediction_position_error_mm,0.404477323172614,28500000
prediction_orientation_error_deg,0,28500000
owd_uplink_ms,1.081,28600000
owd_downlink_ms,0,28600000
prediction_position_error_mm,0.45014667557552457,28600000
prediction_orientation_error_deg,0,28600000
owd_uplink_ms,0,28700000
owd_downlink_ms,0,28700000
correction_magnitude_mm,5.732936318963766,28700000
correction_magnitude_deg,0,28700000
prediction_position_error_mm,4.013034515082836,28700000
prediction_orientation_error_deg,0,28700000
owd_uplink_ms,3.2095,28800000
owd_downlink_ms,0.7641,28800000
prediction_position_error_mm,1.1375262401998043,28800000
prediction_orientation_error_deg,0,28800000
prediction_position_error_mm,1.0814303532242775,28900000
prediction_orientation_error_deg,0,28900000
owd_uplink_ms,5.7691,29000000
owd_downlink_ms,2.8724,29000000
owd_uplink_ms,4.3539,29000000
owd_downlink_ms,0,29000000
prediction_position_error_mm,0.5052218912169337,29000000
prediction_orientation_error_deg,0,29000000
owd_uplink_ms,0,29100000
owd_downlink_ms,0,29100000
correction_magnitude_mm,5.070609040558338,29100000
correction_magnitude_deg,0,29100000
prediction_position_error_mm,3.549442160874605,29100000
prediction_orientation_error_deg,0,29100000
owd_uplink_ms,5.2793,29200000
owd_downlink_ms,5.768,29200000
prediction_position_error_mm,1.6983180539682508,29200000
prediction_orientation_error_deg,0,29200000
prediction_position_error_mm,1.6944876406341791,29300000
prediction_orientation_error_deg,0,29300000
owd_uplink_ms,1.0188,29400000
owd_downlink_ms,0.2196,29400000
prediction_position_error_mm,1.1677067959681153,29400000
prediction_orientation_error_deg,0,29400000
owd_uplink_ms,2.749,29500000
owd_downlink_ms,4.3091,29500000
owd_uplink_ms,5.7393,29500000
owd_downlink_ms,0,29500000
prediction_position_error_mm,3.263263963162899,29500000
prediction_orientation_error_deg,0,29500000
owd_uplink_ms,0,29600000
owd_downlink_ms,4.0299,29600000
prediction_position_error_mm,2.060112077742815,29600000
prediction_orientation_error_deg,0,29600000
owd_uplink_ms,0.6214,29700000
owd_downlink_ms,0,29700000
owd_uplink_ms,0,29700000
owd_downlink_ms,0,29700000
prediction_position_error_mm,2.3073984775692225,29700000
prediction_orientation_error_deg,0,29700000
owd_uplink_ms,0,29800000
owd_downlink_ms,0,29800000
prediction_position_error_mm,1.6071441350504756,29800000
prediction_orientation_error_deg,0,29800000
prediction_position_error_mm,3.8388909306377172,29900000
prediction_orientation_error_deg,0,29900000
prediction_position_error_mm,1.5105915954336524,30000000
prediction_orientation_error_deg,0,30000000
owd_uplink_ms,0.3508,30100000
owd_downlink_ms,0.1815,30100000
owd_uplink_ms,0,30100000
owd_downlink_ms,2.8538,30100000
prediction_position_error_mm,4.470506217330694,30100000
prediction_orientation_error_deg,0,30100000
owd_uplink_ms,2.1318,30200000
owd_downlink_ms,0,30200000
prediction_position_error_mm,0.7324652397073805,30200000
prediction_orientation_error_deg,0,30200000
owd_uplink_ms,0,30300000
owd_downlink_ms,3.4519,30300000
prediction_position_error_mm,4.926153924316168,30300000
prediction_orientation_error_deg,0,30300000
prediction_position_error_mm,0.8762339712120593,30400000
prediction_orientation_error_deg,0,30400000
owd_uplink_ms,0,30500000
owd_downlink_ms,3.2468,30500000
owd_uplink_ms,4.8364,30500000
owd_downlink_ms,4.9481,30500000
prediction_position_error_mm,0.7394166314043105,30500000
prediction_orientation_error_deg,0,30500000
owd_uplink_ms,0,30600000
owd_downlink_ms,3.7501,30600000
prediction_position_error_mm,5.377825349569321,30600000
prediction_orientation_error_deg,0,30600000
prediction_position_error_mm,5.510019604116678,30700000
prediction_orientation_error_deg,0,30700000
owd_uplink_ms,0.4836,30800000
owd_downlink_ms,2.5119,30800000
correction_magnitude_mm,5.510019604116678,30700000
correction_magnitude_deg,0,30700000
owd_uplink_ms,0.9694,30800000
owd_downlink_ms,0,30800000
prediction_position_error_mm,2.736935159191489,30800000
prediction_orientation_error_deg,0,30800000
prediction_position_error_mm,2.6788713876158,30900000
prediction_orientation_error_deg,0,30900000
owd_uplink_ms,2.2293,31000000
owd_downlink_ms,2.4622,31000000
prediction_position_error_mm,1.7485374119132757,31000000
prediction_orientation_error_deg,0,31000000
owd_uplink_ms,3.3925,31100000
owd_downlink_ms,4.3974,31100000
prediction_position_error_mm,1.0682225693017244,31100000
prediction_orientation_error_deg,0,31100000
owd_uplink_ms,5.4387,31200000
owd_downlink_ms,4.5608,31200000
prediction_position_error_mm,0.6146738887764513,31200000
prediction_orientation_error_deg,0,31200000
owd_uplink_ms,1.7323,31300000
owd_downlink_ms,0.8855,31300000
owd_uplink_ms,3.0063,31300000
owd_downlink_ms,0,31300000
prediction_position_error_mm,0.2897233935073018,31300000
prediction_orientation_error_deg,0,31300000
prediction_position_error_mm,0.4446078964974731,31400000
prediction_orientation_error_deg,0,31400000
owd_uplink_ms,4.948,31500000
owd_downlink_ms,1.3467,31500000
owd_uplink_ms,4.7535,31500000
owd_downlink_ms,0,31500000
correction_magnitude_mm,5.702795926481485,31500000
correction_magnitude_deg,0,31500000
prediction_position_error_mm,3.9919475093483925,31500000
prediction_orientation_error_deg,0,31500000
owd_uplink_ms,0,31600000
owd_downlink_ms,5.8738,31600000
prediction_position_error_mm,4.069931339472532,31600000
prediction_orientation_error_deg,0,31600000
owd_uplink_ms,0,31700000
owd_downlink_ms,2.588,31700000
prediction_position_error_mm,2.5107499677687883,31700000
prediction_orientation_error_deg,0,31700000
owd_uplink_ms,1.2809,31800000
owd_downlink_ms,0,31800000
prediction_position_error_mm,1.8036122201010585,31800000
prediction_orientation_error_deg,0,31800000
prediction_position_error_mm,1.839255215600133,31900000
prediction_orientation_error_deg,0,31900000
owd_uplink_ms,1.7303,32000000
owd_downlink_ms,1.4249,32000000
owd_uplink_ms,2.9114,32000000
owd_downlink_ms,0,32000000
prediction_position_error_mm,0.8955004159361124,32000000
prediction_orientation_error_deg,0,32000000
prediction_position_error_mm,4.4774021953344345,32100000
prediction_orientation_error_deg,0,32100000
owd_uplink_ms,3.0782,32200000
owd_downlink_ms,4.1192,32200000
owd_uplink_ms,0,32200000
owd_downlink_ms,4.662,32200000
prediction_position_error_mm,2.232832135632634,32200000
prediction_orientation_error_deg,0,32200000
owd_uplink_ms,2.297,32300000
owd_downlink_ms,0,32300000
prediction_position_error_mm,2.0917144138365984,32300000
prediction_orientation_error_deg,0,32300000
owd_uplink_ms,0,32400000
owd_downlink_ms,1.4674,32400000
owd_uplink_ms,0,32400000
owd_downlink_ms,0,32400000
prediction_position_error_mm,1.3812375254929066,32400000
prediction_orientation_error_deg,0,32400000
prediction_position_error_mm,4.099100828170776,32500000
prediction_orientation_error_deg,0,32500000
prediction_position_error_mm,4.310420248657465,32600000
prediction_orientation_error_deg,0,32600000
owd_uplink_ms,0.8892,32700000
owd_downlink_ms,2.8964,32700000
prediction_position_error_mm,3.174026031047106,32700000
prediction_orientation_error_deg,0,32700000
owd_uplink_ms,5.3405,32800000
owd_downlink_ms,4.611,32800000
prediction_position_error_mm,2.29481584392488,32800000
prediction_orientation_error_deg,0,32800000
owd_uplink_ms,1.6002,32900000
owd_downlink_ms,4.2339,32900000
prediction_position_error_mm,1.624031807295978,32900000
prediction_orientation_error_deg,0,32900000
owd_uplink_ms,5.9707,33000000
owd_downlink_ms,0.5346,33000000
prediction_position_error_mm,1.1221787426620722,33000000
prediction_orientation_error_deg,0,33000000
owd_uplink_ms,2.6604,33100000
owd_downlink_ms,5.8032,33100000
owd_uplink_ms,0,33100000
owd_downlink_ms,0,33100000
prediction_position_error_mm,3.1544475350528955,33100000
prediction_orientation_error_deg,0,33100000
owd_uplink_ms,3.6276,33200000
owd_downlink_ms,3.5831,33200000
prediction_position_error_mm,2.1397522650659084,33200000
prediction_orientation_error_deg,0,33200000
prediction_position_error_mm,2.974723931401968,33300000
prediction_orientation_error_deg,0,33300000
owd_uplink_ms,3.8814,33400000
owd_downlink_ms,2.0244,33400000
owd_uplink_ms,0,33400000
owd_downlink_ms,4.8092,33400000
prediction_position_error_mm,3.264855593442917,33400000
prediction_orientation_error_deg,0,33400000
owd_uplink_ms,3.9946,33500000
owd_downlink_ms,0,33500000
prediction_position_error_mm,2.404933562502265,33500000
prediction_orientation_error_deg,0,33500000
prediction_position_error_mm,2.6542923878878355,33600000
prediction_orientation_error_deg,0,33600000
owd_uplink_ms,0,33700000
owd_downlink_ms,2.4359,33700000
owd_uplink_ms,2.5256,33700000
owd_downlink_ms,4.5399,33700000
prediction_position_error_mm,3.5224459134042263,33700000
prediction_orientation_error_deg,0,33700000
prediction_position_error_mm,1.4570432249456644,33800000
prediction_orientation_error_deg,0,33800000
owd_uplink_ms,4.0519,33900000
owd_downlink_ms,0.5387,33900000
owd_uplink_ms,0,33900000
owd_downlink_ms,3.6286,33900000
prediction_position_error_mm,0.8192383102141321,33900000
prediction_orientation_error_deg,0,33900000
owd_uplink_ms,0,34000000
owd_downlink_ms,3.3593,34000000
prediction_position_error_mm,4.910606425255537,34000000
prediction_orientation_error_deg,0,34000000
prediction_position_error_mm,5.225223954766989,34100000
prediction_orientation_error_deg,0,34100000
owd_uplink_ms,5.5244,34200000
owd_downlink_ms,4.4399,34200000
correction_magnitude_mm,5.225223954766989,34100000
correction_magnitude_deg,0,34100000
prediction_position_error_mm,3.9103683084249496,34200000
prediction_orientation_error_deg,0,34200000
owd_uplink_ms,0.5393,34300000
owd_downlink_ms,2.2819,34300000
prediction_position_error_mm,2.8901048935949802,34300000
prediction_orientation_error_deg,0,34300000
owd_uplink_ms,4.4569,34400000
owd_downlink_ms,1.4752,34400000
owd_uplink_ms,2.1246,34400000
owd_downlink_ms,0,34400000
prediction_position_error_mm,2.0692129619419575,34400000
prediction_orientation_error_deg,0,34400000
owd_uplink_ms,0,34500000
owd_downlink_ms,5.9237,34500000
prediction_position_error_mm,3.1490258406847715,34500000
prediction_orientation_error_deg,0,34500000
owd_uplink_ms,5.9331,34600000
owd_downlink_ms,0,34600000
prediction_position_error_mm,2.345605753362179,34600000
prediction_orientation_error_deg,0,34600000
prediction_position_error_mm,2.5163779500871897,34700000
prediction_orientation_error_deg,0,34700000
owd_uplink_ms,1.4442,34800000
owd_downlink_ms,0.1604,34800000
prediction_position_error_mm,1.876923139207065,34800000
prediction_orientation_error_deg,0,34800000
owd_uplink_ms,5.2368,34900000
owd_downlink_ms,5.1098,34900000
prediction_position_error_mm,1.3942884979769588,34900000
prediction_orientation_error_deg,0,34900000
owd_uplink_ms,3.9929,35000000
owd_downlink_ms,0.9389,35000000
prediction_position_error_mm,3.918464295566082,35000000
prediction_orientation_error_deg,0,35000000
owd_uplink_ms,0.8025,35100000
owd_downlink_ms,0.5079,35100000
owd_uplink_ms,0,35100000
owd_downlink_ms,4.9716,35100000
prediction_position_error_mm,2.3613059893250465,35100000
prediction_orientation_error_deg,0,35100000
prediction_position_error_mm,2.5688637979328632,35200000
prediction_orientation_error_deg,0,35200000
owd_uplink_ms,4.0986,35300000
owd_downlink_ms,5.6935,35300000
owd_uplink_ms,1.2869,35300000
owd_downlink_ms,0,35300000
prediction_position_error_mm,1.3922839425504208,35300000
prediction_orientation_error_deg,0,35300000
owd_uplink_ms,0.4755,35400000
owd_downlink_ms,0,35400000
prediction_position_error_mm,1.0820765746757388,35400000
prediction_orientation_error_deg,0,35400000
prediction_position_error_mm,1.2123886262997985,35500000
prediction_orientation_error_deg,0,35500000
owd_uplink_ms,0.3345,35600000
owd_downlink_ms,0.4933,35600000
prediction_position_error_mm,3.856369061395526,35600000
prediction_orientation_error_deg,0,35600000
owd_uplink_ms,1.5103,35700000
owd_downlink_ms,5.7745,35700000
owd_uplink_ms,0,35700000
owd_downlink_ms,5.8092,35700000
prediction_position_error_mm,2.4432679638266563,35700000
prediction_orientation_error_deg,0,35700000
owd_uplink_ms,0,35800000
owd_downlink_ms,0.9136,35800000
prediction_position_error_mm,1.364798517897725,35800000
prediction_orientation_error_deg,0,35800000
owd_uplink_ms,0,35900000
owd_downlink_ms,3.0093,35900000
prediction_position_error_mm,0.5707051604986191,35900000
prediction_orientation_error_deg,0,35900000
owd_uplink_ms,0,36000000
owd_downlink_ms,3.5523,36000000
prediction_position_error_mm,0.2553577651269734,36000000
prediction_orientation_error_deg,0,36000000
owd_uplink_ms,0,36100000
owd_downlink_ms,4.5403,36100000
prediction_position_error_mm,0.5979080451652408,36100000
prediction_orientation_error_deg,0,36100000
owd_uplink_ms,0,36200000
owd_downlink_ms,4.6503,36200000
prediction_position_error_mm,5.51564572378993,36200000
prediction_orientation_error_deg,0,36200000
prediction_position_error_mm,6.008244585245848,36300000
prediction_orientation_error_deg,0,36300000
owd_uplink_ms,2.2877,36400000
owd_downlink_ms,2.6151,36400000
correction_magnitude_mm,6.008244585245848,36300000
correction_magnitude_deg,0,36300000
owd_uplink_ms,4.5386,36400000
owd_downlink_ms,0,36400000
prediction_position_error_mm,0.20224417676217854,36400000
prediction_orientation_error_deg,0,36400000
owd_uplink_ms,0.1162,36500000
owd_downlink_ms,1.0462,36500000
prediction_position_error_mm,4.825098905712366,36500000
prediction_orientation_error_deg,0,36500000
prediction_position_error_mm,5.122683476656675,36600000
prediction_orientation_error_deg,0,36600000
owd_uplink_ms,2.4691,36700000
owd_downlink_ms,1.8984,36700000
correction_magnitude_mm,5.1787435077130795,36601162
correction_magnitude_deg,0,36601162
owd_uplink_ms,5.3891,36700000
owd_downlink_ms,-0.1162,36700000
prediction_position_error_mm,0.8625515620224178,36700000
prediction_orientation_error_deg,0,36700000
owd_uplink_ms,0.0956,36800000
owd_downlink_ms,-0.0685,36800000
prediction_position_error_mm,1.085519790649414,36800000
prediction_orientation_error_deg,0,36800000
owd_uplink_ms,0.0956,36900000
owd_downlink_ms,3.6715,36900000
prediction_position_error_mm,4.685514606535435,36900000
prediction_orientation_error_deg,0,36900000
owd_uplink_ms,1.5436,37000000
owd_downlink_ms,-0.0956,37000000
correction_magnitude_mm,5.123632960021496,37000956
correction_magnitude_deg,0,37000956
prediction_position_error_mm,3.542659105733037,37000000
prediction_orientation_error_deg,0,37000000
owd_uplink_ms,4.0638,37100000
owd_downlink_ms,-0.0956,37100000
prediction_position_error_mm,2.7170609682798386,37100000
prediction_orientation_error_deg,0,37100000
prediction_position_error_mm,2.020463114604354,37200000
prediction_orientation_error_deg,0,37200000
owd_uplink_ms,4.8876,37300000
owd_downlink_ms,0.7781,37300000
owd_uplink_ms,0.0956,37300000
owd_downlink_ms,1.559,37300000
prediction_position_error_mm,3.640198614448309,37300000
prediction_orientation_error_deg,0,37300000
owd_uplink_ms,0.0764,37400000
owd_downlink_ms,-0.0764,37400000
prediction_position_error_mm,0.9880528086796403,37400000
prediction_orientation_error_deg,0,37400000
owd_uplink_ms,0.8841,37500000
owd_downlink_ms,3.4227,37500000
owd_uplink_ms,0.0611,37500000
owd_downlink_ms,-0.0611,37500000
prediction_position_error_mm,0.7775801350362599,37500000
prediction_orientation_error_deg,0,37500000
prediction_position_error_mm,4.705465864390135,37600000
prediction_orientation_error_deg,0,37600000
prediction_position_error_mm,1.345923519693315,37700000
prediction_orientation_error_deg,0,37700000
owd_uplink_ms,0.0611,37800000
owd_downlink_ms,2.6442,37800000
owd_uplink_ms,1.2347,37800000
owd_downlink_ms,3.9363,37800000
owd_uplink_ms,0.0488,37800000
owd_downlink_ms,-0.0488,37800000
prediction_position_error_mm,0.9261888917535543,37800000
prediction_orientation_error_deg,0,37800000
prediction_position_error_mm,5.3263879381120205,37900000
prediction_orientation_error_deg,0,37900000
owd_uplink_ms,1.6872,38000000
owd_downlink_ms,-0.0488,38000000
owd_uplink_ms,0.039,38000000
owd_downlink_ms,-0.039,38000000
prediction_position_error_mm,1.2509130174294114,38000000
prediction_orientation_error_deg,0,38000000
owd_uplink_ms,0.0312,38100000
owd_downlink_ms,-0.0312,38100000
prediction_position_error_mm,1.2007588520646095,38100000
prediction_orientation_error_deg,0,38100000
owd_uplink_ms,0.0249,38200000
owd_downlink_ms,-0.0249,38200000
prediction_position_error_mm,1.1565980967134237,38200000
prediction_orientation_error_deg,0,38200000
prediction_position_error_mm,1.599818584509194,38300000
prediction_orientation_error_deg,0,38300000
owd_uplink_ms,0.0249,38400000
owd_downlink_ms,1.6903,38400000
owd_uplink_ms,0.0199,38400000
owd_downlink_ms,-0.0199,38400000
prediction_position_error_mm,1.0813456028699875,38400000
prediction_orientation_error_deg,0,38400000
owd_uplink_ms,0.0159,38500000
owd_downlink_ms,-0.0159,38500000
prediction_position_error_mm,1.04984687641263,38500000
prediction_orientation_error_deg,0,38500000
prediction_position_error_mm,5.37981279194355,38600000
prediction_orientation_error_deg,0,38600000
prediction_position_error_mm,5.7953218929469585,38700000
prediction_orientation_error_deg,0,38700000
owd_uplink_ms,1.214,38800000
owd_downlink_ms,3.6455,38800000
correction_magnitude_mm,5.802216939628124,38700159
correction_magnitude_deg,0,38700159
prediction_position_error_mm,4.417971707880497,38800000
prediction_orientation_error_deg,0,38800000
owd_uplink_ms,3.5749,38900000
owd_downlink_ms,5.2107,38900000
owd_uplink_ms,0.7091,38900000
owd_downlink_ms,-0.0159,38900000
prediction_position_error_mm,2.347764791920781,38900000
prediction_orientation_error_deg,0,38900000
prediction_position_error_mm,2.548348158597946,39000000
prediction_orientation_error_deg,0,39000000
owd_uplink_ms,1.2483,39100000
owd_downlink_ms,3.2404,39100000
owd_uplink_ms,2.4681,39100000
owd_downlink_ms,-0.0159,39100000
prediction_position_error_mm,1.3579287333413959,39100000
prediction_orientation_error_deg,0,39100000
owd_uplink_ms,3.9262,39200000
owd_downlink_ms,-0.0159,39200000
prediction_position_error_mm,1.0461208876222372,39200000
prediction_orientation_error_deg,0,39200000
prediction_position_error_mm,1.1778264306485653,39300000
prediction_orientation_error_deg,0,39300000
owd_uplink_ms,1.1363,39400000
owd_downlink_ms,5.7994,39400000
prediction_position_error_mm,0.9572719573043287,39400000
prediction_orientation_error_deg,0,39400000
owd_uplink_ms,2.0135,39500000
owd_downlink_ms,2.8134,39500000
prediction_position_error_mm,2.7979991864413023,39500000
prediction_orientation_error_deg,0,39500000
owd_uplink_ms,0.0159,39600000
owd_downlink_ms,3.8283,39600000
owd_uplink_ms,5.8101,39600000
owd_downlink_ms,4.6625,39600000
prediction_position_error_mm,1.9028771203011274,39600000
prediction_orientation_error_deg,0,39600000
prediction_position_error_mm,2.2042810451239347,39700000
prediction_orientation_error_deg,0,39700000
owd_uplink_ms,4.8762,39800000
owd_downlink_ms,2.2385,39800000
owd_uplink_ms,0.0127,39800000
owd_downlink_ms,-0.0127,39800000
prediction_position_error_mm,1.1614308459684253,39800000
prediction_orientation_error_deg,0,39800000
owd_uplink_ms,2.3,39900000
owd_downlink_ms,0.5286,39900000
prediction_position_error_mm,2.726674312725663,39900000
prediction_orientation_error_deg,0,39900000
owd_uplink_ms,0.0101,40000000
owd_downlink_ms,-0.0101,40000000
prediction_position_error_mm,0.2648687222972512,40000000
prediction_orientation_error_deg,0,40000000
owd_uplink_ms,1.2948,40100000
owd_downlink_ms,5.9273,40100000
prediction_position_error_mm,0.4261935537215322,40100000
prediction_orientation_error_deg,0,40100000
owd_uplink_ms,0.0101,40200000
owd_downlink_ms,5.8507,40200000
prediction_position_error_mm,4.103573504835367,40200000
prediction_orientation_error_deg,0,40200000
prediction_position_error_mm,4.648647271096706,40300000
prediction_orientation_error_deg,0,40300000
owd_uplink_ms,5.9423,40400000
owd_downlink_ms,2.023,40400000
owd_uplink_ms,4.7506,40400000
owd_downlink_ms,-0.0101,40400000
prediction_position_error_mm,2.6372855063527822,40400000
prediction_orientation_error_deg,0,40400000
prediction_position_error_mm,3.0813899356871843,40500000
prediction_orientation_error_deg,0,40500000
owd_uplink_ms,4.4856,40600000
owd_downlink_ms,0.0482,40600000
prediction_position_error_mm,0.6864528986625373,40600000
prediction_orientation_error_deg,0,40600000
owd_uplink_ms,0.0101,40700000
owd_downlink_ms,0.2194,40700000
owd_uplink_ms,2.7257,40700000
owd_downlink_ms,2.0926,40700000
prediction_position_error_mm,3.1791836954653263,40700000
prediction_orientation_error_deg,0,40700000
owd_uplink_ms,1.5854,40800000
owd_downlink_ms,-0.0101,40800000
prediction_position_error_mm,2.5699748657643795,40800000
prediction_orientation_error_deg,0,40800000
owd_uplink_ms,5.493,40900000
owd_downlink_ms,-0.0101,40900000
owd_uplink_ms,0.008,40900000
owd_downlink_ms,-0.008,40900000
prediction_position_error_mm,0.2256760053569451,40900000
prediction_orientation_error_deg,0,40900000
prediction_position_error_mm,3.5631933715194464,41000000
prediction_orientation_error_deg,0,41000000
prediction_position_error_mm,4.127796273678541,41100000
prediction_orientation_error_deg,0,41100000
owd_uplink_ms,2.2665,41200000
owd_downlink_ms,4.6506,41200000
prediction_position_error_mm,3.434436395764351,41200000
prediction_orientation_error_deg,0,41200000
owd_uplink_ms,1.1019,41300000
owd_downlink_ms,1.8121,41300000
prediction_position_error_mm,0.33323117531836033,41300000
prediction_orientation_error_deg,0,41300000
owd_uplink_ms,0.008,41400000
owd_downlink_ms,0.5146,41400000
owd_uplink_ms,5.1217,41400000
owd_downlink_ms,5.597,41400000
prediction_position_error_mm,0.6502157775685191,41400000
prediction_orientation_error_deg,0,41400000
owd_uplink_ms,0.008,41500000
owd_downlink_ms,3.8315,41500000
prediction_position_error_mm,3.779469057917595,41500000
prediction_orientation_error_deg,0,41500000
prediction_position_error_mm,4.376952536404133,41600000
prediction_orientation_error_deg,0,41600000
owd_uplink_ms,4.072,41700000
owd_downlink_ms,0.9956,41700000
owd_uplink_ms,1.157,41700000
owd_downlink_ms,-0.008,41700000
prediction_position_error_mm,2.5469313841313124,41700000
prediction_orientation_error_deg,0,41700000
prediction_position_error_mm,3.0588360968977213,41800000
prediction_orientation_error_deg,0,41800000
owd_uplink_ms,1.2909,41900000
owd_downlink_ms,1.348,41900000
owd_uplink_ms,2.9612,41900000
owd_downlink_ms,-0.008,41900000
prediction_position_error_mm,1.8232689471915364,41900000
prediction_orientation_error_deg,0,41900000
owd_uplink_ms,2.1719,42000000
owd_downlink_ms,-0.008,42000000
prediction_position_error_mm,0.30746296397410333,42000000
prediction_orientation_error_deg,0,42000000
owd_uplink_ms,0.008,42100000
owd_downlink_ms,5.7307,42100000
prediction_position_error_mm,2.825310453772545,42100000
prediction_orientation_error_deg,0,42100000
prediction_position_error_mm,3.356453264132142,42200000
prediction_orientation_error_deg,0,42200000
owd_uplink_ms,0.8241,42300000
owd_downlink_ms,5.5482,42300000
prediction_position_error_mm,0.5617087590508163,42300000
prediction_orientation_error_deg,0,42300000
owd_uplink_ms,0.008,42400000
owd_downlink_ms,2.3478,42400000
owd_uplink_ms,4.2521,42400000
owd_downlink_ms,5.7193,42400000
prediction_position_error_mm,3.2918842043727636,42400000
prediction_orientation_error_deg,0,42400000
prediction_position_error_mm,3.8965109270066023,42500000
prediction_orientation_error_deg,0,42500000
owd_uplink_ms,4.2228,42600000
owd_downlink_ms,1.6648,42600000
owd_uplink_ms,0.7052,42600000
owd_downlink_ms,-0.008,42600000
prediction_position_error_mm,0.7647828315384686,42600000
prediction_orientation_error_deg,0,42600000
owd_uplink_ms,0.008,42700000
owd_downlink_ms,3.3311,42700000
owd_uplink_ms,0.0064,42700000
owd_downlink_ms,-0.0064,42700000
prediction_position_error_mm,0.9864638559520245,42700000
prediction_orientation_error_deg,0,42700000
owd_uplink_ms,0.0051,42800000
owd_downlink_ms,-0.0051,42800000
prediction_position_error_mm,1.1498706880956888,42800000
prediction_orientation_error_deg,0,42800000
prediction_position_error_mm,1.8069897778332233,42900000
prediction_orientation_error_deg,0,42900000
owd_uplink_ms,0.0051,43000000
owd_downlink_ms,5.0377,43000000
prediction_position_error_mm,3.9928345941007137,43000000
prediction_orientation_error_deg,0,43000000
prediction_position_error_mm,2.6156774256378412,43100000
prediction_orientation_error_deg,0,43100000
owd_uplink_ms,5.4579,43200000
owd_downlink_ms,3.4322,43200000
owd_uplink_ms,0.0051,43200000
owd_downlink_ms,5.1377,43200000
prediction_position_error_mm,2.539275912567973,43200000
prediction_orientation_error_deg,0,43200000
owd_uplink_ms,0.0051,43300000
owd_downlink_ms,0.703,43300000
prediction_position_error_mm,2.4579805321991444,43300000
prediction_orientation_error_deg,0,43300000
owd_uplink_ms,0.0051,43400000
owd_downlink_ms,0.5177,43400000
prediction_position_error_mm,2.375796902924776,43400000
prediction_orientation_error_deg,0,43400000
owd_uplink_ms,0.0051,43500000
owd_downlink_ms,1.2064,43500000
prediction_position_error_mm,2.295582788065076,43500000
prediction_orientation_error_deg,0,43500000
owd_uplink_ms,0.0051,43600000
owd_downlink_ms,4.9553,43600000
prediction_position_error_mm,4.011808428913355,43600000
prediction_orientation_error_deg,0,43600000
owd_uplink_ms,3.058,43700000
owd_downlink_ms,-0.0051,43700000
prediction_position_error_mm,2.0164805464446545,43700000
prediction_orientation_error_deg,0,43700000
owd_uplink_ms,0.0051,43800000
owd_downlink_ms,0.1718,43800000
prediction_position_error_mm,4.377833101898432,43800000
prediction_orientation_error_deg,0,43800000
owd_uplink_ms,0.004,43900000
owd_downlink_ms,-0.004,43900000
prediction_position_error_mm,2.380587626248598,43900000
prediction_orientation_error_deg,0,43900000
owd_uplink_ms,5.5853,44000000
owd_downlink_ms,2.9779,44000000
prediction_position_error_mm,4.690268076956272,44000000
prediction_orientation_error_deg,0,44000000
owd_uplink_ms,0.4179,44100000
owd_downlink_ms,-0.004,44100000
correction_magnitude_mm,5.405284930020571,44100040
correction_magnitude_deg,0,44100040
prediction_position_error_mm,3.7828264757990837,44100000
prediction_orientation_error_deg,0,44100000
prediction_position_error_mm,4.465746693313122,44200000
prediction_orientation_error_deg,0,44200000
owd_uplink_ms,1.1537,44300000
owd_downlink_ms,3.0518,44300000
owd_uplink_ms,2.9794,44300000
owd_downlink_ms,-0.004,44300000
prediction_position_error_mm,2.60724825784564,44300000
prediction_orientation_error_deg,0,44300000
prediction_position_error_mm,1.7756925662979484,44400000
prediction_orientation_error_deg,0,44400000
owd_uplink_ms,0.004,44500000
owd_downlink_ms,1.4267,44500000
owd_uplink_ms,5.821,44500000
owd_downlink_ms,1.8636,44500000
prediction_position_error_mm,3.154529957100749,44500000
prediction_orientation_error_deg,0,44500000
owd_uplink_ms,0.0032,44600000
owd_downlink_ms,-0.0032,44600000
prediction_position_error_mm,1.7223820323124528,44600000
prediction_orientation_error_deg,0,44600000
owd_uplink_ms,4.1402,44700000
owd_downlink_ms,2.5644,44700000
prediction_position_error_mm,3.604835830628872,44700000
prediction_orientation_error_deg,0,44700000
owd_uplink_ms,0.5405,44800000
owd_downlink_ms,-0.0032,44800000
prediction_position_error_mm,2.1496512927114964,44800000
prediction_orientation_error_deg,0,44800000
owd_uplink_ms,0.0032,44900000
owd_downlink_ms,3.7735,44900000
prediction_position_error_mm,3.9897076785564423,44900000
prediction_orientation_error_deg,0,44900000
prediction_position_error_mm,4.693743772804737,45000000
prediction_orientation_error_deg,0,45000000
owd_uplink_ms,0.1817,45100000
owd_downlink_ms,4.7997,45100000
owd_uplink_ms,0.6217,45100000
owd_downlink_ms,-0.0032,45100000
prediction_position_error_mm,2.060510218143463,45100000
prediction_orientation_error_deg,0,45100000
owd_uplink_ms,0.0032,45200000
owd_downlink_ms,2.8681,45200000
prediction_position_error_mm,2.7591094840317965,45200000
prediction_orientation_error_deg,0,45200000
owd_uplink_ms,0.0032,45300000
owd_downlink_ms,0.7772,45300000
prediction_position_error_mm,3.5319679882377386,45300000
prediction_orientation_error_deg,0,45300000
owd_uplink_ms,4.1759,45400000
owd_downlink_ms,-0.0032,45400000
prediction_position_error_mm,2.9389578849077225,45400000
prediction_orientation_error_deg,0,45400000
prediction_position_error_mm,3.5943016409873962,45500000
prediction_orientation_error_deg,0,45500000
owd_uplink_ms,2.085,45600000
owd_downlink_ms,0.316,45600000
prediction_position_error_mm,3.1149659771472216,45600000
prediction_orientation_error_deg,0,45600000
owd_uplink_ms,0.4791,45700000
owd_downlink_ms,0.997,45700000
prediction_position_error_mm,2.7376189827919006,45700000
prediction_orientation_error_deg,0,45700000
owd_uplink_ms,1.0443,45800000
owd_downlink_ms,2.83,45800000
prediction_position_error_mm,1.7955934163182974,45800000
prediction_orientation_error_deg,0,45800000
owd_uplink_ms,1.3777,45900000
owd_downlink_ms,3.2582,45900000
owd_uplink_ms,0.0032,45900000
owd_downlink_ms,5.7123,45900000
prediction_position_error_mm,2.439361996948719,45900000
prediction_orientation_error_deg,0,45900000
prediction_position_error_mm,3.0158667359501123,46000000
prediction_orientation_error_deg,0,46000000
owd_uplink_ms,1.1933,46100000
owd_downlink_ms,4.8117,46100000
owd_uplink_ms,2.2595,46100000
owd_downlink_ms,-0.0032,46100000
prediction_position_error_mm,1.8858334515243769,46100000
prediction_orientation_error_deg,0,46100000
owd_uplink_ms,1.7649,46200000
owd_downlink_ms,-0.0032,46200000
prediction_position_error_mm,1.7079745884984732,46200000
prediction_orientation_error_deg,0,46200000
owd_uplink_ms,0.6754,46300000
owd_downlink_ms,-0.0032,46300000
prediction_position_error_mm,1.5686086844652891,46300000
prediction_orientation_error_deg,0,46300000
owd_uplink_ms,1.2121,46400000
owd_downlink_ms,-0.0032,46400000
prediction_position_error_mm,1.460372586734593,46400000
prediction_orientation_error_deg,0,46400000
prediction_position_error_mm,1.9674054346978664,46500000
prediction_orientation_error_deg,0,46500000
owd_uplink_ms,1.63,46600000
owd_downlink_ms,5.9738,46600000
prediction_position_error_mm,1.877145143225789,46600000
prediction_orientation_error_deg,0,46600000
owd_uplink_ms,4.0775,46700000
owd_downlink_ms,4.7821,46700000
owd_uplink_ms,4.8751,46700000
owd_downlink_ms,-0.0032,46700000
prediction_position_error_mm,1.2666747206822038,46700000
prediction_orientation_error_deg,0,46700000
owd_uplink_ms,0.8386,46800000
owd_downlink_ms,-0.0032,46800000
prediction_position_error_mm,1.231954898685217,46800000
prediction_orientation_error_deg,0,46800000
prediction_position_error_mm,1.6580402152612805,46900000
prediction_orientation_error_deg,0,46900000
owd_uplink_ms,0.0032,47000000
owd_downlink_ms,0.4103,47000000
owd_uplink_ms,3.1833,47000000
owd_downlink_ms,4.0911,47000000
prediction_position_error_mm,1.7351984279230237,47000000
prediction_orientation_error_deg,0,47000000
owd_uplink_ms,1.2679,47100000
owd_downlink_ms,-0.0032,47100000
prediction_position_error_mm,1.597918919287622,47100000
prediction_orientation_error_deg,0,47100000
owd_uplink_ms,0.2232,47200000
owd_downlink_ms,-0.0032,47200000
prediction_position_error_mm,1.51431979611516,47200000
prediction_orientation_error_deg,0,47200000
owd_uplink_ms,3.8325,47300000
owd_downlink_ms,-0.0032,47300000
prediction_position_error_mm,1.5331902541220188,47300000
prediction_orientation_error_deg,0,47300000
owd_uplink_ms,0.0032,47400000
owd_downlink_ms,0.7797,47400000
prediction_position_error_mm,1.958930864930153,47400000
prediction_orientation_error_deg,0,47400000
prediction_position_error_mm,2.5502091739326715,47500000
prediction_orientation_error_deg,0,47500000
owd_uplink_ms,4.2099,47600000
owd_downlink_ms,5.2631,47600000
owd_uplink_ms,4.6674,47600000
owd_downlink_ms,-0.0032,47600000
prediction_position_error_mm,1.6733150696381927,47600000
prediction_orientation_error_deg,0,47600000
owd_uplink_ms,1.8786,47700000
owd_downlink_ms,-0.0032,47700000
prediction_position_error_mm,1.8082659225910902,47700000
prediction_orientation_error_deg,0,47700000
owd_uplink_ms,0.0032,47800000
owd_downlink_ms,1.7611,47800000
owd_uplink_ms,0.0025,47800000
owd_downlink_ms,-0.0025,47800000
prediction_position_error_mm,1.692929770797491,47800000
prediction_orientation_error_deg,0,47800000
prediction_position_error_mm,2.2837871219962835,47900000
prediction_orientation_error_deg,0,47900000
owd_uplink_ms,0.0025,48000000
owd_downlink_ms,4.7364,48000000
prediction_position_error_mm,1.7238298896700144,48000000
prediction_orientation_error_deg,0,48000000
prediction_position_error_mm,2.2967939730733633,48100000
prediction_orientation_error_deg,0,48100000
owd_uplink_ms,0.1386,48200000
owd_downlink_ms,2.4385,48200000
owd_uplink_ms,1.0786,48200000
owd_downlink_ms,-0.0025,48200000
prediction_position_error_mm,1.5395857626572251,48200000
prediction_orientation_error_deg,0,48200000
prediction_position_error_mm,2.1179981995373964,48300000
prediction_orientation_error_deg,0,48300000
owd_uplink_ms,0.5875,48400000
owd_downlink_ms,4.9805,48400000
prediction_position_error_mm,2.731174696236849,48400000
prediction_orientation_error_deg,0,48400000
owd_uplink_ms,0.0025,48500000
owd_downlink_ms,0.4142,48500000
owd_uplink_ms,4.9415,48500000
owd_downlink_ms,5.3401,48500000
prediction_position_error_mm,2.5000222958624363,48500000
prediction_orientation_error_deg,0,48500000
owd_uplink_ms,0.0025,48600000
owd_downlink_ms,4.3274,48600000
prediction_position_error_mm,2.3155363742262125,48600000
prediction_orientation_error_deg,0,48600000
owd_uplink_ms,0.0025,48700000
owd_downlink_ms,3.6577,48700000
prediction_position_error_mm,2.1690374705940485,48700000
prediction_orientation_error_deg,0,48700000
owd_uplink_ms,0.0025,48800000
owd_downlink_ms,4.0366,48800000
prediction_position_error_mm,1.2088522780686617,48800000
prediction_orientation_error_deg,0,48800000
prediction_position_error_mm,1.7352316062897444,48900000
prediction_orientation_error_deg,0,48900000
owd_uplink_ms,2.8085,49000000
owd_downlink_ms,0.3112,49000000
owd_uplink_ms,4.9294,49000000
owd_downlink_ms,-0.0025,49000000
prediction_position_error_mm,1.2395292287692428,49000000
prediction_orientation_error_deg,0,49000000
owd_uplink_ms,3.4926,49100000
owd_downlink_ms,-0.0025,49100000
prediction_position_error_mm,1.257364172488451,49100000
prediction_orientation_error_deg,0,49100000
owd_uplink_ms,3.0345,49200000
owd_downlink_ms,-0.0025,49200000
prediction_position_error_mm,1.2690079165622592,49200000
prediction_orientation_error_deg,0,49200000
owd_uplink_ms,0.002,49300000
owd_downlink_ms,-0.002,49300000
prediction_position_error_mm,2.0776349119842052,49300000
prediction_orientation_error_deg,0,49300000
owd_uplink_ms,4.0518,49400000
owd_downlink_ms,3.2078,49400000
prediction_position_error_mm,1.4570727944374084,49400000
prediction_orientation_error_deg,0,49400000
owd_uplink_ms,4.5644,49500000
owd_downlink_ms,-0.002,49500000
prediction_position_error_mm,1.4155723620206118,49500000
prediction_orientation_error_deg,0,49500000
prediction_position_error_mm,2.0020382944494486,49600000
prediction_orientation_error_deg,0,49600000
owd_uplink_ms,4.2387,49700000
owd_downlink_ms,2.4435,49700000
prediction_position_error_mm,1.9791224040091038,49700000
prediction_orientation_error_deg,0,49700000
owd_uplink_ms,2.0062,49800000
owd_downlink_ms,1.8478,49800000
prediction_position_error_mm,1.954651903361082,49800000
prediction_orientation_error_deg,0,49800000
owd_uplink_ms,4.4547,49900000
owd_downlink_ms,4.0016,49900000
owd_uplink_ms,1.7233,49900000
owd_downlink_ms,-0.002,49900000
prediction_position_error_mm,1.3507105177268386,49900000
prediction_orientation_error_deg,0,49900000
prediction_position_error_mm,3.4096904564648867,50000000
prediction_orientation_error_deg,0,50000000
prediction_position_error_mm,0,100000
prediction_orientation_error_deg,0,100000
owd_uplink_ms,0.7731,200000
owd_downlink_ms,0.773,200000
correction_magnitude_mm,1300.0023365020752,192270
correction_magnitude_deg,0,192270
prediction_position_error_mm,0,200000
prediction_orientation_error_deg,0,200000
owd_uplink_ms,-0.358,300000
owd_downlink_ms,2.9615,300000
prediction_position_error_mm,0,300000
prediction_orientation_error_deg,0,300000
owd_uplink_ms,4.502,400000
owd_downlink_ms,0.358,400000
correction_magnitude_mm,9.998006746172905,396420
correction_magnitude_deg,0,396420
prediction_position_error_mm,6.9932350888848305,400000
prediction_orientation_error_deg,0,400000
owd_uplink_ms,-0.0982,500000
owd_downlink_ms,1.9799,500000
correction_magnitude_mm,6.994708441197872,399018
correction_magnitude_deg,0,399018
prediction_position_error_mm,3.411493031308055,500000
prediction_orientation_error_deg,0,500000
owd_uplink_ms,-0.0785,600000
owd_downlink_ms,0.0785,600000
prediction_position_error_mm,1.1722305789589882,600000
prediction_orientation_error_deg,0,600000
owd_uplink_ms,2.9242,700000
owd_downlink_ms,0.8238,700000
prediction_position_error_mm,4.382956773042679,700000
prediction_orientation_error_deg,0,700000
owd_uplink_ms,-0.0785,800000
owd_downlink_ms,0.2203,800000
prediction_position_error_mm,11.159631423652172,800000
prediction_orientation_error_deg,0,800000
owd_uplink_ms,4.9015,900000
owd_downlink_ms,0.0785,900000
correction_magnitude_mm,9.195761755108833,899215
correction_magnitude_deg,0,899215
prediction_position_error_mm,6.499316077679396,900000
prediction_orientation_error_deg,0,900000
owd_uplink_ms,-0.0785,1000000
owd_downlink_ms,2.1423,1000000
prediction_position_error_mm,14.434250071644783,1000000
prediction_orientation_error_deg,0,1000000
owd_uplink_ms,0.7659,1100000
owd_downlink_ms,0.0785,1100000
correction_magnitude_mm,12.351020239293575,1099215
correction_magnitude_deg,0,1099215
prediction_position_error_mm,8.706529624760151,1100000
prediction_orientation_error_deg,0,1100000
owd_uplink_ms,-0.0785,1200000
owd_downlink_ms,2.6963,1200000
prediction_position_error_mm,11.486055329442024,1200000
prediction_orientation_error_deg,0,1200000
owd_uplink_ms,-0.0785,1300000
owd_downlink_ms,4.6906,1300000
correction_magnitude_mm,11.425240896642208,1199215
correction_magnitude_deg,0,1199215
prediction_position_error_mm,15.46175591647625,1300000
prediction_orientation_error_deg,0,1300000
prediction_position_error_mm,17.903605476021767,1400000
prediction_orientation_error_deg,0,1400000
owd_uplink_ms,4.1027,1500000
owd_downlink_ms,4.8865,1500000
correction_magnitude_mm,17.84546673297882,1399215
correction_magnitude_deg,0,1399215
owd_uplink_ms,-0.0628,1500000
owd_downlink_ms,0.0628,1500000
correction_magnitude_mm,9.738357737660408,1499372
correction_magnitude_deg,0,1499372
prediction_position_error_mm,6.859786808490753,1500000
prediction_orientation_error_deg,0,1500000
owd_uplink_ms,0.8491,1600000
owd_downlink_ms,0.5122,1600000
prediction_position_error_mm,13.70276976376772,1600000
prediction_orientation_error_deg,0,1600000
owd_uplink_ms,3.5893,1700000
owd_downlink_ms,0.0628,1700000
correction_magnitude_mm,10.636108927428722,1699372
correction_magnitude_deg,0,1699372
owd_uplink_ms,-0.0502,1700000
owd_downlink_ms,0.0502,1700000
correction_magnitude_mm,7.453675381839275,1699498
correction_magnitude_deg,0,1699498
prediction_position_error_mm,4.715570714324713,1700000
prediction_orientation_error_deg,0,1700000
prediction_position_error_mm,95.28444707393646,1800000
prediction_orientation_error_deg,0,1800000
owd_uplink_ms,-0.0401,1900000
owd_downlink_ms,0.0401,1900000
correction_magnitude_mm,204.6944499015808,1899599
correction_magnitude_deg,0,1899599
prediction_position_error_mm,143.6748057603836,1900000
prediction_orientation_error_deg,0,1900000
owd_uplink_ms,4.551,2000000
owd_downlink_ms,0.4112,2000000
prediction_position_error_mm,240.60511589050293,2000000
prediction_orientation_error_deg,0,2000000
owd_uplink_ms,4.1837,2100000
owd_downlink_ms,0.0401,2100000
correction_magnitude_mm,346.9204604625702,2099599
correction_magnitude_deg,0,2099599
prediction_position_error_mm,243.21213364601135,2100000
prediction_orientation_error_deg,0,2100000
owd_uplink_ms,-0.0401,2200000
owd_downlink_ms,4.5568,2200000
prediction_position_error_mm,339.8096561431885,2200000
prediction_orientation_error_deg,0,2200000
owd_uplink_ms,-0.0401,2300000
owd_downlink_ms,2.0469,2300000
correction_magnitude_mm,339.44186568260193,2199599
correction_magnitude_deg,0,2199599
prediction_position_error_mm,319.4793164730072,2300000
prediction_orientation_error_deg,0,2300000
owd_uplink_ms,1.2929,2400000
owd_downlink_ms,0.0401,2400000
correction_magnitude_mm,410.4037880897522,2399599
correction_magnitude_deg,0,2399599
owd_uplink_ms,-0.032,2400000
owd_downlink_ms,0.032,2400000
correction_magnitude_mm,287.34374046325684,2399680
correction_magnitude_deg,0,2399680
prediction_position_error_mm,200.82059502601624,2400000
prediction_orientation_error_deg,0,2400000
prediction_position_error_mm,100.82058608531952,2500000
prediction_orientation_error_deg,0,2500000
owd_uplink_ms,2.0817,2600000
owd_downlink_ms,0.032,2600000
correction_magnitude_mm,6.00704038515687,2599680
correction_magnitude_deg,0,2599680
prediction_position_error_mm,3.886635648086667,2600000
prediction_orientation_error_deg,0,2600000
owd_uplink_ms,2.5851,2700000
owd_downlink_ms,0.032,2700000
correction_magnitude_mm,86.1966460943222,2699680
correction_magnitude_deg,0,2699680
prediction_position_error_mm,60.649324208498,2700000
prediction_orientation_error_deg,0,2700000
owd_uplink_ms,-0.032,2800000
owd_downlink_ms,2.7188,2800000
prediction_position_error_mm,158.0565720796585,2800000
prediction_orientation_error_deg,0,2800000
prediction_position_error_mm,250.67561864852905,2900000
prediction_orientation_error_deg,0,2900000
owd_uplink_ms,2.44,3000000
owd_downlink_ms,5.0355,3000000
correction_magnitude_mm,250.36391615867615,2899680
correction_magnitude_deg,0,2899680
prediction_position_error_mm,264.4321918487549,3000000
prediction_orientation_error_deg,0,3000000
owd_uplink_ms,2.6077,3100000
owd_downlink_ms,3.3432,3100000
correction_magnitude_mm,264.13246989250183,2999680
correction_magnitude_deg,0,2999680
owd_uplink_ms,1.2955,3100000
owd_downlink_ms,0.032,3100000
correction_magnitude_mm,265.8612132072449,3099680
correction_magnitude_deg,0,3099680
prediction_position_error_mm,186.3516867160797,3100000
prediction_orientation_error_deg,0,3100000
prediction_position_error_mm,259.3594491481781,3200000
prediction_orientation_error_deg,0,3200000
owd_uplink_ms,3.9256,3300000
owd_downlink_ms,2.4823,3300000
correction_magnitude_mm,259.11062955856323,3199680
correction_magnitude_deg,0,3199680
prediction_position_error_mm,246.85145914554596,3300000
prediction_orientation_error_deg,0,3300000
owd_uplink_ms,1.775,3400000
owd_downlink_ms,1.4228,3400000
correction_magnitude_mm,246.62750959396362,3299680
correction_magnitude_deg,0,3299680
prediction_position_error_mm,230.7068556547165,3400000
prediction_orientation_error_deg,0,3400000
owd_uplink_ms,3.5107,3500000
owd_downlink_ms,5.9622,3500000
correction_magnitude_mm,230.50659894943237,3399680
correction_magnitude_deg,0,3399680
owd_uplink_ms,4.5979,3500000
owd_downlink_ms,0.032,3500000
correction_magnitude_mm,207.64145255088806,3499680
correction_magnitude_deg,0,3499680
owd_uplink_ms,-0.0256,3500000
owd_downlink_ms,0.0256,3500000
correction_magnitude_mm,145.3806757926941,3499744
correction_magnitude_deg,0,3499744
prediction_position_error_mm,101.51046514511108,3500000
prediction_orientation_error_deg,0,3500000
prediction_position_error_mm,1.5105375787243247,3600000
prediction_orientation_error_deg,0,3600000
prediction_position_error_mm,103.15527766942978,3700000
prediction_orientation_error_deg,0,3700000
owd_uplink_ms,0.2408,3800000
owd_downlink_ms,3.2962,3800000
correction_magnitude_mm,102.89929807186127,3699744
correction_magnitude_deg,0,3699744
owd_uplink_ms,5.8236,3800000
owd_downlink_ms,0.0256,3800000
correction_magnitude_mm,179.76820468902588,3799744
correction_magnitude_deg,0,3799744
prediction_position_error_mm,126.07595324516296,3800000
prediction_orientation_error_deg,0,3800000
owd_uplink_ms,-0.0256,3900000
owd_downlink_ms,5.2172,3900000
prediction_position_error_mm,223.74959290027618,3900000
prediction_orientation_error_deg,0,3900000
owd_uplink_ms,-0.0256,4000000
owd_downlink_ms,0.047,4000000
correction_magnitude_mm,223.51138293743134,3899744
correction_magnitude_deg,0,3899744
prediction_position_error_mm,247.628316283226,4000000
prediction_orientation_error_deg,0,4000000
owd_uplink_ms,-0.0256,4100000
owd_downlink_ms,1.4692,4100000
correction_magnitude_mm,247.4072426557541,3999744
correction_magnitude_deg,0,3999744
prediction_position_error_mm,252.32046842575073,4100000
prediction_orientation_error_deg,0,4100000
prediction_position_error_mm,335.8277976512909,4200000
prediction_orientation_error_deg,0,4200000
owd_uplink_ms,2.8176,4300000
owd_downlink_ms,5.9814,4300000
correction_magnitude_mm,335.62567830085754,4199744
correction_magnitude_deg,0,4199744
prediction_position_error_mm,313.5799169540405,4300000
prediction_orientation_error_deg,0,4300000
owd_uplink_ms,0.4204,4400000
owd_downlink_ms,3.8882,4400000
correction_magnitude_mm,313.3907616138458,4299744
correction_magnitude_deg,0,4299744
owd_uplink_ms,1.4542,4400000
owd_downlink_ms,0.0256,4400000
correction_magnitude_mm,292.91701316833496,4399744
correction_magnitude_deg,0,4399744
owd_uplink_ms,-0.0204,4400000
owd_downlink_ms,0.0204,4400000
correction_magnitude_mm,205.0708681344986,4399796
correction_magnitude_deg,0,4399796
prediction_position_error_mm,143.34560930728912,4400000
prediction_orientation_error_deg,0,4400000
prediction_position_error_mm,43.34559291601181,4500000
prediction_orientation_error_deg,0,4500000
prediction_position_error_mm,52.16863006353378,4600000
prediction_orientation_error_deg,0,4600000
owd_uplink_ms,1.9456,4700000
owd_downlink_ms,1.1201,4700000
correction_magnitude_mm,51.96468532085419,4599796
correction_magnitude_deg,0,4599796
prediction_position_error_mm,131.33077323436737,4700000
prediction_orientation_error_deg,0,4700000
owd_uplink_ms,4.4399,4800000
owd_downlink_ms,4.2372,4800000
correction_magnitude_mm,131.12837076187134,4699796
correction_magnitude_deg,0,4699796
prediction_position_error_mm,182.8266680240631,4800000
prediction_orientation_error_deg,0,4800000
owd_uplink_ms,0.1027,4900000
owd_downlink_ms,0.5546,4900000
correction_magnitude_mm,182.63229727745056,4799796
correction_magnitude_deg,0,4799796
owd_uplink_ms,0.463,4900000
owd_downlink_ms,0.0204,4900000
correction_magnitude_mm,213.2292240858078,4899796
correction_magnitude_deg,0,4899796
prediction_position_error_mm,149.43061769008636,4900000
prediction_orientation_error_deg,0,4900000
prediction_position_error_mm,228.44384610652924,5000000
prediction_orientation_error_deg,0,5000000
owd_uplink_ms,4.3016,5100000
owd_downlink_ms,3.4065,5100000
correction_magnitude_mm,228.27373445034027,4999796
correction_magnitude_deg,0,4999796
owd_uplink_ms,-0.0163,5100000
owd_downlink_ms,0.0163,5100000
correction_magnitude_mm,227.6695817708969,5099837
correction_magnitude_deg,0,5099837
prediction_position_error_mm,159.48234498500824,5100000
prediction_orientation_error_deg,0,5100000
owd_uplink_ms,1.4145,5200000
owd_downlink_ms,4.1779,5200000
prediction_position_error_mm,229.2117178440094,5200000
prediction_orientation_error_deg,0,5200000
prediction_position_error_mm,294.62262988090515,5300000
prediction_orientation_error_deg,0,5300000
owd_uplink_ms,0.4085,5400000
owd_downlink_ms,3.8587,5400000
correction_magnitude_mm,294.50899362564087,5299837
correction_magnitude_deg,0,5299837
prediction_position_error_mm,267.2812342643738,5400000
prediction_orientation_error_deg,0,5400000
owd_uplink_ms,1.7165,5500000
owd_downlink_ms,5.4141,5500000
correction_magnitude_mm,267.17475056648254,5399837
correction_magnitude_deg,0,5399837
prediction_position_error_mm,240.14469981193542,5500000
prediction_orientation_error_deg,0,5500000
owd_uplink_ms,1.2715,5600000
owd_downlink_ms,4.6532,5600000
correction_magnitude_mm,240.05131423473358,5499837
correction_magnitude_deg,0,5499837
owd_uplink_ms,-0.013,5600000
owd_downlink_ms,0.013,5600000
correction_magnitude_mm,209.69219505786896,5599870
correction_magnitude_deg,0,5599870
prediction_position_error_mm,146.84146642684937,5600000
prediction_orientation_error_deg,0,5600000
owd_uplink_ms,1.2568,5700000
owd_downlink_ms,2.3546,5700000
prediction_position_error_mm,190.64770638942719,5700000
prediction_orientation_error_deg,0,5700000
owd_uplink_ms,2.0919,5800000
owd_downlink_ms,0.013,5800000
correction_magnitude_mm,226.04845464229584,5799870
correction_magnitude_deg,0,5799870
owd_uplink_ms,-0.0104,5800000
owd_downlink_ms,0.0104,5800000
correction_magnitude_mm,158.24441611766815,5799896
correction_magnitude_deg,0,5799896
prediction_position_error_mm,110.66707968711853,5800000
prediction_orientation_error_deg,0,5800000
prediction_position_error_mm,10.667093098163605,5900000
prediction_orientation_error_deg,0,5900000
prediction_position_error_mm,97.59016335010529,6000000
prediction_orientation_error_deg,0,6000000
owd_uplink_ms,0.9955,6100000
owd_downlink_ms,2.6067,6100000
correction_magnitude_mm,97.48616814613342,5999896
correction_magnitude_deg,0,5999896
owd_uplink_ms,-0.0104,6100000
owd_downlink_ms,4.3005,6100000
prediction_position_error_mm,170.95696926116943,6100000
prediction_orientation_error_deg,0,6100000
owd_uplink_ms,-0.0104,6200000
owd_downlink_ms,4.967,6200000
correction_magnitude_mm,170.85449397563934,6099896
correction_magnitude_deg,0,6099896
prediction_position_error_mm,217.1572595834732,6200000
prediction_orientation_error_deg,0,6200000
owd_uplink_ms,-0.0104,6300000
owd_downlink_ms,3.8868,6300000
correction_magnitude_mm,217.06010401248932,6199896
correction_magnitude_deg,0,6199896
owd_uplink_ms,-0.0083,6300000
owd_downlink_ms,0.0083,6300000
correction_magnitude_mm,242.88156628608704,6299917
correction_magnitude_deg,0,6299917
prediction_position_error_mm,170.0831800699234,6300000
prediction_orientation_error_deg,0,6300000
owd_uplink_ms,-0.0066,6400000
owd_downlink_ms,0.0066,6400000
correction_magnitude_mm,253.6373734474182,6399934
correction_magnitude_deg,0,6399934
prediction_position_error_mm,177.5936633348465,6400000
prediction_orientation_error_deg,0,6400000
prediction_position_error_mm,249.59750473499298,6500000
prediction_orientation_error_deg,0,6500000
owd_uplink_ms,3.5809,6600000
owd_downlink_ms,0.0066,6600000
correction_magnitude_mm,329.45311069488525,6599934
correction_magnitude_deg,0,6599934
prediction_position_error_mm,230.66143691539764,6600000
prediction_orientation_error_deg,0,6600000
owd_uplink_ms,-0.0066,6700000
owd_downlink_ms,0.376,6700000
prediction_position_error_mm,297.7234125137329,6700000
prediction_orientation_error_deg,0,6700000
owd_uplink_ms,-0.0052,6800000
owd_downlink_ms,0.0052,6800000
correction_magnitude_mm,372.5261390209198,6799948
correction_magnitude_deg,0,6799948
prediction_position_error_mm,260.80024242401123,6800000
prediction_orientation_error_deg,0,6800000
owd_uplink_ms,2.972,6900000
owd_downlink_ms,5.2587,6900000
owd_uplink_ms,-0.0041,6900000
owd_downlink_ms,0.0041,6900000
correction_magnitude_mm,326.08988881111145,6899959
correction_magnitude_deg,0,6899959
prediction_position_error_mm,228.2841056585312,6900000
prediction_orientation_error_deg,0,6900000
prediction_position_error_mm,279.9772024154663,7000000
prediction_orientation_error_deg,0,7000000
prediction_position_error_mm,335.4778587818146,7100000
prediction_orientation_error_deg,0,7100000
owd_uplink_ms,5.1433,7200000
owd_downlink_ms,4.3462,7200000
correction_magnitude_mm,335.4566693305969,7099959
correction_magnitude_deg,0,7099959
prediction_position_error_mm,285.2751612663269,7200000
prediction_orientation_error_deg,0,7200000
owd_uplink_ms,3.1463,7300000
owd_downlink_ms,5.5409,7300000
correction_magnitude_mm,285.256028175354,7199959
correction_magnitude_deg,0,7199959
prediction_position_error_mm,245.25326490402222,7300000
prediction_orientation_error_deg,0,7300000
owd_uplink_ms,-0.0041,7400000
owd_downlink_ms,0.206,7400000
correction_magnitude_mm,245.23764848709106,7299959
correction_magnitude_deg,0,7299959
owd_uplink_ms,2.1583,7400000
owd_downlink_ms,2.9867,7400000
prediction_position_error_mm,202.42317020893097,7400000
prediction_orientation_error_deg,0,7400000
owd_uplink_ms,0.2187,7500000
owd_downlink_ms,0.0041,7500000
correction_magnitude_mm,240.47687649726868,7499959
correction_magnitude_deg,0,7499959
prediction_position_error_mm,168.34494471549988,7500000
prediction_orientation_error_deg,0,7500000
owd_uplink_ms,-0.0041,7600000
owd_downlink_ms,1.1454,7600000
owd_uplink_ms,-0.0032,7600000
owd_downlink_ms,0.0032,7600000
correction_magnitude_mm,199.08303022384644,7599968
correction_magnitude_deg,0,7599968
prediction_position_error_mm,139.36489820480347,7600000
prediction_orientation_error_deg,0,7600000
owd_uplink_ms,-0.0025,7700000
owd_downlink_ms,0.0025,7700000
correction_magnitude_mm,164.09969329833984,7699975
correction_magnitude_deg,0,7699975
prediction_position_error_mm,114.87384140491486,7700000
prediction_orientation_error_deg,0,7700000
prediction_position_error_mm,131.1185359954834,7800000
prediction_orientation_error_deg,0,7800000
prediction_position_error_mm,154.40312027931213,7900000
prediction_orientation_error_deg,0,7900000
owd_uplink_ms,-0.0025,8000000
owd_downlink_ms,1.6823,8000000
correction_magnitude_mm,154.3990522623062,7899975
correction_magnitude_deg,0,7899975
owd_uplink_ms,3.4645,8000000
owd_downlink_ms,5.2184,8000000
prediction_position_error_mm,125.47795474529266,8000000
prediction_orientation_error_deg,0,8000000
owd_uplink_ms,-0.0025,8100000
owd_downlink_ms,0.7918,8100000
correction_magnitude_mm,125.4744678735733,7999975
correction_magnitude_deg,0,7999975
prediction_position_error_mm,98.00052642822266,8100000
prediction_orientation_error_deg,0,8100000
owd_uplink_ms,1.6273,8200000
owd_downlink_ms,0.0025,8200000
correction_magnitude_mm,111.59136146306992,8199975
correction_magnitude_deg,0,8199975
prediction_position_error_mm,78.11609655618668,8200000
prediction_orientation_error_deg,0,8200000
owd_uplink_ms,4.0668,8300000
owd_downlink_ms,0.0025,8300000
correction_magnitude_mm,93.3590680360794,8299975
correction_magnitude_deg,0,8299975
prediction_position_error_mm,65.35276770591736,8300000
prediction_orientation_error_deg,0,8300000
owd_uplink_ms,-0.0025,8400000
owd_downlink_ms,4.4973,8400000
prediction_position_error_mm,71.04045152664185,8400000
prediction_orientation_error_deg,0,8400000
owd_uplink_ms,-0.002,8500000
owd_downlink_ms,0.002,8500000
correction_magnitude_mm,83.33434909582138,8499980
correction_magnitude_deg,0,8499980
prediction_position_error_mm,58.33490192890167,8500000
prediction_orientation_error_deg,0,8500000
owd_uplink_ms,2.5683,8600000
owd_downlink_ms,0.178,8600000
prediction_position_error_mm,62.77337670326233,8600000
prediction_orientation_error_deg,0,8600000
owd_uplink_ms,4.628,8700000
owd_downlink_ms,0.002,8700000
correction_magnitude_mm,70.45530527830124,8699980
correction_magnitude_deg,0,8699980
prediction_position_error_mm,49.31939020752907,8700000
prediction_orientation_error_deg,0,8700000
owd_uplink_ms,1.3232,8800000
owd_downlink_ms,0.002,8800000
correction_magnitude_mm,55.90694770216942,8799980
correction_magnitude_deg,0,8799980
prediction_position_error_mm,39.135199040174484,8800000
prediction_orientation_error_deg,0,8800000
prediction_position_error_mm,44.008273631334305,8900000
prediction_orientation_error_deg,0,8900000
owd_uplink_ms,4.6882,9000000
owd_downlink_ms,3.7999,9000000
correction_magnitude_mm,44.007934629917145,8899980
correction_magnitude_deg,0,8899980
owd_uplink_ms,3.4485,9000000
owd_downlink_ms,0.002,9000000
correction_magnitude_mm,37.4431312084198,8999980
correction_magnitude_deg,0,8999980
prediction_position_error_mm,26.210056617856026,9000000
prediction_orientation_error_deg,0,9000000
owd_uplink_ms,-0.002,9100000
owd_downlink_ms,0.8105,9100000
owd_uplink_ms,-0.0016,9100000
owd_downlink_ms,0.0016,9100000
correction_magnitude_mm,28.52710336446762,9099984
correction_magnitude_deg,0,9099984
prediction_position_error_mm,19.968708977103233,9100000
prediction_orientation_error_deg,0,9100000
prediction_position_error_mm,18.36284250020981,9200000
prediction_orientation_error_deg,0,9200000
owd_uplink_ms,5.197,9300000
owd_downlink_ms,0.0016,9300000
correction_magnitude_mm,19.779082387685776,9299984
correction_magnitude_deg,0,9299984
prediction_position_error_mm,13.845046982169151,9300000
prediction_orientation_error_deg,0,9300000
prediction_position_error_mm,14.925221912562847,9400000
prediction_orientation_error_deg,0,9400000
owd_uplink_ms,3.9756,9500000
owd_downlink_ms,5.8458,9500000
correction_magnitude_mm,14.925504103302956,9399984
correction_magnitude_deg,0,9399984
prediction_position_error_mm,11.040950194001198,9500000
prediction_orientation_error_deg,0,9500000
owd_uplink_ms,0.0274,9600000
owd_downlink_ms,0.399,9600000
correction_magnitude_mm,11.041323654353619,9499984
correction_magnitude_deg,0,9499984
owd_uplink_ms,0.6124,9600000
owd_downlink_ms,0.0016,9600000
correction_magnitude_mm,7.952607236802578,9599984
correction_magnitude_deg,0,9599984
prediction_position_error_mm,5.5663567036390305,9600000
prediction_orientation_error_deg,0,9600000
owd_uplink_ms,0.0733,9700000
owd_downlink_ms,0.0016,9700000
correction_magnitude_mm,5.514395423233509,9699984
correction_magnitude_deg,0,9699984
prediction_position_error_mm,3.859566757455468,9700000
prediction_orientation_error_deg,0,9700000
prediction_position_error_mm,6.610795855522156,9800000
prediction_orientation_error_deg,0,9800000
owd_uplink_ms,-0.0016,9900000
owd_downlink_ms,2.2597,9900000
correction_magnitude_mm,6.611343007534742,9799984
correction_magnitude_deg,0,9799984
owd_uplink_ms,2.7842,9900000
owd_downlink_ms,4.3862,9900000
prediction_position_error_mm,1.1912124464288354,9900000
prediction_orientation_error_deg,0,9900000
owd_uplink_ms,-0.0012,10000000
owd_downlink_ms,0.0012,10000000
prediction_position_error_mm,2.5575938634574413,10000000
prediction_orientation_error_deg,0,10000000
owd_uplink_ms,3.0872,10100000
owd_downlink_ms,2.1532,10100000
owd_uplink_ms,-0.0009,10100000
owd_downlink_ms,0.0009,10100000
prediction_position_error_mm,1.4161530416458845,10100000
prediction_orientation_error_deg,0,10100000
owd_uplink_ms,-0.0007,10200000
owd_downlink_ms,0.0007,10200000
prediction_position_error_mm,0.6829600897617638,10200000
prediction_orientation_error_deg,0,10200000
prediction_position_error_mm,0.8760936907492578,10300000
prediction_orientation_error_deg,0,10300000
owd_uplink_ms,-0.0007,10400000
owd_downlink_ms,0.9875,10400000
prediction_position_error_mm,1.3376056449487805,10400000
prediction_orientation_error_deg,0,10400000
owd_uplink_ms,-0.0007,10500000
owd_downlink_ms,1.1504,10500000
prediction_position_error_mm,1.762501080520451,10500000
prediction_orientation_error_deg,0,10500000
owd_uplink_ms,-0.0007,10600000
owd_downlink_ms,3.0621,10600000
prediction_position_error_mm,4.6311779879033566,10600000
prediction_orientation_error_deg,0,10600000
prediction_position_error_mm,5.443293135613203,10700000
prediction_orientation_error_deg,0,10700000
owd_uplink_ms,3.249,10800000
owd_downlink_ms,4.8347,10800000
correction_magnitude_mm,5.443038884550333,10699993
correction_magnitude_deg,0,10699993
prediction_position_error_mm,4.593446385115385,10800000
prediction_orientation_error_deg,0,10800000
owd_uplink_ms,3.6001,10900000
owd_downlink_ms,1.3343,10900000
prediction_position_error_mm,3.9138849824666977,10900000
prediction_orientation_error_deg,0,10900000
owd_uplink_ms,5.1386,11000000
owd_downlink_ms,5.0291,11000000
prediction_position_error_mm,1.7885463312268257,11000000
prediction_orientation_error_deg,0,11000000
owd_uplink_ms,-0.0007,11100000
owd_downlink_ms,0.1201,11100000
owd_uplink_ms,3.9205,11100000
owd_downlink_ms,4.9956,11100000
owd_uplink_ms,-0.0005,11100000
owd_downlink_ms,0.0005,11100000
prediction_position_error_mm,1.2813819339498878,11100000
prediction_orientation_error_deg,0,11100000
prediction_position_error_mm,3.9777900092303753,11200000
prediction_orientation_error_deg,0,11200000
owd_uplink_ms,0.5585,11300000
owd_downlink_ms,0.0005,11300000
prediction_position_error_mm,3.260478377342224,11300000
prediction_orientation_error_deg,0,11300000
owd_uplink_ms,0.3057,11400000
owd_downlink_ms,0.0005,11400000
prediction_position_error_mm,2.745802514255047,11400000
prediction_orientation_error_deg,0,11400000
owd_uplink_ms,1.8335,11500000
owd_downlink_ms,0.0005,11500000
prediction_position_error_mm,2.3399442434310913,11500000
prediction_orientation_error_deg,0,11500000
prediction_position_error_mm,1.8590227700769901,11600000
prediction_orientation_error_deg,0,11600000
owd_uplink_ms,3.2448,11700000
owd_downlink_ms,4.4727,11700000
owd_uplink_ms,-0.0005,11700000
owd_downlink_ms,5.6728,11700000
owd_uplink_ms,-0.0004,11700000
owd_downlink_ms,0.0004,11700000
prediction_position_error_mm,1.22632528655231,11700000
prediction_orientation_error_deg,0,11700000
prediction_position_error_mm,3.4663574770092964,11800000
prediction_orientation_error_deg,0,11800000
prediction_position_error_mm,4.07066335901618,11900000
prediction_orientation_error_deg,0,11900000
owd_uplink_ms,1.4415,12000000
owd_downlink_ms,1.8065,12000000
prediction_position_error_mm,3.4455859567970037,12000000
prediction_orientation_error_deg,0,12000000
owd_uplink_ms,2.0087,12100000
owd_downlink_ms,4.4547,12100000
prediction_position_error_mm,1.9113323651254177,12100000
prediction_orientation_error_deg,0,12100000
owd_uplink_ms,-0.0004,12200000
owd_downlink_ms,4.1286,12200000
owd_uplink_ms,2.3936,12200000
owd_downlink_ms,5.0478,12200000
owd_uplink_ms,-0.0003,12200000
owd_downlink_ms,0.0003,12200000
prediction_position_error_mm,1.2801408302038908,12200000
prediction_orientation_error_deg,0,12200000
prediction_position_error_mm,3.4010924864560366,12300000
prediction_orientation_error_deg,0,12300000
prediction_position_error_mm,2.4580289609730244,12400000
prediction_orientation_error_deg,0,12400000
owd_uplink_ms,-0.0003,12500000
owd_downlink_ms,1.182,12500000
owd_uplink_ms,5.2846,12500000
owd_downlink_ms,4.2825,12500000
owd_uplink_ms,-0.0002,12500000
owd_downlink_ms,0.0002,12500000
prediction_position_error_mm,1.664945506490767,12500000
prediction_orientation_error_deg,0,12500000
prediction_position_error_mm,3.9605661295354366,12600000
prediction_orientation_error_deg,0,12600000
prediction_position_error_mm,4.582779016345739,12700000
prediction_orientation_error_deg,0,12700000
owd_uplink_ms,5.9439,12800000
owd_downlink_ms,1.0738,12800000
owd_uplink_ms,-0.0001,12800000
owd_downlink_ms,0.0001,12800000
prediction_position_error_mm,1.7514992505311966,12800000
prediction_orientation_error_deg,0,12800000
owd_uplink_ms,2.7891,12900000
owd_downlink_ms,5.4464,12900000
prediction_position_error_mm,3.7974955048412085,12900000
prediction_orientation_error_deg,0,12900000
prediction_position_error_mm,3.092884784564376,13000000
prediction_orientation_error_deg,0,13000000
owd_uplink_ms,4.9108,13100000
owd_downlink_ms,2.1032,13100000
owd_uplink_ms,-0.0001,13100000
owd_downlink_ms,3.5514,13100000
prediction_position_error_mm,4.2531718499958515,13100000
prediction_orientation_error_deg,0,13100000
prediction_position_error_mm,4.936618264764547,13200000
prediction_orientation_error_deg,0,13200000
owd_uplink_ms,1.9804,13300000
owd_downlink_ms,0.5919,13300000
owd_uplink_ms,0,13300000
owd_downlink_ms,0,13300000
prediction_position_error_mm,2.1401650737971067,13300000
prediction_orientation_error_deg,0,13300000
owd_uplink_ms,5.0028,13400000
owd_downlink_ms,2.3719,13400000
prediction_position_error_mm,3.972303122282028,13400000
prediction_orientation_error_deg,0,13400000
owd_uplink_ms,4.259,13500000
owd_downlink_ms,0,13500000
prediction_position_error_mm,3.25358216650784,13500000
prediction_orientation_error_deg,0,13500000
prediction_position_error_mm,3.9160693995654583,13600000
prediction_orientation_error_deg,0,13600000
owd_uplink_ms,2.6987,13700000
owd_downlink_ms,3.0822,13700000
owd_uplink_ms,1.5776,13700000
owd_downlink_ms,0,13700000
prediction_position_error_mm,1.9289740594103932,13700000
prediction_orientation_error_deg,0,13700000
owd_uplink_ms,0,13800000
owd_downlink_ms,5.9651,13800000
prediction_position_error_mm,3.2943517435342073,13800000
prediction_orientation_error_deg,0,13800000
owd_uplink_ms,5.4232,13900000
owd_downlink_ms,0,13900000
owd_uplink_ms,0,13900000
owd_downlink_ms,0,13900000
prediction_position_error_mm,2.2354379761964083,13900000
prediction_orientation_error_deg,0,13900000
prediction_position_error_mm,3.737393766641617,14000000
prediction_orientation_error_deg,0,14000000
prediction_position_error_mm,4.407424945384264,14100000
prediction_orientation_error_deg,0,14100000
owd_uplink_ms,5.7568,14200000
owd_downlink_ms,5.3754,14200000
owd_uplink_ms,5.2276,14200000
owd_downlink_ms,0,14200000
prediction_position_error_mm,2.623096574097872,14200000
prediction_orientation_error_deg,0,14200000
prediction_position_error_mm,2.953832969069481,14300000
prediction_orientation_error_deg,0,14300000
owd_uplink_ms,0.871,14400000
owd_downlink_ms,4.3835,14400000
owd_uplink_ms,0,14400000
owd_downlink_ms,5.2624,14400000
prediction_position_error_mm,2.6684803888201714,14400000
prediction_orientation_error_deg,0,14400000
owd_uplink_ms,0,14500000
owd_downlink_ms,2.1404,14500000
prediction_position_error_mm,3.0651576817035675,14500000
prediction_orientation_error_deg,0,14500000
owd_uplink_ms,1.9274,14600000
owd_downlink_ms,0,14600000
prediction_position_error_mm,2.178297145292163,14600000
prediction_orientation_error_deg,0,14600000
owd_uplink_ms,0,14700000
owd_downlink_ms,5.7971,14700000
prediction_position_error_mm,3.465487854555249,14700000
prediction_orientation_error_deg,0,14700000
prediction_position_error_mm,4.100877325981855,14800000
prediction_orientation_error_deg,0,14800000
owd_uplink_ms,5.7644,14900000
owd_downlink_ms,1.8089,14900000
owd_uplink_ms,0,14900000
owd_downlink_ms,0,14900000
prediction_position_error_mm,2.2560202050954103,14900000
prediction_orientation_error_deg,0,14900000
owd_uplink_ms,3.8163,15000000
owd_downlink_ms,3.4135,15000000
prediction_position_error_mm,3.311300650238991,15000000
prediction_orientation_error_deg,0,15000000
owd_uplink_ms,3.1068,15100000
owd_downlink_ms,0,15100000
prediction_position_error_mm,2.7667281683534384,15100000
prediction_orientation_error_deg,0,15100000
owd_uplink_ms,3.8042,15200000
owd_downlink_ms,0,15200000
prediction_position_error_mm,2.386581851169467,15200000
prediction_orientation_error_deg,0,15200000
owd_uplink_ms,3.7259,15300000
owd_downlink_ms,0,15300000
prediction_position_error_mm,2.1961149759590626,15300000
prediction_orientation_error_deg,0,15300000
owd_uplink_ms,0,15400000
owd_downlink_ms,0.9289,15400000
prediction_position_error_mm,2.8287710156291723,15400000
prediction_orientation_error_deg,0,15400000
owd_uplink_ms,0,15500000
owd_downlink_ms,0,15500000
prediction_position_error_mm,2.4176198057830334,15500000
prediction_orientation_error_deg,0,15500000
owd_uplink_ms,1.5486,15600000
owd_downlink_ms,0.272,15600000
prediction_position_error_mm,3.190593793988228,15600000
prediction_orientation_error_deg,0,15600000
prediction_position_error_mm,3.8147158920764923,15700000
prediction_orientation_error_deg,0,15700000
owd_uplink_ms,3.8236,15800000
owd_downlink_ms,4.6654,15800000
owd_uplink_ms,0,15800000
owd_downlink_ms,5.8239,15800000
prediction_position_error_mm,3.395575564354658,15800000
prediction_orientation_error_deg,0,15800000
owd_uplink_ms,0,15900000
owd_downlink_ms,3.3501,15900000
prediction_position_error_mm,3.2327475491911173,15900000
prediction_orientation_error_deg,0,15900000
prediction_position_error_mm,3.854048205539584,16000000
prediction_orientation_error_deg,0,16000000
owd_uplink_ms,4.2023,16100000
owd_downlink_ms,0.5191,16100000
owd_uplink_ms,5.0765,16100000
owd_downlink_ms,0,16100000
prediction_position_error_mm,2.330728806555271,16100000
prediction_orientation_error_deg,0,16100000
owd_uplink_ms,3.9445,16200000
owd_downlink_ms,0,16200000
prediction_position_error_mm,2.3762579075992107,16200000
prediction_orientation_error_deg,0,16200000
owd_uplink_ms,0,16300000
owd_downlink_ms,3.5733,16300000
prediction_position_error_mm,2.6899566873908043,16300000
prediction_orientation_error_deg,0,16300000
prediction_position_error_mm,3.287541912868619,16400000
prediction_orientation_error_deg,0,16400000
owd_uplink_ms,3.4322,16500000
owd_downlink_ms,2.347,16500000
prediction_position_error_mm,2.9146536253392696,16500000
prediction_orientation_error_deg,0,16500000
owd_uplink_ms,0.2805,16600000
owd_downlink_ms,1.1387,16600000
owd_uplink_ms,0.1306,16600000
owd_downlink_ms,0,16600000
prediction_position_error_mm,2.42068013176322,16600000
prediction_orientation_error_deg,0,16600000
owd_uplink_ms,0,16700000
owd_downlink_ms,0.8271,16700000
prediction_position_error_mm,2.3771689739078283,16700000
prediction_orientation_error_deg,0,16700000
owd_uplink_ms,4.5669,16800000
owd_downlink_ms,0,16800000
prediction_position_error_mm,2.545306459069252,16800000
prediction_orientation_error_deg,0,16800000
owd_uplink_ms,0,16900000
owd_downlink_ms,3.9657,16900000
prediction_position_error_mm,2.6692410465329885,16900000
prediction_orientation_error_deg,0,16900000
prediction_position_error_mm,3.889333689585328,17000000
prediction_orientation_error_deg,0,17000000
owd_uplink_ms,0,17100000
owd_downlink_ms,0.4132,17100000
owd_uplink_ms,2.3857,17100000
owd_downlink_ms,2.2955,17100000
owd_uplink_ms,0,17100000
owd_downlink_ms,0,17100000
prediction_position_error_mm,2.39373161457479,17100000
prediction_orientation_error_deg,0,17100000
prediction_position_error_mm,2.6764688082039356,17200000
prediction_orientation_error_deg,0,17200000
owd_uplink_ms,0,17300000
owd_downlink_ms,0,17300000
prediction_position_error_mm,2.6206604670733213,17300000
prediction_orientation_error_deg,0,17300000
owd_uplink_ms,1.4235,17400000
owd_downlink_ms,0.9784,17400000
prediction_position_error_mm,2.9120943509042263,17400000
prediction_orientation_error_deg,0,17400000
prediction_position_error_mm,3.51793528534472,17500000
prediction_orientation_error_deg,0,17500000
owd_uplink_ms,5.9339,17600000
owd_downlink_ms,2.5613,17600000
prediction_position_error_mm,3.954474814236164,17600000
prediction_orientation_error_deg,0,17600000
owd_uplink_ms,4.9817,17700000
owd_downlink_ms,1.685,17700000
owd_uplink_ms,0,17700000
owd_downlink_ms,5.4183,17700000
prediction_position_error_mm,2.724207006394863,17700000
prediction_orientation_error_deg,0,17700000
owd_uplink_ms,0.7132,17800000
owd_downlink_ms,0,17800000
prediction_position_error_mm,2.3353409487754107,17800000
prediction_orientation_error_deg,0,17800000
prediction_position_error_mm,2.971462206915021,17900000
prediction_orientation_error_deg,0,17900000
owd_uplink_ms,5.7636,18000000
owd_downlink_ms,2.2391,18000000
owd_uplink_ms,3.5043,18000000
owd_downlink_ms,0,18000000
prediction_position_error_mm,1.8881387077271938,18000000
prediction_orientation_error_deg,0,18000000
prediction_position_error_mm,4.02285298332572,18100000
prediction_orientation_error_deg,0,18100000
owd_uplink_ms,5.6182,18200000
owd_downlink_ms,3.9204,18200000
owd_uplink_ms,0,18200000
owd_downlink_ms,4.3811,18200000
prediction_position_error_mm,3.39626451022923,18200000
prediction_orientation_error_deg,0,18200000
owd_uplink_ms,0,18300000
owd_downlink_ms,3.6497,18300000
prediction_position_error_mm,1.862148055806756,18300000
prediction_orientation_error_deg,0,18300000
prediction_position_error_mm,2.336663892492652,18400000
prediction_orientation_error_deg,0,18400000
owd_uplink_ms,1.863,18500000
owd_downlink_ms,3.019,18500000
prediction_position_error_mm,2.1574371494352818,18500000
prediction_orientation_error_deg,0,18500000
owd_uplink_ms,4.4053,18600000
owd_downlink_ms,2.1301,18600000
prediction_position_error_mm,3.7339848931878805,18600000
prediction_orientation_error_deg,0,18600000
owd_uplink_ms,1.2443,18700000
owd_downlink_ms,0.9101,18700000
owd_uplink_ms,0,18700000
owd_downlink_ms,3.9436,18700000
prediction_position_error_mm,3.1417945865541697,18700000
prediction_orientation_error_deg,0,18700000
owd_uplink_ms,0,18800000
owd_downlink_ms,1.218,18800000
prediction_position_error_mm,2.692075213417411,18800000
prediction_orientation_error_deg,0,18800000
owd_uplink_ms,0,18900000
owd_downlink_ms,5.0239,18900000
prediction_position_error_mm,1.6710185445845127,18900000
prediction_orientation_error_deg,0,18900000
prediction_position_error_mm,1.9681351259350777,19000000
prediction_orientation_error_deg,0,19000000
owd_uplink_ms,2.0646,19100000
owd_downlink_ms,2.1515,19100000
owd_uplink_ms,0,19100000
owd_downlink_ms,0,19100000
prediction_position_error_mm,2.223001327365637,19100000
prediction_orientation_error_deg,0,19100000
owd_uplink_ms,1.5061,19200000
owd_downlink_ms,4.6565,19200000
prediction_position_error_mm,2.7239001356065273,19200000
prediction_orientation_error_deg,0,19200000
owd_uplink_ms,0,19300000
owd_downlink_ms,5.9538,19300000
prediction_position_error_mm,1.726625021547079,19300000
prediction_orientation_error_deg,0,19300000
owd_uplink_ms,2.8317,19400000
owd_downlink_ms,0,19400000
prediction_position_error_mm,1.3963303063064814,19400000
prediction_orientation_error_deg,0,19400000
prediction_position_error_mm,3.2376348972320557,19500000
prediction_orientation_error_deg,0,19500000
owd_uplink_ms,0,19600000
owd_downlink_ms,3.363,19600000
owd_uplink_ms,5.6282,19600000
owd_downlink_ms,4.2552,19600000
prediction_position_error_mm,2.7682753279805183,19600000
prediction_orientation_error_deg,0,19600000
owd_uplink_ms,0,19700000
owd_downlink_ms,2.6964,19700000
prediction_position_error_mm,1.7487081931903958,19700000
prediction_orientation_error_deg,0,19700000
owd_uplink_ms,1.9738,19800000
owd_downlink_ms,0,19800000
prediction_position_error_mm,2.0562722347676754,19800000
prediction_orientation_error_deg,0,19800000
owd_uplink_ms,0,19900000
owd_downlink_ms,2.3793,19900000
prediction_position_error_mm,1.9606451969593763,19900000
prediction_orientation_error_deg,0,19900000
owd_uplink_ms,4.8639,20000000
owd_downlink_ms,0,20000000
owd_uplink_ms,0,20000000
owd_downlink_ms,0,20000000
prediction_position_error_mm,2.2186185233294964,20000000
prediction_orientation_error_deg,0,20000000
prediction_position_error_mm,2.125160302966833,20100000
prediction_orientation_error_deg,0,20100000
prediction_position_error_mm,2.4229802656918764,20200000
prediction_orientation_error_deg,0,20200000
owd_uplink_ms,4.1215,20300000
owd_downlink_ms,2.5647,20300000
owd_uplink_ms,5.3067,20300000
owd_downlink_ms,0,20300000
prediction_position_error_mm,2.617801306769252,20300000
prediction_orientation_error_deg,0,20300000
owd_uplink_ms,0,20400000
owd_downlink_ms,2.4403,20400000
prediction_position_error_mm,1.9083804218098521,20400000
prediction_orientation_error_deg,0,20400000
owd_uplink_ms,0.8691,20500000
owd_downlink_ms,0,20500000
prediction_position_error_mm,1.5958265867084265,20500000
prediction_orientation_error_deg,0,20500000
prediction_position_error_mm,4.091053735464811,20600000
prediction_orientation_error_deg,0,20600000
owd_uplink_ms,0,20700000
owd_downlink_ms,0.096,20700000
owd_uplink_ms,1.3172,20700000
owd_downlink_ms,2.851,20700000
prediction_position_error_mm,1.7858172068372369,20700000
prediction_orientation_error_deg,0,20700000
owd_uplink_ms,0.2447,20800000
owd_downlink_ms,0,20800000
prediction_position_error_mm,1.5299139777198434,20800000
prediction_orientation_error_deg,0,20800000
owd_uplink_ms,1.9395,20900000
owd_downlink_ms,0,20900000
prediction_position_error_mm,1.407220377586782,20900000
prediction_orientation_error_deg,0,20900000
prediction_position_error_mm,1.9252510974183679,21000000
prediction_orientation_error_deg,0,21000000
owd_uplink_ms,1.9477,21100000
owd_downlink_ms,1.3457,21100000
owd_uplink_ms,2.6501,21100000
owd_downlink_ms,0,21100000
prediction_position_error_mm,1.3214460341259837,21100000
prediction_orientation_error_deg,0,21100000
owd_uplink_ms,3.9628,21200000
owd_downlink_ms,0,21200000
owd_uplink_ms,0,21200000
owd_downlink_ms,0,21200000
prediction_position_error_mm,3.3519023563712835,21200000
prediction_orientation_error_deg,0,21200000
prediction_position_error_mm,1.2654028832912445,21300000
prediction_orientation_error_deg,0,21300000
owd_uplink_ms,3.3472,21400000
owd_downlink_ms,0,21400000
prediction_position_error_mm,1.1926426086574793,21400000
prediction_orientation_error_deg,0,21400000
prediction_position_error_mm,1.6879914328455925,21500000
prediction_orientation_error_deg,0,21500000
owd_uplink_ms,2.8009,21600000
owd_downlink_ms,3.6396,21600000
owd_uplink_ms,4.5659,21600000
owd_downlink_ms,0,21600000
prediction_position_error_mm,3.3209025859832764,21600000
prediction_orientation_error_deg,0,21600000
owd_uplink_ms,0,21700000
owd_downlink_ms,3.3326,21700000
owd_uplink_ms,0,21700000
owd_downlink_ms,0,21700000
prediction_position_error_mm,2.6431067381054163,21700000
prediction_orientation_error_deg,0,21700000
prediction_position_error_mm,3.033730201423168,21800000
prediction_orientation_error_deg,0,21800000
owd_uplink_ms,0,21900000
owd_downlink_ms,3.1486,21900000
prediction_position_error_mm,1.625305274501443,21900000
prediction_orientation_error_deg,0,21900000
prediction_position_error_mm,2.8718728572130203,22000000
prediction_orientation_error_deg,0,22000000
owd_uplink_ms,0,22100000
owd_downlink_ms,2.4145,22100000
owd_uplink_ms,2.6965,22100000
owd_downlink_ms,5.0237,22100000
prediction_position_error_mm,1.915478496812284,22100000
prediction_orientation_error_deg,0,22100000
owd_uplink_ms,5.9123,22200000
owd_downlink_ms,0,22200000
prediction_position_error_mm,1.3407903024926782,22200000
prediction_orientation_error_deg,0,22200000
prediction_position_error_mm,1.4317207969725132,22300000
prediction_orientation_error_deg,0,22300000
owd_uplink_ms,3.6293,22400000
owd_downlink_ms,1.0488,22400000
prediction_position_error_mm,3.9639309979975224,22400000
prediction_orientation_error_deg,0,22400000
owd_uplink_ms,4.6607,22500000
owd_downlink_ms,1.2003,22500000
owd_uplink_ms,0,22500000
owd_downlink_ms,4.1631,22500000
prediction_position_error_mm,1.3380693271756172,22500000
prediction_orientation_error_deg,0,22500000
owd_uplink_ms,1.5534,22600000
owd_downlink_ms,0,22600000
owd_uplink_ms,0,22600000
owd_downlink_ms,0,22600000
prediction_position_error_mm,2.5725597515702248,22600000
prediction_orientation_error_deg,0,22600000
prediction_position_error_mm,1.6407198272645473,22700000
prediction_orientation_error_deg,0,22700000
owd_uplink_ms,1.2075,22800000
owd_downlink_ms,0,22800000
prediction_position_error_mm,1.1936604278162122,22800000
prediction_orientation_error_deg,0,22800000
owd_uplink_ms,2.3392,22900000
owd_downlink_ms,0,22900000
owd_uplink_ms,0,22900000
owd_downlink_ms,0,22900000
prediction_position_error_mm,2.848409814760089,22900000
prediction_orientation_error_deg,0,22900000
prediction_position_error_mm,1.5105233760550618,23000000
prediction_orientation_error_deg,0,23000000
prediction_position_error_mm,1.6165924025699496,23100000
prediction_orientation_error_deg,0,23100000
owd_uplink_ms,3.9244,23200000
owd_downlink_ms,3.816,23200000
prediction_position_error_mm,4.268841352313757,23200000
prediction_orientation_error_deg,0,23200000
owd_uplink_ms,0.5339,23300000
owd_downlink_ms,0.8509,23300000
owd_uplink_ms,0,23300000
owd_downlink_ms,4.1808,23300000
prediction_position_error_mm,3.4151042345911264,23300000
prediction_orientation_error_deg,0,23300000
owd_uplink_ms,0,23400000
owd_downlink_ms,3.2114,23400000
prediction_position_error_mm,1.8592759734019637,23400000
prediction_orientation_error_deg,0,23400000
owd_uplink_ms,5.2116,23500000
owd_downlink_ms,0,23500000
prediction_position_error_mm,1.278442214243114,23500000
prediction_orientation_error_deg,0,23500000
prediction_position_error_mm,3.788355039432645,23600000
prediction_orientation_error_deg,0,23600000
owd_uplink_ms,0,23700000
owd_downlink_ms,1.6641,23700000
owd_uplink_ms,2.9134,23700000
owd_downlink_ms,5.3768,23700000
owd_uplink_ms,0,23700000
owd_downlink_ms,0,23700000
prediction_position_error_mm,2.1119904704391956,23700000
prediction_orientation_error_deg,0,23700000
prediction_position_error_mm,2.176541369408369,23800000
prediction_orientation_error_deg,0,23800000
prediction_position_error_mm,2.1030919160693884,23900000
prediction_orientation_error_deg,0,23900000
owd_uplink_ms,5.7682,24000000
owd_downlink_ms,4.921,24000000
owd_uplink_ms,5.2502,24000000
owd_downlink_ms,0,24000000
prediction_position_error_mm,1.0015481384471059,24000000
prediction_orientation_error_deg,0,24000000
owd_uplink_ms,0.6815,24100000
owd_downlink_ms,0,24100000
prediction_position_error_mm,2.86694779060781,24100000
prediction_orientation_error_deg,0,24100000
owd_uplink_ms,0,24200000
owd_downlink_ms,3.8359,24200000
prediction_position_error_mm,1.5015819808468223,24200000
prediction_orientation_error_deg,0,24200000
owd_uplink_ms,5.2833,24300000
owd_downlink_ms,0,24300000
prediction_position_error_mm,1.0213116183876991,24300000
prediction_orientation_error_deg,0,24300000
prediction_position_error_mm,1.0797162540256977,24400000
prediction_orientation_error_deg,0,24400000
owd_uplink_ms,3.1817,24500000
owd_downlink_ms,2.689,24500000
owd_uplink_ms,4.9123,24500000
owd_downlink_ms,0,24500000
prediction_position_error_mm,0.6724285776726902,24500000
prediction_orientation_error_deg,0,24500000
prediction_position_error_mm,4.96502872556448,24600000
prediction_orientation_error_deg,0,24600000
owd_uplink_ms,0,24700000
owd_downlink_ms,2.8698,24700000
owd_uplink_ms,4.9723,24700000
owd_downlink_ms,5.6651,24700000
prediction_position_error_mm,1.031700405292213,24700000
prediction_orientation_error_deg,0,24700000
prediction_position_error_mm,1.060929149389267,24800000
prediction_orientation_error_deg,0,24800000
owd_uplink_ms,5.5634,24900000
owd_downlink_ms,1.7888,24900000
prediction_position_error_mm,0.9127677767537534,24900000
prediction_orientation_error_deg,0,24900000
owd_uplink_ms,1.356,25000000
owd_downlink_ms,1.1804,25000000
owd_uplink_ms,2.2505,25000000
owd_downlink_ms,0,25000000
prediction_position_error_mm,0.654550502076745,25000000
prediction_orientation_error_deg,0,25000000
owd_uplink_ms,0.4823,25100000
owd_downlink_ms,0,25100000
prediction_position_error_mm,0.7163223926909268,25100000
prediction_orientation_error_deg,0,25100000
prediction_position_error_mm,1.1156275868415833,25200000
prediction_orientation_error_deg,0,25200000
owd_uplink_ms,3.5033,25300000
owd_downlink_ms,1.9742,25300000
prediction_position_error_mm,5.572782829403877,25300000
prediction_orientation_error_deg,0,25300000
owd_uplink_ms,2.8369,25400000
owd_downlink_ms,1.9643,25400000
correction_magnitude_mm,5.572782829403877,25300000
correction_magnitude_deg,0,25300000
owd_uplink_ms,0,25400000
owd_downlink_ms,2.3993,25400000
prediction_position_error_mm,4.1898940689861774,25400000
prediction_orientation_error_deg,0,25400000
owd_uplink_ms,0,25500000
owd_downlink_ms,5.296,25500000
prediction_position_error_mm,1.6414457932114601,25500000
prediction_orientation_error_deg,0,25500000
owd_uplink_ms,4.308,25600000
owd_downlink_ms,0,25600000
prediction_position_error_mm,2.350134076550603,25600000
prediction_orientation_error_deg,0,25600000
owd_uplink_ms,0,25700000
owd_downlink_ms,4.2994,25700000
prediction_position_error_mm,2.308349357917905,25700000
prediction_orientation_error_deg,0,25700000
prediction_position_error_mm,2.8092311695218086,25800000
prediction_orientation_error_deg,0,25800000
owd_uplink_ms,0,25900000
owd_downlink_ms,3.7118,25900000
owd_uplink_ms,2.7776,25900000
owd_downlink_ms,5.4326,25900000
prediction_position_error_mm,2.7916203252971172,25900000
prediction_orientation_error_deg,0,25900000
prediction_position_error_mm,2.7004126459360123,26000000
prediction_orientation_error_deg,0,26000000
owd_uplink_ms,1.9001,26100000
owd_downlink_ms,1.3329,26100000
prediction_position_error_mm,3.3769586589187384,26100000
prediction_orientation_error_deg,0,26100000
owd_uplink_ms,0.4493,26200000
owd_downlink_ms,3.7742,26200000
owd_uplink_ms,0,26200000
owd_downlink_ms,4.0755,26200000
prediction_position_error_mm,2.6020037475973368,26200000
prediction_orientation_error_deg,0,26200000
owd_uplink_ms,0,26300000
owd_downlink_ms,0.3691,26300000
owd_uplink_ms,0,26300000
owd_downlink_ms,0,26300000
prediction_position_error_mm,1.4102824497967958,26300000
prediction_orientation_error_deg,0,26300000
prediction_position_error_mm,1.5774333151057363,26400000
prediction_orientation_error_deg,0,26400000
owd_uplink_ms,0,26500000
owd_downlink_ms,5.7471,26500000
prediction_position_error_mm,3.8238894194364548,26500000
prediction_orientation_error_deg,0,26500000
owd_uplink_ms,2.1913,26600000
owd_downlink_ms,0,26600000
owd_uplink_ms,0,26600000
owd_downlink_ms,0,26600000
prediction_position_error_mm,1.0126848937943578,26600000
prediction_orientation_error_deg,0,26600000
prediction_position_error_mm,4.0249302983284,26700000
prediction_orientation_error_deg,0,26700000
prediction_position_error_mm,3.9683226495981216,26800000
prediction_orientation_error_deg,0,26800000
owd_uplink_ms,4.6072,26900000
owd_downlink_ms,1.3087,26900000
prediction_position_error_mm,2.6610265485942364,26900000
prediction_orientation_error_deg,0,26900000
owd_uplink_ms,4.4554,27000000
owd_downlink_ms,3.0288,27000000
owd_uplink_ms,1.9222,27000000
owd_downlink_ms,0,27000000
owd_uplink_ms,0,27000000
owd_downlink_ms,0,27000000
prediction_position_error_mm,2.466941485181451,27000000
prediction_orientation_error_deg,0,27000000
prediction_position_error_mm,2.7107521891593933,27100000
prediction_orientation_error_deg,0,27100000
owd_uplink_ms,0,27200000
owd_downlink_ms,0.7568,27200000
prediction_position_error_mm,3.0457766260951757,27200000
prediction_orientation_error_deg,0,27200000
prediction_position_error_mm,2.9439120553433895,27300000
prediction_orientation_error_deg,0,27300000
owd_uplink_ms,0.5191,27400000
owd_downlink_ms,3.3399,27400000
prediction_position_error_mm,1.9203624688088894,27400000
prediction_orientation_error_deg,0,27400000
owd_uplink_ms,4.9432,27500000
owd_downlink_ms,4.7025,27500000
prediction_position_error_mm,1.175400917418301,27500000
prediction_orientation_error_deg,0,27500000
owd_uplink_ms,2.6046,27600000
owd_downlink_ms,1.209,27600000
owd_uplink_ms,1.9199,27600000
owd_downlink_ms,0,27600000
prediction_position_error_mm,0.49826991744339466,27600000
prediction_orientation_error_deg,0,27600000
prediction_position_error_mm,0.5826918059028685,27700000
prediction_orientation_error_deg,0,27700000
owd_uplink_ms,4.2131,27800000
owd_downlink_ms,0.8827,27800000
owd_uplink_ms,3.2488,27800000
owd_downlink_ms,0,27800000
correction_magnitude_mm,5.5127982050180435,27800000
correction_magnitude_deg,0,27800000
prediction_position_error_mm,3.858960699290037,27800000
prediction_orientation_error_deg,0,27800000
owd_uplink_ms,0,27900000
owd_downlink_ms,3.22,27900000
prediction_position_error_mm,1.1098540853708982,27900000
prediction_orientation_error_deg,0,27900000
prediction_position_error_mm,0.9938463335856795,28000000
prediction_orientation_error_deg,0,28000000
owd_uplink_ms,0.7652,28100000
owd_downlink_ms,4.2503,28100000
prediction_position_error_mm,0.6492595421150327,28100000
prediction_orientation_error_deg,0,28100000
owd_uplink_ms,2.4866,28200000
owd_downlink_ms,0.9515,28200000
owd_uplink_ms,2.02,28200000
owd_downlink_ms,0,28200000
correction_magnitude_mm,5.215205252170563,28200000
correction_magnitude_deg,0,28200000
prediction_position_error_mm,3.6506284959614277,28200000
prediction_orientation_error_deg,0,28200000
owd_uplink_ms,0,28300000
owd_downlink_ms,5.9725,28300000
prediction_position_error_mm,1.4301715418696404,28300000
prediction_orientation_error_deg,0,28300000
prediction_position_error_mm,3.9952239021658897,28400000
prediction_orientation_error_deg,0,28400000
owd_uplink_ms,4.7366,28500000
owd_downlink_ms,1.6702,28500000
owd_uplink_ms,0,28500000
owd_downlink_ms,3.2824,28500000
prediction_position_error_mm,2.9363760259002447,28500000
prediction_orientation_error_deg,0,28500000
owd_uplink_ms,0,28600000
owd_downlink_ms,0.2303,28600000
prediction_position_error_mm,3.149072639644146,28600000
prediction_orientation_error_deg,0,28600000
owd_uplink_ms,1.9881,28700000
owd_downlink_ms,0,28700000
prediction_position_error_mm,1.5549110248684883,28700000
prediction_orientation_error_deg,0,28700000
owd_uplink_ms,0,28800000
owd_downlink_ms,4.0972,28800000
prediction_position_error_mm,3.7251035682857037,28800000
prediction_orientation_error_deg,0,28800000
prediction_position_error_mm,1.7465740675106645,28900000
prediction_orientation_error_deg,0,28900000
owd_uplink_ms,2.8724,29000000
owd_downlink_ms,2.9934,29000000
owd_uplink_ms,0,29000000
owd_downlink_ms,4.7805,29000000
owd_uplink_ms,0,29000000
owd_downlink_ms,0,29000000
prediction_position_error_mm,0.9306170977652073,29000000
prediction_orientation_error_deg,0,29000000
owd_uplink_ms,0,29100000
owd_downlink_ms,0,29100000
prediction_position_error_mm,0.7173842168413103,29100000
prediction_orientation_error_deg,0,29100000
prediction_position_error_mm,4.711127374321222,29200000
prediction_orientation_error_deg,0,29200000
prediction_position_error_mm,4.741818178445101,29300000
prediction_orientation_error_deg,0,29300000
owd_uplink_ms,0.2196,29400000
owd_downlink_ms,5.2465,29400000
prediction_position_error_mm,3.277735086157918,29400000
prediction_orientation_error_deg,0,29400000
owd_uplink_ms,4.3091,29500000
owd_downlink_ms,2.1299,29500000
prediction_position_error_mm,2.158744027838111,29500000
prediction_orientation_error_deg,0,29500000
owd_uplink_ms,1.2046,29600000
owd_downlink_ms,1.5201,29600000
owd_uplink_ms,4.0299,29600000
owd_downlink_ms,0,29600000
prediction_position_error_mm,0.9283747640438378,29600000
prediction_orientation_error_deg,0,29600000
owd_uplink_ms,4.5743,29700000
owd_downlink_ms,0,29700000
prediction_position_error_mm,3.302548546344042,29700000
prediction_orientation_error_deg,0,29700000
owd_uplink_ms,0,29800000
owd_downlink_ms,3.633,29800000
owd_uplink_ms,0,29800000
owd_downlink_ms,0,29800000
prediction_position_error_mm,2.4316790513694286,29800000
prediction_orientation_error_deg,0,29800000
prediction_position_error_mm,2.5091744028031826,29900000
prediction_orientation_error_deg,0,29900000
owd_uplink_ms,0,30000000
owd_downlink_ms,4.405,30000000
prediction_position_error_mm,3.5671633668243885,30000000
prediction_orientation_error_deg,0,30000000
owd_uplink_ms,0,30100000
owd_downlink_ms,0,30100000
prediction_position_error_mm,1.2596785090863705,30100000
prediction_orientation_error_deg,0,30100000
owd_uplink_ms,2.8538,30200000
owd_downlink_ms,4.5753,30200000
prediction_position_error_mm,4.124195780605078,30200000
prediction_orientation_error_deg,0,30200000
prediction_position_error_mm,1.3154407497495413,30300000
prediction_orientation_error_deg,0,30300000
owd_uplink_ms,0,30400000
owd_downlink_ms,1.5661,30400000
owd_uplink_ms,3.4519,30400000
owd_downlink_ms,4.0592,30400000
prediction_position_error_mm,4.539330955594778,30400000
prediction_orientation_error_deg,0,30400000
prediction_position_error_mm,4.592610523104668,30500000
prediction_orientation_error_deg,0,30500000
owd_uplink_ms,3.2468,30600000
owd_downlink_ms,2.956,30600000
prediction_position_error_mm,3.2025151886045933,30600000
prediction_orientation_error_deg,0,30600000
owd_uplink_ms,3.7501,30700000
owd_downlink_ms,5.0589,30700000
owd_uplink_ms,2.5119,30700000
owd_downlink_ms,0,30700000
prediction_position_error_mm,2.2897403687238693,30700000
prediction_orientation_error_deg,0,30700000
owd_uplink_ms,0,30800000
owd_downlink_ms,1.6232,30800000
prediction_position_error_mm,3.036700189113617,30800000
prediction_orientation_error_deg,0,30800000
owd_uplink_ms,2.4622,30900000
owd_downlink_ms,0,30900000
prediction_position_error_mm,2.1150740794837475,30900000
prediction_orientation_error_deg,0,30900000
owd_uplink_ms,4.3974,31000000
owd_downlink_ms,0,31000000
prediction_position_error_mm,1.4440128579735756,31000000
prediction_orientation_error_deg,0,31000000
prediction_position_error_mm,1.3447182718664408,31100000
prediction_orientation_error_deg,0,31100000
owd_uplink_ms,4.5608,31200000
owd_downlink_ms,0.6008,31200000
owd_uplink_ms,0.8855,31200000
owd_downlink_ms,0,31200000
owd_uplink_ms,0,31200000
owd_downlink_ms,0,31200000
prediction_position_error_mm,3.236043732613325,31200000
prediction_orientation_error_deg,0,31200000
prediction_position_error_mm,2.069496549665928,31300000
prediction_orientation_error_deg,0,31300000
prediction_position_error_mm,2.054243814200163,31400000
prediction_orientation_error_deg,0,31400000
owd_uplink_ms,1.3467,31500000
owd_downlink_ms,1.0012,31500000
prediction_position_error_mm,1.4042165130376816,31500000
prediction_orientation_error_deg,0,31500000
owd_uplink_ms,1.5551,31600000
owd_downlink_ms,4.7742,31600000
prediction_position_error_mm,0.9268404101021588,31600000
prediction_orientation_error_deg,0,31600000
owd_uplink_ms,5.8738,31700000
owd_downlink_ms,2.063,31700000
owd_uplink_ms,0,31700000
owd_downlink_ms,0,31700000
prediction_position_error_mm,3.3972510136663914,31700000
prediction_orientation_error_deg,0,31700000
owd_uplink_ms,2.588,31800000
owd_downlink_ms,4.6027,31800000
prediction_position_error_mm,1.946992357261479,31800000
prediction_orientation_error_deg,0,31800000
owd_uplink_ms,0,31900000
owd_downlink_ms,0,31900000
prediction_position_error_mm,2.3600987624377012,31900000
prediction_orientation_error_deg,0,31900000
owd_uplink_ms,1.4249,32000000
owd_downlink_ms,2.1076,32000000
owd_uplink_ms,0,32000000
owd_downlink_ms,0,32000000
prediction_position_error_mm,1.6086698742583394,32000000
prediction_orientation_error_deg,0,32000000
prediction_position_error_mm,3.8555769715458155,32100000
prediction_orientation_error_deg,0,32100000
owd_uplink_ms,4.662,32200000
owd_downlink_ms,0,32200000
prediction_position_error_mm,2.814327599480748,32200000
prediction_orientation_error_deg,0,32200000
owd_uplink_ms,2.1654,32300000
owd_downlink_ms,0,32300000
prediction_position_error_mm,2.049422590062022,32300000
prediction_orientation_error_deg,0,32300000
owd_uplink_ms,1.4674,32400000
owd_downlink_ms,0,32400000
owd_uplink_ms,0,32400000
owd_downlink_ms,0,32400000
prediction_position_error_mm,2.259891713038087,32400000
prediction_orientation_error_deg,0,32400000
prediction_position_error_mm,3.1466535292565823,32500000
prediction_orientation_error_deg,0,32500000
prediction_position_error_mm,3.2874266617000103,32600000
prediction_orientation_error_deg,0,32600000
owd_uplink_ms,2.8964,32700000
owd_downlink_ms,1.2743,32700000
owd_uplink_ms,4.611,32700000
owd_downlink_ms,0,32700000
prediction_position_error_mm,1.6826583305373788,32700000
prediction_orientation_error_deg,0,32700000
prediction_position_error_mm,1.7260840395465493,32800000
prediction_orientation_error_deg,0,32800000
owd_uplink_ms,4.2339,32900000
owd_downlink_ms,4.2876,32900000
prediction_position_error_mm,1.2155126314610243,32900000
prediction_orientation_error_deg,0,32900000
owd_uplink_ms,0.5346,33000000
owd_downlink_ms,2.9336,33000000
prediction_position_error_mm,0.8410878363065422,33000000
prediction_orientation_error_deg,0,33000000
owd_uplink_ms,5.8032,33100000
owd_downlink_ms,3.392,33100000
owd_uplink_ms,3.7074,33100000
owd_downlink_ms,0,33100000
owd_uplink_ms,0,33100000
owd_downlink_ms,0,33100000
prediction_position_error_mm,3.3003161661326885,33100000
prediction_orientation_error_deg,0,33100000
prediction_position_error_mm,3.203453030437231,33200000
prediction_orientation_error_deg,0,33200000
owd_uplink_ms,0,33300000
owd_downlink_ms,3.7573,33300000
prediction_position_error_mm,3.1519359908998013,33300000
prediction_orientation_error_deg,0,33300000
owd_uplink_ms,0,33400000
owd_downlink_ms,0,33400000
prediction_position_error_mm,1.2883453164249659,33400000
prediction_orientation_error_deg,0,33400000
owd_uplink_ms,4.8092,33500000
owd_downlink_ms,2.5794,33500000
prediction_position_error_mm,4.152353387326002,33500000
prediction_orientation_error_deg,0,33500000
prediction_position_error_mm,4.420842509716749,33600000
prediction_orientation_error_deg,0,33600000
owd_uplink_ms,5.9233,33700000
owd_downlink_ms,3.5595,33700000
prediction_position_error_mm,1.8730611773207784,33700000
prediction_orientation_error_deg,0,33700000
owd_uplink_ms,2.4359,33800000
owd_downlink_ms,0.3868,33800000
owd_uplink_ms,0,33800000
owd_downlink_ms,1.9283,33800000
prediction_position_error_mm,4.124724771827459,33800000
prediction_orientation_error_deg,0,33800000
owd_uplink_ms,3.6286,33900000
owd_downlink_ms,0,33900000
prediction_position_error_mm,3.0946258921176195,33900000
prediction_orientation_error_deg,0,33900000
prediction_position_error_mm,3.340140450745821,34000000
prediction_orientation_error_deg,0,34000000
owd_uplink_ms,3.3593,34100000
owd_downlink_ms,5.6232,34100000
prediction_position_error_mm,2.5000169407576323,34100000
prediction_orientation_error_deg,0,34100000
owd_uplink_ms,4.4399,34200000
owd_downlink_ms,2.0344,34200000
prediction_position_error_mm,1.8546340288594365,34200000
prediction_orientation_error_deg,0,34200000
owd_uplink_ms,2.2819,34300000
owd_downlink_ms,4.964,34300000
owd_uplink_ms,1.4752,34300000
owd_downlink_ms,0,34300000
prediction_position_error_mm,0.9563933708705008,34300000
prediction_orientation_error_deg,0,34300000
prediction_position_error_mm,1.0039980988949537,34400000
prediction_orientation_error_deg,0,34400000
owd_uplink_ms,1.8952,34500000
owd_downlink_ms,4.9504,34500000
prediction_position_error_mm,4.316269885748625,34500000
prediction_orientation_error_deg,0,34500000
owd_uplink_ms,0,34600000
owd_downlink_ms,1.135,34600000
owd_uplink_ms,5.9237,34600000
owd_downlink_ms,2.7287,34600000
prediction_position_error_mm,2.154168440029025,34600000
prediction_orientation_error_deg,0,34600000
owd_uplink_ms,0.1604,34700000
owd_downlink_ms,0,34700000
prediction_position_error_mm,1.6390099190175533,34700000
prediction_orientation_error_deg,0,34700000
prediction_position_error_mm,1.8108512740582228,34800000
prediction_orientation_error_deg,0,34800000
owd_uplink_ms,5.1098,34900000
owd_downlink_ms,3.8979,34900000
prediction_position_error_mm,1.4056464424356818,34900000
prediction_orientation_error_deg,0,34900000
owd_uplink_ms,0.9389,35000000
owd_downlink_ms,2.0164,35000000
prediction_position_error_mm,1.1011804454028606,35000000
prediction_orientation_error_deg,0,35000000
owd_uplink_ms,0.8434,35100000
owd_downlink_ms,4.4886,35100000
prediction_position_error_mm,0.8769619162194431,35100000
prediction_orientation_error_deg,0,35100000
owd_uplink_ms,4.9716,35200000
owd_downlink_ms,2.7082,35200000
prediction_position_error_mm,4.19967994093895,35200000
prediction_orientation_error_deg,0,35200000
owd_uplink_ms,0,35300000
owd_downlink_ms,1.4013,35300000
owd_uplink_ms,5.6935,35300000
owd_downlink_ms,4.6158,35300000
prediction_position_error_mm,2.695336937904358,35300000
prediction_orientation_error_deg,0,35300000
owd_uplink_ms,0,35400000
owd_downlink_ms,2.7883,35400000
prediction_position_error_mm,3.3006020821630955,35400000
prediction_orientation_error_deg,0,35400000
prediction_position_error_mm,3.657079767435789,35500000
prediction_orientation_error_deg,0,35500000
owd_uplink_ms,0.4933,35600000
owd_downlink_ms,1.1129,35600000
prediction_position_error_mm,2.8839283622801304,35600000
prediction_orientation_error_deg,0,35600000
owd_uplink_ms,4.9035,35700000
owd_downlink_ms,3.0447,35700000
prediction_position_error_mm,2.2792364470660686,35700000
prediction_orientation_error_deg,0,35700000
owd_uplink_ms,5.8092,35800000
owd_downlink_ms,0.5259,35800000
prediction_position_error_mm,1.8112427787855268,35800000
prediction_orientation_error_deg,0,35800000
owd_uplink_ms,0.9136,35900000
owd_downlink_ms,0.4047,35900000
owd_uplink_ms,3.0093,35900000
owd_downlink_ms,0,35900000
prediction_position_error_mm,1.0174205526709557,35900000
prediction_orientation_error_deg,0,35900000
owd_uplink_ms,3.5523,36000000
owd_downlink_ms,0,36000000
prediction_position_error_mm,0.8290308760479093,36000000
prediction_orientation_error_deg,0,36000000
owd_uplink_ms,4.5403,36100000
owd_downlink_ms,0,36100000
prediction_position_error_mm,0.6899213185533881,36100000
prediction_orientation_error_deg,0,36100000
prediction_position_error_mm,0.842470268253237,36200000
prediction_orientation_error_deg,0,36200000
owd_uplink_ms,4.6503,36300000
owd_downlink_ms,2.8522,36300000
owd_uplink_ms,0,36300000
owd_downlink_ms,0,36300000
prediction_position_error_mm,2.73504457436502,36300000
prediction_orientation_error_deg,0,36300000
owd_uplink_ms,2.6151,36400000
owd_downlink_ms,0.0949,36400000
prediction_position_error_mm,2.173720160499215,36400000
prediction_orientation_error_deg,0,36400000
owd_uplink_ms,1.1624,36500000
owd_downlink_ms,0,36500000
prediction_position_error_mm,1.7414494650438428,36500000
prediction_orientation_error_deg,0,36500000
prediction_position_error_mm,2.0449641160666943,36600000
prediction_orientation_error_deg,0,36600000
owd_uplink_ms,2.0146,36700000
owd_downlink_ms,0.8193,36700000
prediction_position_error_mm,1.7008630093187094,36700000
prediction_orientation_error_deg,0,36700000
owd_uplink_ms,4.0869,36800000
owd_downlink_ms,1.3626,36800000
prediction_position_error_mm,1.4367061667144299,36800000
prediction_orientation_error_deg,0,36800000
owd_uplink_ms,0.0271,36900000
owd_downlink_ms,2.0126,36900000
prediction_position_error_mm,3.246086649596691,36900000
prediction_orientation_error_deg,0,36900000
owd_uplink_ms,0,37000000
owd_downlink_ms,0.8506,37000000
owd_uplink_ms,3.7671,37000000
owd_downlink_ms,3.4867,37000000
prediction_position_error_mm,1.904440694488585,37000000
prediction_orientation_error_deg,0,37000000
owd_uplink_ms,0,37100000
owd_downlink_ms,2.459,37100000
prediction_position_error_mm,3.53976059705019,37100000
prediction_orientation_error_deg,0,37100000
prediction_position_error_mm,4.00411756709218,37200000
prediction_orientation_error_deg,0,37200000
owd_uplink_ms,5.981,37300000
owd_downlink_ms,5.3016,37300000
owd_uplink_ms,1.6546,37300000
owd_downlink_ms,0,37300000
prediction_position_error_mm,2.2656195797026157,37300000
prediction_orientation_error_deg,0,37300000
prediction_position_error_mm,1.7092828638851643,37400000
prediction_orientation_error_deg,0,37400000
owd_uplink_ms,0,37500000
owd_downlink_ms,3.3569,37500000
owd_uplink_ms,5.4781,37500000
owd_downlink_ms,4.6734,37500000
prediction_position_error_mm,0.7537877536378801,37500000
prediction_orientation_error_deg,0,37500000
owd_uplink_ms,0,37600000
owd_downlink_ms,1.4526,37600000
prediction_position_error_mm,0.24559011217206717,37600000
prediction_orientation_error_deg,0,37600000
owd_uplink_ms,0,37700000
owd_downlink_ms,0.1239,37700000
prediction_position_error_mm,4.79448726400733,37700000
prediction_orientation_error_deg,0,37700000
owd_uplink_ms,0,37800000
owd_downlink_ms,0,37800000
prediction_position_error_mm,0.8385538822039962,37800000
prediction_orientation_error_deg,0,37800000
owd_uplink_ms,2.7053,37900000
owd_downlink_ms,3.3665,37900000
prediction_position_error_mm,5.569931119680405,37900000
prediction_orientation_error_deg,0,37900000
owd_uplink_ms,0,38000000
owd_downlink_ms,0,38000000
prediction_position_error_mm,1.4515715884044766,38000000
prediction_orientation_error_deg,0,38000000
owd_uplink_ms,4.3502,38100000
owd_downlink_ms,3.239,38100000
owd_uplink_ms,0,38100000
owd_downlink_ms,0,38100000
prediction_position_error_mm,1.4621989103034139,38100000
prediction_orientation_error_deg,0,38100000
owd_uplink_ms,0,38200000
owd_downlink_ms,0,38200000
prediction_position_error_mm,1.4492967166006565,38200000
prediction_orientation_error_deg,0,38200000
prediction_position_error_mm,6.037533283233643,38300000
prediction_orientation_error_deg,0,38300000
owd_uplink_ms,1.7152,38400000
owd_downlink_ms,0,38400000
prediction_position_error_mm,1.8503196770325303,38400000
prediction_orientation_error_deg,0,38400000
owd_uplink_ms,0,38500000
owd_downlink_ms,0.2008,38500000
prediction_position_error_mm,2.459120936691761,38500000
prediction_orientation_error_deg,0,38500000
owd_uplink_ms,0,38600000
owd_downlink_ms,0.021,38600000
prediction_position_error_mm,6.197955925017595,38600000
prediction_orientation_error_deg,0,38600000
owd_uplink_ms,3.6614,38700000
owd_downlink_ms,0,38700000
correction_magnitude_mm,6.766140926629305,38700000
correction_magnitude_deg,0,38700000
prediction_position_error_mm,4.736302886158228,38700000
prediction_orientation_error_deg,0,38700000
prediction_position_error_mm,1.422241097316146,38800000
prediction_orientation_error_deg,0,38800000
owd_uplink_ms,0,38900000
owd_downlink_ms,0.3463,38900000
owd_uplink_ms,5.2266,38900000
owd_downlink_ms,4.3378,38900000
prediction_position_error_mm,5.315207876265049,38900000
prediction_orientation_error_deg,0,38900000
owd_uplink_ms,3.2563,39000000
owd_downlink_ms,0,39000000
prediction_position_error_mm,1.4656035928055644,39000000
prediction_orientation_error_deg,0,39000000
owd_uplink_ms,0,39100000
owd_downlink_ms,4.0134,39100000
owd_uplink_ms,0,39100000
owd_downlink_ms,0,39100000
prediction_position_error_mm,1.4273918932303786,39100000
prediction_orientation_error_deg,0,39100000
prediction_position_error_mm,5.664655473083258,39200000
prediction_orientation_error_deg,0,39200000
prediction_position_error_mm,6.213054060935974,39300000
prediction_orientation_error_deg,0,39300000
owd_uplink_ms,5.8153,39400000
owd_downlink_ms,5.8363,39400000
correction_magnitude_mm,6.213054060935974,39300000
correction_magnitude_deg,0,39300000
prediction_position_error_mm,4.841874353587627,39400000
prediction_orientation_error_deg,0,39400000
owd_uplink_ms,2.8293,39500000
owd_downlink_ms,4.0205,39500000
prediction_position_error_mm,3.7747735623270273,39500000
prediction_orientation_error_deg,0,39500000
owd_uplink_ms,1.0578,39600000
owd_downlink_ms,3.5115,39600000
owd_uplink_ms,3.8442,39600000
owd_downlink_ms,0,39600000
prediction_position_error_mm,2.0670124795287848,39600000
prediction_orientation_error_deg,0,39600000
owd_uplink_ms,2.2544,39700000
owd_downlink_ms,0,39700000
prediction_position_error_mm,0.8700726903043687,39700000
prediction_orientation_error_deg,0,39700000
owd_uplink_ms,0,39800000
owd_downlink_ms,2.2579,39800000
prediction_position_error_mm,0.5479073734022677,39800000
prediction_orientation_error_deg,0,39800000
owd_uplink_ms,0,39900000
owd_downlink_ms,3.8809,39900000
prediction_position_error_mm,3.536728210747242,39900000
prediction_orientation_error_deg,0,39900000
owd_uplink_ms,3.7805,40000000
owd_downlink_ms,0,40000000
prediction_position_error_mm,0.44394840369932353,40000000
prediction_orientation_error_deg,0,40000000
owd_uplink_ms,0,40100000
owd_downlink_ms,4.8604,40100000
prediction_position_error_mm,4.247189033776522,40100000
prediction_orientation_error_deg,0,40100000
prediction_position_error_mm,4.7430600970983505,40200000
prediction_orientation_error_deg,0,40200000
owd_uplink_ms,5.8608,40300000
owd_downlink_ms,0.8876,40300000
owd_uplink_ms,2.0331,40300000
owd_downlink_ms,0,40300000
prediction_position_error_mm,0.41789133683778346,40300000
prediction_orientation_error_deg,0,40300000
owd_uplink_ms,0,40400000
owd_downlink_ms,2.9177,40400000
prediction_position_error_mm,4.121445585042238,40400000
prediction_orientation_error_deg,0,40400000
prediction_position_error_mm,1.489043585024774,40500000
prediction_orientation_error_deg,0,40500000
owd_uplink_ms,0.0583,40600000
owd_downlink_ms,1.9148,40600000
owd_uplink_ms,0,40600000
owd_downlink_ms,5.4585,40600000
prediction_position_error_mm,4.764199256896973,40600000
prediction_orientation_error_deg,0,40600000
owd_uplink_ms,0.2295,40700000
owd_downlink_ms,0,40700000
prediction_position_error_mm,1.5850684139877558,40700000
prediction_orientation_error_deg,0,40700000
owd_uplink_ms,0,40800000
owd_downlink_ms,4.1075,40800000
prediction_position_error_mm,5.281209480017424,40800000
prediction_orientation_error_deg,0,40800000
prediction_position_error_mm,2.911400981247425,40900000
prediction_orientation_error_deg,0,40900000
owd_uplink_ms,0,41000000
owd_downlink_ms,1.7751,41000000
owd_uplink_ms,5.0899,41000000
owd_downlink_ms,5.1529,41000000
prediction_position_error_mm,5.6938608177006245,41000000
prediction_orientation_error_deg,0,41000000
prediction_position_error_mm,6.376961711794138,41100000
prediction_orientation_error_deg,0,41100000
owd_uplink_ms,4.6586,41200000
owd_downlink_ms,2.4299,41200000
correction_magnitude_mm,6.376961711794138,41100000
correction_magnitude_deg,0,41100000
prediction_position_error_mm,5.094598978757858,41200000
prediction_orientation_error_deg,0,41200000
owd_uplink_ms,1.8201,41300000
owd_downlink_ms,2.4943,41300000
correction_magnitude_mm,5.094598978757858,41200000
correction_magnitude_deg,0,41200000
owd_uplink_ms,2.8767,41300000
owd_downlink_ms,0,41300000
prediction_position_error_mm,2.8613386675715446,41300000
prediction_orientation_error_deg,0,41300000
owd_uplink_ms,0.5226,41400000
owd_downlink_ms,0,41400000
prediction_position_error_mm,2.3127873428165913,41400000
prediction_orientation_error_deg,0,41400000
owd_uplink_ms,3.8395,41500000
owd_downlink_ms,0,41500000
prediction_position_error_mm,1.8903304589912295,41500000
prediction_orientation_error_deg,0,41500000
prediction_position_error_mm,0.615169177763164,41600000
prediction_orientation_error_deg,0,41600000
owd_uplink_ms,0,41700000
owd_downlink_ms,0.2206,41700000
owd_uplink_ms,1.0036,41700000
owd_downlink_ms,1.7803,41700000
prediction_position_error_mm,2.791478531435132,41700000
prediction_orientation_error_deg,0,41700000
prediction_position_error_mm,0.6986369262449443,41800000
prediction_orientation_error_deg,0,41800000
owd_uplink_ms,0,41900000
owd_downlink_ms,4.542,41900000
owd_uplink_ms,1.356,41900000
owd_downlink_ms,5.289,41900000
owd_uplink_ms,0,41900000
owd_downlink_ms,0,41900000
prediction_position_error_mm,0.6993390852585435,41900000
prediction_orientation_error_deg,0,41900000
prediction_position_error_mm,3.7653192412108183,42000000
prediction_orientation_error_deg,0,42000000
prediction_position_error_mm,4.315167665481567,42100000
prediction_orientation_error_deg,0,42100000
owd_uplink_ms,5.7387,42200000
owd_downlink_ms,4.6123,42200000
prediction_position_error_mm,3.551641944795847,42200000
prediction_orientation_error_deg,0,42200000
owd_uplink_ms,5.5562,42300000
owd_downlink_ms,1.4306,42300000
prediction_position_error_mm,2.9567775782197714,42300000
prediction_orientation_error_deg,0,42300000
owd_uplink_ms,2.6945,42400000
owd_downlink_ms,2.047,42400000
owd_uplink_ms,2.3558,42400000
owd_downlink_ms,0,42400000
prediction_position_error_mm,1.7486315919086337,42400000
prediction_orientation_error_deg,0,42400000
owd_uplink_ms,1.6728,42500000
owd_downlink_ms,0,42500000
prediction_position_error_mm,1.503964071162045,42500000
prediction_orientation_error_deg,0,42500000
owd_uplink_ms,2.5552,42600000
owd_downlink_ms,0,42600000
prediction_position_error_mm,1.3203572016209364,42600000
prediction_orientation_error_deg,0,42600000
owd_uplink_ms,3.3391,42700000
owd_downlink_ms,0,42700000
owd_uplink_ms,0,42700000
owd_downlink_ms,0,42700000
prediction_position_error_mm,0.4482783260755241,42700000
prediction_orientation_error_deg,0,42700000
prediction_position_error_mm,0.3001633449457586,42800000
prediction_orientation_error_deg,0,42800000
owd_uplink_ms,0,42900000
owd_downlink_ms,4.894,42900000
prediction_position_error_mm,2.728018444031477,42900000
prediction_orientation_error_deg,0,42900000
owd_uplink_ms,5.0428,43000000
owd_downlink_ms,0,43000000
prediction_position_error_mm,0.839967920910567,43000000
prediction_orientation_error_deg,0,43000000
owd_uplink_ms,0,43100000
owd_downlink_ms,2.9151,43100000
prediction_position_error_mm,3.456622129306197,43100000
prediction_orientation_error_deg,0,43100000
prediction_position_error_mm,4.059405066072941,43200000
prediction_orientation_error_deg,0,43200000
owd_uplink_ms,5.1428,43300000
owd_downlink_ms,0.5148,43300000
prediction_position_error_mm,3.4317802637815475,43300000
prediction_orientation_error_deg,0,43300000
owd_uplink_ms,0.7081,43400000
owd_downlink_ms,3.6079,43400000
owd_uplink_ms,0.5228,43400000
owd_downlink_ms,0,43400000
prediction_position_error_mm,2.056641736999154,43400000
prediction_orientation_error_deg,0,43400000
prediction_position_error_mm,2.552890917286277,43500000
prediction_orientation_error_deg,0,43500000
owd_uplink_ms,1.2115,43600000
owd_downlink_ms,2.2082,43600000
prediction_position_error_mm,0.5716523737646639,43600000
prediction_orientation_error_deg,0,43600000
owd_uplink_ms,0,43700000
owd_downlink_ms,0.6637,43700000
owd_uplink_ms,4.9604,43700000
owd_downlink_ms,1.9476,43700000
prediction_position_error_mm,2.617443446069956,43700000
prediction_orientation_error_deg,0,43700000
prediction_position_error_mm,3.169081639498472,43800000
prediction_orientation_error_deg,0,43800000
owd_uplink_ms,0.1769,43900000
owd_downlink_ms,1.376,43900000
owd_uplink_ms,0,43900000
owd_downlink_ms,0,43900000
prediction_position_error_mm,0.8197822608053684,43900000
prediction_orientation_error_deg,0,43900000
owd_uplink_ms,2.7629,44000000
owd_downlink_ms,1.8563,44000000
owd_uplink_ms,0,44000000
owd_downlink_ms,0,44000000
prediction_position_error_mm,1.0001263581216335,44000000
prediction_orientation_error_deg,0,44000000
prediction_position_error_mm,3.155413083732128,44100000
prediction_orientation_error_deg,0,44100000
owd_uplink_ms,0,44200000
owd_downlink_ms,0,44200000
prediction_position_error_mm,1.6068057157099247,44200000
prediction_orientation_error_deg,0,44200000
owd_uplink_ms,3.0558,44300000
owd_downlink_ms,2.6221,44300000
owd_uplink_ms,0,44300000
owd_downlink_ms,0,44300000
prediction_position_error_mm,1.6076823230832815,44300000
prediction_orientation_error_deg,0,44300000
prediction_position_error_mm,3.671974176540971,44400000
prediction_orientation_error_deg,0,44400000
owd_uplink_ms,1.4307,44500000
owd_downlink_ms,0,44500000
prediction_position_error_mm,2.1009366028010845,44500000
prediction_orientation_error_deg,0,44500000
owd_uplink_ms,0,44600000
owd_downlink_ms,5.5137,44600000
prediction_position_error_mm,2.8284548316150904,44600000
prediction_orientation_error_deg,0,44600000
owd_uplink_ms,0,44700000
owd_downlink_ms,3.3985,44700000
prediction_position_error_mm,3.91800282523036,44700000
prediction_orientation_error_deg,0,44700000
prediction_position_error_mm,4.609918687492609,44800000
prediction_orientation_error_deg,0,44800000
owd_uplink_ms,4.2091,44900000
owd_downlink_ms,3.7165,44900000
prediction_position_error_mm,3.9007216691970825,44900000
prediction_orientation_error_deg,0,44900000
owd_uplink_ms,3.7767,45000000
owd_downlink_ms,2.8644,45000000
owd_uplink_ms,4.8029,45000000
owd_downlink_ms,0,45000000
owd_uplink_ms,0,45000000
owd_downlink_ms,0,45000000
prediction_position_error_mm,1.5823098365217447,45000000
prediction_orientation_error_deg,0,45000000
prediction_position_error_mm,3.2568597234785557,45100000
prediction_orientation_error_deg,0,45100000
prediction_position_error_mm,3.898769151419401,45200000
prediction_orientation_error_deg,0,45200000
owd_uplink_ms,2.8713,45300000
owd_downlink_ms,4.7332,45300000
owd_uplink_ms,0,45300000
owd_downlink_ms,0,45300000
prediction_position_error_mm,1.7081067198887467,45300000
prediction_orientation_error_deg,0,45300000
owd_uplink_ms,0.7804,45400000
owd_downlink_ms,5.9445,45400000
prediction_position_error_mm,3.2506510615348816,45400000
prediction_orientation_error_deg,0,45400000
prediction_position_error_mm,3.914710134267807,45500000
prediction_orientation_error_deg,0,45500000
owd_uplink_ms,0.3192,45600000
owd_downlink_ms,1.9196,45600000
prediction_position_error_mm,3.3972207456827164,45600000
prediction_orientation_error_deg,0,45600000
owd_uplink_ms,1.0002,45700000
owd_downlink_ms,1.8894,45700000
owd_uplink_ms,2.8332,45700000
owd_downlink_ms,0,45700000
prediction_position_error_mm,1.5906214248389006,45700000
prediction_orientation_error_deg,0,45700000
owd_uplink_ms,0,45800000
owd_downlink_ms,2.9359,45800000
prediction_position_error_mm,2.900348976254463,45800000
prediction_orientation_error_deg,0,45800000
prediction_position_error_mm,3.5420560743659735,45900000
prediction_orientation_error_deg,0,45900000
owd_uplink_ms,5.7155,46000000
owd_downlink_ms,3.4801,46000000
owd_uplink_ms,4.8149,46000000
owd_downlink_ms,0,46000000
owd_uplink_ms,0,46000000
owd_downlink_ms,0,46000000
prediction_position_error_mm,1.7907588044181466,46000000
prediction_orientation_error_deg,0,46000000
prediction_position_error_mm,2.4566720239818096,46100000
prediction_orientation_error_deg,0,46100000
owd_uplink_ms,0,46200000
owd_downlink_ms,4.4523,46200000
prediction_position_error_mm,2.364629413932562,46200000
prediction_orientation_error_deg,0,46200000
owd_uplink_ms,0,46300000
owd_downlink_ms,1.6202,46300000
owd_uplink_ms,0,46300000
owd_downlink_ms,0,46300000
prediction_position_error_mm,1.5972147230058908,46300000
prediction_orientation_error_deg,0,46300000
prediction_position_error_mm,2.585322130471468,46400000
prediction_orientation_error_deg,0,46400000
owd_uplink_ms,5.977,46500000
owd_downlink_ms,0,46500000
prediction_position_error_mm,2.2357625421136618,46500000
prediction_orientation_error_deg,0,46500000
owd_uplink_ms,4.7853,46600000
owd_downlink_ms,0,46600000
prediction_position_error_mm,1.8090874655172229,46600000
prediction_orientation_error_deg,0,46600000
owd_uplink_ms,0,46700000
owd_downlink_ms,2.6417,46700000
prediction_position_error_mm,2.449714345857501,46700000
prediction_orientation_error_deg,0,46700000
owd_uplink_ms,0,46800000
owd_downlink_ms,3.6635,46800000
owd_uplink_ms,0,46800000
owd_downlink_ms,0,46800000
prediction_position_error_mm,1.6340098809450865,46800000
prediction_orientation_error_deg,0,46800000
prediction_position_error_mm,2.3581574205309153,46900000
prediction_orientation_error_deg,0,46900000
owd_uplink_ms,0,47000000
owd_downlink_ms,0,47000000
prediction_position_error_mm,2.022717148065567,47000000
prediction_orientation_error_deg,0,47000000
owd_uplink_ms,0.4135,47100000
owd_downlink_ms,5.0393,47100000
prediction_position_error_mm,2.6853785384446383,47100000
prediction_orientation_error_deg,0,47100000
owd_uplink_ms,0,47200000
owd_downlink_ms,4.9719,47200000
prediction_position_error_mm,2.51393741928041,47200000
prediction_orientation_error_deg,0,47200000
owd_uplink_ms,0,47300000
owd_downlink_ms,0.1353,47300000
prediction_position_error_mm,2.290470292791724,47300000
prediction_orientation_error_deg,0,47300000
owd_uplink_ms,0.7829,47400000
owd_downlink_ms,0,47400000
prediction_position_error_mm,2.0280692260712385,47400000
prediction_orientation_error_deg,0,47400000
prediction_position_error_mm,2.8430898673832417,47500000
prediction_orientation_error_deg,0,47500000
owd_uplink_ms,5.2663,47600000
owd_downlink_ms,2.2782,47600000
owd_uplink_ms,0,47600000
owd_downlink_ms,4.7823,47600000
prediction_position_error_mm,2.6284470222890377,47600000
prediction_orientation_error_deg,0,47600000
owd_uplink_ms,0,47700000
owd_downlink_ms,5.7196,47700000
prediction_position_error_mm,2.1585547365248203,47700000
prediction_orientation_error_deg,0,47700000
owd_uplink_ms,0,47800000
owd_downlink_ms,0,47800000
prediction_position_error_mm,2.180582843720913,47800000
prediction_orientation_error_deg,0,47800000
owd_uplink_ms,1.7643,47900000
owd_downlink_ms,2.6679,47900000
prediction_position_error_mm,2.452791202813387,47900000
prediction_orientation_error_deg,0,47900000
owd_uplink_ms,4.7389,48000000
owd_downlink_ms,0,48000000
prediction_position_error_mm,2.1827530581504107,48000000
prediction_orientation_error_deg,0,48000000
prediction_position_error_mm,3.367225406691432,48100000
prediction_orientation_error_deg,0,48100000
owd_uplink_ms,2.441,48200000
owd_downlink_ms,0.6505,48200000
owd_uplink_ms,0,48200000
owd_downlink_ms,1.2748,48200000
prediction_position_error_mm,2.4745212867856026,48200000
prediction_orientation_error_deg,0,48200000
owd_uplink_ms,4.983,48300000
owd_downlink_ms,0,48300000
owd_uplink_ms,0,48300000
owd_downlink_ms,0,48300000
prediction_position_error_mm,2.633745549246669,48300000
prediction_orientation_error_deg,0,48300000
prediction_position_error_mm,2.697009826079011,48400000
prediction_orientation_error_deg,0,48400000
prediction_position_error_mm,3.4184788819402456,48500000
prediction_orientation_error_deg,0,48500000
owd_uplink_ms,0.4167,48600000
owd_downlink_ms,4.6882,48600000
owd_uplink_ms,4.3299,48600000
owd_downlink_ms,0,48600000
prediction_position_error_mm,2.181028248742223,48600000
prediction_orientation_error_deg,0,48600000
prediction_position_error_mm,2.8627230785787106,48700000
prediction_orientation_error_deg,0,48700000
owd_uplink_ms,3.6602,48800000
owd_downlink_ms,1.3063,48800000
prediction_position_error_mm,2.6518008671700954,48800000
prediction_orientation_error_deg,0,48800000
owd_uplink_ms,4.0391,48900000
owd_downlink_ms,3.5458,48900000
owd_uplink_ms,0.3137,48900000
owd_downlink_ms,0,48900000
prediction_position_error_mm,2.3936941288411617,48900000
prediction_orientation_error_deg,0,48900000
owd_uplink_ms,0,49000000
owd_downlink_ms,0.0594,49000000
prediction_position_error_mm,3.0135249253362417,49000000
prediction_orientation_error_deg,0,49000000
owd_uplink_ms,0,49100000
owd_downlink_ms,3.337,49100000
owd_uplink_ms,0,49100000
owd_downlink_ms,0,49100000
prediction_position_error_mm,1.8834193469956517,49100000
prediction_orientation_error_deg,0,49100000
prediction_position_error_mm,1.3666097074747086,49200000
prediction_orientation_error_deg,0,49200000
owd_uplink_ms,0,49300000
owd_downlink_ms,0,49300000
prediction_position_error_mm,2.1269002463668585,49300000
prediction_orientation_error_deg,0,49300000
owd_uplink_ms,4.7367,49400000
owd_downlink_ms,1.3703,49400000
owd_uplink_ms,0,49400000
owd_downlink_ms,0,49400000
prediction_position_error_mm,1.9148802384734154,49400000
prediction_orientation_error_deg,0,49400000
prediction_position_error_mm,1.2862271396443248,49500000
prediction_orientation_error_deg,0,49500000
prediction_position_error_mm,1.8548961961641908,49600000
prediction_orientation_error_deg,0,49600000
owd_uplink_ms,2.4455,49700000
owd_downlink_ms,1.3015,49700000
owd_uplink_ms,1.8498,49700000
owd_downlink_ms,0,49700000
prediction_position_error_mm,1.3260232517495751,49700000
prediction_orientation_error_deg,0,49700000
prediction_position_error_mm,3.3078808337450027,49800000
prediction_orientation_error_deg,0,49800000
owd_uplink_ms,4.0036,49900000
owd_downlink_ms,3.7093,49900000
owd_uplink_ms,0,49900000
owd_downlink_ms,3.8267,49900000
prediction_position_error_mm,1.481484156101942,49900000
prediction_orientation_error_deg,0,49900000
prediction_position_error_mm,2.0744011271744967,50000000
prediction_orientation_error_deg,0,50000000
prediction_position_error_mm,0,100000
prediction_orientation_error_deg,0,100000
owd_uplink_ms,1.059,200000
owd_downlink_ms,1.059,200000
correction_magnitude_mm,1299.9999523162842,189410
correction_magnitude_deg,0,189410
prediction_position_error_mm,0,200000
prediction_orientation_error_deg,0,200000
owd_uplink_ms,-0.8472,300000
owd_downlink_ms,0.8472,300000
correction_magnitude_mm,9.99937579035759,291528
correction_magnitude_deg,0,291528
prediction_position_error_mm,6.974675692617893,300000
prediction_orientation_error_deg,0,300000
owd_uplink_ms,1.7563,400000
owd_downlink_ms,1.0798,400000
prediction_position_error_mm,6.68091606348753,400000
prediction_orientation_error_deg,0,400000
owd_uplink_ms,1.0345,500000
owd_downlink_ms,0.8472,500000
correction_magnitude_mm,16.40770025551319,491528
correction_magnitude_deg,0,491528
owd_uplink_ms,-0.6777,500000
owd_downlink_ms,0.6777,500000
correction_magnitude_mm,11.476238258183002,493223
correction_magnitude_deg,0,493223
prediction_position_error_mm,6.620240397751331,500000
prediction_orientation_error_deg,0,500000
owd_uplink_ms,-0.5421,600000
owd_downlink_ms,0.5421,600000
correction_magnitude_mm,8.106019347906113,594579
correction_magnitude_deg,0,594579
prediction_position_error_mm,6.791575346142054,600000
prediction_orientation_error_deg,0,600000
prediction_position_error_mm,27.403419837355614,700000
prediction_orientation_error_deg,0,700000
owd_uplink_ms,-0.4003,800000
owd_downlink_ms,0.5421,800000
correction_magnitude_mm,41.90514236688614,794579
correction_magnitude_deg,0,794579
prediction_position_error_mm,30.416887253522873,800000
prediction_orientation_error_deg,0,800000
prediction_position_error_mm,45.41034996509552,900000
prediction_orientation_error_deg,0,900000
owd_uplink_ms,1.0839,1000000
owd_downlink_ms,0.7417,1000000
correction_magnitude_mm,44.32705417275429,894579
correction_magnitude_deg,0,894579
owd_uplink_ms,-0.4336,1000000
owd_downlink_ms,0.4336,1000000
correction_magnitude_mm,39.91628438234329,995664
correction_magnitude_deg,0,995664
prediction_position_error_mm,28.698833659291267,1000000
prediction_orientation_error_deg,0,1000000
owd_uplink_ms,1.6302,1100000
owd_downlink_ms,2.5335,1100000
prediction_position_error_mm,46.16747796535492,1100000
prediction_orientation_error_deg,0,1100000
owd_uplink_ms,2.1842,1200000
owd_downlink_ms,0.4336,1200000
correction_magnitude_mm,57.90094658732414,1195664
correction_magnitude_deg,0,1195664
prediction_position_error_mm,41.25044122338295,1200000
prediction_orientation_error_deg,0,1200000
owd_uplink_ms,4.1785,1300000
owd_downlink_ms,0.4336,1300000
correction_magnitude_mm,52.15807259082794,1295664
correction_magnitude_deg,0,1295664
prediction_position_error_mm,37.16258332133293,1300000
prediction_orientation_error_deg,0,1300000
prediction_position_error_mm,47.23078012466431,1400000
prediction_orientation_error_deg,0,1400000
owd_uplink_ms,4.3744,1500000
owd_downlink_ms,3.2152,1500000
correction_magnitude_mm,46.57885432243347,1395664
correction_magnitude_deg,0,1395664
owd_uplink_ms,-0.3468,1500000
owd_downlink_ms,0.3468,1500000
correction_magnitude_mm,36.44687682390213,1496532
correction_magnitude_deg,0,1496532
prediction_position_error_mm,25.948133319616318,1500000
prediction_orientation_error_deg,0,1500000
owd_uplink_ms,5.4614,1600000
owd_downlink_ms,6.3416,1600000
prediction_position_error_mm,33.55487063527107,1600000
prediction_orientation_error_deg,0,1600000
owd_uplink_ms,-0.3468,1700000
owd_downlink_ms,1.3252,1700000
correction_magnitude_mm,33.119551837444305,1596532
correction_magnitude_deg,0,1596532
owd_uplink_ms,-0.2774,1700000
owd_downlink_ms,0.2774,1700000
correction_magnitude_mm,29.884671792387962,1697226
correction_magnitude_deg,0,1697226
prediction_position_error_mm,21.215202286839485,1700000
prediction_orientation_error_deg,0,1700000
prediction_position_error_mm,31.88435360789299,1800000
prediction_orientation_error_deg,0,1800000
owd_uplink_ms,0.9528,1900000
owd_downlink_ms,0.2774,1900000
correction_magnitude_mm,32.4050709605217,1897226
correction_magnitude_deg,0,1897226
prediction_position_error_mm,22.96598255634308,1900000
prediction_orientation_error_deg,0,1900000
owd_uplink_ms,-0.2774,2000000
owd_downlink_ms,2.8472,2000000
prediction_position_error_mm,28.236331418156624,2000000
prediction_orientation_error_deg,0,2000000
owd_uplink_ms,-0.2774,2100000
owd_downlink_ms,3.8699,2100000
correction_magnitude_mm,27.953915297985077,1997226
correction_magnitude_deg,0,1997226
prediction_position_error_mm,29.17059138417244,2100000
prediction_orientation_error_deg,0,2100000
prediction_position_error_mm,33.61134976148605,2200000
prediction_orientation_error_deg,0,2200000
owd_uplink_ms,4.2393,2300000
owd_downlink_ms,1.8208,2300000
correction_magnitude_mm,33.35215151309967,2197226
correction_magnitude_deg,0,2197226
prediction_position_error_mm,22.6643905043602,2300000
prediction_orientation_error_deg,0,2300000
owd_uplink_ms,-0.2774,2400000
owd_downlink_ms,2.1977,2400000
correction_magnitude_mm,22.419245913624763,2297226
correction_magnitude_deg,0,2297226
owd_uplink_ms,1.7294,2400000
owd_downlink_ms,3.8592,2400000
prediction_position_error_mm,19.221516326069832,2400000
prediction_orientation_error_deg,0,2400000
owd_uplink_ms,-0.2774,2500000
owd_downlink_ms,6.2159,2500000
correction_magnitude_mm,18.99506337940693,2397226
correction_magnitude_deg,0,2397226
prediction_position_error_mm,16.250895336270332,2500000
prediction_orientation_error_deg,0,2500000
owd_uplink_ms,-0.2774,2600000
owd_downlink_ms,3.4287,2600000
correction_magnitude_mm,16.040293499827385,2497226
correction_magnitude_deg,0,2497226
prediction_position_error_mm,18.542269244790077,2600000
prediction_orientation_error_deg,0,2600000
owd_uplink_ms,5.0334,2700000
owd_downlink_ms,0.2774,2700000
correction_magnitude_mm,20.617807283997536,2697226
correction_magnitude_deg,0,2697226
prediction_position_error_mm,14.621351845562458,2700000
prediction_orientation_error_deg,0,2700000
owd_uplink_ms,2.4094,2800000
owd_downlink_ms,0.2774,2800000
correction_magnitude_mm,16.40957035124302,2797226
correction_magnitude_deg,0,2797226
prediction_position_error_mm,11.661862954497337,2800000
prediction_orientation_error_deg,0,2800000
prediction_position_error_mm,13.160686008632183,2900000
prediction_orientation_error_deg,0,2900000
owd_uplink_ms,4.7261,3000000
owd_downlink_ms,5.0939,3000000
correction_magnitude_mm,12.985622510313988,2897226
correction_magnitude_deg,0,2897226
owd_uplink_ms,3.0338,3000000
owd_downlink_ms,0.2774,3000000
correction_magnitude_mm,5.473495461046696,2997226
correction_magnitude_deg,0,2997226
owd_uplink_ms,-0.2219,3000000
owd_downlink_ms,0.2219,3000000
prediction_position_error_mm,2.366360742598772,3000000
prediction_orientation_error_deg,0,3000000
prediction_position_error_mm,12.910026125609875,3100000
prediction_orientation_error_deg,0,3100000
owd_uplink_ms,2.2284,3200000
owd_downlink_ms,0.2219,3200000
correction_magnitude_mm,32.42067992687225,3197781
correction_magnitude_deg,0,3197781
prediction_position_error_mm,23.022176697850227,3200000
prediction_orientation_error_deg,0,3200000
prediction_position_error_mm,42.39410534501076,3300000
prediction_orientation_error_deg,0,3300000
owd_uplink_ms,1.1689,3400000
owd_downlink_ms,5.7039,3400000
correction_magnitude_mm,42.06669703125954,3297781
correction_magnitude_deg,0,3297781
owd_uplink_ms,5.7083,3400000
owd_downlink_ms,0.2219,3400000
correction_magnitude_mm,47.544460743665695,3397781
correction_magnitude_deg,0,3397781
prediction_position_error_mm,33.54870527982712,3400000
prediction_orientation_error_deg,0,3400000
owd_uplink_ms,-0.1775,3500000
owd_downlink_ms,0.1775,3500000
correction_magnitude_mm,54.588355123996735,3498225
correction_magnitude_deg,0,3498225
prediction_position_error_mm,38.396380841732025,3500000
prediction_orientation_error_deg,0,3500000
owd_uplink_ms,3.4439,3600000
owd_downlink_ms,0.3323,3600000
prediction_position_error_mm,48.81066828966141,3600000
prediction_orientation_error_deg,0,3600000
prediction_position_error_mm,63.79888206720352,3700000
prediction_orientation_error_deg,0,3700000
owd_uplink_ms,3.0931,3800000
owd_downlink_ms,5.1436,3800000
correction_magnitude_mm,63.61384689807892,3698225
correction_magnitude_deg,0,3698225
owd_uplink_ms,3.6963,3800000
owd_downlink_ms,0.1775,3800000
correction_magnitude_mm,58.54515731334686,3798225
correction_magnitude_deg,0,3798225
prediction_position_error_mm,41.11846536397934,3800000
prediction_orientation_error_deg,0,3800000
owd_uplink_ms,5.0141,3900000
owd_downlink_ms,0.1775,3900000
correction_magnitude_mm,53.22153493762016,3898225
correction_magnitude_deg,0,3898225
prediction_position_error_mm,37.36352175474167,3900000
prediction_orientation_error_deg,0,3900000
prediction_position_error_mm,47.98705503344536,4000000
prediction_orientation_error_deg,0,4000000
owd_uplink_ms,-0.1561,4100000
owd_downlink_ms,3.9722,4100000
correction_magnitude_mm,47.87866398692131,3998225
correction_magnitude_deg,0,3998225
prediction_position_error_mm,42.764950543642044,4100000
prediction_orientation_error_deg,0,4100000
owd_uplink_ms,1.2661,4200000
owd_downlink_ms,2.8081,4200000
correction_magnitude_mm,42.68210008740425,4098225
correction_magnitude_deg,0,4098225
prediction_position_error_mm,37.80345991253853,4200000
prediction_orientation_error_deg,0,4200000
owd_uplink_ms,5.7783,4300000
owd_downlink_ms,3.9007,4300000
correction_magnitude_mm,37.743378430604935,4198225
correction_magnitude_deg,0,4198225
prediction_position_error_mm,37.635017186403275,4300000
prediction_orientation_error_deg,0,4300000
owd_uplink_ms,3.6851,4400000
owd_downlink_ms,0.9202,4400000
correction_magnitude_mm,37.59581968188286,4298225
correction_magnitude_deg,0,4298225
owd_uplink_ms,-0.1775,4400000
owd_downlink_ms,1.8224,4400000
prediction_position_error_mm,31.87679871916771,4400000
prediction_orientation_error_deg,0,4400000
owd_uplink_ms,-0.1775,4500000
owd_downlink_ms,5.4981,4500000
correction_magnitude_mm,31.857531517744064,4398225
correction_magnitude_deg,0,4398225
prediction_position_error_mm,22.46796526014805,4500000
prediction_orientation_error_deg,0,4500000
prediction_position_error_mm,27.02922187745571,4600000
prediction_orientation_error_deg,0,4600000
owd_uplink_ms,0.9222,4700000
owd_downlink_ms,0.3021,4700000
correction_magnitude_mm,27.025818824768066,4598225
correction_magnitude_deg,0,4598225
owd_uplink_ms,4.0393,4700000
owd_downlink_ms,0.1775,4700000
correction_magnitude_mm,23.051535710692406,4698225
correction_magnitude_deg,0,4698225
prediction_position_error_mm,16.11984707415104,4700000
prediction_orientation_error_deg,0,4700000
owd_uplink_ms,-0.142,4800000
owd_downlink_ms,0.142,4800000
correction_magnitude_mm,23.905813694000244,4798580
correction_magnitude_deg,0,4798580
prediction_position_error_mm,16.709884628653526,4800000
prediction_orientation_error_deg,0,4800000
owd_uplink_ms,0.3922,4900000
owd_downlink_ms,2.4887,4900000
prediction_position_error_mm,15.053856186568737,4900000
prediction_orientation_error_deg,0,4900000
prediction_position_error_mm,22.001784294843674,5000000
prediction_orientation_error_deg,0,5000000
owd_uplink_ms,3.2441,5100000
owd_downlink_ms,2.6122,5100000
correction_magnitude_mm,22.025881335139275,4998580
correction_magnitude_deg,0,4998580
owd_uplink_ms,-0.142,5100000
owd_downlink_ms,5.6398,5100000
owd_uplink_ms,-0.1136,5100000
owd_downlink_ms,0.1136,5100000
correction_magnitude_mm,17.691047862172127,5098864
correction_magnitude_deg,0,5098864
prediction_position_error_mm,12.354720383882523,5100000
prediction_orientation_error_deg,0,5100000
prediction_position_error_mm,9.87306796014309,5200000
prediction_orientation_error_deg,0,5200000
prediction_position_error_mm,11.587634682655334,5300000
prediction_orientation_error_deg,0,5300000
owd_uplink_ms,3.7288,5400000
owd_downlink_ms,2.4094,5400000
correction_magnitude_mm,11.615106835961342,5298864
correction_magnitude_deg,0,5298864
owd_uplink_ms,5.2842,5400000
owd_downlink_ms,0.1136,5400000
correction_magnitude_mm,9.64750349521637,5398864
correction_magnitude_deg,0,5398864
prediction_position_error_mm,6.720221135765314,5400000
prediction_orientation_error_deg,0,5400000
prediction_position_error_mm,7.923227734863758,5500000
prediction_orientation_error_deg,0,5500000
owd_uplink_ms,4.5233,5600000
owd_downlink_ms,1.2476,5600000
correction_magnitude_mm,7.956583984196186,5498864
correction_magnitude_deg,0,5498864
owd_uplink_ms,-0.0908,5600000
owd_downlink_ms,0.0908,5600000
correction_magnitude_mm,10.709851048886776,5599092
correction_magnitude_deg,0,5599092
prediction_position_error_mm,7.46365450322628,5600000
prediction_orientation_error_deg,0,5600000
owd_uplink_ms,4.5733,5700000
owd_downlink_ms,0.5603,5700000
prediction_position_error_mm,3.8964685518294573,5700000
prediction_orientation_error_deg,0,5700000
prediction_position_error_mm,8.590064011514187,5800000
prediction_orientation_error_deg,0,5800000
owd_uplink_ms,2.6274,5900000
owd_downlink_ms,0.7767,5900000
correction_magnitude_mm,8.623347617685795,5799092
correction_magnitude_deg,0,5799092
owd_uplink_ms,-0.0908,5900000
owd_downlink_ms,5.8393,5900000
prediction_position_error_mm,2.353786490857601,5900000
prediction_orientation_error_deg,0,5900000
owd_uplink_ms,2.4777,6000000
owd_downlink_ms,0.0908,6000000
prediction_position_error_mm,1.8891379004344344,6000000
prediction_orientation_error_deg,0,6000000
prediction_position_error_mm,2.1874019876122475,6100000
prediction_orientation_error_deg,0,6100000
owd_uplink_ms,4.1993,6200000
owd_downlink_ms,2.3746,6200000
owd_uplink_ms,4.8658,6200000
owd_downlink_ms,0.0908,6200000
prediction_position_error_mm,1.202720683068037,6200000
prediction_orientation_error_deg,0,6200000
owd_uplink_ms,3.7856,6300000
owd_downlink_ms,0.0908,6300000
correction_magnitude_mm,5.524971522390842,6299092
correction_magnitude_deg,0,6299092
owd_uplink_ms,-0.0726,6300000
owd_downlink_ms,0.0726,6300000
prediction_position_error_mm,2.209549071267247,6300000
prediction_orientation_error_deg,0,6300000
prediction_position_error_mm,61.46489456295967,6400000
prediction_orientation_error_deg,0,6400000
owd_uplink_ms,-0.0726,6500000
owd_downlink_ms,3.5121,6500000
correction_magnitude_mm,60.972556471824646,6399274
correction_magnitude_deg,0,6399274
prediction_position_error_mm,105.03232479095459,6500000
prediction_orientation_error_deg,0,6500000
owd_uplink_ms,-0.0726,6600000
owd_downlink_ms,3.8197,6600000
correction_magnitude_mm,104.55328226089478,6499274
correction_magnitude_deg,0,6499274
prediction_position_error_mm,136.49411499500275,6600000
prediction_orientation_error_deg,0,6600000
owd_uplink_ms,0.2968,6700000
owd_downlink_ms,0.0726,6700000
correction_magnitude_mm,190.74219465255737,6699274
correction_magnitude_deg,0,6699274
owd_uplink_ms,-0.058,6700000
owd_downlink_ms,0.058,6700000
correction_magnitude_mm,133.6071491241455,6699420
correction_magnitude_deg,0,6699420
prediction_position_error_mm,92.94502437114716,6700000
prediction_orientation_error_deg,0,6700000
prediction_position_error_mm,11.090578511357307,6800000
prediction_orientation_error_deg,0,6800000
owd_uplink_ms,-0.058,6900000
owd_downlink_ms,0.9352,6900000
correction_magnitude_mm,10.51085814833641,6799420
correction_magnitude_deg,0,6799420
prediction_position_error_mm,111.6197407245636,6900000
prediction_orientation_error_deg,0,6900000
owd_uplink_ms,-0.058,7000000
owd_downlink_ms,4.7809,7000000
correction_magnitude_mm,111.0415831208229,6899420
correction_magnitude_deg,0,6899420
prediction_position_error_mm,174.64089393615723,7000000
prediction_orientation_error_deg,0,7000000
prediction_position_error_mm,274.9674320220947,7100000
prediction_orientation_error_deg,0,7100000
owd_uplink_ms,4.2841,7200000
owd_downlink_ms,5.0169,7200000
correction_magnitude_mm,274.4085490703583,7099420
correction_magnitude_deg,0,7099420
owd_uplink_ms,5.4788,7200000
owd_downlink_ms,0.058,7200000
correction_magnitude_mm,292.18119382858276,7199420
correction_magnitude_deg,0,7199420
prediction_position_error_mm,205.01098036766052,7200000
prediction_orientation_error_deg,0,7200000
owd_uplink_ms,-0.058,7300000
owd_downlink_ms,1.2008,7300000
prediction_position_error_mm,288.48227858543396,7300000
prediction_orientation_error_deg,0,7300000
owd_uplink_ms,0.1439,7400000
owd_downlink_ms,0.058,7400000
correction_magnitude_mm,379.2068362236023,7399420
correction_magnitude_deg,0,7399420
owd_uplink_ms,-0.0464,7400000
owd_downlink_ms,0.0464,7400000
correction_magnitude_mm,265.5349671840668,7399536
correction_magnitude_deg,0,7399536
prediction_position_error_mm,185.4104846715927,7400000
prediction_orientation_error_deg,0,7400000
prediction_position_error_mm,85.410475730896,7500000
prediction_orientation_error_deg,0,7500000
owd_uplink_ms,1.0949,7600000
owd_downlink_ms,0.0464,7600000
correction_magnitude_mm,6.577487103641033,7599536
correction_magnitude_deg,0,7599536
prediction_position_error_mm,5.063545890152454,7600000
prediction_orientation_error_deg,0,7600000
owd_uplink_ms,-0.0464,7700000
owd_downlink_ms,2.3575,7700000
prediction_position_error_mm,101.1708602309227,7700000
prediction_orientation_error_deg,0,7700000
owd_uplink_ms,-0.0464,7800000
owd_downlink_ms,3.6496,7800000
correction_magnitude_mm,100.70733726024628,7699536
correction_magnitude_deg,0,7699536
prediction_position_error_mm,164.09900784492493,7800000
prediction_orientation_error_deg,0,7800000
owd_uplink_ms,-0.0464,7900000
owd_downlink_ms,3.7289,7900000
correction_magnitude_mm,163.64948451519012,7799536
correction_magnitude_deg,0,7799536
prediction_position_error_mm,206.95146918296814,7900000
prediction_orientation_error_deg,0,7900000
owd_uplink_ms,1.6334,8000000
owd_downlink_ms,0.0464,8000000
correction_magnitude_mm,294.80287432670593,7999536
correction_magnitude_deg,0,7999536
prediction_position_error_mm,206.7682445049286,8000000
prediction_orientation_error_deg,0,8000000
owd_uplink_ms,0.7429,8100000
owd_downlink_ms,0.0464,8100000
correction_magnitude_mm,286.62556409835815,8099536
correction_magnitude_deg,0,8099536
owd_uplink_ms,-0.0371,8100000
owd_downlink_ms,0.0371,8100000
correction_magnitude_mm,200.71126520633698,8099629
correction_magnitude_deg,0,8099629
prediction_position_error_mm,140.12689888477325,8100000
prediction_orientation_error_deg,0,8100000
prediction_position_error_mm,40.12690111994743,8200000
prediction_orientation_error_deg,0,8200000
prediction_position_error_mm,63.46707046031952,8300000
prediction_orientation_error_deg,0,8300000
owd_uplink_ms,0.5292,8400000
owd_downlink_ms,2.8757,8400000
correction_magnitude_mm,63.096076250076294,8299629
correction_magnitude_deg,0,8299629
owd_uplink_ms,4.4577,8400000
owd_downlink_ms,0.0371,8400000
correction_magnitude_mm,150.30814707279205,8399629
correction_magnitude_deg,0,8399629
owd_uplink_ms,-0.0296,8400000
owd_downlink_ms,0.0296,8400000
correction_magnitude_mm,105.2866280078888,8399704
correction_magnitude_deg,0,8399704
prediction_position_error_mm,73.40462505817413,8400000
prediction_orientation_error_deg,0,8400000
owd_uplink_ms,-0.0236,8500000
owd_downlink_ms,0.0236,8500000
correction_magnitude_mm,22.871965542435646,8499764
correction_magnitude_deg,0,8499764
prediction_position_error_mm,16.244666650891304,8500000
prediction_orientation_error_deg,0,8500000
prediction_position_error_mm,112.09804564714432,8600000
prediction_orientation_error_deg,0,8600000
owd_uplink_ms,-0.0236,8700000
owd_downlink_ms,2.8202,8700000
correction_magnitude_mm,111.86367273330688,8599764
correction_magnitude_deg,0,8599764
owd_uplink_ms,-0.0188,8700000
owd_downlink_ms,0.0188,8700000
correction_magnitude_mm,170.88592052459717,8699812
correction_magnitude_deg,0,8699812
prediction_position_error_mm,119.79091912508011,8700000
prediction_orientation_error_deg,0,8700000
prediction_position_error_mm,210.62374114990234,8800000
prediction_orientation_error_deg,0,8800000
prediction_position_error_mm,298.0704605579376,8900000
prediction_orientation_error_deg,0,8900000
owd_uplink_ms,3.7791,9000000
owd_downlink_ms,5.8866,9000000
correction_magnitude_mm,297.8996932506561,8899812
correction_magnitude_deg,0,8899812
owd_uplink_ms,0.7296,9000000
owd_downlink_ms,0.0188,9000000
correction_magnitude_mm,291.5441393852234,8999812
correction_magnitude_deg,0,8999812
prediction_position_error_mm,204.22683656215668,9000000
prediction_orientation_error_deg,0,9000000
owd_uplink_ms,0.7897,9100000
owd_downlink_ms,0.0188,9100000
correction_magnitude_mm,275.10955929756165,9099812
correction_magnitude_deg,0,9099812
owd_uplink_ms,-0.015,9100000
owd_downlink_ms,0.015,9100000
correction_magnitude_mm,192.60306656360626,9099850
correction_magnitude_deg,0,9099850
prediction_position_error_mm,134.6721351146698,9100000
prediction_orientation_error_deg,0,9100000
prediction_position_error_mm,31.443875283002853,9200000
prediction_orientation_error_deg,0,9200000
owd_uplink_ms,-0.015,9300000
owd_downlink_ms,5.4526,9300000
correction_magnitude_mm,31.593818217515945,9199850
correction_magnitude_deg,0,9199850
prediction_position_error_mm,78.04252952337265,9300000
prediction_orientation_error_deg,0,9300000
prediction_position_error_mm,181.24571442604065,9400000
prediction_orientation_error_deg,0,9400000
owd_uplink_ms,5.8292,9500000
owd_downlink_ms,3.529,9500000
correction_magnitude_mm,181.09571933746338,9399850
correction_magnitude_deg,0,9399850
owd_uplink_ms,-0.012,9500000
owd_downlink_ms,0.012,9500000
correction_magnitude_mm,230.377659201622,9499880
correction_magnitude_deg,0,9499880
prediction_position_error_mm,161.3728255033493,9500000
prediction_orientation_error_deg,0,9500000
owd_uplink_ms,0.3854,9600000
owd_downlink_ms,2.724,9600000
owd_uplink_ms,-0.0096,9600000
owd_downlink_ms,0.0096,9600000
correction_magnitude_mm,254.74995374679565,9599904
correction_magnitude_deg,0,9599904
prediction_position_error_mm,178.40439081192017,9600000
prediction_orientation_error_deg,0,9600000
prediction_position_error_mm,261.1349821090698,9700000
prediction_orientation_error_deg,0,9700000
prediction_position_error_mm,346.9200134277344,9800000
prediction_orientation_error_deg,0,9800000
owd_uplink_ms,0.9088,9900000
owd_downlink_ms,2.9844,9900000
correction_magnitude_mm,346.84059023857117,9799904
correction_magnitude_deg,0,9799904
prediction_position_error_mm,323.4065771102905,9900000
prediction_orientation_error_deg,0,9900000
owd_uplink_ms,2.2485,10000000
owd_downlink_ms,3.0425,10000000
correction_magnitude_mm,323.33216071128845,9899904
correction_magnitude_deg,0,9899904
owd_uplink_ms,-0.0076,10000000
owd_downlink_ms,0.0076,10000000
correction_magnitude_mm,300.08944869041443,9999924
correction_magnitude_deg,0,9999924
prediction_position_error_mm,210.10732650756836,10000000
prediction_orientation_error_deg,0,10000000
owd_uplink_ms,2.5213,10100000
owd_downlink_ms,4.8931,10100000
owd_uplink_ms,-0.006,10100000
owd_downlink_ms,0.006,10100000
correction_magnitude_mm,271.7972993850708,10099940
correction_magnitude_deg,0,10099940
prediction_position_error_mm,190.2884691953659,10100000
prediction_orientation_error_deg,0,10100000
owd_uplink_ms,-0.0048,10200000
owd_downlink_ms,0.0048,10200000
correction_magnitude_mm,243.79701912403107,10199952
correction_magnitude_deg,0,10199952
prediction_position_error_mm,170.67871987819672,10200000
prediction_orientation_error_deg,0,10200000
prediction_position_error_mm,214.04051780700684,10300000
prediction_orientation_error_deg,0,10300000
prediction_position_error_mm,260.219931602478,10400000
prediction_orientation_error_deg,0,10400000
owd_uplink_ms,0.982,10500000
owd_downlink_ms,5.5228,10500000
correction_magnitude_mm,260.199099779129,10399952
correction_magnitude_deg,0,10399952
owd_uplink_ms,1.1449,10500000
owd_downlink_ms,0.0048,10500000
correction_magnitude_mm,224.37551617622375,10499952
correction_magnitude_deg,0,10499952
prediction_position_error_mm,157.0785790681839,10500000
prediction_orientation_error_deg,0,10500000
prediction_position_error_mm,192.5429403781891,10600000
prediction_orientation_error_deg,0,10600000
owd_uplink_ms,3.0566,10700000
owd_downlink_ms,1.779,10700000
correction_magnitude_mm,192.52723455429077,10599952
correction_magnitude_deg,0,10599952
owd_uplink_ms,4.8292,10700000
owd_downlink_ms,0.0048,10700000
correction_magnitude_mm,164.41677510738373,10699952
correction_magnitude_deg,0,10699952
prediction_position_error_mm,115.10231345891953,10700000
prediction_orientation_error_deg,0,10700000
owd_uplink_ms,1.3288,10800000
owd_downlink_ms,0.0048,10800000
correction_magnitude_mm,139.76594805717468,10799952
correction_magnitude_deg,0,10799952
prediction_position_error_mm,97.84471243619919,10800000
prediction_orientation_error_deg,0,10800000
owd_uplink_ms,5.0236,10900000
owd_downlink_ms,0.0048,10900000
correction_magnitude_mm,118.27609688043594,10899952
correction_magnitude_deg,0,10899952
prediction_position_error_mm,82.80009776353836,10900000
prediction_orientation_error_deg,0,10900000
owd_uplink_ms,4.1362,11000000
owd_downlink_ms,0.0048,11000000
correction_magnitude_mm,99.64347630739212,10999952
correction_magnitude_deg,0,10999952
prediction_position_error_mm,69.75583732128143,11000000
prediction_orientation_error_deg,0,11000000
prediction_position_error_mm,86.07565611600876,11100000
prediction_orientation_error_deg,0,11100000
owd_uplink_ms,-0.0048,11200000
owd_downlink_ms,3.0125,11200000
correction_magnitude_mm,86.07024699449539,11099952
correction_magnitude_deg,0,11099952
owd_uplink_ms,0.1146,11200000
owd_downlink_ms,4.9235,11200000
owd_uplink_ms,-0.0038,11200000
owd_downlink_ms,0.0038,11200000
correction_magnitude_mm,71.40356302261353,11199962
correction_magnitude_deg,0,11199962
prediction_position_error_mm,49.98498037457466,11200000
prediction_orientation_error_deg,0,11200000
owd_uplink_ms,-0.003,11300000
owd_downlink_ms,0.003,11300000
correction_magnitude_mm,58.952316641807556,11299970
correction_magnitude_deg,0,11299970
prediction_position_error_mm,41.26806557178497,11300000
prediction_orientation_error_deg,0,11300000
prediction_position_error_mm,48.42640459537506,11400000
prediction_orientation_error_deg,0,11400000
owd_uplink_ms,-0.003,11500000
owd_downlink_ms,2.2188,11500000
correction_magnitude_mm,48.42497035861015,11399970
correction_magnitude_deg,0,11399970
prediction_position_error_mm,37.240248173475266,11500000
prediction_orientation_error_deg,0,11500000
prediction_position_error_mm,42.90027171373367,11600000
prediction_orientation_error_deg,0,11600000
owd_uplink_ms,0.4964,11700000
owd_downlink_ms,4.664,11700000
correction_magnitude_mm,42.899277061223984,11599970
correction_magnitude_deg,0,11599970
prediction_position_error_mm,37.251222878694534,11700000
prediction_orientation_error_deg,0,11700000
owd_uplink_ms,-0.003,11800000
owd_downlink_ms,1.3306,11800000
correction_magnitude_mm,37.25041821599007,11699970
correction_magnitude_deg,0,11699970
owd_uplink_ms,5.6693,11800000
owd_downlink_ms,2.0191,11800000
prediction_position_error_mm,27.64930948615074,11800000
prediction_orientation_error_deg,0,11800000
owd_uplink_ms,1.8031,11900000
owd_downlink_ms,0.003,11900000
correction_magnitude_mm,31.418215483427048,11899970
correction_magnitude_deg,0,11899970
prediction_position_error_mm,21.993104368448257,11900000
prediction_orientation_error_deg,0,11900000
prediction_position_error_mm,25.248296558856964,12000000
prediction_orientation_error_deg,0,12000000
owd_uplink_ms,4.4513,12100000
owd_downlink_ms,4.5869,12100000
correction_magnitude_mm,25.247950106859207,11999970
correction_magnitude_deg,0,11999970
prediction_position_error_mm,20.12866921722889,12100000
prediction_orientation_error_deg,0,12100000
owd_uplink_ms,4.1415,12200000
owd_downlink_ms,0.9253,12200000
correction_magnitude_mm,20.128581672906876,12099970
correction_magnitude_deg,0,12099970
owd_uplink_ms,4.1252,12200000
owd_downlink_ms,0.003,12200000
correction_magnitude_mm,17.97812059521675,12199970
correction_magnitude_deg,0,12199970
owd_uplink_ms,-0.0024,12200000
owd_downlink_ms,0.0024,12200000
correction_magnitude_mm,12.584606185555458,12199976
correction_magnitude_deg,0,12199976
prediction_position_error_mm,8.785211481153965,12200000
prediction_orientation_error_deg,0,12200000
prediction_position_error_mm,91.21478348970413,12300000
prediction_orientation_error_deg,0,12300000
owd_uplink_ms,3.8266,12400000
owd_downlink_ms,0.0024,12400000
correction_magnitude_mm,189.12018835544586,12399976
correction_magnitude_deg,0,12399976
prediction_position_error_mm,132.40745663642883,12400000
prediction_orientation_error_deg,0,12400000
owd_uplink_ms,1.1793,12500000
owd_downlink_ms,0.0024,12500000
correction_magnitude_mm,225.5476415157318,12499976
correction_magnitude_deg,0,12499976
owd_uplink_ms,-0.0019,12500000
owd_downlink_ms,0.0019,12500000
correction_magnitude_mm,157.88787603378296,12499981
correction_magnitude_deg,0,12499981
prediction_position_error_mm,110.50252616405487,12500000
prediction_orientation_error_deg,0,12500000
prediction_position_error_mm,10.502537712454796,12600000
prediction_orientation_error_deg,0,12600000
prediction_position_error_mm,91.43311530351639,12700000
prediction_orientation_error_deg,0,12700000
owd_uplink_ms,1.0717,12800000
owd_downlink_ms,5.6335,12800000
correction_magnitude_mm,91.41410142183304,12699981
correction_magnitude_deg,0,12699981
prediction_position_error_mm,166.38760268688202,12800000
prediction_orientation_error_deg,0,12800000
owd_uplink_ms,2.337,12900000
owd_downlink_ms,1.5,12900000
correction_magnitude_mm,166.36885702610016,12799981
correction_magnitude_deg,0,12799981
owd_uplink_ms,-0.0019,12900000
owd_downlink_ms,2.2816,12900000
prediction_position_error_mm,210.1035863161087,12900000
prediction_orientation_error_deg,0,12900000
prediction_position_error_mm,305.5444061756134,13000000
prediction_orientation_error_deg,0,13000000
owd_uplink_ms,0.785,13100000
owd_downlink_ms,5.9719,13100000
correction_magnitude_mm,305.5266737937927,12999981
correction_magnitude_deg,0,12999981
owd_uplink_ms,3.5494,13100000
owd_downlink_ms,0.0019,13100000
correction_magnitude_mm,304.68234419822693,13099981
correction_magnitude_deg,0,13099981
prediction_position_error_mm,213.29282224178314,13100000
prediction_orientation_error_deg,0,13100000
owd_uplink_ms,0.5899,13200000
owd_downlink_ms,0.0019,13200000
correction_magnitude_mm,296.58591747283936,13199981
correction_magnitude_deg,0,13199981
prediction_position_error_mm,207.62360095977783,13200000
prediction_orientation_error_deg,0,13200000
owd_uplink_ms,-0.0019,13300000
owd_downlink_ms,5.9808,13300000
prediction_position_error_mm,280.2655100822449,13300000
prediction_orientation_error_deg,0,13300000
owd_uplink_ms,-0.0019,13400000
owd_downlink_ms,2.5565,13400000
correction_magnitude_mm,280.25200963020325,13299981
correction_magnitude_deg,0,13299981
prediction_position_error_mm,260.3779435157776,13400000
prediction_orientation_error_deg,0,13400000
owd_uplink_ms,-0.0019,13500000
owd_downlink_ms,4.466,13500000
correction_magnitude_mm,260.3660523891449,13399981
correction_magnitude_deg,0,13399981
prediction_position_error_mm,237.05889284610748,13500000
prediction_orientation_error_deg,0,13500000
owd_uplink_ms,-0.0015,13600000
owd_downlink_ms,0.0015,13600000
correction_magnitude_mm,294.8809862136841,13599985
correction_magnitude_deg,0,13599985
prediction_position_error_mm,206.42423629760742,13600000
prediction_orientation_error_deg,0,13600000
owd_uplink_ms,3.0807,13700000
owd_downlink_ms,5.9136,13700000
prediction_position_error_mm,256.79364800453186,13700000
prediction_orientation_error_deg,0,13700000
prediction_position_error_mm,308.61350893974304,13800000
prediction_orientation_error_deg,0,13800000
owd_uplink_ms,5.9636,13900000
owd_downlink_ms,5.7925,13900000
correction_magnitude_mm,308.60596895217896,13799985
correction_magnitude_deg,0,13799985
owd_uplink_ms,3.3907,13900000
owd_downlink_ms,0.0015,13900000
correction_magnitude_mm,264.53232765197754,13899985
correction_magnitude_deg,0,13899985
owd_uplink_ms,-0.0012,13900000
owd_downlink_ms,0.0012,13900000
correction_magnitude_mm,185.17374992370605,13899988
correction_magnitude_deg,0,13899988
prediction_position_error_mm,129.609614610672,13900000
prediction_orientation_error_deg,0,13900000
prediction_position_error_mm,29.60963174700737,14000000
prediction_orientation_error_deg,0,14000000
prediction_position_error_mm,67.85693764686584,14100000
prediction_orientation_error_deg,0,14100000
owd_uplink_ms,5.3742,14200000
owd_downlink_ms,1.9366,14200000
correction_magnitude_mm,67.8449496626854,14099988
correction_magnitude_deg,0,14099988
owd_uplink_ms,-0.0012,14200000
owd_downlink_ms,5.0611,14200000
prediction_position_error_mm,146.45622670650482,14200000
prediction_orientation_error_deg,0,14200000
prediction_position_error_mm,244.22051012516022,14300000
prediction_orientation_error_deg,0,14300000
owd_uplink_ms,5.948,14400000
owd_downlink_ms,1.2206,14400000
correction_magnitude_mm,244.2086637020111,14299988
correction_magnitude_deg,0,14299988
prediction_position_error_mm,265.10488986968994,14400000
prediction_orientation_error_deg,0,14400000
owd_uplink_ms,5.2612,14500000
owd_downlink_ms,3.5716,14500000
correction_magnitude_mm,265.09344577789307,14399988
correction_magnitude_deg,0,14399988
prediction_position_error_mm,270.7524299621582,14500000
prediction_orientation_error_deg,0,14500000
owd_uplink_ms,2.1392,14600000
owd_downlink_ms,3.9562,14600000
correction_magnitude_mm,270.74190974235535,14499988
correction_magnitude_deg,0,14499988
owd_uplink_ms,-0.0012,14600000
owd_downlink_ms,4.5461,14600000
prediction_position_error_mm,268.7598466873169,14600000
prediction_orientation_error_deg,0,14600000
owd_uplink_ms,5.7959,14700000
owd_downlink_ms,0.0012,14700000
correction_magnitude_mm,346.9616174697876,14699988
correction_magnitude_deg,0,14699988
prediction_position_error_mm,242.88199841976166,14700000
prediction_orientation_error_deg,0,14700000
owd_uplink_ms,1.8077,14800000
owd_downlink_ms,0.0012,14800000
correction_magnitude_mm,315.0002658367157,14799988
correction_magnitude_deg,0,14799988
prediction_position_error_mm,220.5079197883606,14800000
prediction_orientation_error_deg,0,14800000
owd_uplink_ms,-0.0012,14900000
owd_downlink_ms,2.8273,14900000
prediction_position_error_mm,284.2044234275818,14900000
prediction_orientation_error_deg,0,14900000
owd_uplink_ms,-0.0012,15000000
owd_downlink_ms,3.5227,15000000
correction_magnitude_mm,284.196674823761,14899988
correction_magnitude_deg,0,14899988
prediction_position_error_mm,254.16186451911926,15000000
prediction_orientation_error_deg,0,15000000
owd_uplink_ms,-0.0012,15100000
owd_downlink_ms,5.3325,15100000
correction_magnitude_mm,254.15512919425964,14999988
correction_magnitude_deg,0,14999988
prediction_position_error_mm,225.55416822433472,15100000
prediction_orientation_error_deg,0,15100000
owd_uplink_ms,-0.0012,15200000
owd_downlink_ms,3.0469,15200000
correction_magnitude_mm,225.54834187030792,15099988
correction_magnitude_deg,0,15099988
prediction_position_error_mm,199.5546966791153,15200000
prediction_orientation_error_deg,0,15200000
prediction_position_error_mm,240.47395586967468,15300000
prediction_orientation_error_deg,0,15300000
owd_uplink_ms,4.6353,15400000
owd_downlink_ms,2.3673,15400000
correction_magnitude_mm,240.46896398067474,15299988
correction_magnitude_deg,0,15299988
prediction_position_error_mm,205.69221675395966,15400000
prediction_orientation_error_deg,0,15400000
owd_uplink_ms,0.9277,15500000
owd_downlink_ms,3.1409,15500000
correction_magnitude_mm,205.68768680095673,15399988
correction_magnitude_deg,0,15399988
owd_uplink_ms,-0.0009,15500000
owd_downlink_ms,0.0009,15500000
correction_magnitude_mm,174.6213138103485,15499991
correction_magnitude_deg,0,15499991
prediction_position_error_mm,122.23733216524124,15500000
prediction_orientation_error_deg,0,15500000
owd_uplink_ms,0.181,15600000
owd_downlink_ms,1.3378,15600000
prediction_position_error_mm,148.32952618598938,15600000
prediction_orientation_error_deg,0,15600000
owd_uplink_ms,-0.0009,15700000
owd_downlink_ms,2.8201,15700000
correction_magnitude_mm,148.32717180252075,15599991
correction_magnitude_deg,0,15599991
prediction_position_error_mm,126.02877616882324,15700000
prediction_orientation_error_deg,0,15700000
prediction_position_error_mm,147.71707355976105,15800000
prediction_orientation_error_deg,0,15800000
owd_uplink_ms,5.823,15900000
owd_downlink_ms,0.6047,15900000
correction_magnitude_mm,147.71507680416107,15799991
correction_magnitude_deg,0,15799991
owd_uplink_ms,3.3492,15900000
owd_downlink_ms,0.0009,15900000
correction_magnitude_mm,122.9204535484314,15899991
correction_magnitude_deg,0,15899991
prediction_position_error_mm,86.0457718372345,15900000
prediction_orientation_error_deg,0,15900000
owd_uplink_ms,-0.0007,16000000
owd_downlink_ms,0.0007,16000000
correction_magnitude_mm,101.57234221696854,15999993
correction_magnitude_deg,0,15999993
prediction_position_error_mm,71.10155373811722,16000000
prediction_orientation_error_deg,0,16000000
owd_uplink_ms,0.5184,16100000
owd_downlink_ms,3.2105,16100000
prediction_position_error_mm,84.3401625752449,16100000
prediction_orientation_error_deg,0,16100000
owd_uplink_ms,5.1757,16200000
owd_downlink_ms,0.0007,16200000
correction_magnitude_mm,97.26615995168686,16199993
correction_magnitude_deg,0,16199993
prediction_position_error_mm,68.08718293905258,16200000
prediction_orientation_error_deg,0,16200000
prediction_position_error_mm,79.60272580385208,16300000
prediction_orientation_error_deg,0,16300000
owd_uplink_ms,3.5726,16400000
owd_downlink_ms,5.7949,16400000
correction_magnitude_mm,79.60188388824463,16299993
correction_magnitude_deg,0,16299993
owd_uplink_ms,2.3463,16400000
owd_downlink_ms,0.0007,16400000
correction_magnitude_mm,64.89648669958115,16399993
correction_magnitude_deg,0,16399993
prediction_position_error_mm,45.4280711710453,16400000
prediction_orientation_error_deg,0,16400000
owd_uplink_ms,-0.0005,16500000
owd_downlink_ms,0.0005,16500000
correction_magnitude_mm,52.620094269514084,16499995
correction_magnitude_deg,0,16499995
prediction_position_error_mm,36.83430328965187,16500000
prediction_orientation_error_deg,0,16500000
owd_uplink_ms,1.1382,16600000
owd_downlink_ms,4.6448,16600000
prediction_position_error_mm,42.677320539951324,16600000
prediction_orientation_error_deg,0,16600000
owd_uplink_ms,0.8266,16700000
owd_downlink_ms,0.0005,16700000
correction_magnitude_mm,48.47154766321182,16699995
correction_magnitude_deg,0,16699995
prediction_position_error_mm,33.93033519387245,16700000
prediction_orientation_error_deg,0,16700000
owd_uplink_ms,-0.0005,16800000
owd_downlink_ms,1.6008,16800000
prediction_position_error_mm,39.05506059527397,16800000
prediction_orientation_error_deg,0,16800000
owd_uplink_ms,3.9652,16900000
owd_downlink_ms,0.0005,16900000
correction_magnitude_mm,44.21326890587807,16899995
correction_magnitude_deg,0,16899995
prediction_position_error_mm,30.949493870139122,16900000
prediction_orientation_error_deg,0,16900000
owd_uplink_ms,0.1609,17000000
owd_downlink_ms,0.0005,17000000
correction_magnitude_mm,35.49276664853096,16999995
correction_magnitude_deg,0,16999995
prediction_position_error_mm,24.845065549016,17000000
prediction_orientation_error_deg,0,17000000
owd_uplink_ms,-0.0004,17100000
owd_downlink_ms,0.0004,17100000
correction_magnitude_mm,28.61352078616619,17099996
correction_magnitude_deg,0,17099996
prediction_position_error_mm,20.02955600619316,17100000
prediction_orientation_error_deg,0,17100000
owd_uplink_ms,0.4128,17200000
owd_downlink_ms,1.2755,17200000
prediction_position_error_mm,22.533806040883064,17200000
prediction_orientation_error_deg,0,17200000
owd_uplink_ms,4.1135,17300000
owd_downlink_ms,0.0004,17300000
correction_magnitude_mm,25.618933141231537,17299996
correction_magnitude_deg,0,17299996
owd_uplink_ms,-0.0003,17300000
owd_downlink_ms,0.0003,17300000
correction_magnitude_mm,17.93326437473297,17299997
correction_magnitude_deg,0,17299997
prediction_position_error_mm,12.550299055874348,17300000
prediction_orientation_error_deg,0,17300000
prediction_position_error_mm,87.44966983795166,17400000
prediction_orientation_error_deg,0,17400000
prediction_position_error_mm,187.00796365737915,17500000
prediction_orientation_error_deg,0,17500000
owd_uplink_ms,2.561,17600000
owd_downlink_ms,4.5281,17600000
correction_magnitude_mm,187.0049685239792,17499997
correction_magnitude_deg,0,17499997
prediction_position_error_mm,227.61912643909454,17600000
prediction_orientation_error_deg,0,17600000
owd_uplink_ms,1.2881,17700000
owd_downlink_ms,4.2226,17700000
correction_magnitude_mm,227.61622071266174,17599997
correction_magnitude_deg,0,17599997
prediction_position_error_mm,248.62168729305267,17700000
prediction_orientation_error_deg,0,17700000
owd_uplink_ms,5.418,17800000
owd_downlink_ms,1.3127,17800000
correction_magnitude_mm,248.6189603805542,17699997
correction_magnitude_deg,0,17699997
owd_uplink_ms,-0.0003,17800000
owd_downlink_ms,3.8445,17800000
prediction_position_error_mm,256.9224536418915,17800000
prediction_orientation_error_deg,0,17800000
prediction_position_error_mm,338.5597765445709,17900000
prediction_orientation_error_deg,0,17900000
owd_uplink_ms,2.2388,18000000
owd_downlink_ms,0.6042,18000000
correction_magnitude_mm,338.55730295181274,17899997
correction_magnitude_deg,0,17899997
owd_uplink_ms,-0.0003,18000000
owd_downlink_ms,0.9041,18000000
prediction_position_error_mm,314.80228900909424,18000000
prediction_orientation_error_deg,0,18000000
prediction_position_error_mm,391.9144868850708,18100000
prediction_orientation_error_deg,0,18100000
owd_uplink_ms,3.9618,18200000
owd_downlink_ms,5.1913,18200000
correction_magnitude_mm,391.91216230392456,18099997
correction_magnitude_deg,0,18099997
prediction_position_error_mm,345.5272614955902,18200000
prediction_orientation_error_deg,0,18200000
owd_uplink_ms,4.3808,18300000
owd_downlink_ms,1.1263,18300000
correction_magnitude_mm,345.5250859260559,18199997
correction_magnitude_deg,0,18199997
prediction_position_error_mm,302.6433289051056,18300000
prediction_orientation_error_deg,0,18300000
owd_uplink_ms,3.6494,18400000
owd_downlink_ms,3.1048,18400000
correction_magnitude_mm,302.64148116111755,18299997
correction_magnitude_deg,0,18299997
owd_uplink_ms,3.0187,18400000
owd_downlink_ms,0.0003,18400000
correction_magnitude_mm,263.49684596061707,18399997
correction_magnitude_deg,0,18399997
prediction_position_error_mm,184.44912135601044,18400000
prediction_orientation_error_deg,0,18400000
owd_uplink_ms,2.1298,18500000
owd_downlink_ms,0.0003,18500000
correction_magnitude_mm,228.14394533634186,18499997
correction_magnitude_deg,0,18499997
prediction_position_error_mm,159.7018837928772,18500000
prediction_orientation_error_deg,0,18500000
owd_uplink_ms,5.4077,18600000
owd_downlink_ms,0.0003,18600000
correction_magnitude_mm,196.50591909885406,18599997
correction_magnitude_deg,0,18599997
prediction_position_error_mm,137.5551074743271,18600000
prediction_orientation_error_deg,0,18600000
prediction_position_error_mm,168.4185117483139,18700000
prediction_orientation_error_deg,0,18700000
owd_uplink_ms,3.9433,18800000
owd_downlink_ms,5.0263,18800000
correction_magnitude_mm,168.4175431728363,18699997
correction_magnitude_deg,0,18699997
owd_uplink_ms,1.2177,18800000
owd_downlink_ms,0.0003,18800000
correction_magnitude_mm,143.65673065185547,18799997
correction_magnitude_deg,0,18799997
prediction_position_error_mm,100.56039690971375,18800000
prediction_orientation_error_deg,0,18800000
prediction_position_error_mm,121.9688355922699,18900000
prediction_orientation_error_deg,0,18900000
owd_uplink_ms,5.0236,19000000
owd_downlink_ms,5.248,19000000
correction_magnitude_mm,121.96814268827438,18899997
correction_magnitude_deg,0,18899997
prediction_position_error_mm,103.08146476745605,19000000
prediction_orientation_error_deg,0,19000000
owd_uplink_ms,2.1512,19100000
owd_downlink_ms,5.4072,19100000
correction_magnitude_mm,103.0808836221695,18999997
correction_magnitude_deg,0,18999997
owd_uplink_ms,1.4368,19100000
owd_downlink_ms,0.0003,19100000
correction_magnitude_mm,85.55865287780762,19099997
correction_magnitude_deg,0,19099997
prediction_position_error_mm,59.89144742488861,19100000
prediction_orientation_error_deg,0,19100000
owd_uplink_ms,-0.0003,19200000
owd_downlink_ms,3.9347,19200000
prediction_position_error_mm,73.01921397447586,19200000
prediction_orientation_error_deg,0,19200000
prediction_position_error_mm,83.65581184625626,19300000
prediction_orientation_error_deg,0,19300000
owd_uplink_ms,-0.0003,19400000
owd_downlink_ms,1.0536,19400000
correction_magnitude_mm,83.65543186664581,19299997
correction_magnitude_deg,0,19299997
owd_uplink_ms,5.9535,19400000
owd_downlink_ms,1.9922,19400000
prediction_position_error_mm,70.44708728790283,19400000
prediction_orientation_error_deg,0,19400000
owd_uplink_ms,1.7113,19500000
owd_downlink_ms,0.0003,19500000
correction_magnitude_mm,81.00622892379761,19499997
correction_magnitude_deg,0,19499997
prediction_position_error_mm,56.704699993133545,19500000
prediction_orientation_error_deg,0,19500000
prediction_position_error_mm,66.00403785705566,19600000
prediction_orientation_error_deg,0,19600000
owd_uplink_ms,3.3627,19700000
owd_downlink_ms,3.4568,19700000
correction_magnitude_mm,66.00371748209,19599997
correction_magnitude_deg,0,19599997
owd_uplink_ms,-0.0002,19700000
owd_downlink_ms,0.0002,19700000
correction_magnitude_mm,52.04812437295914,19699998
correction_magnitude_deg,0,19699998
prediction_position_error_mm,36.433834582567215,19700000
prediction_orientation_error_deg,0,19700000
owd_uplink_ms,2.6962,19800000
owd_downlink_ms,0.0397,19800000
prediction_position_error_mm,43.55263337492943,19800000
prediction_orientation_error_deg,0,19800000
prediction_position_error_mm,49.17551577091217,19900000
prediction_orientation_error_deg,0,19900000
owd_uplink_ms,2.3791,20000000
owd_downlink_ms,2.3543,20000000
correction_magnitude_mm,49.17536675930023,19899998
correction_magnitude_deg,0,19899998
prediction_position_error_mm,37.707872688770294,20000000
prediction_orientation_error_deg,0,20000000
owd_uplink_ms,-0.0002,20100000
owd_downlink_ms,4.1353,20100000
correction_magnitude_mm,37.70775720477104,19999998
correction_magnitude_deg,0,19999998
owd_uplink_ms,1.5112,20100000
owd_downlink_ms,4.4988,20100000
prediction_position_error_mm,31.647726893424988,20100000
prediction_orientation_error_deg,0,20100000
prediction_position_error_mm,35.26845946907997,20200000
prediction_orientation_error_deg,0,20200000
owd_uplink_ms,2.5645,20300000
owd_downlink_ms,1.1218,20300000
correction_magnitude_mm,35.26834025979042,20199998
correction_magnitude_deg,0,20199998
prediction_position_error_mm,27.735967189073563,20300000
prediction_orientation_error_deg,0,20300000
owd_uplink_ms,4.3815,20400000
owd_downlink_ms,0.3449,20400000
correction_magnitude_mm,27.73589827120304,20299998
correction_magnitude_deg,0,20299998
prediction_position_error_mm,19.922543317079544,20400000
prediction_orientation_error_deg,0,20400000
owd_uplink_ms,-0.0002,20500000
owd_downlink_ms,2.2004,20500000
correction_magnitude_mm,19.92245763540268,20399998
correction_magnitude_deg,0,20399998
owd_uplink_ms,2.4401,20500000
owd_downlink_ms,4.7488,20500000
prediction_position_error_mm,17.203325405716896,20500000
prediction_orientation_error_deg,0,20500000
prediction_position_error_mm,18.691660836338997,20600000
prediction_orientation_error_deg,0,20600000
owd_uplink_ms,3.6171,20700000
owd_downlink_ms,3.4516,20700000
correction_magnitude_mm,18.69160123169422,20599998
correction_magnitude_deg,0,20599998
owd_uplink_ms,-0.0001,20700000
owd_downlink_ms,0.0001,20700000
correction_magnitude_mm,12.491052970290184,20699999
correction_magnitude_deg,0,20699999
prediction_position_error_mm,8.743755519390106,20700000
prediction_orientation_error_deg,0,20700000
owd_uplink_ms,0.0959,20800000
owd_downlink_ms,3.0846,20800000
owd_uplink_ms,0,20800000
owd_downlink_ms,0,20800000
correction_magnitude_mm,9.456038475036621,20800000
correction_magnitude_deg,0,20800000
prediction_position_error_mm,6.619222462177277,20800000
prediction_orientation_error_deg,0,20800000
prediction_position_error_mm,9.04703140258789,20900000
prediction_orientation_error_deg,0,20900000
prediction_position_error_mm,7.354827132076025,21000000
prediction_orientation_error_deg,0,21000000
owd_uplink_ms,0,21100000
owd_downlink_ms,2.0908,21100000
correction_magnitude_mm,7.354827132076025,21000000
correction_magnitude_deg,0,21000000
owd_uplink_ms,1.3457,21100000
owd_downlink_ms,4.3675,21100000
prediction_position_error_mm,7.578170392662287,21100000
prediction_orientation_error_deg,0,21100000
owd_uplink_ms,0,21200000
owd_downlink_ms,0,21200000
correction_magnitude_mm,5.50121022388339,21200000
correction_magnitude_deg,0,21200000
prediction_position_error_mm,3.850847017019987,21200000
prediction_orientation_error_deg,0,21200000
owd_uplink_ms,2.7065,21300000
owd_downlink_ms,5.2618,21300000
prediction_position_error_mm,3.884380916133523,21300000
prediction_orientation_error_deg,0,21300000
owd_uplink_ms,0,21400000
owd_downlink_ms,5.3092,21400000
prediction_position_error_mm,5.217903293669224,21400000
prediction_orientation_error_deg,0,21400000
owd_uplink_ms,0,21500000
owd_downlink_ms,0,21500000
prediction_position_error_mm,1.7047061119228601,21500000
prediction_orientation_error_deg,0,21500000
owd_uplink_ms,3.6396,21600000
owd_downlink_ms,4.4441,21600000
prediction_position_error_mm,4.32857358828187,21600000
prediction_orientation_error_deg,0,21600000
prediction_position_error_mm,1.2047103373333812,21700000
prediction_orientation_error_deg,0,21700000
owd_uplink_ms,3.3326,21800000
owd_downlink_ms,4.1421,21800000
owd_uplink_ms,0,21800000
owd_downlink_ms,5.1983,21800000
prediction_position_error_mm,3.624175675213337,21800000
prediction_orientation_error_deg,0,21800000
prediction_position_error_mm,0.3593566070776433,21900000
prediction_orientation_error_deg,0,21900000
owd_uplink_ms,3.1486,22000000
owd_downlink_ms,0.5293,22000000
owd_uplink_ms,0,22000000
owd_downlink_ms,2.0919,22000000
prediction_position_error_mm,3.0909564811736345,22000000
prediction_orientation_error_deg,0,22000000
prediction_position_error_mm,0.913981581106782,22100000
prediction_orientation_error_deg,0,22100000
owd_uplink_ms,0,22200000
owd_downlink_ms,1.1096,22200000
owd_uplink_ms,2.4145,22200000
owd_downlink_ms,3.041,22200000
prediction_position_error_mm,2.712076995521784,22200000
prediction_orientation_error_deg,0,22200000
prediction_position_error_mm,2.4275302421301603,22300000
prediction_orientation_error_deg,0,22300000
owd_uplink_ms,1.0488,22400000
owd_downlink_ms,0.674,22400000
prediction_position_error_mm,1.464548520743847,22400000
prediction_orientation_error_deg,0,22400000
owd_uplink_ms,2.4695,22500000
owd_downlink_ms,4.9515,22500000
prediction_position_error_mm,3.6092980299144983,22500000
prediction_orientation_error_deg,0,22500000
owd_uplink_ms,4.1631,22600000
owd_downlink_ms,3.1598,22600000
owd_uplink_ms,0,22600000
owd_downlink_ms,4.2481,22600000
owd_uplink_ms,0,22600000
owd_downlink_ms,0,22600000
prediction_position_error_mm,2.1614660508930683,22600000
prediction_orientation_error_deg,0,22600000
prediction_position_error_mm,2.676312578842044,22700000
prediction_orientation_error_deg,0,22700000
owd_uplink_ms,0,22800000
owd_downlink_ms,5.6503,22800000
prediction_position_error_mm,1.9483419600874186,22800000
prediction_orientation_error_deg,0,22800000
prediction_position_error_mm,2.8759464621543884,22900000
prediction_orientation_error_deg,0,22900000
owd_uplink_ms,0.1234,23000000
owd_downlink_ms,2.1857,23000000
owd_uplink_ms,0,23000000
owd_downlink_ms,2.684,23000000
prediction_position_error_mm,2.0500770770013332,23000000
prediction_orientation_error_deg,0,23000000
prediction_position_error_mm,1.9589278381317854,23100000
prediction_orientation_error_deg,0,23100000
owd_uplink_ms,3.816,23200000
owd_downlink_ms,3.3218,23200000
owd_uplink_ms,4.245,23200000
owd_downlink_ms,0,23200000
prediction_position_error_mm,1.00242521148175,23200000
prediction_orientation_error_deg,0,23200000
prediction_position_error_mm,1.2801075354218483,23300000
prediction_orientation_error_deg,0,23300000
owd_uplink_ms,4.1808,23400000
owd_downlink_ms,5.5222,23400000
prediction_position_error_mm,4.881773609668016,23400000
prediction_orientation_error_deg,0,23400000
owd_uplink_ms,0,23500000
owd_downlink_ms,4.5597,23500000
owd_uplink_ms,3.2114,23500000
owd_downlink_ms,5.2392,23500000
owd_uplink_ms,0,23500000
owd_downlink_ms,0,23500000
prediction_position_error_mm,2.7541809249669313,23500000
prediction_orientation_error_deg,0,23500000
prediction_position_error_mm,1.4227224746719003,23600000
prediction_orientation_error_deg,0,23600000
owd_uplink_ms,1.6641,23700000
owd_downlink_ms,0,23700000
prediction_position_error_mm,2.570862416177988,23700000
prediction_orientation_error_deg,0,23700000
owd_uplink_ms,0,23800000
owd_downlink_ms,0.7492,23800000
prediction_position_error_mm,1.729800016619265,23800000
prediction_orientation_error_deg,0,23800000
owd_uplink_ms,0,23900000
owd_downlink_ms,0,23900000
prediction_position_error_mm,2.474534558132291,23900000
prediction_orientation_error_deg,0,23900000
owd_uplink_ms,4.921,24000000
owd_downlink_ms,4.6766,24000000
prediction_position_error_mm,1.9604444969445467,24000000
prediction_orientation_error_deg,0,24000000
prediction_position_error_mm,1.8890534993261099,24100000
prediction_orientation_error_deg,0,24100000
owd_uplink_ms,0.5054,24200000
owd_downlink_ms,2.6972,24200000
owd_uplink_ms,3.8359,24200000
owd_downlink_ms,0,24200000
prediction_position_error_mm,2.916396828368306,24200000
prediction_orientation_error_deg,0,24200000
owd_uplink_ms,0,24300000
owd_downlink_ms,3.4325,24300000
prediction_position_error_mm,1.646586460992694,24300000
prediction_orientation_error_deg,0,24300000
owd_uplink_ms,0,24400000
owd_downlink_ms,0,24400000
prediction_position_error_mm,2.7117610443383455,24400000
prediction_orientation_error_deg,0,24400000
owd_uplink_ms,2.689,24500000
owd_downlink_ms,3.0656,24500000
prediction_position_error_mm,1.9287732429802418,24500000
prediction_orientation_error_deg,0,24500000
owd_uplink_ms,4.8463,24600000
owd_downlink_ms,0,24600000
prediction_position_error_mm,1.3173874467611313,24600000
prediction_orientation_error_deg,0,24600000
prediction_position_error_mm,1.4023996191099286,24700000
prediction_orientation_error_deg,0,24700000
owd_uplink_ms,2.8698,24800000
owd_downlink_ms,3.9505,24800000
owd_uplink_ms,1.7888,24800000
owd_downlink_ms,0,24800000
prediction_position_error_mm,0.8684899657964706,24800000
prediction_orientation_error_deg,0,24800000
owd_uplink_ms,1.1804,24900000
owd_downlink_ms,0,24900000
correction_magnitude_mm,5.25722885504365,24900000
correction_magnitude_deg,0,24900000
prediction_position_error_mm,3.6800699308514595,24900000
prediction_orientation_error_deg,0,24900000
owd_uplink_ms,0,25000000
owd_downlink_ms,4.4954,25000000
prediction_position_error_mm,4.114028532058001,25000000
prediction_orientation_error_deg,0,25000000
owd_uplink_ms,0,25100000
owd_downlink_ms,3.2614,25100000
prediction_position_error_mm,1.6335684340447187,25100000
prediction_orientation_error_deg,0,25100000
prediction_position_error_mm,1.5227451222017407,25200000
prediction_orientation_error_deg,0,25200000
owd_uplink_ms,1.9742,25300000
owd_downlink_ms,4.4837,25300000
prediction_position_error_mm,1.0406996589154005,25300000
prediction_orientation_error_deg,0,25300000
owd_uplink_ms,4.7004,25400000
owd_downlink_ms,5.7478,25400000
prediction_position_error_mm,0.8663060143589973,25400000
prediction_orientation_error_deg,0,25400000
owd_uplink_ms,2.3993,25500000
owd_downlink_ms,3.289,25500000
owd_uplink_ms,5.296,25500000
owd_downlink_ms,0,25500000
correction_magnitude_mm,5.131022073328495,25500000
correction_magnitude_deg,0,25500000
prediction_position_error_mm,3.59170394949615,25500000
prediction_orientation_error_deg,0,25500000
owd_uplink_ms,0,25600000
owd_downlink_ms,4.776,25600000
prediction_position_error_mm,1.0488833067938685,25600000
prediction_orientation_error_deg,0,25600000
prediction_position_error_mm,1.0145322885364294,25700000
prediction_orientation_error_deg,0,25700000
owd_uplink_ms,4.2994,25800000
owd_downlink_ms,0.3206,25800000
prediction_position_error_mm,0.8189510554075241,25800000
prediction_orientation_error_deg,0,25800000
owd_uplink_ms,3.7294,25900000
owd_downlink_ms,5.3852,25900000
prediction_position_error_mm,0.8333266596309841,25900000
prediction_orientation_error_deg,0,25900000
owd_uplink_ms,3.7118,26000000
owd_downlink_ms,1.2743,26000000
owd_uplink_ms,1.3329,26000000
owd_downlink_ms,0,26000000
correction_magnitude_mm,5.38496021181345,26000000
correction_magnitude_deg,0,26000000
prediction_position_error_mm,3.769469214603305,26000000
prediction_orientation_error_deg,0,26000000
owd_uplink_ms,0,26100000
owd_downlink_ms,0.9391,26100000
prediction_position_error_mm,0.9771670447662473,26100000
prediction_orientation_error_deg,0,26100000
owd_uplink_ms,4.0755,26200000
owd_downlink_ms,0,26200000
prediction_position_error_mm,0.6622186629101634,26200000
prediction_orientation_error_deg,0,26200000
owd_uplink_ms,0,26300000
owd_downlink_ms,0,26300000
prediction_position_error_mm,3.348907921463251,26300000
prediction_orientation_error_deg,0,26300000
owd_uplink_ms,0.3691,26400000
owd_downlink_ms,3.7759,26400000
prediction_position_error_mm,1.472302246838808,26400000
prediction_orientation_error_deg,0,26400000
owd_uplink_ms,5.7471,26500000
owd_downlink_ms,0,26500000
prediction_position_error_mm,0.989071442745626,26500000
prediction_orientation_error_deg,0,26500000
prediction_position_error_mm,4.356252029538155,26600000
prediction_orientation_error_deg,0,26600000
owd_uplink_ms,4.0003,26700000
owd_downlink_ms,0.5932,26700000
owd_uplink_ms,0,26700000
owd_downlink_ms,3.1678,26700000
prediction_position_error_mm,1.8670533318072557,26700000
prediction_orientation_error_deg,0,26700000
prediction_position_error_mm,1.8253111047670245,26800000
prediction_orientation_error_deg,0,26800000
owd_uplink_ms,1.3087,26900000
owd_downlink_ms,0.3542,26900000
owd_uplink_ms,0,26900000
owd_downlink_ms,0,26900000
prediction_position_error_mm,2.8374025132507086,26900000
prediction_orientation_error_deg,0,26900000
owd_uplink_ms,3.0288,27000000
owd_downlink_ms,2.9584,27000000
owd_uplink_ms,0,27000000
owd_downlink_ms,0,27000000
prediction_position_error_mm,2.0823488011956215,27000000
prediction_orientation_error_deg,0,27000000
prediction_position_error_mm,2.965239342302084,27100000
prediction_orientation_error_deg,0,27100000
prediction_position_error_mm,2.980089047923684,27200000
prediction_orientation_error_deg,0,27200000
owd_uplink_ms,0.7568,27300000
owd_downlink_ms,3.5721,27300000
prediction_position_error_mm,2.056974684819579,27300000
prediction_orientation_error_deg,0,27300000
owd_uplink_ms,3.3399,27400000
owd_downlink_ms,3.971,27400000
prediction_position_error_mm,1.3635375071316957,27400000
prediction_orientation_error_deg,0,27400000
owd_uplink_ms,4.7025,27500000
owd_downlink_ms,2.6045,27500000
owd_uplink_ms,1.209,27500000
owd_downlink_ms,0,27500000
owd_uplink_ms,0,27500000
owd_downlink_ms,0,27500000
prediction_position_error_mm,3.118291264399886,27500000
prediction_orientation_error_deg,0,27500000
prediction_position_error_mm,1.9083336228504777,27600000
prediction_orientation_error_deg,0,27600000
prediction_position_error_mm,3.4291530027985573,27700000
prediction_orientation_error_deg,0,27700000
owd_uplink_ms,0.8827,27800000
owd_downlink_ms,0.6054,27800000
owd_uplink_ms,0,27800000
owd_downlink_ms,3.1713,27800000
prediction_position_error_mm,2.695627510547638,27800000
prediction_orientation_error_deg,0,27800000
owd_uplink_ms,3.22,27900000
owd_downlink_ms,0,27900000
prediction_position_error_mm,1.853573601692915,27900000
prediction_orientation_error_deg,0,27900000
prediction_position_error_mm,1.775238080881536,28000000
prediction_orientation_error_deg,0,28000000
owd_uplink_ms,4.2503,28100000
owd_downlink_ms,2.6687,28100000
owd_uplink_ms,0.9515,28100000
owd_downlink_ms,0,28100000
prediction_position_error_mm,0.7982183597050607,28100000
prediction_orientation_error_deg,0,28100000
owd_uplink_ms,3.0355,28200000
owd_downlink_ms,0,28200000
prediction_position_error_mm,0.5155517719686031,28200000
prediction_orientation_error_deg,0,28200000
owd_uplink_ms,5.9725,28300000
owd_downlink_ms,0,28300000
correction_magnitude_mm,5.172790959477425,28300000
correction_magnitude_deg,0,28300000
owd_uplink_ms,0,28300000
owd_downlink_ms,0,28300000
prediction_position_error_mm,3.620962845161557,28300000
prediction_orientation_error_deg,0,28300000
prediction_position_error_mm,1.4773730654269457,28400000
prediction_orientation_error_deg,0,28400000
owd_uplink_ms,3.2824,28500000
owd_downlink_ms,0,28500000
prediction_position_error_mm,0.9785492438822985,28500000
prediction_orientation_error_deg,0,28500000
owd_uplink_ms,0.2303,28600000
owd_downlink_ms,0,28600000
owd_uplink_ms,0,28600000
owd_downlink_ms,0,28600000
prediction_position_error_mm,3.168610390275717,28600000
prediction_orientation_error_deg,0,28600000
prediction_position_error_mm,2.0319304894655943,28700000
prediction_orientation_error_deg,0,28700000
owd_uplink_ms,4.0972,28800000
owd_downlink_ms,0,28800000
prediction_position_error_mm,1.4057887019589543,28800000
prediction_orientation_error_deg,0,28800000
prediction_position_error_mm,1.3636199291795492,28900000
prediction_orientation_error_deg,0,28900000
owd_uplink_ms,3.3922,29000000
owd_downlink_ms,1.7784,29000000
prediction_position_error_mm,4.552950616925955,29000000
prediction_orientation_error_deg,0,29000000
owd_uplink_ms,4.7805,29100000
owd_downlink_ms,0.6437,29100000
owd_uplink_ms,0,29100000
owd_downlink_ms,5.1605,29100000
owd_uplink_ms,0,29100000
owd_downlink_ms,0,29100000
prediction_position_error_mm,2.275008475407958,29100000
prediction_orientation_error_deg,0,29100000
prediction_position_error_mm,3.054601140320301,29200000
prediction_orientation_error_deg,0,29200000
owd_uplink_ms,5.2465,29300000
owd_downlink_ms,0,29300000
prediction_position_error_mm,2.1856878884136677,29300000
prediction_orientation_error_deg,0,29300000
prediction_position_error_mm,2.206949982792139,29400000
prediction_orientation_error_deg,0,29400000
owd_uplink_ms,2.1299,29500000
owd_downlink_ms,1.4983,29500000
owd_uplink_ms,0,29500000
owd_downlink_ms,0,29500000
prediction_position_error_mm,2.707288134843111,29500000
prediction_orientation_error_deg,0,29500000
owd_uplink_ms,1.5201,29600000
owd_downlink_ms,0.8048,29600000
prediction_position_error_mm,2.6266237255185843,29600000
prediction_orientation_error_deg,0,29600000
prediction_position_error_mm,2.6715267449617386,29700000
prediction_orientation_error_deg,0,29700000
owd_uplink_ms,1.9123,29800000
owd_downlink_ms,2.3894,29800000
prediction_position_error_mm,3.514663316309452,29800000
prediction_orientation_error_deg,0,29800000
owd_uplink_ms,3.633,29900000
owd_downlink_ms,1.1339,29900000
owd_uplink_ms,0,29900000
owd_downlink_ms,5.1049,29900000
prediction_position_error_mm,2.9446508269757032,29900000
prediction_orientation_error_deg,0,29900000
owd_uplink_ms,4.405,30000000
owd_downlink_ms,0,30000000
prediction_position_error_mm,1.6801903257146478,30000000
prediction_orientation_error_deg,0,30000000
owd_uplink_ms,0,30100000
owd_downlink_ms,1.904,30100000
prediction_position_error_mm,1.6416669823229313,30100000
prediction_orientation_error_deg,0,30100000
owd_uplink_ms,0,30200000
owd_downlink_ms,2.1199,30200000
prediction_position_error_mm,4.369864705950022,30200000
prediction_orientation_error_deg,0,30200000
prediction_position_error_mm,4.51721390709281,30300000
prediction_orientation_error_deg,0,30300000
owd_uplink_ms,1.1401,30400000
owd_downlink_ms,1.1473,30400000
prediction_position_error_mm,3.2431501895189285,30400000
prediction_orientation_error_deg,0,30400000
owd_uplink_ms,1.5661,30500000
owd_downlink_ms,1.4041,30500000
prediction_position_error_mm,2.258489839732647,30500000
prediction_orientation_error_deg,0,30500000
owd_uplink_ms,2.956,30600000
owd_downlink_ms,2.0216,30600000
prediction_position_error_mm,1.5109768137335777,30600000
prediction_orientation_error_deg,0,30600000
owd_uplink_ms,5.0589,30700000
owd_downlink_ms,3.9545,30700000
owd_uplink_ms,5.3172,30700000
owd_downlink_ms,0,30700000
prediction_position_error_mm,0.6735397619195282,30700000
prediction_orientation_error_deg,0,30700000
owd_uplink_ms,1.6232,30800000
owd_downlink_ms,0,30800000
prediction_position_error_mm,3.4286221489310265,30800000
prediction_orientation_error_deg,0,30800000
owd_uplink_ms,0,30900000
owd_downlink_ms,1.0088,30900000
prediction_position_error_mm,3.4751419443637133,30900000
prediction_orientation_error_deg,0,30900000
owd_uplink_ms,0,31000000
owd_downlink_ms,0.728,31000000
prediction_position_error_mm,2.963652368634939,31000000
prediction_orientation_error_deg,0,31000000
prediction_position_error_mm,3.045052057132125,31100000
prediction_orientation_error_deg,0,31100000
owd_uplink_ms,0.6008,31200000
owd_downlink_ms,5.5957,31200000
prediction_position_error_mm,3.1941693741828203,31200000
prediction_orientation_error_deg,0,31200000
owd_uplink_ms,5.1108,31300000
owd_downlink_ms,2.2762,31300000
owd_uplink_ms,0,31300000
owd_downlink_ms,5.2826,31300000
prediction_position_error_mm,3.218649420887232,31300000
prediction_orientation_error_deg,0,31300000
prediction_position_error_mm,3.351847408339381,31400000
prediction_orientation_error_deg,0,31400000
owd_uplink_ms,1.0012,31500000
owd_downlink_ms,3.4555,31500000
prediction_position_error_mm,2.4353505577892065,31500000
prediction_orientation_error_deg,0,31500000
owd_uplink_ms,4.7742,31600000
owd_downlink_ms,0.4581,31600000
owd_uplink_ms,2.063,31600000
owd_downlink_ms,0,31600000
owd_uplink_ms,0,31600000
owd_downlink_ms,0,31600000
prediction_position_error_mm,2.5454871356487274,31600000
prediction_orientation_error_deg,0,31600000
prediction_position_error_mm,2.4471075739711523,31700000
prediction_orientation_error_deg,0,31700000
owd_uplink_ms,0,31800000
owd_downlink_ms,0.0811,31800000
prediction_position_error_mm,3.7950780242681503,31800000
prediction_orientation_error_deg,0,31800000
owd_uplink_ms,4.2802,31900000
owd_downlink_ms,0,31900000
owd_uplink_ms,0,31900000
owd_downlink_ms,0,31900000
prediction_position_error_mm,0.9766104631125927,31900000
prediction_orientation_error_deg,0,31900000
owd_uplink_ms,0,32000000
owd_downlink_ms,0,32000000
prediction_position_error_mm,0.5819338257424533,32000000
prediction_orientation_error_deg,0,32000000
prediction_position_error_mm,0.48876559594646096,32100000
prediction_orientation_error_deg,0,32100000
owd_uplink_ms,0,32200000
owd_downlink_ms,3.9389,32200000
prediction_position_error_mm,0.4073729505762458,32200000
prediction_orientation_error_deg,0,32200000
owd_uplink_ms,0,32300000
owd_downlink_ms,2.9754,32300000
prediction_position_error_mm,0.4944406100548804,32300000
prediction_orientation_error_deg,0,32300000
owd_uplink_ms,0,32400000
owd_downlink_ms,0.5891,32400000
owd_uplink_ms,0,32400000
owd_downlink_ms,0,32400000
prediction_position_error_mm,0.41996463551186025,32400000
prediction_orientation_error_deg,0,32400000
prediction_position_error_mm,5.830954760313034,32500000
prediction_orientation_error_deg,0,32500000
owd_uplink_ms,0,32600000
owd_downlink_ms,0,32600000
prediction_position_error_mm,0.6666725967079401,32600000
prediction_orientation_error_deg,0,32600000
owd_uplink_ms,1.2743,32700000
owd_downlink_ms,0.0781,32700000
prediction_position_error_mm,6.075181066989899,32700000
prediction_orientation_error_deg,0,32700000
owd_uplink_ms,4.2876,32800000
owd_downlink_ms,0,32800000
correction_magnitude_mm,6.334626115858555,32800000
correction_magnitude_deg,0,32800000
prediction_position_error_mm,4.43425215780735,32800000
prediction_orientation_error_deg,0,32800000
prediction_position_error_mm,4.60914708673954,32900000
prediction_orientation_error_deg,0,32900000
owd_uplink_ms,2.9336,33000000
owd_downlink_ms,4.9958,33000000
owd_uplink_ms,3.392,33000000
owd_downlink_ms,0,33000000
prediction_position_error_mm,2.292314078658819,33000000
prediction_orientation_error_deg,0,33000000
prediction_position_error_mm,2.983894431963563,33100000
prediction_orientation_error_deg,0,33100000
owd_uplink_ms,1.4874,33200000
owd_downlink_ms,3.0388,33200000
owd_uplink_ms,0,33200000
owd_downlink_ms,5.3464,33200000
prediction_position_error_mm,3.178108250722289,33200000
prediction_orientation_error_deg,0,33200000
prediction_position_error_mm,1.995561644434929,33300000
prediction_orientation_error_deg,0,33300000
owd_uplink_ms,3.7573,33400000
owd_downlink_ms,3.1343,33400000
owd_uplink_ms,0,33400000
owd_downlink_ms,4.5569,33400000
owd_uplink_ms,0,33400000
owd_downlink_ms,0,33400000
prediction_position_error_mm,0.9219741332344711,33400000
prediction_orientation_error_deg,0,33400000
prediction_position_error_mm,4.435927607119083,33500000
prediction_orientation_error_deg,0,33500000
owd_uplink_ms,0,33600000
owd_downlink_ms,0,33600000
prediction_position_error_mm,0.5078460671938956,33600000
prediction_orientation_error_deg,0,33600000
owd_uplink_ms,3.5595,33700000
owd_downlink_ms,2.1594,33700000
prediction_position_error_mm,4.940482787787914,33700000
prediction_orientation_error_deg,0,33700000
owd_uplink_ms,0,33800000
owd_downlink_ms,0,33800000
prediction_position_error_mm,0.37816408439539373,33800000
prediction_orientation_error_deg,0,33800000
owd_uplink_ms,1.9283,33900000
owd_downlink_ms,5.4024,33900000
prediction_position_error_mm,5.335586611181498,33900000
prediction_orientation_error_deg,0,33900000
owd_uplink_ms,5.6232,34000000
owd_downlink_ms,0,34000000
correction_magnitude_mm,5.564371589571238,34000000
correction_magnitude_deg,0,34000000
prediction_position_error_mm,3.8950624875724316,34000000
prediction_orientation_error_deg,0,34000000
prediction_position_error_mm,4.056871868669987,34100000
prediction_orientation_error_deg,0,34100000
owd_uplink_ms,2.0344,34200000
owd_downlink_ms,1.7484,34200000
prediction_position_error_mm,2.2279336117208004,34200000
prediction_orientation_error_deg,0,34200000
owd_uplink_ms,4.964,34300000
owd_downlink_ms,5.1679,34300000
owd_uplink_ms,0,34300000
owd_downlink_ms,5.6029,34300000
prediction_position_error_mm,3.6622255574911833,34300000
prediction_orientation_error_deg,0,34300000
prediction_position_error_mm,3.813598770648241,34400000
prediction_orientation_error_deg,0,34400000
owd_uplink_ms,4.9504,34500000
owd_downlink_ms,4.492,34500000
owd_uplink_ms,2.5905,34500000
owd_downlink_ms,0,34500000
prediction_position_error_mm,1.9477758323773742,34500000
prediction_orientation_error_deg,0,34500000
owd_uplink_ms,0,34600000
owd_downlink_ms,0,34600000
prediction_position_error_mm,2.1313647739589214,34600000
prediction_orientation_error_deg,0,34600000
owd_uplink_ms,1.135,34700000
owd_downlink_ms,0.4588,34700000
prediction_position_error_mm,3.024871926754713,34700000
prediction_orientation_error_deg,0,34700000
prediction_position_error_mm,3.1945104710757732,34800000
prediction_orientation_error_deg,0,34800000
owd_uplink_ms,3.8979,34900000
owd_downlink_ms,2.9066,34900000
owd_uplink_ms,2.0164,34900000
owd_downlink_ms,0,34900000
prediction_position_error_mm,1.6647656448185444,34900000
prediction_orientation_error_deg,0,34900000
prediction_position_error_mm,1.756953657604754,35000000
prediction_orientation_error_deg,0,35000000
owd_uplink_ms,4.4886,35100000
owd_downlink_ms,2.7753,35100000
owd_uplink_ms,2.7082,35100000
owd_downlink_ms,0,35100000
prediction_position_error_mm,0.9043809259310365,35100000
prediction_orientation_error_deg,0,35100000
prediction_position_error_mm,0.9515411220490932,35200000
prediction_orientation_error_deg,0,35200000
owd_uplink_ms,3.9375,35300000
owd_downlink_ms,0.6848,35300000
owd_uplink_ms,1.4013,35300000
owd_downlink_ms,0,35300000
prediction_position_error_mm,0.49685564590618014,35300000
prediction_orientation_error_deg,0,35300000
prediction_position_error_mm,0.5450294120237231,35400000
prediction_orientation_error_deg,0,35400000
owd_uplink_ms,2.7883,35500000
owd_downlink_ms,2.3345,35500000
owd_uplink_ms,1.1129,35500000
owd_downlink_ms,0,35500000
prediction_position_error_mm,0.3071277460549027,35500000
prediction_orientation_error_deg,0,35500000
prediction_position_error_mm,0.3750673495233059,35600000
prediction_orientation_error_deg,0,35600000
owd_uplink_ms,3.0447,35700000
owd_downlink_ms,1.8383,35700000
owd_uplink_ms,0.5259,35700000
owd_downlink_ms,0,35700000
prediction_position_error_mm,0.23881452216301113,35700000
prediction_orientation_error_deg,0,35700000
owd_uplink_ms,0.4047,35800000
owd_downlink_ms,0,35800000
owd_uplink_ms,0,35800000
owd_downlink_ms,0,35800000
prediction_position_error_mm,3.144138026982546,35800000
prediction_orientation_error_deg,0,35800000
owd_uplink_ms,0,35900000
owd_downlink_ms,0,35900000
prediction_position_error_mm,2.03159311786294,35900000
prediction_orientation_error_deg,0,35900000
prediction_position_error_mm,1.6831454122439027,36000000
prediction_orientation_error_deg,0,36000000
owd_uplink_ms,0,36100000
owd_downlink_ms,4.4399,36100000
prediction_position_error_mm,3.9272806607186794,36100000
prediction_orientation_error_deg,0,36100000
owd_uplink_ms,2.8522,36200000
owd_downlink_ms,0,36200000
prediction_position_error_mm,0.2804718678817153,36200000
prediction_orientation_error_deg,0,36200000
owd_uplink_ms,0,36300000
owd_downlink_ms,1.1545,36300000
prediction_position_error_mm,0.39395198109559715,36300000
prediction_orientation_error_deg,0,36300000
owd_uplink_ms,0,36400000
owd_downlink_ms,1.5463,36400000
owd_uplink_ms,0,36400000
owd_downlink_ms,0,36400000
prediction_position_error_mm,0.5234662094153464,36400000
prediction_orientation_error_deg,0,36400000
prediction_position_error_mm,5.560687277466059,36500000
prediction_orientation_error_deg,0,36500000
prediction_position_error_mm,6.069131661206484,36600000
prediction_orientation_error_deg,0,36600000
owd_uplink_ms,0.8193,36700000
owd_downlink_ms,3.0864,36700000
correction_magnitude_mm,6.069131661206484,36600000
correction_magnitude_deg,0,36600000
owd_uplink_ms,1.3626,36700000
owd_downlink_ms,0,36700000
prediction_position_error_mm,3.2848818227648735,36700000
prediction_orientation_error_deg,0,36700000
prediction_position_error_mm,0.9210711577907205,36800000
prediction_orientation_error_deg,0,36800000
owd_uplink_ms,2.0126,36900000
owd_downlink_ms,3.7877,36900000
owd_uplink_ms,0,36900000
owd_downlink_ms,4.8128,36900000
prediction_position_error_mm,4.255402833223343,36900000
prediction_orientation_error_deg,0,36900000
owd_uplink_ms,0.8506,37000000
owd_downlink_ms,0,37000000
prediction_position_error_mm,3.2669317442923784,37000000
prediction_orientation_error_deg,0,37000000
owd_uplink_ms,2.459,37100000
owd_downlink_ms,0,37100000
prediction_position_error_mm,2.5460640899837017,37100000
prediction_orientation_error_deg,0,37100000
prediction_position_error_mm,1.5737005742266774,37200000
prediction_orientation_error_deg,0,37200000
owd_uplink_ms,5.3016,37300000
owd_downlink_ms,0.1399,37300000
owd_uplink_ms,0,37300000
owd_downlink_ms,2.0339,37300000
prediction_position_error_mm,3.6552678793668747,37300000
prediction_orientation_error_deg,0,37300000
prediction_position_error_mm,4.0492163971066475,37400000
prediction_orientation_error_deg,0,37400000
owd_uplink_ms,4.2539,37500000
owd_downlink_ms,5.2532,37500000
owd_uplink_ms,3.3569,37500000
owd_downlink_ms,0,37500000
prediction_position_error_mm,2.2386815398931503,37500000
prediction_orientation_error_deg,0,37500000
owd_uplink_ms,1.4526,37600000
owd_downlink_ms,0,37600000
prediction_position_error_mm,1.776093733496964,37600000
prediction_orientation_error_deg,0,37600000
owd_uplink_ms,0.1239,37700000
owd_downlink_ms,0,37700000
prediction_position_error_mm,1.5556844882667065,37700000
prediction_orientation_error_deg,0,37700000
owd_uplink_ms,0,37800000
owd_downlink_ms,5.804,37800000
prediction_position_error_mm,1.1965902522206306,37800000
prediction_orientation_error_deg,0,37800000
owd_uplink_ms,0,37900000
owd_downlink_ms,2.786,37900000
prediction_position_error_mm,3.7859987933188677,37900000
prediction_orientation_error_deg,0,37900000
owd_uplink_ms,5.6697,38000000
owd_downlink_ms,0,38000000
prediction_position_error_mm,0.23342781059909612,38000000
prediction_orientation_error_deg,0,38000000
owd_uplink_ms,0,38100000
owd_downlink_ms,1.3597,38100000
owd_uplink_ms,0,38100000
owd_downlink_ms,0,38100000
prediction_position_error_mm,0.45218164450488985,38100000
prediction_orientation_error_deg,0,38100000
prediction_position_error_mm,0.9633360314182937,38200000
prediction_orientation_error_deg,0,38200000
owd_uplink_ms,0,38300000
owd_downlink_ms,2.2349,38300000
prediction_position_error_mm,5.201123189181089,38300000
prediction_orientation_error_deg,0,38300000
owd_uplink_ms,5.009,38400000
owd_downlink_ms,0,38400000
correction_magnitude_mm,5.7302117347717285,38400000
correction_magnitude_deg,0,38400000
prediction_position_error_mm,4.0111420676112175,38400000
prediction_orientation_error_deg,0,38400000
prediction_position_error_mm,4.488459322601557,38500000
prediction_orientation_error_deg,0,38500000
owd_uplink_ms,0.2008,38600000
owd_downlink_ms,1.4774,38600000
prediction_position_error_mm,0.5052186315879226,38600000
prediction_orientation_error_deg,0,38600000
owd_uplink_ms,0,38700000
owd_downlink_ms,0.2199,38700000
owd_uplink_ms,0.021,38700000
owd_downlink_ms,1.5197,38700000
prediction_position_error_mm,4.060174338519573,38700000
prediction_orientation_error_deg,0,38700000
prediction_position_error_mm,4.518613219261169,38800000
prediction_orientation_error_deg,0,38800000
owd_uplink_ms,5.02,38900000
owd_downlink_ms,0.6455,38900000
prediction_position_error_mm,3.589459927752614,38900000
prediction_orientation_error_deg,0,38900000
owd_uplink_ms,0.3463,39000000
owd_downlink_ms,0.2619,39000000
owd_uplink_ms,2.3897,39000000
owd_downlink_ms,0,39000000
prediction_position_error_mm,2.007263246923685,39000000
prediction_orientation_error_deg,0,39000000
owd_uplink_ms,4.0134,39100000
owd_downlink_ms,0,39100000
prediction_position_error_mm,1.0305303148925304,39100000
prediction_orientation_error_deg,0,39100000
owd_uplink_ms,0,39200000
owd_downlink_ms,5.6792,39200000
prediction_position_error_mm,3.1208882573992014,39200000
prediction_orientation_error_deg,0,39200000
owd_uplink_ms,5.8363,39300000
owd_downlink_ms,0,39300000
prediction_position_error_mm,2.4789832532405853,39300000
prediction_orientation_error_deg,0,39300000
prediction_position_error_mm,2.8839167207479477,39400000
prediction_orientation_error_deg,0,39400000
owd_uplink_ms,4.0205,39500000
owd_downlink_ms,3.6626,39500000
prediction_position_error_mm,1.268148422241211,39500000
prediction_orientation_error_deg,0,39500000
owd_uplink_ms,0,39600000
owd_downlink_ms,3.8473,39600000
owd_uplink_ms,3.5115,39600000
owd_downlink_ms,5.2834,39600000
prediction_position_error_mm,3.166123991832137,39600000
prediction_orientation_error_deg,0,39600000
owd_uplink_ms,0.4703,39700000
owd_downlink_ms,0,39700000
prediction_position_error_mm,2.5438640732318163,39700000
prediction_orientation_error_deg,0,39700000
prediction_position_error_mm,2.9961331747472286,39800000
prediction_orientation_error_deg,0,39800000
owd_uplink_ms,2.2579,39900000
owd_downlink_ms,4.3205,39900000
prediction_position_error_mm,1.0018495377153158,39900000
prediction_orientation_error_deg,0,39900000
owd_uplink_ms,3.8809,40000000
owd_downlink_ms,1.4947,40000000
owd_uplink_ms,0,40000000
owd_downlink_ms,4.5095,40000000
prediction_position_error_mm,3.2453632447868586,40000000
prediction_orientation_error_deg,0,40000000
owd_uplink_ms,4.8604,40100000
owd_downlink_ms,0,40100000
prediction_position_error_mm,2.6271461974829435,40100000
prediction_orientation_error_deg,0,40100000
prediction_position_error_mm,3.118723165243864,40200000
prediction_orientation_error_deg,0,40200000
owd_uplink_ms,0.8876,40300000
owd_downlink_ms,2.9557,40300000
owd_uplink_ms,0.3547,40300000
owd_downlink_ms,0,40300000
prediction_position_error_mm,1.835114904679358,40300000
prediction_orientation_error_deg,0,40300000
owd_uplink_ms,2.9177,40400000
owd_downlink_ms,0,40400000
prediction_position_error_mm,0.7426655502058566,40400000
prediction_orientation_error_deg,0,40400000
owd_uplink_ms,0,40500000
owd_downlink_ms,0.0163,40500000
prediction_position_error_mm,3.0033953953534365,40500000
prediction_orientation_error_deg,0,40500000
prediction_position_error_mm,3.5151171032339334,40600000
prediction_orientation_error_deg,0,40600000
owd_uplink_ms,5.4585,40700000
owd_downlink_ms,3.6865,40700000
prediction_position_error_mm,2.9612877406179905,40700000
prediction_orientation_error_deg,0,40700000
owd_uplink_ms,0.6972,40800000
owd_downlink_ms,3.754,40800000
owd_uplink_ms,4.1075,40800000
owd_downlink_ms,0,40800000
prediction_position_error_mm,1.7687533982098103,40800000
prediction_orientation_error_deg,0,40800000
owd_uplink_ms,1.2263,40900000
owd_downlink_ms,0,40900000
prediction_position_error_mm,1.5323417028412223,40900000
prediction_orientation_error_deg,0,40900000
prediction_position_error_mm,1.9295709207654,41000000
prediction_orientation_error_deg,0,41000000
owd_uplink_ms,1.7751,41100000
owd_downlink_ms,1.3633,41100000
owd_uplink_ms,2.4299,41100000
owd_downlink_ms,0,41100000
prediction_position_error_mm,1.212979550473392,41100000
prediction_orientation_error_deg,0,41100000
owd_uplink_ms,2.4943,41200000
owd_downlink_ms,0,41200000
prediction_position_error_mm,0.9532750118523836,41200000
prediction_orientation_error_deg,0,41200000
owd_uplink_ms,0,41300000
owd_downlink_ms,3.7001,41300000
prediction_position_error_mm,0.5044671706855297,41300000
prediction_orientation_error_deg,0,41300000
owd_uplink_ms,0,41400000
owd_downlink_ms,0.2782,41400000
prediction_position_error_mm,0.33626388176344335,41400000
prediction_orientation_error_deg,0,41400000
owd_uplink_ms,0,41500000
owd_downlink_ms,0.5977,41500000
prediction_position_error_mm,0.7898860494606197,41500000
prediction_orientation_error_deg,0,41500000
owd_uplink_ms,0,41600000
owd_downlink_ms,1.2408,41600000
prediction_position_error_mm,3.8755617570132017,41600000
prediction_orientation_error_deg,0,41600000
prediction_position_error_mm,4.48687793686986,41700000
prediction_orientation_error_deg,0,41700000
owd_uplink_ms,0.2206,41800000
owd_downlink_ms,0.9442,41800000
prediction_position_error_mm,3.729580668732524,41800000
prediction_orientation_error_deg,0,41800000
owd_uplink_ms,3.3072,41900000
owd_downlink_ms,4.8943,41900000
owd_uplink_ms,0,41900000
owd_downlink_ms,0,41900000
prediction_position_error_mm,0.4180357791483402,41900000
prediction_orientation_error_deg,0,41900000
owd_uplink_ms,4.542,42000000
owd_downlink_ms,0.4724,42000000
prediction_position_error_mm,3.5206202883273363,42000000
prediction_orientation_error_deg,0,42000000
prediction_position_error_mm,4.11652447655797,42100000
prediction_orientation_error_deg,0,42100000
owd_uplink_ms,4.6123,42200000
owd_downlink_ms,4.3054,42200000
owd_uplink_ms,1.4306,42200000
owd_downlink_ms,0,42200000
prediction_position_error_mm,2.4230843409895897,42200000
prediction_orientation_error_deg,0,42200000
owd_uplink_ms,0,42300000
owd_downlink_ms,0,42300000
prediction_position_error_mm,0.42688954272307456,42300000
prediction_orientation_error_deg,0,42300000
owd_uplink_ms,2.047,42400000
owd_downlink_ms,4.235,42400000
prediction_position_error_mm,1.0009240359067917,42400000
prediction_orientation_error_deg,0,42400000
owd_uplink_ms,0,42500000
owd_downlink_ms,2.8773,42500000
prediction_position_error_mm,1.3103479286655784,42500000
prediction_orientation_error_deg,0,42500000
owd_uplink_ms,0,42600000
owd_downlink_ms,4.9403,42600000
prediction_position_error_mm,3.800224745646119,42600000
prediction_orientation_error_deg,0,42600000
owd_uplink_ms,3.6021,42700000
owd_downlink_ms,0,42700000
prediction_position_error_mm,1.5457080444321036,42700000
prediction_orientation_error_deg,0,42700000
owd_uplink_ms,0,42800000
owd_downlink_ms,0.0654,42800000
prediction_position_error_mm,4.400165285915136,42800000
prediction_orientation_error_deg,0,42800000
prediction_position_error_mm,5.083953496068716,42900000
prediction_orientation_error_deg,0,42900000
owd_uplink_ms,4.894,43000000
owd_downlink_ms,5.4758,43000000
correction_magnitude_mm,5.083953496068716,42900000
correction_magnitude_deg,0,42900000
owd_uplink_ms,0.2229,43000000
owd_downlink_ms,0,43000000
prediction_position_error_mm,2.9497428331524134,43000000
prediction_orientation_error_deg,0,43000000
owd_uplink_ms,2.9151,43100000
owd_downlink_ms,0,43100000
prediction_position_error_mm,2.468475606292486,43100000
prediction_orientation_error_deg,0,43100000
owd_uplink_ms,0.5148,43200000
owd_downlink_ms,0,43200000
prediction_position_error_mm,2.0911695901304483,43200000
prediction_orientation_error_deg,0,43200000
owd_uplink_ms,0,43300000
owd_downlink_ms,0,43300000
prediction_position_error_mm,0.49548305105417967,43300000
prediction_orientation_error_deg,0,43300000
owd_uplink_ms,3.6079,43400000
owd_downlink_ms,2.4816,43400000
prediction_position_error_mm,2.884421031922102,43400000
prediction_orientation_error_deg,0,43400000
owd_uplink_ms,2.2082,43500000
owd_downlink_ms,0,43500000
prediction_position_error_mm,2.407441148534417,43500000
prediction_orientation_error_deg,0,43500000
prediction_position_error_mm,2.959455829113722,43600000
prediction_orientation_error_deg,0,43600000
owd_uplink_ms,0.5016,43700000
owd_downlink_ms,0.7761,43700000
owd_uplink_ms,0.6637,43700000
owd_downlink_ms,0,43700000
prediction_position_error_mm,1.8087065545842052,43700000
prediction_orientation_error_deg,0,43700000
prediction_position_error_mm,2.2925345692783594,43800000
prediction_orientation_error_deg,0,43800000
owd_uplink_ms,1.376,43900000
owd_downlink_ms,0.77,43900000
prediction_position_error_mm,0.5505405133590102,43900000
prediction_orientation_error_deg,0,43900000
owd_uplink_ms,0.2462,44000000
owd_downlink_ms,1.5301,44000000
owd_uplink_ms,0,44000000
owd_downlink_ms,5.9728,44000000
owd_uplink_ms,0,44000000
owd_downlink_ms,0,44000000
prediction_position_error_mm,0.6222503143362701,44000000
prediction_orientation_error_deg,0,44000000
prediction_position_error_mm,2.71045695990324,44100000
prediction_orientation_error_deg,0,44100000
owd_uplink_ms,4.8413,44200000
owd_downlink_ms,0,44200000
owd_uplink_ms,0,44200000
owd_downlink_ms,0,44200000
prediction_position_error_mm,1.263120910152793,44200000
prediction_orientation_error_deg,0,44200000
owd_uplink_ms,0,44300000
owd_downlink_ms,0,44300000
prediction_position_error_mm,1.3354639522731304,44300000
prediction_orientation_error_deg,0,44300000
prediction_position_error_mm,3.365220036357641,44400000
prediction_orientation_error_deg,0,44400000
prediction_position_error_mm,4.003831185400486,44500000
prediction_orientation_error_deg,0,44500000
owd_uplink_ms,4.8922,44600000
owd_downlink_ms,3.7097,44600000
owd_uplink_ms,5.5137,44600000
owd_downlink_ms,0,44600000
prediction_position_error_mm,2.4021677672863007,44600000
prediction_orientation_error_deg,0,44600000
prediction_position_error_mm,2.9788981191813946,44700000
prediction_orientation_error_deg,0,44700000
owd_uplink_ms,3.3985,44800000
owd_downlink_ms,4.1593,44800000
owd_uplink_ms,3.7165,44800000
owd_downlink_ms,0,44800000
prediction_position_error_mm,1.8362965201959014,44800000
prediction_orientation_error_deg,0,44800000
owd_uplink_ms,2.8644,44900000
owd_downlink_ms,0,44900000
prediction_position_error_mm,1.6425626818090677,44900000
prediction_orientation_error_deg,0,44900000
prediction_position_error_mm,1.0952611919492483,45000000
prediction_orientation_error_deg,0,45000000
owd_uplink_ms,0,45100000
owd_downlink_ms,0.2844,45100000
owd_uplink_ms,3.8412,45100000
owd_downlink_ms,3.0004,45100000
prediction_position_error_mm,2.330004470422864,45100000
prediction_orientation_error_deg,0,45100000
prediction_position_error_mm,2.8905323706567287,45200000
prediction_orientation_error_deg,0,45200000
owd_uplink_ms,4.7332,45300000
owd_downlink_ms,4.3647,45300000
owd_uplink_ms,1.7026,45300000
owd_downlink_ms,0,45300000
owd_uplink_ms,0,45300000
owd_downlink_ms,0,45300000
prediction_position_error_mm,1.1777292238548398,45300000
prediction_orientation_error_deg,0,45300000
prediction_position_error_mm,2.666033571586013,45400000
prediction_orientation_error_deg,0,45400000
owd_uplink_ms,1.9196,45500000
owd_downlink_ms,0,45500000
prediction_position_error_mm,2.3006999399513006,45500000
prediction_orientation_error_deg,0,45500000
owd_uplink_ms,1.8894,45600000
owd_downlink_ms,0,45600000
prediction_position_error_mm,2.0465166307985783,45600000
prediction_orientation_error_deg,0,45600000
owd_uplink_ms,5.3442,45700000
owd_downlink_ms,0,45700000
prediction_position_error_mm,1.8432358046993613,45700000
prediction_orientation_error_deg,0,45700000
prediction_position_error_mm,2.402618760243058,45800000
prediction_orientation_error_deg,0,45800000
owd_uplink_ms,2.9359,45900000
owd_downlink_ms,1.2573,45900000
owd_uplink_ms,3.4801,45900000
owd_downlink_ms,0,45900000
owd_uplink_ms,0,45900000
owd_downlink_ms,0,45900000
prediction_position_error_mm,1.1396677000448108,45900000
prediction_orientation_error_deg,0,45900000
owd_uplink_ms,0,46000000
owd_downlink_ms,0,46000000
prediction_position_error_mm,1.209072070196271,46000000
prediction_orientation_error_deg,0,46000000
prediction_position_error_mm,2.318836748600006,46100000
prediction_orientation_error_deg,0,46100000
prediction_position_error_mm,2.9125476721674204,46200000
prediction_orientation_error_deg,0,46200000
owd_uplink_ms,4.4523,46300000
owd_downlink_ms,3.3384,46300000
owd_uplink_ms,1.6202,46300000
owd_downlink_ms,0,46300000
prediction_position_error_mm,1.5620858175680041,46300000
prediction_orientation_error_deg,0,46300000
owd_uplink_ms,0,46400000
owd_downlink_ms,5.1569,46400000
prediction_position_error_mm,2.1999033633619547,46400000
prediction_orientation_error_deg,0,46400000
owd_uplink_ms,0,46500000
owd_downlink_ms,5.9842,46500000
prediction_position_error_mm,2.4857164826244116,46500000
prediction_orientation_error_deg,0,46500000
prediction_position_error_mm,3.1103247310966253,46600000
prediction_orientation_error_deg,0,46600000
owd_uplink_ms,3.6193,46700000
owd_downlink_ms,3.1275,46700000
owd_uplink_ms,2.6417,46700000
owd_downlink_ms,0,46700000
prediction_position_error_mm,1.9652887713164091,46700000
prediction_orientation_error_deg,0,46700000
owd_uplink_ms,0,46800000
owd_downlink_ms,0,46800000
prediction_position_error_mm,1.6889950493350625,46800000
prediction_orientation_error_deg,0,46800000
owd_uplink_ms,3.6635,46900000
owd_downlink_ms,2.0243,46900000
prediction_position_error_mm,2.3185021709650755,46900000
prediction_orientation_error_deg,0,46900000
owd_uplink_ms,0,47000000
owd_downlink_ms,2.7238,47000000
prediction_position_error_mm,2.2358077112585306,47000000
prediction_orientation_error_deg,0,47000000
owd_uplink_ms,0,47100000
owd_downlink_ms,0.5395,47100000
prediction_position_error_mm,2.179433824494481,47100000
prediction_orientation_error_deg,0,47100000
prediction_position_error_mm,2.775873290374875,47200000
prediction_orientation_error_deg,0,47200000
owd_uplink_ms,4.9719,47300000
owd_downlink_ms,2.3264,47300000
owd_uplink_ms,0.1353,47300000
owd_downlink_ms,0,47300000
prediction_position_error_mm,1.8546314677223563,47300000
prediction_orientation_error_deg,0,47300000
owd_uplink_ms,0,47400000
owd_downlink_ms,5.1836,47400000
prediction_position_error_mm,2.3439053911715746,47400000
prediction_orientation_error_deg,0,47400000
prediction_position_error_mm,2.9763176571577787,47500000
prediction_orientation_error_deg,0,47500000
owd_uplink_ms,4.0708,47600000
owd_downlink_ms,5.4709,47600000
prediction_position_error_mm,2.723843324929476,47600000
prediction_orientation_error_deg,0,47600000
owd_uplink_ms,4.7823,47700000
owd_downlink_ms,2.8542,47700000
owd_uplink_ms,5.7196,47700000
owd_downlink_ms,0,47700000
prediction_position_error_mm,1.762615516781807,47700000
prediction_orientation_error_deg,0,47700000
prediction_position_error_mm,2.7232354041188955,47800000
prediction_orientation_error_deg,0,47800000
owd_uplink_ms,0,47900000
owd_downlink_ms,1.6402,47900000
owd_uplink_ms,3.9162,47900000
owd_downlink_ms,3.1181,47900000
owd_uplink_ms,0,47900000
owd_downlink_ms,0,47900000
prediction_position_error_mm,1.7611159710213542,47900000
prediction_orientation_error_deg,0,47900000
prediction_position_error_mm,1.8895703833550215,48000000
prediction_orientation_error_deg,0,48000000
prediction_position_error_mm,2.4754616897553205,48100000
prediction_orientation_error_deg,0,48100000
owd_uplink_ms,4.4074,48200000
owd_downlink_ms,4.4282,48200000
prediction_position_error_mm,2.334297401830554,48200000
prediction_orientation_error_deg,0,48200000
owd_uplink_ms,1.2748,48300000
owd_downlink_ms,5.9611,48300000
owd_uplink_ms,0,48300000
owd_downlink_ms,0,48300000
prediction_position_error_mm,1.9924682565033436,48300000
prediction_orientation_error_deg,0,48300000
owd_uplink_ms,0.1504,48400000
owd_downlink_ms,1.0276,48400000
prediction_position_error_mm,1.923310337588191,48400000
prediction_orientation_error_deg,0,48400000
owd_uplink_ms,4.6882,48500000
owd_downlink_ms,0,48500000
prediction_position_error_mm,2.2737605031579733,48500000
prediction_orientation_error_deg,0,48500000
owd_uplink_ms,0,48600000
owd_downlink_ms,4.4562,48600000
prediction_position_error_mm,2.1633245050907135,48600000
prediction_orientation_error_deg,0,48600000
prediction_position_error_mm,2.818915294483304,48700000
prediction_orientation_error_deg,0,48700000
owd_uplink_ms,1.3063,48800000
owd_downlink_ms,2.3548,48800000
owd_uplink_ms,3.5458,48800000
owd_downlink_ms,0,48800000
prediction_position_error_mm,1.84729287866503,48800000
prediction_orientation_error_deg,0,48800000
owd_uplink_ms,3.058,48900000
owd_downlink_ms,0,48900000
prediction_position_error_mm,1.7401728546246886,48900000
prediction_orientation_error_deg,0,48900000
owd_uplink_ms,0.0594,49000000
owd_downlink_ms,0,49000000
prediction_position_error_mm,1.6492720460519195,49000000
prediction_orientation_error_deg,0,49000000
owd_uplink_ms,3.337,49100000
owd_downlink_ms,0,49100000
prediction_position_error_mm,2.3045879788696766,49100000
prediction_orientation_error_deg,0,49100000
owd_uplink_ms,0,49200000
owd_downlink_ms,1.1986,49200000
prediction_position_error_mm,2.9040572699159384,49200000
prediction_orientation_error_deg,0,49200000
owd_uplink_ms,0,49300000
owd_downlink_ms,3.487,49300000
prediction_position_error_mm,2.5968134868890047,49300000
prediction_orientation_error_deg,0,49300000
owd_uplink_ms,0,49400000
owd_downlink_ms,3.2814,49400000
owd_uplink_ms,0,49400000
owd_downlink_ms,0,49400000
prediction_position_error_mm,1.6486516688019037,49400000
prediction_orientation_error_deg,0,49400000
prediction_position_error_mm,0.966888852417469,49500000
prediction_orientation_error_deg,0,49500000
owd_uplink_ms,0,49600000
owd_downlink_ms,0,49600000
prediction_position_error_mm,1.9148533465340734,49600000
prediction_orientation_error_deg,0,49600000
owd_uplink_ms,1.3015,49700000
owd_downlink_ms,1.2403,49700000
owd_uplink_ms,0,49700000
owd_downlink_ms,0,49700000
prediction_position_error_mm,1.7453973414376378,49700000
prediction_orientation_error_deg,0,49700000
prediction_position_error_mm,0.9650099673308432,49800000
prediction_orientation_error_deg,0,49800000
prediction_position_error_mm,1.501524238847196,49900000
prediction_orientation_error_deg,0,49900000
owd_uplink_ms,3.8267,50000000
owd_downlink_ms,1.2878,50000000
owd_uplink_ms,3.5876,50000000
owd_downlink_ms,0,50000000
owd_uplink_ms,0,50000000
owd_downlink_ms,0,50000000
prediction_position_error_mm,2.1692991722375154,50000000
prediction_orientation_error_deg,0,50000000
prediction_position_error_mm,1299.9999523162842,100000
prediction_orientation_error_deg,0,100000
owd_uplink_ms,2.6648,200000
owd_downlink_ms,2.6648,200000
correction_magnitude_mm,1299.9999523162842,126648
correction_magnitude_deg,0,126648
prediction_position_error_mm,0,200000
prediction_orientation_error_deg,0,200000
owd_uplink_ms,5.0585,300000
owd_downlink_ms,-1.8066,300000
correction_magnitude_mm,9.99937579035759,318066
correction_magnitude_deg,0,318066
owd_uplink_ms,1.4452,300000
owd_downlink_ms,-1.4452,300000
prediction_position_error_mm,7.027875166386366,300000
prediction_orientation_error_deg,0,300000
prediction_position_error_mm,6.87115965411067,400000
prediction_orientation_error_deg,0,400000
prediction_position_error_mm,16.71009697020054,500000
prediction_orientation_error_deg,0,500000
owd_uplink_ms,1.4452,600000
owd_downlink_ms,2.7005,600000
correction_magnitude_mm,16.68744906783104,514452
correction_magnitude_deg,0,514452
owd_uplink_ms,1.6364,600000
owd_downlink_ms,4.4008,600000
prediction_position_error_mm,16.324348747730255,600000
prediction_orientation_error_deg,0,600000
owd_uplink_ms,1.4452,700000
owd_downlink_ms,1.9051,700000
correction_magnitude_mm,16.264857724308968,614452
correction_magnitude_deg,0,614452
prediction_position_error_mm,15.60880709439516,700000
prediction_orientation_error_deg,0,700000
owd_uplink_ms,1.4452,800000
owd_downlink_ms,-1.1445,800000
correction_magnitude_mm,15.478801913559437,714452
correction_magnitude_deg,0,714452
prediction_position_error_mm,9.66834370046854,800000
prediction_orientation_error_deg,0,800000
prediction_position_error_mm,18.281711265444756,900000
prediction_orientation_error_deg,0,900000
owd_uplink_ms,1.6448,1000000
owd_downlink_ms,-1.1032,1000000
correction_magnitude_mm,18.084600567817688,914452
correction_magnitude_deg,0,914452
owd_uplink_ms,1.4452,1000000
owd_downlink_ms,2.2031,1000000
owd_uplink_ms,1.1561,1000000
owd_downlink_ms,-1.1561,1000000
correction_magnitude_mm,16.05474203824997,1011561
correction_magnitude_deg,0,1011561
prediction_position_error_mm,11.484693735837936,1000000
prediction_orientation_error_deg,0,1000000
owd_uplink_ms,0.9248,1100000
owd_downlink_ms,-0.9248,1100000
correction_magnitude_mm,14.135854318737984,1109248
correction_magnitude_deg,0,1109248
prediction_position_error_mm,10.132323019206524,1100000
prediction_orientation_error_deg,0,1100000
owd_uplink_ms,0.7398,1200000
owd_downlink_ms,-0.7398,1200000
correction_magnitude_mm,12.35228031873703,1207398
correction_magnitude_deg,0,1207398
prediction_position_error_mm,8.864288218319416,1200000
prediction_orientation_error_deg,0,1200000
prediction_position_error_mm,5.921858362853527,1300000
prediction_orientation_error_deg,0,1300000
owd_uplink_ms,3.5214,1400000
owd_downlink_ms,-0.7398,1400000
correction_magnitude_mm,12.696277350187302,1407398
correction_magnitude_deg,0,1407398
prediction_position_error_mm,9.1191241517663,1400000
prediction_orientation_error_deg,0,1400000
owd_uplink_ms,0.7398,1500000
owd_downlink_ms,0.2625,1500000
prediction_position_error_mm,10.94539649784565,1500000
prediction_orientation_error_deg,0,1500000
owd_uplink_ms,0.7398,1600000
owd_downlink_ms,3.031,1600000
correction_magnitude_mm,10.713702999055386,1507398
correction_magnitude_deg,0,1507398
prediction_position_error_mm,4.302636720240116,1600000
prediction_orientation_error_deg,0,1600000
prediction_position_error_mm,10.746986605226994,1700000
prediction_orientation_error_deg,0,1700000
owd_uplink_ms,0.7398,1800000
owd_downlink_ms,1.0592,1800000
correction_magnitude_mm,10.491650551557541,1707398
correction_magnitude_deg,0,1707398
owd_uplink_ms,1.7182,1800000
owd_downlink_ms,4.4061,1800000
prediction_position_error_mm,4.004542250186205,1800000
prediction_orientation_error_deg,0,1800000
owd_uplink_ms,6.2914,1900000
owd_downlink_ms,-0.7398,1900000
correction_magnitude_mm,5.069070495665073,1907398
correction_magnitude_deg,0,1907398
prediction_position_error_mm,3.8202714640647173,1900000
prediction_orientation_error_deg,0,1900000
prediction_position_error_mm,5.068357102572918,2000000
prediction_orientation_error_deg,0,2000000
owd_uplink_ms,3.3096,2100000
owd_downlink_ms,-0.6954,2100000
prediction_position_error_mm,4.737235140055418,2100000
prediction_orientation_error_deg,0,2100000
owd_uplink_ms,4.3323,2200000
owd_downlink_ms,1.5736,2200000
prediction_position_error_mm,4.3669575825333595,2200000
prediction_orientation_error_deg,0,2200000
owd_uplink_ms,2.2832,2300000
owd_downlink_ms,2.4534,2300000
owd_uplink_ms,4.0812,2300000
owd_downlink_ms,-0.7398,2300000
prediction_position_error_mm,2.884404268115759,2300000
prediction_orientation_error_deg,0,2300000
owd_uplink_ms,2.6601,2400000
owd_downlink_ms,-0.7398,2400000
prediction_position_error_mm,2.6149374898523092,2400000
prediction_orientation_error_deg,0,2400000
owd_uplink_ms,6.6783,2500000
owd_downlink_ms,-0.7398,2500000
prediction_position_error_mm,2.353159710764885,2500000
prediction_orientation_error_deg,0,2500000
prediction_position_error_mm,7.712086196988821,2600000
prediction_orientation_error_deg,0,2600000
owd_uplink_ms,3.8911,2700000
owd_downlink_ms,0.0535,2700000
correction_magnitude_mm,7.389084901660681,2607398
correction_magnitude_deg,0,2607398
owd_uplink_ms,0.7398,2700000
owd_downlink_ms,1.5566,2700000
owd_uplink_ms,0.5918,2700000
owd_downlink_ms,-0.5918,2700000
correction_magnitude_mm,5.502407904714346,2705918
correction_magnitude_deg,0,2705918
prediction_position_error_mm,4.132633097469807,2700000
prediction_orientation_error_deg,0,2700000
prediction_position_error_mm,0.7445492083206773,2800000
prediction_orientation_error_deg,0,2800000
prediction_position_error_mm,0.770950922742486,2900000
prediction_orientation_error_deg,0,2900000
owd_uplink_ms,5.4083,3000000
owd_downlink_ms,0.0822,3000000
prediction_position_error_mm,4.616059362888336,3000000
prediction_orientation_error_deg,0,3000000
owd_uplink_ms,0.5918,3100000
owd_downlink_ms,1.9573,3100000
owd_uplink_ms,4.343,3100000
owd_downlink_ms,4.162,3100000
prediction_position_error_mm,3.268948756158352,3100000
prediction_orientation_error_deg,0,3100000
owd_uplink_ms,0.5918,3200000
owd_downlink_ms,3.8901,3200000
prediction_position_error_mm,2.66644055955112,3200000
prediction_orientation_error_deg,0,3200000
owd_uplink_ms,0.4734,3300000
owd_downlink_ms,-0.4734,3300000
prediction_position_error_mm,1.5407971804961562,3300000
prediction_orientation_error_deg,0,3300000
owd_uplink_ms,5.9554,3400000
owd_downlink_ms,2.4282,3400000
prediction_position_error_mm,1.4039084780961275,3400000
prediction_orientation_error_deg,0,3400000
owd_uplink_ms,0.4734,3500000
owd_downlink_ms,5.2564,3500000
owd_uplink_ms,0.3787,3500000
owd_downlink_ms,-0.3787,3500000
prediction_position_error_mm,0.691628607455641,3500000
prediction_orientation_error_deg,0,3500000
prediction_position_error_mm,4.557395353913307,3600000
prediction_orientation_error_deg,0,3600000
owd_uplink_ms,5.3448,3700000
owd_downlink_ms,-0.3787,3700000
prediction_position_error_mm,0.5831880844198167,3700000
prediction_orientation_error_deg,0,3700000
owd_uplink_ms,0.3787,3800000
owd_downlink_ms,1.0826,3800000
owd_uplink_ms,0.3029,3800000
owd_downlink_ms,-0.3029,3800000
prediction_position_error_mm,0.582673994358629,3800000
prediction_orientation_error_deg,0,3800000
prediction_position_error_mm,5.25751244276762,3900000
prediction_orientation_error_deg,0,3900000
prediction_position_error_mm,5.614433437585831,4000000
prediction_orientation_error_deg,0,4000000
owd_uplink_ms,4.0976,4100000
owd_downlink_ms,2.0185,4100000
correction_magnitude_mm,5.765189416706562,4003029
correction_magnitude_deg,0,4003029
prediction_position_error_mm,4.182122182101011,4100000
prediction_orientation_error_deg,0,4100000
owd_uplink_ms,2.9335,4200000
owd_downlink_ms,4.2839,4200000
prediction_position_error_mm,3.0790455639362335,4200000
prediction_orientation_error_deg,0,4200000
owd_uplink_ms,4.0261,4300000
owd_downlink_ms,0.9272,4300000
owd_uplink_ms,2.0877,4300000
owd_downlink_ms,-0.3029,4300000
prediction_position_error_mm,1.530826324597001,4300000
prediction_orientation_error_deg,0,4300000
prediction_position_error_mm,1.6224955907091498,4400000
prediction_orientation_error_deg,0,4400000
owd_uplink_ms,1.9478,4500000
owd_downlink_ms,3.2568,4500000
prediction_position_error_mm,1.181917730718851,4500000
prediction_orientation_error_deg,0,4500000
owd_uplink_ms,5.6235,4600000
owd_downlink_ms,3.7938,4600000
owd_uplink_ms,0.2423,4600000
owd_downlink_ms,-0.2423,4600000
prediction_position_error_mm,2.8337459079921246,4600000
prediction_orientation_error_deg,0,4600000
owd_uplink_ms,0.3669,4700000
owd_downlink_ms,-0.108,4700000
prediction_position_error_mm,2.739822492003441,4700000
prediction_orientation_error_deg,0,4700000
owd_uplink_ms,0.2423,4800000
owd_downlink_ms,1.0557,4800000
prediction_position_error_mm,1.785361673682928,4800000
prediction_orientation_error_deg,0,4800000
owd_uplink_ms,0.2423,4900000
owd_downlink_ms,1.8308,4900000
prediction_position_error_mm,3.6312895826995373,4900000
prediction_orientation_error_deg,0,4900000
owd_uplink_ms,3.684,5000000
owd_downlink_ms,-0.2423,5000000
prediction_position_error_mm,2.734399400651455,5000000
prediction_orientation_error_deg,0,5000000
prediction_position_error_mm,1.707470160908997,5100000
prediction_orientation_error_deg,0,5100000
owd_uplink_ms,5.7401,5200000
owd_downlink_ms,1.5938,5200000
owd_uplink_ms,0.2423,5200000
owd_downlink_ms,5.0736,5200000
prediction_position_error_mm,3.7364454474300146,5200000
prediction_orientation_error_deg,0,5200000
owd_uplink_ms,2.5381,5300000
owd_downlink_ms,-0.2423,5300000
owd_uplink_ms,0.1938,5300000
owd_downlink_ms,-0.1938,5300000
prediction_position_error_mm,0.7372752297669649,5300000
prediction_orientation_error_deg,0,5300000
prediction_position_error_mm,4.534867592155933,5400000
prediction_orientation_error_deg,0,5400000
owd_uplink_ms,1.3278,5500000
owd_downlink_ms,-0.1938,5500000
correction_magnitude_mm,5.049103405326605,5501938
correction_magnitude_deg,0,5501938
prediction_position_error_mm,3.44466813839972,5500000
prediction_orientation_error_deg,0,5500000
prediction_position_error_mm,1.232401467859745,5600000
prediction_orientation_error_deg,0,5600000
owd_uplink_ms,0.1938,5700000
owd_downlink_ms,3.8757,5700000
owd_uplink_ms,3.8078,5700000
owd_downlink_ms,5.2984,5700000
prediction_position_error_mm,4.326429683715105,5700000
prediction_orientation_error_deg,0,5700000
prediction_position_error_mm,4.764290992170572,5800000
prediction_orientation_error_deg,0,5800000
owd_uplink_ms,3.2594,5900000
owd_downlink_ms,4.9161,5900000
owd_uplink_ms,5.9423,5900000
owd_downlink_ms,-0.1938,5900000
owd_uplink_ms,0.155,5900000
owd_downlink_ms,-0.155,5900000
prediction_position_error_mm,0.943921273574233,5900000
prediction_orientation_error_deg,0,5900000
prediction_position_error_mm,4.238753113895655,6000000
prediction_orientation_error_deg,0,6000000
owd_uplink_ms,0.124,6100000
owd_downlink_ms,-0.124,6100000
prediction_position_error_mm,0.9151857811957598,6100000
prediction_orientation_error_deg,0,6100000
owd_uplink_ms,2.4078,6200000
owd_downlink_ms,0.179,6200000
prediction_position_error_mm,4.976590629667044,6200000
prediction_orientation_error_deg,0,6200000
owd_uplink_ms,2.768,6300000
owd_downlink_ms,-0.124,6300000
owd_uplink_ms,0.0992,6300000
owd_downlink_ms,-0.0992,6300000
prediction_position_error_mm,1.2696906924247742,6300000
prediction_orientation_error_deg,0,6300000
prediction_position_error_mm,5.544942803680897,6400000
prediction_orientation_error_deg,0,6400000
prediction_position_error_mm,6.084851920604706,6500000
prediction_orientation_error_deg,0,6500000
owd_uplink_ms,3.5387,6600000
owd_downlink_ms,5.501,6600000
correction_magnitude_mm,6.129959598183632,6500992
correction_magnitude_deg,0,6500992
prediction_position_error_mm,1.5002391301095486,6600000
prediction_orientation_error_deg,0,6600000
owd_uplink_ms,3.8463,6700000
owd_downlink_ms,2.0731,6700000
owd_uplink_ms,0.0992,6700000
owd_downlink_ms,5.172,6700000
prediction_position_error_mm,1.4840876683592796,6700000
prediction_orientation_error_deg,0,6700000
owd_uplink_ms,0.0992,6800000
owd_downlink_ms,0.8602,6800000
prediction_position_error_mm,5.127664189785719,6800000
prediction_orientation_error_deg,0,6800000
owd_uplink_ms,0.9764,6900000
owd_downlink_ms,-0.0992,6900000
correction_magnitude_mm,5.681137088686228,6900992
correction_magnitude_deg,0,6900992
prediction_position_error_mm,3.9337892085313797,6900000
prediction_orientation_error_deg,0,6900000
prediction_position_error_mm,4.3943035416305065,7000000
prediction_orientation_error_deg,0,7000000
owd_uplink_ms,4.8221,7100000
owd_downlink_ms,5.3209,7100000
prediction_position_error_mm,1.4077462255954742,7100000
prediction_orientation_error_deg,0,7100000
owd_uplink_ms,0.0992,7200000
owd_downlink_ms,4.5964,7200000
owd_uplink_ms,5.0581,7200000
owd_downlink_ms,4.6289,7200000
prediction_position_error_mm,3.92433675006032,7200000
prediction_orientation_error_deg,0,7200000
owd_uplink_ms,1.242,7300000
owd_downlink_ms,-0.0992,7300000
owd_uplink_ms,0.0793,7300000
owd_downlink_ms,-0.0793,7300000
prediction_position_error_mm,0.972280278801918,7300000
prediction_orientation_error_deg,0,7300000
prediction_position_error_mm,1.3699316186830401,7400000
prediction_orientation_error_deg,0,7400000
owd_uplink_ms,0.0793,7500000
owd_downlink_ms,3.385,7500000
owd_uplink_ms,0.0634,7500000
owd_downlink_ms,-0.0634,7500000
prediction_position_error_mm,0.9798065293580294,7500000
prediction_orientation_error_deg,0,7500000
prediction_position_error_mm,4.931647330522537,7600000
prediction_orientation_error_deg,0,7600000
prediction_position_error_mm,5.415752064436674,7700000
prediction_orientation_error_deg,0,7700000
owd_uplink_ms,2.3745,7800000
owd_downlink_ms,4.7121,7800000
correction_magnitude_mm,5.442347377538681,7700634
correction_magnitude_deg,0,7700634
owd_uplink_ms,3.6666,7800000
owd_downlink_ms,-0.0634,7800000
prediction_position_error_mm,2.9505519196391106,7800000
prediction_orientation_error_deg,0,7800000
owd_uplink_ms,3.7459,7900000
owd_downlink_ms,-0.0634,7900000
prediction_position_error_mm,0.9123258059844375,7900000
prediction_orientation_error_deg,0,7900000
owd_uplink_ms,0.0634,8000000
owd_downlink_ms,3.5436,8000000
prediction_position_error_mm,1.061590970493853,8000000
prediction_orientation_error_deg,0,8000000
owd_uplink_ms,0.0634,8100000
owd_downlink_ms,3.1596,8100000
prediction_position_error_mm,1.0491794673725963,8100000
prediction_orientation_error_deg,0,8100000
owd_uplink_ms,0.0634,8200000
owd_downlink_ms,2.3561,8200000
prediction_position_error_mm,4.374678246676922,8200000
prediction_orientation_error_deg,0,8200000
prediction_position_error_mm,1.632150961086154,8300000
prediction_orientation_error_deg,0,8300000
owd_uplink_ms,0.0634,8400000
owd_downlink_ms,0.3505,8400000
owd_uplink_ms,2.902,8400000
owd_downlink_ms,2.451,8400000
prediction_position_error_mm,1.6583726974204183,8400000
prediction_orientation_error_deg,0,8400000
owd_uplink_ms,0.0634,8500000
owd_downlink_ms,3.7548,8500000
prediction_position_error_mm,1.6739151906222105,8500000
prediction_orientation_error_deg,0,8500000
owd_uplink_ms,0.0634,8600000
owd_downlink_ms,0.4005,8600000
prediction_position_error_mm,4.943191073834896,8600000
prediction_orientation_error_deg,0,8600000
owd_uplink_ms,2.86,8700000
owd_downlink_ms,-0.0634,8700000
prediction_position_error_mm,1.5557454898953438,8700000
prediction_orientation_error_deg,0,8700000
owd_uplink_ms,0.0634,8800000
owd_downlink_ms,2.2992,8800000
prediction_position_error_mm,5.30670490115881,8800000
prediction_orientation_error_deg,0,8800000
owd_uplink_ms,0.0507,8900000
owd_downlink_ms,-0.0507,8900000
prediction_position_error_mm,1.8972831312566996,8900000
prediction_orientation_error_deg,0,8900000
owd_uplink_ms,5.9185,9000000
owd_downlink_ms,5.2627,9000000
prediction_position_error_mm,2.498023211956024,9000000
prediction_orientation_error_deg,0,9000000
owd_uplink_ms,0.0507,9100000
owd_downlink_ms,0.0962,9100000
owd_uplink_ms,0.0405,9100000
owd_downlink_ms,-0.0405,9100000
prediction_position_error_mm,1.6133137978613377,9100000
prediction_orientation_error_deg,0,9100000
prediction_position_error_mm,5.217240191996098,9200000
prediction_orientation_error_deg,0,9200000
prediction_position_error_mm,5.721480585634708,9300000
prediction_orientation_error_deg,0,9300000
owd_uplink_ms,5.4781,9400000
owd_downlink_ms,1.1275,9400000
correction_magnitude_mm,5.736496299505234,9300405
correction_magnitude_deg,0,9300405
owd_uplink_ms,3.5545,9400000
owd_downlink_ms,-0.0405,9400000
prediction_position_error_mm,3.121305489912629,9400000
prediction_orientation_error_deg,0,9400000
owd_uplink_ms,5.2224,9500000
owd_downlink_ms,-0.0405,9500000
prediction_position_error_mm,0.9603761718608439,9500000
prediction_orientation_error_deg,0,9500000
owd_uplink_ms,0.0405,9600000
owd_downlink_ms,1.6198,9600000
owd_uplink_ms,0.0324,9600000
owd_downlink_ms,-0.0324,9600000
prediction_position_error_mm,0.9221198852173984,9600000
prediction_orientation_error_deg,0,9600000
prediction_position_error_mm,3.940732218325138,9700000
prediction_orientation_error_deg,0,9700000
prediction_position_error_mm,4.389062989503145,9800000
prediction_orientation_error_deg,0,9800000
owd_uplink_ms,3.0072,9900000
owd_downlink_ms,2.9874,9900000
prediction_position_error_mm,3.4995784517377615,9900000
prediction_orientation_error_deg,0,9900000
owd_uplink_ms,3.0653,10000000
owd_downlink_ms,0.9149,10000000
prediction_position_error_mm,1.4515951042994857,10000000
prediction_orientation_error_deg,0,10000000
owd_uplink_ms,0.0324,10100000
owd_downlink_ms,3.9266,10100000
owd_uplink_ms,0.8819,10100000
owd_downlink_ms,4.0455,10100000
owd_uplink_ms,0.0259,10100000
owd_downlink_ms,-0.0259,10100000
prediction_position_error_mm,0.8798828348517418,10100000
prediction_orientation_error_deg,0,10100000
prediction_position_error_mm,1.240326906554401,10200000
prediction_orientation_error_deg,0,10200000
owd_uplink_ms,0.0259,10300000
owd_downlink_ms,1.779,10300000
prediction_position_error_mm,3.7617261987179518,10300000
prediction_orientation_error_deg,0,10300000
prediction_position_error_mm,1.8306246493011713,10400000
prediction_orientation_error_deg,0,10400000
owd_uplink_ms,5.5439,10500000
owd_downlink_ms,0.7322,10500000
owd_uplink_ms,0.0259,10500000
owd_downlink_ms,5.1549,10500000
prediction_position_error_mm,4.294156562536955,10500000
prediction_orientation_error_deg,0,10500000
prediction_position_error_mm,2.439085626974702,10600000
prediction_orientation_error_deg,0,10600000
owd_uplink_ms,0.0259,10700000
owd_downlink_ms,0.0402,10700000
owd_uplink_ms,1.8001,10700000
owd_downlink_ms,3.2085,10700000
prediction_position_error_mm,2.323647029697895,10700000
prediction_orientation_error_deg,0,10700000
owd_uplink_ms,0.0259,10800000
owd_downlink_ms,0.8454,10800000
prediction_position_error_mm,2.2205307614058256,10800000
prediction_orientation_error_deg,0,10800000
owd_uplink_ms,0.0259,10900000
owd_downlink_ms,3.8134,10900000
prediction_position_error_mm,2.1282711531966925,10900000
prediction_orientation_error_deg,0,10900000
owd_uplink_ms,0.0259,11000000
owd_downlink_ms,1.1828,11000000
prediction_position_error_mm,4.436503164470196,11000000
prediction_orientation_error_deg,0,11000000
owd_uplink_ms,5.7693,11100000
owd_downlink_ms,-0.0259,11100000
prediction_position_error_mm,3.4677372314035892,11100000
prediction_orientation_error_deg,0,11100000
owd_uplink_ms,3.0336,11200000
owd_downlink_ms,-0.0259,11200000
prediction_position_error_mm,1.362050068564713,11200000
prediction_orientation_error_deg,0,11200000
owd_uplink_ms,0.0259,11300000
owd_downlink_ms,3.8716,11300000
owd_uplink_ms,0.0207,11300000
owd_downlink_ms,-0.0207,11300000
prediction_position_error_mm,1.3376123970374465,11300000
prediction_orientation_error_deg,0,11300000
prediction_position_error_mm,4.012590739876032,11400000
prediction_orientation_error_deg,0,11400000
prediction_position_error_mm,4.537811502814293,11500000
prediction_orientation_error_deg,0,11500000
owd_uplink_ms,2.2365,11600000
owd_downlink_ms,4.9943,11600000
prediction_position_error_mm,3.6849603056907654,11600000
prediction_orientation_error_deg,0,11600000
owd_uplink_ms,4.6817,11700000
owd_downlink_ms,1.0236,11700000
prediction_position_error_mm,3.0324747785925865,11700000
prediction_orientation_error_deg,0,11700000
owd_uplink_ms,1.5867,11800000
owd_downlink_ms,4.4685,11800000
prediction_position_error_mm,1.6932828584685922,11800000
prediction_orientation_error_deg,0,11800000
owd_uplink_ms,0.0207,11900000
owd_downlink_ms,0.3926,11900000
owd_uplink_ms,1.3483,11900000
owd_downlink_ms,1.2622,11900000
prediction_position_error_mm,2.8333005029708147,11900000
prediction_orientation_error_deg,0,11900000
prediction_position_error_mm,3.3177731093019247,12000000
prediction_orientation_error_deg,0,12000000
owd_uplink_ms,4.6046,12100000
owd_downlink_ms,1.0228,12100000
prediction_position_error_mm,2.8103915974497795,12100000
prediction_orientation_error_deg,0,12100000
owd_uplink_ms,0.943,12200000
owd_downlink_ms,0.442,12200000
owd_uplink_ms,3.5402,12200000
owd_downlink_ms,-0.0207,12200000
prediction_position_error_mm,1.296764356084168,12200000
prediction_orientation_error_deg,0,12200000
owd_uplink_ms,0.0207,12300000
owd_downlink_ms,0.3879,12300000
owd_uplink_ms,0.0165,12300000
owd_downlink_ms,-0.0165,12300000
prediction_position_error_mm,1.156421611085534,12300000
prediction_orientation_error_deg,0,12300000
prediction_position_error_mm,2.9715828131884336,12400000
prediction_orientation_error_deg,0,12400000
prediction_position_error_mm,2.135384362190962,12500000
prediction_orientation_error_deg,0,12500000
owd_uplink_ms,0.0165,12600000
owd_downlink_ms,1.6097,12600000
owd_uplink_ms,0.8876,12600000
owd_downlink_ms,4.3181,12600000
prediction_position_error_mm,3.559441538527608,12600000
prediction_orientation_error_deg,0,12600000
prediction_position_error_mm,4.146551713347435,12700000
prediction_orientation_error_deg,0,12700000
owd_uplink_ms,5.6481,12800000
owd_downlink_ms,-0.0026,12800000
prediction_position_error_mm,3.4823587629944086,12800000
prediction_orientation_error_deg,0,12800000
owd_uplink_ms,5.2056,12900000
owd_downlink_ms,2.0363,12900000
owd_uplink_ms,2.2962,12900000
owd_downlink_ms,-0.0165,12900000
prediction_position_error_mm,2.0779448095709085,12900000
prediction_orientation_error_deg,0,12900000
prediction_position_error_mm,2.0722788758575916,13000000
prediction_orientation_error_deg,0,13000000
owd_uplink_ms,0.0165,13100000
owd_downlink_ms,1.9694,13100000
owd_uplink_ms,5.9865,13100000
owd_downlink_ms,2.6568,13100000
prediction_position_error_mm,2.76217726059258,13100000
prediction_orientation_error_deg,0,13100000
prediction_position_error_mm,3.3109390642493963,13200000
prediction_orientation_error_deg,0,13200000
owd_uplink_ms,5.7436,13300000
owd_downlink_ms,3.8374,13300000
owd_uplink_ms,5.9954,13300000
owd_downlink_ms,-0.0165,13300000
prediction_position_error_mm,2.0094129722565413,13300000
prediction_orientation_error_deg,0,13300000
owd_uplink_ms,2.5711,13400000
owd_downlink_ms,-0.0165,13400000
prediction_position_error_mm,1.7730125691741705,13400000
prediction_orientation_error_deg,0,13400000
owd_uplink_ms,4.4806,13500000
owd_downlink_ms,-0.0165,13500000
prediction_position_error_mm,1.592697692103684,13500000
prediction_orientation_error_deg,0,13500000
prediction_position_error_mm,2.1968220826238394,13600000
prediction_orientation_error_deg,0,13600000
owd_uplink_ms,3.4484,13700000
owd_downlink_ms,0.636,13700000
owd_uplink_ms,0.0165,13700000
owd_downlink_ms,2.9132,13700000
prediction_position_error_mm,2.2843920160084963,13700000
prediction_orientation_error_deg,0,13700000
owd_uplink_ms,5.8075,13800000
owd_downlink_ms,-0.0165,13800000
prediction_position_error_mm,1.9740676507353783,13800000
prediction_orientation_error_deg,0,13800000
owd_uplink_ms,0.1155,13900000
owd_downlink_ms,-0.0165,13900000
prediction_position_error_mm,1.6357646090909839,13900000
prediction_orientation_error_deg,0,13900000
owd_uplink_ms,0.0165,14000000
owd_downlink_ms,4.331,14000000
prediction_position_error_mm,2.6471649762243032,14000000
prediction_orientation_error_deg,0,14000000
prediction_position_error_mm,3.234295640140772,14100000
prediction_orientation_error_deg,0,14100000
owd_uplink_ms,5.6123,14200000
owd_downlink_ms,1.3272,14200000
prediction_position_error_mm,2.857587765902281,14200000
prediction_orientation_error_deg,0,14200000
owd_uplink_ms,5.0764,14300000
owd_downlink_ms,3.4983,14300000
prediction_position_error_mm,2.5636462960392237,14300000
prediction_orientation_error_deg,0,14300000
owd_uplink_ms,1.2359,14400000
owd_downlink_ms,5.9055,14400000
prediction_position_error_mm,2.33565759845078,14400000
prediction_orientation_error_deg,0,14400000
owd_uplink_ms,3.5869,14500000
owd_downlink_ms,3.8918,14500000
prediction_position_error_mm,2.159771043807268,14500000
prediction_orientation_error_deg,0,14500000
owd_uplink_ms,0.0635,14600000
owd_downlink_ms,5.7429,14600000
owd_uplink_ms,0.0132,14600000
owd_downlink_ms,-0.0132,14600000
prediction_position_error_mm,1.7165318131446838,14600000
prediction_orientation_error_deg,0,14600000
owd_uplink_ms,4.5581,14700000
owd_downlink_ms,2.6276,14700000
prediction_position_error_mm,2.13401997461915,14700000
prediction_orientation_error_deg,0,14700000
owd_uplink_ms,0.0132,14800000
owd_downlink_ms,3.4668,14800000
prediction_position_error_mm,2.2794052492827177,14800000
prediction_orientation_error_deg,0,14800000
owd_uplink_ms,2.8393,14900000
owd_downlink_ms,-0.0132,14900000
prediction_position_error_mm,1.9686236046254635,14900000
prediction_orientation_error_deg,0,14900000
prediction_position_error_mm,2.520123962312937,15000000
prediction_orientation_error_deg,0,15000000
owd_uplink_ms,3.5347,15100000
owd_downlink_ms,3.1658,15100000
prediction_position_error_mm,2.2987709380686283,15100000
prediction_orientation_error_deg,0,15100000
owd_uplink_ms,5.3445,15200000
owd_downlink_ms,3.3702,15200000
owd_uplink_ms,3.0589,15200000
owd_downlink_ms,-0.0132,15200000
prediction_position_error_mm,1.4926191652193666,15200000
prediction_orientation_error_deg,0,15200000
prediction_position_error_mm,2.0088113378733397,15300000
prediction_orientation_error_deg,0,15300000
owd_uplink_ms,2.3793,15400000
owd_downlink_ms,2.5424,15400000
owd_uplink_ms,3.1529,15400000
owd_downlink_ms,-0.0132,15400000
prediction_position_error_mm,1.8167098751291633,15400000
prediction_orientation_error_deg,0,15400000
owd_uplink_ms,0.0132,15500000
owd_downlink_ms,0.6733,15500000
prediction_position_error_mm,2.2533750161528587,15500000
prediction_orientation_error_deg,0,15500000
owd_uplink_ms,0.0132,15600000
owd_downlink_ms,4.6966,15600000
prediction_position_error_mm,2.0666909404098988,15600000
prediction_orientation_error_deg,0,15600000
prediction_position_error_mm,2.5770908687263727,15700000
prediction_orientation_error_deg,0,15700000
owd_uplink_ms,2.8324,15800000
owd_downlink_ms,3.7827,15800000
owd_uplink_ms,0.617,15800000
owd_downlink_ms,-0.0132,15800000
prediction_position_error_mm,1.8361845286563039,15800000
prediction_orientation_error_deg,0,15800000
owd_uplink_ms,0.0132,15900000
owd_downlink_ms,0.8096,15900000
prediction_position_error_mm,2.3416646290570498,15900000
prediction_orientation_error_deg,0,15900000
owd_uplink_ms,0.0105,16000000
owd_downlink_ms,-0.0105,16000000
prediction_position_error_mm,2.0913532935082912,16000000
prediction_orientation_error_deg,0,16000000
owd_uplink_ms,0.5124,16100000
owd_downlink_ms,0.6337,16100000
prediction_position_error_mm,2.7233453001827,16100000
prediction_orientation_error_deg,0,16100000
owd_uplink_ms,0.0105,16200000
owd_downlink_ms,1.3969,16200000
prediction_position_error_mm,2.697718096897006,16200000
prediction_orientation_error_deg,0,16200000
owd_uplink_ms,5.8047,16300000
owd_downlink_ms,-0.0105,16300000
prediction_position_error_mm,2.230181358754635,16300000
prediction_orientation_error_deg,0,16300000
owd_uplink_ms,0.0105,16400000
owd_downlink_ms,5.7628,16400000
prediction_position_error_mm,3.0448080506175756,16400000
prediction_orientation_error_deg,0,16400000
owd_uplink_ms,0.0084,16500000
owd_downlink_ms,-0.0084,16500000
prediction_position_error_mm,2.5419844314455986,16500000
prediction_orientation_error_deg,0,16500000
owd_uplink_ms,0.8574,16600000
owd_downlink_ms,1.8731,16600000
prediction_position_error_mm,3.329693339765072,16600000
prediction_orientation_error_deg,0,16600000
prediction_position_error_mm,3.97142069414258,16700000
prediction_orientation_error_deg,0,16700000
owd_uplink_ms,4.8586,16800000
owd_downlink_ms,1.3449,16800000
owd_uplink_ms,0.0067,16800000
owd_downlink_ms,-0.0067,16800000
prediction_position_error_mm,2.6652563828974962,16800000
prediction_orientation_error_deg,0,16800000
owd_uplink_ms,1.607,16900000
owd_downlink_ms,3.7686,16900000
prediction_position_error_mm,3.366477321833372,16900000
prediction_orientation_error_deg,0,16900000
owd_uplink_ms,0.0067,17000000
owd_downlink_ms,1.1641,17000000
prediction_position_error_mm,2.842492423951626,17000000
prediction_orientation_error_deg,0,17000000
prediction_position_error_mm,3.7162560038268566,17100000
prediction_orientation_error_deg,0,17100000
owd_uplink_ms,3.6117,17200000
owd_downlink_ms,0.536,17200000
owd_uplink_ms,0.0067,17200000
owd_downlink_ms,4.5691,17200000
prediction_position_error_mm,3.3028721809387207,17200000
prediction_orientation_error_deg,0,17200000
owd_uplink_ms,0.0067,17300000
owd_downlink_ms,2.0031,17300000
owd_uplink_ms,0.0053,17300000
owd_downlink_ms,-0.0053,17300000
prediction_position_error_mm,2.0757911261171103,17300000
prediction_orientation_error_deg,0,17300000
prediction_position_error_mm,2.611693227663636,17400000
prediction_orientation_error_deg,0,17400000
prediction_position_error_mm,3.0845189467072487,17500000
prediction_orientation_error_deg,0,17500000
owd_uplink_ms,4.5331,17600000
owd_downlink_ms,5.3326,17600000
prediction_position_error_mm,3.3580204471945763,17600000
prediction_orientation_error_deg,0,17600000
owd_uplink_ms,0.0053,17700000
owd_downlink_ms,0.1202,17700000
owd_uplink_ms,4.2276,17700000
owd_downlink_ms,0.9972,17700000
prediction_position_error_mm,2.4386155419051647,17700000
prediction_orientation_error_deg,0,17700000
owd_uplink_ms,3.8495,17800000
owd_downlink_ms,-0.0053,17800000
prediction_position_error_mm,2.072025556117296,17800000
prediction_orientation_error_deg,0,17800000
prediction_position_error_mm,2.633738098666072,17900000
prediction_orientation_error_deg,0,17900000
owd_uplink_ms,0.2047,18000000
owd_downlink_ms,2.5235,18000000
prediction_position_error_mm,2.4062497541308403,18000000
prediction_orientation_error_deg,0,18000000
owd_uplink_ms,0.9091,18100000
owd_downlink_ms,1.3879,18100000
owd_uplink_ms,5.1963,18100000
owd_downlink_ms,-0.0053,18100000
prediction_position_error_mm,1.5735900960862637,18100000
prediction_orientation_error_deg,0,18100000
prediction_position_error_mm,2.135523594915867,18200000
prediction_orientation_error_deg,0,18200000
owd_uplink_ms,1.1313,18300000
owd_downlink_ms,2.3421,18300000
owd_uplink_ms,3.1098,18300000
owd_downlink_ms,-0.0053,18300000
prediction_position_error_mm,2.709896070882678,18300000
prediction_orientation_error_deg,0,18300000
owd_uplink_ms,0.0053,18400000
owd_downlink_ms,5.0413,18400000
owd_uplink_ms,0.0042,18400000
owd_downlink_ms,-0.0042,18400000
prediction_position_error_mm,2.2592332679778337,18400000
prediction_orientation_error_deg,0,18400000
prediction_position_error_mm,2.7402499690651894,18500000
prediction_orientation_error_deg,0,18500000
owd_uplink_ms,0.0042,18600000
owd_downlink_ms,0.6781,18600000
prediction_position_error_mm,1.528122229501605,18600000
prediction_orientation_error_deg,0,18600000
prediction_position_error_mm,2.8962683863937855,18700000
prediction_orientation_error_deg,0,18700000
owd_uplink_ms,5.0302,18800000
owd_downlink_ms,1.5075,18800000
owd_uplink_ms,0.0042,18800000
owd_downlink_ms,5.5215,18800000
prediction_position_error_mm,1.8109417287632823,18800000
prediction_orientation_error_deg,0,18800000
prediction_position_error_mm,2.173837972804904,18900000
prediction_orientation_error_deg,0,18900000
owd_uplink_ms,5.2519,19000000
owd_downlink_ms,4.7585,19000000
owd_uplink_ms,0.0033,19000000
owd_downlink_ms,-0.0033,19000000
prediction_position_error_mm,2.3738755844533443,19000000
prediction_orientation_error_deg,0,19000000
owd_uplink_ms,5.4102,19100000
owd_downlink_ms,2.1197,19100000
prediction_position_error_mm,1.8083122558891773,19100000
prediction_orientation_error_deg,0,19100000
owd_uplink_ms,3.9377,19200000
owd_downlink_ms,-0.0033,19200000
prediction_position_error_mm,1.564617152325809,19200000
prediction_orientation_error_deg,0,19200000
prediction_position_error_mm,2.058783546090126,19300000
prediction_orientation_error_deg,0,19300000
owd_uplink_ms,3.8078,19400000
owd_downlink_ms,3.839,19400000
owd_uplink_ms,0.0026,19400000
owd_downlink_ms,-0.0026,19400000
prediction_position_error_mm,2.7319351211190224,19400000
prediction_orientation_error_deg,0,19400000
owd_uplink_ms,1.0559,19500000
owd_downlink_ms,5.1466,19500000
prediction_position_error_mm,1.6506121028214693,19500000
prediction_orientation_error_deg,0,19500000
prediction_position_error_mm,2.1202589850872755,19600000
prediction_orientation_error_deg,0,19600000
owd_uplink_ms,3.4591,19700000
owd_downlink_ms,3.2519,19700000
owd_uplink_ms,2.1894,19700000
owd_downlink_ms,-0.0026,19700000
owd_uplink_ms,0.002,19700000
owd_downlink_ms,-0.002,19700000
prediction_position_error_mm,2.819241024553776,19700000
prediction_orientation_error_deg,0,19700000
prediction_position_error_mm,1.676597516052425,19800000
prediction_orientation_error_deg,0,19800000
prediction_position_error_mm,2.1399068646132946,19900000
prediction_orientation_error_deg,0,19900000
owd_uplink_ms,2.3561,20000000
owd_downlink_ms,2.0626,20000000
prediction_position_error_mm,2.015590900555253,20000000
prediction_orientation_error_deg,0,20000000
owd_uplink_ms,3.9215,20100000
owd_downlink_ms,1.3485,20100000
owd_uplink_ms,4.1371,20100000
owd_downlink_ms,-0.002,20100000
prediction_position_error_mm,1.3605066342279315,20100000
prediction_orientation_error_deg,0,20100000
prediction_position_error_mm,1.899921684525907,20200000
prediction_orientation_error_deg,0,20200000
owd_uplink_ms,1.1236,20300000
owd_downlink_ms,3.143,20300000
owd_uplink_ms,0.3467,20300000
owd_downlink_ms,-0.002,20300000
prediction_position_error_mm,1.3091953005641699,20300000
prediction_orientation_error_deg,0,20300000
prediction_position_error_mm,1.8456694670021534,20400000
prediction_orientation_error_deg,0,20400000
owd_uplink_ms,3.5645,20500000
owd_downlink_ms,4.9854,20500000
prediction_position_error_mm,1.8223810475319624,20500000
prediction_orientation_error_deg,0,20500000
owd_uplink_ms,2.2022,20600000
owd_downlink_ms,2.4128,20600000
prediction_position_error_mm,1.7984991427510977,20600000
prediction_orientation_error_deg,0,20600000
owd_uplink_ms,3.4534,20700000
owd_downlink_ms,2.5275,20700000
prediction_position_error_mm,4.670985043048859,20700000
prediction_orientation_error_deg,0,20700000
owd_uplink_ms,0.002,20800000
owd_downlink_ms,5.5348,20800000
owd_uplink_ms,5.9225,20800000
owd_downlink_ms,5.936,20800000
owd_uplink_ms,0.0016,20800000
owd_downlink_ms,-0.0016,20800000
prediction_position_error_mm,2.5897305458784103,20800000
prediction_orientation_error_deg,0,20800000
prediction_position_error_mm,1.061954302713275,20900000
prediction_orientation_error_deg,0,20900000
prediction_position_error_mm,1.2870959471911192,21000000
prediction_orientation_error_deg,0,21000000
owd_uplink_ms,1.7143,21100000
owd_downlink_ms,1.3468,21100000
owd_uplink_ms,2.0924,21100000
owd_downlink_ms,-0.0016,21100000
prediction_position_error_mm,0.8627429488115013,21100000
prediction_orientation_error_deg,0,21100000
owd_uplink_ms,0.0012,21200000
owd_downlink_ms,-0.0012,21200000
prediction_position_error_mm,2.81652738340199,21200000
prediction_orientation_error_deg,0,21200000
owd_uplink_ms,5.8843,21300000
owd_downlink_ms,3.0138,21300000
prediction_position_error_mm,1.112919650040567,21300000
prediction_orientation_error_deg,0,21300000
prediction_position_error_mm,3.663086798042059,21400000
prediction_orientation_error_deg,0,21400000
owd_uplink_ms,5.3104,21500000
owd_downlink_ms,0.9709,21500000
owd_uplink_ms,0.0012,21500000
owd_downlink_ms,1.6468,21500000
owd_uplink_ms,0.0009,21500000
owd_downlink_ms,-0.0009,21500000
prediction_position_error_mm,2.1065736655145884,21500000
prediction_orientation_error_deg,0,21500000
owd_uplink_ms,0.0007,21600000
owd_downlink_ms,-0.0007,21600000
prediction_position_error_mm,1.758791971951723,21600000
prediction_orientation_error_deg,0,21600000
prediction_position_error_mm,1.9930102862417698,21700000
prediction_orientation_error_deg,0,21700000
owd_uplink_ms,0.0005,21800000
owd_downlink_ms,-0.0005,21800000
prediction_position_error_mm,1.7983450088649988,21800000
prediction_orientation_error_deg,0,21800000
owd_uplink_ms,5.1988,21900000
owd_downlink_ms,1.613,21900000
prediction_position_error_mm,2.175053581595421,21900000
prediction_orientation_error_deg,0,21900000
prediction_position_error_mm,2.71546165458858,22000000
prediction_orientation_error_deg,0,22000000
owd_uplink_ms,2.0924,22100000
owd_downlink_ms,0.146,22100000
owd_uplink_ms,0.0005,22100000
owd_downlink_ms,2.4366,22100000
prediction_position_error_mm,2.290531760081649,22100000
prediction_orientation_error_deg,0,22100000
owd_uplink_ms,1.1101,22200000
owd_downlink_ms,-0.0005,22200000
prediction_position_error_mm,1.612544059753418,22200000
prediction_orientation_error_deg,0,22200000
owd_uplink_ms,0.6745,22300000
owd_downlink_ms,-0.0005,22300000
prediction_position_error_mm,1.2053422397002578,22300000
prediction_orientation_error_deg,0,22300000
owd_uplink_ms,4.952,22400000
owd_downlink_ms,-0.0005,22400000
prediction_position_error_mm,1.0142780374735594,22400000
prediction_orientation_error_deg,0,22400000
prediction_position_error_mm,1.4026281423866749,22500000
prediction_orientation_error_deg,0,22500000
owd_uplink_ms,5.1846,22600000
owd_downlink_ms,5.1475,22600000
owd_uplink_ms,4.2486,22600000
owd_downlink_ms,-0.0005,22600000
owd_uplink_ms,0.0004,22600000
owd_downlink_ms,-0.0004,22600000
prediction_position_error_mm,3.3570898231118917,22600000
prediction_orientation_error_deg,0,22600000
prediction_position_error_mm,1.067839446477592,22700000
prediction_orientation_error_deg,0,22700000
owd_uplink_ms,5.6507,22800000
owd_downlink_ms,-0.0004,22800000
prediction_position_error_mm,3.0597078148275614,22800000
prediction_orientation_error_deg,0,22800000
owd_uplink_ms,0.0004,22900000
owd_downlink_ms,3.2441,22900000
prediction_position_error_mm,1.2993959244340658,22900000
prediction_orientation_error_deg,0,22900000
owd_uplink_ms,2.6844,23000000
owd_downlink_ms,-0.0004,23000000
prediction_position_error_mm,1.0393885895609856,23000000
prediction_orientation_error_deg,0,23000000
prediction_position_error_mm,4.553215112537146,23100000
prediction_orientation_error_deg,0,23100000
owd_uplink_ms,0.0004,23200000
owd_downlink_ms,3.9496,23200000
owd_uplink_ms,3.3222,23200000
owd_downlink_ms,4.1462,23200000
prediction_position_error_mm,1.2822459684684873,23200000
prediction_orientation_error_deg,0,23200000
prediction_position_error_mm,1.4645954361185431,23300000
prediction_orientation_error_deg,0,23300000
owd_uplink_ms,5.5226,23400000
owd_downlink_ms,2.5054,23400000
owd_uplink_ms,4.215,23400000
owd_downlink_ms,-0.0004,23400000
prediction_position_error_mm,0.9472712990827858,23400000
prediction_orientation_error_deg,0,23400000
owd_uplink_ms,0.0003,23500000
owd_downlink_ms,-0.0003,23500000
prediction_position_error_mm,3.4446956124156713,23500000
prediction_orientation_error_deg,0,23500000
owd_uplink_ms,4.56,23600000
owd_downlink_ms,5.546,23600000
prediction_position_error_mm,1.1013183975592256,23600000
prediction_orientation_error_deg,0,23600000
owd_uplink_ms,1.931,23700000
owd_downlink_ms,-0.0003,23700000
prediction_position_error_mm,0.9097083820961416,23700000
prediction_orientation_error_deg,0,23700000
owd_uplink_ms,0.7495,23800000
owd_downlink_ms,-0.0003,23800000
prediction_position_error_mm,0.8680952596478164,23800000
prediction_orientation_error_deg,0,23800000
owd_uplink_ms,0.0002,23900000
owd_downlink_ms,-0.0002,23900000
correction_magnitude_mm,5.016269627958536,23900002
correction_magnitude_deg,0,23900002
prediction_position_error_mm,3.5114912316203117,23900000
prediction_orientation_error_deg,0,23900000
owd_uplink_ms,1.407,24000000
owd_downlink_ms,5.2537,24000000
prediction_position_error_mm,1.0349346557632089,24000000
prediction_orientation_error_deg,0,24000000
owd_uplink_ms,2.6974,24100000
owd_downlink_ms,-0.0002,24100000
prediction_position_error_mm,3.0237266328185797,24100000
prediction_orientation_error_deg,0,24100000
owd_uplink_ms,0.0002,24200000
owd_downlink_ms,1.9487,24200000
prediction_position_error_mm,1.4638692373409867,24200000
prediction_orientation_error_deg,0,24200000
prediction_position_error_mm,3.8550749886780977,24300000
prediction_orientation_error_deg,0,24300000
owd_uplink_ms,0.0002,24400000
owd_downlink_ms,1.376,24400000
owd_uplink_ms,3.4327,24400000
owd_downlink_ms,1.7261,24400000
owd_uplink_ms,0.0001,24400000
owd_downlink_ms,-0.0001,24400000
prediction_position_error_mm,2.178930677473545,24400000
prediction_orientation_error_deg,0,24400000
prediction_position_error_mm,2.537314547225833,24500000
prediction_orientation_error_deg,0,24500000
owd_uplink_ms,0.0001,24600000
owd_downlink_ms,1.0481,24600000
prediction_position_error_mm,2.6827671099454165,24600000
prediction_orientation_error_deg,0,24600000
owd_uplink_ms,3.9506,24700000
owd_downlink_ms,-0.0001,24700000
owd_uplink_ms,0,24700000
owd_downlink_ms,0,24700000
prediction_position_error_mm,1.7157858237624168,24700000
prediction_orientation_error_deg,0,24700000
prediction_position_error_mm,2.863052999600768,24800000
prediction_orientation_error_deg,0,24800000
owd_uplink_ms,1.1508,24900000
owd_downlink_ms,0,24900000
prediction_position_error_mm,1.9087882246822119,24900000
prediction_orientation_error_deg,0,24900000
prediction_position_error_mm,1.776133431121707,25000000
prediction_orientation_error_deg,0,25000000
owd_uplink_ms,4.4954,25100000
owd_downlink_ms,5.8875,25100000
owd_uplink_ms,3.2614,25100000
owd_downlink_ms,0,25100000
prediction_position_error_mm,0.8195875561796129,25100000
prediction_orientation_error_deg,0,25100000
owd_uplink_ms,4.4837,25200000
owd_downlink_ms,0,25200000
prediction_position_error_mm,0.6545121432282031,25200000
prediction_orientation_error_deg,0,25200000
owd_uplink_ms,5.7478,25300000
owd_downlink_ms,0,25300000
prediction_position_error_mm,0.689782842528075,25300000
prediction_orientation_error_deg,0,25300000
owd_uplink_ms,3.289,25400000
owd_downlink_ms,0,25400000
correction_magnitude_mm,5.461081396788359,25400000
correction_magnitude_deg,0,25400000
prediction_position_error_mm,3.822739003226161,25400000
prediction_orientation_error_deg,0,25400000
owd_uplink_ms,0,25500000
owd_downlink_ms,2.8471,25500000
prediction_position_error_mm,0.8324173395521939,25500000
prediction_orientation_error_deg,0,25500000
owd_uplink_ms,4.776,25600000
owd_downlink_ms,0,25600000
prediction_position_error_mm,0.6231539882719517,25600000
prediction_orientation_error_deg,0,25600000
owd_uplink_ms,0.3206,25700000
owd_downlink_ms,0,25700000
prediction_position_error_mm,0.6089739035815,25700000
prediction_orientation_error_deg,0,25700000
prediction_position_error_mm,0.9723699185997248,25800000
prediction_orientation_error_deg,0,25800000
owd_uplink_ms,5.3852,25900000
owd_downlink_ms,5.179,25900000
prediction_position_error_mm,1.0902505600824952,25900000
prediction_orientation_error_deg,0,25900000
owd_uplink_ms,1.2743,26000000
owd_downlink_ms,1.3851,26000000
prediction_position_error_mm,1.185305300168693,26000000
prediction_orientation_error_deg,0,26000000
owd_uplink_ms,2.2496,26100000
owd_downlink_ms,4.4389,26100000
owd_uplink_ms,0.9391,26100000
owd_downlink_ms,0,26100000
correction_magnitude_mm,5.864515900611877,26100000
correction_magnitude_deg,0,26100000
owd_uplink_ms,0,26100000
owd_downlink_ms,0,26100000
prediction_position_error_mm,4.10515908151865,26100000
prediction_orientation_error_deg,0,26100000
prediction_position_error_mm,0.6907485076226294,26200000
prediction_orientation_error_deg,0,26200000
prediction_position_error_mm,4.699104465544224,26300000
prediction_orientation_error_deg,0,26300000
owd_uplink_ms,0,26400000
owd_downlink_ms,0.9018,26400000
owd_uplink_ms,5.1489,26400000
owd_downlink_ms,0.9998,26400000
prediction_position_error_mm,3.556743497028947,26400000
prediction_orientation_error_deg,0,26400000
owd_uplink_ms,0,26500000
owd_downlink_ms,2.3157,26500000
prediction_position_error_mm,2.6793230790644884,26500000
prediction_orientation_error_deg,0,26500000
owd_uplink_ms,0,26600000
owd_downlink_ms,1.3105,26600000
prediction_position_error_mm,2.976935589686036,26600000
prediction_orientation_error_deg,0,26600000
prediction_position_error_mm,2.918986137956381,26700000
prediction_orientation_error_deg,0,26700000
owd_uplink_ms,3.1678,26800000
owd_downlink_ms,0.8924,26800000
prediction_position_error_mm,3.153327852487564,26800000
prediction_orientation_error_deg,0,26800000
owd_uplink_ms,0.3542,26900000
owd_downlink_ms,5.314,26900000
owd_uplink_ms,0,26900000
owd_downlink_ms,5.8698,26900000
prediction_position_error_mm,2.3562340065836906,26900000
prediction_orientation_error_deg,0,26900000
owd_uplink_ms,0,27000000
owd_downlink_ms,5.5377,27000000
owd_uplink_ms,0,27000000
owd_downlink_ms,0,27000000
prediction_position_error_mm,1.2310970341786742,27000000
prediction_orientation_error_deg,0,27000000
prediction_position_error_mm,3.797944402322173,27100000
prediction_orientation_error_deg,0,27100000
prediction_position_error_mm,3.797314129769802,27200000
prediction_orientation_error_deg,0,27200000
owd_uplink_ms,3.5721,27300000
owd_downlink_ms,3.8139,27300000
prediction_position_error_mm,2.5951608549803495,27300000
prediction_orientation_error_deg,0,27300000
owd_uplink_ms,3.971,27400000
owd_downlink_ms,4.8871,27400000
owd_uplink_ms,0,27400000
owd_downlink_ms,0,27400000
prediction_position_error_mm,2.444144105538726,27400000
prediction_orientation_error_deg,0,27400000
owd_uplink_ms,2.6045,27500000
owd_downlink_ms,0.4675,27500000
prediction_position_error_mm,2.6005860418081284,27500000
prediction_orientation_error_deg,0,27500000
owd_uplink_ms,0,27600000
owd_downlink_ms,3.1931,27600000
prediction_position_error_mm,3.22661898098886,27600000
prediction_orientation_error_deg,0,27600000
prediction_position_error_mm,3.190661082044244,27700000
prediction_orientation_error_deg,0,27700000
owd_uplink_ms,5.2294,27800000
owd_downlink_ms,2.5982,27800000
prediction_position_error_mm,3.0751994345337152,27800000
prediction_orientation_error_deg,0,27800000
owd_uplink_ms,0,27900000
owd_downlink_ms,1.425,27900000
owd_uplink_ms,3.1713,27900000
owd_downlink_ms,3.5406,27900000
prediction_position_error_mm,2.952398033812642,27900000
prediction_orientation_error_deg,0,27900000
owd_uplink_ms,2.6687,28000000
owd_downlink_ms,0,28000000
prediction_position_error_mm,1.6723597655072808,28000000
prediction_orientation_error_deg,0,28000000
owd_uplink_ms,0,28100000
owd_downlink_ms,2.0785,28100000
prediction_position_error_mm,1.7929056193679571,28100000
prediction_orientation_error_deg,0,28100000
owd_uplink_ms,0,28200000
owd_downlink_ms,5.8399,28200000
prediction_position_error_mm,3.9715063758194447,28200000
prediction_orientation_error_deg,0,28200000
owd_uplink_ms,0,28300000
owd_downlink_ms,0,28300000
prediction_position_error_mm,1.0313265956938267,28300000
prediction_orientation_error_deg,0,28300000
owd_uplink_ms,0.4439,28400000
owd_downlink_ms,3.8009,28400000
prediction_position_error_mm,1.1603174498304725,28400000
prediction_orientation_error_deg,0,28400000
owd_uplink_ms,0,28500000
owd_downlink_ms,0.5219,28500000
prediction_position_error_mm,4.537109285593033,28500000
prediction_orientation_error_deg,0,28500000
prediction_position_error_mm,1.081838272511959,28600000
prediction_orientation_error_deg,0,28600000
owd_uplink_ms,5.0613,28700000
owd_downlink_ms,0.3051,28700000
owd_uplink_ms,0,28700000
owd_downlink_ms,3.9082,28700000
prediction_position_error_mm,0.9107475052587688,28700000
prediction_orientation_error_deg,0,28700000
owd_uplink_ms,0,28800000
owd_downlink_ms,5.1336,28800000
prediction_position_error_mm,4.825977608561516,28800000
prediction_orientation_error_deg,0,28800000
prediction_position_error_mm,4.819507710635662,28900000
prediction_orientation_error_deg,0,28900000
owd_uplink_ms,1.7784,29000000
owd_downlink_ms,5.3396,29000000
owd_uplink_ms,3.4428,29000000
owd_downlink_ms,0,29000000
prediction_position_error_mm,2.3054934572428465,29000000
prediction_orientation_error_deg,0,29000000
prediction_position_error_mm,3.2465511467307806,29100000
prediction_orientation_error_deg,0,29100000
owd_uplink_ms,0,29200000
owd_downlink_ms,5.1591,29200000
owd_uplink_ms,5.1605,29200000
owd_downlink_ms,5.6833,29200000
prediction_position_error_mm,2.4427033495157957,29200000
prediction_orientation_error_deg,0,29200000
owd_uplink_ms,0,29300000
owd_downlink_ms,3.3067,29300000
prediction_position_error_mm,3.525173757225275,29300000
prediction_orientation_error_deg,0,29300000
prediction_position_error_mm,3.469933522865176,29400000
prediction_orientation_error_deg,0,29400000
owd_uplink_ms,1.4983,29500000
owd_downlink_ms,2.8618,29500000
prediction_position_error_mm,3.0576568096876144,29500000
prediction_orientation_error_deg,0,29500000
owd_uplink_ms,1.7367,29600000
owd_downlink_ms,1.2054,29600000
owd_uplink_ms,0,29600000
owd_downlink_ms,3.2784,29600000
prediction_position_error_mm,3.1317786779254675,29600000
prediction_orientation_error_deg,0,29600000
owd_uplink_ms,2.3894,29700000
owd_downlink_ms,0,29700000
prediction_position_error_mm,2.1672153379768133,29700000
prediction_orientation_error_deg,0,29700000
prediction_position_error_mm,2.089994726702571,29800000
prediction_orientation_error_deg,0,29800000
owd_uplink_ms,2.0823,29900000
owd_downlink_ms,2.6137,29900000
prediction_position_error_mm,1.3373526744544506,29900000
prediction_orientation_error_deg,0,29900000
owd_uplink_ms,5.1049,30000000
owd_downlink_ms,4.46,30000000
prediction_position_error_mm,0.8065082947723567,30000000
prediction_orientation_error_deg,0,30000000
owd_uplink_ms,4.0985,30100000
owd_downlink_ms,5.2059,30100000
prediction_position_error_mm,0.5035369540564716,30100000
prediction_orientation_error_deg,0,30100000
owd_uplink_ms,1.904,30200000
owd_downlink_ms,0.6287,30200000
owd_uplink_ms,2.1199,30200000
owd_downlink_ms,0,30200000
prediction_position_error_mm,0.3146307135466486,30200000
prediction_orientation_error_deg,0,30200000
owd_uplink_ms,1.1473,30300000
owd_downlink_ms,0,30300000
prediction_position_error_mm,0.37223706021904945,30300000
prediction_orientation_error_deg,0,30300000
prediction_position_error_mm,0.6238929345272481,30400000
prediction_orientation_error_deg,0,30400000
owd_uplink_ms,1.4041,30500000
owd_downlink_ms,5.8501,30500000
prediction_position_error_mm,0.6890264339745045,30500000
prediction_orientation_error_deg,0,30500000
owd_uplink_ms,2.0216,30600000
owd_downlink_ms,1.4719,30600000
owd_uplink_ms,3.9545,30600000
owd_downlink_ms,0,30600000
correction_magnitude_mm,5.933360196650028,30600000
correction_magnitude_deg,0,30600000
prediction_position_error_mm,4.1533526964485645,30600000
prediction_orientation_error_deg,0,30600000
owd_uplink_ms,0,30700000
owd_downlink_ms,2.5877,30700000
prediction_position_error_mm,1.1370707070454955,30700000
prediction_orientation_error_deg,0,30700000
prediction_position_error_mm,1.1217693099752069,30800000
prediction_orientation_error_deg,0,30800000
owd_uplink_ms,0.3237,30900000
owd_downlink_ms,2.0522,30900000
prediction_position_error_mm,0.7704701856710017,30900000
prediction_orientation_error_deg,0,30900000
owd_uplink_ms,1.0088,31000000
owd_downlink_ms,1.1127,31000000
prediction_position_error_mm,0.5315609159879386,31000000
prediction_orientation_error_deg,0,31000000
owd_uplink_ms,0.728,31100000
owd_downlink_ms,5.58,31100000
prediction_position_error_mm,5.145133938640356,31100000
prediction_orientation_error_deg,0,31100000
owd_uplink_ms,0,31200000
owd_downlink_ms,2.0923,31200000
correction_magnitude_mm,5.145133938640356,31100000
correction_magnitude_deg,0,31100000
owd_uplink_ms,5.5957,31200000
owd_downlink_ms,4.3406,31200000
prediction_position_error_mm,1.783260377123952,31200000
prediction_orientation_error_deg,0,31200000
prediction_position_error_mm,1.8580476753413677,31300000
prediction_orientation_error_deg,0,31300000
owd_uplink_ms,5.2826,31400000
owd_downlink_ms,3.3523,31400000
prediction_position_error_mm,1.3560840161517262,31400000
prediction_orientation_error_deg,0,31400000
owd_uplink_ms,3.4555,31500000
owd_downlink_ms,2.4214,31500000
prediction_position_error_mm,0.9761925903148949,31500000
prediction_orientation_error_deg,0,31500000
owd_uplink_ms,0.4581,31600000
owd_downlink_ms,1.9761,31600000
owd_uplink_ms,4.3112,31600000
owd_downlink_ms,0,31600000
prediction_position_error_mm,3.293493064120412,31600000
prediction_orientation_error_deg,0,31600000
owd_uplink_ms,0.2394,31700000
owd_downlink_ms,2.1547,31700000
prediction_position_error_mm,6.910192314535379,31700000
prediction_orientation_error_deg,0,31700000
prediction_position_error_mm,10.978489182889462,31800000
prediction_orientation_error_deg,0,31800000
owd_uplink_ms,0.3205,31900000
owd_downlink_ms,5.3952,31900000
correction_magnitude_mm,11.202190071344376,31802394
correction_magnitude_deg,0,31802394
owd_uplink_ms,0.1915,31900000
owd_downlink_ms,-0.1915,31900000
correction_magnitude_mm,6.438977550715208,31901915
correction_magnitude_deg,0,31901915
prediction_position_error_mm,4.335394594818354,31900000
prediction_orientation_error_deg,0,31900000
owd_uplink_ms,3.9694,32000000
owd_downlink_ms,3.8373,32000000
owd_uplink_ms,0.1532,32000000
owd_downlink_ms,-0.1532,32000000
correction_magnitude_mm,8.193493820726871,32001532
correction_magnitude_deg,0,32001532
prediction_position_error_mm,5.601695738732815,32000000
prediction_orientation_error_deg,0,32000000
prediction_position_error_mm,14.335669577121735,32100000
prediction_orientation_error_deg,0,32100000
owd_uplink_ms,4.0921,32200000
owd_downlink_ms,-0.1532,32200000
correction_magnitude_mm,17.948051914572716,32201532
correction_magnitude_deg,0,32201532
prediction_position_error_mm,12.43393775075674,32200000
prediction_orientation_error_deg,0,32200000
owd_uplink_ms,3.1286,32300000
owd_downlink_ms,-0.1532,32300000
correction_magnitude_mm,15.778396278619766,32301532
correction_magnitude_deg,0,32301532
prediction_position_error_mm,10.922450572252274,32300000
prediction_orientation_error_deg,0,32300000
owd_uplink_ms,0.7423,32400000
owd_downlink_ms,-0.1532,32400000
correction_magnitude_mm,8.555331267416477,32401532
correction_magnitude_deg,0,32401532
prediction_position_error_mm,5.870291497558355,32400000
prediction_orientation_error_deg,0,32400000
owd_uplink_ms,0.1532,32500000
owd_downlink_ms,4.0067,32500000
prediction_position_error_mm,13.604666106402874,32500000
prediction_orientation_error_deg,0,32500000
owd_uplink_ms,1.8225,32600000
owd_downlink_ms,-0.1532,32600000
correction_magnitude_mm,11.003289371728897,32601532
correction_magnitude_deg,0,32601532
owd_uplink_ms,0.1225,32600000
owd_downlink_ms,-0.1225,32600000
prediction_position_error_mm,7.586349733173847,32600000
prediction_orientation_error_deg,0,32600000
owd_uplink_ms,0.098,32700000
owd_downlink_ms,-0.098,32700000
correction_magnitude_mm,10.014479979872704,32700980
correction_magnitude_deg,0,32700980
prediction_position_error_mm,6.93891104310751,32700000
prediction_orientation_error_deg,0,32700000
prediction_position_error_mm,14.207747764885426,32800000
prediction_orientation_error_deg,0,32800000
owd_uplink_ms,0.0784,32900000
owd_downlink_ms,-0.0784,32900000
correction_magnitude_mm,11.125700548291206,32900784
correction_magnitude_deg,0,32900784
prediction_position_error_mm,7.7323089353740215,32900000
prediction_orientation_error_deg,0,32900000
owd_uplink_ms,5.0742,33000000
owd_downlink_ms,1.7522,33000000
owd_uplink_ms,0.0627,33000000
owd_downlink_ms,-0.0627,33000000
correction_magnitude_mm,9.688728488981724,33000627
correction_magnitude_deg,0,33000627
prediction_position_error_mm,6.739410571753979,33000000
prediction_orientation_error_deg,0,33000000
prediction_position_error_mm,13.550948351621628,33100000
prediction_orientation_error_deg,0,33100000
prediction_position_error_mm,15.18200896680355,33200000
prediction_orientation_error_deg,0,33200000
owd_uplink_ms,5.4091,33300000
owd_downlink_ms,0.247,33300000
correction_magnitude_mm,15.224709175527096,33200627
correction_magnitude_deg,0,33200627
prediction_position_error_mm,12.02921848744154,33300000
prediction_orientation_error_deg,0,33300000
owd_uplink_ms,5.1329,33400000
owd_downlink_ms,0.1215,33400000
correction_magnitude_mm,12.07051146775484,33300627
correction_magnitude_deg,0,33300627
owd_uplink_ms,4.6196,33400000
owd_downlink_ms,-0.0627,33400000
prediction_position_error_mm,3.01674148067832,33400000
prediction_orientation_error_deg,0,33400000
owd_uplink_ms,0.0627,33500000
owd_downlink_ms,0.9822,33500000
prediction_position_error_mm,3.9721434004604816,33500000
prediction_orientation_error_deg,0,33500000
owd_uplink_ms,0.0627,33600000
owd_downlink_ms,1.4211,33600000
owd_uplink_ms,0.0501,33600000
owd_downlink_ms,-0.0501,33600000
prediction_position_error_mm,2.5240203831344843,33600000
prediction_orientation_error_deg,0,33600000
owd_uplink_ms,0.04,33700000
owd_downlink_ms,-0.04,33700000
prediction_position_error_mm,2.2864623460918665,33700000
prediction_orientation_error_deg,0,33700000
prediction_position_error_mm,2.953187795355916,33800000
prediction_orientation_error_deg,0,33800000
owd_uplink_ms,0.04,33900000
owd_downlink_ms,3.8385,33900000
prediction_position_error_mm,2.652664203196764,33900000
prediction_orientation_error_deg,0,33900000
owd_uplink_ms,0.04,34000000
owd_downlink_ms,3.046,34000000
prediction_position_error_mm,7.439988199621439,34000000
prediction_orientation_error_deg,0,34000000
prediction_position_error_mm,7.96488206833601,34100000
prediction_orientation_error_deg,0,34100000
owd_uplink_ms,1.7884,34200000
owd_downlink_ms,3.5772,34200000
correction_magnitude_mm,7.9872338101267815,34100400
correction_magnitude_deg,0,34100400
owd_uplink_ms,0.4033,34200000
owd_downlink_ms,-0.04,34200000
correction_magnitude_mm,6.0115777887403965,34200400
correction_magnitude_deg,0,34200400
prediction_position_error_mm,4.186948295682669,34200000
prediction_orientation_error_deg,0,34200000
prediction_position_error_mm,4.443332087248564,34300000
prediction_orientation_error_deg,0,34300000
owd_uplink_ms,5.6429,34400000
owd_downlink_ms,2.7087,34400000
owd_uplink_ms,4.532,34400000
owd_downlink_ms,-0.04,34400000
prediction_position_error_mm,1.2608601246029139,34400000
prediction_orientation_error_deg,0,34400000
owd_uplink_ms,0.04,34500000
owd_downlink_ms,0.1375,34500000
owd_uplink_ms,0.032,34500000
owd_downlink_ms,-0.032,34500000
prediction_position_error_mm,0.7457488682121038,34500000
prediction_orientation_error_deg,0,34500000
owd_uplink_ms,0.0256,34600000
owd_downlink_ms,-0.0256,34600000
prediction_position_error_mm,0.36761266528628767,34600000
prediction_orientation_error_deg,0,34600000
prediction_position_error_mm,4.936133977025747,34700000
prediction_orientation_error_deg,0,34700000
owd_uplink_ms,0.0204,34800000
owd_downlink_ms,-0.0204,34800000
prediction_position_error_mm,0.30236595193855464,34800000
prediction_orientation_error_deg,0,34800000
owd_uplink_ms,2.927,34900000
owd_downlink_ms,2.0569,34900000
prediction_position_error_mm,5.458230618387461,34900000
prediction_orientation_error_deg,0,34900000
prediction_position_error_mm,0.9642880177125335,35000000
prediction_orientation_error_deg,0,35000000
owd_uplink_ms,2.7957,35100000
owd_downlink_ms,1.8655,35100000
owd_uplink_ms,0.0204,35100000
owd_downlink_ms,2.5927,35100000
prediction_position_error_mm,5.859691184014082,35100000
prediction_orientation_error_deg,0,35100000
owd_uplink_ms,0.7052,35200000
owd_downlink_ms,-0.0204,35200000
prediction_position_error_mm,0.990639440715313,35200000
prediction_orientation_error_deg,0,35200000
owd_uplink_ms,0.0204,35300000
owd_downlink_ms,2.3746,35300000
prediction_position_error_mm,6.166060455143452,35300000
prediction_orientation_error_deg,0,35300000
prediction_position_error_mm,1.7846296541392803,35400000
prediction_orientation_error_deg,0,35400000
owd_uplink_ms,0.0204,35500000
owd_downlink_ms,3.2743,35500000
owd_uplink_ms,2.3549,35500000
owd_downlink_ms,4.0829,35500000
prediction_position_error_mm,6.3980333507061005,35500000
prediction_orientation_error_deg,0,35500000
owd_uplink_ms,1.8587,35600000
owd_downlink_ms,-0.0204,35600000
owd_uplink_ms,0.0163,35600000
owd_downlink_ms,-0.0163,35600000
prediction_position_error_mm,1.4502489939332008,35600000
prediction_orientation_error_deg,0,35600000
prediction_position_error_mm,1.8683915259316564,35700000
prediction_orientation_error_deg,0,35700000
owd_uplink_ms,0.0163,35800000
owd_downlink_ms,0.0945,35800000
prediction_position_error_mm,1.6908150864765048,35800000
prediction_orientation_error_deg,0,35800000
owd_uplink_ms,0.0163,35900000
owd_downlink_ms,3.1125,35900000
prediction_position_error_mm,1.539478893391788,35900000
prediction_orientation_error_deg,0,35900000
owd_uplink_ms,0.0163,36000000
owd_downlink_ms,1.1653,36000000
prediction_position_error_mm,6.058833096176386,36000000
prediction_orientation_error_deg,0,36000000
owd_uplink_ms,4.4562,36100000
owd_downlink_ms,-0.0163,36100000
correction_magnitude_mm,6.397897377610207,36100163
correction_magnitude_deg,0,36100163
prediction_position_error_mm,4.470525775104761,36100000
prediction_orientation_error_deg,0,36100000
owd_uplink_ms,3.3363,36200000
owd_downlink_ms,-0.0163,36200000
prediction_position_error_mm,3.3092459198087454,36200000
prediction_orientation_error_deg,0,36200000
prediction_position_error_mm,3.4529543481767178,36300000
prediction_orientation_error_deg,0,36300000
owd_uplink_ms,1.1708,36400000
owd_downlink_ms,1.4725,36400000
owd_uplink_ms,1.5626,36400000
owd_downlink_ms,-0.0163,36400000
owd_uplink_ms,0.013,36400000
owd_downlink_ms,-0.013,36400000
prediction_position_error_mm,1.5067404601722956,36400000
prediction_orientation_error_deg,0,36400000
prediction_position_error_mm,3.256174037232995,36500000
prediction_orientation_error_deg,0,36500000
prediction_position_error_mm,1.1772305006161332,36600000
prediction_orientation_error_deg,0,36600000
owd_uplink_ms,3.0994,36700000
owd_downlink_ms,1.8377,36700000
owd_uplink_ms,0.013,36700000
owd_downlink_ms,5.6551,36700000
prediction_position_error_mm,0.637143268249929,36700000
prediction_orientation_error_deg,0,36700000
owd_uplink_ms,0.013,36800000
owd_downlink_ms,4.0732,36800000
prediction_position_error_mm,4.394650459289551,36800000
prediction_orientation_error_deg,0,36800000
owd_uplink_ms,4.8258,36900000
owd_downlink_ms,-0.013,36900000
prediction_position_error_mm,0.309456285322085,36900000
prediction_orientation_error_deg,0,36900000
owd_uplink_ms,0.013,37000000
owd_downlink_ms,0.678,37000000
owd_uplink_ms,0.0104,37000000
owd_downlink_ms,-0.0104,37000000
prediction_position_error_mm,0.41901477379724383,37000000
prediction_orientation_error_deg,0,37000000
owd_uplink_ms,0.0083,37100000
owd_downlink_ms,-0.0083,37100000
prediction_position_error_mm,0.5319560295902193,37100000
prediction_orientation_error_deg,0,37100000
prediction_position_error_mm,5.216430872678757,37200000
prediction_orientation_error_deg,0,37200000
prediction_position_error_mm,5.579221993684769,37300000
prediction_orientation_error_deg,0,37300000
owd_uplink_ms,2.0422,37400000
owd_downlink_ms,2.1824,37400000
correction_magnitude_mm,5.583133548498154,37300083
correction_magnitude_deg,0,37300083
owd_uplink_ms,0.0066,37400000
owd_downlink_ms,-0.0066,37400000
prediction_position_error_mm,0.2479278191458434,37400000
prediction_orientation_error_deg,0,37400000
owd_uplink_ms,5.2598,37500000
owd_downlink_ms,4.3749,37500000
prediction_position_error_mm,0.42368529830127954,37500000
prediction_orientation_error_deg,0,37500000
owd_uplink_ms,0.0066,37600000
owd_downlink_ms,4.7224,37600000
prediction_position_error_mm,0.6563354982063174,37600000
prediction_orientation_error_deg,0,37600000
owd_uplink_ms,0.0066,37700000
owd_downlink_ms,5.0978,37700000
prediction_position_error_mm,5.037819035351276,37700000
prediction_orientation_error_deg,0,37700000
owd_uplink_ms,5.8106,37800000
owd_downlink_ms,-0.0066,37800000
correction_magnitude_mm,5.445815157145262,37800066
correction_magnitude_deg,0,37800066
prediction_position_error_mm,3.809082554653287,37800000
prediction_orientation_error_deg,0,37800000
prediction_position_error_mm,0.3107523370999843,37900000
prediction_orientation_error_deg,0,37900000
owd_uplink_ms,2.7926,38000000
owd_downlink_ms,1.0457,38000000
owd_uplink_ms,0.0066,38000000
owd_downlink_ms,2.5252,38000000
prediction_position_error_mm,4.543634131550789,38000000
prediction_orientation_error_deg,0,38000000
prediction_position_error_mm,0.9335056529380381,38100000
prediction_orientation_error_deg,0,38100000
owd_uplink_ms,0.0066,38200000
owd_downlink_ms,3.3758,38200000
owd_uplink_ms,1.3663,38200000
owd_downlink_ms,4.9823,38200000
prediction_position_error_mm,5.134557373821735,38200000
prediction_orientation_error_deg,0,38200000
prediction_position_error_mm,1.6211813781410456,38300000
prediction_orientation_error_deg,0,38300000
owd_uplink_ms,0.0066,38400000
owd_downlink_ms,0.0902,38400000
owd_uplink_ms,2.2415,38400000
owd_downlink_ms,1.8908,38400000
prediction_position_error_mm,5.607672035694122,38400000
prediction_orientation_error_deg,0,38400000
owd_uplink_ms,1.484,38500000
owd_downlink_ms,-0.0066,38500000
owd_uplink_ms,0.0052,38500000
owd_downlink_ms,-0.0052,38500000
prediction_position_error_mm,1.5381867997348309,38500000
prediction_orientation_error_deg,0,38500000
prediction_position_error_mm,5.984335206449032,38600000
prediction_orientation_error_deg,0,38600000
owd_uplink_ms,0.2251,38700000
owd_downlink_ms,-0.0052,38700000
correction_magnitude_mm,6.537353154271841,38700052
correction_magnitude_deg,0,38700052
prediction_position_error_mm,4.573867190629244,38700000
prediction_orientation_error_deg,0,38700000
owd_uplink_ms,0.6507,38800000
owd_downlink_ms,-0.0052,38800000
correction_magnitude_mm,5.064188037067652,38800052
correction_magnitude_deg,0,38800052
prediction_position_error_mm,3.54277272708714,38800000
prediction_orientation_error_deg,0,38800000
prediction_position_error_mm,0.4055117897223681,38900000
prediction_orientation_error_deg,0,38900000
owd_uplink_ms,0.0052,39000000
owd_downlink_ms,2.9367,39000000
owd_uplink_ms,0.2671,39000000
owd_downlink_ms,5.3464,39000000
prediction_position_error_mm,4.283823538571596,39000000
prediction_orientation_error_deg,0,39000000
prediction_position_error_mm,4.723884630948305,39100000
prediction_orientation_error_deg,0,39100000
owd_uplink_ms,3.7697,39200000
owd_downlink_ms,3.6389,39200000
owd_uplink_ms,5.6844,39200000
owd_downlink_ms,-0.0052,39200000
owd_uplink_ms,0.0041,39200000
owd_downlink_ms,-0.0041,39200000
prediction_position_error_mm,0.274064892437309,39200000
prediction_orientation_error_deg,0,39200000
prediction_position_error_mm,4.147198982536793,39300000
prediction_orientation_error_deg,0,39300000
owd_uplink_ms,3.6667,39400000
owd_downlink_ms,-0.0041,39400000
prediction_position_error_mm,0.7454883889295161,39400000
prediction_orientation_error_deg,0,39400000
owd_uplink_ms,0.0041,39500000
owd_downlink_ms,3.6438,39500000
prediction_position_error_mm,4.82509471476078,39500000
prediction_orientation_error_deg,0,39500000
owd_uplink_ms,0.0032,39600000
owd_downlink_ms,-0.0032,39600000
prediction_position_error_mm,1.293670036830008,39600000
prediction_orientation_error_deg,0,39600000
owd_uplink_ms,3.8505,39700000
owd_downlink_ms,5.1045,39700000
prediction_position_error_mm,5.368137266486883,39700000
prediction_orientation_error_deg,0,39700000
prediction_position_error_mm,5.956612061709166,39800000
prediction_orientation_error_deg,0,39800000
owd_uplink_ms,4.3237,39900000
owd_downlink_ms,0.538,39900000
correction_magnitude_mm,5.9579238295555115,39800032
correction_magnitude_deg,0,39800032
prediction_position_error_mm,4.707612097263336,39900000
prediction_orientation_error_deg,0,39900000
owd_uplink_ms,1.7217,40000000
owd_downlink_ms,2.0609,40000000
prediction_position_error_mm,0.5113913211971521,40000000
prediction_orientation_error_deg,0,40000000
owd_uplink_ms,4.5127,40100000
owd_downlink_ms,0.3313,40100000
owd_uplink_ms,0.0032,40100000
owd_downlink_ms,1.0278,40100000
prediction_position_error_mm,4.093403462320566,40100000
prediction_orientation_error_deg,0,40100000
owd_uplink_ms,0.0025,40200000
owd_downlink_ms,-0.0025,40200000
prediction_position_error_mm,0.9329530876129866,40200000
prediction_orientation_error_deg,0,40200000
owd_uplink_ms,2.9582,40300000
owd_downlink_ms,0.5229,40300000
prediction_position_error_mm,4.737921990454197,40300000
prediction_orientation_error_deg,0,40300000
prediction_position_error_mm,5.304505117237568,40400000
prediction_orientation_error_deg,0,40400000
owd_uplink_ms,0.6248,40500000
owd_downlink_ms,0.7654,40500000
correction_magnitude_mm,5.305486731231213,40400025
correction_magnitude_deg,0,40400025
owd_uplink_ms,0.0188,40500000
owd_downlink_ms,-0.0025,40500000
prediction_position_error_mm,2.9685101471841335,40500000
prediction_orientation_error_deg,0,40500000
owd_uplink_ms,3.689,40600000
owd_downlink_ms,-0.0025,40600000
prediction_position_error_mm,2.387399785220623,40600000
prediction_orientation_error_deg,0,40600000
owd_uplink_ms,0.002,40700000
owd_downlink_ms,-0.002,40700000
prediction_position_error_mm,0.3603390359785408,40700000
prediction_orientation_error_deg,0,40700000
owd_uplink_ms,3.756,40800000
owd_downlink_ms,2.7575,40800000
prediction_position_error_mm,0.38513762410730124,40800000
prediction_orientation_error_deg,0,40800000
owd_uplink_ms,0.002,40900000
owd_downlink_ms,4.2167,40900000
prediction_position_error_mm,3.698047949001193,40900000
prediction_orientation_error_deg,0,40900000
prediction_position_error_mm,1.256953808479011,41000000
prediction_orientation_error_deg,0,41000000
owd_uplink_ms,1.3653,41100000
owd_downlink_ms,2.3856,41100000
owd_uplink_ms,0.002,41100000
owd_downlink_ms,2.4428,41100000
prediction_position_error_mm,1.4525471488013864,41100000
prediction_orientation_error_deg,0,41100000
owd_uplink_ms,0.002,41200000
owd_downlink_ms,5.9966,41200000
prediction_position_error_mm,4.47777658700943,41200000
prediction_orientation_error_deg,0,41200000
prediction_position_error_mm,5.0545427948236465,41300000
prediction_orientation_error_deg,0,41300000
owd_uplink_ms,3.7021,41400000
owd_downlink_ms,2.988,41400000
correction_magnitude_mm,5.055251065641642,41300020
correction_magnitude_deg,0,41300020
prediction_position_error_mm,4.082700703293085,41400000
prediction_orientation_error_deg,0,41400000
owd_uplink_ms,0.2802,41500000
owd_downlink_ms,5.1854,41500000
prediction_position_error_mm,3.3239764161407948,41500000
prediction_orientation_error_deg,0,41500000
owd_uplink_ms,0.5997,41600000
owd_downlink_ms,5.1227,41600000
prediction_position_error_mm,2.737534698098898,41600000
prediction_orientation_error_deg,0,41600000
owd_uplink_ms,1.2428,41700000
owd_downlink_ms,0.2632,41700000
prediction_position_error_mm,2.289536874741316,41700000
prediction_orientation_error_deg,0,41700000
owd_uplink_ms,0.9462,41800000
owd_downlink_ms,5.2491,41800000
owd_uplink_ms,0.0016,41800000
owd_downlink_ms,-0.0016,41800000
prediction_position_error_mm,0.5369191057980061,41800000
prediction_orientation_error_deg,0,41800000
owd_uplink_ms,4.8959,41900000
owd_downlink_ms,0.5561,41900000
prediction_position_error_mm,0.27472537476569414,41900000
prediction_orientation_error_deg,0,41900000
owd_uplink_ms,0.0016,42000000
owd_downlink_ms,2.1011,42000000
prediction_position_error_mm,3.033379325643182,42000000
prediction_orientation_error_deg,0,42000000
owd_uplink_ms,4.307,42100000
owd_downlink_ms,-0.0016,42100000
prediction_position_error_mm,0.748119258787483,42100000
prediction_orientation_error_deg,0,42100000
owd_uplink_ms,0.0016,42200000
owd_downlink_ms,0.4069,42200000
prediction_position_error_mm,3.7605499383062124,42200000
prediction_orientation_error_deg,0,42200000
owd_uplink_ms,2.8534,42300000
owd_downlink_ms,-0.0016,42300000
prediction_position_error_mm,1.3637341326102614,42300000
prediction_orientation_error_deg,0,42300000
owd_uplink_ms,0.0016,42400000
owd_downlink_ms,0.092,42400000
prediction_position_error_mm,4.358011297881603,42400000
prediction_orientation_error_deg,0,42400000
owd_uplink_ms,2.8789,42500000
owd_downlink_ms,-0.0016,42500000
correction_magnitude_mm,5.001905839890242,42500016
correction_magnitude_deg,0,42500016
prediction_position_error_mm,3.5008506383746862,42500000
prediction_orientation_error_deg,0,42500000
prediction_position_error_mm,4.116104915738106,42600000
prediction_orientation_error_deg,0,42600000
owd_uplink_ms,4.9419,42700000
owd_downlink_ms,4.3261,42700000
prediction_position_error_mm,3.4198970533907413,42700000
prediction_orientation_error_deg,0,42700000
owd_uplink_ms,4.9266,42800000
owd_downlink_ms,1.4733,42800000
owd_uplink_ms,0.067,42800000
owd_downlink_ms,-0.0016,42800000
prediction_position_error_mm,2.0139464177191257,42800000
prediction_orientation_error_deg,0,42800000
owd_uplink_ms,5.4774,42900000
owd_downlink_ms,-0.0016,42900000
prediction_position_error_mm,0.33225168590433896,42900000
prediction_orientation_error_deg,0,42900000
owd_uplink_ms,0.0016,43000000
owd_downlink_ms,5.2499,43000000
prediction_position_error_mm,0.8064820431172848,43000000
prediction_orientation_error_deg,0,43000000
owd_uplink_ms,0.0016,43100000
owd_downlink_ms,0.1386,43100000
owd_uplink_ms,0.0012,43100000
owd_downlink_ms,-0.0012,43100000
prediction_position_error_mm,0.7744516478851438,43100000
prediction_orientation_error_deg,0,43100000
prediction_position_error_mm,1.339937443844974,43200000
prediction_orientation_error_deg,0,43200000
owd_uplink_ms,0.0012,43300000
owd_downlink_ms,1.8966,43300000
prediction_position_error_mm,1.5140476170927286,43300000
prediction_orientation_error_deg,0,43300000
owd_uplink_ms,0.0012,43400000
owd_downlink_ms,1.4425,43400000
owd_uplink_ms,0.0009,43400000
owd_downlink_ms,-0.0009,43400000
prediction_position_error_mm,1.1478605447337031,43400000
prediction_orientation_error_deg,0,43400000
prediction_position_error_mm,3.566829953342676,43500000
prediction_orientation_error_deg,0,43500000
owd_uplink_ms,0.777,43600000
owd_downlink_ms,-0.0009,43600000
prediction_position_error_mm,1.6497463220730424,43600000
prediction_orientation_error_deg,0,43600000
owd_uplink_ms,0.0009,43700000
owd_downlink_ms,0.59,43700000
prediction_position_error_mm,4.0339939296245575,43700000
prediction_orientation_error_deg,0,43700000
prediction_position_error_mm,4.6754637733101845,43800000
prediction_orientation_error_deg,0,43800000
owd_uplink_ms,0.7709,43900000
owd_downlink_ms,0.7375,43900000
owd_uplink_ms,1.2303,43900000
owd_downlink_ms,-0.0009,43900000
prediction_position_error_mm,2.7254207525402308,43900000
prediction_orientation_error_deg,0,43900000
owd_uplink_ms,5.9737,44000000
owd_downlink_ms,-0.0009,44000000
prediction_position_error_mm,1.1923830024898052,44000000
prediction_orientation_error_deg,0,44000000
owd_uplink_ms,0.0009,44100000
owd_downlink_ms,4.4586,44100000
owd_uplink_ms,0.0007,44100000
owd_downlink_ms,-0.0007,44100000
prediction_position_error_mm,1.255217008292675,44100000
prediction_orientation_error_deg,0,44100000
owd_uplink_ms,0.0005,44200000
owd_downlink_ms,-0.0005,44200000
prediction_position_error_mm,1.2972316471859813,44200000
prediction_orientation_error_deg,0,44200000
prediction_position_error_mm,1.8900827271863818,44300000
prediction_orientation_error_deg,0,44300000
owd_uplink_ms,0.0005,44400000
owd_downlink_ms,4.4291,44400000
prediction_position_error_mm,3.304548328742385,44400000
prediction_orientation_error_deg,0,44400000
owd_uplink_ms,0.0004,44500000
owd_downlink_ms,-0.0004,44500000
prediction_position_error_mm,1.7825477989390492,44500000
prediction_orientation_error_deg,0,44500000
owd_uplink_ms,3.7101,44600000
owd_downlink_ms,5.9436,44600000
prediction_position_error_mm,3.7266118451952934,44600000
prediction_orientation_error_deg,0,44600000
prediction_position_error_mm,3.1314038205891848,44700000
prediction_orientation_error_deg,0,44700000
owd_uplink_ms,4.1597,44800000
owd_downlink_ms,0.7913,44800000
owd_uplink_ms,0.0004,44800000
owd_downlink_ms,3.1886,44800000
prediction_position_error_mm,2.895339159294963,44800000
prediction_orientation_error_deg,0,44800000
owd_uplink_ms,0.0004,44900000
owd_downlink_ms,2.5642,44900000
prediction_position_error_mm,2.6939210947602987,44900000
prediction_orientation_error_deg,0,44900000
owd_uplink_ms,0.0004,45000000
owd_downlink_ms,2.1374,45000000
prediction_position_error_mm,3.617930458858609,45000000
prediction_orientation_error_deg,0,45000000
owd_uplink_ms,0.2848,45100000
owd_downlink_ms,-0.0004,45100000
prediction_position_error_mm,2.9773120768368244,45100000
prediction_orientation_error_deg,0,45100000
prediction_position_error_mm,3.600281197577715,45200000
prediction_orientation_error_deg,0,45200000
owd_uplink_ms,4.3651,45300000
owd_downlink_ms,2.8928,45300000
owd_uplink_ms,2.6354,45300000
owd_downlink_ms,-0.0004,45300000
prediction_position_error_mm,1.5134781133383512,45300000
prediction_orientation_error_deg,0,45300000
owd_uplink_ms,0.0004,45400000
owd_downlink_ms,4.4889,45400000
prediction_position_error_mm,2.1178023889660835,45400000
prediction_orientation_error_deg,0,45400000
owd_uplink_ms,0.0004,45500000
owd_downlink_ms,5.8619,45500000
owd_uplink_ms,0.0003,45500000
owd_downlink_ms,-0.0003,45500000
prediction_position_error_mm,1.452536671422422,45500000
prediction_orientation_error_deg,0,45500000
prediction_position_error_mm,2.03463202342391,45600000
prediction_orientation_error_deg,0,45600000
owd_uplink_ms,0.0003,45700000
owd_downlink_ms,5.8587,45700000
prediction_position_error_mm,2.733946545049548,45700000
prediction_orientation_error_deg,0,45700000
prediction_position_error_mm,3.3048479817807674,45800000
prediction_orientation_error_deg,0,45800000
owd_uplink_ms,1.2576,45900000
owd_downlink_ms,1.5151,45900000
prediction_position_error_mm,2.263454720377922,45900000
prediction_orientation_error_deg,0,45900000
owd_uplink_ms,0.0094,46000000
owd_downlink_ms,1.3548,46000000
owd_uplink_ms,0.0003,46000000
owd_downlink_ms,4.8147,46000000
owd_uplink_ms,0.0002,46000000
owd_downlink_ms,-0.0002,46000000
prediction_position_error_mm,1.536066527478397,46000000
prediction_orientation_error_deg,0,46000000
prediction_position_error_mm,2.6615529786795378,46100000
prediction_orientation_error_deg,0,46100000
prediction_position_error_mm,3.2562140841037035,46200000
prediction_orientation_error_deg,0,46200000
owd_uplink_ms,3.3386,46300000
owd_downlink_ms,3.1284,46300000
prediction_position_error_mm,2.8776524122804403,46300000
prediction_orientation_error_deg,0,46300000
owd_uplink_ms,1.6815,46400000
owd_downlink_ms,0.0726,46400000
owd_uplink_ms,5.1571,46400000
owd_downlink_ms,-0.0002,46400000
prediction_position_error_mm,1.8050610087811947,46400000
prediction_orientation_error_deg,0,46400000
prediction_position_error_mm,2.3444080725312233,46500000
prediction_orientation_error_deg,0,46500000
owd_uplink_ms,5.9844,46600000
owd_downlink_ms,4.8403,46600000
prediction_position_error_mm,1.9235138315707445,46600000
prediction_orientation_error_deg,0,46600000
owd_uplink_ms,3.1277,46700000
owd_downlink_ms,2.3564,46700000
owd_uplink_ms,0.0002,46700000
owd_downlink_ms,4.8556,46700000
prediction_position_error_mm,2.110864035785198,46700000
prediction_orientation_error_deg,0,46700000
prediction_position_error_mm,2.52974103204906,46800000
prediction_orientation_error_deg,0,46800000
owd_uplink_ms,0.0002,46900000
owd_downlink_ms,0.6176,46900000
owd_uplink_ms,5.2238,46900000
owd_downlink_ms,2.8051,46900000
prediction_position_error_mm,2.508449135348201,46900000
prediction_orientation_error_deg,0,46900000
prediction_position_error_mm,3.1420299783349037,47000000
prediction_orientation_error_deg,0,47000000
owd_uplink_ms,2.724,47100000
owd_downlink_ms,5.5673,47100000
owd_uplink_ms,0.5397,47100000
owd_downlink_ms,-0.0002,47100000
prediction_position_error_mm,1.9868556410074234,47100000
prediction_orientation_error_deg,0,47100000
owd_uplink_ms,2.3266,47200000
owd_downlink_ms,-0.0002,47200000
owd_uplink_ms,0.0001,47200000
owd_downlink_ms,-0.0001,47200000
prediction_position_error_mm,1.8596568843349814,47200000
prediction_orientation_error_deg,0,47200000
prediction_position_error_mm,2.3823631927371025,47300000
prediction_orientation_error_deg,0,47300000
prediction_position_error_mm,3.013006644323468,47400000
prediction_orientation_error_deg,0,47400000
owd_uplink_ms,5.1837,47500000
owd_downlink_ms,4.4893,47500000
owd_uplink_ms,5.471,47500000
owd_downlink_ms,-0.0001,47500000
prediction_position_error_mm,1.9229041645303369,47500000
prediction_orientation_error_deg,0,47500000
owd_uplink_ms,2.8543,47600000
owd_downlink_ms,-0.0001,47600000
prediction_position_error_mm,1.961925532668829,47600000
prediction_orientation_error_deg,0,47600000
owd_uplink_ms,0.0001,47700000
owd_downlink_ms,2.5265,47700000
prediction_position_error_mm,2.2733283694833517,47700000
prediction_orientation_error_deg,0,47700000
prediction_position_error_mm,2.90094455704093,47800000
prediction_orientation_error_deg,0,47800000
owd_uplink_ms,3.9591,47900000
owd_downlink_ms,0.4171,47900000
owd_uplink_ms,0,47900000
owd_downlink_ms,0,47900000
prediction_position_error_mm,2.1630660630762577,47900000
prediction_orientation_error_deg,0,47900000
owd_uplink_ms,1.6402,48000000
owd_downlink_ms,3.8834,48000000
prediction_position_error_mm,2.3431661538779736,48000000
prediction_orientation_error_deg,0,48000000
prediction_position_error_mm,2.9906192794442177,48100000
prediction_orientation_error_deg,0,48100000
owd_uplink_ms,4.4282,48200000
owd_downlink_ms,0.0778,48200000
prediction_position_error_mm,2.748254919424653,48200000
prediction_orientation_error_deg,0,48200000
owd_uplink_ms,5.9611,48300000
owd_downlink_ms,0.8837,48300000
owd_uplink_ms,5.544,48300000
owd_downlink_ms,0,48300000
owd_uplink_ms,0,48300000
owd_downlink_ms,0,48300000
prediction_position_error_mm,2.225590869784355,48300000
prediction_orientation_error_deg,0,48300000
prediction_position_error_mm,2.183114178478718,48400000
prediction_orientation_error_deg,0,48400000
prediction_position_error_mm,2.81549827195704,48500000
prediction_orientation_error_deg,0,48500000
owd_uplink_ms,0.0465,48600000
owd_downlink_ms,1.6073,48600000
prediction_position_error_mm,2.6130732148885727,48600000
prediction_orientation_error_deg,0,48600000
owd_uplink_ms,4.4562,48700000
owd_downlink_ms,4.0348,48700000
prediction_position_error_mm,3.2822287175804377,48700000
prediction_orientation_error_deg,0,48700000
owd_uplink_ms,2.3548,48800000
owd_downlink_ms,0.5292,48800000
owd_uplink_ms,0,48800000
owd_downlink_ms,4.5464,48800000
prediction_position_error_mm,2.9169043991714716,48800000
prediction_orientation_error_deg,0,48800000
owd_uplink_ms,0,48900000
owd_downlink_ms,0.8638,48900000
prediction_position_error_mm,2.625685650855303,48900000
prediction_orientation_error_deg,0,48900000
owd_uplink_ms,0,49000000
owd_downlink_ms,1.8896,49000000
prediction_position_error_mm,1.4337270986288786,49000000
prediction_orientation_error_deg,0,49000000
prediction_position_error_mm,1.9864120986312628,49100000
prediction_orientation_error_deg,0,49100000
owd_uplink_ms,3.522,49200000
owd_downlink_ms,5.9432,49200000
owd_uplink_ms,1.1986,49200000
owd_downlink_ms,0,49200000
prediction_position_error_mm,1.376740401610732,49200000
prediction_orientation_error_deg,0,49200000
owd_uplink_ms,3.487,49300000
owd_downlink_ms,0,49300000
prediction_position_error_mm,1.3625557767227292,49300000
prediction_orientation_error_deg,0,49300000
owd_uplink_ms,3.2814,49400000
owd_downlink_ms,0,49400000
owd_uplink_ms,0,49400000
owd_downlink_ms,0,49400000
prediction_position_error_mm,2.1833835635334253,49400000
prediction_orientation_error_deg,0,49400000
prediction_position_error_mm,1.521286671049893,49500000
prediction_orientation_error_deg,0,49500000
owd_uplink_ms,0,49600000
owd_downlink_ms,0,49600000
prediction_position_error_mm,2.3640175350010395,49600000
prediction_orientation_error_deg,0,49600000
owd_uplink_ms,5.4356,49700000
owd_downlink_ms,3.8847,49700000
prediction_position_error_mm,2.9866951517760754,49700000
prediction_orientation_error_deg,0,49700000
owd_uplink_ms,0,49800000
owd_downlink_ms,1.1412,49800000
prediction_position_error_mm,1.3100669020786881,49800000
prediction_orientation_error_deg,0,49800000
owd_uplink_ms,1.2878,49900000
owd_downlink_ms,0,49900000
owd_uplink_ms,0,49900000
owd_downlink_ms,0,49900000
prediction_position_error_mm,2.3161149583756924,49900000
prediction_orientation_error_deg,0,49900000
owd_uplink_ms,0,50000000
owd_downlink_ms,0,50000000
prediction_position_error_mm,2.0657419227063656,50000000
prediction_orientation_error_deg,0,50000000
